timestamp,sequence_id,target_id,x_mm,y_mm,speed_mms,distance_mm,angle_deg,valid,status,volunteer_id,fall_subtype,pace_variant,action_label
1790433301.477505,26307,Person 37,-98.8,2220.8,480.0,1925.43,-5.36,True,Active,abdullah,Backward,Normal,1: Walking
1790433301.5415761,26308,Person 37,-113.3,2154.1,480.0,1861.45,-6.08,True,Active,abdullah,Backward,Normal,1: Walking
1790433301.6448236,26309,Person 37,-126.8,2085.9,560.0,1801.03,-6.34,True,Active,abdullah,Backward,Normal,1: Walking
1790433301.7083578,26310,Person 37,-140.2,2017.2,640.0,1747.48,-6.57,True,Active,abdullah,Backward,Normal,1: Walking
1790433301.8075805,26311,Person 37,-153.9,1952.4,640.0,1695.56,-6.98,True,Active,abdullah,Backward,Normal,1: Walking
1790433301.8867784,26312,Person 37,-166.4,1891.1,720.0,1646.44,-7.05,True,Active,abdullah,Backward,Normal,1: Walking
1790433302.0045352,26313,Person 37,-177.0,1831.8,640.0,1594.72,-7.24,True,Active,abdullah,Backward,Normal,1: Walking
1790433302.0743601,26314,Person 37,-186.1,1773.8,560.0,1534.95,-7.45,True,Active,abdullah,Backward,Normal,1: Walking
1790433302.154232,26315,Person 37,-193.5,1715.8,480.0,1474.63,-7.79,True,Active,abdullah,Backward,Normal,1: Walking
1790433302.2809687,26316,Person 37,-198.4,1657.7,390.0,1415.2,-8.12,True,Active,abdullah,Backward,Normal,1: Walking
1790433302.3755226,26317,Person 37,-200.2,1600.5,320.0,1359.5,-8.37,True,Active,abdullah,Backward,Normal,1: Walking
1790433302.5036116,26318,Person 37,-199.5,1545.3,320.0,1312.82,-8.32,True,Active,abdullah,Backward,Normal,1: Walking
1790433302.5306118,26319,Person 37,-198.6,1492.0,390.0,1271.28,-8.6,True,Active,abdullah,Backward,Normal,1: Walking
1790433302.5988655,26320,Person 37,-197.7,1440.5,240.0,1235.85,-8.89,True,Active,abdullah,Backward,Normal,1: Walking
1790433302.763872,26321,Person 37,-198.7,1391.2,80.0,1209.44,-10.29,True,Active,abdullah,Backward,Normal,1: Walking
1790433302.810725,26322,Person 37,-200.8,1343.9,160.0,1182.22,-10.87,True,Active,abdullah,Backward,Normal,1: Walking
1790433302.87161,26323,Person 37,-203.7,1298.9,80.0,1155.13,-11.49,True,Active,abdullah,Backward,Normal,1: Walking
1790433302.984424,26324,Person 37,-207.2,1257.8,80.0,1135.38,-11.89,True,Active,abdullah,Backward,Normal,1: Walking
1790433303.1124983,26325,Person 37,-211.4,1222.1,0.0,1130.21,-12.36,True,Active,abdullah,Backward,Normal,1: Walking
1790433303.1439438,26326,Person 37,-216.2,1192.0,-80.0,1127.61,-12.71,True,Active,abdullah,Backward,Normal,1: Walking
1790433303.2555988,26327,Person 37,-221.4,1167.0,-160.0,1123.18,-12.86,True,Active,abdullah,Backward,Normal,1: Walking
1790433303.3326383,26328,Person 37,-227.6,1146.2,-160.0,1119.73,-13.01,True,Active,abdullah,Backward,Normal,1: Walking
1790433303.4342089,26329,Person 37,-234.2,1129.5,-160.0,1119.66,-13.22,True,Active,abdullah,Backward,Normal,1: Walking
1790433303.4909532,26330,Person 37,-241.1,1116.5,-240.0,1121.55,-13.4,True,Active,abdullah,Backward,Normal,1: Walking
1790433303.5761142,26331,Person 37,-245.3,1106.8,-390.0,1123.04,-13.28,True,Active,abdullah,Backward,Normal,1: Walking
1790433303.6661844,26332,Person 37,-248.5,1100.3,-390.0,1125.27,-13.1,True,Active,abdullah,Backward,Normal,1: Walking
1790433303.887169,26333,Person 37,-250.6,1097.1,-390.0,1128.27,-12.85,True,Active,abdullah,Backward,Normal,1: Walking
1790433303.908168,26334,Person 37,-251.9,1096.3,-320.0,1130.32,-12.62,True,Active,abdullah,Backward,Normal,1: Walking
1790433303.9315572,26335,Person 37,-251.9,1096.7,-390.0,1134.12,-12.32,True,Active,abdullah,Backward,Normal,1: Walking
1790433304.0234873,26336,Person 37,-251.0,1098.2,-390.0,1140.33,-12.1,True,Active,abdullah,Backward,Normal,1: Walking
1790433304.1735241,26337,Person 37,-249.7,1101.2,-390.0,1149.69,-11.9,True,Active,abdullah,Backward,Normal,1: Walking
1790433304.2107341,26338,Person 37,-247.7,1105.7,-480.0,1159.45,-11.54,True,Active,abdullah,Backward,Normal,1: Walking
1790433304.2941604,26339,Person 37,-245.2,1111.5,-560.0,1171.01,-11.38,True,Active,abdullah,Backward,Normal,1: Walking
1790433304.3795931,26340,Person 37,-242.7,1118.3,-480.0,1182.58,-11.46,True,Active,abdullah,Backward,Normal,1: Walking
1790433304.4915369,26341,Person 37,-240.6,1126.1,-390.0,1194.74,-11.44,True,Active,abdullah,Backward,Normal,1: Walking
1790433304.5601335,26342,Person 37,-238.7,1134.9,-320.0,1207.29,-11.27,True,Active,abdullah,Backward,Normal,1: Walking
1790433304.6875494,26343,Person 37,-237.5,1144.5,-320.0,1219.65,-11.3,True,Active,abdullah,Backward,Normal,1: Walking
1790433304.7345502,26344,Person 37,-236.6,1155.0,-320.0,1231.22,-11.15,True,Active,abdullah,Backward,Normal,1: Walking
1790433304.8913784,26345,Person 37,-235.6,1166.3,-80.0,1242.85,-10.76,True,Active,abdullah,Backward,Normal,1: Walking
1790433304.9340606,26346,Person 37,-234.5,1178.2,-80.0,1254.89,-10.47,True,Active,abdullah,Backward,Normal,1: Walking
1790433305.0205686,26347,Person 37,-232.9,1190.4,0.0,1266.43,-10.05,True,Active,abdullah,Backward,Normal,1: Walking
1790433305.1243062,26348,Person 37,-230.8,1202.6,240.0,1275.57,-9.52,True,Active,abdullah,Backward,Normal,1: Walking
1790433305.188812,26349,Person 37,-227.6,1214.6,160.0,1283.52,-8.92,True,Active,abdullah,Backward,Normal,1: Walking
1790433305.2799246,26350,Person 37,-222.8,1226.6,-160.0,1292.6,-8.32,True,Active,abdullah,Backward,Normal,1: Walking
1790433305.379449,26351,Person 37,-216.6,1238.5,-160.0,1301.82,-7.73,True,Active,abdullah,Backward,Normal,1: Walking
1790433305.451026,26352,Person 37,-209.4,1250.0,0.0,1309.31,-7.2,True,Active,abdullah,Backward,Normal,1: Walking
1790433305.562314,26353,Person 37,-200.8,1261.0,0.0,1314.93,-6.68,True,Active,abdullah,Backward,Normal,1: Walking
1790433305.6302688,26354,Person 37,-191.3,1271.5,-80.0,1320.76,-6.22,True,Active,abdullah,Backward,Normal,1: Walking
1790433305.7321517,26355,Person 37,-181.5,1281.4,-160.0,1326.78,-5.8,True,Active,abdullah,Backward,Normal,1: Walking
1790433305.800752,26356,Person 37,-171.0,1290.9,-160.0,1334.68,-5.29,True,Active,abdullah,Backward,Normal,1: Walking
1790433305.9002776,26357,Person 37,-160.0,1299.9,80.0,1341.6,-4.75,True,Active,abdullah,Backward,Normal,1: Walking
1790433306.0095732,26358,Person 37,-148.4,1308.9,80.0,1351.34,-4.03,True,Active,abdullah,Backward,Normal,1: Walking
1790433306.0800781,26359,Person 37,-133.5,1319.6,160.0,1375.91,-2.08,True,Active,abdullah,Backward,Normal,1: Walking
1790433306.1679785,26360,Person 37,-115.6,1331.2,240.0,1395.02,-0.33,True,Active,abdullah,Backward,Normal,1: Walking
1790433306.2491305,26361,Person 37,-95.3,1343.3,320.0,1411.28,1.14,True,Active,abdullah,Backward,Normal,1: Walking
1790433306.3361156,26362,Person 37,-72.8,1355.5,390.0,1422.31,2.46,True,Active,abdullah,Backward,Normal,1: Walking
1790433306.4314325,26363,Person 37,-48.5,1367.3,390.0,1426.84,3.62,True,Active,abdullah,Backward,Normal,1: Walking
1790433306.5189385,26364,Person 37,-22.4,1378.1,160.0,1425.89,4.75,True,Active,abdullah,Backward,Normal,1: Walking
1790433306.6359224,26365,Person 37,5.1,1388.2,320.0,1427.98,5.67,True,Active,abdullah,Backward,Normal,1: Walking
1790433306.6912637,26366,Person 37,33.1,1397.5,320.0,1430.64,6.3,True,Active,abdullah,Backward,Normal,1: Walking
1790433306.7896054,26367,Person 37,61.1,1406.3,240.0,1434.99,6.76,True,Active,abdullah,Backward,Normal,1: Walking
1790433306.87105,26368,Person 37,87.7,1414.2,240.0,1437.21,6.83,True,Active,abdullah,Backward,Normal,1: Walking
1790433306.962866,26369,Person 37,110.2,1419.5,-240.0,1438.68,6.99,True,Active,abdullah,Backward,Normal,1: Walking
1790433307.0986466,26370,Person 37,128.8,1422.9,-80.0,1440.04,7.1,True,Active,abdullah,Backward,Normal,1: Walking
1790433307.1585903,26371,Person 37,144.2,1424.8,-320.0,1441.54,7.25,True,Active,abdullah,Backward,Normal,1: Walking
1790433307.2535346,26372,Person 37,156.7,1425.9,-320.0,1444.03,7.4,True,Active,abdullah,Backward,Normal,1: Walking
1790433307.3522022,26373,Person 37,166.8,1427.1,-390.0,1448.65,7.58,True,Active,abdullah,Backward,Normal,1: Walking
1790433307.4104207,26374,Person 37,174.5,1429.2,-480.0,1455.13,7.7,True,Active,abdullah,Backward,Normal,1: Walking
1790433307.5220244,26375,Person 37,179.8,1432.0,-390.0,1461.93,7.63,True,Active,abdullah,Backward,Normal,1: Walking
1790433307.5793808,26376,Person 37,183.4,1435.3,-640.0,1467.74,7.56,True,Active,abdullah,Backward,Normal,1: Walking
1790433307.6737611,26377,Person 37,185.5,1439.3,-720.0,1477.27,7.39,True,Active,abdullah,Backward,Normal,6: Fall onset
1790433307.7955897,26378,Person 37,186.8,1444.3,-720.0,1488.42,7.1,True,Active,abdullah,Backward,Normal,6: Fall onset
1790433307.8521183,26379,Person 37,187.1,1450.7,-720.0,1502.58,6.8,True,Active,abdullah,Backward,Normal,6: Fall onset
1790433307.9793265,26380,Person 37,186.1,1458.6,-880.0,1517.33,6.36,True,Active,abdullah,Backward,Normal,6: Fall onset
1790433308.0352535,26381,Person 37,181.2,1471.5,-960.0,1564.66,4.88,True,Active,abdullah,Backward,Normal,6: Fall onset
1790433308.1229734,26382,Person 37,172.3,1489.7,-1440.0,1616.91,3.44,True,Active,abdullah,Backward,Normal,6: Fall onset
1790433308.2043478,26383,Person 37,155.8,1517.8,-1920.0,1717.2,0.87,True,Active,abdullah,Backward,Normal,6: Fall onset
1790433308.3048537,26384,Person 37,132.1,1554.9,-1920.0,1813.49,-1.33,True,Active,abdullah,Backward,Normal,6: Fall onset
1790433308.4019759,26385,Person 37,102.1,1600.0,-1920.0,1902.95,-3.19,True,Active,abdullah,Backward,Normal,6: Fall onset
1790433308.502325,26386,Person 37,66.5,1652.2,-1920.0,1983.71,-4.71,True,Active,abdullah,Backward,Normal,7: Post-fall stillness
1790433308.5695002,26387,Person 37,26.2,1710.1,-1920.0,2055.07,-5.95,True,Active,abdullah,Backward,Normal,7: Post-fall stillness
1790433308.6500382,26388,Person 37,-15.9,1773.3,880.0,2122.27,-6.41,True,Active,abdullah,Backward,Normal,7: Post-fall stillness
1790433308.7793033,26389,Person 37,-44.4,1834.9,880.0,2110.71,-2.91,True,Active,abdullah,Backward,Normal,7: Post-fall stillness
1790433308.8606467,26390,Person 37,-58.7,1893.5,880.0,2094.15,0.68,True,Active,abdullah,Backward,Normal,7: Post-fall stillness
1790433308.9148772,26391,Person 37,-57.4,1946.1,560.0,2090.11,4.01,True,Active,abdullah,Backward,Normal,7: Post-fall stillness
1790433309.005115,26392,Person 37,-43.9,1994.1,320.0,2106.81,6.32,True,Active,abdullah,Backward,Normal,7: Post-fall stillness
1790433309.0956464,26393,Person 37,-18.8,2033.4,160.0,2128.1,7.48,True,Active,abdullah,Backward,Normal,7: Post-fall stillness
1790433309.2193546,26394,Person 37,16.6,2064.7,160.0,2148.77,8.35,True,Active,abdullah,Backward,Normal,7: Post-fall stillness
1790433309.272974,26395,Person 37,59.2,2089.6,160.0,2172.69,8.47,True,Active,abdullah,Backward,Normal,7: Post-fall stillness
1790433309.3603363,26396,Person 37,109.2,2106.9,880.0,2176.25,8.91,True,Active,abdullah,Backward,Normal,7: Post-fall stillness
1790433309.531456,26397,Person 37,167.2,2118.7,-80.0,2192.93,9.63,True,Active,abdullah,Backward,Normal,7: Post-fall stillness
1790433309.5792787,26398,Person 37,228.8,2126.1,0.0,2215.66,9.85,True,Active,abdullah,Backward,Normal,7: Post-fall stillness
1790433309.6859274,26399,Person 37,280.4,2135.9,-160.0,2243.59,10.5,True,Active,abdullah,Backward,Normal,7: Post-fall stillness
1790433309.7407258,26400,Person 37,319.3,2152.9,0.0,2301.54,10.36,True,Active,abdullah,Backward,Normal,7: Post-fall stillness
1790433309.8104153,26401,Person 37,346.0,2176.7,0.0,2359.43,10.08,True,Active,abdullah,Backward,Normal,7: Post-fall stillness
1790433309.922785,26402,Person 37,363.7,2205.2,0.0,2413.9,9.75,True,Active,abdullah,Backward,Normal,7: Post-fall stillness
1790433309.9951534,26403,Person 37,376.3,2237.2,0.0,2463.19,9.42,True,Active,abdullah,Backward,Normal,7: Post-fall stillness
1790433310.108842,26404,Person 37,378.6,2270.0,0.0,2476.76,7.77,True,Active,abdullah,Backward,Normal,7: Post-fall stillness
1790433310.166296,26405,Person 37,369.7,2301.5,80.0,2474.8,5.36,True,Active,abdullah,Backward,Normal,7: Post-fall stillness
1790433310.2659829,26406,Person 37,347.9,2333.1,80.0,2468.87,2.76,True,Active,abdullah,Backward,Normal,7: Post-fall stillness
1790433310.3459814,26407,Person 37,315.0,2362.6,80.0,2457.29,0.89,True,Active,abdullah,Backward,Normal,7: Post-fall stillness
1790433310.4403808,26408,Person 37,281.4,2385.9,880.0,2416.38,1.02,True,Active,abdullah,Backward,Normal,7: Post-fall stillness
1790433310.520132,26409,Person 37,243.3,2403.1,0.0,2378.16,0.67,True,Active,abdullah,Backward,Normal,7: Post-fall stillness
1790433310.63299,26410,Person 37,208.8,2409.6,160.0,2330.02,1.7,True,Active,abdullah,Backward,Normal,7: Post-fall stillness
1790433310.6975121,26411,Person 37,182.2,2410.4,-80.0,2335.63,3.61,True,Active,abdullah,Backward,Normal,7: Post-fall stillness
1790433310.789278,26412,Person 37,166.7,2401.0,880.0,2299.07,6.34,True,Active,abdullah,Backward,Normal,7: Post-fall stillness
1790433310.8749907,26413,Person 37,158.8,2381.7,880.0,2260.34,8.24,True,Active,abdullah,Backward,Normal,7: Post-fall stillness
1790433310.9826374,26414,Person 37,166.1,2354.9,0.0,2223.75,10.57,True,Active,abdullah,Backward,Normal,7: Post-fall stillness
1790433311.0502849,26415,Person 37,192.7,2321.8,0.0,2190.14,13.12,True,Active,abdullah,Backward,Normal,7: Post-fall stillness
1790433311.147144,26416,Person 37,239.2,2283.4,0.0,2162.36,15.67,True,Active,abdullah,Backward,Normal,7: Post-fall stillness
1790433311.2402701,26417,Person 37,302.0,2241.2,0.0,2141.21,18.12,True,Active,abdullah,Backward,Normal,7: Post-fall stillness
1790433311.3304763,26418,Person 37,371.6,2198.9,0.0,2125.6,20.34,True,Active,abdullah,Backward,Normal,7: Post-fall stillness
1790433311.4096026,26419,Person 37,447.8,2157.3,390.0,2115.08,21.93,True,Active,abdullah,Backward,Normal,7: Post-fall stillness
1790433311.4957492,26420,Person 37,520.1,2120.3,880.0,2113.04,22.01,True,Active,abdullah,Backward,Normal,7: Post-fall stillness
1790433311.585184,26421,Person 37,586.6,2085.3,-80.0,2140.96,22.29,True,Active,abdullah,Backward,Normal,7: Post-fall stillness
1790433311.7297525,26422,Person 37,643.1,2056.4,-80.0,2157.49,22.31,True,Active,abdullah,Backward,Normal,7: Post-fall stillness
1790433311.820653,26423,Person 37,693.2,2033.7,-80.0,2172.72,22.32,True,Active,abdullah,Backward,Normal,7: Post-fall stillness
1790433311.939501,26424,Person 37,734.2,2016.5,880.0,2173.78,22.1,True,Active,abdullah,Backward,Normal,8: Recovery / standing back up
1790433311.9921486,26425,Person 37,765.7,2004.9,880.0,2174.31,21.93,True,Active,abdullah,Backward,Normal,8: Recovery / standing back up
1790433312.051384,26426,Person 37,787.0,1999.0,1120.0,2174.34,21.5,True,Active,abdullah,Backward,Normal,8: Recovery / standing back up
1790433312.2167392,26427,Person 37,798.2,1998.6,1120.0,2174.91,20.96,True,Active,abdullah,Backward,Normal,8: Recovery / standing back up
1790433312.2392688,26428,Person 37,800.7,2003.2,880.0,2177.43,20.54,True,Active,abdullah,Backward,Normal,8: Recovery / standing back up
1790433312.3229833,26429,Person 37,797.6,2011.2,160.0,2178.5,20.39,True,Active,abdullah,Backward,Normal,8: Recovery / standing back up
1790433312.410201,26430,Person 37,794.3,2019.7,160.0,2180.37,20.37,True,Active,abdullah,Backward,Normal,8: Recovery / standing back up
1790433312.5138104,26431,Person 37,788.9,2026.2,160.0,2181.9,20.33,True,Active,abdullah,Backward,Normal,8: Recovery / standing back up
1790433312.5654564,26432,Person 37,782.8,2031.3,160.0,2182.84,20.32,True,Active,abdullah,Backward,Normal,8: Recovery / standing back up
1790433312.6709623,26433,Person 37,776.1,2035.2,160.0,2184.71,20.3,True,Active,abdullah,Backward,Normal,8: Recovery / standing back up
1790433312.7539442,26434,Person 37,769.8,2039.2,240.0,2188.36,20.18,True,Active,abdullah,Backward,Normal,8: Recovery / standing back up
1790433312.8311145,26435,Person 37,761.8,2044.7,160.0,2197.5,19.46,True,Active,abdullah,Backward,Normal,8: Recovery / standing back up
1790433312.9197974,26436,Person 37,753.3,2051.9,240.0,2212.68,18.77,True,Active,abdullah,Backward,Normal,8: Recovery / standing back up
1790433313.0105078,26437,Person 37,744.7,2060.9,160.0,2231.03,18.07,True,Active,abdullah,Backward,Normal,8: Recovery / standing back up
1790433313.1240292,26438,Person 37,732.5,2076.5,160.0,2286.96,16.3,True,Active,abdullah,Backward,Normal,8: Recovery / standing back up
1790433313.221546,26439,Person 37,714.6,2099.2,240.0,2341.96,14.34,True,Active,abdullah,Backward,Normal,8: Recovery / standing back up
1790433313.276386,26440,Person 37,686.1,2134.0,-80.0,2438.51,11.21,True,Active,abdullah,Backward,Normal,8: Recovery / standing back up
1790433313.3659444,26441,Person 37,647.6,2176.7,240.0,2500.97,8.58,True,Active,abdullah,Backward,Normal,8: Recovery / standing back up
1790433313.4581919,26442,Person 37,601.2,2225.9,320.0,2555.96,6.61,True,Active,abdullah,Backward,Normal,8: Recovery / standing back up
1790433313.5479448,26443,Person 37,547.7,2278.6,160.0,2585.63,4.95,True,Active,abdullah,Backward,Normal,8: Recovery / standing back up
1790433313.6329844,26444,Person 37,487.0,2332.8,160.0,2600.22,3.26,True,Active,abdullah,Backward,Normal,8: Recovery / standing back up
1790433313.7424927,26445,Person 37,424.3,2384.5,320.0,2591.13,2.32,True,Active,abdullah,Backward,Normal,8: Recovery / standing back up
1790433313.8163571,26446,Person 37,360.2,2431.6,320.0,2566.98,1.58,True,Active,abdullah,Backward,Normal,8: Recovery / standing back up
1790433313.9074962,26447,Person 37,296.8,2470.8,80.0,2513.67,1.32,True,Active,abdullah,Backward,Normal,8: Recovery / standing back up
1790433314.0007222,26448,Person 37,236.9,2496.8,320.0,2455.38,1.0,True,Active,abdullah,Backward,Normal,8: Recovery / standing back up
1790433314.1352203,26449,Person 37,185.4,2510.0,320.0,2401.88,1.55,True,Active,abdullah,Backward,Normal,8: Recovery / standing back up
1790433314.2367299,26450,Person 37,145.2,2507.5,320.0,2368.09,1.74,True,Active,abdullah,Backward,Normal,8: Recovery / standing back up
1790433314.2882364,26451,Person 37,109.6,2497.2,320.0,2370.06,0.41,True,Active,abdullah,Backward,Normal,8: Recovery / standing back up
1790433314.3455114,26452,Person 37,79.0,2481.9,160.0,2386.03,-0.29,True,Active,abdullah,Backward,Normal,8: Recovery / standing back up
1790433314.4467301,26453,Person 37,53.8,2462.1,240.0,2378.18,-0.7,True,Active,abdullah,Backward,Normal,8: Recovery / standing back up
1790433314.5452356,26454,Person 37,37.3,2439.2,160.0,2367.06,-0.41,True,Active,abdullah,Backward,Normal,8: Recovery / standing back up
1790433314.6835217,26455,Person 37,25.3,2416.4,240.0,2361.05,-0.36,True,Active,abdullah,Backward,Normal,8: Recovery / standing back up
1790433314.7802157,26456,Person 37,16.9,2395.3,240.0,2355.04,-0.32,True,Active,abdullah,Backward,Normal,8: Recovery / standing back up
1790433314.801746,26457,Person 37,9.5,2381.0,-160.0,2370.05,-0.39,True,Active,abdullah,Backward,Normal,8: Recovery / standing back up
1790433314.894062,26458,Person 37,3.2,2374.5,-160.0,2390.08,-0.48,True,Active,abdullah,Backward,Normal,8: Recovery / standing back up
1790433315.015262,26459,Person 37,-6.0,2373.9,-160.0,2395.15,-0.65,True,Active,abdullah,Backward,Normal,8: Recovery / standing back up
1790433315.0566378,26460,Person 37,-20.2,2376.5,-240.0,2394.02,-1.68,True,Active,abdullah,Backward,Normal,8: Recovery / standing back up
1790433315.1907911,26461,Person 37,-32.8,2377.9,720.0,2386.49,-2.62,True,Active,abdullah,Backward,Normal,8: Recovery / standing back up
1790433315.234703,26462,Person 37,-49.1,2373.7,560.0,2350.52,-4.27,True,Active,abdullah,Backward,Normal,8: Recovery / standing back up
1790433315.3482544,26463,Person 37,-66.7,2366.0,880.0,2310.11,-5.09,True,Active,abdullah,Backward,Normal,8: Recovery / standing back up
1790433315.4147863,26464,Person 37,-89.8,2354.5,640.0,2265.61,-6.28,True,Active,abdullah,Backward,Normal,8: Recovery / standing back up
1790433315.5181587,26465,Person 37,-114.3,2338.3,640.0,2214.32,-6.74,True,Active,abdullah,Backward,Normal,8: Recovery / standing back up
1790433315.606944,26466,Person 37,-135.4,2318.6,560.0,2169.59,-5.93,True,Active,abdullah,Backward,Normal,8: Recovery / standing back up
1790433315.7047997,26467,Person 37,-153.3,2292.4,560.0,2117.0,-5.29,True,Active,abdullah,Backward,Normal,8: Recovery / standing back up
1790433315.788337,26468,Person 37,-168.8,2259.0,560.0,2063.43,-4.87,True,Active,abdullah,Backward,Normal,8: Recovery / standing back up
1790433315.8758824,26469,Person 37,-184.3,2219.4,480.0,2007.27,-5.2,True,Active,abdullah,Backward,Normal,8: Recovery / standing back up
1790433315.9547594,26470,Person 37,-198.6,2174.5,390.0,1955.63,-6.25,True,Active,abdullah,Backward,Normal,8: Recovery / standing back up
1790433316.056108,26471,Person 37,-210.6,2126.0,240.0,1912.76,-6.88,True,Active,abdullah,Backward,Normal,8: Recovery / standing back up
1790433316.1262922,26472,Person 37,-219.3,2077.3,560.0,1875.39,-8.03,True,Active,abdullah,Backward,Normal,8: Recovery / standing back up
1790433316.2141259,26473,Person 37,-231.7,2027.7,240.0,1834.74,-10.33,True,Active,abdullah,Backward,Normal,8: Recovery / standing back up
1790433316.306246,26474,Person 37,-245.1,1979.4,390.0,1809.77,-12.19,True,Active,abdullah,Backward,Normal,8: Recovery / standing back up
1790433316.4217067,26475,Person 37,-261.1,1933.4,390.0,1789.0,-13.58,True,Active,abdullah,Backward,Normal,8: Recovery / standing back up
1790433316.487971,26476,Person 37,-284.0,1889.3,390.0,1775.75,-14.78,True,Active,abdullah,Backward,Normal,8: Recovery / standing back up
1790433316.5809023,26477,Person 37,-310.2,1848.4,320.0,1759.39,-15.06,True,Active,abdullah,Backward,Normal,8: Recovery / standing back up
1790433316.6609075,26478,Person 37,-337.9,1811.1,320.0,1742.64,-15.03,True,Active,abdullah,Backward,Normal,8: Recovery / standing back up
1790433316.8043602,26479,Person 37,-364.0,1779.6,240.0,1741.29,-14.74,True,Active,abdullah,Backward,Normal,8: Recovery / standing back up
1790433316.9240458,26480,Person 37,-385.2,1754.0,-80.0,1740.68,-14.13,True,Active,abdullah,Backward,Normal,8: Recovery / standing back up
1790433316.9489741,26481,Person 37,-402.9,1733.2,-80.0,1739.06,-13.5,True,Active,abdullah,Backward,Normal,8: Recovery / standing back up
1790433317.0327036,26482,Person 37,-415.0,1716.9,-160.0,1736.76,-12.74,True,Active,abdullah,Backward,Normal,8: Recovery / standing back up
1790433317.1235216,26483,Person 37,-418.6,1706.5,-240.0,1739.72,-12.11,True,Active,abdullah,Backward,Normal,8: Recovery / standing back up
1790433317.241167,26484,Person 37,-415.0,1700.2,-160.0,1740.73,-11.46,True,Active,abdullah,Backward,Normal,8: Recovery / standing back up
1790433317.2799964,26485,Person 37,-405.5,1697.7,-160.0,1744.54,-10.74,True,Active,abdullah,Backward,Normal,8: Recovery / standing back up
1790433317.3809214,26486,Person 37,-390.8,1697.8,-160.0,1745.04,-10.1,True,Active,abdullah,Backward,Normal,8: Recovery / standing back up
1790433317.4764817,26487,Person 37,-374.4,1700.2,-80.0,1747.74,-9.65,True,Active,abdullah,Backward,Normal,8: Recovery / standing back up
1790433317.5487633,26488,Person 37,-356.9,1704.5,-240.0,1748.09,-9.12,True,Active,abdullah,Backward,Normal,8: Recovery / standing back up
1790433317.6440706,26489,Person 37,-338.0,1709.0,-160.0,1747.56,-8.36,True,Active,abdullah,Backward,Normal,8: Recovery / standing back up
1790433317.7248745,26490,Person 37,-319.6,1713.4,80.0,1748.69,-7.92,True,Active,abdullah,Backward,Normal,2: Standing / idle
1790433317.8347685,26491,Person 37,-303.5,1718.0,390.0,1754.19,-8.03,True,Active,abdullah,Backward,Normal,2: Standing / idle
1790433317.9045765,26492,Person 37,-289.9,1722.3,320.0,1754.47,-8.09,True,Active,abdullah,Backward,Normal,2: Standing / idle
1790433317.9988961,26493,Person 37,-277.8,1725.9,390.0,1754.05,-8.0,True,Active,abdullah,Backward,Normal,2: Standing / idle
1790433318.0884032,26494,Person 37,-267.1,1729.0,160.0,1753.37,-7.83,True,Active,abdullah,Backward,Normal,2: Standing / idle
1790433318.1980348,26495,Person 37,-257.9,1731.2,160.0,1751.57,-7.64,True,Active,abdullah,Backward,Normal,1: Walking
1790433318.2587497,26496,Person 37,-250.0,1732.9,160.0,1749.79,-7.45,True,Active,abdullah,Backward,Normal,1: Walking
1790433318.348961,26497,Person 37,-242.7,1733.9,160.0,1746.91,-7.23,True,Active,abdullah,Backward,Normal,1: Walking
1790433318.4386456,26498,Person 37,-236.6,1734.3,320.0,1743.43,-7.12,True,Active,abdullah,Backward,Normal,1: Walking
1790433318.542299,26499,Person 37,-232.5,1733.8,720.0,1737.11,-7.04,True,Active,abdullah,Backward,Normal,1: Walking
1790433318.6140447,26500,Person 37,-229.3,1732.2,640.0,1728.68,-6.94,True,Active,abdullah,Backward,Normal,1: Walking
1790433318.7062266,26501,Person 37,-225.1,1729.1,640.0,1718.04,-6.79,True,Active,abdullah,Backward,Normal,1: Walking
1790433318.794222,26502,Person 37,-220.1,1724.8,720.0,1705.42,-6.63,True,Active,abdullah,Backward,Normal,1: Walking
1790433318.8941574,26503,Person 37,-213.4,1716.7,790.0,1665.43,-6.1,True,Active,abdullah,Backward,Normal,1: Walking
1790433319.010588,26504,Person 37,-205.3,1704.5,720.0,1622.71,-5.59,True,Active,abdullah,Backward,Normal,1: Walking
1790433319.0923228,26505,Person 37,-195.6,1688.3,480.0,1579.86,-4.94,True,Active,abdullah,Backward,Normal,1: Walking
1790433319.1491067,26506,Person 37,-181.9,1664.4,390.0,1498.7,-3.44,True,Active,abdullah,Backward,Normal,1: Walking
1790433319.3007226,26507,Person 37,-165.1,1633.9,320.0,1428.95,-2.09,True,Active,abdullah,Backward,Normal,1: Walking
1790433319.3417494,26508,Person 37,-145.2,1597.7,240.0,1368.11,-0.71,True,Active,abdullah,Backward,Normal,1: Walking
1790433319.4824934,26509,Person 37,-120.5,1557.4,320.0,1321.44,1.47,True,Active,abdullah,Backward,Normal,1: Walking
1790433319.5295484,26510,Person 37,-92.0,1513.8,80.0,1282.25,3.4,True,Active,abdullah,Backward,Normal,1: Walking
1790433319.6333857,26511,Person 37,-60.0,1467.2,80.0,1245.51,5.39,True,Active,abdullah,Backward,Normal,1: Walking
1790433319.6834388,26512,Person 37,-23.4,1417.7,160.0,1210.85,8.02,True,Active,abdullah,Backward,Normal,1: Walking
1790433319.7832644,26513,Person 37,16.4,1368.0,80.0,1179.88,10.8,True,Active,abdullah,Backward,Normal,1: Walking
1790433319.8709974,26514,Person 37,58.6,1319.2,240.0,1157.51,13.18,True,Active,abdullah,Backward,Normal,1: Walking
1790433319.951307,26515,Person 37,102.4,1270.3,240.0,1126.25,15.55,True,Active,abdullah,Backward,Normal,1: Walking
1790433320.0392823,26516,Person 37,144.8,1225.3,320.0,1098.03,17.71,True,Active,abdullah,Backward,Normal,1: Walking
1790433320.1375794,26517,Person 37,185.7,1183.9,320.0,1075.01,19.4,True,Active,abdullah,Backward,Normal,1: Walking
1790433320.218577,26518,Person 37,224.7,1145.0,390.0,1047.65,20.86,True,Active,abdullah,Backward,Normal,1: Walking
1790433320.309912,26519,Person 37,259.4,1107.2,320.0,1017.06,22.0,True,Active,abdullah,Backward,Normal,1: Walking
1790433320.4100544,26520,Person 37,290.2,1070.6,160.0,991.39,22.79,True,Active,abdullah,Backward,Normal,1: Walking
1790433320.4850624,26521,Person 37,317.5,1034.1,640.0,957.98,24.02,True,Active,abdullah,Backward,Normal,1: Walking
1790433320.5828707,26522,Person 37,339.8,997.1,720.0,917.01,25.31,True,Active,abdullah,Backward,Normal,1: Walking
1790433320.663584,26523,Person 37,356.4,960.7,390.0,884.19,25.96,True,Active,abdullah,Backward,Normal,1: Walking
1790433320.7551212,26524,Person 37,367.8,924.9,390.0,856.88,26.18,True,Active,abdullah,Backward,Normal,1: Walking
1790433320.8592458,26525,Person 37,374.3,890.7,390.0,828.7,26.29,True,Active,abdullah,Backward,Normal,1: Walking
1790433320.9292533,26526,Person 37,374.3,857.6,80.0,789.16,25.04,True,Active,abdullah,Backward,Normal,1: Walking
1790433321.0334237,26527,Person 37,367.9,825.4,-80.0,751.47,22.95,True,Active,abdullah,Backward,Normal,1: Walking
1790433321.1288211,26528,Person 37,356.2,795.2,-80.0,723.79,20.71,True,Active,abdullah,Backward,Normal,1: Walking
1790433321.2061806,26529,Person 37,341.3,768.3,-240.0,712.81,18.99,True,Active,abdullah,Backward,Normal,1: Walking
1790433321.2908316,26530,Person 37,324.4,744.9,-390.0,713.18,17.55,True,Active,abdullah,Backward,Normal,1: Walking
1790433321.3734715,26531,Person 37,305.4,725.7,-480.0,711.68,16.32,True,Active,abdullah,Backward,Normal,1: Walking
1790433321.464421,26532,Person 37,285.2,711.9,-560.0,716.65,15.37,True,Active,abdullah,Backward,Normal,1: Walking
1790433321.5649498,26533,Person 37,263.9,702.4,-390.0,721.3,13.96,True,Active,abdullah,Backward,Normal,1: Walking
1790433321.6612976,26534,Person 37,241.6,696.5,-390.0,726.72,12.32,True,Active,abdullah,Backward,Normal,1: Walking
1790433321.7620087,26535,Person 37,218.4,694.3,-320.0,733.53,10.61,True,Active,abdullah,Backward,Normal,1: Walking
1790433321.861359,26536,Person 37,194.7,697.6,-320.0,754.26,7.39,True,Active,abdullah,Backward,Normal,1: Walking
1790433321.9116616,26537,Person 37,172.7,707.1,-390.0,790.38,5.3,True,Active,abdullah,Backward,Normal,1: Walking
1790433322.0131178,26538,Person 37,152.1,722.5,-390.0,832.5,3.44,True,Active,abdullah,Backward,Normal,1: Walking
1790433322.1182325,26539,Person 37,130.7,742.2,-480.0,871.19,1.18,True,Active,abdullah,Backward,Normal,1: Walking
1790433322.1969583,26540,Person 37,108.2,766.0,-480.0,918.05,-0.62,True,Active,abdullah,Backward,Normal,1: Walking
1790433322.270753,26541,Person 37,84.5,794.8,-390.0,971.7,-2.18,True,Active,abdullah,Backward,Normal,1: Walking
1790433322.3599756,26542,Person 37,58.8,827.7,-480.0,1022.2,-3.76,True,Active,abdullah,Backward,Normal,1: Walking
1790433322.4429684,26543,Person 37,30.3,862.5,-640.0,1053.86,-6.05,True,Active,abdullah,Backward,Normal,1: Walking
1790433322.5515103,26544,Person 37,-1.3,897.9,-480.0,1076.11,-8.6,True,Active,abdullah,Backward,Normal,1: Walking
1790433322.6320593,26545,Person 37,-35.5,935.5,-560.0,1116.36,-10.69,True,Active,abdullah,Backward,Normal,1: Walking
1790433322.7088165,26546,Person 37,-69.8,974.6,-640.0,1165.26,-12.19,True,Active,abdullah,Backward,Normal,1: Walking
1790433322.8093278,26547,Person 37,-104.2,1014.2,-640.0,1213.64,-12.9,True,Active,abdullah,Backward,Normal,1: Walking
1790433322.9120204,26548,Person 37,-139.4,1054.3,-720.0,1268.47,-13.77,True,Active,abdullah,Backward,Normal,1: Walking
1790433322.9769154,26549,Person 37,-174.2,1095.8,-720.0,1327.67,-14.39,True,Active,abdullah,Backward,Normal,1: Walking
1790433323.0647333,26550,Person 37,-209.1,1136.4,-560.0,1371.81,-15.17,True,Active,abdullah,Backward,Normal,1: Walking
1790433323.1548002,26551,Person 37,-244.0,1174.9,-480.0,1409.87,-15.89,True,Active,abdullah,Backward,Normal,1: Walking
1790433323.2657104,26552,Person 37,-278.7,1211.5,-480.0,1446.51,-16.63,True,Active,abdullah,Backward,Normal,1: Walking
1790433323.3332157,26553,Person 37,-312.3,1246.9,-560.0,1471.53,-17.68,True,Active,abdullah,Backward,Normal,1: Walking
1790433323.4978757,26554,Person 37,-343.8,1284.1,-560.0,1512.84,-18.34,True,Active,abdullah,Backward,Normal,1: Walking
1790433323.5211322,26555,Person 37,-373.7,1321.9,-720.0,1559.38,-18.93,True,Active,abdullah,Backward,Normal,1: Walking
1790433323.615509,26556,Person 37,-402.8,1359.9,-720.0,1611.13,-19.47,True,Active,abdullah,Backward,Normal,1: Walking
1790433323.7470717,26557,Person 37,-432.6,1398.8,-560.0,1671.81,-19.9,True,Active,abdullah,Backward,Normal,1: Walking
1790433323.8595784,26558,Person 37,-462.9,1438.1,-560.0,1733.97,-20.42,True,Active,abdullah,Backward,Normal,1: Walking
1790433323.8915792,26559,Person 37,-495.1,1475.5,-720.0,1783.45,-21.44,True,Active,abdullah,Backward,Normal,1: Walking
1790433323.9810874,26560,Person 37,-529.6,1511.5,-480.0,1825.23,-22.69,True,Active,abdullah,Backward,Normal,1: Walking
1790433324.131127,26561,Person 37,-566.3,1545.6,-560.0,1856.56,-23.93,True,Active,abdullah,Backward,Normal,1: Walking
1790433324.156673,26562,Person 37,-604.6,1579.7,-640.0,1902.04,-24.77,True,Active,abdullah,Backward,Normal,1: Walking
1790433324.265179,26563,Person 37,-644.1,1616.4,-720.0,1959.16,-25.45,True,Active,abdullah,Backward,Normal,1: Walking
1790433324.3256848,26564,Person 37,-684.4,1656.1,-790.0,2032.86,-25.62,True,Active,abdullah,Backward,Normal,1: Walking
1790433324.4525964,26565,Person 37,-725.8,1698.8,-720.0,2112.82,-25.81,True,Active,abdullah,Backward,Normal,1: Walking
1790433324.487434,26566,Person 37,-767.3,1744.1,-640.0,2189.77,-25.77,True,Active,abdullah,Backward,Normal,1: Walking
1790433324.5880628,26567,Person 37,-807.5,1789.3,-480.0,2244.86,-25.63,True,Active,abdullah,Backward,Normal,1: Walking
1790433324.6816733,26568,Person 37,-845.4,1834.9,-480.0,2301.92,-25.31,True,Active,abdullah,Backward,Normal,1: Walking
1790433324.7562191,26569,Person 37,-880.5,1880.7,-390.0,2343.49,-25.34,True,Active,abdullah,Backward,Normal,1: Walking
1790433324.8642454,26570,Person 37,-914.0,1926.7,-390.0,2382.49,-25.86,True,Active,abdullah,Backward,Normal,1: Walking
1790433324.941247,26571,Person 37,-948.7,1972.9,-320.0,2423.07,-27.0,True,Active,abdullah,Backward,Normal,1: Walking
1790433325.03793,26572,Person 37,-984.7,2016.5,-320.0,2453.0,-28.14,True,Active,abdullah,Backward,Normal,1: Walking
1790433325.1189492,26573,Person 37,-1021.4,2058.2,-240.0,2498.05,-28.95,True,Active,abdullah,Backward,Normal,1: Walking
1790433325.2076206,26574,Person 37,-1058.0,2094.7,-160.0,2526.11,-29.53,True,Active,abdullah,Backward,Normal,1: Walking
1790433325.2890704,26575,Person 37,-1092.1,2125.4,320.0,2543.58,-29.72,True,Active,abdullah,Backward,Normal,1: Walking
1790433325.3847904,26576,Person 37,-1123.9,2150.1,320.0,2556.73,-29.78,True,Active,abdullah,Backward,Normal,1: Walking
1790433325.467982,26577,Person 37,-1153.8,2170.8,-390.0,2567.15,-29.65,True,Active,abdullah,Backward,Normal,1: Walking
1790433325.5581021,26578,Person 37,-1183.6,2187.4,-390.0,2586.99,-29.71,True,Active,abdullah,Backward,Normal,1: Walking
1790433325.6532426,26579,Person 37,-1214.1,2201.5,-390.0,2610.35,-30.07,True,Active,abdullah,Backward,Normal,1: Walking
1790433325.7668738,26580,Person 37,-1248.6,2214.7,-560.0,2663.76,-31.3,True,Active,abdullah,Backward,Normal,1: Walking
1790433325.8226657,26581,Person 37,-1283.6,2228.5,-320.0,2716.38,-32.26,True,Active,abdullah,Backward,Normal,1: Walking
1790433325.9144123,26582,Person 37,-1317.0,2245.3,-320.0,2767.06,-32.6,True,Active,abdullah,Backward,Normal,1: Walking
1790433326.071172,26583,Person 37,-1347.7,2263.0,-640.0,2807.49,-32.68,True,Active,abdullah,Backward,Normal,1: Walking
1790433326.1584659,26584,Person 37,-1375.2,2282.9,-160.0,2838.31,-32.38,True,Active,abdullah,Backward,Normal,1: Walking
1790433326.2199788,26585,Person 37,-1399.1,2305.8,0.0,2862.49,-31.6,True,Active,abdullah,Backward,Normal,1: Walking
1790433326.3080163,26586,Person 37,-1422.3,2332.4,560.0,2903.66,-31.15,True,Active,abdullah,Backward,Normal,1: Walking
1790433326.3616798,26587,Person 37,-1447.0,2359.3,0.0,2924.26,-31.25,True,Active,abdullah,Backward,Normal,1: Walking
1790433326.4920633,26588,Person 37,-1475.3,2382.9,80.0,2935.05,-32.22,True,Active,abdullah,Backward,Normal,1: Walking
1790433326.54181,26589,Person 37,-1502.7,2404.9,390.0,2940.78,-32.54,True,Active,abdullah,Backward,Normal,1: Walking
1790433326.6239617,26590,Person 37,-1524.1,2423.1,480.0,2931.79,-33.03,True,Active,abdullah,Backward,Normal,1: Walking
1790433326.718449,26591,Person 37,-1540.8,2436.4,390.0,2918.83,-33.64,True,Active,abdullah,Backward,Normal,1: Walking
1790433326.8034441,26592,Person 37,-1554.7,2444.0,480.0,2906.98,-34.11,True,Active,abdullah,Backward,Normal,1: Walking
1790433326.8934345,26593,Person 37,-1565.9,2448.7,320.0,2908.35,-34.04,True,Active,abdullah,Backward,Normal,1: Walking
1790433327.0430477,26594,Person 37,-1576.4,2450.3,240.0,2909.16,-33.96,True,Active,abdullah,Backward,Normal,1: Walking
1790433327.080041,26595,Person 37,-1588.0,2448.1,480.0,2906.63,-33.78,True,Active,abdullah,Backward,Normal,1: Walking
1790433327.1626947,26596,Person 37,-1597.8,2441.3,390.0,2898.6,-33.5,True,Active,abdullah,Backward,Normal,1: Walking
1790433327.2520878,26597,Person 37,-1604.4,2432.9,640.0,2888.42,-33.23,True,Active,abdullah,Backward,Normal,1: Walking
1790433327.346286,26598,Person 37,-1604.8,2425.7,720.0,2876.57,-33.05,True,Active,abdullah,Backward,Normal,1: Walking
1790433327.4258287,26599,Person 37,-1602.1,2418.3,640.0,2863.92,-32.89,True,Active,abdullah,Backward,Normal,1: Walking
1790433327.6483426,26600,Person 37,-1596.3,2412.4,560.0,2850.75,-32.7,True,Active,abdullah,Backward,Normal,1: Walking
1790433327.666632,26601,Person 37,-1586.9,2408.8,390.0,2837.39,-32.46,True,Active,abdullah,Backward,Normal,1: Walking
1790433327.691873,26602,Person 37,-1574.5,2406.8,480.0,2822.38,-32.25,True,Active,abdullah,Backward,Normal,1: Walking
1790433327.7817938,26603,Person 37,-1557.9,2402.2,480.0,2779.56,-31.73,True,Active,abdullah,Backward,Normal,1: Walking
1790433327.8711283,26604,Person 37,-1537.5,2394.4,560.0,2733.4,-31.32,True,Active,abdullah,Backward,Normal,1: Walking
1790433327.9715374,26605,Person 37,-1513.8,2383.8,640.0,2690.31,-30.84,True,Active,abdullah,Backward,Normal,1: Walking
1790433328.0563495,26606,Person 37,-1488.5,2370.4,390.0,2650.75,-30.54,True,Active,abdullah,Backward,Normal,1: Walking
1790433328.145686,26607,Person 37,-1460.9,2354.3,480.0,2606.39,-30.1,True,Active,abdullah,Backward,Normal,1: Walking
1790433328.2395716,26608,Person 37,-1429.9,2335.5,560.0,2554.76,-29.53,True,Active,abdullah,Backward,Normal,1: Walking
1790433328.4394112,26609,Person 37,-1390.2,2310.8,640.0,2449.07,-28.22,True,Active,abdullah,Backward,Normal,1: Walking
1790433328.4598796,26610,Person 37,-1390.2,2310.8,640.0,2449.07,-28.22,True,Predicted,abdullah,Backward,Normal,1: Walking
1790433328.5057487,26611,Person 37,-1334.4,2276.9,560.0,2282.09,-25.49,True,Active,abdullah,Backward,Normal,1: Walking
1790433328.6224854,26612,Person 37,-1274.0,2238.4,790.0,2209.22,-24.58,True,Active,abdullah,Backward,Normal,1: Walking
1790433328.7170122,26613,Person 37,-1208.7,2195.4,790.0,2134.82,-23.55,True,Active,abdullah,Backward,Normal,1: Walking
1790433328.8209553,26614,Person 37,-1143.9,2149.3,1040.0,2069.78,-23.16,True,Active,abdullah,Backward,Normal,1: Walking
1790433328.8579195,26615,Person 37,-1077.7,2100.6,720.0,1997.8,-22.33,True,Active,abdullah,Backward,Normal,1: Walking
1790433328.959578,26616,Person 37,-1009.1,2047.6,720.0,1910.14,-21.27,True,Active,abdullah,Backward,Normal,1: Walking
1790433329.075538,26617,Person 37,-938.4,1992.0,720.0,1841.77,-20.33,True,Active,abdullah,Backward,Normal,1: Walking
1790433329.2561696,26618,Person 37,-865.7,1934.1,560.0,1773.52,-19.09,True,Active,abdullah,Backward,Normal,1: Walking
1790433329.421083,26619,Person 37,-791.5,1874.5,560.0,1707.17,-17.63,True,Active,abdullah,Backward,Normal,1: Walking
1790433329.4411576,26620,Person 37,-791.5,1874.5,560.0,1707.17,-17.63,True,Predicted,abdullah,Backward,Normal,1: Walking
1790433329.484337,26621,Person 37,-719.6,1811.5,480.0,1589.81,-16.03,True,Active,abdullah,Backward,Normal,1: Walking
1790433329.642117,26622,Person 37,-662.0,1753.7,480.0,1536.61,-15.32,True,Active,abdullah,Backward,Normal,1: Walking
1790433329.6632729,26623,Person 37,-662.0,1753.7,480.0,1536.61,-15.32,True,Predicted,abdullah,Backward,Normal,1: Walking
1790433329.6854336,26624,Person 37,-600.5,1692.6,320.0,1430.67,-12.27,True,Active,abdullah,Backward,Normal,1: Walking
1790433329.7648091,26625,Person 37,-539.3,1633.0,320.0,1382.17,-10.04,True,Active,abdullah,Backward,Normal,1: Walking
1790433329.8353148,26626,Person 37,-477.9,1575.2,390.0,1340.01,-8.58,True,Active,abdullah,Backward,Normal,1: Walking
1790433329.9531167,26627,Person 37,-417.3,1519.3,390.0,1298.05,-6.77,True,Active,abdullah,Backward,Normal,1: Walking
1790433330.3851774,26628,Person 37,-359.4,1466.6,480.0,1258.18,-5.2,True,Active,abdullah,Backward,Normal,1: Walking
1790433330.4068155,26629,Person 37,-359.4,1466.6,480.0,1258.18,-5.2,True,Predicted,abdullah,Backward,Normal,1: Walking
1790433330.427967,26630,Person 37,-300.9,1411.6,560.0,1178.28,-2.68,True,Active,abdullah,Backward,Normal,1: Walking
1790433330.4493496,26631,Person 37,-245.5,1357.5,480.0,1135.3,-1.31,True,Active,abdullah,Backward,Normal,1: Walking
1790433330.4725852,26632,Person 37,-192.1,1303.9,390.0,1091.13,0.89,True,Active,abdullah,Backward,Normal,1: Walking
1790433330.504476,26633,Person 37,-141.3,1256.2,240.0,1053.26,3.76,True,Active,abdullah,Backward,Normal,1: Walking
1790433330.5650477,26634,Person 37,-89.6,1209.2,160.0,1018.07,6.26,True,Active,abdullah,Backward,Normal,1: Walking
1790433330.6650329,26635,Person 37,-44.2,1167.3,80.0,990.42,8.71,True,Active,abdullah,Backward,Normal,1: Walking
1790433330.9832873,26636,Person 37,-1.6,1126.2,-80.0,967.85,11.02,True,Active,abdullah,Backward,Normal,1: Walking
1790433331.0053108,26637,Person 37,-1.6,1126.2,-80.0,967.85,11.02,True,Predicted,abdullah,Backward,Normal,1: Walking
1790433331.0283258,26638,Person 37,43.9,1084.5,-240.0,943.13,15.69,True,Active,abdullah,Backward,Normal,1: Walking
1790433331.049326,26639,Person 37,89.0,1044.0,80.0,932.88,18.63,True,Active,abdullah,Backward,Normal,1: Walking
1790433331.0863268,26640,Person 37,135.0,1003.9,160.0,919.58,22.1,True,Active,abdullah,Backward,Normal,1: Walking
1790433331.195201,26641,Person 37,179.5,968.5,80.0,910.73,25.36,True,Active,abdullah,Backward,Normal,1: Walking
1790433331.2937374,26642,Person 37,224.3,934.7,-80.0,901.83,27.9,True,Active,abdullah,Backward,Normal,1: Walking
1790433331.3483243,26643,Person 37,268.0,902.4,80.0,892.15,30.59,True,Active,abdullah,Backward,Normal,1: Walking
1790433331.4510117,26644,Person 37,309.2,870.7,240.0,877.56,33.24,True,Active,abdullah,Backward,Normal,1: Walking
1790433331.6011035,26645,Person 37,348.1,839.3,390.0,858.61,35.62,True,Active,abdullah,Backward,Normal,1: Walking
1790433331.6260731,26646,Person 37,384.3,807.8,240.0,838.47,37.64,True,Active,abdullah,Backward,Normal,1: Walking
1790433331.7385557,26647,Person 37,417.6,776.6,80.0,821.81,39.07,True,Active,abdullah,Backward,Normal,1: Walking
1790433331.7870746,26648,Person 37,443.9,747.9,-80.0,808.68,39.83,True,Active,abdullah,Backward,Normal,1: Walking
1790433331.8896666,26649,Person 37,465.7,722.3,-390.0,812.8,39.41,True,Active,abdullah,Backward,Normal,1: Walking
1790433331.9632697,26650,Person 37,482.2,702.0,-320.0,826.03,38.22,True,Active,abdullah,Backward,Normal,1: Walking
1790433332.0548775,26651,Person 37,494.2,685.6,-240.0,833.3,37.74,True,Active,abdullah,Backward,Normal,1: Walking
1790433332.1571245,26652,Person 37,502.8,672.8,-160.0,840.01,37.21,True,Active,abdullah,Backward,Normal,1: Walking
1790433332.2671921,26653,Person 37,508.0,663.8,-160.0,846.0,36.73,True,Active,abdullah,Backward,Normal,1: Walking
1790433332.3247693,26654,Person 37,510.2,658.9,-80.0,849.84,36.29,True,Active,abdullah,Backward,Normal,1: Walking
1790433332.414265,26655,Person 37,510.0,658.0,-80.0,850.13,35.86,True,Active,abdullah,Backward,Normal,1: Walking
1790433332.5067115,26656,Person 37,508.1,661.1,-80.0,852.1,35.35,True,Active,abdullah,Backward,Normal,1: Walking
1790433332.595096,26657,Person 37,505.0,667.5,-80.0,854.38,34.75,True,Active,abdullah,Backward,Normal,1: Walking
1790433332.6770718,26658,Person 37,501.0,676.4,-160.0,855.91,33.95,True,Active,abdullah,Backward,Normal,1: Walking
1790433332.7656069,26659,Person 37,496.0,685.4,-240.0,855.97,32.98,True,Active,abdullah,Backward,Normal,1: Walking
1790433332.8522465,26660,Person 37,490.0,693.1,-390.0,854.68,31.85,True,Active,abdullah,Backward,Normal,1: Walking
1790433332.945615,26661,Person 37,479.2,702.1,-390.0,850.06,28.22,True,Active,abdullah,Backward,Normal,1: Walking
1790433333.113657,26662,Person 37,464.5,712.9,-390.0,856.77,24.92,True,Active,abdullah,Backward,Normal,1: Walking
1790433333.21201,26663,Person 37,447.0,726.3,-390.0,876.87,22.18,True,Active,abdullah,Backward,Normal,1: Walking
1790433333.3868644,26664,Person 37,427.1,743.0,-480.0,904.61,19.64,True,Active,abdullah,Backward,Normal,1: Walking
1790433333.4069772,26665,Person 37,427.1,743.0,-480.0,904.61,19.64,True,Predicted,abdullah,Backward,Normal,1: Walking
1790433333.5857627,26666,Person 37,397.2,769.3,-560.0,972.58,11.81,True,Active,abdullah,Backward,Normal,1: Walking
1790433333.6074398,26667,Person 37,397.2,769.3,-560.0,972.58,11.81,True,Predicted,abdullah,Backward,Normal,1: Walking
1790433333.6335988,26668,Person 37,355.3,806.3,-390.0,1067.57,3.97,True,Active,abdullah,Backward,Normal,1: Walking
1790433333.6854053,26669,Person 37,309.3,848.4,-480.0,1123.32,1.38,True,Active,abdullah,Backward,Normal,1: Walking
1790433333.756011,26670,Person 37,260.6,895.1,-390.0,1177.03,-0.44,True,Active,abdullah,Backward,Normal,1: Walking
1790433333.835294,26671,Person 37,208.2,946.0,-480.0,1228.37,-2.71,True,Active,abdullah,Backward,Normal,1: Walking
1790433333.9403074,26672,Person 37,152.7,1002.0,-390.0,1290.2,-4.62,True,Active,abdullah,Backward,Normal,1: Walking
1790433334.046496,26673,Person 37,96.5,1059.7,-640.0,1335.62,-6.88,True,Active,abdullah,Backward,Normal,1: Walking
1790433334.105512,26674,Person 37,38.2,1116.7,-560.0,1365.17,-9.36,True,Active,abdullah,Backward,Normal,1: Walking
1790433334.1997235,26675,Person 37,-23.3,1172.5,-480.0,1399.13,-11.71,True,Active,abdullah,Backward,Normal,1: Walking
1790433334.2856295,26676,Person 37,-88.1,1226.2,-560.0,1430.96,-13.91,True,Active,abdullah,Backward,Normal,1: Walking
1790433334.386574,26677,Person 37,-147.9,1272.4,-480.0,1469.22,-15.76,True,Active,abdullah,Backward,Normal,1: Walking
1790433334.459805,26678,Person 37,-199.5,1310.6,-480.0,1513.0,-16.99,True,Active,abdullah,Backward,Normal,1: Walking
1790433334.5509212,26679,Person 37,-249.7,1346.6,-480.0,1557.21,-17.76,True,Active,abdullah,Backward,Normal,1: Walking
1790433334.6327267,26680,Person 37,-300.3,1380.4,-480.0,1600.14,-18.77,True,Active,abdullah,Backward,Normal,1: Walking
1790433334.7210834,26681,Person 37,-351.0,1411.4,-480.0,1637.56,-20.18,True,Active,abdullah,Backward,Normal,1: Walking
1790433334.8118558,26682,Person 37,-402.3,1440.6,-640.0,1694.34,-21.36,True,Active,abdullah,Backward,Normal,1: Walking
1790433334.9067914,26683,Person 37,-451.9,1469.8,-480.0,1745.93,-22.07,True,Active,abdullah,Backward,Normal,1: Walking
1790433335.0730414,26684,Person 37,-499.7,1501.9,-640.0,1808.93,-22.77,True,Active,abdullah,Backward,Normal,1: Walking
1790433335.0967968,26685,Person 37,-544.5,1534.6,-240.0,1848.14,-23.33,True,Active,abdullah,Backward,Normal,1: Walking
1790433335.2009602,26686,Person 37,-583.7,1568.4,-240.0,1877.29,-23.08,True,Active,abdullah,Backward,Normal,1: Walking
1790433335.2608378,26687,Person 37,-615.2,1602.8,-160.0,1897.46,-22.1,True,Active,abdullah,Backward,Normal,1: Walking
1790433335.3763664,26688,Person 37,-641.2,1635.9,-80.0,1911.57,-21.55,True,Active,abdullah,Backward,Normal,1: Walking
1790433335.4420981,26689,Person 37,-664.8,1666.4,320.0,1924.18,-21.69,True,Active,abdullah,Backward,Normal,1: Walking
1790433335.5582094,26690,Person 37,-686.1,1694.6,480.0,1938.86,-22.05,True,Active,abdullah,Backward,Normal,1: Walking
1790433335.6320784,26691,Person 37,-703.3,1721.4,-80.0,1949.67,-22.21,True,Active,abdullah,Backward,Normal,1: Walking
1790433335.9567354,26692,Person 37,-715.4,1745.0,390.0,1958.38,-22.14,True,Active,abdullah,Backward,Normal,1: Walking
1790433335.9789453,26693,Person 37,-723.3,1765.0,480.0,1960.96,-22.01,True,Active,abdullah,Backward,Normal,1: Walking
1790433336.000067,26694,Person 37,-725.1,1780.2,320.0,1956.51,-21.53,True,Active,abdullah,Backward,Normal,1: Walking
1790433336.3240266,26695,Person 37,-722.2,1792.5,390.0,1951.05,-21.12,True,Active,abdullah,Backward,Normal,1: Walking
1790433336.3444154,26696,Person 37,-718.4,1801.0,320.0,1941.79,-21.07,True,Active,abdullah,Backward,Normal,1: Walking
1790433336.3658338,26697,Person 37,-716.7,1806.0,320.0,1937.7,-21.08,True,Active,abdullah,Backward,Normal,1: Walking
1790433336.3949084,26698,Person 37,-716.0,1808.6,320.0,1933.25,-21.07,True,Active,abdullah,Backward,Normal,1: Walking
1790433336.4664147,26699,Person 37,-714.4,1809.8,560.0,1929.51,-21.11,True,Active,abdullah,Backward,Normal,1: Walking
1790433336.4874146,26700,Person 37,-710.8,1809.5,390.0,1922.84,-21.09,True,Active,abdullah,Backward,Normal,1: Walking
1790433336.6307137,26701,Person 37,-705.8,1807.8,560.0,1915.44,-21.02,True,Active,abdullah,Backward,Normal,1: Walking
1790433336.6532698,26702,Person 37,-700.0,1804.5,640.0,1906.4,-20.9,True,Active,abdullah,Backward,Normal,1: Walking
1790433336.6823254,26703,Person 37,-693.5,1799.8,640.0,1893.5,-20.72,True,Active,abdullah,Backward,Normal,1: Walking
1790433336.7843244,26704,Person 37,-686.0,1791.6,790.0,1853.13,-20.3,True,Active,abdullah,Backward,Normal,1: Walking
1790433336.8626683,26705,Person 37,-676.5,1779.8,640.0,1807.34,-19.66,True,Active,abdullah,Backward,Normal,1: Walking
1790433336.980586,26706,Person 37,-665.1,1765.2,560.0,1765.39,-19.32,True,Active,abdullah,Backward,Normal,1: Walking
1790433337.0381644,26707,Person 37,-652.1,1747.0,560.0,1722.02,-19.22,True,Active,abdullah,Backward,Normal,1: Walking
1790433337.1334994,26708,Person 37,-638.3,1725.1,560.0,1680.02,-19.36,True,Active,abdullah,Backward,Normal,1: Walking
1790433337.2144732,26709,Person 37,-621.1,1696.1,480.0,1598.01,-19.1,True,Active,abdullah,Backward,Normal,1: Walking
1790433337.3275774,26710,Person 37,-600.8,1661.1,390.0,1524.55,-18.71,True,Active,abdullah,Backward,Normal,1: Walking
1790433337.392666,26711,Person 37,-577.1,1621.1,390.0,1459.12,-17.96,True,Active,abdullah,Backward,Normal,1: Walking
1790433337.480911,26712,Person 37,-547.7,1576.6,480.0,1390.64,-16.12,True,Active,abdullah,Backward,Normal,1: Walking
1790433337.5749953,26713,Person 37,-514.5,1528.5,240.0,1333.55,-14.68,True,Active,abdullah,Backward,Normal,1: Walking
1790433337.8174558,26714,Person 37,-478.2,1479.9,240.0,1282.93,-12.61,True,Active,abdullah,Backward,Normal,1: Walking
1790433337.838456,26715,Person 37,-478.2,1479.9,240.0,1282.93,-12.61,True,Predicted,abdullah,Backward,Normal,1: Walking
1790433337.9744587,26716,Person 37,-435.1,1429.4,160.0,1210.02,-8.41,True,Active,abdullah,Backward,Normal,1: Walking
1790433337.9950426,26717,Person 37,-435.1,1429.4,160.0,1210.02,-8.41,True,Predicted,abdullah,Backward,Normal,1: Walking
1790433338.227356,26718,Person 37,-384.8,1377.6,0.0,1150.85,-4.04,True,Active,abdullah,Backward,Normal,1: Walking
1790433338.2487998,26719,Person 37,-384.8,1377.6,0.0,1150.85,-4.04,True,Predicted,abdullah,Backward,Normal,1: Walking
1790433338.2686367,26720,Person 37,-328.0,1325.5,-160.0,1105.0,0.05,True,Active,abdullah,Backward,Normal,1: Walking
1790433338.3082504,26721,Person 37,-269.3,1276.4,-320.0,1094.41,1.57,True,Active,abdullah,Backward,Normal,1: Walking
1790433338.4720297,26722,Person 37,-211.8,1233.8,-480.0,1085.25,2.75,True,Active,abdullah,Backward,Normal,1: Walking
1790433338.589738,26723,Person 37,-156.1,1196.7,-560.0,1075.15,3.63,True,Active,abdullah,Backward,Normal,1: Walking
1790433338.6142766,26724,Person 37,-104.1,1165.6,-480.0,1079.27,3.72,True,Active,abdullah,Backward,Normal,1: Walking
1790433338.6432042,26725,Person 37,-58.8,1141.5,-480.0,1097.05,3.5,True,Active,abdullah,Backward,Normal,1: Walking
1790433338.7496536,26726,Person 37,-18.9,1124.5,-390.0,1121.66,3.12,True,Active,abdullah,Backward,Normal,1: Walking
1790433338.8154836,26727,Person 37,14.6,1114.0,-390.0,1148.32,2.75,True,Active,abdullah,Backward,Normal,1: Walking
1790433338.905521,26728,Person 37,37.1,1112.3,-480.0,1180.98,2.33,True,Active,abdullah,Backward,Normal,1: Walking
1790433339.0002491,26729,Person 37,48.5,1118.7,-480.0,1212.45,1.56,True,Active,abdullah,Backward,Normal,1: Walking
1790433339.0889814,26730,Person 37,46.9,1135.4,-560.0,1272.09,-0.68,True,Active,abdullah,Backward,Normal,1: Walking
1790433339.1717007,26731,Person 37,39.2,1158.6,-480.0,1326.83,-2.03,True,Active,abdullah,Backward,Normal,1: Walking
1790433339.2676892,26732,Person 37,31.5,1185.8,-390.0,1356.23,-1.06,True,Active,abdullah,Backward,Normal,1: Walking
1790433339.353156,26733,Person 37,23.8,1216.3,-390.0,1378.03,-0.37,True,Active,abdullah,Backward,Normal,1: Walking
1790433339.450469,26734,Person 37,17.6,1248.6,-240.0,1400.02,0.33,True,Active,abdullah,Backward,Normal,1: Walking
1790433339.7701113,26735,Person 37,14.9,1283.6,-240.0,1445.55,1.59,True,Active,abdullah,Backward,Normal,6: Fall onset
1790433339.7900372,26736,Person 37,14.9,1283.6,-240.0,1445.55,1.59,True,Predicted,abdullah,Backward,Normal,6: Fall onset
1790433339.8154712,26737,Person 37,14.9,1324.2,-390.0,1527.22,2.29,True,Active,abdullah,Backward,Normal,6: Fall onset
1790433339.836636,26738,Person 37,17.4,1365.4,-320.0,1561.05,2.94,True,Active,abdullah,Backward,Normal,6: Fall onset
1790433340.1867337,26739,Person 37,21.6,1406.8,-320.0,1596.54,3.23,True,Active,abdullah,Backward,Normal,6: Fall onset
1790433340.2073956,26740,Person 37,28.0,1447.7,-320.0,1623.9,3.42,True,Active,abdullah,Backward,Normal,6: Fall onset
1790433340.2276757,26741,Person 37,38.7,1484.8,-480.0,1645.57,3.2,True,Active,abdullah,Backward,Normal,6: Fall onset
1790433340.2483404,26742,Person 37,51.1,1520.5,-720.0,1684.76,2.62,True,Active,abdullah,Backward,Normal,6: Fall onset
1790433340.291357,26743,Person 37,61.3,1557.2,-720.0,1724.72,2.56,True,Active,abdullah,Backward,Normal,6: Fall onset
1790433340.3828914,26744,Person 37,70.1,1597.1,-880.0,1778.76,2.55,True,Active,abdullah,Backward,Normal,6: Fall onset
1790433340.4703455,26745,Person 37,75.5,1640.7,-1760.0,1837.05,1.93,True,Active,abdullah,Backward,Normal,6: Fall onset
1790433340.5362887,26746,Person 37,71.2,1687.6,-2390.0,1914.0,-0.09,True,Active,abdullah,Backward,Normal,6: Fall onset
1790433340.6743913,26747,Person 37,57.0,1734.9,-2390.0,2000.64,-2.32,True,Active,abdullah,Backward,Normal,6: Fall onset
1790433340.71709,26748,Person 37,34.5,1789.5,1590.0,2109.99,-3.94,True,Active,abdullah,Backward,Normal,6: Fall onset
1790433340.8197691,26749,Person 37,4.8,1851.6,1590.0,2224.65,-5.34,True,Active,abdullah,Backward,Normal,6: Fall onset
1790433340.8680496,26750,Person 37,-31.0,1923.2,0.0,2351.53,-6.37,True,Active,abdullah,Backward,Normal,6: Fall onset
1790433340.9909039,26751,Person 37,-65.7,2010.7,0.0,2530.88,-5.78,True,Active,abdullah,Backward,Normal,6: Fall onset
1790433341.0463593,26752,Person 37,-97.3,2111.7,0.0,2703.58,-5.07,True,Active,abdullah,Backward,Normal,6: Fall onset
1790433341.1695886,26753,Person 37,-126.2,2228.7,80.0,2900.76,-4.19,True,Active,abdullah,Backward,Normal,7: Post-fall stillness
1790433341.2263758,26754,Person 37,-149.2,2361.5,160.0,3108.67,-2.78,True,Active,abdullah,Backward,Normal,7: Post-fall stillness
1790433341.579534,26755,Person 37,-164.9,2506.6,320.0,3288.37,-1.66,True,Active,abdullah,Backward,Normal,7: Post-fall stillness
1790433341.5995345,26756,Person 37,-164.9,2506.6,320.0,3288.37,-1.66,True,Predicted,abdullah,Backward,Normal,7: Post-fall stillness
1790433341.6200454,26757,Person 37,-164.9,2506.6,320.0,3288.37,-1.66,True,Predicted,abdullah,Backward,Normal,7: Post-fall stillness
1790433341.6400397,26758,Person 37,-164.9,2506.6,320.0,3288.37,-1.66,True,Predicted,abdullah,Backward,Normal,7: Post-fall stillness
1790433341.6939323,26759,Person 37,-164.9,2506.6,320.0,3288.37,-1.66,True,Predicted,abdullah,Backward,Normal,7: Post-fall stillness
1790433341.8160021,26760,Person 37,-164.9,2506.6,320.0,3288.37,-1.66,True,Predicted,abdullah,Backward,Normal,7: Post-fall stillness
1790433341.8400798,26761,Person 37,-164.9,2506.6,320.0,3288.37,-1.66,True,Predicted,abdullah,Backward,Normal,7: Post-fall stillness
1790433341.9309616,26762,Person 37,-164.9,2506.6,320.0,3288.37,-1.66,True,Predicted,abdullah,Backward,Normal,7: Post-fall stillness
1790433342.0438294,26763,Person 37,-164.9,2506.6,320.0,3288.37,-1.66,True,Predicted,abdullah,Backward,Normal,7: Post-fall stillness
1790433342.1122594,26764,Person 37,-164.9,2506.6,320.0,3288.37,-1.66,True,Predicted,abdullah,Backward,Normal,7: Post-fall stillness
1790433342.2034485,26765,Person 37,-164.9,2506.6,320.0,3288.37,-1.66,True,Predicted,abdullah,Backward,Normal,7: Post-fall stillness
1790433342.2855487,26766,Person 37,-98.0,3303.0,80.0,3304.45,-1.7,True,Active,abdullah,Backward,Normal,7: Post-fall stillness
1790433342.4099987,26767,Person 37,-104.0,3238.0,0.0,3174.91,-1.99,True,Active,abdullah,Backward,Normal,7: Post-fall stillness
1790433342.4722393,26768,Person 37,-113.33,3185.67,-80.0,3083.83,-2.45,True,Active,abdullah,Backward,Normal,7: Post-fall stillness
1790433342.5890174,26769,Person 37,-114.75,3146.75,-80.0,3032.34,-2.25,True,Active,abdullah,Backward,Normal,7: Post-fall stillness
1790433342.641734,26770,Person 37,-98.0,3116.2,-80.0,2994.16,-0.59,True,Active,abdullah,Backward,Normal,7: Post-fall stillness
1790433342.7833848,26771,Person 37,-71.83,3091.0,880.0,2965.59,1.14,True,Active,abdullah,Backward,Normal,7: Post-fall stillness
1790433342.8318906,26772,Person 37,-37.0,3051.0,880.0,2816.26,3.5,True,Active,abdullah,Backward,Normal,7: Post-fall stillness
1790433342.9303973,26773,Person 37,0.88,3003.0,160.0,2680.23,5.7,True,Active,abdullah,Backward,Normal,7: Post-fall stillness
1790433343.026862,26774,Person 37,40.89,2949.89,160.0,2550.68,8.14,True,Active,abdullah,Backward,Normal,7: Post-fall stillness
1790433343.10766,26775,Person 37,81.5,2895.6,-80.0,2448.15,10.52,True,Active,abdullah,Backward,Normal,7: Post-fall stillness
1790433343.2691798,26776,Person 37,139.2,2802.4,0.0,2418.9,11.42,True,Active,abdullah,Backward,Normal,8: Recovery / standing back up
1790433343.2921965,26777,Person 37,139.2,2802.4,0.0,2418.9,11.42,True,Predicted,abdullah,Backward,Normal,8: Recovery / standing back up
1790433343.3772237,26778,Person 37,188.9,2725.0,-160.0,2430.01,9.16,True,Active,abdullah,Backward,Normal,8: Recovery / standing back up
1790433343.501783,26779,Person 37,239.6,2658.2,-160.0,2441.97,8.83,True,Active,abdullah,Backward,Normal,8: Recovery / standing back up
1790433343.53142,26780,Person 37,288.2,2597.5,880.0,2450.64,8.61,True,Active,abdullah,Backward,Normal,8: Recovery / standing back up
1790433343.63225,26781,Person 37,328.9,2539.5,480.0,2443.11,8.85,True,Active,abdullah,Backward,Normal,8: Recovery / standing back up
1790433343.7156549,26782,Person 37,361.8,2483.1,480.0,2432.15,9.18,True,Active,abdullah,Backward,Normal,8: Recovery / standing back up
1790433343.8284724,26783,Person 37,384.9,2440.9,880.0,2422.75,9.58,True,Active,abdullah,Backward,Normal,8: Recovery / standing back up
1790433343.890326,26784,Person 37,399.8,2411.8,880.0,2411.97,9.91,True,Active,abdullah,Backward,Normal,8: Recovery / standing back up
1790433343.9968116,26785,Person 37,406.4,2395.6,880.0,2401.27,10.24,True,Active,abdullah,Backward,Normal,8: Recovery / standing back up
1790433344.0711956,26786,Person 37,405.5,2389.9,880.0,2390.47,10.56,True,Active,abdullah,Backward,Normal,8: Recovery / standing back up
1790433344.1824307,26787,Person 37,402.6,2386.6,880.0,2380.91,10.89,True,Active,abdullah,Backward,Normal,8: Recovery / standing back up
1790433344.2509391,26788,Person 37,409.9,2379.6,560.0,2373.99,11.17,True,Active,abdullah,Backward,Normal,8: Recovery / standing back up
1790433344.333308,26789,Person 37,419.4,2370.4,560.0,2368.11,11.45,True,Active,abdullah,Backward,Normal,8: Recovery / standing back up
1790433344.4211168,26790,Person 37,430.6,2359.4,560.0,2362.08,11.7,True,Active,abdullah,Backward,Normal,8: Recovery / standing back up
1790433344.5232186,26791,Person 37,441.7,2348.6,560.0,2356.86,11.92,True,Active,abdullah,Backward,Normal,8: Recovery / standing back up
1790433344.6010084,26792,Person 37,451.0,2339.8,480.0,2362.48,11.75,True,Active,abdullah,Backward,Normal,8: Recovery / standing back up
1790433344.690572,26793,Person 37,457.6,2333.4,480.0,2371.83,11.4,True,Active,abdullah,Backward,Normal,8: Recovery / standing back up
1790433344.7785165,26794,Person 37,461.5,2329.9,390.0,2384.62,10.98,True,Active,abdullah,Backward,Normal,8: Recovery / standing back up
1790433344.9641433,26795,Person 37,458.6,2332.6,240.0,2422.91,9.45,True,Active,abdullah,Backward,Normal,8: Recovery / standing back up
1790433344.9851508,26796,Person 37,458.6,2332.6,240.0,2422.91,9.45,True,Predicted,abdullah,Backward,Normal,8: Recovery / standing back up
1790433345.0622241,26797,Person 37,437.1,2351.8,320.0,2551.76,5.01,True,Active,abdullah,Backward,Normal,8: Recovery / standing back up
1790433345.1569207,26798,Person 37,403.3,2378.9,320.0,2611.4,2.46,True,Active,abdullah,Backward,Normal,8: Recovery / standing back up
1790433345.2807887,26799,Person 37,359.9,2409.8,320.0,2638.13,0.56,True,Active,abdullah,Backward,Normal,8: Recovery / standing back up
1790433345.3865345,26800,Person 37,309.3,2443.8,160.0,2661.24,-0.78,True,Active,abdullah,Backward,Normal,8: Recovery / standing back up
1790433345.427599,26801,Person 37,252.5,2479.6,160.0,2672.48,-1.91,True,Active,abdullah,Backward,Normal,8: Recovery / standing back up
1790433345.489926,26802,Person 37,190.5,2517.8,0.0,2691.29,-2.83,True,Active,abdullah,Backward,Normal,8: Recovery / standing back up
1790433345.5922863,26803,Person 37,127.1,2555.5,80.0,2694.35,-3.26,True,Active,abdullah,Backward,Normal,8: Recovery / standing back up
1790433345.7055972,26804,Person 37,64.2,2592.1,80.0,2695.75,-3.4,True,Active,abdullah,Backward,Normal,8: Recovery / standing back up
1790433345.7563381,26805,Person 37,1.0,2626.9,240.0,2694.88,-3.79,True,Active,abdullah,Backward,Normal,8: Recovery / standing back up
1790433345.8470528,26806,Person 37,-58.5,2656.5,240.0,2693.21,-4.19,True,Active,abdullah,Backward,Normal,8: Recovery / standing back up
1790433345.9409301,26807,Person 37,-102.4,2671.0,240.0,2695.67,-4.6,True,Active,abdullah,Backward,Normal,8: Recovery / standing back up
1790433346.0244358,26808,Person 37,-135.7,2678.8,80.0,2696.07,-4.7,True,Active,abdullah,Backward,Normal,8: Recovery / standing back up
1790433346.1150458,26809,Person 37,-159.5,2683.4,160.0,2692.36,-4.52,True,Active,abdullah,Backward,Normal,8: Recovery / standing back up
1790433346.2058148,26810,Person 37,-176.1,2685.2,320.0,2686.6,-4.31,True,Active,abdullah,Backward,Normal,8: Recovery / standing back up
1790433346.3050456,26811,Person 37,-187.8,2685.4,320.0,2680.93,-4.41,True,Active,abdullah,Backward,Normal,8: Recovery / standing back up
1790433346.3874123,26812,Person 37,-196.1,2682.9,-80.0,2671.75,-4.64,True,Active,abdullah,Backward,Normal,8: Recovery / standing back up
1790433346.469239,26813,Person 37,-206.1,2678.0,240.0,2653.09,-5.47,True,Active,abdullah,Backward,Normal,8: Recovery / standing back up
1790433346.563066,26814,Person 37,-219.8,2670.7,240.0,2634.79,-6.47,True,Active,abdullah,Backward,Normal,8: Recovery / standing back up
1790433346.666728,26815,Person 37,-235.7,2661.5,240.0,2618.77,-7.39,True,Active,abdullah,Backward,Normal,8: Recovery / standing back up
1790433346.734309,26816,Person 37,-252.2,2650.6,320.0,2602.3,-8.0,True,Active,abdullah,Backward,Normal,8: Recovery / standing back up
1790433346.8298821,26817,Person 37,-266.5,2637.8,-160.0,2584.06,-7.99,True,Active,abdullah,Backward,Normal,8: Recovery / standing back up
1790433346.9148571,26818,Person 37,-280.5,2624.4,-240.0,2578.4,-8.05,True,Active,abdullah,Backward,Normal,8: Recovery / standing back up
1790433347.024869,26819,Person 37,-296.4,2610.1,-160.0,2567.94,-8.31,True,Active,abdullah,Backward,Normal,8: Recovery / standing back up
1790433347.1056945,26820,Person 37,-315.4,2595.3,80.0,2561.18,-8.8,True,Active,abdullah,Backward,Normal,8: Recovery / standing back up
1790433347.1812418,26821,Person 37,-341.0,2577.9,80.0,2541.35,-10.47,True,Active,abdullah,Backward,Normal,8: Recovery / standing back up
1790433347.2727382,26822,Person 37,-367.5,2560.5,390.0,2535.05,-10.94,True,Active,abdullah,Backward,Normal,8: Recovery / standing back up
1790433347.3665826,26823,Person 37,-389.0,2545.0,880.0,2529.67,-10.66,True,Active,abdullah,Backward,Normal,8: Recovery / standing back up
1790433347.4480894,26824,Person 37,-402.1,2530.7,640.0,2511.73,-9.81,True,Active,abdullah,Backward,Normal,8: Recovery / standing back up
1790433347.5577493,26825,Person 37,-408.4,2516.0,720.0,2482.44,-9.27,True,Active,abdullah,Backward,Normal,8: Recovery / standing back up
1790433347.6329582,26826,Person 37,-408.6,2500.9,480.0,2453.16,-8.53,True,Active,abdullah,Backward,Normal,8: Recovery / standing back up
1790433347.7184987,26827,Person 37,-403.1,2482.4,790.0,2393.39,-7.3,True,Active,abdullah,Backward,Normal,8: Recovery / standing back up
1790433347.864737,26828,Person 37,-399.8,2456.1,720.0,2313.37,-8.15,True,Active,abdullah,Backward,Normal,8: Recovery / standing back up
1790433347.9160333,26829,Person 37,-399.9,2423.9,790.0,2249.97,-9.52,True,Active,abdullah,Backward,Normal,8: Recovery / standing back up
1790433347.9804437,26830,Person 37,-402.3,2385.6,640.0,2187.91,-10.96,True,Active,abdullah,Backward,Normal,8: Recovery / standing back up
1790433348.0879085,26831,Person 37,-400.5,2342.0,790.0,2110.24,-12.15,True,Active,abdullah,Backward,Normal,8: Recovery / standing back up
1790433348.2131574,26832,Person 37,-397.4,2293.3,480.0,2051.95,-12.67,True,Active,abdullah,Backward,Normal,8: Recovery / standing back up
1790433348.2654061,26833,Person 37,-392.6,2240.5,390.0,2002.54,-12.11,True,Active,abdullah,Backward,Normal,8: Recovery / standing back up
1790433348.3578947,26834,Person 37,-389.9,2184.6,480.0,1957.51,-11.82,True,Active,abdullah,Backward,Normal,8: Recovery / standing back up
1790433348.4276123,26835,Person 37,-386.2,2127.5,320.0,1913.74,-10.93,True,Active,abdullah,Backward,Normal,8: Recovery / standing back up
1790433348.5379224,26836,Person 37,-383.0,2068.7,640.0,1867.74,-10.24,True,Active,abdullah,Backward,Normal,8: Recovery / standing back up
1790433348.604612,26837,Person 37,-384.1,2010.0,790.0,1814.55,-10.0,True,Active,abdullah,Backward,Normal,8: Recovery / standing back up
1790433348.7236476,26838,Person 37,-381.1,1954.3,790.0,1758.43,-9.76,True,Active,abdullah,Backward,Normal,8: Recovery / standing back up
1790433348.8168058,26839,Person 37,-371.0,1900.0,720.0,1697.77,-9.18,True,Active,abdullah,Backward,Normal,8: Recovery / standing back up
1790433348.8924778,26840,Person 37,-351.4,1846.8,390.0,1630.91,-7.75,True,Active,abdullah,Backward,Normal,8: Recovery / standing back up
1790433348.966641,26841,Person 37,-323.8,1797.4,160.0,1577.97,-6.11,True,Active,abdullah,Backward,Normal,8: Recovery / standing back up
1790433349.050286,26842,Person 37,-288.7,1749.9,390.0,1530.21,-3.71,True,Active,abdullah,Backward,Normal,8: Recovery / standing back up
1790433349.160087,26843,Person 37,-250.4,1703.4,240.0,1493.46,-1.42,True,Active,abdullah,Backward,Normal,8: Recovery / standing back up
1790433349.248564,26844,Person 37,-209.6,1659.1,-160.0,1473.02,0.27,True,Active,abdullah,Backward,Normal,8: Recovery / standing back up
1790433349.3271227,26845,Person 37,-169.4,1616.2,80.0,1450.52,1.54,True,Active,abdullah,Backward,Normal,8: Recovery / standing back up
1790433349.413664,26846,Person 37,-130.1,1575.8,-160.0,1435.3,2.44,True,Active,abdullah,Backward,Normal,8: Recovery / standing back up
1790433349.4983704,26847,Person 37,-91.7,1538.9,-80.0,1419.68,2.79,True,Active,abdullah,Backward,Normal,8: Recovery / standing back up
1790433349.6110647,26848,Person 37,-55.2,1506.3,-240.0,1408.59,2.73,True,Active,abdullah,Backward,Normal,8: Recovery / standing back up
1790433349.677557,26849,Person 37,-21.8,1479.2,-320.0,1406.41,2.57,True,Active,abdullah,Backward,Normal,8: Recovery / standing back up
1790433349.7950556,26850,Person 37,6.4,1459.1,-480.0,1416.36,2.51,True,Active,abdullah,Backward,Normal,1: Walking
1790433349.85036,26851,Person 37,29.3,1443.9,-320.0,1418.31,2.46,True,Active,abdullah,Backward,Normal,1: Walking
1790433350.0180137,26852,Person 37,44.9,1433.1,-320.0,1420.14,2.3,True,Active,abdullah,Backward,Normal,1: Walking
1790433350.0498629,26853,Person 37,53.7,1426.0,-320.0,1422.91,2.05,True,Active,abdullah,Backward,Normal,1: Walking
1790433350.1241205,26854,Person 37,57.6,1421.3,-240.0,1426.74,1.85,True,Active,abdullah,Backward,Normal,1: Walking
1790433350.2101228,26855,Person 37,57.5,1419.2,-240.0,1429.51,1.52,True,Active,abdullah,Backward,Normal,1: Walking
1790433350.3105555,26856,Person 37,54.3,1418.9,-240.0,1431.29,1.16,True,Active,abdullah,Backward,Normal,1: Walking
1790433350.463903,26857,Person 37,49.4,1420.9,-160.0,1438.14,0.8,True,Active,abdullah,Backward,Normal,1: Walking
1790433350.4859025,26858,Person 37,43.7,1424.4,-240.0,1442.03,0.4,True,Active,abdullah,Backward,Normal,1: Walking
1790433350.6684573,26859,Person 37,37.1,1428.5,-320.0,1446.0,-0.12,True,Active,abdullah,Backward,Normal,1: Walking
1790433350.6891806,26860,Person 37,29.1,1432.3,-240.0,1453.11,-0.71,True,Active,abdullah,Backward,Normal,1: Walking
1790433350.7447538,26861,Person 37,19.6,1436.9,-320.0,1463.4,-1.33,True,Active,abdullah,Backward,Normal,1: Walking
1790433350.8370867,26862,Person 37,5.7,1444.2,-320.0,1494.25,-3.15,True,Active,abdullah,Backward,Normal,1: Walking
1790433350.9181535,26863,Person 37,-12.6,1453.9,-320.0,1524.72,-4.97,True,Active,abdullah,Backward,Normal,1: Walking
1790433351.0204036,26864,Person 37,-34.7,1465.5,-390.0,1551.9,-6.47,True,Active,abdullah,Backward,Normal,1: Walking
1790433351.0953264,26865,Person 37,-59.9,1479.3,-390.0,1581.55,-7.78,True,Active,abdullah,Backward,Normal,1: Walking
1790433351.1843503,26866,Person 37,-87.4,1495.8,-560.0,1614.85,-8.76,True,Active,abdullah,Backward,Normal,1: Walking
1790433351.2747009,26867,Person 37,-116.8,1515.0,-720.0,1652.87,-9.54,True,Active,abdullah,Backward,Normal,1: Walking
1790433351.3789396,26868,Person 37,-148.8,1537.0,-720.0,1690.66,-10.57,True,Active,abdullah,Backward,Normal,1: Walking
1790433351.452986,26869,Person 37,-183.7,1561.7,-720.0,1729.21,-11.75,True,Active,abdullah,Backward,Normal,1: Walking
1790433351.5611548,26870,Person 37,-226.6,1591.7,-480.0,1809.09,-14.31,True,Active,abdullah,Backward,Normal,1: Walking
1790433351.6290464,26871,Person 37,-276.5,1625.7,-480.0,1880.13,-16.47,True,Active,abdullah,Backward,Normal,1: Walking
1790433351.7285385,26872,Person 37,-329.3,1660.4,-480.0,1937.53,-18.35,True,Active,abdullah,Backward,Normal,1: Walking
1790433351.817932,26873,Person 37,-383.8,1697.4,-390.0,2006.65,-19.72,True,Active,abdullah,Backward,Normal,1: Walking
1790433351.904711,26874,Person 37,-438.1,1736.5,-480.0,2062.04,-20.38,True,Active,abdullah,Backward,Normal,1: Walking
1790433352.0031228,26875,Person 37,-492.6,1775.8,-640.0,2101.83,-21.17,True,Active,abdullah,Backward,Normal,1: Walking
1790433352.09088,26876,Person 37,-548.8,1814.4,-480.0,2140.37,-22.18,True,Active,abdullah,Backward,Normal,1: Walking
1790433352.1760502,26877,Person 37,-608.4,1853.1,-390.0,2196.63,-23.33,True,Active,abdullah,Backward,Normal,1: Walking
1790433352.279922,26878,Person 37,-669.6,1893.9,-390.0,2266.05,-24.01,True,Active,abdullah,Backward,Normal,1: Walking
1790433352.358085,26879,Person 37,-731.4,1935.4,-480.0,2320.47,-24.71,True,Active,abdullah,Backward,Normal,1: Walking
1790433352.4600775,26880,Person 37,-788.9,1974.4,-320.0,2374.22,-25.5,True,Active,abdullah,Backward,Normal,1: Walking
1790433352.519201,26881,Person 37,-842.3,2012.7,-390.0,2432.51,-26.02,True,Active,abdullah,Backward,Normal,1: Walking
1790433352.6095319,26882,Person 37,-892.9,2052.3,-390.0,2498.14,-26.53,True,Active,abdullah,Backward,Normal,1: Walking
1790433352.715286,26883,Person 37,-940.6,2090.5,-320.0,2547.38,-26.94,True,Active,abdullah,Backward,Normal,1: Walking
1790433352.8223815,26884,Person 37,-988.6,2126.0,-480.0,2582.66,-27.64,True,Active,abdullah,Backward,Normal,1: Walking
1790433352.9106143,26885,Person 37,-1039.9,2156.8,-390.0,2600.35,-29.29,True,Active,abdullah,Backward,Normal,1: Walking
1790433352.9648714,26886,Person 37,-1093.8,2184.8,-560.0,2632.69,-30.77,True,Active,abdullah,Backward,Normal,1: Walking
1790433353.0745575,26887,Person 37,-1145.7,2211.1,-390.0,2669.78,-31.35,True,Active,abdullah,Backward,Normal,1: Walking
1790433353.1568873,26888,Person 37,-1196.8,2231.9,-320.0,2691.24,-32.17,True,Active,abdullah,Backward,Normal,1: Walking
1790433353.2323928,26889,Person 37,-1246.7,2248.8,-160.0,2709.74,-32.83,True,Active,abdullah,Backward,Normal,1: Walking
1790433353.3298268,26890,Person 37,-1294.1,2263.7,-240.0,2737.02,-33.13,True,Active,abdullah,Backward,Normal,1: Walking
1790433353.417669,26891,Person 37,-1339.2,2273.7,-390.0,2744.11,-33.59,True,Active,abdullah,Backward,Normal,1: Walking
1790433353.5105422,26892,Person 37,-1382.0,2279.8,-240.0,2766.87,-33.92,True,Active,abdullah,Backward,Normal,1: Walking
1790433353.588046,26893,Person 37,-1424.0,2283.6,-240.0,2794.45,-34.28,True,Active,abdullah,Backward,Normal,1: Walking
1790433353.6776404,26894,Person 37,-1464.3,2287.5,-240.0,2824.56,-34.53,True,Active,abdullah,Backward,Normal,1: Walking
1790433353.7745206,26895,Person 37,-1500.2,2297.5,-240.0,2875.34,-34.56,True,Active,abdullah,Backward,Normal,1: Walking
1790433353.8558874,26896,Person 37,-1533.2,2314.1,-390.0,2950.85,-34.63,True,Active,abdullah,Backward,Normal,1: Walking
1790433353.9443934,26897,Person 37,-1567.3,2334.3,80.0,3025.43,-34.88,True,Active,abdullah,Backward,Normal,1: Walking
1790433354.0426023,26898,Person 37,-1599.9,2362.3,-480.0,3104.42,-34.51,True,Active,abdullah,Backward,Normal,1: Walking
1790433354.1283793,26899,Person 37,-1629.7,2398.3,-80.0,3174.28,-33.83,True,Active,abdullah,Backward,Normal,1: Walking
1790433354.2205548,26900,Person 37,-1641.9,2435.9,-80.0,3120.28,-31.23,True,Active,abdullah,Backward,Normal,1: Walking
1790433354.3283231,26901,Person 37,-1636.9,2476.9,-80.0,3069.76,-28.57,True,Active,abdullah,Backward,Normal,1: Walking
1790433354.4174044,26902,Person 37,-1618.8,2517.9,-80.0,3029.89,-26.73,True,Active,abdullah,Backward,Normal,1: Walking
1790433354.480744,26903,Person 37,-1590.6,2557.0,-160.0,2993.2,-25.57,True,Active,abdullah,Backward,Normal,1: Walking
1790433354.5702498,26904,Person 37,-1562.0,2589.7,-320.0,2961.92,-26.36,True,Active,abdullah,Backward,Normal,1: Walking
1790433354.7015302,26905,Person 37,-1531.8,2616.8,-160.0,2954.75,-26.73,True,Active,abdullah,Backward,Normal,1: Walking
1790433354.7446177,26906,Person 37,-1499.2,2636.6,-240.0,2953.15,-27.22,True,Active,abdullah,Backward,Normal,1: Walking
1790433354.8435614,26907,Person 37,-1468.8,2647.6,-80.0,2958.37,-28.82,True,Active,abdullah,Backward,Normal,1: Walking
1790433354.9432564,26908,Person 37,-1451.3,2643.6,-560.0,2974.79,-32.17,True,Active,abdullah,Backward,Normal,1: Walking
1790433355.047044,26909,Person 37,-1448.7,2624.4,-560.0,3001.52,-35.45,True,Active,abdullah,Backward,Normal,1: Walking
1790433355.188916,26910,Person 37,-1475.7,2595.2,-560.0,3034.79,-38.47,True,Active,abdullah,Backward,Normal,1: Walking
1790433355.2084599,26911,Person 37,-1475.7,2595.2,-560.0,3034.79,-38.47,True,Predicted,abdullah,Backward,Normal,1: Walking
1790433355.2855241,26912,Person 37,-1533.7,2550.0,240.0,3038.07,-42.39,True,Active,abdullah,Backward,Normal,1: Walking
1790433355.4041827,26913,Person 37,-1606.6,2498.1,160.0,3026.46,-43.73,True,Active,abdullah,Backward,Normal,1: Walking
1790433355.4636884,26914,Person 37,-1692.1,2439.4,320.0,3012.37,-45.46,True,Active,abdullah,Backward,Normal,1: Walking
1790433355.5446453,26915,Person 37,-1778.3,2379.8,320.0,2995.78,-46.61,True,Active,abdullah,Backward,Normal,1: Walking
1790433355.6427858,26916,Person 37,-1862.0,2321.4,390.0,2985.73,-46.51,True,Active,abdullah,Backward,Normal,1: Walking
1790433355.7622797,26917,Person 37,-1942.4,2262.9,320.0,2968.11,-46.56,True,Active,abdullah,Backward,Normal,1: Walking
1790433355.8184862,26918,Person 37,-2013.7,2208.6,240.0,2962.05,-46.23,True,Active,abdullah,Backward,Normal,1: Walking
1790433355.906559,26919,Person 37,-2067.2,2161.7,240.0,2947.64,-45.96,True,Active,abdullah,Backward,Normal,1: Walking
1790433355.9894726,26920,Person 37,-2101.9,2123.2,320.0,2933.15,-45.39,True,Active,abdullah,Backward,Normal,1: Walking
1790433356.0988057,26921,Person 37,-2114.6,2094.3,320.0,2901.0,-43.99,True,Active,abdullah,Backward,Normal,1: Walking
1790433356.1755097,26922,Person 37,-2104.5,2081.3,390.0,2873.99,-42.65,True,Active,abdullah,Backward,Normal,1: Walking
1790433356.2580216,26923,Person 37,-2084.2,2076.6,480.0,2854.46,-41.44,True,Active,abdullah,Backward,Normal,1: Walking
1790433356.3554542,26924,Person 37,-2055.2,2080.3,560.0,2840.94,-40.82,True,Active,abdullah,Backward,Normal,1: Walking
1790433356.4619973,26925,Person 37,-2018.4,2089.9,640.0,2812.86,-40.02,True,Active,abdullah,Backward,Normal,1: Walking
1790433356.523377,26926,Person 37,-1977.6,2098.4,480.0,2769.51,-39.4,True,Active,abdullah,Backward,Normal,1: Walking
1790433356.6140668,26927,Person 37,-1934.1,2104.9,560.0,2719.12,-39.24,True,Active,abdullah,Backward,Normal,1: Walking
1790433356.7726352,26928,Person 37,-1887.2,2108.1,390.0,2668.23,-38.75,True,Active,abdullah,Backward,Normal,1: Walking
1790433356.825142,26929,Person 37,-1837.0,2108.5,560.0,2613.33,-38.22,True,Active,abdullah,Backward,Normal,1: Walking
1790433356.8797784,26930,Person 37,-1783.2,2106.7,320.0,2563.64,-37.2,True,Active,abdullah,Backward,Normal,1: Walking
1790433357.0031176,26931,Person 37,-1730.9,2102.8,390.0,2533.84,-36.07,True,Active,abdullah,Backward,Normal,1: Walking
1790433357.0585866,26932,Person 37,-1679.8,2095.6,80.0,2496.37,-35.12,True,Active,abdullah,Backward,Normal,1: Walking
1790433357.1878161,26933,Person 37,-1627.8,2087.2,390.0,2470.08,-33.66,True,Active,abdullah,Backward,Normal,1: Walking
1790433357.279041,26934,Person 37,-1573.4,2077.9,160.0,2440.33,-32.55,True,Active,abdullah,Backward,Normal,1: Walking
1790433357.3298929,26935,Person 37,-1519.9,2067.1,240.0,2410.23,-31.91,True,Active,abdullah,Backward,Normal,1: Walking
1790433357.4182804,26936,Person 37,-1469.2,2055.6,160.0,2380.26,-31.71,True,Active,abdullah,Backward,Normal,1: Walking
1790433357.5355196,26937,Person 37,-1419.6,2046.4,390.0,2356.77,-31.29,True,Active,abdullah,Backward,Normal,1: Walking
1790433357.5981252,26938,Person 37,-1370.4,2039.2,560.0,2328.9,-30.39,True,Active,abdullah,Backward,Normal,1: Walking
1790433357.7069094,26939,Person 37,-1320.5,2034.7,720.0,2298.26,-29.11,True,Active,abdullah,Backward,Normal,1: Walking
1790433357.7831647,26940,Person 37,-1270.6,2030.3,790.0,2257.57,-27.75,True,Active,abdullah,Backward,Normal,1: Walking
1790433357.8744502,26941,Person 37,-1219.5,2022.3,790.0,2198.95,-26.5,True,Active,abdullah,Backward,Normal,1: Walking
1790433357.94983,26942,Person 37,-1165.9,2011.2,790.0,2130.44,-24.99,True,Active,abdullah,Backward,Normal,1: Walking
1790433358.0383358,26943,Person 37,-1113.1,1995.8,560.0,2079.64,-23.85,True,Active,abdullah,Backward,Normal,1: Walking
1790433358.1264555,26944,Person 37,-1062.0,1977.2,720.0,2035.64,-23.2,True,Active,abdullah,Backward,Normal,1: Walking
1790433358.2246516,26945,Person 37,-1011.9,1955.7,560.0,1987.48,-22.89,True,Active,abdullah,Backward,Normal,1: Walking
1790433358.3101492,26946,Person 37,-960.7,1932.1,560.0,1935.62,-22.44,True,Active,abdullah,Backward,Normal,1: Walking
1790433358.4115431,26947,Person 37,-906.9,1905.8,560.0,1880.58,-21.39,True,Active,abdullah,Backward,Normal,1: Walking
1790433358.4833589,26948,Person 37,-854.2,1876.5,480.0,1835.34,-20.78,True,Active,abdullah,Backward,Normal,1: Walking
1790433358.5851483,26949,Person 37,-804.2,1843.8,480.0,1791.0,-20.19,True,Active,abdullah,Backward,Normal,1: Walking
1790433358.675548,26950,Person 37,-758.6,1808.6,560.0,1750.24,-19.87,True,Active,abdullah,Backward,Normal,1: Walking
1790433358.7568803,26951,Person 37,-716.4,1774.3,720.0,1718.46,-18.98,True,Active,abdullah,Backward,Normal,1: Walking
1790433358.8419068,26952,Person 37,-677.3,1740.5,480.0,1672.34,-17.72,True,Active,abdullah,Backward,Normal,1: Walking
1790433358.9341998,26953,Person 37,-640.1,1705.7,390.0,1623.23,-16.79,True,Active,abdullah,Backward,Normal,1: Walking
1790433359.0622966,26954,Person 37,-602.2,1670.3,560.0,1574.87,-15.58,True,Active,abdullah,Backward,Normal,1: Walking
1790433359.127599,26955,Person 37,-562.3,1634.8,640.0,1522.65,-14.22,True,Active,abdullah,Backward,Normal,1: Walking
1790433359.1964126,26956,Person 37,-521.8,1599.5,720.0,1474.33,-13.09,True,Active,abdullah,Backward,Normal,1: Walking
1790433359.2898867,26957,Person 37,-483.1,1563.0,720.0,1417.88,-12.17,True,Active,abdullah,Backward,Normal,1: Walking
1790433359.4377337,26958,Person 37,-445.2,1525.2,720.0,1365.37,-11.49,True,Active,abdullah,Backward,Normal,1: Walking
1790433359.4870958,26959,Person 37,-407.5,1485.8,560.0,1309.37,-10.61,True,Active,abdullah,Backward,Normal,1: Walking
1790433359.5975873,26960,Person 37,-369.2,1445.4,480.0,1259.96,-9.69,True,Active,abdullah,Backward,Normal,1: Walking
1790433359.6490867,26961,Person 37,-331.8,1402.7,480.0,1212.2,-8.78,True,Active,abdullah,Backward,Normal,1: Walking
1790433359.7687387,26962,Person 37,-297.4,1357.5,390.0,1152.87,-8.23,True,Active,abdullah,Backward,Normal,1: Walking
1790433359.81832,26963,Person 37,-264.8,1311.7,480.0,1105.29,-7.43,True,Active,abdullah,Backward,Normal,1: Walking
1790433359.916406,26964,Person 37,-235.0,1264.6,320.0,1053.44,-6.81,True,Active,abdullah,Backward,Normal,1: Walking
1790433360.0522149,26965,Person 37,-208.3,1216.9,320.0,1004.71,-6.11,True,Active,abdullah,Backward,Normal,1: Walking
1790433360.0842025,26966,Person 37,-183.6,1169.1,320.0,961.94,-5.19,True,Active,abdullah,Backward,Normal,1: Walking
1790433360.1826274,26967,Person 37,-160.4,1122.2,160.0,919.44,-4.18,True,Active,abdullah,Backward,Normal,1: Walking
1790433360.2640746,26968,Person 37,-137.6,1076.0,160.0,877.1,-2.88,True,Active,abdullah,Backward,Normal,1: Walking
1790433360.3750925,26969,Person 37,-115.6,1031.2,80.0,839.26,-1.43,True,Active,abdullah,Backward,Normal,1: Walking
1790433360.44031,26970,Person 37,-92.7,986.8,390.0,798.18,1.22,True,Active,abdullah,Backward,Normal,1: Walking
1790433360.5286455,26971,Person 37,-70.0,944.3,-80.0,774.14,3.11,True,Active,abdullah,Backward,Normal,1: Walking
1790433360.617823,26972,Person 37,-48.0,905.8,-160.0,758.0,4.16,True,Active,abdullah,Backward,Normal,1: Walking
1790433360.7141385,26973,Person 37,-26.2,870.3,-80.0,744.79,5.78,True,Active,abdullah,Backward,Normal,1: Walking
1790433360.8021643,26974,Person 37,-4.1,838.2,-240.0,731.33,7.54,True,Active,abdullah,Backward,Normal,1: Walking
1790433360.8862424,26975,Person 37,18.1,810.6,-320.0,732.09,9.04,True,Active,abdullah,Backward,Normal,1: Walking
1790433360.9738948,26976,Person 37,39.2,787.2,-390.0,734.54,9.72,True,Active,abdullah,Backward,Normal,1: Walking
1790433361.0716314,26977,Person 37,59.2,768.5,-480.0,742.02,10.33,True,Active,abdullah,Backward,Normal,1: Walking
1790433361.1522098,26978,Person 37,78.0,755.0,-640.0,754.86,11.0,True,Active,abdullah,Backward,Normal,1: Walking
1790433361.2431242,26979,Person 37,96.0,747.0,-720.0,775.48,11.83,True,Active,abdullah,Backward,Normal,1: Walking
1790433361.3367636,26980,Person 37,112.0,745.4,-640.0,801.78,12.75,True,Active,abdullah,Backward,Normal,1: Walking
1790433361.4485567,26981,Person 37,127.3,748.7,-480.0,829.25,13.6,True,Active,abdullah,Backward,Normal,1: Walking
1790433361.544447,26982,Person 37,144.8,758.2,-390.0,881.53,15.12,True,Active,abdullah,Backward,Normal,1: Walking
1790433361.6168196,26983,Person 37,163.3,771.5,-240.0,911.85,16.57,True,Active,abdullah,Backward,Normal,1: Walking
1790433361.6939173,26984,Person 37,181.0,786.4,-240.0,915.64,17.35,True,Active,abdullah,Backward,Normal,1: Walking
1790433361.8354309,26985,Person 37,198.0,801.9,-240.0,923.1,17.98,True,Active,abdullah,Backward,Normal,1: Walking
1790433361.8899362,26986,Person 37,214.9,818.4,-320.0,936.04,18.24,True,Active,abdullah,Backward,Normal,1: Walking
1790433361.9614434,26987,Person 37,231.5,836.5,-240.0,958.81,18.17,True,Active,abdullah,Backward,Normal,1: Walking
1790433362.060255,26988,Person 37,247.5,856.5,-240.0,988.89,17.9,True,Active,abdullah,Backward,Normal,1: Walking
1790433362.1467764,26989,Person 37,261.2,877.3,-480.0,1011.29,17.02,True,Active,abdullah,Backward,Normal,1: Walking
1790433362.2853339,26990,Person 37,272.7,899.3,-320.0,1043.68,16.25,True,Active,abdullah,Backward,Normal,1: Walking
1790433362.4046533,26991,Person 37,280.4,924.8,-320.0,1095.31,14.38,True,Active,abdullah,Backward,Normal,1: Walking
1790433362.4261878,26992,Person 37,280.4,924.8,-320.0,1095.31,14.38,True,Predicted,abdullah,Backward,Normal,1: Walking
1790433362.5139632,26993,Person 37,279.2,953.9,-320.0,1162.62,10.81,True,Active,abdullah,Backward,Normal,1: Walking
1790433362.5995946,26994,Person 37,272.1,984.4,-320.0,1194.05,9.11,True,Active,abdullah,Backward,Normal,1: Walking
1790433362.6646204,26995,Person 37,262.1,1019.9,-480.0,1241.12,8.01,True,Active,abdullah,Backward,Normal,1: Walking
1790433362.7575533,26996,Person 37,249.6,1060.1,-480.0,1289.96,7.13,True,Active,abdullah,Backward,Normal,1: Walking
1790433362.843252,26997,Person 37,235.6,1104.6,-480.0,1342.75,6.54,True,Active,abdullah,Backward,Normal,1: Walking
1790433362.9522219,26998,Person 37,220.2,1152.3,-390.0,1395.55,5.96,True,Active,abdullah,Backward,Normal,1: Walking
1790433363.0232224,26999,Person 37,202.2,1200.9,-240.0,1432.38,4.97,True,Active,abdullah,Backward,Normal,1: Walking
1790433363.1289504,27000,Person 37,181.6,1248.3,-320.0,1443.81,3.57,True,Active,abdullah,Backward,Normal,1: Walking
1790433363.1978855,27001,Person 37,158.4,1293.5,-240.0,1455.24,2.36,True,Active,abdullah,Backward,Normal,1: Walking
1790433363.3051643,27002,Person 37,134.3,1333.7,-320.0,1463.33,1.21,True,Active,abdullah,Backward,Normal,1: Walking
1790433363.3827107,27003,Person 37,114.0,1368.6,-80.0,1491.08,0.58,True,Active,abdullah,Backward,Normal,1: Walking
1790433363.4727545,27004,Person 37,94.4,1400.6,-80.0,1499.02,-0.27,True,Active,abdullah,Backward,Normal,1: Walking
1790433363.5542912,27005,Person 37,75.1,1428.7,0.0,1510.13,-0.76,True,Active,abdullah,Backward,Normal,1: Walking
1790433363.663691,27006,Person 37,52.9,1452.6,-80.0,1520.26,-2.34,True,Active,abdullah,Backward,Normal,1: Walking
1790433363.7332888,27007,Person 37,25.6,1470.7,-80.0,1519.75,-4.53,True,Active,abdullah,Backward,Normal,1: Walking
1790433363.8311496,27008,Person 37,-6.4,1483.2,-80.0,1523.09,-6.6,True,Active,abdullah,Backward,Normal,1: Walking
1790433363.9110975,27009,Person 37,-40.7,1493.1,-80.0,1541.63,-8.17,True,Active,abdullah,Backward,Normal,1: Walking
1790433364.0464327,27010,Person 37,-76.0,1502.6,-80.0,1558.35,-9.72,True,Active,abdullah,Backward,Normal,1: Walking
1790433364.0946398,27011,Person 37,-111.4,1512.0,-160.0,1575.67,-10.75,True,Active,abdullah,Backward,Normal,1: Walking
1790433364.194284,27012,Person 37,-146.3,1522.1,-160.0,1596.0,-11.49,True,Active,abdullah,Backward,Normal,1: Walking
1790433364.3248706,27013,Person 37,-182.6,1530.6,-240.0,1613.96,-12.45,True,Active,abdullah,Backward,Normal,1: Walking
1790433364.3801436,27014,Person 37,-220.9,1539.9,-320.0,1639.07,-13.76,True,Active,abdullah,Backward,Normal,1: Walking
1790433364.4928381,27015,Person 37,-260.5,1548.8,-240.0,1652.23,-14.58,True,Active,abdullah,Backward,Normal,1: Walking
1790433364.5328052,27016,Person 37,-298.9,1557.7,-240.0,1668.71,-15.5,True,Active,abdullah,Backward,Normal,1: Walking
1790433364.6420803,27017,Person 37,-332.3,1568.3,-320.0,1683.38,-15.65,True,Active,abdullah,Backward,Normal,1: Walking
1790433364.73087,27018,Person 37,-360.3,1579.8,-390.0,1690.39,-15.61,True,Active,abdullah,Backward,Normal,1: Walking
1790433364.815405,27019,Person 37,-384.9,1590.9,80.0,1701.76,-15.86,True,Active,abdullah,Backward,Normal,1: Walking
1790433364.888913,27020,Person 37,-406.7,1601.2,320.0,1708.12,-16.36,True,Active,abdullah,Backward,Normal,1: Walking
1790433364.9768627,27021,Person 37,-428.1,1610.1,320.0,1714.01,-17.24,True,Active,abdullah,Backward,Normal,1: Walking
1790433365.0770714,27022,Person 37,-451.5,1616.8,320.0,1721.88,-18.7,True,Active,abdullah,Backward,Normal,1: Walking
1790433365.1578867,27023,Person 37,-475.1,1621.1,480.0,1721.11,-19.84,True,Active,abdullah,Backward,Normal,1: Walking
1790433365.2524245,27024,Person 37,-495.8,1622.6,560.0,1714.31,-20.38,True,Active,abdullah,Backward,Normal,1: Walking
1790433365.3503842,27025,Person 37,-514.8,1621.9,560.0,1703.44,-20.84,True,Active,abdullah,Backward,Normal,1: Walking
1790433365.4372673,27026,Person 37,-531.2,1618.8,560.0,1690.87,-21.15,True,Active,abdullah,Backward,Normal,1: Walking
1790433365.5126495,27027,Person 37,-546.3,1612.3,480.0,1669.48,-21.25,True,Active,abdullah,Backward,Normal,1: Walking
1790433365.602155,27028,Person 37,-560.3,1603.8,390.0,1653.75,-21.09,True,Active,abdullah,Backward,Normal,1: Walking
1790433365.6929915,27029,Person 37,-572.0,1592.8,390.0,1634.15,-20.86,True,Active,abdullah,Backward,Normal,1: Walking
1790433365.798516,27030,Person 37,-581.9,1580.0,320.0,1618.49,-21.0,True,Active,abdullah,Backward,Normal,1: Walking
1790433365.8762362,27031,Person 37,-588.5,1565.8,390.0,1601.41,-21.0,True,Active,abdullah,Backward,Normal,1: Walking
1790433365.9702287,27032,Person 37,-589.6,1550.1,480.0,1577.86,-20.9,True,Active,abdullah,Backward,Normal,1: Walking
1790433366.071238,27033,Person 37,-586.0,1533.3,560.0,1551.03,-20.69,True,Active,abdullah,Backward,Normal,1: Walking
1790433366.1567557,27034,Person 37,-579.7,1515.3,480.0,1523.64,-20.52,True,Active,abdullah,Backward,Normal,1: Walking
1790433366.2608414,27035,Person 37,-571.9,1496.3,390.0,1498.13,-20.64,True,Active,abdullah,Backward,Normal,1: Walking
1790433366.3286772,27036,Person 37,-563.0,1476.1,240.0,1470.4,-20.75,True,Active,abdullah,Backward,Normal,1: Walking
1790433366.4306629,27037,Person 37,-553.1,1455.6,240.0,1442.65,-20.53,True,Active,abdullah,Backward,Normal,1: Walking
1790433366.5301824,27038,Person 37,-542.2,1431.0,240.0,1385.06,-20.54,True,Active,abdullah,Backward,Normal,1: Walking
1790433366.5876875,27039,Person 37,-533.0,1402.7,240.0,1337.03,-21.5,True,Active,abdullah,Backward,Normal,1: Walking
1790433366.692516,27040,Person 37,-523.8,1372.1,240.0,1300.06,-22.05,True,Active,abdullah,Backward,Normal,1: Walking
1790433366.7777405,27041,Person 37,-514.7,1339.7,240.0,1266.7,-22.41,True,Active,abdullah,Backward,Normal,1: Walking
1790433366.8846474,27042,Person 37,-505.8,1307.9,320.0,1249.4,-22.3,True,Active,abdullah,Backward,Normal,1: Walking
1790433366.9451532,27043,Person 37,-496.9,1276.8,240.0,1228.93,-21.93,True,Active,abdullah,Backward,Normal,1: Walking
1790433367.0546591,27044,Person 37,-487.7,1246.4,160.0,1206.85,-21.48,True,Active,abdullah,Backward,Normal,1: Walking
1790433367.1134012,27045,Person 37,-476.4,1216.3,240.0,1176.62,-20.65,True,Active,abdullah,Backward,Normal,1: Walking
1790433367.2567542,27046,Person 37,-460.8,1185.7,80.0,1129.6,-18.85,True,Active,abdullah,Backward,Normal,1: Walking
1790433367.2923198,27047,Person 37,-441.0,1154.9,80.0,1087.53,-16.45,True,Active,abdullah,Backward,Normal,1: Walking
1790433367.3812044,27048,Person 37,-418.2,1129.0,0.0,1069.58,-13.96,True,Active,abdullah,Backward,Normal,1: Walking
1790433367.470827,27049,Person 37,-391.5,1107.2,-160.0,1049.95,-12.26,True,Active,abdullah,Backward,Normal,1: Walking
1790433367.5648167,27050,Person 37,-361.0,1088.6,-160.0,1035.3,-10.18,True,Active,abdullah,Backward,Normal,1: Walking
1790433367.6466734,27051,Person 37,-327.6,1073.3,-320.0,1028.85,-8.33,True,Active,abdullah,Backward,Normal,1: Walking
1790433367.746656,27052,Person 37,-290.5,1059.4,-390.0,1022.2,-5.78,True,Active,abdullah,Backward,Normal,1: Walking
1790433367.8282013,27053,Person 37,-252.0,1048.7,-320.0,1035.65,-4.1,True,Active,abdullah,Backward,Normal,1: Walking
1790433367.9247062,27054,Person 37,-213.1,1041.8,-640.0,1055.33,-2.88,True,Active,abdullah,Backward,Normal,1: Walking
1790433368.0122368,27055,Person 37,-175.7,1040.3,-790.0,1086.77,-2.16,True,Active,abdullah,Backward,Normal,1: Walking
1790433368.1024399,27056,Person 37,-143.2,1046.1,-880.0,1127.71,-2.03,True,Active,abdullah,Backward,Normal,1: Walking
1790433368.1884544,27057,Person 37,-117.5,1059.2,-560.0,1175.11,-2.49,True,Active,abdullah,Backward,Normal,1: Walking
1790433368.386173,27058,Person 37,-99.1,1077.3,-480.0,1221.24,-3.47,True,Active,abdullah,Backward,Normal,1: Walking
1790433368.406597,27059,Person 37,-99.1,1077.3,-480.0,1221.24,-3.47,True,Predicted,abdullah,Backward,Normal,1: Walking
1790433368.4475443,27060,Person 37,-89.4,1106.7,-320.0,1326.0,-5.45,True,Active,abdullah,Backward,Normal,1: Walking
1790433368.629757,27061,Person 37,-86.8,1140.8,-320.0,1369.03,-6.59,True,Active,abdullah,Backward,Normal,1: Walking
1790433368.6919274,27062,Person 37,-90.1,1178.6,-320.0,1407.81,-7.43,True,Active,abdullah,Backward,Normal,1: Walking
1790433368.7594562,27063,Person 37,-98.2,1219.1,-390.0,1433.85,-7.37,True,Active,abdullah,Backward,Normal,1: Walking
1790433368.806457,27064,Person 37,-110.6,1261.6,-240.0,1471.38,-7.73,True,Active,abdullah,Backward,Normal,1: Walking
1790433368.900773,27065,Person 37,-126.1,1305.9,-480.0,1511.38,-7.91,True,Active,abdullah,Backward,Normal,1: Walking
1790433369.006757,27066,Person 37,-142.8,1350.8,-320.0,1549.03,-7.72,True,Active,abdullah,Backward,Normal,1: Walking
1790433369.138369,27067,Person 37,-158.5,1394.4,-240.0,1575.37,-7.18,True,Active,abdullah,Backward,Normal,1: Walking
1790433369.185784,27068,Person 37,-169.6,1434.6,-160.0,1584.3,-5.87,True,Active,abdullah,Backward,Normal,1: Walking
1790433369.3151064,27069,Person 37,-173.5,1471.4,-80.0,1591.02,-4.07,True,Active,abdullah,Backward,Normal,1: Walking
1790433369.3521252,27070,Person 37,-168.5,1499.8,80.0,1605.8,-2.71,True,Active,abdullah,Backward,Normal,1: Walking
1790433369.4595423,27071,Person 37,-157.3,1525.6,160.0,1618.63,-1.59,True,Active,abdullah,Backward,Normal,1: Walking
1790433369.5381837,27072,Person 37,-141.0,1547.1,160.0,1611.11,-0.68,True,Active,abdullah,Backward,Normal,1: Walking
1790433369.6056948,27073,Person 37,-122.2,1565.2,240.0,1603.0,0.14,True,Active,abdullah,Backward,Normal,1: Walking
1790433369.7093074,27074,Person 37,-101.8,1580.1,320.0,1607.01,0.21,True,Active,abdullah,Backward,Normal,1: Walking
1790433369.8288202,27075,Person 37,-79.6,1591.7,160.0,1613.06,0.5,True,Active,abdullah,Backward,Normal,1: Walking
1790433369.8733406,27076,Person 37,-57.0,1600.0,80.0,1618.1,0.64,True,Active,abdullah,Backward,Normal,1: Walking
1790433369.9700296,27077,Person 37,-35.9,1605.6,80.0,1619.06,0.5,True,Active,abdullah,Backward,Normal,1: Walking
1790433370.0637658,27078,Person 37,-18.9,1610.2,80.0,1622.02,0.28,True,Active,abdullah,Backward,Normal,1: Walking
1790433370.1570249,27079,Person 37,-7.4,1613.6,80.0,1621.0,0.07,True,Active,abdullah,Backward,Normal,1: Walking
1790433370.2279663,27080,Person 37,-0.3,1615.0,-320.0,1618.01,-0.18,True,Active,abdullah,Backward,Normal,1: Walking
1790433370.3167076,27081,Person 37,3.0,1614.8,-80.0,1616.04,-0.43,True,Active,abdullah,Backward,Normal,1: Walking
1790433370.4065607,27082,Person 37,3.3,1615.1,80.0,1614.08,-0.57,True,Active,abdullah,Backward,Normal,1: Walking
1790433370.5113618,27083,Person 37,0.7,1616.2,-480.0,1614.15,-0.78,True,Active,abdullah,Backward,Normal,1: Walking
1790433370.6308427,27084,Person 37,-2.7,1617.2,-390.0,1617.24,-0.99,True,Active,abdullah,Backward,Normal,1: Walking
1790433370.6751196,27085,Person 37,-7.1,1617.7,-80.0,1618.28,-1.06,True,Active,abdullah,Backward,Normal,1: Walking
1790433370.7696047,27086,Person 37,-12.1,1618.0,-240.0,1621.32,-1.13,True,Active,abdullah,Backward,Normal,1: Walking
1790433370.8929503,27087,Person 37,-16.9,1618.5,-160.0,1624.36,-1.2,True,Active,abdullah,Backward,Normal,1: Walking
1790433370.9863675,27088,Person 37,-21.2,1619.1,-160.0,1628.38,-1.23,True,Active,abdullah,Backward,Normal,1: Walking
1790433371.0538733,27089,Person 37,-24.9,1620.3,-320.0,1633.38,-1.23,True,Active,abdullah,Backward,Normal,1: Walking
1790433371.1733236,27090,Person 37,-27.7,1622.4,-390.0,1639.33,-1.15,True,Active,abdullah,Backward,Normal,1: Walking
1790433371.3836942,27091,Person 37,-29.9,1625.5,-640.0,1647.35,-1.18,True,Active,abdullah,Backward,Normal,6: Fall onset
1790433371.405231,27092,Person 37,-32.0,1629.6,-80.0,1655.41,-1.28,True,Active,abdullah,Backward,Normal,6: Fall onset
1790433371.428396,27093,Person 37,-34.0,1634.7,-80.0,1665.53,-1.44,True,Active,abdullah,Backward,Normal,6: Fall onset
1790433371.5112734,27094,Person 37,-35.9,1640.4,-80.0,1674.66,-1.61,True,Active,abdullah,Backward,Normal,6: Fall onset
1790433371.5870602,27095,Person 37,-38.3,1646.9,-720.0,1683.87,-1.84,True,Active,abdullah,Backward,Normal,6: Fall onset
1790433371.6911824,27096,Person 37,-41.3,1654.0,-720.0,1693.14,-2.1,True,Active,abdullah,Backward,Normal,6: Fall onset
1790433371.741551,27097,Person 37,-44.9,1661.7,-720.0,1702.44,-2.36,True,Active,abdullah,Backward,Normal,6: Fall onset
1790433371.8434048,27098,Person 37,-49.1,1669.8,-720.0,1710.73,-2.58,True,Active,abdullah,Backward,Normal,6: Fall onset
1790433371.9462402,27099,Person 37,-53.6,1678.5,-240.0,1721.86,-2.66,True,Active,abdullah,Backward,Normal,6: Fall onset
1790433372.011238,27100,Person 37,-58.4,1687.8,-240.0,1733.89,-2.68,True,Active,abdullah,Backward,Normal,6: Fall onset
1790433372.1060271,27101,Person 37,-63.2,1697.4,-240.0,1744.93,-2.69,True,Active,abdullah,Backward,Normal,6: Fall onset
1790433372.1874228,27102,Person 37,-67.8,1707.3,-240.0,1755.96,-2.71,True,Active,abdullah,Backward,Normal,6: Fall onset
1790433372.2845917,27103,Person 37,-72.0,1717.9,-480.0,1772.99,-2.72,True,Active,abdullah,Backward,Normal,6: Fall onset
1790433372.365534,27104,Person 37,-75.4,1730.3,-240.0,1799.82,-2.58,True,Active,abdullah,Backward,Normal,6: Fall onset
1790433372.472975,27105,Person 37,-75.4,1751.0,-80.0,1890.77,-1.64,True,Active,abdullah,Backward,Normal,7: Post-fall stillness
1790433372.5602987,27106,Person 37,-70.2,1785.2,80.0,2034.02,-0.28,True,Active,abdullah,Backward,Normal,7: Post-fall stillness
1790433372.6811905,27107,Person 37,-58.2,1836.0,-80.0,2209.57,1.3,True,Active,abdullah,Backward,Normal,7: Post-fall stillness
1790433372.726602,27108,Person 37,-39.0,1902.9,-80.0,2380.78,2.77,True,Active,abdullah,Backward,Normal,7: Post-fall stillness
1790433372.8139997,27109,Person 37,-13.8,1982.0,-80.0,2516.88,3.92,True,Active,abdullah,Backward,Normal,7: Post-fall stillness
1790433372.8986857,27110,Person 37,16.9,2071.8,-80.0,2639.69,4.91,True,Active,abdullah,Backward,Normal,7: Post-fall stillness
1790433372.9901044,27111,Person 37,49.6,2168.3,0.0,2719.06,5.17,True,Active,abdullah,Backward,Normal,7: Post-fall stillness
1790433373.077401,27112,Person 37,84.4,2266.9,880.0,2752.78,5.52,True,Active,abdullah,Backward,Normal,7: Post-fall stillness
1790433373.2031744,27113,Person 37,128.6,2355.5,160.0,2681.01,7.67,True,Active,abdullah,Backward,Normal,7: Post-fall stillness
1790433373.2875218,27114,Person 37,180.7,2434.5,-80.0,2625.14,9.65,True,Active,abdullah,Backward,Normal,7: Post-fall stillness
1790433373.3618896,27115,Person 37,237.7,2495.6,80.0,2553.68,11.66,True,Active,abdullah,Backward,Normal,7: Post-fall stillness
1790433373.47289,27116,Person 37,294.7,2533.6,880.0,2478.1,13.06,True,Active,abdullah,Backward,Normal,7: Post-fall stillness
1790433373.5205219,27117,Person 37,349.5,2545.1,880.0,2399.7,14.43,True,Active,abdullah,Backward,Normal,7: Post-fall stillness
1790433373.6323073,27118,Person 37,401.8,2534.1,480.0,2356.03,15.71,True,Active,abdullah,Backward,Normal,7: Post-fall stillness
1790433373.7133036,27119,Person 37,451.1,2507.6,-160.0,2342.38,16.49,True,Active,abdullah,Backward,Normal,7: Post-fall stillness
1790433373.8453968,27120,Person 37,494.4,2466.6,880.0,2315.75,16.53,True,Active,abdullah,Backward,Normal,7: Post-fall stillness
1790433373.8825164,27121,Person 37,536.4,2415.3,560.0,2293.52,16.85,True,Active,abdullah,Backward,Normal,7: Post-fall stillness
1790433374.0056033,27122,Person 37,576.6,2360.3,-160.0,2289.32,16.94,True,Active,abdullah,Backward,Normal,7: Post-fall stillness
1790433374.0595865,27123,Person 37,607.5,2315.5,320.0,2307.5,16.8,True,Active,abdullah,Backward,Normal,7: Post-fall stillness
1790433374.1798954,27124,Person 37,629.5,2278.5,80.0,2314.11,16.57,True,Active,abdullah,Backward,Normal,7: Post-fall stillness
1790433374.232901,27125,Person 37,642.9,2251.5,80.0,2323.76,16.24,True,Active,abdullah,Backward,Normal,7: Post-fall stillness
1790433374.3213332,27126,Person 37,650.9,2234.5,80.0,2333.48,15.92,True,Active,abdullah,Backward,Normal,7: Post-fall stillness
1790433374.412929,27127,Person 37,654.2,2227.6,80.0,2341.62,15.63,True,Active,abdullah,Backward,Normal,8: Recovery / standing back up
1790433374.5026746,27128,Person 37,652.9,2227.0,880.0,2346.76,15.45,True,Active,abdullah,Backward,Normal,8: Recovery / standing back up
1790433374.5959635,27129,Person 37,648.0,2229.3,880.0,2351.13,15.19,True,Active,abdullah,Backward,Normal,8: Recovery / standing back up
1790433374.6942523,27130,Person 37,642.7,2234.8,880.0,2354.33,14.92,True,Active,abdullah,Backward,Normal,8: Recovery / standing back up
1790433374.7651873,27131,Person 37,634.3,2244.5,790.0,2364.49,14.22,True,Active,abdullah,Backward,Normal,8: Recovery / standing back up
1790433374.8551733,27132,Person 37,622.9,2256.8,790.0,2378.19,13.45,True,Active,abdullah,Backward,Normal,8: Recovery / standing back up
1790433374.9448135,27133,Person 37,608.2,2269.0,560.0,2388.3,12.58,True,Active,abdullah,Backward,Normal,8: Recovery / standing back up
1790433375.0402496,27134,Person 37,591.5,2282.1,480.0,2400.18,11.85,True,Active,abdullah,Backward,Normal,8: Recovery / standing back up
1790433375.1421585,27135,Person 37,573.3,2295.3,390.0,2408.9,11.2,True,Active,abdullah,Backward,Normal,8: Recovery / standing back up
1790433375.2431421,27136,Person 37,553.7,2308.5,390.0,2417.13,10.58,True,Active,abdullah,Backward,Normal,8: Recovery / standing back up
1790433375.3013074,27137,Person 37,533.1,2321.6,480.0,2423.56,10.1,True,Active,abdullah,Backward,Normal,8: Recovery / standing back up
1790433375.3956869,27138,Person 37,510.8,2334.6,640.0,2425.54,9.54,True,Active,abdullah,Backward,Normal,8: Recovery / standing back up
1790433375.4799201,27139,Person 37,487.3,2347.3,160.0,2426.1,9.04,True,Active,abdullah,Backward,Normal,8: Recovery / standing back up
1790433375.594592,27140,Person 37,462.7,2359.6,160.0,2424.87,8.54,True,Active,abdullah,Backward,Normal,8: Recovery / standing back up
1790433375.6559153,27141,Person 37,438.2,2369.9,390.0,2418.45,7.99,True,Active,abdullah,Backward,Normal,8: Recovery / standing back up
1790433375.7923968,27142,Person 37,414.3,2377.8,80.0,2412.52,7.48,True,Active,abdullah,Backward,Normal,8: Recovery / standing back up
1790433375.866928,27143,Person 37,391.0,2383.2,-240.0,2402.21,6.86,True,Active,abdullah,Backward,Normal,8: Recovery / standing back up
1790433376.0166578,27144,Person 37,361.2,2384.5,-480.0,2370.04,4.72,True,Active,abdullah,Backward,Normal,8: Recovery / standing back up
1790433376.0375857,27145,Person 37,361.2,2384.5,-480.0,2370.04,4.72,True,Predicted,abdullah,Backward,Normal,8: Recovery / standing back up
1790433376.221585,27146,Person 37,304.2,2380.6,-240.0,2326.24,-2.51,True,Active,abdullah,Backward,Normal,8: Recovery / standing back up
1790433376.242999,27147,Person 37,304.2,2380.6,-240.0,2326.24,-2.51,True,Predicted,abdullah,Backward,Normal,8: Recovery / standing back up
1790433376.3338532,27148,Person 37,226.5,2370.6,720.0,2300.23,-8.32,True,Active,abdullah,Backward,Normal,8: Recovery / standing back up
1790433376.3866436,27149,Person 37,150.7,2354.5,880.0,2249.78,-8.51,True,Active,abdullah,Backward,Normal,8: Recovery / standing back up
1790433376.4922118,27150,Person 37,79.9,2335.4,790.0,2222.17,-7.91,True,Active,abdullah,Backward,Normal,8: Recovery / standing back up
1790433376.5683856,27151,Person 37,16.2,2310.2,640.0,2159.23,-6.81,True,Active,abdullah,Backward,Normal,8: Recovery / standing back up
1790433376.6603491,27152,Person 37,-44.8,2280.7,480.0,2117.81,-6.78,True,Active,abdullah,Backward,Normal,8: Recovery / standing back up
1790433376.7313817,27153,Person 37,-105.1,2246.7,480.0,2072.27,-7.4,True,Active,abdullah,Backward,Normal,8: Recovery / standing back up
1790433376.8520787,27154,Person 37,-165.6,2208.1,480.0,2027.0,-8.25,True,Active,abdullah,Backward,Normal,8: Recovery / standing back up
1790433376.909419,27155,Person 37,-226.2,2165.7,480.0,1986.78,-9.24,True,Active,abdullah,Backward,Normal,8: Recovery / standing back up
1790433377.0236504,27156,Person 37,-282.8,2121.2,480.0,1952.57,-10.95,True,Active,abdullah,Backward,Normal,8: Recovery / standing back up
1790433377.1250625,27157,Person 37,-316.3,2075.3,480.0,1915.51,-13.19,True,Active,abdullah,Backward,Normal,8: Recovery / standing back up
1790433377.19958,27158,Person 37,-332.3,2030.3,560.0,1891.38,-15.11,True,Active,abdullah,Backward,Normal,8: Recovery / standing back up
1790433377.2756264,27159,Person 37,-350.6,1986.7,480.0,1861.93,-16.09,True,Active,abdullah,Backward,Normal,8: Recovery / standing back up
1790433377.4208798,27160,Person 37,-372.0,1941.6,480.0,1825.62,-16.55,True,Active,abdullah,Backward,Normal,8: Recovery / standing back up
1790433377.4452527,27161,Person 37,-397.3,1898.6,640.0,1787.98,-16.54,True,Active,abdullah,Backward,Normal,8: Recovery / standing back up
1790433377.607225,27162,Person 37,-422.4,1854.5,790.0,1735.87,-16.78,True,Active,abdullah,Backward,Normal,8: Recovery / standing back up
1790433377.6392384,27163,Person 37,-444.0,1811.9,960.0,1699.1,-16.52,True,Active,abdullah,Backward,Normal,8: Recovery / standing back up
1790433377.7588613,27164,Person 37,-460.8,1770.6,390.0,1657.81,-16.07,True,Active,abdullah,Backward,Normal,8: Recovery / standing back up
1790433377.7973716,27165,Person 37,-472.7,1729.7,560.0,1612.62,-15.76,True,Active,abdullah,Backward,Normal,8: Recovery / standing back up
1790433377.8870916,27166,Person 37,-477.6,1689.6,320.0,1573.1,-15.49,True,Active,abdullah,Backward,Normal,8: Recovery / standing back up
1790433377.9782946,27167,Person 37,-474.7,1648.9,320.0,1514.01,-15.63,True,Active,abdullah,Backward,Normal,8: Recovery / standing back up
1790433378.1727848,27168,Person 37,-464.4,1607.3,160.0,1462.94,-15.46,True,Active,abdullah,Backward,Normal,8: Recovery / standing back up
1790433378.1941924,27169,Person 37,-464.4,1607.3,160.0,1462.94,-15.46,True,Predicted,abdullah,Backward,Normal,8: Recovery / standing back up
1790433378.3283937,27170,Person 37,-443.7,1563.2,0.0,1382.96,-12.91,True,Active,abdullah,Backward,Normal,8: Recovery / standing back up
1790433378.3498223,27171,Person 37,-443.7,1563.2,0.0,1382.96,-12.91,True,Predicted,abdullah,Backward,Normal,8: Recovery / standing back up
1790433378.4297838,27172,Person 37,-412.6,1522.1,80.0,1355.21,-8.87,True,Active,abdullah,Backward,Normal,8: Recovery / standing back up
1790433378.5705183,27173,Person 37,-379.0,1484.3,80.0,1347.15,-7.38,True,Active,abdullah,Backward,Normal,1: Walking
1790433378.6123211,27174,Person 37,-341.9,1451.6,80.0,1341.31,-5.56,True,Active,abdullah,Backward,Normal,1: Walking
1790433378.725875,27175,Person 37,-302.3,1422.2,80.0,1337.83,-3.73,True,Active,abdullah,Backward,Normal,1: Walking
1790433378.816111,27176,Person 37,-261.0,1396.2,80.0,1333.79,-1.98,True,Active,abdullah,Backward,Normal,1: Walking
1790433378.8717558,27177,Person 37,-217.6,1373.8,160.0,1328.01,-0.17,True,Active,abdullah,Backward,Normal,1: Walking
1790433379.0188298,27178,Person 37,-172.1,1353.4,160.0,1312.47,1.53,True,Active,abdullah,Backward,Normal,1: Walking
1790433379.0475318,27179,Person 37,-124.2,1336.3,160.0,1288.96,3.16,True,Active,abdullah,Backward,Normal,1: Walking
1790433379.145078,27180,Person 37,-73.8,1320.7,160.0,1259.17,5.19,True,Active,abdullah,Backward,Normal,1: Walking
1790433379.2303352,27181,Person 37,-27.2,1308.5,240.0,1236.01,7.3,True,Active,abdullah,Backward,Normal,1: Walking
1790433379.3136482,27182,Person 37,13.7,1294.4,240.0,1214.58,9.48,True,Active,abdullah,Backward,Normal,1: Walking
1790433379.4232137,27183,Person 37,55.1,1277.3,240.0,1189.67,11.69,True,Active,abdullah,Backward,Normal,1: Walking
1790433379.5067093,27184,Person 37,95.9,1258.2,390.0,1177.29,13.66,True,Active,abdullah,Backward,Normal,1: Walking
1790433379.571382,27185,Person 37,135.5,1237.4,320.0,1168.59,15.33,True,Active,abdullah,Backward,Normal,1: Walking
1790433379.6705196,27186,Person 37,173.7,1215.4,160.0,1162.61,16.8,True,Active,abdullah,Backward,Normal,1: Walking
1790433379.770074,27187,Person 37,210.4,1192.8,0.0,1160.25,18.23,True,Active,abdullah,Backward,Normal,1: Walking
1790433379.8574872,27188,Person 37,245.5,1170.6,-80.0,1156.33,19.5,True,Active,abdullah,Backward,Normal,1: Walking
1790433379.9668121,27189,Person 37,278.6,1149.7,-160.0,1150.52,20.45,True,Active,abdullah,Backward,Normal,1: Walking
1790433380.1703432,27190,Person 37,308.6,1131.7,-320.0,1151.03,21.08,True,Active,abdullah,Backward,Normal,1: Walking
1790433380.1895614,27191,Person 37,335.8,1116.7,-390.0,1158.37,21.74,True,Active,abdullah,Backward,Normal,1: Walking
1790433380.5517788,27192,Person 37,360.5,1104.3,-390.0,1163.31,22.6,True,Active,abdullah,Backward,Normal,1: Walking
1790433380.5734596,27193,Person 37,383.0,1095.7,-560.0,1175.33,23.36,True,Active,abdullah,Backward,Normal,1: Walking
1790433380.5936189,27194,Person 37,404.0,1090.2,-480.0,1193.34,24.14,True,Active,abdullah,Backward,Normal,1: Walking
1790433380.6149888,27195,Person 37,424.1,1087.9,-390.0,1216.11,24.79,True,Active,abdullah,Backward,Normal,1: Walking
1790433380.6350882,27196,Person 37,446.2,1089.2,-80.0,1256.23,26.32,True,Active,abdullah,Backward,Normal,1: Walking
1790433380.662752,27197,Person 37,469.8,1092.9,-240.0,1286.9,27.74,True,Active,abdullah,Backward,Normal,1: Walking
1790433380.751825,27198,Person 37,494.6,1099.4,-240.0,1317.57,28.76,True,Active,abdullah,Backward,Normal,1: Walking
1790433380.8600128,27199,Person 37,521.5,1107.2,-80.0,1336.63,30.13,True,Active,abdullah,Backward,Normal,1: Walking
1790433380.9485476,27200,Person 37,551.2,1117.2,-80.0,1372.51,31.2,True,Active,abdullah,Backward,Normal,1: Walking
1790433381.0599272,27201,Person 37,582.5,1127.2,0.0,1390.52,32.25,True,Active,abdullah,Backward,Normal,1: Walking
1790433381.1824415,27202,Person 37,614.1,1138.0,0.0,1406.87,32.84,True,Active,abdullah,Backward,Normal,1: Walking
1790433381.2036252,27203,Person 37,644.3,1147.9,80.0,1406.24,33.1,True,Active,abdullah,Backward,Normal,1: Walking
1790433381.2806087,27204,Person 37,672.2,1155.2,80.0,1392.31,33.43,True,Active,abdullah,Backward,Normal,1: Walking
1790433381.386046,27205,Person 37,697.6,1159.9,240.0,1381.48,33.58,True,Active,abdullah,Backward,Normal,1: Walking
1790433381.485195,27206,Person 37,717.9,1161.8,320.0,1374.27,33.57,True,Active,abdullah,Backward,Normal,1: Walking
1790433381.5324428,27207,Person 37,733.8,1162.0,320.0,1369.83,33.6,True,Active,abdullah,Backward,Normal,1: Walking
1790433381.6915748,27208,Person 37,745.7,1160.1,390.0,1362.9,33.54,True,Active,abdullah,Backward,Normal,1: Walking
1790433381.7246745,27209,Person 37,753.4,1157.5,390.0,1355.14,33.5,True,Active,abdullah,Backward,Normal,1: Walking
1790433381.8058894,27210,Person 37,756.4,1152.9,480.0,1349.62,33.3,True,Active,abdullah,Backward,Normal,1: Walking
1790433381.8874762,27211,Person 37,755.5,1147.9,320.0,1343.56,33.06,True,Active,abdullah,Backward,Normal,1: Walking
1790433381.99774,27212,Person 37,751.7,1142.2,240.0,1338.38,32.8,True,Active,abdullah,Backward,Normal,1: Walking
1790433382.0864518,27213,Person 37,746.6,1136.8,80.0,1333.22,32.53,True,Active,abdullah,Backward,Normal,1: Walking
1790433382.1538289,27214,Person 37,740.7,1132.9,-160.0,1327.55,32.23,True,Active,abdullah,Backward,Normal,1: Walking
1790433382.2514746,27215,Person 37,734.1,1130.0,-240.0,1321.4,31.89,True,Active,abdullah,Backward,Normal,1: Walking
1790433382.3454318,27216,Person 37,726.8,1127.8,-390.0,1316.47,31.46,True,Active,abdullah,Backward,Normal,1: Walking
1790433382.4441333,27217,Person 37,718.6,1126.4,-480.0,1314.19,30.96,True,Active,abdullah,Backward,Normal,1: Walking
1790433382.5149598,27218,Person 37,709.7,1126.1,-390.0,1313.23,30.37,True,Active,abdullah,Backward,Normal,1: Walking
1790433382.5989985,27219,Person 37,700.0,1126.9,-320.0,1311.05,29.77,True,Active,abdullah,Backward,Normal,1: Walking
1790433382.6932817,27220,Person 37,689.3,1128.4,-320.0,1307.06,29.02,True,Active,abdullah,Backward,Normal,1: Walking
1790433382.8424907,27221,Person 37,677.6,1130.6,-320.0,1302.83,28.22,True,Active,abdullah,Backward,Normal,1: Walking
1790433382.983203,27222,Person 37,661.8,1134.9,-240.0,1298.35,25.89,True,Active,abdullah,Backward,Normal,1: Walking
1790433383.0042007,27223,Person 37,661.8,1134.9,-240.0,1298.35,25.89,True,Predicted,abdullah,Backward,Normal,1: Walking
1790433383.0836132,27224,Person 37,637.2,1143.8,-240.0,1301.23,21.22,True,Active,abdullah,Backward,Normal,1: Walking
1790433383.1839519,27225,Person 37,607.9,1154.8,-320.0,1300.97,18.6,True,Active,abdullah,Backward,Normal,1: Walking
1790433383.240586,27226,Person 37,570.0,1169.5,-320.0,1308.48,14.11,True,Active,abdullah,Backward,Normal,1: Walking
1790433383.3203504,27227,Person 37,523.2,1187.1,-390.0,1317.33,9.57,True,Active,abdullah,Backward,Normal,1: Walking
1790433383.3991241,27228,Person 37,467.2,1207.3,-480.0,1334.05,4.99,True,Active,abdullah,Backward,Normal,1: Walking
1790433383.5129745,27229,Person 37,402.4,1230.7,-320.0,1367.09,0.67,True,Active,abdullah,Backward,Normal,1: Walking
1790433383.5915442,27230,Person 37,329.7,1256.1,-560.0,1394.07,-3.13,True,Active,abdullah,Backward,Normal,1: Walking
1790433383.7029874,27231,Person 37,250.8,1285.3,-480.0,1443.35,-6.16,True,Active,abdullah,Backward,Normal,1: Walking
1790433383.7632694,27232,Person 37,165.7,1316.8,-640.0,1481.75,-9.13,True,Active,abdullah,Backward,Normal,1: Walking
1790433383.951349,27233,Person 37,78.9,1349.4,-640.0,1524.02,-11.39,True,Active,abdullah,Backward,Normal,1: Walking
1790433383.9742186,27234,Person 37,78.9,1349.4,-640.0,1524.02,-11.39,True,Predicted,abdullah,Backward,Normal,1: Walking
1790433384.100724,27235,Person 37,-9.2,1387.5,-720.0,1645.88,-14.42,True,Active,abdullah,Backward,Normal,1: Walking
1790433384.1339874,27236,Person 37,-96.9,1427.9,-560.0,1700.94,-15.76,True,Active,abdullah,Backward,Normal,1: Walking
1790433384.213756,27237,Person 37,-179.4,1468.5,-560.0,1749.76,-16.81,True,Active,abdullah,Backward,Normal,1: Walking
1790433384.3344293,27238,Person 37,-255.4,1509.2,-560.0,1789.73,-17.59,True,Active,abdullah,Backward,Normal,1: Walking
1790433384.3887126,27239,Person 37,-324.7,1550.5,-560.0,1835.07,-18.33,True,Active,abdullah,Backward,Normal,1: Walking
1790433384.4753737,27240,Person 37,-389.5,1591.8,-640.0,1888.87,-19.55,True,Active,abdullah,Backward,Normal,1: Walking
1790433384.5768096,27241,Person 37,-450.2,1634.3,-640.0,1941.13,-20.6,True,Active,abdullah,Backward,Normal,1: Walking
1790433384.658172,27242,Person 37,-508.6,1677.3,-560.0,2006.08,-21.62,True,Active,abdullah,Backward,Normal,1: Walking
1790433384.7367957,27243,Person 37,-563.7,1720.8,-640.0,2054.31,-22.5,True,Active,abdullah,Backward,Normal,1: Walking
1790433384.8301332,27244,Person 37,-618.1,1766.1,-480.0,2122.46,-23.46,True,Active,abdullah,Backward,Normal,1: Walking
1790433384.9311762,27245,Person 37,-666.9,1804.3,-480.0,2170.48,-24.44,True,Active,abdullah,Backward,Normal,1: Walking
1790433385.000053,27246,Person 37,-715.0,1840.4,-390.0,2209.36,-25.27,True,Active,abdullah,Backward,Normal,1: Walking
1790433385.1145759,27247,Person 37,-763.1,1875.6,-480.0,2254.53,-25.96,True,Active,abdullah,Backward,Normal,1: Walking
1790433385.1952605,27248,Person 37,-811.2,1910.5,-390.0,2295.11,-26.44,True,Active,abdullah,Backward,Normal,1: Walking
1790433385.2813184,27249,Person 37,-856.3,1944.1,-480.0,2318.38,-26.32,True,Active,abdullah,Backward,Normal,1: Walking
1790433385.3965447,27250,Person 37,-897.3,1975.9,-390.0,2342.51,-26.41,True,Active,abdullah,Backward,Normal,1: Walking
1790433385.4444034,27251,Person 37,-939.2,2006.7,-560.0,2393.75,-27.41,True,Active,abdullah,Backward,Normal,1: Walking
1790433385.5446162,27252,Person 37,-980.5,2034.8,-390.0,2435.66,-28.23,True,Active,abdullah,Backward,Normal,1: Walking
1790433385.6369123,27253,Person 37,-1019.2,2061.5,-390.0,2462.35,-28.45,True,Active,abdullah,Backward,Normal,1: Walking
1790433385.7869666,27254,Person 37,-1054.9,2084.2,-390.0,2484.17,-28.94,True,Active,abdullah,Backward,Normal,1: Walking
1790433385.947046,27255,Person 37,-1089.2,2104.3,-390.0,2505.88,-29.69,True,Active,abdullah,Backward,Normal,1: Walking
1790433385.9669085,27256,Person 37,-1089.2,2104.3,-390.0,2505.88,-29.69,True,Predicted,abdullah,Backward,Normal,1: Walking
1790433386.0265188,27257,Person 37,-1129.6,2119.9,-160.0,2540.5,-32.02,True,Active,abdullah,Backward,Normal,1: Walking
1790433386.072159,27258,Person 37,-1173.5,2128.5,-160.0,2549.17,-34.01,True,Active,abdullah,Backward,Normal,1: Walking
1790433386.1572282,27259,Person 37,-1222.0,2130.6,-560.0,2565.31,-35.98,True,Active,abdullah,Backward,Normal,1: Walking
1790433386.260015,27260,Person 37,-1277.2,2126.7,-80.0,2579.52,-37.77,True,Active,abdullah,Backward,Normal,1: Walking
1790433386.3432436,27261,Person 37,-1336.5,2118.3,-160.0,2594.11,-39.07,True,Active,abdullah,Backward,Normal,1: Walking
1790433386.4358175,27262,Person 37,-1395.4,2107.2,-240.0,2629.77,-40.02,True,Active,abdullah,Backward,Normal,1: Walking
1790433386.5203354,27263,Person 37,-1452.3,2095.1,-240.0,2657.53,-40.36,True,Active,abdullah,Backward,Normal,1: Walking
1790433386.6089756,27264,Person 37,-1509.2,2083.0,-390.0,2685.61,-40.44,True,Active,abdullah,Backward,Normal,1: Walking
1790433386.693483,27265,Person 37,-1563.4,2074.4,-390.0,2720.53,-39.87,True,Active,abdullah,Backward,Normal,1: Walking
1790433386.77982,27266,Person 37,-1612.9,2070.3,-390.0,2752.49,-39.1,True,Active,abdullah,Backward,Normal,1: Walking
1790433386.870044,27267,Person 37,-1652.3,2072.2,-560.0,2784.42,-38.7,True,Active,abdullah,Backward,Normal,1: Walking
1790433387.0109375,27268,Person 37,-1685.8,2081.9,-240.0,2825.81,-38.55,True,Active,abdullah,Backward,Normal,1: Walking
1790433387.0513332,27269,Person 37,-1714.0,2098.2,-560.0,2865.95,-38.63,True,Active,abdullah,Backward,Normal,1: Walking
1790433387.1362824,27270,Person 37,-1737.5,2121.9,-240.0,2911.08,-38.57,True,Active,abdullah,Backward,Normal,1: Walking
1790433387.2280097,27271,Person 37,-1756.2,2153.3,-160.0,2956.23,-38.05,True,Active,abdullah,Backward,Normal,1: Walking
1790433387.3151686,27272,Person 37,-1764.5,2192.4,-160.0,2988.49,-36.41,True,Active,abdullah,Backward,Normal,1: Walking
1790433387.4267063,27273,Person 37,-1764.6,2238.2,80.0,3021.68,-34.74,True,Active,abdullah,Backward,Normal,1: Walking
1790433387.5223372,27274,Person 37,-1765.2,2280.6,240.0,3024.32,-35.31,True,Active,abdullah,Backward,Normal,1: Walking
1790433387.611388,27275,Person 37,-1769.1,2317.2,240.0,3033.35,-36.0,True,Active,abdullah,Backward,Normal,1: Walking
1790433387.7071803,27276,Person 37,-1774.6,2348.9,240.0,3037.25,-36.13,True,Active,abdullah,Backward,Normal,1: Walking
1790433387.759317,27277,Person 37,-1779.2,2378.4,240.0,3047.03,-35.91,True,Active,abdullah,Backward,Normal,1: Walking
1790433387.8834925,27278,Person 37,-1781.6,2404.7,80.0,3049.91,-35.82,True,Active,abdullah,Backward,Normal,1: Walking
1790433387.9374104,27279,Person 37,-1779.3,2429.1,240.0,3046.97,-35.42,True,Active,abdullah,Backward,Normal,1: Walking
1790433388.0258038,27280,Person 37,-1773.0,2449.7,240.0,3038.06,-35.22,True,Active,abdullah,Backward,Normal,1: Walking
1790433388.121388,27281,Person 37,-1765.8,2464.2,320.0,3029.56,-35.28,True,Active,abdullah,Backward,Normal,1: Walking
1790433388.3480144,27282,Person 37,-1762.4,2470.2,390.0,3017.25,-35.22,True,Active,abdullah,Backward,Normal,1: Walking
1790433388.3706427,27283,Person 37,-1761.6,2469.5,320.0,3011.37,-34.69,True,Active,abdullah,Backward,Normal,1: Walking
1790433388.4306388,27284,Person 37,-1755.4,2470.7,640.0,2998.83,-34.21,True,Active,abdullah,Backward,Normal,1: Walking
1790433388.4771457,27285,Person 37,-1743.3,2472.1,720.0,2975.44,-33.96,True,Active,abdullah,Backward,Normal,1: Walking
1790433388.561462,27286,Person 37,-1727.3,2471.5,880.0,2940.74,-33.68,True,Active,abdullah,Backward,Normal,1: Walking
1790433388.6499097,27287,Person 37,-1706.5,2464.4,720.0,2870.34,-33.37,True,Active,abdullah,Backward,Normal,1: Walking
1790433388.7452183,27288,Person 37,-1681.3,2452.7,480.0,2810.84,-33.05,True,Active,abdullah,Backward,Normal,1: Walking
1790433388.8551462,27289,Person 37,-1652.3,2438.1,480.0,2764.08,-32.28,True,Active,abdullah,Backward,Normal,1: Walking
1790433388.9514296,27290,Person 37,-1620.6,2420.8,480.0,2718.59,-31.86,True,Active,abdullah,Backward,Normal,1: Walking
1790433389.0869632,27291,Person 37,-1586.8,2399.6,480.0,2665.68,-31.98,True,Active,abdullah,Backward,Normal,1: Walking
1790433389.4197278,27292,Person 37,-1550.8,2374.8,390.0,2611.42,-31.9,True,Active,abdullah,Backward,Normal,1: Walking
1790433389.462048,27293,Person 37,-1514.5,2343.6,480.0,2551.1,-31.98,True,Active,abdullah,Backward,Normal,1: Walking
1790433389.4890542,27294,Person 37,-1477.0,2306.9,790.0,2486.66,-31.82,True,Active,abdullah,Backward,Normal,1: Walking
1790433389.5186706,27295,Person 37,-1436.4,2269.1,560.0,2438.37,-31.0,True,Active,abdullah,Backward,Normal,1: Walking
1790433389.5462272,27296,Person 37,-1390.2,2232.9,480.0,2390.35,-29.28,True,Active,abdullah,Backward,Normal,1: Walking
1790433389.5729895,27297,Person 37,-1341.5,2199.6,560.0,2335.07,-27.88,True,Active,abdullah,Backward,Normal,1: Walking
1790433389.732325,27298,Person 37,-1291.4,2167.2,560.0,2279.05,-26.92,True,Active,abdullah,Backward,Normal,1: Walking
1790433391.2251964,27299,Person 37,-982.0,2000.0,720.0,2228.08,-26.15,True,Active,abdullah,Backward,Normal,1: Walking
1790433393.2058933,27300,Person 37,-949.0,1950.0,790.0,2168.66,-25.95,True,Active,abdullah,Backward,Normal,1: Walking
1790433393.2263975,27301,Person 37,-949.0,1950.0,790.0,2168.66,-25.95,True,Predicted,abdullah,Backward,Normal,1: Walking
1790433393.246986,27302,Person 37,-949.0,1950.0,790.0,2168.66,-25.95,True,Predicted,abdullah,Backward,Normal,1: Walking
1790433393.2679846,27303,Person 37,-877.0,1875.0,640.0,1971.81,-24.1,True,Active,abdullah,Backward,Normal,1: Walking
1790433393.2886193,27304,Person 37,-832.67,1834.67,560.0,1905.27,-22.99,True,Active,abdullah,Backward,Normal,1: Walking
1790433393.3096192,27305,Person 37,-799.25,1801.75,560.0,1840.87,-22.32,True,Active,abdullah,Backward,Normal,1: Walking
1790433393.3296192,27306,Person 37,-770.8,1772.2,560.0,1779.71,-21.66,True,Active,abdullah,Backward,Normal,1: Walking
1790433393.350619,27307,Person 37,-745.5,1744.5,640.0,1721.16,-21.08,True,Active,abdullah,Backward,Normal,1: Walking
1790433393.3741302,27308,Person 37,-720.57,1717.0,560.0,1653.71,-20.2,True,Active,abdullah,Backward,Normal,1: Walking
1790433393.3951566,27309,Person 37,-694.75,1689.75,560.0,1584.68,-18.93,True,Active,abdullah,Backward,Normal,1: Walking
1790433393.4161568,27310,Person 37,-670.33,1663.67,720.0,1530.57,-18.08,True,Active,abdullah,Backward,Normal,1: Walking
1790433393.4361567,27311,Person 37,-646.2,1639.3,480.0,1483.39,-16.81,True,Active,abdullah,Backward,Normal,1: Walking
1790433393.4572978,27312,Person 37,-588.4,1582.3,480.0,1429.0,-15.05,True,Active,abdullah,Backward,Normal,1: Walking
1790433393.4779277,27313,Person 37,-541.1,1536.1,480.0,1378.57,-13.94,True,Active,abdullah,Backward,Normal,1: Walking
1790433393.4990478,27314,Person 37,-498.7,1491.0,560.0,1341.72,-13.8,True,Active,abdullah,Backward,Normal,1: Walking
1790433393.519683,27315,Person 37,-458.4,1447.2,640.0,1299.17,-13.17,True,Active,abdullah,Backward,Normal,1: Walking
1790433393.5398476,27316,Person 37,-417.1,1406.2,390.0,1267.7,-11.1,True,Active,abdullah,Backward,Normal,1: Walking
1790433393.5608728,27317,Person 37,-374.5,1365.5,640.0,1214.43,-9.14,True,Active,abdullah,Backward,Normal,1: Walking
1790433393.5853777,27318,Person 37,-332.9,1325.3,720.0,1160.4,-7.68,True,Active,abdullah,Backward,Normal,1: Walking
1790433393.6063786,27319,Person 37,-293.8,1285.0,560.0,1102.88,-6.4,True,Active,abdullah,Backward,Normal,1: Walking
1790433393.626404,27320,Person 37,-256.1,1243.2,480.0,1041.62,-5.4,True,Active,abdullah,Backward,Normal,1: Walking
1790433393.648524,27321,Person 37,-222.3,1198.4,320.0,976.25,-5.35,True,Active,abdullah,Backward,Normal,1: Walking
1790433393.6705256,27322,Person 37,-192.5,1153.1,240.0,929.87,-4.5,True,Active,abdullah,Backward,Normal,1: Walking
1790433393.6920307,27323,Person 37,-162.6,1106.7,240.0,874.62,-2.16,True,Active,abdullah,Backward,Normal,1: Walking
1790433393.7120304,27324,Person 37,-129.6,1057.8,160.0,814.06,0.7,True,Active,abdullah,Backward,Normal,1: Walking
1790433393.7330313,27325,Person 37,-94.5,1008.0,-80.0,768.97,4.1,True,Active,abdullah,Backward,Normal,1: Walking
1790433393.7540593,27326,Person 37,-60.6,956.6,-80.0,736.16,7.41,True,Active,abdullah,Backward,Normal,1: Walking
1790433393.7755656,27327,Person 37,-26.8,907.1,0.0,718.78,11.64,True,Active,abdullah,Backward,Normal,1: Walking
1790433393.8075924,27328,Person 37,7.7,860.9,-80.0,713.75,15.44,True,Active,abdullah,Backward,Normal,1: Walking
1790433393.8365924,27329,Person 37,43.8,818.5,80.0,712.9,19.5,True,Active,abdullah,Backward,Normal,1: Walking
1790433393.8575935,27330,Person 37,80.7,780.9,-240.0,714.4,22.29,True,Active,abdullah,Backward,Normal,1: Walking
1790433393.8780987,27331,Person 37,118.9,749.8,-320.0,722.22,23.76,True,Active,abdullah,Backward,Normal,1: Walking
1790433393.8990989,27332,Person 37,157.8,723.2,-320.0,732.65,25.55,True,Active,abdullah,Backward,Normal,1: Walking
1790433393.9190989,27333,Person 37,195.3,700.9,-80.0,735.37,27.71,True,Active,abdullah,Backward,Normal,1: Walking
1790433393.9400988,27334,Person 37,230.6,685.1,-390.0,749.74,28.96,True,Active,abdullah,Backward,Normal,1: Walking
1790433393.9610996,27335,Person 37,262.5,675.1,-480.0,764.7,29.28,True,Active,abdullah,Backward,Normal,1: Walking
1790433393.9826047,27336,Person 37,291.4,670.2,-560.0,781.8,29.42,True,Active,abdullah,Backward,Normal,1: Walking
1790433394.0046046,27337,Person 37,316.1,669.5,-560.0,799.67,29.35,True,Active,abdullah,Backward,Normal,1: Walking
1790433394.0246046,27338,Person 37,337.0,672.6,-560.0,822.29,29.03,True,Active,abdullah,Backward,Normal,1: Walking
1790433394.0556045,27339,Person 37,353.8,679.8,-560.0,847.57,28.62,True,Active,abdullah,Backward,Normal,1: Walking
1790433394.0771103,27340,Person 37,367.7,690.0,-240.0,866.18,28.25,True,Active,abdullah,Backward,Normal,1: Walking
1790433394.1011102,27341,Person 37,379.6,702.7,-390.0,888.28,27.49,True,Active,abdullah,Backward,Normal,1: Walking
1790433394.1231108,27342,Person 37,388.9,717.3,-160.0,904.73,26.88,True,Active,abdullah,Backward,Normal,1: Walking
1790433394.1441107,27343,Person 37,395.4,734.1,-160.0,914.55,26.42,True,Active,abdullah,Backward,Normal,1: Walking
1790433394.1661112,27344,Person 37,399.2,751.7,-240.0,923.59,25.73,True,Active,abdullah,Backward,Normal,1: Walking
1790433394.1896167,27345,Person 37,400.2,769.7,-320.0,929.98,24.39,True,Active,abdullah,Backward,Normal,1: Walking
1790433394.2126167,27346,Person 37,397.5,788.3,-320.0,937.62,22.38,True,Active,abdullah,Backward,Normal,1: Walking
1790433394.2366166,27347,Person 37,390.8,807.5,-390.0,946.54,20.08,True,Active,abdullah,Backward,Normal,1: Walking
1790433394.2656176,27348,Person 37,377.8,830.1,-390.0,982.54,15.89,True,Active,abdullah,Backward,Normal,1: Walking
1790433394.2881236,27349,Person 37,359.3,856.4,-480.0,1030.97,12.38,True,Active,abdullah,Backward,Normal,1: Walking
1790433394.3278968,27350,Person 37,335.2,886.8,-560.0,1080.3,9.0,True,Active,abdullah,Backward,Normal,1: Walking
1790433394.358898,27351,Person 37,306.1,920.5,-640.0,1131.28,6.04,True,Active,abdullah,Backward,Normal,1: Walking
1790433394.4383788,27352,Person 37,270.3,957.5,-640.0,1178.1,2.48,True,Active,abdullah,Backward,Normal,1: Walking
1790433394.5418518,27353,Person 37,228.5,997.8,-560.0,1222.05,-0.52,True,Active,abdullah,Backward,Normal,1: Walking
1790433394.6179094,27354,Person 37,181.2,1040.4,-480.0,1260.06,-3.28,True,Active,abdullah,Backward,Normal,1: Walking
1790433394.701807,27355,Person 37,129.7,1084.7,-480.0,1296.63,-5.8,True,Active,abdullah,Backward,Normal,1: Walking
1790433394.7938783,27356,Person 37,75.3,1131.3,-480.0,1346.05,-7.99,True,Active,abdullah,Backward,Normal,1: Walking
1790433394.883133,27357,Person 37,19.2,1179.6,-560.0,1392.15,-9.76,True,Active,abdullah,Backward,Normal,1: Walking
1790433394.995639,27358,Person 37,-36.0,1226.2,-560.0,1439.1,-11.34,True,Active,abdullah,Backward,Normal,1: Walking
1790433395.0836957,27359,Person 37,-91.1,1269.8,-640.0,1480.25,-12.88,True,Active,abdullah,Backward,Normal,1: Walking
1790433395.2167788,27360,Person 37,-144.3,1312.5,-480.0,1537.47,-13.66,True,Active,abdullah,Backward,Normal,1: Walking
1790433395.2606037,27361,Person 37,-195.5,1355.3,-480.0,1601.95,-14.2,True,Active,abdullah,Backward,Normal,1: Walking
1790433395.348979,27362,Person 37,-244.1,1399.1,-560.0,1672.56,-15.07,True,Active,abdullah,Backward,Normal,1: Walking
1790433395.4610913,27363,Person 37,-291.4,1443.4,-640.0,1733.92,-16.21,True,Active,abdullah,Backward,Normal,1: Walking
1790433395.5089278,27364,Person 37,-338.3,1487.1,-560.0,1779.24,-17.7,True,Active,abdullah,Backward,Normal,1: Walking
1790433395.6430743,27365,Person 37,-385.4,1530.8,-560.0,1828.92,-19.22,True,Active,abdullah,Backward,Normal,1: Walking
1790433395.6792157,27366,Person 37,-431.5,1574.9,-790.0,1888.65,-20.07,True,Active,abdullah,Backward,Normal,1: Walking
