timestamp,sequence_id,target_id,x_mm,y_mm,speed_mms,distance_mm,angle_deg,valid,status,volunteer_id,fall_subtype,pace_variant,action_label
1789914692.4959183,11253,Person B,473.4,1221.5,-480.0,1320.61,20.99,True,Active,Aiman,None,Normal,1: Walking
1789914692.5786664,11254,Person B,473.4,1223.2,-390.0,1327.29,21.02,True,Active,Aiman,None,Normal,1: Walking
1789914692.6890883,11255,Person B,473.4,1225.7,-390.0,1338.06,21.02,True,Active,Aiman,None,Normal,1: Walking
1789914692.7672105,11256,Person B,473.5,1228.9,-240.0,1345.31,20.99,True,Active,Aiman,None,Normal,1: Walking
1789914692.8453307,11257,Person B,474.5,1233.6,-320.0,1356.44,21.04,True,Active,Aiman,None,Normal,1: Walking
1789914692.92737,11258,Person B,476.4,1239.7,-240.0,1367.78,20.99,True,Active,Aiman,None,Normal,1: Walking
1789914693.011722,11259,Person B,478.8,1247.0,-160.0,1379.13,20.95,True,Active,Aiman,None,Normal,1: Walking
1789914693.121407,11260,Person B,481.8,1255.4,-80.0,1392.12,20.96,True,Active,Aiman,None,Normal,1: Walking
1789914693.230113,11261,Person B,486.7,1266.7,-80.0,1430.11,21.24,True,Active,Aiman,None,Normal,1: Walking
1789914693.312423,11262,Person B,492.8,1279.8,-160.0,1457.19,21.37,True,Active,Aiman,None,Normal,1: Walking
1789914693.379095,11263,Person B,499.2,1294.2,-160.0,1478.0,21.3,True,Active,Aiman,None,Normal,1: Walking
1789914693.4614184,11264,Person B,505.6,1308.5,-240.0,1483.75,21.34,True,Active,Aiman,None,Normal,1: Walking
1789914693.563339,11265,Person B,511.9,1322.3,-320.0,1489.5,21.38,True,Active,Aiman,None,Normal,1: Walking
1789914693.6640205,11266,Person B,518.7,1336.0,-320.0,1497.65,21.55,True,Active,Aiman,None,Normal,1: Walking
1789914693.7302668,11267,Person B,525.6,1349.5,-480.0,1507.29,21.65,True,Active,Aiman,None,Normal,1: Walking
1789914693.8134496,11268,Person B,533.2,1362.7,-240.0,1518.43,21.89,True,Active,Aiman,None,Normal,1: Walking
1789914693.8960254,11269,Person B,541.8,1375.6,-320.0,1530.73,22.23,True,Active,Aiman,None,Normal,1: Walking
1789914694.0126867,11270,Person B,553.0,1389.8,-390.0,1565.72,22.93,True,Active,Aiman,None,Normal,1: Walking
1789914694.0794075,11271,Person B,564.6,1402.7,0.0,1593.55,23.44,True,Active,Aiman,None,Normal,1: Walking
1789914694.1627913,11272,Person B,577.4,1415.2,160.0,1621.91,23.97,True,Active,Aiman,None,Normal,1: Walking
1789914694.2295008,11273,Person B,591.5,1427.8,240.0,1648.85,24.28,True,Active,Aiman,None,Normal,1: Walking
1789914694.3128839,11274,Person B,607.0,1442.1,240.0,1675.9,24.5,True,Active,Aiman,None,Normal,1: Walking
1789914694.3970442,11275,Person B,623.6,1457.0,480.0,1691.74,24.78,True,Active,Aiman,None,Normal,1: Walking
1789914694.4956708,11276,Person B,640.2,1471.2,560.0,1693.78,25.01,True,Active,Aiman,None,Normal,1: Walking
1789914694.6287146,11277,Person B,657.1,1484.3,560.0,1694.89,25.33,True,Active,Aiman,None,Normal,1: Walking
1789914694.738083,11278,Person B,673.6,1495.9,480.0,1691.15,25.61,True,Active,Aiman,None,Normal,1: Walking
1789914694.8005776,11279,Person B,689.2,1506.0,390.0,1686.58,25.84,True,Active,Aiman,None,Normal,1: Walking
1789914694.9099433,11280,Person B,701.9,1513.0,390.0,1682.06,25.99,True,Active,Aiman,None,Normal,1: Walking
1789914695.0036845,11281,Person B,712.2,1517.5,320.0,1677.56,26.06,True,Active,Aiman,None,Normal,1: Walking
1789914695.075684,11282,Person B,719.8,1519.5,320.0,1672.19,26.07,True,Active,Aiman,None,Normal,1: Walking
1789914695.145646,11283,Person B,725.4,1518.9,320.0,1667.26,26.12,True,Active,Aiman,None,Normal,1: Walking
1789914695.2136054,11284,Person B,729.5,1515.3,390.0,1660.97,26.3,True,Active,Aiman,None,Normal,1: Walking
1789914695.3115516,11285,Person B,732.3,1509.7,320.0,1653.35,26.47,True,Active,Aiman,None,Normal,1: Walking
1789914695.411491,11286,Person B,734.8,1503.2,240.0,1646.2,26.75,True,Active,Aiman,None,Normal,1: Walking
1789914695.4894514,11287,Person B,736.9,1495.6,320.0,1635.99,27.13,True,Active,Aiman,None,Normal,1: Walking
1789914695.5664222,11288,Person B,739.3,1483.5,240.0,1594.13,28.27,True,Active,Aiman,None,Normal,1: Walking
1789914695.6463573,11289,Person B,742.2,1466.9,320.0,1552.93,29.47,True,Active,Aiman,None,Normal,1: Walking
1789914695.7413063,11290,Person B,745.9,1442.7,320.0,1487.27,31.36,True,Active,Aiman,None,Normal,1: Walking
1789914695.8232586,11291,Person B,752.2,1412.5,390.0,1446.38,33.58,True,Active,Aiman,None,Normal,1: Walking
1789914695.9042292,11292,Person B,759.0,1380.4,390.0,1428.14,34.21,True,Active,Aiman,None,Normal,1: Walking
1789914696.0641236,11293,Person B,765.4,1346.0,390.0,1402.22,34.69,True,Active,Aiman,None,Normal,1: Walking
1789914696.1590636,11294,Person B,770.0,1310.0,320.0,1373.38,34.71,True,Active,Aiman,None,Normal,1: Walking
1789914696.2510116,11295,Person B,772.5,1273.3,160.0,1348.86,34.4,True,Active,Aiman,None,Normal,1: Walking
1789914696.3379598,11296,Person B,772.5,1236.1,160.0,1324.65,34.01,True,Active,Aiman,None,Normal,1: Walking
1789914696.415936,11297,Person B,770.0,1199.3,80.0,1305.21,33.53,True,Active,Aiman,None,Normal,1: Walking
1789914696.4918742,11298,Person B,764.9,1168.2,0.0,1300.1,32.79,True,Active,Aiman,None,Normal,1: Walking
1789914696.6687727,11299,Person B,758.8,1143.4,-80.0,1308.83,32.49,True,Active,Aiman,None,Normal,1: Walking
1789914696.7737136,11300,Person B,751.1,1128.3,-160.0,1318.32,31.92,True,Active,Aiman,None,Normal,1: Walking
1789914696.861664,11301,Person B,738.4,1120.1,-240.0,1309.22,30.93,True,Active,Aiman,None,Normal,1: Walking
1789914696.935888,11302,Person B,722.6,1113.8,-240.0,1290.72,29.98,True,Active,Aiman,None,Normal,1: Walking
1789914697.0017102,11303,Person B,704.9,1109.3,-320.0,1270.16,29.27,True,Active,Aiman,None,Normal,1: Walking
1789914697.0798295,11304,Person B,687.5,1106.9,-390.0,1261.23,28.82,True,Active,Aiman,None,Normal,1: Walking
1789914697.1735532,11305,Person B,670.8,1106.1,-320.0,1255.01,28.3,True,Active,Aiman,None,Normal,1: Walking
1789914697.2829213,11306,Person B,655.3,1107.8,-390.0,1259.61,27.72,True,Active,Aiman,None,Normal,1: Walking
1789914697.345436,11307,Person B,641.2,1111.9,-320.0,1269.27,27.19,True,Active,Aiman,None,Normal,1: Walking
1789914697.423536,11308,Person B,627.9,1117.3,-320.0,1281.27,26.47,True,Active,Aiman,None,Normal,1: Walking
1789914697.517282,11309,Person B,614.6,1122.7,-240.0,1290.68,26.21,True,Active,Aiman,None,Normal,1: Walking
1789914697.5953991,11310,Person B,600.6,1127.9,-240.0,1296.72,25.44,True,Active,Aiman,None,Normal,1: Walking
1789914697.6891422,11311,Person B,587.3,1134.9,-240.0,1309.52,24.35,True,Active,Aiman,None,Normal,1: Walking
1789914697.7829056,11312,Person B,573.9,1144.2,-240.0,1314.4,22.88,True,Active,Aiman,None,Normal,1: Walking
1789914697.8453844,11313,Person B,560.6,1156.4,-320.0,1323.27,21.64,True,Active,Aiman,None,Normal,1: Walking
1789914697.9235008,11314,Person B,546.9,1172.8,-320.0,1353.59,20.36,True,Active,Aiman,None,Normal,1: Walking
1789914698.0172458,11315,Person B,534.7,1190.9,-390.0,1370.23,20.19,True,Active,Aiman,None,Normal,1: Walking
1789914698.1109905,11316,Person B,523.2,1210.2,-320.0,1390.22,19.8,True,Active,Aiman,None,Normal,1: Walking
1789914698.1735022,11317,Person B,511.5,1230.5,-390.0,1410.17,19.17,True,Active,Aiman,None,Normal,1: Walking
1789914698.2672267,11318,Person B,500.2,1251.6,-320.0,1433.15,18.64,True,Active,Aiman,None,Normal,1: Walking
1789914698.345349,11319,Person B,489.2,1274.6,-160.0,1462.24,18.34,True,Active,Aiman,None,Normal,1: Walking
1789914698.4234686,11320,Person B,480.4,1300.4,-240.0,1504.0,18.17,True,Active,Aiman,None,Normal,1: Walking
1789914698.528121,11321,Person B,473.6,1326.0,-160.0,1523.94,18.04,True,Active,Aiman,None,Normal,1: Walking
1789914698.6040978,11322,Person B,470.4,1352.2,0.0,1548.93,18.01,True,Active,Aiman,None,Normal,1: Walking
1789914698.6810224,11323,Person B,470.4,1379.0,-80.0,1575.48,18.04,True,Active,Aiman,None,Normal,1: Walking
1789914698.7619796,11324,Person B,475.3,1405.4,-160.0,1618.79,18.74,True,Active,Aiman,None,Normal,1: Walking
1789914698.865919,11325,Person B,483.7,1431.4,-80.0,1643.28,19.81,True,Active,Aiman,None,Normal,1: Walking
1789914698.9758668,11326,Person B,494.5,1455.4,-80.0,1652.74,20.51,True,Active,Aiman,None,Normal,1: Walking
1789914699.051833,11327,Person B,506.6,1477.0,-80.0,1654.5,20.67,True,Active,Aiman,None,Normal,1: Walking
1789914699.1267903,11328,Person B,520.5,1496.5,-160.0,1663.8,21.03,True,Active,Aiman,None,Normal,1: Walking
1789914699.207728,11329,Person B,537.0,1513.1,-80.0,1674.97,21.91,True,Active,Aiman,None,Normal,1: Walking
1789914699.293675,11330,Person B,560.7,1524.4,480.0,1695.94,24.6,True,Active,Aiman,None,Normal,1: Walking
1789914699.3816268,11331,Person B,590.2,1531.3,160.0,1700.77,26.81,True,Active,Aiman,None,Normal,1: Walking
1789914699.4695802,11332,Person B,622.3,1534.6,240.0,1705.3,27.98,True,Active,Aiman,None,Normal,1: Walking
1789914699.5423825,11333,Person B,655.6,1533.1,320.0,1695.09,28.97,True,Active,Aiman,None,Normal,1: Walking
1789914699.625339,11334,Person B,686.0,1525.9,320.0,1677.35,29.42,True,Active,Aiman,None,Normal,1: Walking
1789914699.7242823,11335,Person B,713.9,1513.8,320.0,1652.13,30.4,True,Active,Aiman,None,Normal,1: Walking
1789914699.8122318,11336,Person B,739.5,1498.8,320.0,1628.38,30.85,True,Active,Aiman,None,Normal,1: Walking
1789914699.8891878,11337,Person B,764.4,1481.6,240.0,1608.5,31.19,True,Active,Aiman,None,Normal,1: Walking
1789914699.9631646,11338,Person B,788.0,1462.8,240.0,1599.1,31.39,True,Active,Aiman,None,Normal,1: Walking
1789914700.0381029,11339,Person B,808.9,1442.5,320.0,1587.69,31.69,True,Active,Aiman,None,Normal,1: Walking
1789914700.1200588,11340,Person B,822.1,1422.2,160.0,1579.61,32.04,True,Active,Aiman,None,Normal,1: Walking
1789914700.2339938,11341,Person B,830.3,1402.0,240.0,1566.1,32.83,True,Active,Aiman,None,Normal,1: Walking
1789914700.309948,11342,Person B,837.7,1377.4,240.0,1533.45,34.75,True,Active,Aiman,None,Normal,1: Walking
1789914700.3849034,11343,Person B,846.5,1350.8,160.0,1519.0,36.76,True,Active,Aiman,None,Normal,1: Walking
1789914700.4599674,11344,Person B,857.9,1322.4,240.0,1505.05,38.55,True,Active,Aiman,None,Normal,1: Walking
1789914700.5449333,11345,Person B,869.7,1294.0,390.0,1487.28,39.9,True,Active,Aiman,None,Normal,1: Walking
1789914700.6398625,11346,Person B,883.2,1265.1,390.0,1473.36,41.17,True,Active,Aiman,None,Normal,1: Walking
1789914700.7059748,11347,Person B,897.8,1235.1,390.0,1454.72,42.3,True,Active,Aiman,None,Normal,1: Walking
1789914700.784094,11348,Person B,911.9,1204.4,390.0,1438.07,42.63,True,Active,Aiman,None,Normal,1: Walking
1789914700.8622139,11349,Person B,925.3,1174.3,320.0,1428.12,42.67,True,Active,Aiman,None,Normal,1: Walking
1789914700.9403334,11350,Person B,937.4,1143.5,390.0,1408.06,42.93,True,Active,Aiman,None,Normal,1: Walking
1789914701.0340958,11351,Person B,947.2,1112.7,390.0,1383.07,43.21,True,Active,Aiman,None,Normal,1: Walking
1789914701.112199,11352,Person B,952.5,1083.2,320.0,1338.12,43.85,True,Active,Aiman,None,Normal,1: Walking
1789914701.1903162,11353,Person B,950.7,1055.5,320.0,1295.18,43.47,True,Active,Aiman,None,Normal,1: Walking
1789914701.2684555,11354,Person B,942.6,1029.8,390.0,1257.32,42.97,True,Active,Aiman,None,Normal,1: Walking
1789914701.330931,11355,Person B,930.6,1005.5,320.0,1225.54,42.88,True,Active,Aiman,None,Normal,1: Walking
1789914701.4090543,11356,Person B,915.0,982.5,160.0,1198.01,42.8,True,Active,Aiman,None,Normal,1: Walking
1789914701.502814,11357,Person B,898.1,961.7,160.0,1187.23,43.02,True,Active,Aiman,None,Normal,1: Walking
1789914701.5965424,11358,Person B,880.9,942.5,320.0,1180.32,42.8,True,Active,Aiman,None,Normal,1: Walking
1789914701.7371547,11359,Person B,862.3,924.0,240.0,1166.08,42.12,True,Active,Aiman,None,Normal,1: Walking
1789914701.8465226,11360,Person B,843.0,907.5,-80.0,1156.16,41.49,True,Active,Aiman,None,Normal,1: Walking
1789914701.9246423,11361,Person B,823.4,893.7,-80.0,1149.3,40.8,True,Active,Aiman,None,Normal,1: Walking
1789914702.002762,11362,Person B,803.3,884.1,0.0,1132.36,39.88,True,Active,Aiman,None,Normal,1: Walking
1789914702.0652575,11363,Person B,785.2,876.9,-240.0,1121.39,39.28,True,Active,Aiman,None,Normal,1: Walking
1789914702.1433768,11364,Person B,768.6,872.0,-240.0,1111.81,38.43,True,Active,Aiman,None,Normal,1: Walking
1789914702.2371178,11365,Person B,751.4,870.5,-80.0,1103.6,36.86,True,Active,Aiman,None,Normal,1: Walking
1789914702.3464897,11366,Person B,731.9,872.9,-320.0,1094.79,34.43,True,Active,Aiman,None,Normal,1: Walking
1789914702.4246233,11367,Person B,709.6,877.8,-480.0,1088.79,32.62,True,Active,Aiman,None,Normal,1: Walking
1789914702.4871202,11368,Person B,687.2,883.8,-640.0,1091.59,31.97,True,Active,Aiman,None,Normal,1: Walking
1789914702.5652392,11369,Person B,666.4,891.1,-640.0,1099.69,31.46,True,Active,Aiman,None,Normal,1: Walking
1789914702.6433425,11370,Person B,646.5,899.9,-320.0,1109.78,30.72,True,Active,Aiman,None,Normal,1: Walking
1789914702.7214584,11371,Person B,628.0,909.7,-480.0,1121.33,30.32,True,Active,Aiman,None,Normal,1: Walking
1789914702.815207,11372,Person B,611.6,920.7,-240.0,1128.84,29.86,True,Active,Aiman,None,Normal,1: Walking
1789914702.877701,11373,Person B,597.6,933.2,-320.0,1144.97,29.86,True,Active,Aiman,None,Normal,1: Walking
1789914702.9558184,11374,Person B,587.5,947.0,-320.0,1168.84,30.32,True,Active,Aiman,None,Normal,1: Walking
1789914703.0339403,11375,Person B,582.5,960.9,-390.0,1191.23,30.91,True,Active,Aiman,None,Normal,1: Walking
1789914703.1276798,11376,Person B,584.5,973.8,-390.0,1213.81,31.77,True,Active,Aiman,None,Normal,1: Walking
1789914703.2214236,11377,Person B,593.0,985.1,-640.0,1229.83,33.12,True,Active,Aiman,None,Normal,1: Walking
1789914703.2995465,11378,Person B,605.6,995.0,-560.0,1243.48,34.48,True,Active,Aiman,None,Normal,1: Walking
1789914703.3620422,11379,Person B,624.4,1003.8,-640.0,1278.01,36.6,True,Active,Aiman,None,Normal,1: Walking
1789914703.4714103,11380,Person B,648.0,1013.2,-640.0,1320.27,37.46,True,Active,Aiman,None,Normal,1: Walking
1789914703.5495293,11381,Person B,674.2,1022.1,-560.0,1342.7,38.07,True,Active,Aiman,None,Normal,1: Walking
1789914703.6276464,11382,Person B,706.0,1032.9,-640.0,1398.56,38.99,True,Active,Aiman,None,Normal,1: Walking
1789914703.7057843,11383,Person B,742.2,1045.2,-640.0,1453.99,39.87,True,Active,Aiman,None,Normal,1: Walking
1789914703.783888,11384,Person B,782.3,1058.2,-640.0,1509.77,41.03,True,Active,Aiman,None,Normal,1: Walking
1789914703.8620071,11385,Person B,825.7,1072.8,-960.0,1567.91,41.85,True,Active,Aiman,None,Normal,1: Walking
1789914703.9557464,11386,Person B,872.3,1089.2,-960.0,1628.32,42.74,True,Active,Aiman,None,Normal,1: Walking
1789914704.033385,11387,Person B,921.3,1110.5,-1440.0,1701.56,43.07,True,Active,Aiman,None,Normal,1: Walking
1789914704.1115127,11388,Person B,973.0,1138.3,-1190.0,1785.68,43.14,True,Active,Aiman,None,Normal,1: Walking
1789914704.189649,11389,Person B,1025.2,1171.5,-720.0,1868.91,43.4,True,Active,Aiman,None,Normal,1: Walking
1789914704.2833753,11390,Person B,1080.7,1205.7,-720.0,1943.26,44.33,True,Active,Aiman,None,Normal,1: Walking
1789914704.3614962,11391,Person B,1142.4,1240.1,-560.0,2012.67,45.89,True,Active,Aiman,None,Normal,1: Walking
1789914704.4396145,11392,Person B,1208.1,1271.7,-560.0,2081.05,47.61,True,Active,Aiman,None,Normal,1: Walking
1789914704.5177333,11393,Person B,1277.7,1300.0,-560.0,2146.53,49.33,True,Active,Aiman,None,Normal,1: Walking
1789914704.5958738,11394,Person B,1348.1,1328.8,-640.0,2215.71,49.91,True,Active,Aiman,None,Normal,1: Walking
1789914704.673973,11395,Person B,1418.8,1357.7,-640.0,2279.44,50.27,True,Active,Aiman,None,Normal,1: Walking
1789914704.7989612,11396,Person B,1488.7,1387.0,-640.0,2339.13,50.46,True,Active,Aiman,None,Normal,5: Lying down (controlled)
1789914704.8804567,11397,Person B,1557.2,1414.5,-640.0,2390.76,50.58,True,Active,Aiman,None,Normal,5: Lying down (controlled)
1789914704.9584353,11398,Person B,1623.5,1438.7,-640.0,2436.49,50.65,True,Active,Aiman,None,Normal,5: Lying down (controlled)
1789914705.0353718,11399,Person B,1686.6,1459.9,-640.0,2476.31,50.65,True,Active,Aiman,None,Normal,5: Lying down (controlled)
1789914705.1263318,11400,Person B,1744.9,1480.0,-640.0,2509.73,50.66,True,Active,Aiman,None,Normal,5: Lying down (controlled)
1789914705.2200963,11401,Person B,1796.7,1500.8,-640.0,2538.16,50.66,True,Active,Aiman,None,Normal,5: Lying down (controlled)
1789914705.300106,11402,Person B,1840.2,1522.2,-640.0,2550.19,50.65,True,Active,Aiman,None,Normal,5: Lying down (controlled)
1789914705.3870564,11403,Person B,1875.5,1544.8,-640.0,2562.22,50.64,True,Active,Aiman,None,Normal,5: Lying down (controlled)
1789914705.4620135,11404,Person B,1904.8,1565.3,-640.0,2572.07,50.62,True,Active,Aiman,None,Normal,5: Lying down (controlled)
1789914705.5699549,11405,Person B,1929.0,1583.4,-640.0,2581.29,50.61,True,Active,Aiman,None,Normal,5: Lying down (controlled)
1789914705.6869037,11406,Person B,1948.8,1598.8,-640.0,2589.88,50.62,True,Active,Aiman,None,Normal,5: Lying down (controlled)
1789914705.7628443,11407,Person B,1964.8,1611.8,-640.0,2596.91,50.61,True,Active,Aiman,None,Normal,5: Lying down (controlled)
1789914705.8787754,11408,Person B,1977.6,1622.5,-640.0,2603.31,50.61,True,Active,Aiman,None,Normal,5: Lying down (controlled)
1789914706.0062606,11409,Person B,1987.8,1631.1,-640.0,2609.72,50.61,True,Active,Aiman,None,Normal,5: Lying down (controlled)
1789914706.1000032,11410,Person B,1987.8,1631.1,-640.0,2609.72,50.61,True,Predicted,Aiman,None,Normal,5: Lying down (controlled)
1789914706.1937468,11411,Person B,1987.8,1631.1,-640.0,2609.72,50.61,True,Predicted,Aiman,None,Normal,5: Lying down (controlled)
1789914706.271886,11412,Person B,1987.8,1631.1,-640.0,2609.72,50.61,True,Predicted,Aiman,None,Normal,5: Lying down (controlled)
1789914706.3812337,11413,Person B,1987.8,1631.1,-640.0,2609.72,50.61,True,Predicted,Aiman,None,Normal,5: Lying down (controlled)
1789914706.4593527,11414,Person B,1987.8,1631.1,-640.0,2609.72,50.61,True,Predicted,Aiman,None,Normal,5: Lying down (controlled)
1789914706.537471,11415,Person B,1987.8,1631.1,-640.0,2609.72,50.61,True,Predicted,Aiman,None,Normal,5: Lying down (controlled)
1789914706.6155925,11416,Person B,1987.8,1631.1,-640.0,2609.72,50.61,True,Predicted,Aiman,None,Normal,5: Lying down (controlled)
1789914706.7093382,11417,Person B,1987.8,1631.1,-640.0,2609.72,50.61,True,Predicted,Aiman,None,Normal,5: Lying down (controlled)
1789914706.7718341,11418,Person B,1987.8,1631.1,-640.0,2609.72,50.61,True,Predicted,Aiman,None,Normal,5: Lying down (controlled)
1789914706.84997,11419,Person B,1987.8,1631.1,-640.0,2609.72,50.61,True,Predicted,Aiman,None,Normal,5: Lying down (controlled)
1789914706.9280703,11420,Person B,1987.8,1631.1,-640.0,2609.72,50.61,True,Predicted,Aiman,None,Normal,5: Lying down (controlled)
1789914707.0374372,11421,Person B,1987.8,1631.1,-640.0,2609.72,50.61,True,Predicted,Aiman,None,Normal,5: Lying down (controlled)
1789914707.1155574,11422,Person B,1987.8,1631.1,-640.0,2609.72,50.61,True,Predicted,Aiman,None,Normal,5: Lying down (controlled)
1789914707.1936762,11423,Person B,1987.8,1631.1,-640.0,2609.72,50.61,True,Predicted,Aiman,None,Normal,5: Lying down (controlled)
1789914707.2561738,11424,Person B,1987.8,1631.1,-640.0,2609.72,50.61,True,Predicted,Aiman,None,Normal,5: Lying down (controlled)
1789914707.3499172,11425,Person B,1987.8,1631.1,-640.0,2609.72,50.61,True,Searching,Aiman,None,Normal,5: Lying down (controlled)
1789914707.4280376,11426,Person B,1987.8,1631.1,-640.0,2609.72,50.61,True,Searching,Aiman,None,Normal,5: Lying down (controlled)
1789914707.5061743,11427,Person B,1987.8,1631.1,-640.0,2609.72,50.61,True,Searching,Aiman,None,Normal,5: Lying down (controlled)
1789914707.5842943,11428,Person B,1987.8,1631.1,-640.0,2609.72,50.61,True,Searching,Aiman,None,Normal,5: Lying down (controlled)
1789914707.662413,11429,Person B,1987.8,1631.1,-640.0,2609.72,50.61,True,Searching,Aiman,None,Normal,5: Lying down (controlled)
1789914707.756137,11430,Person B,1987.8,1631.1,-640.0,2609.72,50.61,True,Searching,Aiman,None,Normal,5: Lying down (controlled)
1789914707.8342566,11431,Person B,1987.8,1631.1,-640.0,2609.72,50.61,True,Searching,Aiman,None,Normal,5: Lying down (controlled)
1789914707.9123952,11432,Person B,1987.8,1631.1,-640.0,2609.72,50.61,True,Searching,Aiman,None,Normal,5: Lying down (controlled)
1789914707.9904988,11433,Person B,1987.8,1631.1,-640.0,2609.72,50.61,True,Searching,Aiman,None,Normal,5: Lying down (controlled)
1789914708.0529943,11434,Person B,1987.8,1631.1,-640.0,2609.72,50.61,True,Searching,Aiman,None,Normal,5: Lying down (controlled)
1789914708.1467342,11435,Person B,1987.8,1631.1,-640.0,2609.72,50.61,True,Searching,Aiman,None,Normal,5: Lying down (controlled)
1789914708.2561052,11436,Person B,1987.8,1631.1,-640.0,2609.72,50.61,True,Searching,Aiman,None,Normal,5: Lying down (controlled)
1789914708.3342247,11437,Person B,1987.8,1631.1,-640.0,2609.72,50.61,True,Searching,Aiman,None,Normal,5: Lying down (controlled)
1789914708.4123442,11438,Person B,1987.8,1631.1,-640.0,2609.72,50.61,True,Searching,Aiman,None,Normal,5: Lying down (controlled)
1789914708.4904659,11439,Person B,1987.8,1631.1,-640.0,2609.72,50.61,True,Searching,Aiman,None,Normal,5: Lying down (controlled)
1789914708.584203,11440,Person B,1987.8,1631.1,-640.0,2609.72,50.61,True,Searching,Aiman,None,Normal,5: Lying down (controlled)
1789914708.6779666,11441,Person B,1987.8,1631.1,-640.0,2609.72,50.61,True,Searching,Aiman,None,Normal,5: Lying down (controlled)
1789914708.7560863,11442,Person B,1987.8,1631.1,-640.0,2609.72,50.61,True,Searching,Aiman,None,Normal,5: Lying down (controlled)
1789914708.83419,11443,Person B,1987.8,1631.1,-640.0,2609.72,50.61,True,Searching,Aiman,None,Normal,5: Lying down (controlled)
1789914708.9123118,11444,Person B,1987.8,1631.1,-640.0,2609.72,50.61,True,Searching,Aiman,None,Normal,5: Lying down (controlled)
1789914709.0060496,11445,Person B,1987.8,1631.1,-640.0,2609.72,50.61,True,Searching,Aiman,None,Normal,5: Lying down (controlled)
1789914709.08715,11446,Person B,1987.8,1631.1,-640.0,2609.72,50.61,True,Searching,Aiman,None,Normal,5: Lying down (controlled)
1789914709.1652691,11447,Person B,1987.8,1631.1,-640.0,2609.72,50.61,True,Searching,Aiman,None,Normal,5: Lying down (controlled)
1789914709.25474,11448,Person B,1987.8,1631.1,-640.0,2609.72,50.61,True,Searching,Aiman,None,Normal,5: Lying down (controlled)
1789914709.3328443,11449,Person B,1987.8,1631.1,-640.0,2609.72,50.61,True,Searching,Aiman,None,Normal,5: Lying down (controlled)
1789914709.4294646,11450,Person B,1987.8,1631.1,-640.0,2609.72,50.61,True,Searching,Aiman,None,Normal,5: Lying down (controlled)
1789914709.5388522,11451,Person B,1987.8,1631.1,-640.0,2609.72,50.61,True,Searching,Aiman,None,Normal,5: Lying down (controlled)
1789914709.6013312,11452,Person B,1987.8,1631.1,-640.0,2609.72,50.61,True,Searching,Aiman,None,Normal,5: Lying down (controlled)
1789914709.6950908,11453,Person B,1987.8,1631.1,-640.0,2609.72,50.61,True,Searching,Aiman,None,Normal,5: Lying down (controlled)
1789914709.7732105,11454,Person B,1987.8,1631.1,-640.0,2609.72,50.61,True,Searching,Aiman,None,Normal,5: Lying down (controlled)
1789914709.8669353,11455,Person B,1987.8,1631.1,-640.0,2609.72,50.61,True,Searching,Aiman,None,Normal,5: Lying down (controlled)
1789914709.9919298,11456,Person B,1987.8,1631.1,-640.0,2609.72,50.61,True,Searching,Aiman,None,Normal,5: Lying down (controlled)
1789914710.1169178,11457,Person B,1987.8,1631.1,-640.0,2609.72,50.61,True,Searching,Aiman,None,Normal,5: Lying down (controlled)
1789914710.21066,11458,Person B,1987.8,1631.1,-640.0,2609.72,50.61,True,Searching,Aiman,None,Normal,5: Lying down (controlled)
1789914710.273157,11459,Person B,1987.8,1631.1,-640.0,2609.72,50.61,True,Searching,Aiman,None,Normal,5: Lying down (controlled)
1789914710.3668997,11460,Person B,1987.8,1631.1,-640.0,2609.72,50.61,True,Searching,Aiman,None,Normal,5: Lying down (controlled)
1789914710.4450192,11461,Person B,1271.0,3080.0,160.0,3331.94,22.42,True,Active,Aiman,None,Normal,5: Lying down (controlled)
1789914710.5231416,11462,Person B,1270.5,3079.5,0.0,3330.64,22.41,True,Active,Aiman,None,Normal,5: Lying down (controlled)
1789914710.6169016,11463,Person B,1270.0,3079.33,320.0,3330.26,22.4,True,Active,Aiman,None,Normal,5: Lying down (controlled)
1789914710.695022,11464,Person B,1269.75,3079.25,320.0,3330.26,22.4,True,Active,Aiman,None,Normal,5: Lying down (controlled)
1789914710.7731209,11465,Person B,1270.4,3079.4,560.0,3332.71,22.46,True,Active,Aiman,None,Normal,5: Lying down (controlled)
1789914710.8512402,11466,Person B,1271.17,3079.67,320.0,3334.39,22.48,True,Active,Aiman,None,Normal,5: Lying down (controlled)
1789914710.9450037,11467,Person B,1271.57,3079.57,80.0,3332.16,22.48,True,Active,Aiman,None,Normal,5: Lying down (controlled)
1789914711.0387304,11468,Person B,1272.0,3079.38,390.0,3331.62,22.5,True,Active,Aiman,None,Normal,5: Lying down (controlled)
1789914711.132491,11469,Person B,1272.22,3079.22,320.0,3331.24,22.48,True,Active,Aiman,None,Normal,5: Lying down (controlled)
1789914711.1949656,11470,Person B,1272.4,3079.3,390.0,3333.09,22.47,True,Active,Aiman,None,Normal,5: Lying down (controlled)
1789914711.304333,11471,Person B,1273.1,3079.0,640.0,3331.85,22.56,True,Active,Aiman,None,Normal,5: Lying down (controlled)
1789914711.3824728,11472,Person B,1274.1,3078.5,160.0,3329.85,22.61,True,Active,Aiman,None,Normal,5: Lying down (controlled)
1789914711.4627087,11473,Person B,1275.0,3077.7,0.0,3326.31,22.59,True,Active,Aiman,None,Normal,5: Lying down (controlled)
1789914711.556452,11474,Person B,1275.9,3076.8,390.0,3325.38,22.6,True,Active,Aiman,None,Normal,5: Lying down (controlled)
1789914711.6658,11475,Person B,1276.2,3075.8,320.0,3324.62,22.57,True,Active,Aiman,None,Normal,5: Lying down (controlled)
1789914711.8845544,11476,Person B,1276.4,3074.8,560.0,3325.92,22.58,True,Active,Aiman,None,Normal,5: Lying down (controlled)
1789914711.9626746,11477,Person B,1276.8,3074.2,240.0,3328.15,22.58,True,Active,Aiman,None,Normal,5: Lying down (controlled)
1789914712.0563996,11478,Person B,1277.3,3074.1,160.0,3332.62,22.59,True,Active,Aiman,None,Normal,5: Lying down (controlled)
1789914712.1188939,11479,Person B,1278.3,3074.4,390.0,3337.85,22.62,True,Active,Aiman,None,Normal,5: Lying down (controlled)
1789914712.2438855,11480,Person B,1279.7,3074.6,240.0,3340.31,22.68,True,Active,Aiman,None,Normal,5: Lying down (controlled)
1789914712.3063798,11481,Person B,1280.7,3075.4,-80.0,3343.08,22.66,True,Active,Aiman,None,Normal,5: Lying down (controlled)
1789914712.3845048,11482,Person B,1281.4,3076.9,240.0,3346.38,22.62,True,Active,Aiman,None,Normal,5: Lying down (controlled)
1789914712.462622,11483,Person B,1282.2,3079.1,320.0,3349.69,22.58,True,Active,Aiman,None,Normal,5: Lying down (controlled)
1789914712.5407414,11484,Person B,1282.3,3081.7,80.0,3349.78,22.45,True,Active,Aiman,None,Normal,5: Lying down (controlled)
1789914712.6188786,11485,Person B,1282.0,3084.5,390.0,3349.35,22.34,True,Active,Aiman,None,Normal,5: Lying down (controlled)
1789914712.712622,11486,Person B,1281.2,3087.2,320.0,3347.83,22.27,True,Active,Aiman,None,Normal,5: Lying down (controlled)
1789914712.806366,11487,Person B,1280.1,3089.7,560.0,3347.07,22.24,True,Active,Aiman,None,Normal,5: Lying down (controlled)
1789914712.884484,11488,Person B,1279.1,3091.6,390.0,3346.36,22.3,True,Active,Aiman,None,Normal,5: Lying down (controlled)
1789914712.9626043,11489,Person B,1277.8,3092.9,160.0,3344.89,22.33,True,Active,Aiman,None,Normal,5: Lying down (controlled)
1789914713.040704,11490,Person B,1275.8,3094.0,-80.0,3342.82,22.29,True,Active,Aiman,None,Normal,5: Lying down (controlled)
1789914713.1500707,11491,Person B,1273.6,3094.8,240.0,3342.07,22.26,True,Active,Aiman,None,Normal,5: Lying down (controlled)
1789914713.2282104,11492,Person B,1271.8,3095.3,390.0,3344.13,22.3,True,Active,Aiman,None,Normal,5: Lying down (controlled)
1789914713.3063104,11493,Person B,1270.3,3095.9,240.0,3349.51,22.3,True,Active,Aiman,None,Normal,5: Lying down (controlled)
1789914713.3844345,11494,Person B,1269.4,3096.5,240.0,3351.91,22.26,True,Active,Aiman,None,Normal,5: Lying down (controlled)
1789914713.478173,11495,Person B,1268.9,3096.9,-80.0,3351.15,22.23,True,Active,Aiman,None,Normal,5: Lying down (controlled)
1789914713.5563123,11496,Person B,1268.8,3097.3,560.0,3351.15,22.23,True,Active,Aiman,None,Normal,5: Lying down (controlled)
1789914713.6500375,11497,Person B,1268.7,3097.6,320.0,3349.47,22.21,True,Active,Aiman,None,Normal,5: Lying down (controlled)
1789914713.7125351,11498,Person B,1267.6,3098.3,-80.0,3348.68,22.08,True,Active,Aiman,None,Normal,5: Lying down (controlled)
1789914713.7906723,11499,Person B,1266.0,3099.3,390.0,3348.11,22.01,True,Active,Aiman,None,Normal,5: Lying down (controlled)
1789914713.9000373,11500,Person B,1264.5,3100.3,-80.0,3346.43,21.99,True,Active,Aiman,None,Normal,5: Lying down (controlled)
1789914713.9937654,11501,Person B,1262.7,3101.4,80.0,3345.49,21.9,True,Active,Aiman,None,Normal,5: Lying down (controlled)
1789914714.1031332,11502,Person B,1260.4,3102.3,720.0,3343.82,21.88,True,Active,Aiman,None,Normal,5: Lying down (controlled)
1789914714.2437491,11503,Person B,1257.9,3102.5,160.0,3341.96,21.89,True,Active,Aiman,None,Normal,5: Lying down (controlled)
1789914714.3218677,11504,Person B,1255.6,3102.4,0.0,3342.34,21.91,True,Active,Aiman,None,Normal,5: Lying down (controlled)
1789914714.3999867,11505,Person B,1253.6,3102.2,390.0,3341.78,21.93,True,Active,Aiman,None,Normal,5: Lying down (controlled)
1789914714.4937267,11506,Person B,1251.4,3101.9,-80.0,3340.11,21.9,True,Active,Aiman,None,Normal,5: Lying down (controlled)
1789914714.5874705,11507,Person B,1249.8,3101.7,390.0,3341.6,21.97,True,Active,Aiman,None,Normal,5: Lying down (controlled)
1789914714.6655931,11508,Person B,1248.9,3101.3,320.0,3341.6,21.97,True,Active,Aiman,None,Normal,5: Lying down (controlled)
1789914714.7280884,11509,Person B,1248.9,3100.9,160.0,3344.4,22.04,True,Active,Aiman,None,Normal,5: Lying down (controlled)
1789914714.837453,11510,Person B,1249.5,3101.1,240.0,3350.54,22.07,True,Active,Aiman,None,Normal,5: Lying down (controlled)
1789914714.9155757,11511,Person B,1250.9,3101.5,160.0,3354.45,22.1,True,Active,Aiman,None,Normal,5: Lying down (controlled)
1789914714.9936962,11512,Person B,1252.2,3102.4,-80.0,3357.03,22.03,True,Active,Aiman,None,Normal,5: Lying down (controlled)
1789914715.0718114,11513,Person B,1253.3,3103.5,640.0,3356.28,21.99,True,Active,Aiman,None,Normal,5: Lying down (controlled)
1789914715.1499503,11514,Person B,1254.5,3104.5,160.0,3356.1,22.03,True,Active,Aiman,None,Normal,5: Lying down (controlled)
1789914715.2436771,11515,Person B,1256.2,3105.3,560.0,3355.58,22.15,True,Active,Aiman,None,Normal,5: Lying down (controlled)
1789914715.353042,11516,Person B,1258.4,3105.7,640.0,3352.08,22.23,True,Active,Aiman,None,Normal,5: Lying down (controlled)
1789914715.4311616,11517,Person B,1260.4,3105.9,320.0,3350.99,22.27,True,Active,Aiman,None,Normal,5: Lying down (controlled)
1789914715.4936597,11518,Person B,1263.0,3106.0,560.0,3352.34,22.37,True,Active,Aiman,None,Normal,5: Lying down (controlled)
1789914715.5874197,11519,Person B,1265.3,3106.0,320.0,3353.1,22.4,True,Active,Aiman,None,Normal,5: Lying down (controlled)
1789914715.6967695,11520,Person B,1267.2,3105.7,80.0,3354.95,22.39,True,Active,Aiman,None,Normal,5: Lying down (controlled)
1789914715.77489,11521,Person B,1269.1,3105.2,390.0,3357.02,22.43,True,Active,Aiman,None,Normal,5: Lying down (controlled)
1789914715.85301,11522,Person B,1271.1,3104.3,160.0,3356.26,22.4,True,Active,Aiman,None,Normal,5: Lying down (controlled)
1789914715.931126,11523,Person B,1272.8,3103.5,-80.0,3355.28,22.32,True,Active,Aiman,None,Normal,5: Lying down (controlled)
1789914716.0248902,11524,Person B,1274.0,3102.7,640.0,3353.21,22.27,True,Active,Aiman,None,Normal,5: Lying down (controlled)
1789914716.1186173,11525,Person B,1274.3,3102.2,320.0,3352.08,22.23,True,Active,Aiman,None,Normal,5: Lying down (controlled)
1789914716.196736,11526,Person B,1274.3,3102.2,560.0,3352.08,22.23,True,Active,Aiman,None,Normal,5: Lying down (controlled)
1789914716.2748718,11527,Person B,1274.4,3102.3,240.0,3352.29,22.28,True,Active,Aiman,None,Normal,5: Lying down (controlled)
1789914716.3529923,11528,Person B,1274.1,3102.5,320.0,3353.05,22.31,True,Active,Aiman,None,Normal,5: Lying down (controlled)
1789914716.4623406,11529,Person B,1273.2,3102.7,-80.0,3351.53,22.25,True,Active,Aiman,None,Normal,5: Lying down (controlled)
1789914716.5717258,11530,Person B,1272.2,3102.7,160.0,3351.15,22.23,True,Active,Aiman,None,Normal,5: Lying down (controlled)
1789914716.6654694,11531,Person B,1271.0,3102.7,160.0,3352.46,22.24,True,Active,Aiman,None,Normal,5: Lying down (controlled)
1789914716.7435699,11532,Person B,1270.6,3102.9,390.0,3356.58,22.32,True,Active,Aiman,None,Normal,5: Lying down (controlled)
1789914716.8060675,11533,Person B,1271.1,3103.2,160.0,3359.95,22.37,True,Active,Aiman,None,Normal,5: Lying down (controlled)
1789914716.9154327,11534,Person B,1271.6,3103.6,-80.0,3358.81,22.33,True,Active,Aiman,None,Normal,5: Lying down (controlled)
1789914716.977928,11535,Person B,1272.4,3103.7,640.0,3356.04,22.35,True,Active,Aiman,None,Normal,5: Lying down (controlled)
1789914717.071675,11536,Person B,1273.1,3103.7,320.0,3354.73,22.34,True,Active,Aiman,None,Normal,5: Lying down (controlled)
1789914717.1654356,11537,Person B,1273.8,3103.7,480.0,3354.95,22.39,True,Active,Aiman,None,Normal,5: Lying down (controlled)
1789914717.2591586,11538,Person B,1275.0,3103.4,390.0,3354.85,22.52,True,Active,Aiman,None,Normal,5: Lying down (controlled)
1789914717.3372989,11539,Person B,1276.9,3102.9,320.0,3354.15,22.58,True,Active,Aiman,None,Normal,5: Lying down (controlled)
1789914717.4466484,11540,Person B,1279.7,3102.3,560.0,3356.31,22.71,True,Active,Aiman,None,Normal,5: Lying down (controlled)
1789914717.5560162,11541,Person B,1282.9,3101.7,240.0,3359.17,22.79,True,Active,Aiman,None,Normal,5: Lying down (controlled)
1789914717.6341348,11542,Person B,1285.4,3101.1,160.0,3360.63,22.76,True,Active,Aiman,None,Normal,5: Lying down (controlled)
1789914717.7122514,11543,Person B,1286.8,3100.6,-80.0,3360.69,22.63,True,Active,Aiman,None,Normal,5: Lying down (controlled)
1789914717.790373,11544,Person B,1287.8,3100.4,240.0,3360.78,22.5,True,Active,Aiman,None,Normal,5: Lying down (controlled)
1789914717.8841176,11545,Person B,1288.5,3100.8,390.0,3362.4,22.43,True,Active,Aiman,None,Normal,5: Lying down (controlled)
1789914717.9622371,11546,Person B,1289.6,3101.1,640.0,3361.7,22.49,True,Active,Aiman,None,Normal,5: Lying down (controlled)
1789914718.0559976,11547,Person B,1290.7,3101.1,160.0,3359.16,22.56,True,Active,Aiman,None,Normal,5: Lying down (controlled)
1789914718.134117,11548,Person B,1292.0,3101.2,560.0,3360.77,22.72,True,Active,Aiman,None,Normal,5: Lying down (controlled)
1789914718.352834,11549,Person B,1293.6,3101.3,560.0,3361.25,22.83,True,Active,Aiman,None,Normal,5: Lying down (controlled)
1789914718.4309509,11550,Person B,1294.5,3101.4,320.0,3360.72,22.85,True,Active,Aiman,None,Normal,5: Lying down (controlled)
1789914718.5090709,11551,Person B,1294.4,3101.6,-80.0,3360.63,22.76,True,Active,Aiman,None,Normal,5: Lying down (controlled)
1789914718.6028345,11552,Person B,1293.9,3101.8,320.0,3360.54,22.67,True,Active,Aiman,None,Normal,5: Lying down (controlled)
1789914718.6809542,11553,Person B,1293.9,3101.9,160.0,3361.62,22.62,True,Active,Aiman,None,Normal,5: Lying down (controlled)
1789914718.759074,11554,Person B,1294.8,3101.9,390.0,3364.23,22.64,True,Active,Aiman,None,Normal,5: Lying down (controlled)
1789914718.884045,11555,Person B,1296.1,3101.6,390.0,3364.62,22.66,True,Active,Aiman,None,Normal,5: Lying down (controlled)
1789914718.977789,11556,Person B,1296.4,3101.6,-80.0,3362.85,22.54,True,Active,Aiman,None,Normal,5: Lying down (controlled)
1789914719.0402853,11557,Person B,1296.0,3102.0,640.0,3361.32,22.48,True,Active,Aiman,None,Normal,5: Lying down (controlled)
1789914719.1184075,11558,Person B,1293.5,3102.7,-80.0,3357.67,22.28,True,Active,Aiman,None,Normal,5: Lying down (controlled)
1789914719.1965225,11559,Person B,1289.5,3103.7,560.0,3355.2,22.13,True,Active,Aiman,None,Normal,5: Lying down (controlled)
1789914719.2746453,11560,Person B,1285.4,3104.9,240.0,3356.13,22.12,True,Active,Aiman,None,Normal,5: Lying down (controlled)
1789914719.3996341,11561,Person B,1281.8,3105.8,320.0,3355.2,22.13,True,Active,Aiman,None,Normal,5: Lying down (controlled)
1789914719.4621322,11562,Person B,1279.0,3106.7,560.0,3358.18,22.17,True,Active,Aiman,None,Normal,5: Lying down (controlled)
1789914719.5402534,11563,Person B,1276.8,3107.4,160.0,3359.69,22.23,True,Active,Aiman,None,Normal,5: Lying down (controlled)
1789914719.6183708,11564,Person B,1274.6,3108.1,160.0,3362.3,22.25,True,Active,Aiman,None,Normal,5: Lying down (controlled)
1789914719.7121122,11565,Person B,1272.5,3108.8,-80.0,3363.06,22.28,True,Active,Aiman,None,Normal,5: Lying down (controlled)
1789914719.8058584,11566,Person B,1271.2,3109.5,240.0,3364.36,22.29,True,Active,Aiman,None,Normal,5: Lying down (controlled)
1789914719.8839743,11567,Person B,1270.0,3110.5,-80.0,3366.0,22.22,True,Active,Aiman,None,Normal,5: Lying down (controlled)
1789914719.9620981,11568,Person B,1269.8,3111.5,640.0,3366.17,22.18,True,Active,Aiman,None,Normal,5: Lying down (controlled)
1789914720.0558398,11569,Person B,1270.4,3112.3,320.0,3364.87,22.17,True,Active,Aiman,None,Normal,5: Lying down (controlled)
1789914720.1339602,11570,Person B,1270.9,3113.0,320.0,3364.49,22.16,True,Active,Aiman,None,Normal,5: Lying down (controlled)
1789914720.2433465,11571,Person B,1271.9,3113.6,390.0,3364.53,22.25,True,Active,Aiman,None,Normal,5: Lying down (controlled)
1789914720.3058205,11572,Person B,1272.8,3113.9,320.0,3364.36,22.29,True,Active,Aiman,None,Normal,5: Lying down (controlled)
1789914720.3995636,11573,Person B,1274.0,3114.3,560.0,3367.95,22.39,True,Active,Aiman,None,Normal,5: Lying down (controlled)
1789914720.462078,11574,Person B,1275.5,3114.7,240.0,3371.71,22.46,True,Active,Aiman,None,Normal,5: Lying down (controlled)
1789914720.5558014,11575,Person B,1276.7,3115.3,160.0,3373.17,22.43,True,Active,Aiman,None,Normal,5: Lying down (controlled)
1789914720.6495492,11576,Person B,1277.9,3116.0,390.0,3375.4,22.43,True,Active,Aiman,None,Normal,5: Lying down (controlled)
1789914720.7276661,11577,Person B,1279.4,3116.5,240.0,3376.33,22.43,True,Active,Aiman,None,Normal,5: Lying down (controlled)
1789914720.80579,11578,Person B,1281.4,3116.9,390.0,3377.47,22.47,True,Active,Aiman,None,Normal,5: Lying down (controlled)
1789914720.9464202,11579,Person B,1283.5,3117.6,0.0,3379.32,22.46,True,Active,Aiman,None,Normal,5: Lying down (controlled)
1789914721.024519,11580,Person B,1285.7,3118.1,160.0,3377.47,22.47,True,Active,Aiman,None,Normal,5: Lying down (controlled)
1789914721.118266,11581,Person B,1287.5,3118.6,320.0,3376.01,22.5,True,Active,Aiman,None,Normal,5: Lying down (controlled)
1789914721.1963863,11582,Person B,1289.5,3119.1,560.0,3376.62,22.57,True,Active,Aiman,None,Normal,5: Lying down (controlled)
1789914721.274521,11583,Person B,1291.0,3119.4,320.0,3376.46,22.61,True,Active,Aiman,None,Normal,5: Lying down (controlled)
1789914721.3526409,11584,Person B,1291.4,3119.8,80.0,3376.93,22.49,True,Active,Aiman,None,Normal,5: Lying down (controlled)
1789914721.4463646,11585,Person B,1291.7,3120.0,390.0,3376.17,22.46,True,Active,Aiman,None,Normal,5: Lying down (controlled)
1789914721.5401113,11586,Person B,1291.7,3120.2,160.0,3377.25,22.42,True,Active,Aiman,None,Normal,5: Lying down (controlled)
1789914721.6182477,11587,Person B,1291.9,3120.4,390.0,3378.94,22.44,True,Active,Aiman,None,Normal,5: Lying down (controlled)
1789914721.6963682,11588,Person B,1292.2,3120.3,640.0,3377.7,22.53,True,Active,Aiman,None,Normal,5: Lying down (controlled)
1789914721.8213446,11589,Person B,1292.6,3119.6,-80.0,3374.39,22.57,True,Active,Aiman,None,Normal,5: Lying down (controlled)
1789914721.891802,11590,Person B,1293.4,3118.7,640.0,3372.23,22.66,True,Active,Aiman,None,Normal,5: Lying down (controlled)
1789914721.9811149,11591,Person B,1294.1,3117.7,320.0,3369.46,22.68,True,Active,Aiman,None,Normal,5: Lying down (controlled)
1789914722.0592353,11592,Person B,1294.7,3116.6,320.0,3368.78,22.74,True,Active,Aiman,None,Normal,5: Lying down (controlled)
1789914722.1373518,11593,Person B,1295.7,3115.6,240.0,3371.1,22.83,True,Active,Aiman,None,Normal,5: Lying down (controlled)
1789914722.2310948,11594,Person B,1297.6,3114.4,320.0,3373.19,22.87,True,Active,Aiman,None,Normal,5: Lying down (controlled)
1789914722.3248372,11595,Person B,1300.4,3113.6,160.0,3379.6,22.95,True,Active,Aiman,None,Normal,5: Lying down (controlled)
1789914722.4810803,11596,Person B,1303.9,3112.9,320.0,3384.31,23.01,True,Active,Aiman,None,Normal,5: Lying down (controlled)
1789914722.5748205,11597,Person B,1307.4,3112.2,160.0,3386.01,23.04,True,Active,Aiman,None,Normal,5: Lying down (controlled)
1789914722.6685843,11598,Person B,1310.9,3112.0,390.0,3389.42,23.09,True,Active,Aiman,None,Normal,5: Lying down (controlled)
1789914722.746689,11599,Person B,1314.4,3112.1,390.0,3388.89,23.11,True,Active,Aiman,None,Normal,5: Lying down (controlled)
1789914722.84043,11600,Person B,1317.7,3112.7,390.0,3390.6,23.13,True,Active,Aiman,None,Normal,5: Lying down (controlled)
1789914722.9497976,11601,Person B,1321.4,3113.2,640.0,3388.49,23.22,True,Active,Aiman,None,Normal,5: Lying down (controlled)
1789914723.0279152,11602,Person B,1324.9,3113.6,240.0,3386.13,23.26,True,Active,Aiman,None,Normal,5: Lying down (controlled)
1789914723.1060526,11603,Person B,1327.3,3113.8,-80.0,3382.32,23.19,True,Active,Aiman,None,Normal,5: Lying down (controlled)
1789914723.1841726,11604,Person B,1329.1,3113.8,560.0,3380.22,23.15,True,Active,Aiman,None,Normal,5: Lying down (controlled)
1789914723.2622917,11605,Person B,1329.8,3113.3,320.0,3377.73,23.1,True,Active,Aiman,None,Normal,5: Lying down (controlled)
1789914723.3560185,11606,Person B,1330.0,3112.6,560.0,3378.65,23.09,True,Active,Aiman,None,Normal,5: Lying down (controlled)
1789914723.434155,11607,Person B,1330.0,3111.6,390.0,3376.81,23.1,True,Active,Aiman,None,Normal,5: Lying down (controlled)
1789914723.5122554,11608,Person B,1329.6,3110.5,160.0,3377.73,23.1,True,Active,Aiman,None,Normal,5: Lying down (controlled)
1789914723.5903788,11609,Person B,1329.5,3109.5,390.0,3379.3,23.16,True,Active,Aiman,None,Normal,5: Lying down (controlled)
1789914723.6841211,11610,Person B,1329.3,3108.3,390.0,3378.78,23.18,True,Active,Aiman,None,Normal,5: Lying down (controlled)
1789914723.793489,11611,Person B,1329.0,3107.4,160.0,3379.04,23.23,True,Active,Aiman,None,Normal,5: Lying down (controlled)
1789914723.8716054,11612,Person B,1329.0,3106.4,640.0,3376.95,23.32,True,Active,Aiman,None,Normal,5: Lying down (controlled)
1789914723.9341035,11613,Person B,1329.4,3105.4,320.0,3374.71,23.32,True,Active,Aiman,None,Normal,5: Lying down (controlled)
1789914724.027864,11614,Person B,1330.4,3104.2,560.0,3373.15,23.39,True,Active,Aiman,None,Normal,5: Lying down (controlled)
1789914724.1215904,11615,Person B,1331.8,3103.2,240.0,3374.07,23.38,True,Active,Aiman,None,Normal,5: Lying down (controlled)
1789914724.2153332,11616,Person B,1333.0,3102.1,320.0,3373.27,23.35,True,Active,Aiman,None,Normal,5: Lying down (controlled)
1789914724.2934706,11617,Person B,1334.2,3101.3,560.0,3374.19,23.34,True,Active,Aiman,None,Normal,5: Lying down (controlled)
1789914724.3715699,11618,Person B,1335.3,3100.7,240.0,3376.55,23.31,True,Active,Aiman,None,Normal,5: Lying down (controlled)
1789914724.4653146,11619,Person B,1336.0,3100.6,160.0,3381.14,23.27,True,Active,Aiman,None,Normal,5: Lying down (controlled)
1789914724.5590563,11620,Person B,1336.9,3101.0,390.0,3386.0,23.29,True,Active,Aiman,None,Normal,5: Lying down (controlled)
1789914724.6684444,11621,Person B,1337.6,3101.7,240.0,3388.24,23.3,True,Active,Aiman,None,Normal,5: Lying down (controlled)
1789914724.746546,11622,Person B,1337.5,3103.0,-80.0,3388.49,23.22,True,Active,Aiman,None,Normal,5: Lying down (controlled)
1789914724.8246834,11623,Person B,1337.2,3104.4,640.0,3386.39,23.18,True,Active,Aiman,None,Normal,5: Lying down (controlled)
1789914724.9028018,11624,Person B,1336.5,3105.8,160.0,3383.24,23.19,True,Active,Aiman,None,Normal,5: Lying down (controlled)
1789914724.9965296,11625,Person B,1336.1,3106.7,560.0,3380.75,23.26,True,Active,Aiman,None,Normal,5: Lying down (controlled)
1789914725.0902731,11626,Person B,1336.0,3107.4,240.0,3379.31,23.29,True,Active,Aiman,None,Normal,5: Lying down (controlled)
1789914725.1840131,11627,Person B,1335.7,3107.9,320.0,3377.6,23.26,True,Active,Aiman,None,Normal,5: Lying down (controlled)
1789914725.2621334,11628,Person B,1335.6,3108.2,560.0,3378.91,23.27,True,Active,Aiman,None,Normal,5: Lying down (controlled)
1789914725.3402727,11629,Person B,1335.2,3108.0,320.0,3377.73,23.23,True,Active,Aiman,None,Normal,5: Lying down (controlled)
1789914725.4339955,11630,Person B,1334.5,3107.6,160.0,3379.57,23.21,True,Active,Aiman,None,Normal,5: Lying down (controlled)
1789914725.5433621,11631,Person B,1333.9,3107.1,390.0,3381.27,23.24,True,Active,Aiman,None,Normal,5: Lying down (controlled)
1789914725.6371255,11632,Person B,1333.7,3106.4,160.0,3381.27,23.24,True,Active,Aiman,None,Normal,5: Lying down (controlled)
1789914725.7152255,11633,Person B,1333.1,3106.2,-80.0,3382.2,23.1,True,Active,Aiman,None,Normal,5: Lying down (controlled)
1789914725.80897,11634,Person B,1332.0,3106.7,240.0,3383.53,22.98,True,Active,Aiman,None,Normal,5: Lying down (controlled)
1789914725.887088,11635,Person B,1330.5,3107.7,160.0,3384.06,22.96,True,Active,Aiman,None,Normal,5: Lying down (controlled)
1789914725.9964597,11636,Person B,1328.5,3109.2,0.0,3385.26,22.88,True,Active,Aiman,None,Normal,5: Lying down (controlled)
1789914726.0589712,11637,Person B,1326.3,3111.0,160.0,3385.56,22.8,True,Active,Aiman,None,Normal,5: Lying down (controlled)
1789914726.137091,11638,Person B,1323.7,3113.2,160.0,3389.01,22.72,True,Active,Aiman,None,Normal,5: Lying down (controlled)
1789914726.2308338,11639,Person B,1321.5,3115.8,240.0,3393.08,22.71,True,Active,Aiman,None,Normal,5: Lying down (controlled)
1789914726.3245578,11640,Person B,1319.1,3118.5,160.0,3395.08,22.66,True,Active,Aiman,None,Normal,5: Lying down (controlled)
1789914726.418301,11641,Person B,1316.7,3121.3,390.0,3397.69,22.68,True,Active,Aiman,None,Normal,5: Lying down (controlled)
1789914726.4964213,11642,Person B,1314.7,3124.0,390.0,3398.32,22.75,True,Active,Aiman,None,Normal,5: Lying down (controlled)
1789914726.5901847,11643,Person B,1313.4,3126.2,160.0,3397.39,22.75,True,Active,Aiman,None,Normal,5: Lying down (controlled)
1789914726.8245244,11644,Person B,1312.5,3127.9,0.0,3395.7,22.73,True,Active,Aiman,None,Normal,5: Lying down (controlled)
1789914726.902646,11645,Person B,1311.6,3129.4,240.0,3394.39,22.72,True,Active,Aiman,None,Normal,5: Lying down (controlled)
1789914726.980765,11646,Person B,1311.4,3130.5,390.0,3394.63,22.77,True,Active,Aiman,None,Normal,5: Lying down (controlled)
1789914727.0588863,11647,Person B,1312.0,3131.7,240.0,3398.94,22.82,True,Active,Aiman,None,Normal,5: Lying down (controlled)
1789914727.1370037,11648,Person B,1313.1,3132.5,160.0,3400.64,22.84,True,Active,Aiman,None,Normal,5: Lying down (controlled)
1789914727.2151248,11649,Person B,1314.2,3133.3,160.0,3404.72,22.83,True,Active,Aiman,None,Normal,5: Lying down (controlled)
1789914727.293243,11650,Person B,1315.8,3134.0,160.0,3407.72,22.86,True,Active,Aiman,None,Normal,5: Lying down (controlled)
1789914727.3869867,11651,Person B,1317.0,3134.5,160.0,3406.95,22.83,True,Active,Aiman,None,Normal,5: Lying down (controlled)
1789914727.4807284,11652,Person B,1317.9,3135.0,390.0,3406.41,22.85,True,Active,Aiman,None,Normal,5: Lying down (controlled)
1789914727.5432258,11653,Person B,1318.9,3135.3,160.0,3404.04,22.89,True,Active,Aiman,None,Normal,5: Lying down (controlled)
1789914727.636966,11654,Person B,1319.8,3135.4,-80.0,3400.11,22.86,True,Active,Aiman,None,Normal,5: Lying down (controlled)
1789914727.7150884,11655,Person B,1319.6,3135.6,-80.0,3395.46,22.68,True,Active,Aiman,None,Normal,5: Lying down (controlled)
1789914727.8400965,11656,Person B,1317.6,3135.8,-80.0,3388.78,22.45,True,Active,Aiman,None,Normal,5: Lying down (controlled)
1789914727.9025931,11657,Person B,1313.8,3135.8,-80.0,3384.39,22.22,True,Active,Aiman,None,Normal,5: Lying down (controlled)
1789914727.9963355,11658,Person B,1308.8,3135.6,720.0,3379.69,22.07,True,Active,Aiman,None,Normal,5: Lying down (controlled)
1789914728.0744412,11659,Person B,1303.3,3135.0,320.0,3378.19,22.01,True,Active,Aiman,None,Normal,5: Lying down (controlled)
1789914728.1525548,11660,Person B,1297.7,3134.0,560.0,3377.09,22.05,True,Active,Aiman,None,Normal,5: Lying down (controlled)
1789914728.246298,11661,Person B,1292.7,3132.6,390.0,3374.89,22.14,True,Active,Aiman,None,Normal,5: Lying down (controlled)
1789914728.3244386,11662,Person B,1287.9,3131.2,-80.0,3375.09,22.2,True,Active,Aiman,None,Normal,5: Lying down (controlled)
1789914728.4025564,11663,Person B,1283.9,3130.2,560.0,3379.43,22.33,True,Active,Aiman,None,Normal,5: Lying down (controlled)
1789914728.4806569,11664,Person B,1280.8,3129.5,320.0,3381.71,22.42,True,Active,Aiman,None,Normal,5: Lying down (controlled)
1789914728.5744035,11665,Person B,1278.8,3129.3,80.0,3385.95,22.38,True,Active,Aiman,None,Normal,5: Lying down (controlled)
1789914728.6837678,11666,Person B,1277.7,3129.4,-80.0,3385.52,22.27,True,Active,Aiman,None,Normal,5: Lying down (controlled)
1789914728.7618876,11667,Person B,1277.6,3129.5,160.0,3384.94,22.2,True,Active,Aiman,None,Normal,5: Lying down (controlled)
1789914728.8400064,11668,Person B,1278.6,3129.8,390.0,3386.24,22.21,True,Active,Aiman,None,Normal,5: Lying down (controlled)
1789914728.9181464,11669,Person B,1280.0,3130.2,240.0,3387.17,22.2,True,Active,Aiman,None,Normal,5: Lying down (controlled)
1789914728.9962485,11670,Person B,1281.4,3130.7,160.0,3387.0,22.24,True,Active,Aiman,None,Normal,5: Lying down (controlled)
1789914729.0899923,11671,Person B,1282.4,3131.7,-80.0,3387.92,22.23,True,Active,Aiman,None,Normal,5: Lying down (controlled)
1789914729.168112,11672,Person B,1283.0,3132.7,320.0,3386.62,22.23,True,Active,Aiman,None,Normal,5: Lying down (controlled)
1789914729.2618546,11673,Person B,1282.7,3133.6,320.0,3386.62,22.23,True,Active,Aiman,None,Normal,5: Lying down (controlled)
1789914729.3868487,11674,Person B,1282.3,3134.4,390.0,3387.59,22.31,True,Active,Aiman,None,Normal,5: Lying down (controlled)
1789914729.4649663,11675,Person B,1282.3,3134.6,320.0,3387.8,22.36,True,Active,Aiman,None,Normal,5: Lying down (controlled)
1789914729.5587258,11676,Person B,1283.7,3134.5,560.0,3389.93,22.5,True,Active,Aiman,None,Normal,5: Lying down (controlled)
1789914729.6212215,11677,Person B,1286.1,3134.1,390.0,3390.38,22.6,True,Active,Aiman,None,Normal,5: Lying down (controlled)
1789914729.7149458,11678,Person B,1288.6,3133.7,160.0,3392.08,22.63,True,Active,Aiman,None,Normal,5: Lying down (controlled)
1789914729.793068,11679,Person B,1291.6,3133.1,390.0,3393.08,22.71,True,Active,Aiman,None,Normal,5: Lying down (controlled)
1789914729.886811,11680,Person B,1294.5,3132.5,240.0,3392.55,22.73,True,Active,Aiman,None,Normal,5: Lying down (controlled)
1789914729.9805517,11681,Person B,1297.8,3131.8,390.0,3394.09,22.8,True,Active,Aiman,None,Normal,5: Lying down (controlled)
1789914730.0742955,11682,Person B,1301.4,3131.3,240.0,3395.79,22.82,True,Active,Aiman,None,Normal,5: Lying down (controlled)
1789914730.1524353,11683,Person B,1305.2,3130.8,160.0,3396.57,22.85,True,Active,Aiman,None,Normal,5: Lying down (controlled)
1789914730.2617822,11684,Person B,1308.9,3130.3,560.0,3397.2,22.92,True,Active,Aiman,None,Normal,5: Lying down (controlled)
1789914730.3555245,11685,Person B,1312.3,3129.7,320.0,3395.36,22.93,True,Active,Aiman,None,Normal,5: Lying down (controlled)
1789914730.464892,11686,Person B,1314.2,3129.2,-80.0,3392.64,22.82,True,Active,Aiman,None,Normal,5: Lying down (controlled)
1789914730.5273883,11687,Person B,1315.0,3128.8,390.0,3389.78,22.75,True,Active,Aiman,None,Normal,5: Lying down (controlled)
1789914730.6211514,11688,Person B,1315.1,3128.3,320.0,3387.85,22.67,True,Active,Aiman,None,Normal,5: Lying down (controlled)
1789914730.6992707,11689,Person B,1314.0,3128.2,80.0,3387.93,22.55,True,Active,Aiman,None,Normal,5: Lying down (controlled)
1789914730.7773743,11690,Person B,1312.3,3128.5,390.0,3388.78,22.45,True,Active,Aiman,None,Normal,5: Lying down (controlled)
1789914730.917989,11691,Person B,1309.9,3128.9,160.0,3388.56,22.39,True,Active,Aiman,None,Normal,5: Lying down (controlled)
1789914731.0429792,11692,Person B,1307.5,3129.1,390.0,3388.4,22.43,True,Active,Aiman,None,Normal,5: Lying down (controlled)
1789914731.121117,11693,Person B,1304.9,3129.2,80.0,3387.48,22.44,True,Active,Aiman,None,Normal,5: Lying down (controlled)
1789914731.1992366,11694,Person B,1301.1,3129.5,80.0,3385.36,22.31,True,Active,Aiman,None,Normal,5: Lying down (controlled)
1789914731.3242078,11695,Person B,1296.7,3129.9,720.0,3382.16,22.22,True,Active,Aiman,None,Normal,5: Lying down (controlled)
1789914731.41797,11696,Person B,1292.7,3130.3,160.0,3381.03,22.17,True,Active,Aiman,None,Normal,5: Lying down (controlled)
1789914731.4960713,11697,Person B,1289.4,3130.7,560.0,3380.86,22.21,True,Active,Aiman,None,Normal,5: Lying down (controlled)
1789914731.5741942,11698,Person B,1287.0,3130.9,240.0,3380.52,22.29,True,Active,Aiman,None,Normal,5: Lying down (controlled)
1789914731.6523294,11699,Person B,1285.4,3130.6,320.0,3379.05,22.31,True,Active,Aiman,None,Normal,5: Lying down (controlled)
1789914731.7304287,11700,Person B,1284.6,3130.2,240.0,3382.04,22.35,True,Active,Aiman,None,Normal,5: Lying down (controlled)
1789914731.8241756,11701,Person B,1284.2,3129.7,320.0,3382.42,22.36,True,Active,Aiman,None,Normal,5: Lying down (controlled)
1789914731.9022965,11702,Person B,1283.6,3129.7,160.0,3386.12,22.34,True,Active,Aiman,None,Normal,5: Lying down (controlled)
1789914731.9804323,11703,Person B,1283.2,3130.2,240.0,3390.58,22.34,True,Active,Aiman,None,Normal,5: Lying down (controlled)
1789914732.058533,11704,Person B,1283.7,3130.9,160.0,3393.73,22.34,True,Active,Aiman,None,Normal,5: Lying down (controlled)
1789914732.1835232,11705,Person B,1285.2,3131.8,390.0,3396.18,22.4,True,Active,Aiman,None,Normal,5: Lying down (controlled)
1789914732.2616613,11706,Person B,1287.1,3132.7,240.0,3396.56,22.41,True,Active,Aiman,None,Normal,5: Lying down (controlled)
1789914732.355388,11707,Person B,1289.1,3133.7,390.0,3397.71,22.46,True,Active,Aiman,None,Normal,5: Lying down (controlled)
1789914732.4178839,11708,Person B,1291.2,3134.6,640.0,3396.85,22.56,True,Active,Aiman,None,Normal,5: Lying down (controlled)
1789914732.5116253,11709,Person B,1293.4,3135.3,320.0,3393.92,22.61,True,Active,Aiman,None,Normal,5: Lying down (controlled)
1789914732.5897434,11710,Person B,1296.0,3135.5,560.0,3393.85,22.74,True,Active,Aiman,None,Normal,5: Lying down (controlled)
1789914732.7147377,11711,Person B,1298.7,3135.1,640.0,3389.1,22.81,True,Active,Aiman,None,Normal,5: Lying down (controlled)
1789914732.7928576,11712,Person B,1301.4,3134.0,320.0,3386.33,22.83,True,Active,Aiman,None,Normal,5: Lying down (controlled)
1789914732.870974,11713,Person B,1303.5,3132.3,-80.0,3382.94,22.78,True,Active,Aiman,None,Normal,5: Lying down (controlled)
1789914732.949099,11714,Person B,1305.0,3130.2,320.0,3380.08,22.71,True,Active,Aiman,None,Normal,5: Lying down (controlled)
1789914733.04284,11715,Person B,1305.2,3128.3,80.0,3379.39,22.55,True,Active,Aiman,None,Normal,5: Lying down (controlled)
1789914733.136584,11716,Person B,1304.5,3126.8,390.0,3380.02,22.4,True,Active,Aiman,None,Normal,5: Lying down (controlled)
1789914733.2147002,11717,Person B,1302.9,3125.5,160.0,3379.59,22.29,True,Active,Aiman,None,Normal,5: Lying down (controlled)
1789914733.2771988,11718,Person B,1300.6,3124.7,480.0,3380.69,22.25,True,Active,Aiman,None,Normal,5: Lying down (controlled)
1789914733.3709598,11719,Person B,1298.4,3123.9,720.0,3378.12,22.32,True,Active,Aiman,None,Normal,5: Lying down (controlled)
1789914733.4646814,11720,Person B,1295.6,3123.2,320.0,3376.65,22.35,True,Active,Aiman,None,Normal,5: Lying down (controlled)
1789914733.5584292,11721,Person B,1292.0,3123.2,80.0,3375.3,22.25,True,Active,Aiman,None,Normal,5: Lying down (controlled)
1789914733.6365464,11722,Person B,1287.6,3123.6,80.0,3373.21,22.12,True,Active,Aiman,None,Normal,5: Lying down (controlled)
1789914733.7302938,11723,Person B,1283.1,3124.3,80.0,3372.25,22.03,True,Active,Aiman,None,Normal,5: Lying down (controlled)
1789914733.8240325,11724,Person B,1279.0,3124.8,720.0,3369.1,22.04,True,Active,Aiman,None,Normal,5: Lying down (controlled)
1789914733.9021516,11725,Person B,1275.9,3124.7,320.0,3366.69,22.07,True,Active,Aiman,None,Normal,5: Lying down (controlled)
1789914733.9802747,11726,Person B,1274.2,3123.9,560.0,3366.17,22.18,True,Active,Aiman,None,Normal,5: Lying down (controlled)
1789914734.0740147,11727,Person B,1273.6,3122.7,390.0,3366.21,22.28,True,Active,Aiman,None,Normal,5: Lying down (controlled)
1789914734.1677587,11728,Person B,1273.5,3121.3,160.0,3367.35,22.32,True,Active,Aiman,None,Normal,5: Lying down (controlled)
1789914734.2458847,11729,Person B,1273.6,3120.4,390.0,3370.18,22.39,True,Active,Aiman,None,Normal,5: Lying down (controlled)
1789914734.3396244,11730,Person B,1273.8,3119.7,-80.0,3370.94,22.43,True,Active,Aiman,None,Normal,5: Lying down (controlled)
1789914734.4333653,11731,Person B,1274.5,3118.8,-80.0,3369.64,22.42,True,Active,Aiman,None,Normal,5: Lying down (controlled)
1789914734.5115035,11732,Person B,1275.8,3117.8,-80.0,3368.87,22.39,True,Active,Aiman,None,Normal,5: Lying down (controlled)
1789914734.6208744,11733,Person B,1277.4,3116.6,160.0,3367.19,22.36,True,Active,Aiman,None,Normal,5: Lying down (controlled)
1789914734.6989913,11734,Person B,1278.5,3115.6,0.0,3363.98,22.27,True,Active,Aiman,None,Normal,5: Lying down (controlled)
1789914734.8239813,11735,Person B,1279.0,3114.7,240.0,3360.24,22.21,True,Active,Aiman,None,Normal,5: Lying down (controlled)
1789914734.9489572,11736,Person B,1278.6,3114.0,80.0,3358.18,22.17,True,Active,Aiman,None,Normal,5: Lying down (controlled)
1789914735.058341,11737,Person B,1277.8,3113.4,390.0,3357.63,22.19,True,Active,Aiman,None,Normal,5: Lying down (controlled)
1789914735.1208198,11738,Person B,1276.8,3112.7,320.0,3357.09,22.21,True,Active,Aiman,None,Normal,5: Lying down (controlled)
1789914735.2145638,11739,Person B,1275.9,3111.8,560.0,3358.43,22.31,True,Active,Aiman,None,Normal,5: Lying down (controlled)
1789914735.2926826,11740,Person B,1275.3,3111.1,240.0,3362.18,22.38,True,Active,Aiman,None,Normal,5: Lying down (controlled)
1789914735.3864262,11741,Person B,1274.8,3110.7,160.0,3364.03,22.36,True,Active,Aiman,None,Normal,5: Lying down (controlled)
1789914735.4645455,11742,Person B,1274.9,3110.5,390.0,3367.41,22.41,True,Active,Aiman,None,Normal,5: Lying down (controlled)
1789914735.5582864,11743,Person B,1275.2,3110.5,320.0,3368.33,22.41,True,Active,Aiman,None,Normal,5: Lying down (controlled)
1789914735.636409,11744,Person B,1276.4,3110.7,390.0,3370.4,22.45,True,Active,Aiman,None,Normal,5: Lying down (controlled)
1789914735.745792,11745,Person B,1278.3,3111.4,240.0,3373.94,22.46,True,Active,Aiman,None,Normal,5: Lying down (controlled)
1789914735.8238955,11746,Person B,1280.6,3112.0,160.0,3372.47,22.49,True,Active,Aiman,None,Normal,5: Lying down (controlled)
1789914735.917637,11747,Person B,1283.2,3112.4,560.0,3371.23,22.57,True,Active,Aiman,None,Normal,5: Lying down (controlled)
1789914735.9801347,11748,Person B,1285.7,3112.7,320.0,3369.39,22.58,True,Active,Aiman,None,Normal,5: Lying down (controlled)
1789914736.0738747,11749,Person B,1287.4,3113.2,320.0,3369.54,22.55,True,Active,Aiman,None,Normal,5: Lying down (controlled)
1789914736.1519973,11750,Person B,1288.8,3113.4,390.0,3369.39,22.58,True,Active,Aiman,None,Normal,5: Lying down (controlled)
1789914736.2457376,11751,Person B,1290.0,3113.4,320.0,3368.62,22.55,True,Active,Aiman,None,Normal,5: Lying down (controlled)
1789914736.323857,11752,Person B,1290.5,3113.2,320.0,3367.47,22.51,True,Active,Aiman,None,Normal,5: Lying down (controlled)
1789914736.4019964,11753,Person B,1291.3,3112.7,390.0,3366.77,22.57,True,Active,Aiman,None,Normal,5: Lying down (controlled)
1789914736.4801176,11754,Person B,1291.8,3112.0,320.0,3365.85,22.57,True,Active,Aiman,None,Normal,5: Lying down (controlled)
1789914736.605087,11755,Person B,1291.4,3111.4,-80.0,3366.86,22.44,True,Active,Aiman,None,Normal,5: Lying down (controlled)
1789914736.6988308,11756,Person B,1290.4,3111.1,390.0,3365.88,22.35,True,Active,Aiman,None,Normal,5: Lying down (controlled)
1789914736.7769535,11757,Person B,1288.2,3111.2,-80.0,3363.77,22.22,True,Active,Aiman,None,Normal,5: Lying down (controlled)
1789914736.8550704,11758,Person B,1285.4,3111.5,640.0,3361.51,22.12,True,Active,Aiman,None,Normal,5: Lying down (controlled)
1789914736.933192,11759,Person B,1282.5,3111.5,160.0,3358.53,22.09,True,Active,Aiman,None,Normal,5: Lying down (controlled)
1789914737.026936,11760,Person B,1279.7,3111.3,560.0,3356.88,22.16,True,Active,Aiman,None,Normal,5: Lying down (controlled)
1789914737.105056,11761,Person B,1277.2,3111.0,240.0,3356.33,22.18,True,Active,Aiman,None,Normal,5: Lying down (controlled)
1789914737.1987963,11762,Person B,1275.1,3110.7,320.0,3356.71,22.19,True,Active,Aiman,None,Normal,5: Lying down (controlled)
1789914737.276935,11763,Person B,1273.2,3110.5,390.0,3357.67,22.28,True,Active,Aiman,None,Normal,5: Lying down (controlled)
1789914737.355036,11764,Person B,1271.6,3110.4,320.0,3358.81,22.33,True,Active,Aiman,None,Normal,5: Lying down (controlled)
1789914737.4487808,11765,Person B,1270.5,3110.0,-80.0,3358.98,22.29,True,Active,Aiman,None,Normal,5: Lying down (controlled)
1789914737.542522,11766,Person B,1269.9,3109.5,390.0,3358.98,22.29,True,Active,Aiman,None,Normal,5: Lying down (controlled)
1789914737.620642,11767,Person B,1270.3,3109.1,160.0,3361.59,22.31,True,Active,Aiman,None,Normal,5: Lying down (controlled)
1789914737.7143848,11768,Person B,1271.9,3108.8,390.0,3364.79,22.4,True,Active,Aiman,None,Normal,5: Lying down (controlled)
1789914737.8237753,11769,Person B,1274.2,3108.7,320.0,3366.32,22.46,True,Active,Aiman,None,Normal,5: Lying down (controlled)
1789914737.9174988,11770,Person B,1275.9,3108.9,-80.0,3365.18,22.41,True,Active,Aiman,None,Normal,5: Lying down (controlled)
1789914737.9956152,11771,Person B,1277.3,3108.8,640.0,3360.72,22.41,True,Active,Aiman,None,Normal,5: Lying down (controlled)
1789914738.0737348,11772,Person B,1278.5,3108.5,160.0,3358.49,22.4,True,Active,Aiman,None,Normal,5: Lying down (controlled)
1789914738.1674979,11773,Person B,1278.7,3108.2,-80.0,3355.66,22.33,True,Active,Aiman,None,Normal,5: Lying down (controlled)
1789914738.2455978,11774,Person B,1278.4,3107.7,390.0,3353.05,22.31,True,Active,Aiman,None,Normal,5: Lying down (controlled)
1789914738.3549676,11775,Person B,1278.0,3106.9,320.0,3350.06,22.28,True,Active,Aiman,None,Normal,5: Lying down (controlled)
1789914738.4487095,11776,Person B,1277.8,3106.0,390.0,3349.89,22.32,True,Active,Aiman,None,Normal,5: Lying down (controlled)
1789914738.5112238,11777,Person B,1277.4,3104.8,320.0,3348.97,22.32,True,Active,Aiman,None,Normal,5: Lying down (controlled)
1789914738.6049478,11778,Person B,1276.8,3103.4,560.0,3349.56,22.39,True,Active,Aiman,None,Normal,5: Lying down (controlled)
1789914738.6830878,11779,Person B,1276.2,3101.8,390.0,3349.24,22.47,True,Active,Aiman,None,Normal,5: Lying down (controlled)
1789914738.7924347,11780,Person B,1275.9,3100.1,-80.0,3348.32,22.48,True,Active,Aiman,None,Normal,5: Lying down (controlled)
1789914738.9018052,11781,Person B,1276.0,3099.1,240.0,3351.86,22.49,True,Active,Aiman,None,Normal,5: Lying down (controlled)
1789914738.979924,11782,Person B,1276.2,3098.5,160.0,3353.7,22.47,True,Active,Aiman,None,Normal,5: Lying down (controlled)
1789914739.136162,11783,Person B,1277.1,3098.2,390.0,3356.32,22.49,True,Active,Aiman,None,Normal,5: Lying down (controlled)
1789914739.2299047,11784,Person B,1278.6,3097.8,720.0,3355.08,22.58,True,Active,Aiman,None,Normal,5: Lying down (controlled)
1789914739.3392901,11785,Person B,1280.6,3097.3,160.0,3353.08,22.63,True,Active,Aiman,None,Normal,5: Lying down (controlled)
1789914739.4173899,11786,Person B,1282.3,3096.7,-80.0,3350.85,22.62,True,Active,Aiman,None,Normal,5: Lying down (controlled)
1789914739.4799063,11787,Person B,1283.7,3096.1,160.0,3348.77,22.58,True,Active,Aiman,None,Normal,5: Lying down (controlled)
1789914739.5736294,11788,Person B,1284.6,3095.2,80.0,3344.69,22.59,True,Active,Aiman,None,Normal,5: Lying down (controlled)
1789914739.6361275,11789,Person B,1285.3,3094.2,390.0,3342.69,22.64,True,Active,Aiman,None,Normal,5: Lying down (controlled)
1789914739.7298715,11790,Person B,1286.0,3093.2,320.0,3341.77,22.65,True,Active,Aiman,None,Normal,5: Lying down (controlled)
1789914739.8079913,11791,Person B,1286.9,3091.8,390.0,3342.39,22.72,True,Active,Aiman,None,Normal,5: Lying down (controlled)
1789914739.8861105,11792,Person B,1288.0,3090.3,320.0,3344.09,22.75,True,Active,Aiman,None,Normal,5: Lying down (controlled)
1789914739.9642313,11793,Person B,1289.2,3089.0,160.0,3348.93,22.77,True,Active,Aiman,None,Normal,5: Lying down (controlled)
1789914740.0423465,11794,Person B,1290.2,3088.2,390.0,3351.55,22.79,True,Active,Aiman,None,Normal,5: Lying down (controlled)
1789914740.13609,11795,Person B,1291.1,3088.0,160.0,3354.71,22.78,True,Active,Aiman,None,Normal,5: Lying down (controlled)
1789914740.2298343,11796,Person B,1292.5,3088.3,390.0,3359.02,22.82,True,Active,Aiman,None,Normal,5: Lying down (controlled)
1789914740.3079534,11797,Person B,1294.3,3088.8,390.0,3360.33,22.83,True,Active,Aiman,None,Normal,5: Lying down (controlled)
1789914740.3860729,11798,Person B,1296.7,3089.7,390.0,3362.27,22.91,True,Active,Aiman,None,Normal,5: Lying down (controlled)
1789914740.4641926,11799,Person B,1299.3,3090.5,640.0,3360.15,23.0,True,Active,Aiman,None,Normal,5: Lying down (controlled)
1789914740.589184,11800,Person B,1302.0,3091.1,160.0,3357.78,23.04,True,Active,Aiman,None,Normal,5: Lying down (controlled)
1789914740.682947,11801,Person B,1304.7,3091.5,480.0,3356.59,23.12,True,Active,Aiman,None,Normal,5: Lying down (controlled)
1789914740.7610664,11802,Person B,1307.2,3091.7,320.0,3355.67,23.13,True,Active,Aiman,None,Normal,5: Lying down (controlled)
1789914740.839169,11803,Person B,1309.1,3091.4,80.0,3353.57,23.09,True,Active,Aiman,None,Normal,5: Lying down (controlled)
1789914740.9172893,11804,Person B,1310.8,3090.8,390.0,3352.65,23.09,True,Active,Aiman,None,Normal,5: Lying down (controlled)
1789914741.0266523,11805,Person B,1312.2,3089.8,320.0,3350.95,23.07,True,Active,Aiman,None,Normal,5: Lying down (controlled)
1789914741.1047726,11806,Person B,1313.3,3088.9,240.0,3355.02,23.06,True,Active,Aiman,None,Normal,5: Lying down (controlled)
1789914741.1829114,11807,Person B,1314.0,3088.0,320.0,3354.77,23.0,True,Active,Aiman,None,Normal,5: Lying down (controlled)
1789914741.276654,11808,Person B,1314.1,3087.7,160.0,3359.9,22.95,True,Active,Aiman,None,Normal,5: Lying down (controlled)
1789914741.3703992,11809,Person B,1313.8,3088.0,390.0,3361.74,22.93,True,Active,Aiman,None,Normal,5: Lying down (controlled)
1789914741.4485016,11810,Person B,1313.5,3088.8,160.0,3363.97,22.94,True,Active,Aiman,None,Normal,5: Lying down (controlled)
1789914741.5578687,11811,Person B,1312.7,3090.3,-80.0,3367.27,22.89,True,Active,Aiman,None,Normal,5: Lying down (controlled)
1789914741.6359859,11812,Person B,1311.5,3092.1,320.0,3367.56,22.82,True,Active,Aiman,None,Normal,5: Lying down (controlled)
1789914741.7141244,11813,Person B,1310.0,3094.4,-80.0,3368.93,22.7,True,Active,Aiman,None,Normal,5: Lying down (controlled)
1789914741.8234727,11814,Person B,1308.0,3096.9,640.0,3367.92,22.61,True,Active,Aiman,None,Normal,5: Lying down (controlled)
1789914741.9172153,11815,Person B,1306.3,3099.6,390.0,3369.23,22.62,True,Active,Aiman,None,Normal,5: Lying down (controlled)
1789914742.0109625,11816,Person B,1304.6,3101.7,-80.0,3367.77,22.65,True,Active,Aiman,None,Normal,5: Lying down (controlled)
1789914742.0890975,11817,Person B,1303.0,3103.6,320.0,3366.08,22.63,True,Active,Aiman,None,Normal,5: Lying down (controlled)
1789914742.167198,11818,Person B,1301.6,3104.9,320.0,3366.46,22.64,True,Active,Aiman,None,Normal,5: Lying down (controlled)
1789914742.2609482,11819,Person B,1300.7,3105.8,390.0,3366.55,22.73,True,Active,Aiman,None,Normal,5: Lying down (controlled)
1789914742.3546844,11820,Person B,1299.8,3106.3,320.0,3365.09,22.76,True,Active,Aiman,None,Normal,5: Lying down (controlled)
1789914742.4484475,11821,Person B,1298.5,3106.5,-80.0,3364.08,22.68,True,Active,Aiman,None,Normal,5: Lying down (controlled)
1789914742.526548,11822,Person B,1297.2,3106.5,320.0,3362.54,22.61,True,Active,Aiman,None,Normal,5: Lying down (controlled)
1789914742.6202939,11823,Person B,1296.6,3106.2,390.0,3363.85,22.62,True,Active,Aiman,None,Normal,5: Lying down (controlled)
1789914742.6984107,11824,Person B,1296.8,3106.1,320.0,3367.77,22.65,True,Active,Aiman,None,Normal,5: Lying down (controlled)
1789914742.792154,11825,Person B,1297.0,3106.0,390.0,3369.08,22.66,True,Active,Aiman,None,Normal,5: Lying down (controlled)
1789914742.8859177,11826,Person B,1296.8,3106.3,-80.0,3369.77,22.6,True,Active,Aiman,None,Normal,5: Lying down (controlled)
1789914742.9640367,11827,Person B,1296.4,3106.7,390.0,3368.23,22.54,True,Active,Aiman,None,Normal,5: Lying down (controlled)
1789914743.05778,11828,Person B,1295.0,3107.1,-80.0,3364.79,22.4,True,Active,Aiman,None,Normal,5: Lying down (controlled)
1789914743.1358995,11829,Person B,1292.4,3107.6,640.0,3361.21,22.29,True,Active,Aiman,None,Normal,5: Lying down (controlled)
1789914743.2764997,11830,Person B,1289.4,3108.0,160.0,3357.3,22.26,True,Active,Aiman,None,Normal,5: Lying down (controlled)
1789914743.3858647,11831,Person B,1287.2,3107.9,560.0,3354.73,22.34,True,Active,Aiman,None,Normal,5: Lying down (controlled)
1789914743.4640012,11832,Person B,1285.6,3107.6,240.0,3353.64,22.38,True,Active,Aiman,None,Normal,5: Lying down (controlled)
1789914743.5264971,11833,Person B,1284.2,3107.3,320.0,3355.71,22.42,True,Active,Aiman,None,Normal,5: Lying down (controlled)
1789914743.6045973,11834,Person B,1283.2,3107.0,240.0,3361.16,22.51,True,Active,Aiman,None,Normal,5: Lying down (controlled)
1789914743.6983407,11835,Person B,1282.7,3106.8,320.0,3365.31,22.59,True,Active,Aiman,None,Normal,5: Lying down (controlled)
1789914743.776463,11836,Person B,1283.5,3106.5,390.0,3370.09,22.75,True,Active,Aiman,None,Normal,5: Lying down (controlled)
1789914743.8702233,11837,Person B,1285.5,3106.2,160.0,3373.19,22.87,True,Active,Aiman,None,Normal,5: Lying down (controlled)
1789914743.9483235,11838,Person B,1288.8,3106.1,160.0,3376.58,22.92,True,Active,Aiman,None,Normal,5: Lying down (controlled)
1789914744.0420666,11839,Person B,1293.4,3106.4,390.0,3381.69,22.99,True,Active,Aiman,None,Normal,5: Lying down (controlled)
1789914744.1358125,11840,Person B,1298.5,3107.0,240.0,3382.47,23.03,True,Active,Aiman,None,Normal,5: Lying down (controlled)
1789914744.2295563,11841,Person B,1303.8,3108.0,390.0,3384.43,23.1,True,Active,Aiman,None,Normal,5: Lying down (controlled)
1789914744.2920518,11842,Person B,1309.1,3109.5,240.0,3387.97,23.11,True,Active,Aiman,None,Normal,5: Lying down (controlled)
1789914744.3857949,11843,Person B,1314.3,3110.9,160.0,3388.76,23.15,True,Active,Aiman,None,Normal,5: Lying down (controlled)
1789914744.5264127,11844,Person B,1318.7,3111.9,-80.0,3387.45,23.14,True,Active,Aiman,None,Normal,5: Lying down (controlled)
1789914744.5889046,11845,Person B,1322.1,3112.6,320.0,3384.96,23.08,True,Active,Aiman,None,Normal,5: Lying down (controlled)
1789914744.7138977,11846,Person B,1323.9,3113.3,-80.0,3383.53,22.98,True,Active,Aiman,None,Normal,5: Lying down (controlled)
1789914744.776394,11847,Person B,1324.4,3113.9,390.0,3380.66,22.91,True,Active,Aiman,None,Normal,5: Lying down (controlled)
1789914744.8545098,11848,Person B,1324.3,3114.3,320.0,3379.88,22.88,True,Active,Aiman,None,Normal,5: Lying down (controlled)
1789914744.948273,11849,Person B,1322.9,3114.4,0.0,3377.17,22.77,True,Active,Aiman,None,Normal,5: Lying down (controlled)
1789914745.0107515,11850,Person B,1321.0,3114.5,320.0,3376.01,22.72,True,Active,Aiman,None,Normal,5: Lying down (controlled)
1789914745.1201186,11851,Person B,1318.8,3114.7,160.0,3377.7,22.75,True,Active,Aiman,None,Normal,5: Lying down (controlled)
1789914745.1982398,11852,Person B,1316.6,3114.6,390.0,3378.47,22.78,True,Active,Aiman,None,Normal,5: Lying down (controlled)
1789914745.2763755,11853,Person B,1314.4,3114.6,160.0,3380.17,22.8,True,Active,Aiman,None,Normal,5: Lying down (controlled)
1789914745.3701015,11854,Person B,1312.1,3114.9,-80.0,3381.24,22.76,True,Active,Aiman,None,Normal,5: Lying down (controlled)
1789914745.463861,11855,Person B,1309.9,3115.2,390.0,3379.16,22.72,True,Active,Aiman,None,Normal,5: Lying down (controlled)
1789914745.557584,11856,Person B,1308.3,3115.1,160.0,3376.39,22.74,True,Active,Aiman,None,Normal,5: Lying down (controlled)
1789914745.65135,11857,Person B,1307.5,3114.7,640.0,3373.86,22.81,True,Active,Aiman,None,Normal,5: Lying down (controlled)
1789914745.7294679,11858,Person B,1307.1,3113.9,-80.0,3370.95,22.87,True,Active,Aiman,None,Normal,5: Lying down (controlled)
1789914745.8388162,11859,Person B,1308.2,3112.7,560.0,3370.39,23.02,True,Active,Aiman,None,Normal,5: Lying down (controlled)
1789914745.9169347,11860,Person B,1310.1,3111.3,240.0,3370.51,23.11,True,Active,Aiman,None,Normal,5: Lying down (controlled)
1789914746.0106785,11861,Person B,1311.5,3110.0,-80.0,3371.17,23.05,True,Active,Aiman,None,Normal,5: Lying down (controlled)
1789914746.088798,11862,Person B,1311.7,3109.4,-80.0,3373.72,22.85,True,Active,Aiman,None,Normal,5: Lying down (controlled)
1789914746.1669176,11863,Person B,1310.8,3109.2,320.0,3374.85,22.67,True,Active,Aiman,None,Normal,5: Lying down (controlled)
1789914746.3075526,11864,Person B,1309.5,3108.9,-80.0,3373.46,22.57,True,Active,Aiman,None,Normal,5: Lying down (controlled)
1789914746.3856518,11865,Person B,1308.3,3108.5,160.0,3370.85,22.56,True,Active,Aiman,None,Normal,5: Lying down (controlled)
1789914746.4793956,11866,Person B,1307.4,3108.4,160.0,3372.0,22.6,True,Active,Aiman,None,Normal,5: Lying down (controlled)
1789914746.557515,11867,Person B,1307.1,3108.5,390.0,3373.63,22.76,True,Active,Aiman,None,Normal,5: Lying down (controlled)
1789914746.635654,11868,Person B,1307.6,3108.8,160.0,3375.66,22.93,True,Active,Aiman,None,Normal,5: Lying down (controlled)
1789914746.729397,11869,Person B,1307.1,3109.5,-80.0,3374.89,22.9,True,Active,Aiman,None,Normal,5: Lying down (controlled)
1789914746.8231213,11870,Person B,1305.9,3110.3,640.0,3373.19,22.87,True,Active,Aiman,None,Normal,5: Lying down (controlled)
1789914746.9324923,11871,Person B,1305.0,3110.7,160.0,3371.34,22.88,True,Active,Aiman,None,Normal,5: Lying down (controlled)
1789914747.0106115,11872,Person B,1305.5,3110.2,480.0,3371.06,22.96,True,Active,Aiman,None,Normal,5: Lying down (controlled)
1789914747.0887287,11873,Person B,1307.0,3109.2,-160.0,3371.45,22.98,True,Active,Aiman,None,Normal,5: Lying down (controlled)
1789914747.166852,11874,Person B,1308.3,3108.3,-80.0,3370.18,22.84,True,Active,Aiman,None,Normal,5: Lying down (controlled)
1789914747.260594,11875,Person B,1308.9,3107.8,720.0,3368.54,22.68,True,Active,Aiman,None,Normal,5: Lying down (controlled)
1789914747.3543344,11876,Person B,1309.0,3107.2,320.0,3366.85,22.66,True,Active,Aiman,None,Normal,5: Lying down (controlled)
1789914747.47933,11877,Person B,1308.6,3106.7,480.0,3367.47,22.73,True,Active,Aiman,None,Normal,5: Lying down (controlled)
1789914747.6043189,11878,Person B,1307.5,3106.4,320.0,3368.63,22.77,True,Active,Aiman,None,Normal,5: Lying down (controlled)
1789914747.6824377,11879,Person B,1306.0,3106.1,-80.0,3366.31,22.68,True,Active,Aiman,None,Normal,5: Lying down (controlled)
1789914747.791805,11880,Person B,1304.2,3105.9,390.0,3364.38,22.6,True,Active,Aiman,None,Normal,5: Lying down (controlled)
1789914747.8699224,11881,Person B,1301.9,3106.0,320.0,3363.39,22.52,True,Active,Aiman,None,Normal,5: Lying down (controlled)
1789914747.93242,11882,Person B,1299.0,3106.3,480.0,3362.62,22.48,True,Active,Aiman,None,Normal,5: Lying down (controlled)
1789914748.0261626,11883,Person B,1295.8,3106.6,160.0,3361.86,22.45,True,Active,Aiman,None,Normal,5: Lying down (controlled)
1789914748.1043015,11884,Person B,1293.7,3106.9,160.0,3364.86,22.49,True,Active,Aiman,None,Normal,5: Lying down (controlled)
1789914748.1824043,11885,Person B,1292.7,3106.8,640.0,3363.77,22.53,True,Active,Aiman,None,Normal,5: Lying down (controlled)
1789914748.260524,11886,Person B,1292.4,3106.8,390.0,3365.69,22.61,True,Active,Aiman,None,Normal,5: Lying down (controlled)
1789914748.354269,11887,Person B,1292.2,3106.8,390.0,3366.7,22.7,True,Active,Aiman,None,Normal,5: Lying down (controlled)
1789914748.4323869,11888,Person B,1291.7,3106.7,320.0,3365.77,22.7,True,Active,Aiman,None,Normal,5: Lying down (controlled)
1789914748.5105062,11889,Person B,1291.8,3107.0,320.0,3369.46,22.68,True,Active,Aiman,None,Normal,5: Lying down (controlled)
1789914748.5886264,11890,Person B,1292.6,3107.3,390.0,3370.23,22.71,True,Active,Aiman,None,Normal,5: Lying down (controlled)
1789914748.6979938,11891,Person B,1293.8,3107.6,320.0,3370.77,22.69,True,Active,Aiman,None,Normal,5: Lying down (controlled)
1789914748.776113,11892,Person B,1295.5,3107.9,390.0,3371.93,22.73,True,Active,Aiman,None,Normal,5: Lying down (controlled)
1789914748.8542488,11893,Person B,1297.2,3108.1,320.0,3370.23,22.71,True,Active,Aiman,None,Normal,5: Lying down (controlled)
1789914748.9479933,11894,Person B,1298.2,3108.1,80.0,3368.69,22.64,True,Active,Aiman,None,Normal,5: Lying down (controlled)
1789914749.057341,11895,Person B,1298.9,3108.3,390.0,3368.31,22.63,True,Active,Aiman,None,Normal,5: Lying down (controlled)
1789914749.1511035,11896,Person B,1298.7,3108.6,160.0,3367.69,22.56,True,Active,Aiman,None,Normal,5: Lying down (controlled)
1789914749.229223,11897,Person B,1298.0,3109.1,390.0,3368.62,22.55,True,Active,Aiman,None,Normal,5: Lying down (controlled)
1789914749.307324,11898,Person B,1296.9,3110.1,160.0,3370.78,22.46,True,Active,Aiman,None,Normal,5: Lying down (controlled)
1789914749.3854625,11899,Person B,1295.8,3111.0,390.0,3373.55,22.44,True,Active,Aiman,None,Normal,5: Lying down (controlled)
1789914749.4948094,11900,Person B,1294.5,3111.8,390.0,3372.63,22.45,True,Active,Aiman,None,Normal,5: Lying down (controlled)
1789914749.5573084,11901,Person B,1293.6,3112.5,390.0,3373.78,22.5,True,Active,Aiman,None,Normal,5: Lying down (controlled)
1789914749.6354284,11902,Person B,1292.7,3113.5,240.0,3377.7,22.53,True,Active,Aiman,None,Normal,5: Lying down (controlled)
1789914749.7291684,11903,Person B,1292.2,3114.6,240.0,3378.46,22.56,True,Active,Aiman,None,Normal,5: Lying down (controlled)
1789914749.8072877,11904,Person B,1291.8,3115.8,-80.0,3378.24,22.5,True,Active,Aiman,None,Normal,5: Lying down (controlled)
1789914749.9166741,11905,Person B,1291.5,3116.9,390.0,3377.31,22.51,True,Active,Aiman,None,Normal,5: Lying down (controlled)
1789914749.9947782,11906,Person B,1291.4,3117.9,320.0,3376.55,22.48,True,Active,Aiman,None,Normal,5: Lying down (controlled)
1789914750.0728972,11907,Person B,1291.4,3118.9,390.0,3377.86,22.49,True,Active,Aiman,None,Normal,5: Lying down (controlled)
1789914750.1666408,11908,Person B,1291.6,3119.5,320.0,3377.09,22.46,True,Active,Aiman,None,Normal,5: Lying down (controlled)
1789914750.2916288,11909,Person B,1292.1,3119.8,390.0,3378.24,22.5,True,Active,Aiman,None,Normal,5: Lying down (controlled)
1789914750.4009964,11910,Person B,1292.8,3119.9,390.0,3376.23,22.55,True,Active,Aiman,None,Normal,5: Lying down (controlled)
1789914750.4947426,11911,Person B,1293.3,3119.9,160.0,3375.69,22.58,True,Active,Aiman,None,Normal,5: Lying down (controlled)
1789914750.5728788,11912,Person B,1294.0,3119.4,390.0,3375.77,22.67,True,Active,Aiman,None,Normal,5: Lying down (controlled)
1789914750.6353745,11913,Person B,1294.7,3118.7,390.0,3374.7,22.71,True,Active,Aiman,None,Normal,5: Lying down (controlled)
1789914750.7291014,11914,Person B,1296.2,3117.8,390.0,3375.71,22.8,True,Active,Aiman,None,Normal,5: Lying down (controlled)
1789914750.7915971,11915,Person B,1297.9,3117.0,390.0,3376.48,22.83,True,Active,Aiman,None,Normal,5: Lying down (controlled)
1789914750.9009604,11916,Person B,1299.9,3115.9,160.0,3374.11,22.86,True,Active,Aiman,None,Normal,5: Lying down (controlled)
1789914750.9790993,11917,Person B,1301.5,3114.6,0.0,3372.02,22.82,True,Active,Aiman,None,Normal,5: Lying down (controlled)
1789914751.057219,11918,Person B,1302.9,3113.2,240.0,3369.55,22.77,True,Active,Aiman,None,Normal,5: Lying down (controlled)
1789914751.1509435,11919,Person B,1303.0,3112.0,-80.0,3367.54,22.6,True,Active,Aiman,None,Normal,5: Lying down (controlled)
1789914751.2446897,11920,Person B,1302.1,3111.4,390.0,3367.25,22.45,True,Active,Aiman,None,Normal,5: Lying down (controlled)
1789914751.338433,11921,Person B,1300.5,3111.0,320.0,3365.88,22.35,True,Active,Aiman,None,Normal,5: Lying down (controlled)
1789914751.41657,11922,Person B,1298.3,3110.8,390.0,3365.5,22.34,True,Active,Aiman,None,Normal,5: Lying down (controlled)
1789914751.5571666,11923,Person B,1295.5,3110.9,320.0,3364.91,22.27,True,Active,Aiman,None,Normal,5: Lying down (controlled)
1789914751.6509306,11924,Person B,1292.0,3111.1,160.0,3364.15,22.23,True,Active,Aiman,None,Normal,5: Lying down (controlled)
1789914751.7759035,11925,Person B,1288.6,3111.2,390.0,3364.36,22.29,True,Active,Aiman,None,Normal,5: Lying down (controlled)
1789914751.854019,11926,Person B,1285.3,3111.4,160.0,3363.27,22.33,True,Active,Aiman,None,Normal,5: Lying down (controlled)
1789914751.9321587,11927,Person B,1283.0,3111.6,390.0,3365.01,22.45,True,Active,Aiman,None,Normal,5: Lying down (controlled)
1789914752.0102606,11928,Person B,1281.8,3111.5,720.0,3364.0,22.59,True,Active,Aiman,None,Normal,5: Lying down (controlled)
1789914752.0883973,11929,Person B,1282.0,3111.0,160.0,3363.69,22.66,True,Active,Aiman,None,Normal,5: Lying down (controlled)
1789914752.1665006,11930,Person B,1283.0,3110.1,-80.0,3362.77,22.67,True,Active,Aiman,None,Normal,5: Lying down (controlled)
1789914752.2758648,11931,Person B,1284.4,3109.1,320.0,3362.0,22.64,True,Active,Aiman,None,Normal,5: Lying down (controlled)
1789914752.3383598,11932,Person B,1286.0,3108.1,560.0,3362.39,22.65,True,Active,Aiman,None,Normal,5: Lying down (controlled)
1789914752.4321036,11933,Person B,1287.9,3107.2,240.0,3363.85,22.62,True,Active,Aiman,None,Normal,5: Lying down (controlled)
1789914752.4945996,11934,Person B,1289.7,3106.5,320.0,3364.54,22.56,True,Active,Aiman,None,Normal,5: Lying down (controlled)
1789914752.6039696,11935,Person B,1291.2,3106.0,390.0,3365.46,22.56,True,Active,Aiman,None,Normal,5: Lying down (controlled)
1789914752.6820872,11936,Person B,1292.3,3105.7,320.0,3364.7,22.53,True,Active,Aiman,None,Normal,5: Lying down (controlled)
1789914752.77583,11937,Person B,1292.0,3105.4,-80.0,3361.1,22.42,True,Active,Aiman,None,Normal,5: Lying down (controlled)
1789914752.8539684,11938,Person B,1290.5,3105.3,390.0,3357.34,22.36,True,Active,Aiman,None,Normal,5: Lying down (controlled)
1789914752.9476933,11939,Person B,1288.4,3105.3,160.0,3355.66,22.33,True,Active,Aiman,None,Normal,5: Lying down (controlled)
1789914753.0414367,11940,Person B,1285.8,3105.5,-80.0,3354.69,22.25,True,Active,Aiman,None,Normal,5: Lying down (controlled)
1789914753.1351826,11941,Person B,1282.7,3105.8,-80.0,3352.97,22.13,True,Active,Aiman,None,Normal,5: Lying down (controlled)
1789914753.2133017,11942,Person B,1279.2,3106.1,160.0,3351.84,22.08,True,Active,Aiman,None,Normal,5: Lying down (controlled)
1789914753.2914183,11943,Person B,1275.3,3106.5,-80.0,3352.75,21.98,True,Active,Aiman,None,Normal,5: Lying down (controlled)
1789914753.3695579,11944,Person B,1271.2,3106.7,160.0,3350.88,21.9,True,Active,Aiman,None,Normal,5: Lying down (controlled)
1789914753.4789054,11945,Person B,1266.7,3106.7,80.0,3348.46,21.85,True,Active,Aiman,None,Normal,5: Lying down (controlled)
1789914753.557025,11946,Person B,1262.4,3106.4,640.0,3345.67,21.87,True,Active,Aiman,None,Normal,5: Lying down (controlled)
1789914753.6507885,11947,Person B,1258.8,3106.1,320.0,3344.75,21.87,True,Active,Aiman,None,Normal,5: Lying down (controlled)
1789914753.728888,11948,Person B,1256.3,3105.8,560.0,3345.13,21.98,True,Active,Aiman,None,Normal,5: Lying down (controlled)
1789914753.8226314,11949,Person B,1254.3,3105.6,320.0,3346.26,22.03,True,Active,Aiman,None,Normal,5: Lying down (controlled)
1789914753.932001,11950,Person B,1252.8,3105.6,160.0,3349.04,22.01,True,Active,Aiman,None,Normal,5: Lying down (controlled)
1789914754.0413854,11951,Person B,1252.3,3105.6,390.0,3351.09,22.05,True,Active,Aiman,None,Normal,5: Lying down (controlled)
1789914754.1194856,11952,Person B,1252.0,3105.6,320.0,3350.71,22.03,True,Active,Aiman,None,Normal,5: Lying down (controlled)
1789914754.1976252,11953,Person B,1252.3,3105.3,390.0,3351.09,22.05,True,Active,Aiman,None,Normal,5: Lying down (controlled)
1789914754.2757447,11954,Person B,1253.5,3104.6,640.0,3348.89,22.14,True,Active,Aiman,None,Normal,5: Lying down (controlled)
1789914754.400716,11955,Person B,1255.4,3103.7,160.0,3347.24,22.21,True,Active,Aiman,None,Normal,5: Lying down (controlled)
1789914754.478836,11956,Person B,1257.3,3102.9,-80.0,3345.39,22.22,True,Active,Aiman,None,Normal,5: Lying down (controlled)
1789914754.5725987,11957,Person B,1258.9,3102.1,320.0,3343.33,22.18,True,Active,Aiman,None,Normal,5: Lying down (controlled)
1789914754.7444549,11958,Person B,1259.5,3101.7,80.0,3343.68,22.1,True,Active,Aiman,None,Normal,5: Lying down (controlled)
1789914754.8538094,11959,Person B,1259.7,3101.4,390.0,3344.23,22.08,True,Active,Aiman,None,Normal,5: Lying down (controlled)
1789914754.963176,11960,Person B,1259.8,3100.9,320.0,3344.78,22.06,True,Active,Aiman,None,Normal,5: Lying down (controlled)
1789914755.0412965,11961,Person B,1260.0,3100.2,560.0,3345.36,22.13,True,Active,Aiman,None,Normal,5: Lying down (controlled)
1789914755.1507034,11962,Person B,1260.3,3099.5,320.0,3345.36,22.13,True,Active,Aiman,None,Normal,5: Lying down (controlled)
1789914755.2756739,11963,Person B,1260.7,3099.1,160.0,3348.89,22.14,True,Active,Aiman,None,Normal,5: Lying down (controlled)
1789914755.3537943,11964,Person B,1261.3,3099.1,390.0,3351.15,22.23,True,Active,Aiman,None,Normal,5: Lying down (controlled)
1789914755.4631605,11965,Person B,1262.0,3099.1,-80.0,3349.89,22.32,True,Active,Aiman,None,Normal,5: Lying down (controlled)
1789914755.572508,11966,Person B,1262.7,3099.1,-80.0,3348.04,22.33,True,Active,Aiman,None,Normal,5: Lying down (controlled)
1789914755.6818812,11967,Person B,1263.0,3099.2,-80.0,3345.39,22.22,True,Active,Aiman,None,Normal,5: Lying down (controlled)
1789914755.7912445,11968,Person B,1263.3,3099.0,160.0,3342.95,22.16,True,Active,Aiman,None,Normal,5: Lying down (controlled)
1789914755.8849876,11969,Person B,1263.2,3099.1,0.0,3344.78,22.06,True,Active,Aiman,None,Normal,5: Lying down (controlled)
1789914755.947484,11970,Person B,1262.9,3099.3,320.0,3345.51,22.0,True,Active,Aiman,None,Normal,5: Lying down (controlled)
1789914756.0256064,11971,Person B,1262.1,3099.7,320.0,3346.06,21.97,True,Active,Aiman,None,Normal,5: Lying down (controlled)
1789914756.1037247,11972,Person B,1261.8,3100.1,390.0,3347.93,22.05,True,Active,Aiman,None,Normal,5: Lying down (controlled)
1789914756.1818607,11973,Person B,1261.5,3100.1,320.0,3347.76,22.09,True,Active,Aiman,None,Normal,5: Lying down (controlled)
1789914756.2755885,11974,Person B,1261.4,3100.0,560.0,3349.85,22.22,True,Active,Aiman,None,Normal,5: Lying down (controlled)
1789914756.369327,11975,Person B,1261.5,3099.9,390.0,3349.35,22.34,True,Active,Aiman,None,Normal,5: Lying down (controlled)
1789914756.4318223,11976,Person B,1261.8,3100.2,160.0,3351.96,22.36,True,Active,Aiman,None,Normal,5: Lying down (controlled)
1789914756.5099623,11977,Person B,1263.4,3100.4,390.0,3353.32,22.46,True,Active,Aiman,None,Normal,5: Lying down (controlled)
1789914756.5880835,11978,Person B,1265.5,3100.7,160.0,3353.7,22.47,True,Active,Aiman,None,Normal,5: Lying down (controlled)
1789914756.6661854,11979,Person B,1267.8,3100.6,-80.0,3352.56,22.43,True,Active,Aiman,None,Normal,5: Lying down (controlled)
1789914756.7443044,11980,Person B,1269.8,3100.4,-80.0,3351.2,22.33,True,Active,Aiman,None,Normal,5: Lying down (controlled)
1789914756.8536696,11981,Person B,1271.6,3100.2,390.0,3350.99,22.27,True,Active,Aiman,None,Normal,5: Lying down (controlled)
1789914756.9161847,11982,Person B,1272.2,3100.1,-80.0,3349.26,22.15,True,Active,Aiman,None,Normal,5: Lying down (controlled)
1789914756.9943032,11983,Person B,1272.1,3100.3,320.0,3349.24,22.06,True,Active,Aiman,None,Normal,5: Lying down (controlled)
1789914757.0724034,11984,Person B,1271.1,3100.8,320.0,3350.71,22.03,True,Active,Aiman,None,Normal,5: Lying down (controlled)
1789914757.150524,11985,Person B,1270.0,3101.6,390.0,3352.59,22.11,True,Active,Aiman,None,Normal,5: Lying down (controlled)
1789914757.2286415,11986,Person B,1269.0,3102.1,320.0,3352.8,22.17,True,Active,Aiman,None,Normal,5: Lying down (controlled)
1789914757.3223886,11987,Person B,1268.2,3102.8,390.0,3356.75,22.29,True,Active,Aiman,None,Normal,5: Lying down (controlled)
1789914757.3848846,11988,Person B,1268.0,3103.5,320.0,3359.41,22.4,True,Active,Aiman,None,Normal,5: Lying down (controlled)
1789914757.4630044,11989,Person B,1267.7,3104.4,-80.0,3359.74,22.32,True,Active,Aiman,None,Normal,5: Lying down (controlled)
1789914757.5567474,11990,Person B,1267.6,3105.2,390.0,3358.22,22.26,True,Active,Aiman,None,Normal,5: Lying down (controlled)
1789914757.634864,11991,Person B,1267.7,3105.9,160.0,3357.84,22.24,True,Active,Aiman,None,Normal,5: Lying down (controlled)
1789914757.7286077,11992,Person B,1268.9,3106.5,390.0,3359.36,22.3,True,Active,Aiman,None,Normal,5: Lying down (controlled)
1789914757.7911062,11993,Person B,1270.9,3106.5,640.0,3356.8,22.38,True,Active,Aiman,None,Normal,5: Lying down (controlled)
1789914757.8848495,11994,Person B,1273.4,3105.9,160.0,3354.63,22.47,True,Active,Aiman,None,Normal,5: Lying down (controlled)
1789914757.9473412,11995,Person B,1275.4,3105.1,80.0,3352.78,22.48,True,Active,Aiman,None,Normal,5: Lying down (controlled)
1789914758.0567093,11996,Person B,1276.9,3104.4,320.0,3352.01,22.45,True,Active,Aiman,None,Normal,5: Lying down (controlled)
1789914758.13485,11997,Person B,1277.0,3103.6,80.0,3349.73,22.35,True,Active,Aiman,None,Normal,5: Lying down (controlled)
1789914758.2285717,11998,Person B,1276.0,3102.9,390.0,3349.13,22.28,True,Active,Aiman,None,Normal,5: Lying down (controlled)
1789914758.2910678,11999,Person B,1275.0,3102.0,320.0,3347.62,22.22,True,Active,Aiman,None,Normal,5: Lying down (controlled)
1789914758.4160633,12000,Person B,1274.4,3101.2,560.0,3348.55,22.21,True,Active,Aiman,None,Normal,5: Lying down (controlled)
1789914758.509806,12001,Person B,1273.9,3100.4,320.0,3348.55,22.21,True,Active,Aiman,None,Normal,5: Lying down (controlled)
1789914758.5879247,12002,Person B,1273.2,3099.8,160.0,3351.15,22.23,True,Active,Aiman,None,Normal,5: Lying down (controlled)
1789914758.666042,12003,Person B,1272.8,3099.8,390.0,3355.28,22.32,True,Active,Aiman,None,Normal,5: Lying down (controlled)
1789914758.7441638,12004,Person B,1272.4,3100.4,160.0,3358.65,22.37,True,Active,Aiman,None,Normal,5: Lying down (controlled)
1789914758.8379087,12005,Person B,1271.9,3101.5,-80.0,3361.04,22.33,True,Active,Aiman,None,Normal,5: Lying down (controlled)
1789914758.9004037,12006,Person B,1271.5,3102.7,640.0,3361.59,22.31,True,Active,Aiman,None,Normal,5: Lying down (controlled)
1789914758.9941437,12007,Person B,1271.7,3103.6,160.0,3358.81,22.33,True,Active,Aiman,None,Normal,5: Lying down (controlled)
1789914759.0722635,12008,Person B,1272.7,3104.1,390.0,3357.56,22.41,True,Active,Aiman,None,Normal,5: Lying down (controlled)
1789914759.1660078,12009,Person B,1274.3,3104.1,640.0,3353.7,22.47,True,Active,Aiman,None,Normal,5: Lying down (controlled)
1789914759.2597506,12010,Person B,1275.7,3103.8,320.0,3351.09,22.46,True,Active,Aiman,None,Normal,5: Lying down (controlled)
1789914759.3691223,12011,Person B,1277.3,3103.4,390.0,3350.93,22.49,True,Active,Aiman,None,Normal,5: Lying down (controlled)
1789914759.4316137,12012,Person B,1278.4,3102.8,320.0,3349.78,22.45,True,Active,Aiman,None,Normal,5: Lying down (controlled)
1789914759.5253608,12013,Person B,1278.2,3102.2,80.0,3348.97,22.32,True,Active,Aiman,None,Normal,5: Lying down (controlled)
1789914759.60348,12014,Person B,1277.1,3101.6,390.0,3348.92,22.23,True,Active,Aiman,None,Normal,5: Lying down (controlled)
1789914759.712846,12015,Person B,1276.0,3101.0,160.0,3351.32,22.2,True,Active,Aiman,None,Normal,5: Lying down (controlled)
1789914759.8405163,12016,Person B,1275.4,3100.5,390.0,3354.69,22.25,True,Active,Aiman,None,Normal,5: Lying down (controlled)
1789914759.973719,12017,Person B,1275.3,3100.0,720.0,3353.81,22.34,True,Active,Aiman,None,Normal,5: Lying down (controlled)
1789914760.0518348,12018,Person B,1275.4,3099.7,160.0,3355.17,22.45,True,Active,Aiman,None,Normal,5: Lying down (controlled)
1789914760.1299577,12019,Person B,1275.6,3099.6,640.0,3353.54,22.51,True,Active,Aiman,None,Normal,5: Lying down (controlled)
1789914760.2237015,12020,Person B,1276.0,3099.6,320.0,3352.62,22.52,True,Active,Aiman,None,Normal,5: Lying down (controlled)
1789914760.3174434,12021,Person B,1276.3,3099.6,560.0,3352.08,22.54,True,Active,Aiman,None,Normal,5: Lying down (controlled)
1789914760.395561,12022,Person B,1277.2,3099.7,240.0,3354.15,22.58,True,Active,Aiman,None,Normal,5: Lying down (controlled)
1789914760.473684,12023,Person B,1278.7,3099.7,320.0,3354.69,22.56,True,Active,Aiman,None,Normal,5: Lying down (controlled)
1789914760.5518034,12024,Person B,1280.9,3099.6,390.0,3356.39,22.58,True,Active,Aiman,None,Normal,5: Lying down (controlled)
1789914760.6299195,12025,Person B,1283.1,3099.2,320.0,3356.0,22.57,True,Active,Aiman,None,Normal,5: Lying down (controlled)
1789914760.7236667,12026,Person B,1284.4,3098.8,-80.0,3355.93,22.48,True,Active,Aiman,None,Normal,5: Lying down (controlled)
1789914760.8018024,12027,Person B,1284.9,3098.8,390.0,3355.71,22.42,True,Active,Aiman,None,Normal,5: Lying down (controlled)
1789914760.8799222,12028,Person B,1284.3,3098.9,-160.0,3353.81,22.34,True,Active,Aiman,None,Normal,5: Lying down (controlled)
1789914760.9580247,12029,Person B,1283.2,3099.3,390.0,3353.05,22.31,True,Active,Aiman,None,Normal,5: Lying down (controlled)
1789914761.0673888,12030,Person B,1282.0,3099.6,80.0,3350.82,22.31,True,Active,Aiman,None,Normal,5: Lying down (controlled)
1789914761.1611338,12031,Person B,1280.9,3099.8,160.0,3349.73,22.35,True,Active,Aiman,None,Normal,5: Lying down (controlled)
1789914761.223631,12032,Person B,1279.4,3099.8,-80.0,3348.42,22.34,True,Active,Aiman,None,Normal,5: Lying down (controlled)
1789914761.301749,12033,Person B,1277.8,3099.6,160.0,3346.74,22.32,True,Active,Aiman,None,Normal,5: Lying down (controlled)
1789914761.3955112,12034,Person B,1275.9,3099.1,80.0,3344.51,22.32,True,Active,Aiman,None,Normal,5: Lying down (controlled)
1789914761.4892342,12035,Person B,1273.7,3098.6,80.0,3342.99,22.25,True,Active,Aiman,None,Normal,5: Lying down (controlled)
1789914761.5673566,12036,Person B,1271.9,3097.9,320.0,3342.61,22.24,True,Active,Aiman,None,Normal,5: Lying down (controlled)
1789914761.6610997,12037,Person B,1270.8,3097.2,480.0,3345.05,22.29,True,Active,Aiman,None,Normal,5: Lying down (controlled)
1789914761.7392175,12038,Person B,1270.4,3096.7,240.0,3347.66,22.31,True,Active,Aiman,None,Normal,5: Lying down (controlled)
1789914761.8329608,12039,Person B,1270.3,3096.5,160.0,3350.82,22.31,True,Active,Aiman,None,Normal,5: Lying down (controlled)
1789914761.926704,12040,Person B,1270.6,3096.7,390.0,3353.81,22.34,True,Active,Aiman,None,Normal,5: Lying down (controlled)
1789914762.0360708,12041,Person B,1270.7,3097.2,160.0,3354.73,22.34,True,Active,Aiman,None,Normal,5: Lying down (controlled)
1789914762.1298149,12042,Person B,1271.2,3098.0,390.0,3357.72,22.37,True,Active,Aiman,None,Normal,5: Lying down (controlled)
1789914762.1923306,12043,Person B,1271.9,3098.9,-80.0,3357.72,22.37,True,Active,Aiman,None,Normal,5: Lying down (controlled)
1789914762.286058,12044,Person B,1273.1,3100.0,390.0,3359.25,22.43,True,Active,Aiman,None,Normal,5: Lying down (controlled)
1789914762.379817,12045,Person B,1274.8,3101.2,-80.0,3360.55,22.44,True,Active,Aiman,None,Normal,5: Lying down (controlled)
1789914762.4735403,12046,Person B,1276.5,3102.4,320.0,3360.17,22.43,True,Active,Aiman,None,Normal,5: Lying down (controlled)
1789914762.5516603,12047,Person B,1277.8,3103.5,320.0,3360.17,22.43,True,Active,Aiman,None,Normal,5: Lying down (controlled)
1789914762.6297991,12048,Person B,1279.3,3104.3,390.0,3360.78,22.5,True,Active,Aiman,None,Normal,5: Lying down (controlled)
1789914762.7235231,12049,Person B,1280.7,3104.8,320.0,3360.78,22.5,True,Active,Aiman,None,Normal,5: Lying down (controlled)
1789914762.817269,12050,Person B,1282.4,3105.0,480.0,3362.15,22.6,True,Active,Aiman,None,Normal,5: Lying down (controlled)
1789914762.9266365,12051,Person B,1284.2,3105.0,390.0,3361.62,22.62,True,Active,Aiman,None,Normal,5: Lying down (controlled)
1789914763.0047562,12052,Person B,1285.3,3104.9,-80.0,3361.0,22.55,True,Active,Aiman,None,Normal,5: Lying down (controlled)
1789914763.0828726,12053,Person B,1286.2,3104.9,390.0,3361.16,22.51,True,Active,Aiman,None,Normal,5: Lying down (controlled)
1789914763.1609926,12054,Person B,1286.5,3105.0,160.0,3361.32,22.48,True,Active,Aiman,None,Normal,5: Lying down (controlled)
1789914763.254736,12055,Person B,1286.9,3105.2,390.0,3363.93,22.49,True,Active,Aiman,None,Normal,5: Lying down (controlled)
1789914763.3484817,12056,Person B,1287.7,3105.1,640.0,3362.31,22.56,True,Active,Aiman,None,Normal,5: Lying down (controlled)
1789914763.4422426,12057,Person B,1288.9,3104.8,160.0,3362.0,22.64,True,Active,Aiman,None,Normal,5: Lying down (controlled)
1789914763.520345,12058,Person B,1289.8,3104.4,-80.0,3360.54,22.67,True,Active,Aiman,None,Normal,5: Lying down (controlled)
1789914763.598481,12059,Person B,1290.5,3103.9,240.0,3358.85,22.64,True,Active,Aiman,None,Normal,5: Lying down (controlled)
1789914763.7078295,12060,Person B,1290.0,3103.3,-80.0,3354.69,22.56,True,Active,Aiman,None,Normal,5: Lying down (controlled)
1789914763.8015723,12061,Person B,1289.0,3102.7,390.0,3352.24,22.5,True,Active,Aiman,None,Normal,5: Lying down (controlled)
1789914763.8797114,12062,Person B,1288.2,3102.0,320.0,3351.47,22.47,True,Active,Aiman,None,Normal,5: Lying down (controlled)
1789914763.9734402,12063,Person B,1287.1,3101.3,-80.0,3350.49,22.39,True,Active,Aiman,None,Normal,5: Lying down (controlled)
1789914764.1296785,12064,Person B,1285.9,3100.4,320.0,3348.42,22.34,True,Active,Aiman,None,Normal,5: Lying down (controlled)
1789914764.2077975,12065,Person B,1284.7,3099.4,160.0,3350.11,22.37,True,Active,Aiman,None,Normal,5: Lying down (controlled)
1789914764.3015404,12066,Person B,1283.6,3098.7,390.0,3351.63,22.43,True,Active,Aiman,None,Normal,5: Lying down (controlled)
1789914764.3796604,12067,Person B,1282.3,3098.2,320.0,3352.4,22.46,True,Active,Aiman,None,Normal,5: Lying down (controlled)
1789914764.4577966,12068,Person B,1281.5,3097.9,390.0,3354.69,22.56,True,Active,Aiman,None,Normal,5: Lying down (controlled)
1789914764.5359154,12069,Person B,1281.3,3097.4,640.0,3353.46,22.64,True,Active,Aiman,None,Normal,5: Lying down (controlled)
1789914764.645284,12070,Person B,1281.9,3096.9,160.0,3352.39,22.69,True,Active,Aiman,None,Normal,5: Lying down (controlled)
1789914764.7233822,12071,Person B,1283.5,3096.3,480.0,3352.86,22.79,True,Active,Aiman,None,Normal,5: Lying down (controlled)
1789914764.8015053,12072,Person B,1285.6,3095.4,640.0,3351.26,22.86,True,Active,Aiman,None,Normal,5: Lying down (controlled)
1789914764.8640013,12073,Person B,1288.4,3094.2,320.0,3350.2,22.91,True,Active,Aiman,None,Normal,5: Lying down (controlled)
1789914764.9577432,12074,Person B,1291.9,3092.9,390.0,3349.91,22.98,True,Active,Aiman,None,Normal,5: Lying down (controlled)
1789914765.0514848,12075,Person B,1295.3,3091.5,320.0,3350.3,23.0,True,Active,Aiman,None,Normal,5: Lying down (controlled)
1789914765.1452308,12076,Person B,1297.7,3090.2,-80.0,3348.89,22.9,True,Active,Aiman,None,Normal,5: Lying down (controlled)
1789914765.2233477,12077,Person B,1299.5,3089.0,320.0,3348.25,22.83,True,Active,Aiman,None,Normal,5: Lying down (controlled)
1789914765.3014674,12078,Person B,1300.7,3088.1,160.0,3351.02,22.81,True,Active,Aiman,None,Normal,5: Lying down (controlled)
1789914765.3796062,12079,Person B,1302.0,3087.7,390.0,3354.8,22.87,True,Active,Aiman,None,Normal,5: Lying down (controlled)
1789914765.4889555,12080,Person B,1303.5,3087.7,-80.0,3358.2,22.92,True,Active,Aiman,None,Normal,5: Lying down (controlled)
1789914765.5826993,12081,Person B,1305.0,3088.1,390.0,3362.38,23.0,True,Active,Aiman,None,Normal,5: Lying down (controlled)
1789914765.6764607,12082,Person B,1306.7,3088.6,640.0,3362.5,23.1,True,Active,Aiman,None,Normal,5: Lying down (controlled)
1789914765.7545805,12083,Person B,1308.4,3089.0,160.0,3360.53,23.15,True,Active,Aiman,None,Normal,5: Lying down (controlled)
1789914765.8326805,12084,Person B,1309.5,3089.5,80.0,3358.82,23.12,True,Active,Aiman,None,Normal,5: Lying down (controlled)
1789914765.947164,12085,Person B,1310.4,3090.0,390.0,3358.43,23.11,True,Active,Aiman,None,Normal,5: Lying down (controlled)
1789914766.0252867,12086,Person B,1311.6,3090.4,320.0,3357.25,23.06,True,Active,Aiman,None,Normal,5: Lying down (controlled)
1789914766.0994356,12087,Person B,1313.2,3090.7,390.0,3357.25,23.06,True,Active,Aiman,None,Normal,5: Lying down (controlled)
1789914766.1931806,12088,Person B,1314.6,3090.7,320.0,3356.47,23.03,True,Active,Aiman,None,Normal,5: Lying down (controlled)
1789914766.2742505,12089,Person B,1315.6,3090.5,560.0,3356.86,23.04,True,Active,Aiman,None,Normal,5: Lying down (controlled)
1789914766.3836179,12090,Person B,1316.3,3090.1,390.0,3357.25,23.06,True,Active,Aiman,None,Normal,5: Lying down (controlled)
1789914766.4929895,12091,Person B,1316.6,3089.6,160.0,3358.96,23.08,True,Active,Aiman,None,Normal,5: Lying down (controlled)
1789914766.5554838,12092,Person B,1316.8,3089.5,390.0,3362.37,23.13,True,Active,Aiman,None,Normal,5: Lying down (controlled)
1789914766.6336198,12093,Person B,1316.9,3090.0,-80.0,3365.52,23.13,True,Active,Aiman,None,Normal,5: Lying down (controlled)
1789914766.758593,12094,Person B,1316.0,3090.7,-80.0,3361.74,22.93,True,Active,Aiman,None,Normal,5: Lying down (controlled)
1789914766.8210902,12095,Person B,1313.9,3091.4,640.0,3356.7,22.73,True,Active,Aiman,None,Normal,5: Lying down (controlled)
1789914766.9148307,12096,Person B,1311.7,3092.0,160.0,3354.23,22.67,True,Active,Aiman,None,Normal,5: Lying down (controlled)
1789914766.992953,12097,Person B,1309.8,3092.3,560.0,3352.62,22.74,True,Active,Aiman,None,Normal,5: Lying down (controlled)
1789914767.0710895,12098,Person B,1308.3,3092.2,640.0,3349.71,22.8,True,Active,Aiman,None,Normal,5: Lying down (controlled)
1789914767.1960614,12099,Person B,1306.6,3092.0,320.0,3348.4,22.79,True,Active,Aiman,None,Normal,5: Lying down (controlled)
1789914767.25856,12100,Person B,1305.0,3091.7,390.0,3348.25,22.83,True,Active,Aiman,None,Normal,5: Lying down (controlled)
1789914767.352302,12101,Person B,1303.0,3091.3,320.0,3347.48,22.8,True,Active,Aiman,None,Normal,5: Lying down (controlled)
1789914767.4460478,12102,Person B,1300.7,3091.0,160.0,3350.63,22.79,True,Active,Aiman,None,Normal,5: Lying down (controlled)
1789914767.524166,12103,Person B,1298.5,3090.5,390.0,3352.33,22.82,True,Active,Aiman,None,Normal,5: Lying down (controlled)
1789914767.617926,12104,Person B,1297.4,3090.1,160.0,3353.78,22.79,True,Active,Aiman,None,Normal,5: Lying down (controlled)
1789914767.7116492,12105,Person B,1297.9,3089.7,390.0,3354.95,22.84,True,Active,Aiman,None,Normal,5: Lying down (controlled)
1789914767.8053932,12106,Person B,1298.8,3089.2,390.0,3353.1,22.85,True,Active,Aiman,None,Normal,5: Lying down (controlled)
1789914767.8835328,12107,Person B,1299.6,3089.1,390.0,3354.8,22.87,True,Active,Aiman,None,Normal,5: Lying down (controlled)
1789914767.9616532,12108,Person B,1300.6,3089.1,640.0,3353.6,22.96,True,Active,Aiman,None,Normal,5: Lying down (controlled)
1789914768.0710034,12109,Person B,1301.7,3089.0,160.0,3351.75,22.97,True,Active,Aiman,None,Normal,5: Lying down (controlled)
1789914768.1803703,12110,Person B,1303.0,3088.7,560.0,3350.56,23.05,True,Active,Aiman,None,Normal,5: Lying down (controlled)
1789914768.3053627,12111,Person B,1304.4,3088.0,640.0,3346.49,23.06,True,Active,Aiman,None,Normal,5: Lying down (controlled)
1789914768.3991022,12112,Person B,1305.4,3087.0,320.0,3345.31,23.02,True,Active,Aiman,None,Normal,5: Lying down (controlled)
1789914768.4772246,12113,Person B,1306.2,3086.0,390.0,3346.23,23.01,True,Active,Aiman,None,Normal,5: Lying down (controlled)
1789914768.5553412,12114,Person B,1306.7,3084.9,320.0,3345.59,22.94,True,Active,Aiman,None,Normal,5: Lying down (controlled)
1789914768.633464,12115,Person B,1306.2,3084.3,80.0,3347.48,22.8,True,Active,Aiman,None,Normal,5: Lying down (controlled)
1789914768.727207,12116,Person B,1305.1,3084.3,390.0,3348.85,22.68,True,Active,Aiman,None,Normal,5: Lying down (controlled)
1789914768.8209677,12117,Person B,1303.6,3084.3,160.0,3349.0,22.64,True,Active,Aiman,None,Normal,5: Lying down (controlled)
1789914768.883446,12118,Person B,1302.2,3084.7,480.0,3351.85,22.71,True,Active,Aiman,None,Normal,5: Lying down (controlled)
1789914768.977187,12119,Person B,1301.0,3085.3,-80.0,3352.62,22.74,True,Active,Aiman,None,Normal,5: Lying down (controlled)
1789914769.0709293,12120,Person B,1299.1,3086.3,-80.0,3352.39,22.69,True,Active,Aiman,None,Normal,5: Lying down (controlled)
1789914769.1646724,12121,Person B,1297.4,3087.5,640.0,3350.93,22.72,True,Active,Aiman,None,Normal,5: Lying down (controlled)
1789914769.2428114,12122,Person B,1295.7,3088.5,160.0,3347.93,22.68,True,Active,Aiman,None,Normal,5: Lying down (controlled)
1789914769.3209147,12123,Person B,1293.2,3089.4,80.0,3344.85,22.56,True,Active,Aiman,None,Normal,5: Lying down (controlled)
1789914769.3990512,12124,Person B,1290.5,3090.3,390.0,3343.48,22.45,True,Active,Aiman,None,Normal,5: Lying down (controlled)
1789914769.5084038,12125,Person B,1288.1,3090.8,320.0,3342.87,22.38,True,Active,Aiman,None,Normal,5: Lying down (controlled)
1789914769.5865197,12126,Person B,1286.3,3090.9,390.0,3342.87,22.38,True,Active,Aiman,None,Normal,5: Lying down (controlled)
1789914769.6646569,12127,Person B,1284.3,3090.9,320.0,3341.35,22.32,True,Active,Aiman,None,Normal,5: Lying down (controlled)
1789914769.7427607,12128,Person B,1281.2,3091.1,80.0,3341.86,22.21,True,Active,Aiman,None,Normal,5: Lying down (controlled)
1789914769.8365006,12129,Person B,1277.5,3091.5,390.0,3342.2,22.13,True,Active,Aiman,None,Normal,5: Lying down (controlled)
1789914769.9302478,12130,Person B,1273.9,3091.8,320.0,3341.45,22.1,True,Active,Aiman,None,Normal,5: Lying down (controlled)
1789914770.0239873,12131,Person B,1269.7,3092.4,-80.0,3340.5,22.01,True,Active,Aiman,None,Normal,5: Lying down (controlled)
1789914770.10211,12132,Person B,1265.6,3093.1,720.0,3338.82,21.99,True,Active,Aiman,None,Normal,5: Lying down (controlled)
1789914770.1958506,12133,Person B,1262.6,3093.6,160.0,3338.09,22.05,True,Active,Aiman,None,Normal,5: Lying down (controlled)
1789914770.2739913,12134,Person B,1260.8,3093.8,640.0,3338.49,22.16,True,Active,Aiman,None,Normal,5: Lying down (controlled)
1789914770.3833373,12135,Person B,1259.7,3093.7,320.0,3337.78,22.22,True,Active,Aiman,None,Normal,5: Lying down (controlled)
1789914770.46146,12136,Person B,1259.4,3093.5,560.0,3339.88,22.35,True,Active,Aiman,None,Normal,5: Lying down (controlled)
1789914770.555204,12137,Person B,1260.1,3093.2,390.0,3341.25,22.45,True,Active,Aiman,None,Normal,5: Lying down (controlled)
1789914770.6333213,12138,Person B,1261.4,3092.7,320.0,3342.17,22.44,True,Active,Aiman,None,Normal,5: Lying down (controlled)
1789914770.7583177,12139,Person B,1263.3,3092.1,390.0,3343.86,22.47,True,Active,Aiman,None,Normal,5: Lying down (controlled)
1789914770.8208103,12140,Person B,1265.3,3091.5,320.0,3343.48,22.45,True,Active,Aiman,None,Normal,5: Lying down (controlled)
1789914770.9145508,12141,Person B,1267.1,3090.9,-80.0,3341.73,22.34,True,Active,Aiman,None,Normal,5: Lying down (controlled)
1789914770.992691,12142,Person B,1268.7,3090.5,390.0,3341.14,22.27,True,Active,Aiman,None,Normal,5: Lying down (controlled)
1789914771.0864162,12143,Person B,1269.4,3090.4,320.0,3339.8,22.16,True,Active,Aiman,None,Normal,5: Lying down (controlled)
1789914771.1801567,12144,Person B,1269.3,3090.6,390.0,3339.97,22.13,True,Active,Aiman,None,Normal,5: Lying down (controlled)
1789914771.2739,12145,Person B,1268.7,3090.8,390.0,3337.36,22.11,True,Active,Aiman,None,Normal,5: Lying down (controlled)
1789914771.3520195,12146,Person B,1267.6,3090.9,160.0,3336.64,22.17,True,Active,Aiman,None,Normal,5: Lying down (controlled)
1789914771.445763,12147,Person B,1266.4,3090.9,640.0,3336.68,22.26,True,Active,Aiman,None,Normal,5: Lying down (controlled)
1789914771.523883,12148,Person B,1265.4,3090.6,160.0,3335.59,22.31,True,Active,Aiman,None,Normal,5: Lying down (controlled)
1789914771.6239843,12149,Person B,1264.9,3090.1,560.0,3337.33,22.42,True,Active,Aiman,None,Normal,5: Lying down (controlled)
1789914771.7021067,12150,Person B,1264.9,3089.3,390.0,3336.08,22.51,True,Active,Aiman,None,Normal,5: Lying down (controlled)
1789914771.7958496,12151,Person B,1265.8,3088.4,320.0,3336.85,22.54,True,Active,Aiman,None,Normal,5: Lying down (controlled)
1789914771.8895926,12152,Person B,1267.3,3087.7,240.0,3340.39,22.55,True,Active,Aiman,None,Normal,5: Lying down (controlled)
1789914771.9677308,12153,Person B,1269.4,3087.1,320.0,3342.23,22.54,True,Active,Aiman,None,Normal,5: Lying down (controlled)
1789914772.0614722,12154,Person B,1271.9,3086.6,560.0,3344.85,22.56,True,Active,Aiman,None,Normal,5: Lying down (controlled)
1789914772.1708198,12155,Person B,1274.8,3086.3,390.0,3345.62,22.59,True,Active,Aiman,None,Normal,5: Lying down (controlled)
1789914772.2645628,12156,Person B,1277.7,3086.3,160.0,3347.69,22.63,True,Active,Aiman,None,Normal,5: Lying down (controlled)
1789914772.3583264,12157,Person B,1280.2,3086.8,-80.0,3350.85,22.62,True,Active,Aiman,None,Normal,5: Lying down (controlled)
1789914772.4208229,12158,Person B,1282.4,3087.6,320.0,3351.38,22.6,True,Active,Aiman,None,Normal,5: Lying down (controlled)
1789914772.5926702,12159,Person B,1283.4,3088.7,-80.0,3351.31,22.51,True,Active,Aiman,None,Normal,5: Lying down (controlled)
1789914772.7020378,12160,Person B,1283.6,3090.4,240.0,3352.56,22.43,True,Active,Aiman,None,Normal,5: Lying down (controlled)
1789914772.7801528,12161,Person B,1283.5,3092.1,160.0,3352.18,22.41,True,Active,Aiman,None,Normal,5: Lying down (controlled)
1789914772.8582718,12162,Person B,1283.2,3093.5,-80.0,3352.18,22.41,True,Active,Aiman,None,Normal,5: Lying down (controlled)
1789914772.9364114,12163,Person B,1282.8,3094.6,240.0,3350.87,22.4,True,Active,Aiman,None,Normal,5: Lying down (controlled)
1789914773.0145147,12164,Person B,1282.3,3095.6,320.0,3352.18,22.41,True,Active,Aiman,None,Normal,5: Lying down (controlled)
1789914773.0926309,12165,Person B,1282.0,3096.7,390.0,3354.63,22.47,True,Active,Aiman,None,Normal,5: Lying down (controlled)
1789914773.2176254,12166,Person B,1281.6,3097.7,320.0,3355.39,22.5,True,Active,Aiman,None,Normal,5: Lying down (controlled)
1789914773.2957613,12167,Person B,1281.6,3098.5,560.0,3358.23,22.57,True,Active,Aiman,None,Normal,5: Lying down (controlled)
1789914773.373864,12168,Person B,1281.9,3099.3,320.0,3359.92,22.6,True,Active,Aiman,None,Normal,5: Lying down (controlled)
1789914773.4519806,12169,Person B,1282.9,3100.1,160.0,3362.54,22.61,True,Active,Aiman,None,Normal,5: Lying down (controlled)
1789914773.530103,12170,Person B,1284.6,3100.7,390.0,3364.62,22.66,True,Active,Aiman,None,Normal,5: Lying down (controlled)
1789914773.6394675,12171,Person B,1286.3,3101.4,320.0,3365.15,22.63,True,Active,Aiman,None,Normal,5: Lying down (controlled)
1789914773.7175896,12172,Person B,1287.3,3102.4,-80.0,3365.24,22.5,True,Active,Aiman,None,Normal,5: Lying down (controlled)
1789914773.7957091,12173,Person B,1287.8,3103.8,390.0,3365.72,22.39,True,Active,Aiman,None,Normal,5: Lying down (controlled)
1789914773.873827,12174,Person B,1288.3,3104.9,160.0,3364.25,22.42,True,Active,Aiman,None,Normal,5: Lying down (controlled)
1789914773.9675744,12175,Person B,1288.5,3105.8,-80.0,3363.71,22.44,True,Active,Aiman,None,Normal,5: Lying down (controlled)
1789914774.0456917,12176,Person B,1288.4,3106.6,240.0,3362.4,22.43,True,Active,Aiman,None,Normal,5: Lying down (controlled)
1789914774.1238115,12177,Person B,1287.9,3107.4,320.0,3363.71,22.44,True,Active,Aiman,None,Normal,5: Lying down (controlled)
1789914774.2019277,12178,Person B,1287.5,3108.1,390.0,3364.86,22.49,True,Active,Aiman,None,Normal,5: Lying down (controlled)
1789914774.2800686,12179,Person B,1287.0,3108.6,320.0,3365.24,22.5,True,Active,Aiman,None,Normal,5: Lying down (controlled)
1789914774.389417,12180,Person B,1286.8,3109.1,390.0,3368.46,22.59,True,Active,Aiman,None,Normal,5: Lying down (controlled)
1789914774.4831614,12181,Person B,1286.8,3109.4,320.0,3367.92,22.61,True,Active,Aiman,None,Normal,5: Lying down (controlled)
1789914774.5612807,12182,Person B,1287.2,3109.3,-80.0,3365.85,22.57,True,Active,Aiman,None,Normal,5: Lying down (controlled)
1789914774.6394002,12183,Person B,1288.1,3108.7,390.0,3363.62,22.57,True,Active,Aiman,None,Normal,5: Lying down (controlled)
1789914774.733141,12184,Person B,1288.4,3108.2,-160.0,3360.78,22.5,True,Active,Aiman,None,Normal,5: Lying down (controlled)
1789914774.826884,12185,Person B,1288.2,3107.6,480.0,3357.4,22.45,True,Active,Aiman,None,Normal,5: Lying down (controlled)
1789914774.920627,12186,Person B,1288.3,3106.6,720.0,3353.54,22.51,True,Active,Aiman,None,Normal,5: Lying down (controlled)
1789914774.998747,12187,Person B,1288.3,3105.4,80.0,3352.62,22.52,True,Active,Aiman,None,Normal,5: Lying down (controlled)
1789914775.0924916,12188,Person B,1288.4,3103.6,720.0,3348.62,22.62,True,Active,Aiman,None,Normal,5: Lying down (controlled)
1789914775.2018614,12189,Person B,1288.5,3101.4,320.0,3345.31,22.66,True,Active,Aiman,None,Normal,5: Lying down (controlled)
1789914775.2799768,12190,Person B,1287.6,3099.4,80.0,3346.54,22.58,True,Active,Aiman,None,Normal,5: Lying down (controlled)
1789914775.3737235,12191,Person B,1286.3,3097.8,390.0,3348.16,22.51,True,Active,Aiman,None,Normal,5: Lying down (controlled)
1789914775.45184,12192,Person B,1285.1,3096.3,320.0,3347.39,22.48,True,Active,Aiman,None,Normal,5: Lying down (controlled)
1789914775.5455832,12193,Person B,1284.2,3095.1,560.0,3349.08,22.51,True,Active,Aiman,None,Normal,5: Lying down (controlled)
1789914775.6393278,12194,Person B,1283.7,3094.0,320.0,3348.7,22.49,True,Active,Aiman,None,Normal,5: Lying down (controlled)
1789914775.7330706,12195,Person B,1283.1,3093.2,80.0,3347.72,22.41,True,Active,Aiman,None,Normal,5: Lying down (controlled)
1789914775.8424578,12196,Person B,1281.5,3093.3,-80.0,3348.38,22.25,True,Active,Aiman,None,Normal,5: Lying down (controlled)
1789914775.920577,12197,Person B,1279.1,3093.8,-160.0,3348.13,22.11,True,Active,Aiman,None,Normal,5: Lying down (controlled)
1789914775.998697,12198,Person B,1275.7,3095.2,390.0,3348.66,21.99,True,Active,Aiman,None,Normal,5: Lying down (controlled)
1789914776.0767975,12199,Person B,1271.2,3097.4,80.0,3348.64,21.81,True,Active,Aiman,None,Normal,5: Lying down (controlled)
1789914776.1705432,12200,Person B,1266.0,3099.6,-80.0,3347.36,21.61,True,Active,Aiman,None,Normal,5: Lying down (controlled)
1789914776.2799268,12201,Person B,1260.2,3101.6,720.0,3344.99,21.46,True,Active,Aiman,None,Normal,5: Lying down (controlled)
1789914776.3580475,12202,Person B,1254.8,3103.4,160.0,3343.86,21.51,True,Active,Aiman,None,Normal,5: Lying down (controlled)
1789914776.4361472,12203,Person B,1249.4,3105.0,80.0,3343.66,21.55,True,Active,Aiman,None,Normal,5: Lying down (controlled)
1789914776.5142696,12204,Person B,1244.3,3106.3,390.0,3341.61,21.6,True,Active,Aiman,None,Normal,5: Lying down (controlled)
1789914776.608013,12205,Person B,1240.4,3107.3,560.0,3342.33,21.72,True,Active,Aiman,None,Normal,5: Lying down (controlled)
1789914776.7017558,12206,Person B,1238.2,3108.0,240.0,3346.6,21.86,True,Active,Aiman,None,Normal,5: Lying down (controlled)
1789914776.795501,12207,Person B,1237.3,3108.5,160.0,3349.4,21.93,True,Active,Aiman,None,Normal,5: Lying down (controlled)
1789914776.9361155,12208,Person B,1236.8,3108.8,0.0,3349.58,21.89,True,Active,Aiman,None,Normal,5: Lying down (controlled)
1789914777.0142505,12209,Person B,1236.9,3108.5,160.0,3346.23,21.84,True,Active,Aiman,None,Normal,5: Lying down (controlled)
1789914777.1079943,12210,Person B,1238.0,3107.8,390.0,3344.93,21.83,True,Active,Aiman,None,Normal,5: Lying down (controlled)
1789914777.201718,12211,Person B,1240.6,3106.7,320.0,3344.38,21.95,True,Active,Aiman,None,Normal,5: Lying down (controlled)
1789914777.2798576,12212,Person B,1243.5,3105.5,160.0,3343.48,22.05,True,Active,Aiman,None,Normal,5: Lying down (controlled)
1789914777.3579772,12213,Person B,1245.9,3104.6,-80.0,3344.2,21.99,True,Active,Aiman,None,Normal,5: Lying down (controlled)
1789914777.4517205,12214,Person B,1247.1,3104.3,-80.0,3343.26,21.81,True,Active,Aiman,None,Normal,5: Lying down (controlled)
1789914777.529823,12215,Person B,1245.8,3104.8,-80.0,3342.2,21.48,True,Active,Aiman,None,Normal,5: Lying down (controlled)
1789914777.6235662,12216,Person B,1241.7,3105.9,640.0,3341.81,21.14,True,Active,Aiman,None,Normal,5: Lying down (controlled)
1789914777.701686,12217,Person B,1235.6,3106.7,160.0,3334.57,20.91,True,Active,Aiman,None,Normal,5: Lying down (controlled)
1789914777.7798219,12218,Person B,1229.6,3107.6,80.0,3336.08,20.88,True,Active,Aiman,None,Normal,5: Lying down (controlled)
1789914777.8891768,12219,Person B,1224.3,3108.8,390.0,3338.08,20.92,True,Active,Aiman,None,Normal,5: Lying down (controlled)
1789914777.9829168,12220,Person B,1219.4,3110.1,320.0,3339.15,20.97,True,Active,Aiman,None,Normal,5: Lying down (controlled)
1789914778.0610328,12221,Person B,1213.6,3112.1,80.0,3341.82,20.9,True,Active,Aiman,None,Normal,5: Lying down (controlled)
1789914778.1391523,12222,Person B,1207.1,3114.6,320.0,3342.97,20.85,True,Active,Aiman,None,Normal,5: Lying down (controlled)
1789914778.2172723,12223,Person B,1200.2,3117.3,80.0,3344.23,20.72,True,Active,Aiman,None,Normal,5: Lying down (controlled)
1789914778.2953928,12224,Person B,1193.9,3120.2,240.0,3347.5,20.62,True,Active,Aiman,None,Normal,5: Lying down (controlled)
1789914778.404761,12225,Person B,1189.2,3122.8,160.0,3349.6,20.57,True,Active,Aiman,None,Normal,5: Lying down (controlled)
1789914778.4828782,12226,Person B,1186.8,3124.8,390.0,3351.94,20.63,True,Active,Aiman,None,Normal,5: Lying down (controlled)
1789914778.5610185,12227,Person B,1186.1,3127.0,240.0,3352.65,20.66,True,Active,Aiman,None,Normal,5: Lying down (controlled)
1789914778.6391199,12228,Person B,1186.3,3129.1,390.0,3356.42,20.78,True,Active,Aiman,None,Normal,5: Lying down (controlled)
1789914778.7328603,12229,Person B,1186.8,3131.4,240.0,3361.35,20.86,True,Active,Aiman,None,Normal,5: Lying down (controlled)
1789914778.842231,12230,Person B,1187.7,3133.6,160.0,3362.92,20.98,True,Active,Aiman,None,Normal,5: Lying down (controlled)
1789914778.9203506,12231,Person B,1190.1,3135.2,560.0,3365.37,21.18,True,Active,Aiman,None,Normal,5: Lying down (controlled)
1789914779.014091,12232,Person B,1195.5,3135.2,640.0,3362.58,21.71,True,Active,Aiman,None,Normal,5: Lying down (controlled)
1789914779.0922298,12233,Person B,1202.2,3134.4,320.0,3361.09,21.83,True,Active,Aiman,None,Normal,5: Lying down (controlled)
1789914779.2172213,12234,Person B,1209.8,3133.0,390.0,3362.02,21.92,True,Active,Aiman,None,Normal,5: Lying down (controlled)
1789914779.3265703,12235,Person B,1217.5,3131.2,320.0,3360.72,21.91,True,Active,Aiman,None,Normal,5: Lying down (controlled)
1789914779.4203136,12236,Person B,1224.3,3129.5,80.0,3360.71,21.82,True,Active,Aiman,None,Normal,5: Lying down (controlled)
1789914779.4984522,12237,Person B,1230.6,3127.8,390.0,3359.6,21.77,True,Active,Aiman,None,Normal,5: Lying down (controlled)
1789914779.6078186,12238,Person B,1235.7,3126.0,320.0,3358.12,21.71,True,Active,Aiman,None,Normal,5: Lying down (controlled)
1789914779.6859396,12239,Person B,1239.4,3124.1,0.0,3357.03,21.57,True,Active,Aiman,None,Normal,5: Lying down (controlled)
1789914779.7796626,12240,Person B,1241.7,3122.2,720.0,3353.53,21.46,True,Active,Aiman,None,Normal,5: Lying down (controlled)
1789914779.8734086,12241,Person B,1241.7,3120.9,-80.0,3353.25,21.26,True,Active,Aiman,None,Normal,5: Lying down (controlled)
1789914779.967168,12242,Person B,1238.0,3121.3,240.0,3352.79,21.1,True,Active,Aiman,None,Normal,5: Lying down (controlled)
1789914780.0452712,12243,Person B,1233.9,3122.1,160.0,3353.52,21.13,True,Active,Aiman,None,Normal,5: Lying down (controlled)
1789914780.1233916,12244,Person B,1229.9,3123.3,240.0,3358.48,21.21,True,Active,Aiman,None,Normal,5: Lying down (controlled)
1789914780.217131,12245,Person B,1226.6,3124.7,240.0,3361.59,21.3,True,Active,Aiman,None,Normal,5: Lying down (controlled)
1789914780.2952514,12246,Person B,1224.2,3126.2,80.0,3365.84,21.34,True,Active,Aiman,None,Normal,5: Lying down (controlled)
1789914780.3889942,12247,Person B,1222.8,3127.6,390.0,3367.46,21.46,True,Active,Aiman,None,Normal,5: Lying down (controlled)
1789914780.4514925,12248,Person B,1222.3,3128.9,320.0,3368.36,21.55,True,Active,Aiman,None,Normal,5: Lying down (controlled)
1789914780.5452385,12249,Person B,1223.5,3129.9,390.0,3370.75,21.69,True,Active,Aiman,None,Normal,5: Lying down (controlled)
1789914780.654604,12250,Person B,1225.9,3130.7,390.0,3369.81,21.79,True,Active,Aiman,None,Normal,5: Lying down (controlled)
1789914780.7483444,12251,Person B,1229.4,3130.7,-80.0,3366.1,21.82,True,Active,Aiman,None,Normal,5: Lying down (controlled)
1789914780.8264847,12252,Person B,1234.2,3130.1,390.0,3364.8,21.9,True,Active,Aiman,None,Normal,5: Lying down (controlled)
1789914780.9045875,12253,Person B,1238.7,3129.2,320.0,3361.65,21.9,True,Active,Aiman,None,Normal,5: Lying down (controlled)
1789914781.092074,12254,Person B,1242.3,3128.2,80.0,3362.39,21.84,True,Active,Aiman,None,Normal,5: Lying down (controlled)
1789914781.185818,12255,Person B,1245.2,3127.1,720.0,3362.01,21.83,True,Active,Aiman,None,Normal,5: Lying down (controlled)
1789914781.2639363,12256,Person B,1247.8,3125.7,160.0,3362.39,21.84,True,Active,Aiman,None,Normal,5: Lying down (controlled)
1789914781.3420527,12257,Person B,1250.2,3124.2,640.0,3362.39,21.93,True,Active,Aiman,None,Normal,5: Lying down (controlled)
1789914781.4201913,12258,Person B,1252.4,3122.7,320.0,3362.59,21.99,True,Active,Aiman,None,Normal,5: Lying down (controlled)
1789914781.4982965,12259,Person B,1254.6,3121.0,560.0,3363.19,22.15,True,Active,Aiman,None,Normal,5: Lying down (controlled)
1789914781.6076605,12260,Person B,1257.0,3119.6,240.0,3365.84,22.26,True,Active,Aiman,None,Normal,5: Lying down (controlled)
1789914781.6857812,12261,Person B,1259.7,3118.5,320.0,3366.05,22.31,True,Active,Aiman,None,Normal,5: Lying down (controlled)
1789914781.7639012,12262,Person B,1261.7,3117.8,-80.0,3365.84,22.26,True,Active,Aiman,None,Normal,5: Lying down (controlled)
1789914781.826397,12263,Person B,1263.4,3117.5,160.0,3365.25,22.19,True,Active,Aiman,None,Normal,5: Lying down (controlled)
1789914781.91925,12264,Person B,1265.3,3117.3,160.0,3367.65,22.16,True,Active,Aiman,None,Normal,5: Lying down (controlled)
1789914782.021409,12265,Person B,1267.6,3117.2,390.0,3369.71,22.2,True,Active,Aiman,None,Normal,5: Lying down (controlled)
1789914782.115152,12266,Person B,1269.8,3117.3,160.0,3371.56,22.18,True,Active,Aiman,None,Normal,5: Lying down (controlled)
1789914782.1932719,12267,Person B,1271.9,3117.7,390.0,3374.0,22.24,True,Active,Aiman,None,Normal,5: Lying down (controlled)
1789914782.2714078,12268,Person B,1274.2,3117.8,720.0,3372.19,22.34,True,Active,Aiman,None,Normal,5: Lying down (controlled)
1789914782.3495271,12269,Person B,1276.0,3118.1,390.0,3372.79,22.41,True,Active,Aiman,None,Normal,5: Lying down (controlled)
1789914782.4588795,12270,Person B,1277.8,3118.3,480.0,3374.54,22.53,True,Active,Aiman,None,Normal,5: Lying down (controlled)
1789914782.5526223,12271,Person B,1279.8,3118.5,320.0,3375.54,22.61,True,Active,Aiman,None,Normal,5: Lying down (controlled)
1789914782.630741,12272,Person B,1283.0,3118.5,560.0,3378.09,22.76,True,Active,Aiman,None,Normal,5: Lying down (controlled)
1789914782.7088573,12273,Person B,1287.2,3118.2,240.0,3378.57,22.87,True,Active,Aiman,None,Normal,5: Lying down (controlled)
1789914782.7869964,12274,Person B,1291.5,3117.5,320.0,3377.65,22.88,True,Active,Aiman,None,Normal,5: Lying down (controlled)
1789914782.880725,12275,Person B,1295.0,3116.9,-80.0,3377.55,22.78,True,Active,Aiman,None,Normal,5: Lying down (controlled)
1789914782.9588406,12276,Person B,1297.8,3116.3,320.0,3376.69,22.66,True,Active,Aiman,None,Normal,5: Lying down (controlled)
1789914783.052587,12277,Person B,1299.7,3115.7,560.0,3375.69,22.58,True,Active,Aiman,None,Normal,5: Lying down (controlled)
1789914783.115082,12278,Person B,1301.0,3115.4,390.0,3374.39,22.57,True,Active,Aiman,None,Normal,5: Lying down (controlled)
1789914783.193199,12279,Person B,1301.6,3115.2,160.0,3373.24,22.52,True,Active,Aiman,None,Normal,5: Lying down (controlled)
1789914783.3025668,12280,Person B,1301.7,3115.0,390.0,3373.08,22.56,True,Active,Aiman,None,Normal,5: Lying down (controlled)
1789914783.3650649,12281,Person B,1301.5,3114.5,640.0,3370.15,22.62,True,Active,Aiman,None,Normal,5: Lying down (controlled)
1789914783.4588077,12282,Person B,1301.3,3113.6,160.0,3369.01,22.79,True,Active,Aiman,None,Normal,5: Lying down (controlled)
1789914783.5681727,12283,Person B,1301.3,3112.4,640.0,3367.52,22.95,True,Active,Aiman,None,Normal,5: Lying down (controlled)
1789914783.6306677,12284,Person B,1301.7,3110.8,160.0,3364.48,23.04,True,Active,Aiman,None,Normal,5: Lying down (controlled)
1789914783.7400389,12285,Person B,1302.9,3109.0,320.0,3365.65,23.09,True,Active,Aiman,None,Normal,5: Lying down (controlled)
1789914783.8181748,12286,Person B,1305.0,3106.8,640.0,3364.6,23.14,True,Active,Aiman,None,Normal,5: Lying down (controlled)
1789914783.8962777,12287,Person B,1307.4,3104.4,320.0,3362.89,23.11,True,Active,Aiman,None,Normal,5: Lying down (controlled)
1789914783.9900203,12288,Person B,1309.9,3102.1,390.0,3362.89,23.11,True,Active,Aiman,None,Normal,5: Lying down (controlled)
1789914784.0681581,12289,Person B,1312.5,3099.9,320.0,3363.03,23.07,True,Active,Aiman,None,Normal,5: Lying down (controlled)
1789914784.1775072,12290,Person B,1314.1,3097.8,-80.0,3359.9,22.95,True,Active,Aiman,None,Normal,5: Lying down (controlled)
1789914784.2868726,12291,Person B,1315.0,3096.1,390.0,3357.95,22.87,True,Active,Aiman,None,Normal,5: Lying down (controlled)
1789914784.3493714,12292,Person B,1313.9,3095.2,80.0,3356.46,22.68,True,Active,Aiman,None,Normal,5: Lying down (controlled)
1789914784.4431138,12293,Person B,1310.9,3095.1,-80.0,3355.01,22.48,True,Active,Aiman,None,Normal,5: Lying down (controlled)
1789914784.521231,12294,Person B,1306.8,3095.7,240.0,3354.19,22.36,True,Active,Aiman,None,Normal,5: Lying down (controlled)
1789914784.6149933,12295,Person B,1301.6,3096.5,-80.0,3353.0,22.22,True,Active,Aiman,None,Normal,5: Lying down (controlled)
1789914784.739985,12296,Person B,1295.8,3097.9,240.0,3355.2,22.13,True,Active,Aiman,None,Normal,5: Lying down (controlled)
1789914784.8024638,12297,Person B,1290.2,3099.6,160.0,3357.05,22.12,True,Active,Aiman,None,Normal,5: Lying down (controlled)
1789914784.8962238,12298,Person B,1284.9,3101.9,160.0,3363.74,22.13,True,Active,Aiman,None,Normal,5: Lying down (controlled)
1789914784.9743266,12299,Person B,1280.1,3104.5,160.0,3368.58,22.15,True,Active,Aiman,None,Normal,5: Lying down (controlled)
1789914785.0836904,12300,Person B,1276.1,3107.3,-80.0,3370.43,22.14,True,Active,Aiman,None,Normal,5: Lying down (controlled)
1789914785.208687,12301,Person B,1272.1,3110.2,-80.0,3369.47,22.05,True,Active,Aiman,None,Normal,5: Lying down (controlled)
1789914785.3336792,12302,Person B,1269.0,3112.6,320.0,3366.87,22.03,True,Active,Aiman,None,Normal,5: Lying down (controlled)
1789914785.4117944,12303,Person B,1267.3,3114.7,160.0,3368.0,22.08,True,Active,Aiman,None,Normal,5: Lying down (controlled)
1789914785.5055368,12304,Person B,1266.8,3116.4,390.0,3368.03,22.17,True,Active,Aiman,None,Normal,5: Lying down (controlled)
1789914785.5680354,12305,Person B,1267.4,3117.9,160.0,3369.16,22.22,True,Active,Aiman,None,Normal,5: Lying down (controlled)
1789914785.6774035,12306,Person B,1268.3,3119.1,-80.0,3369.71,22.2,True,Active,Aiman,None,Normal,5: Lying down (controlled)
1789914785.7398982,12307,Person B,1269.1,3120.1,240.0,3369.33,22.18,True,Active,Aiman,None,Normal,5: Lying down (controlled)
1789914785.8180146,12308,Person B,1269.9,3120.6,390.0,3371.39,22.22,True,Active,Aiman,None,Normal,5: Lying down (controlled)
1789914785.896135,12309,Person B,1270.9,3120.9,240.0,3375.13,22.29,True,Active,Aiman,None,Normal,5: Lying down (controlled)
1789914786.005502,12310,Person B,1272.2,3121.0,160.0,3376.27,22.33,True,Active,Aiman,None,Normal,5: Lying down (controlled)
1789914786.0992455,12311,Person B,1274.7,3120.8,560.0,3377.09,22.46,True,Active,Aiman,None,Normal,5: Lying down (controlled)
1789914786.1930077,12312,Person B,1277.9,3120.6,-80.0,3377.16,22.55,True,Active,Aiman,None,Normal,5: Lying down (controlled)
1789914786.255487,12313,Person B,1280.7,3120.7,-80.0,3379.54,22.51,True,Active,Aiman,None,Normal,5: Lying down (controlled)
1789914786.3336039,12314,Person B,1283.2,3121.2,390.0,3382.16,22.53,True,Active,Aiman,None,Normal,5: Lying down (controlled)
1789914786.4117265,12315,Person B,1285.0,3121.9,160.0,3382.48,22.46,True,Active,Aiman,None,Normal,5: Lying down (controlled)
1789914786.521091,12316,Person B,1286.9,3122.7,390.0,3384.32,22.44,True,Active,Aiman,None,Normal,5: Lying down (controlled)
1789914786.5992305,12317,Person B,1288.4,3123.9,-80.0,3386.12,22.34,True,Active,Aiman,None,Normal,5: Lying down (controlled)
1789914786.6773293,12318,Person B,1289.3,3125.4,160.0,3388.68,22.27,True,Active,Aiman,None,Normal,5: Lying down (controlled)
1789914786.7554514,12319,Person B,1289.9,3126.8,390.0,3390.36,22.29,True,Active,Aiman,None,Normal,5: Lying down (controlled)
1789914786.8491924,12320,Person B,1290.2,3128.1,320.0,3389.44,22.3,True,Active,Aiman,None,Normal,5: Lying down (controlled)
1789914786.9429386,12321,Person B,1290.3,3129.5,390.0,3390.41,22.38,True,Active,Aiman,None,Normal,5: Lying down (controlled)
1789914787.0210764,12322,Person B,1290.3,3130.6,640.0,3387.32,22.48,True,Active,Aiman,None,Normal,5: Lying down (controlled)
1789914787.0991952,12323,Person B,1290.6,3130.9,-160.0,3383.46,22.54,True,Active,Aiman,None,Normal,5: Lying down (controlled)
1789914787.1929185,12324,Person B,1290.9,3130.6,640.0,3380.54,22.6,True,Active,Aiman,None,Normal,5: Lying down (controlled)
1789914787.3022869,12325,Person B,1291.5,3129.9,320.0,3378.31,22.6,True,Active,Aiman,None,Normal,5: Lying down (controlled)
1789914787.3960292,12326,Person B,1292.1,3129.0,320.0,3378.31,22.6,True,Active,Aiman,None,Normal,5: Lying down (controlled)
1789914787.4585447,12327,Person B,1293.5,3127.5,390.0,3377.62,22.66,True,Active,Aiman,None,Normal,5: Lying down (controlled)
1789914787.5570385,12328,Person B,1295.2,3125.3,320.0,3374.85,22.67,True,Active,Aiman,None,Normal,5: Lying down (controlled)
1789914787.6351554,12329,Person B,1296.5,3123.0,0.0,3374.08,22.64,True,Active,Aiman,None,Normal,5: Lying down (controlled)
1789914787.7445223,12330,Person B,1297.5,3120.8,320.0,3372.92,22.6,True,Active,Aiman,None,Normal,5: Lying down (controlled)
1789914787.8382678,12331,Person B,1298.0,3118.8,160.0,3373.85,22.59,True,Active,Aiman,None,Normal,5: Lying down (controlled)
