timestamp,sequence_id,target_id,x_mm,y_mm,speed_mms,distance_mm,angle_deg,valid,status,volunteer_id,fall_subtype,pace_variant,action_label
1789916520.7048934,1789,Person D,489.5,1299.4,320.0,1225.43,21.39,True,Active,Aiman,None,Normal,1: Walking
1789916520.7910686,1790,Person D,478.4,1264.0,240.0,1196.65,21.42,True,Active,Aiman,None,Normal,1: Walking
1789916520.8691711,1791,Person D,468.0,1230.2,160.0,1170.65,21.39,True,Active,Aiman,None,Normal,1: Walking
1789916520.9472868,1792,Person D,457.9,1197.2,80.0,1138.91,21.32,True,Active,Aiman,None,Normal,1: Walking
1789916521.041031,1793,Person D,448.5,1165.6,160.0,1115.14,21.3,True,Active,Aiman,None,Normal,1: Walking
1789916521.1191504,1794,Person D,439.2,1135.2,80.0,1089.36,21.15,True,Active,Aiman,None,Normal,1: Walking
1789916521.19727,1795,Person D,429.6,1106.6,-390.0,1060.21,21.12,True,Active,Aiman,None,Normal,1: Walking
1789916521.27539,1796,Person D,420.1,1078.8,-720.0,1031.01,21.39,True,Active,Aiman,None,Normal,1: Walking
1789916521.3879416,1797,Person D,411.0,1052.5,-160.0,1013.16,21.6,True,Active,Aiman,None,Normal,1: Walking
1789916521.488582,1798,Person D,402.6,1028.1,-160.0,1000.71,21.82,True,Active,Aiman,None,Normal,1: Walking
1789916521.578818,1799,Person D,395.3,1006.4,-240.0,996.82,22.04,True,Active,Aiman,None,Normal,1: Walking
1789916521.6693094,1800,Person D,389.0,987.3,-160.0,995.89,22.06,True,Active,Aiman,None,Normal,1: Walking
1789916521.7474291,1801,Person D,383.6,970.8,-160.0,997.37,21.96,True,Active,Aiman,None,Normal,1: Walking
1789916521.8255477,1802,Person D,379.6,957.3,-240.0,998.68,21.99,True,Active,Aiman,None,Normal,1: Walking
1789916521.9192722,1803,Person D,376.5,946.0,-240.0,998.68,21.99,True,Active,Aiman,None,Normal,1: Walking
1789916522.0209863,1804,Person D,374.9,937.0,-240.0,999.8,22.15,True,Active,Aiman,None,Normal,1: Walking
1789916522.088821,1805,Person D,375.2,930.7,-320.0,1002.85,22.58,True,Active,Aiman,None,Normal,1: Walking
1789916522.1722867,1806,Person D,376.7,927.3,-160.0,1005.17,22.89,True,Active,Aiman,None,Normal,1: Walking
1789916522.3222127,1807,Person D,379.2,925.7,-160.0,1007.91,23.26,True,Active,Aiman,None,Normal,1: Walking
1789916522.4561396,1808,Person D,382.7,925.4,-80.0,1011.5,23.73,True,Active,Aiman,None,Normal,1: Walking
1789916522.5393014,1809,Person D,386.9,925.5,-80.0,1014.24,24.21,True,Active,Aiman,None,Normal,1: Walking
1789916522.6224415,1810,Person D,391.8,925.6,-160.0,1016.22,24.6,True,Active,Aiman,None,Normal,1: Walking
1789916522.7229652,1811,Person D,397.6,925.4,-240.0,1018.67,25.03,True,Active,Aiman,None,Normal,1: Walking
1789916522.8208249,1812,Person D,403.9,925.0,-390.0,1020.32,25.36,True,Active,Aiman,None,Normal,1: Walking
1789916522.8989275,1813,Person D,410.8,924.5,-390.0,1022.0,25.69,True,Active,Aiman,None,Normal,1: Walking
1789916522.9926882,1814,Person D,418.0,924.1,-390.0,1025.52,25.97,True,Active,Aiman,None,Normal,1: Walking
1789916523.0708072,1815,Person D,424.9,924.0,-320.0,1030.41,26.14,True,Active,Aiman,None,Normal,1: Walking
1789916523.148927,1816,Person D,431.8,924.5,-390.0,1038.44,26.29,True,Active,Aiman,None,Normal,1: Walking
1789916523.2426705,1817,Person D,438.5,925.7,-320.0,1046.93,26.37,True,Active,Aiman,None,Normal,1: Walking
1789916523.352018,1818,Person D,444.6,927.9,-240.0,1057.23,26.27,True,Active,Aiman,None,Normal,1: Walking
1789916523.430157,1819,Person D,450.3,931.3,-240.0,1069.3,26.25,True,Active,Aiman,None,Normal,1: Walking
1789916523.5082765,1820,Person D,455.9,935.8,-390.0,1080.93,26.3,True,Active,Aiman,None,Normal,1: Walking
1789916523.586377,1821,Person D,461.6,941.2,-560.0,1092.1,26.54,True,Active,Aiman,None,Normal,1: Walking
1789916523.6801398,1822,Person D,467.3,947.7,-480.0,1103.72,26.59,True,Active,Aiman,None,Normal,1: Walking
1789916523.7895093,1823,Person D,472.7,955.5,-480.0,1115.8,26.45,True,Active,Aiman,None,Normal,1: Walking
1789916523.867626,1824,Person D,478.1,964.4,-640.0,1129.22,26.45,True,Active,Aiman,None,Normal,1: Walking
1789916523.945746,1825,Person D,485.4,976.4,-640.0,1170.36,26.76,True,Active,Aiman,None,Normal,1: Walking
1789916524.023866,1826,Person D,494.4,991.3,-480.0,1211.98,26.99,True,Active,Aiman,None,Normal,1: Walking
1789916524.1175928,1827,Person D,504.5,1008.9,-390.0,1249.54,26.93,True,Active,Aiman,None,Normal,1: Walking
1789916524.2113326,1828,Person D,514.7,1029.3,-320.0,1285.3,26.33,True,Active,Aiman,None,Normal,1: Walking
1789916524.2894526,1829,Person D,524.4,1052.7,-390.0,1322.18,25.54,True,Active,Aiman,None,Normal,1: Walking
1789916524.3831959,1830,Person D,533.4,1079.1,-390.0,1357.96,24.77,True,Active,Aiman,None,Normal,1: Walking
1789916524.4613166,1831,Person D,541.2,1108.5,-390.0,1391.33,24.0,True,Active,Aiman,None,Normal,1: Walking
1789916524.5394363,1832,Person D,548.1,1140.9,-390.0,1426.78,23.24,True,Active,Aiman,None,Normal,1: Walking
1789916524.6331975,1833,Person D,553.4,1179.9,-560.0,1493.93,21.6,True,Active,Aiman,None,Normal,1: Walking
1789916524.7112985,1834,Person D,556.6,1224.5,-320.0,1552.12,20.16,True,Active,Aiman,None,Normal,1: Walking
1789916524.7894213,1835,Person D,557.2,1271.4,-390.0,1605.08,19.39,True,Active,Aiman,None,Normal,1: Walking
1789916524.8675373,1836,Person D,557.5,1319.6,-390.0,1657.0,19.5,True,Active,Aiman,None,Normal,1: Walking
1789916524.9971282,1837,Person D,557.0,1369.5,-480.0,1707.77,19.18,True,Active,Aiman,None,Normal,1: Walking
1789916525.1100624,1838,Person D,556.8,1420.5,-640.0,1756.38,18.87,True,Active,Aiman,None,Normal,1: Walking
1789916525.1819625,1839,Person D,556.6,1472.9,-640.0,1808.51,18.3,True,Active,Aiman,None,Normal,1: Walking
1789916525.2519457,1840,Person D,556.0,1527.3,-560.0,1864.05,17.58,True,Active,Aiman,None,Normal,1: Walking
1789916525.3298855,1841,Person D,554.4,1584.7,-390.0,1925.23,16.6,True,Active,Aiman,None,Normal,1: Walking
1789916525.4148357,1842,Person D,553.3,1643.2,-390.0,1974.72,16.23,True,Active,Aiman,None,Normal,1: Walking
1789916525.5177734,1843,Person D,554.7,1697.9,-390.0,2016.48,16.24,True,Active,Aiman,None,Normal,1: Walking
1789916525.6007302,1844,Person D,558.8,1750.1,-390.0,2061.12,16.23,True,Active,Aiman,None,Normal,1: Walking
1789916525.6786823,1845,Person D,564.8,1801.4,-390.0,2111.96,16.31,True,Active,Aiman,None,Normal,1: Walking
1789916525.7606378,1846,Person D,570.5,1851.7,-240.0,2153.21,16.46,True,Active,Aiman,None,Normal,1: Walking
1789916525.848584,1847,Person D,576.1,1902.3,-240.0,2207.0,16.23,True,Active,Aiman,None,Normal,1: Walking
1789916525.9565246,1848,Person D,582.2,1951.4,-240.0,2243.0,16.29,True,Active,Aiman,None,Normal,1: Walking
1789916526.0255032,1849,Person D,590.5,2000.0,0.0,2297.17,16.46,True,Active,Aiman,None,Normal,1: Walking
1789916526.1004603,1850,Person D,600.1,2044.9,-80.0,2321.5,16.49,True,Active,Aiman,None,Normal,1: Walking
1789916526.184838,1851,Person D,614.4,2086.3,160.0,2362.91,17.05,True,Active,Aiman,None,Normal,1: Walking
1789916526.2637944,1852,Person D,630.3,2126.9,80.0,2409.3,17.16,True,Active,Aiman,None,Normal,1: Walking
1789916526.3507464,1853,Person D,645.4,2164.4,240.0,2419.08,17.19,True,Active,Aiman,None,Normal,1: Walking
1789916526.4346979,1854,Person D,660.7,2201.5,80.0,2460.48,17.23,True,Active,Aiman,None,Normal,1: Walking
1789916526.5306406,1855,Person D,672.5,2241.7,390.0,2530.92,16.32,True,Active,Aiman,None,Normal,1: Walking
1789916526.618976,1856,Person D,680.5,2282.3,480.0,2565.53,15.6,True,Active,Aiman,None,Normal,1: Walking
1789916526.7019444,1857,Person D,686.7,2312.2,390.0,2511.53,15.69,True,Active,Aiman,None,Normal,1: Walking
1789916526.81286,1858,Person D,691.3,2335.3,390.0,2477.72,15.81,True,Active,Aiman,None,Normal,1: Walking
1789916526.8959827,1859,Person D,693.9,2352.2,240.0,2466.72,15.93,True,Active,Aiman,None,Normal,1: Walking
1789916526.9729621,1860,Person D,695.8,2365.6,390.0,2455.46,16.03,True,Active,Aiman,None,Normal,1: Walking
1789916527.049898,1861,Person D,694.4,2374.7,240.0,2446.13,16.12,True,Active,Aiman,None,Normal,1: Walking
1789916527.1308506,1862,Person D,690.9,2378.5,480.0,2435.69,16.11,True,Active,Aiman,None,Normal,1: Walking
1789916527.213803,1863,Person D,686.9,2380.1,640.0,2422.92,16.18,True,Active,Aiman,None,Normal,1: Walking
1789916527.2927785,1864,Person D,681.1,2376.6,480.0,2410.28,16.16,True,Active,Aiman,None,Normal,1: Walking
1789916527.3757312,1865,Person D,677.0,2363.7,480.0,2395.6,16.24,True,Active,Aiman,None,Normal,1: Walking
1789916527.456665,1866,Person D,674.8,2344.6,480.0,2375.84,16.33,True,Active,Aiman,None,Normal,1: Walking
1789916527.567605,1867,Person D,673.5,2328.9,480.0,2357.05,16.41,True,Active,Aiman,None,Normal,1: Walking
1789916527.6715615,1868,Person D,672.4,2314.5,560.0,2336.34,16.51,True,Active,Aiman,None,Normal,1: Walking
1789916527.7505164,1869,Person D,671.0,2299.1,560.0,2314.97,16.64,True,Active,Aiman,None,Normal,1: Walking
1789916527.8175132,1870,Person D,668.7,2278.9,640.0,2255.21,16.88,True,Active,Aiman,None,Normal,1: Walking
1789916527.8956335,1871,Person D,666.1,2254.0,640.0,2200.14,17.27,True,Active,Aiman,None,Normal,1: Walking
1789916527.9893765,1872,Person D,663.2,2224.5,480.0,2144.91,17.56,True,Active,Aiman,None,Normal,1: Walking
1789916528.0831385,1873,Person D,658.9,2191.1,560.0,2090.81,17.59,True,Active,Aiman,None,Normal,1: Walking
1789916528.161259,1874,Person D,652.8,2153.8,560.0,2035.55,17.44,True,Active,Aiman,None,Normal,1: Walking
1789916528.239378,1875,Person D,644.3,2113.0,560.0,1980.38,17.18,True,Active,Aiman,None,Normal,1: Walking
1789916528.3174815,1876,Person D,630.9,2064.9,480.0,1876.58,16.53,True,Active,Aiman,None,Normal,1: Walking
1789916528.4112213,1877,Person D,613.3,2010.8,390.0,1788.44,15.9,True,Active,Aiman,None,Normal,1: Walking
1789916528.5049648,1878,Person D,593.8,1951.5,390.0,1712.47,15.89,True,Active,Aiman,None,Normal,1: Walking
1789916528.5831048,1879,Person D,573.4,1887.9,390.0,1647.24,16.18,True,Active,Aiman,None,Normal,1: Walking
1789916528.6612234,1880,Person D,554.5,1823.6,240.0,1585.05,17.1,True,Active,Aiman,None,Normal,1: Walking
1789916528.7393441,1881,Person D,535.3,1759.0,390.0,1526.29,17.58,True,Active,Aiman,None,Normal,1: Walking
1789916528.8330667,1882,Person D,518.2,1693.5,80.0,1469.24,18.9,True,Active,Aiman,None,Normal,1: Walking
1789916528.9111893,1883,Person D,505.1,1626.8,80.0,1417.49,20.7,True,Active,Aiman,None,Normal,1: Walking
1789916529.0049317,1884,Person D,497.2,1559.4,160.0,1374.69,22.72,True,Active,Aiman,None,Normal,1: Walking
1789916529.0674255,1885,Person D,494.6,1491.7,160.0,1337.43,24.71,True,Active,Aiman,None,Normal,1: Walking
1789916529.1455653,1886,Person D,497.5,1428.5,390.0,1295.71,25.75,True,Active,Aiman,None,Normal,1: Walking
1789916529.254913,1887,Person D,504.8,1368.8,160.0,1256.22,26.63,True,Active,Aiman,None,Normal,1: Walking
1789916529.3330317,1888,Person D,513.2,1312.7,160.0,1218.69,26.99,True,Active,Aiman,None,Normal,1: Walking
1789916529.3955276,1889,Person D,523.3,1259.6,-80.0,1190.88,28.05,True,Active,Aiman,None,Normal,1: Walking
1789916529.4736495,1890,Person D,534.7,1210.6,-240.0,1177.72,29.5,True,Active,Aiman,None,Normal,1: Walking
1789916529.5517862,1891,Person D,549.0,1166.3,-390.0,1178.54,30.83,True,Active,Aiman,None,Normal,1: Walking
1789916529.64551,1892,Person D,565.0,1125.4,-560.0,1169.13,32.96,True,Active,Aiman,None,Normal,1: Walking
1789916529.7392564,1893,Person D,582.5,1089.2,-720.0,1177.4,35.04,True,Active,Aiman,None,Normal,1: Walking
1789916529.8330176,1894,Person D,601.3,1058.7,-880.0,1201.8,36.75,True,Active,Aiman,None,Normal,1: Walking
1789916529.9111197,1895,Person D,622.2,1034.7,-790.0,1241.15,38.23,True,Active,Aiman,None,Normal,1: Walking
1789916529.9892397,1896,Person D,647.0,1018.7,-640.0,1292.97,38.85,True,Active,Aiman,None,Normal,1: Walking
1789916530.0673583,1897,Person D,674.0,1009.7,-640.0,1327.02,38.88,True,Active,Aiman,None,Normal,1: Walking
1789916530.161099,1898,Person D,705.8,1006.8,-640.0,1369.63,39.49,True,Active,Aiman,None,Normal,1: Walking
1789916530.2392187,1899,Person D,743.2,1009.6,-720.0,1427.09,40.88,True,Active,Aiman,None,Normal,1: Walking
1789916530.3173382,1900,Person D,784.2,1017.0,-880.0,1479.16,42.01,True,Active,Aiman,None,Normal,1: Walking
1789916530.3954768,1901,Person D,830.4,1026.7,-880.0,1538.26,43.87,True,Active,Aiman,None,Normal,1: Walking
1789916530.4735804,1902,Person D,879.5,1040.5,-880.0,1588.17,45.2,True,Active,Aiman,None,Normal,1: Walking
1789916530.5673254,1903,Person D,930.3,1057.9,-720.0,1642.22,46.13,True,Active,Aiman,None,Normal,1: Walking
1789916530.6454422,1904,Person D,982.7,1079.1,-720.0,1710.46,46.61,True,Active,Aiman,None,Normal,1: Walking
1789916530.7079377,1905,Person D,1036.8,1102.1,-720.0,1779.19,47.37,True,Active,Aiman,None,Normal,1: Walking
1789916530.8017006,1906,Person D,1093.4,1124.4,-720.0,1846.36,48.23,True,Active,Aiman,None,Normal,1: Walking
1789916530.879801,1907,Person D,1154.2,1145.6,-560.0,1904.34,49.17,True,Active,Aiman,None,Normal,1: Walking
1789916530.9735427,1908,Person D,1216.3,1167.4,-790.0,1962.57,49.48,True,Active,Aiman,None,Normal,1: Walking
1789916531.0516815,1909,Person D,1275.1,1191.8,-390.0,2016.63,49.0,True,Active,Aiman,None,Normal,1: Walking
1789916531.1298006,1910,Person D,1330.5,1219.6,-390.0,2068.83,48.27,True,Active,Aiman,None,Normal,1: Walking
1789916531.207901,1911,Person D,1379.8,1254.6,-560.0,2135.22,46.9,True,Active,Aiman,None,Normal,1: Walking
1789916531.3172677,1912,Person D,1425.0,1294.7,-640.0,2191.72,46.09,True,Active,Aiman,None,Normal,1: Walking
1789916531.395388,1913,Person D,1466.4,1338.9,-640.0,2247.22,45.32,True,Active,Aiman,None,Normal,1: Walking
1789916531.4735265,1914,Person D,1503.5,1385.1,-640.0,2298.86,44.59,True,Active,Aiman,None,Normal,1: Walking
1789916531.56727,1915,Person D,1535.5,1433.3,-640.0,2345.12,44.0,True,Active,Aiman,None,Normal,1: Walking
1789916531.6453896,1916,Person D,1561.9,1483.5,-640.0,2385.94,43.45,True,Active,Aiman,None,Normal,1: Walking
1789916531.723493,1917,Person D,1582.9,1536.1,-640.0,2421.21,42.99,True,Active,Aiman,None,Normal,5: Lying down (controlled)
1789916531.817233,1918,Person D,1599.7,1589.1,-640.0,2452.27,42.6,True,Active,Aiman,None,Normal,5: Lying down (controlled)
1789916531.8953724,1919,Person D,1614.3,1640.2,-640.0,2479.07,42.29,True,Active,Aiman,None,Normal,5: Lying down (controlled)
1789916531.9734914,1920,Person D,1627.0,1687.1,-640.0,2489.97,42.15,True,Active,Aiman,None,Normal,5: Lying down (controlled)
1789916532.06018,1921,Person D,1638.5,1727.0,-640.0,2500.89,42.02,True,Active,Aiman,None,Normal,5: Lying down (controlled)
1789916532.1561234,1922,Person D,1648.3,1761.8,-640.0,2510.33,41.92,True,Active,Aiman,None,Normal,5: Lying down (controlled)
1789916532.2550662,1923,Person D,1656.4,1791.5,-640.0,2518.37,41.81,True,Active,Aiman,None,Normal,5: Lying down (controlled)
1789916532.3270211,1924,Person D,1662.4,1813.5,-160.0,2500.14,42.03,True,Active,Aiman,None,Normal,5: Lying down (controlled)
1789916532.4389586,1925,Person D,1666.7,1829.5,-160.0,2491.38,42.15,True,Active,Aiman,None,Normal,5: Lying down (controlled)
1789916532.5875533,1926,Person D,1669.6,1840.0,-160.0,2482.63,42.27,True,Active,Aiman,None,Normal,5: Lying down (controlled)
1789916532.6656716,1927,Person D,1671.3,1845.7,-160.0,2474.63,42.38,True,Active,Aiman,None,Normal,5: Lying down (controlled)
1789916532.7750382,1928,Person D,1671.8,1847.1,-160.0,2465.97,42.47,True,Active,Aiman,None,Normal,5: Lying down (controlled)
1789916532.8531597,1929,Person D,1671.3,1844.7,-160.0,2457.98,42.58,True,Active,Aiman,None,Normal,5: Lying down (controlled)
1789916532.9345493,1930,Person D,1670.3,1840.3,-160.0,2450.74,42.67,True,Active,Aiman,None,Normal,5: Lying down (controlled)
1789916533.0105097,1931,Person D,1668.8,1833.8,-160.0,2442.77,42.78,True,Active,Aiman,None,Normal,5: Lying down (controlled)
1789916533.1154528,1932,Person D,1666.9,1825.6,-160.0,2436.96,42.87,True,Active,Aiman,None,Normal,5: Lying down (controlled)
1789916533.2134128,1933,Person D,1664.6,1815.7,-160.0,2429.74,42.97,True,Active,Aiman,None,Normal,5: Lying down (controlled)
1789916533.309358,1934,Person D,1662.6,1807.1,-160.0,2423.25,43.04,True,Active,Aiman,None,Normal,5: Lying down (controlled)
1789916533.3872926,1935,Person D,1660.6,1798.8,-160.0,2416.77,43.12,True,Active,Aiman,None,Normal,5: Lying down (controlled)
1789916533.4690223,1936,Person D,1658.7,1790.8,-160.0,2410.99,43.22,True,Active,Aiman,None,Normal,5: Lying down (controlled)
1789916533.5579653,1937,Person D,1656.8,1783.0,-160.0,2404.52,43.3,True,Active,Aiman,None,Normal,5: Lying down (controlled)
1789916533.647913,1938,Person D,1655.1,1775.5,-160.0,2399.47,43.38,True,Active,Aiman,None,Normal,5: Lying down (controlled)
1789916533.7288709,1939,Person D,1653.4,1768.3,-160.0,2393.73,43.44,True,Active,Aiman,None,Normal,5: Lying down (controlled)
1789916533.8118203,1940,Person D,1653.4,1768.3,-160.0,2393.73,43.44,True,Predicted,Aiman,None,Normal,5: Lying down (controlled)
1789916533.8930397,1941,Person D,1653.4,1768.3,-160.0,2393.73,43.44,True,Predicted,Aiman,None,Normal,5: Lying down (controlled)
1789916533.9729905,1942,Person D,1653.4,1768.3,-160.0,2393.73,43.44,True,Predicted,Aiman,None,Normal,5: Lying down (controlled)
1789916534.063937,1943,Person D,1653.4,1768.3,-160.0,2393.73,43.44,True,Predicted,Aiman,None,Normal,5: Lying down (controlled)
1789916534.1418922,1944,Person D,1653.4,1768.3,-160.0,2393.73,43.44,True,Predicted,Aiman,None,Normal,5: Lying down (controlled)
1789916534.207712,1945,Person D,1653.4,1768.3,-160.0,2393.73,43.44,True,Predicted,Aiman,None,Normal,5: Lying down (controlled)
1789916534.2858286,1946,Person D,1653.4,1768.3,-160.0,2393.73,43.44,True,Predicted,Aiman,None,Normal,5: Lying down (controlled)
1789916534.363969,1947,Person D,1653.4,1768.3,-160.0,2393.73,43.44,True,Predicted,Aiman,None,Normal,5: Lying down (controlled)
1789916534.4420877,1948,Person D,1653.4,1768.3,-160.0,2393.73,43.44,True,Predicted,Aiman,None,Normal,5: Lying down (controlled)
1789916534.5201902,1949,Person D,1653.4,1768.3,-160.0,2393.73,43.44,True,Predicted,Aiman,None,Normal,5: Lying down (controlled)
1789916534.5826857,1950,Person D,1653.4,1768.3,-160.0,2393.73,43.44,True,Predicted,Aiman,None,Normal,5: Lying down (controlled)
1789916534.6764457,1951,Person D,1653.4,1768.3,-160.0,2393.73,43.44,True,Predicted,Aiman,None,Normal,5: Lying down (controlled)
1789916534.7545457,1952,Person D,1653.4,1768.3,-160.0,2393.73,43.44,True,Predicted,Aiman,None,Normal,5: Lying down (controlled)
1789916534.8326657,1953,Person D,1653.4,1768.3,-160.0,2393.73,43.44,True,Predicted,Aiman,None,Normal,5: Lying down (controlled)
1789916534.8951814,1954,Person D,1653.4,1768.3,-160.0,2393.73,43.44,True,Predicted,Aiman,None,Normal,5: Lying down (controlled)
1789916534.973281,1955,Person D,1653.4,1768.3,-160.0,2393.73,43.44,True,Searching,Aiman,None,Normal,5: Lying down (controlled)
1789916535.0670266,1956,Person D,1653.4,1768.3,-160.0,2393.73,43.44,True,Searching,Aiman,None,Normal,5: Lying down (controlled)
1789916535.1295223,1957,Person D,1653.4,1768.3,-160.0,2393.73,43.44,True,Searching,Aiman,None,Normal,5: Lying down (controlled)
1789916535.207659,1958,Person D,1653.4,1768.3,-160.0,2393.73,43.44,True,Searching,Aiman,None,Normal,5: Lying down (controlled)
1789916535.2857783,1959,Person D,1653.4,1768.3,-160.0,2393.73,43.44,True,Searching,Aiman,None,Normal,5: Lying down (controlled)
1789916535.363881,1960,Person D,1653.4,1768.3,-160.0,2393.73,43.44,True,Searching,Aiman,None,Normal,5: Lying down (controlled)
1789916535.4888728,1961,Person D,1653.4,1768.3,-160.0,2393.73,43.44,True,Searching,Aiman,None,Normal,5: Lying down (controlled)
1789916535.6138618,1962,Person D,1653.4,1768.3,-160.0,2393.73,43.44,True,Searching,Aiman,None,Normal,5: Lying down (controlled)
1789916535.7388537,1963,Person D,1653.4,1768.3,-160.0,2393.73,43.44,True,Searching,Aiman,None,Normal,5: Lying down (controlled)
1789916535.8013666,1964,Person D,1653.4,1768.3,-160.0,2393.73,43.44,True,Searching,Aiman,None,Normal,5: Lying down (controlled)
1789916535.8794858,1965,Person D,1653.4,1768.3,-160.0,2393.73,43.44,True,Searching,Aiman,None,Normal,5: Lying down (controlled)
1789916535.9576082,1966,Person D,1653.4,1768.3,-160.0,2393.73,43.44,True,Searching,Aiman,None,Normal,5: Lying down (controlled)
1789916536.0513303,1967,Person D,1653.4,1768.3,-160.0,2393.73,43.44,True,Searching,Aiman,None,Normal,5: Lying down (controlled)
1789916536.1294494,1968,Person D,1653.4,1768.3,-160.0,2393.73,43.44,True,Searching,Aiman,None,Normal,5: Lying down (controlled)
1789916536.191945,1969,Person D,1653.4,1768.3,-160.0,2393.73,43.44,True,Searching,Aiman,None,Normal,5: Lying down (controlled)
1789916536.2700841,1970,Person D,1653.4,1768.3,-160.0,2393.73,43.44,True,Searching,Aiman,None,Normal,5: Lying down (controlled)
1789916536.363828,1971,Person D,1653.4,1768.3,-160.0,2393.73,43.44,True,Searching,Aiman,None,Normal,5: Lying down (controlled)
1789916536.441948,1972,Person D,1653.4,1768.3,-160.0,2393.73,43.44,True,Searching,Aiman,None,Normal,5: Lying down (controlled)
1789916536.520067,1973,Person D,1653.4,1768.3,-160.0,2393.73,43.44,True,Searching,Aiman,None,Normal,5: Lying down (controlled)
1789916536.613811,1974,Person D,1653.4,1768.3,-160.0,2393.73,43.44,True,Searching,Aiman,None,Normal,5: Lying down (controlled)
1789916536.6919293,1975,Person D,1653.4,1768.3,-160.0,2393.73,43.44,True,Searching,Aiman,None,Normal,5: Lying down (controlled)
1789916536.7700486,1976,Person D,1653.4,1768.3,-160.0,2393.73,43.44,True,Searching,Aiman,None,Normal,5: Lying down (controlled)
1789916536.848152,1977,Person D,1653.4,1768.3,-160.0,2393.73,43.44,True,Searching,Aiman,None,Normal,5: Lying down (controlled)
1789916536.9262722,1978,Person D,1653.4,1768.3,-160.0,2393.73,43.44,True,Searching,Aiman,None,Normal,5: Lying down (controlled)
1789916536.988767,1979,Person D,1653.4,1768.3,-160.0,2393.73,43.44,True,Searching,Aiman,None,Normal,5: Lying down (controlled)
1789916537.0981343,1980,Person D,1653.4,1768.3,-160.0,2393.73,43.44,True,Searching,Aiman,None,Normal,5: Lying down (controlled)
1789916537.238751,1981,Person D,1653.4,1768.3,-160.0,2393.73,43.44,True,Searching,Aiman,None,Normal,5: Lying down (controlled)
1789916537.3481162,1982,Person D,1653.4,1768.3,-160.0,2393.73,43.44,True,Searching,Aiman,None,Normal,5: Lying down (controlled)
1789916537.4262366,1983,Person D,1653.4,1768.3,-160.0,2393.73,43.44,True,Searching,Aiman,None,Normal,5: Lying down (controlled)
1789916537.488729,1984,Person D,1653.4,1768.3,-160.0,2393.73,43.44,True,Searching,Aiman,None,Normal,5: Lying down (controlled)
1789916537.5668485,1985,Person D,1653.4,1768.3,-160.0,2393.73,43.44,True,Searching,Aiman,None,Normal,5: Lying down (controlled)
1789916537.6606123,1986,Person D,1653.4,1768.3,-160.0,2393.73,43.44,True,Searching,Aiman,None,Normal,5: Lying down (controlled)
1789916537.7231078,1987,Person D,1653.4,1768.3,-160.0,2393.73,43.44,True,Searching,Aiman,None,Normal,5: Lying down (controlled)
1789916537.8012264,1988,Person D,1653.4,1768.3,-160.0,2393.73,43.44,True,Searching,Aiman,None,Normal,5: Lying down (controlled)
1789916537.879331,1989,Person D,1653.4,1768.3,-160.0,2393.73,43.44,True,Searching,Aiman,None,Normal,5: Lying down (controlled)
1789916537.9574492,1990,Person D,1653.4,1768.3,-160.0,2393.73,43.44,True,Searching,Aiman,None,Normal,5: Lying down (controlled)
1789916538.0355864,1991,Person D,1238.0,3093.0,560.0,3331.56,21.81,True,Active,Aiman,None,Normal,5: Lying down (controlled)
1789916538.1293125,1992,Person D,1239.0,3095.0,240.0,3336.02,21.82,True,Active,Aiman,None,Normal,5: Lying down (controlled)
1789916538.2230558,1993,Person D,1240.33,3098.0,240.0,3343.63,21.82,True,Active,Aiman,None,Normal,5: Lying down (controlled)
1789916538.3011935,1994,Person D,1240.75,3100.75,160.0,3347.9,21.78,True,Active,Aiman,None,Normal,5: Lying down (controlled)
1789916538.3793108,1995,Person D,1241.4,3102.8,640.0,3350.5,21.8,True,Active,Aiman,None,Normal,5: Lying down (controlled)
1789916538.4730551,1996,Person D,1241.67,3104.17,160.0,3350.13,21.78,True,Active,Aiman,None,Normal,5: Lying down (controlled)
1789916538.5511546,1997,Person D,1242.29,3105.14,480.0,3351.24,21.83,True,Active,Aiman,None,Normal,5: Lying down (controlled)
1789916538.644898,1998,Person D,1242.75,3105.62,390.0,3349.39,21.84,True,Active,Aiman,None,Normal,5: Lying down (controlled)
1789916538.7230184,1999,Person D,1243.11,3106.22,480.0,3351.24,21.83,True,Active,Aiman,None,Normal,5: Lying down (controlled)
1789916538.816781,2000,Person D,1243.6,3106.9,240.0,3353.84,21.85,True,Active,Aiman,None,Normal,5: Lying down (controlled)
1789916538.8949,2001,Person D,1244.4,3109.2,240.0,3355.89,21.8,True,Active,Aiman,None,Normal,5: Lying down (controlled)
1789916538.9886432,2002,Person D,1245.2,3111.3,560.0,3358.49,21.81,True,Active,Aiman,None,Normal,5: Lying down (controlled)
1789916539.0667436,2003,Person D,1245.5,3113.1,240.0,3361.46,21.76,True,Active,Aiman,None,Normal,5: Lying down (controlled)
1789916539.1605067,2004,Person D,1246.1,3114.7,560.0,3364.99,21.77,True,Active,Aiman,None,Normal,5: Lying down (controlled)
1789916539.2386258,2005,Person D,1246.6,3116.7,240.0,3370.93,21.75,True,Active,Aiman,None,Normal,5: Lying down (controlled)
1789916539.3323689,2006,Person D,1247.1,3119.0,560.0,3373.35,21.71,True,Active,Aiman,None,Normal,5: Lying down (controlled)
1789916539.410473,2007,Person D,1247.4,3121.7,160.0,3377.43,21.7,True,Active,Aiman,None,Normal,5: Lying down (controlled)
1789916539.5042124,2008,Person D,1247.7,3124.7,390.0,3378.36,21.7,True,Active,Aiman,None,Normal,5: Lying down (controlled)
1789916539.5823517,2009,Person D,1247.7,3127.4,390.0,3376.32,21.66,True,Active,Aiman,None,Normal,5: Lying down (controlled)
1789916539.6760788,2010,Person D,1247.5,3129.7,480.0,3374.46,21.67,True,Active,Aiman,None,Normal,5: Lying down (controlled)
1789916539.738591,2011,Person D,1247.0,3131.5,390.0,3370.76,21.6,True,Active,Aiman,None,Normal,5: Lying down (controlled)
1789916539.847959,2012,Person D,1246.2,3133.0,480.0,3369.46,21.59,True,Active,Aiman,None,Normal,5: Lying down (controlled)
1789916539.9573252,2013,Person D,1245.5,3133.8,390.0,3366.31,21.6,True,Active,Aiman,None,Normal,5: Lying down (controlled)
1789916540.0354452,2014,Person D,1244.4,3134.3,480.0,3365.57,21.56,True,Active,Aiman,None,Normal,5: Lying down (controlled)
1789916540.1291733,2015,Person D,1243.3,3134.2,480.0,3365.94,21.58,True,Active,Aiman,None,Normal,5: Lying down (controlled)
1789916540.2541652,2016,Person D,1242.3,3133.5,640.0,3363.15,21.6,True,Active,Aiman,None,Normal,5: Lying down (controlled)
1789916540.379154,2017,Person D,1241.2,3132.5,560.0,3364.08,21.59,True,Active,Aiman,None,Normal,5: Lying down (controlled)
1789916540.4885192,2018,Person D,1240.4,3131.4,390.0,3365.18,21.64,True,Active,Aiman,None,Normal,5: Lying down (controlled)
1789916540.5666578,2019,Person D,1239.9,3130.5,-80.0,3366.11,21.63,True,Active,Aiman,None,Normal,5: Lying down (controlled)
1789916540.6604013,2020,Person D,1238.8,3130.6,160.0,3371.35,21.49,True,Active,Aiman,None,Normal,5: Lying down (controlled)
1789916540.7385206,2021,Person D,1237.6,3131.6,240.0,3375.67,21.35,True,Active,Aiman,None,Normal,5: Lying down (controlled)
1789916540.8166208,2022,Person D,1235.8,3133.2,160.0,3377.79,21.21,True,Active,Aiman,None,Normal,5: Lying down (controlled)
1789916540.9103637,2023,Person D,1233.6,3135.4,640.0,3378.79,21.11,True,Active,Aiman,None,Normal,5: Lying down (controlled)
1789916541.004128,2024,Person D,1231.2,3137.8,160.0,3379.21,21.04,True,Active,Aiman,None,Normal,5: Lying down (controlled)
1789916541.066607,2025,Person D,1228.8,3140.3,480.0,3380.51,21.05,True,Active,Aiman,None,Normal,5: Lying down (controlled)
1789916541.160366,2026,Person D,1226.6,3142.8,390.0,3378.43,21.1,True,Active,Aiman,None,Normal,5: Lying down (controlled)
1789916541.254111,2027,Person D,1224.4,3145.1,160.0,3377.49,21.1,True,Active,Aiman,None,Normal,5: Lying down (controlled)
1789916541.3478343,2028,Person D,1222.2,3147.1,560.0,3375.78,21.17,True,Active,Aiman,None,Normal,5: Lying down (controlled)
1789916541.4259534,2029,Person D,1220.1,3148.7,240.0,3373.34,21.2,True,Active,Aiman,None,Normal,5: Lying down (controlled)
1789916541.5040925,2030,Person D,1218.9,3149.5,560.0,3374.43,21.25,True,Active,Aiman,None,Normal,5: Lying down (controlled)
1789916541.597827,2031,Person D,1218.6,3149.4,640.0,3373.65,21.31,True,Active,Aiman,None,Normal,5: Lying down (controlled)
1789916541.7071867,2032,Person D,1219.0,3148.7,560.0,3372.72,21.32,True,Active,Aiman,None,Normal,5: Lying down (controlled)
1789916541.847802,2033,Person D,1220.3,3147.7,480.0,3374.18,21.38,True,Active,Aiman,None,Normal,5: Lying down (controlled)
1789916541.9571707,2034,Person D,1221.9,3146.4,480.0,3372.88,21.37,True,Active,Aiman,None,Normal,5: Lying down (controlled)
1789916542.082178,2035,Person D,1223.0,3145.2,160.0,3373.29,21.29,True,Active,Aiman,None,Normal,5: Lying down (controlled)
1789916542.1602776,2036,Person D,1223.5,3144.4,720.0,3372.77,21.22,True,Active,Aiman,None,Normal,5: Lying down (controlled)
1789916542.2540243,2037,Person D,1223.5,3143.8,160.0,3371.9,21.14,True,Active,Aiman,None,Normal,5: Lying down (controlled)
1789916542.3477645,2038,Person D,1222.2,3143.6,-80.0,3369.24,20.97,True,Active,Aiman,None,Normal,5: Lying down (controlled)
1789916542.4415274,2039,Person D,1219.9,3143.7,640.0,3366.03,20.83,True,Active,Aiman,None,Normal,5: Lying down (controlled)
1789916542.5196276,2040,Person D,1216.4,3144.0,160.0,3364.71,20.68,True,Active,Aiman,None,Normal,5: Lying down (controlled)
1789916542.5977654,2041,Person D,1212.0,3144.8,240.0,3365.4,20.56,True,Active,Aiman,None,Normal,5: Lying down (controlled)
1789916542.691509,2042,Person D,1207.2,3145.9,240.0,3365.87,20.49,True,Active,Aiman,None,Normal,5: Lying down (controlled)
1789916542.7852373,2043,Person D,1202.2,3147.1,560.0,3367.51,20.51,True,Active,Aiman,None,Normal,5: Lying down (controlled)
1789916542.8633564,2044,Person D,1198.0,3148.2,390.0,3368.1,20.64,True,Active,Aiman,None,Normal,5: Lying down (controlled)
1789916542.9414763,2045,Person D,1194.6,3148.8,560.0,3366.7,20.72,True,Active,Aiman,None,Normal,5: Lying down (controlled)
1789916543.0039709,2046,Person D,1191.6,3149.0,-80.0,3363.9,20.74,True,Active,Aiman,None,Normal,5: Lying down (controlled)
1789916543.0977142,2047,Person D,1189.2,3148.6,640.0,3359.58,20.78,True,Active,Aiman,None,Normal,5: Lying down (controlled)
1789916543.1758337,2048,Person D,1187.7,3147.9,160.0,3357.35,20.78,True,Active,Aiman,None,Normal,5: Lying down (controlled)
1789916543.25397,2049,Person D,1187.4,3146.8,640.0,3354.68,20.85,True,Active,Aiman,None,Normal,5: Lying down (controlled)
1789916543.347713,2050,Person D,1188.0,3145.5,160.0,3354.68,20.85,True,Active,Aiman,None,Normal,5: Lying down (controlled)
1789916543.425814,2051,Person D,1189.6,3143.9,480.0,3356.1,20.91,True,Active,Aiman,None,Normal,5: Lying down (controlled)
1789916543.503934,2052,Person D,1191.9,3142.1,240.0,3357.18,20.96,True,Active,Aiman,None,Normal,5: Lying down (controlled)
1789916543.5976844,2053,Person D,1194.0,3140.5,160.0,3359.98,20.94,True,Active,Aiman,None,Normal,5: Lying down (controlled)
1789916543.6601753,2054,Person D,1194.8,3139.5,-80.0,3361.58,20.82,True,Active,Aiman,None,Normal,5: Lying down (controlled)
1789916543.7382944,2055,Person D,1194.5,3139.1,160.0,3361.9,20.69,True,Active,Aiman,None,Normal,5: Lying down (controlled)
1789916543.832054,2056,Person D,1193.4,3139.2,-80.0,3360.95,20.55,True,Active,Aiman,None,Normal,5: Lying down (controlled)
1789916543.9257991,2057,Person D,1191.6,3140.0,160.0,3360.73,20.45,True,Active,Aiman,None,Normal,5: Lying down (controlled)
1789916544.0351646,2058,Person D,1189.8,3140.9,560.0,3359.44,20.44,True,Active,Aiman,None,Normal,5: Lying down (controlled)
1789916544.1132648,2059,Person D,1187.5,3142.1,-80.0,3357.8,20.41,True,Active,Aiman,None,Normal,5: Lying down (controlled)
1789916544.1914043,2060,Person D,1185.0,3143.0,390.0,3354.3,20.4,True,Active,Aiman,None,Normal,5: Lying down (controlled)
1789916544.2695236,2061,Person D,1182.1,3144.0,160.0,3355.23,20.39,True,Active,Aiman,None,Normal,5: Lying down (controlled)
1789916544.3632464,2062,Person D,1179.3,3144.7,640.0,3353.82,20.47,True,Active,Aiman,None,Normal,5: Lying down (controlled)
1789916544.4569933,2063,Person D,1176.8,3145.1,160.0,3354.87,20.52,True,Active,Aiman,None,Normal,5: Lying down (controlled)
1789916544.5507538,2064,Person D,1175.6,3144.9,480.0,3355.46,20.64,True,Active,Aiman,None,Normal,5: Lying down (controlled)
1789916544.628875,2065,Person D,1175.6,3144.2,640.0,3355.35,20.74,True,Active,Aiman,None,Normal,5: Lying down (controlled)
1789916544.7069764,2066,Person D,1176.3,3143.4,160.0,3355.93,20.71,True,Active,Aiman,None,Normal,5: Lying down (controlled)
1789916544.8007166,2067,Person D,1177.9,3142.6,240.0,3358.87,20.75,True,Active,Aiman,None,Normal,5: Lying down (controlled)
1789916544.9101052,2068,Person D,1179.3,3142.1,160.0,3359.68,20.69,True,Active,Aiman,None,Normal,5: Lying down (controlled)
1789916544.9882228,2069,Person D,1180.9,3141.9,560.0,3361.55,20.68,True,Active,Aiman,None,Normal,5: Lying down (controlled)
1789916545.081966,2070,Person D,1182.9,3142.1,160.0,3363.19,20.7,True,Active,Aiman,None,Normal,5: Lying down (controlled)
1789916545.1756935,2071,Person D,1185.0,3142.1,560.0,3362.61,20.73,True,Active,Aiman,None,Normal,5: Lying down (controlled)
1789916545.238186,2072,Person D,1187.2,3142.5,390.0,3365.31,20.8,True,Active,Aiman,None,Normal,5: Lying down (controlled)
1789916545.347556,2073,Person D,1189.3,3142.8,390.0,3365.09,20.84,True,Active,Aiman,None,Normal,5: Lying down (controlled)
1789916545.410052,2074,Person D,1190.9,3143.4,390.0,3366.74,20.86,True,Active,Aiman,None,Normal,5: Lying down (controlled)
1789916545.5038114,2075,Person D,1192.3,3143.9,640.0,3365.0,20.93,True,Active,Aiman,None,Normal,5: Lying down (controlled)
1789916545.5819318,2076,Person D,1193.7,3144.2,390.0,3363.71,20.92,True,Active,Aiman,None,Normal,5: Lying down (controlled)
1789916545.6912825,2077,Person D,1195.0,3144.1,480.0,3362.56,20.96,True,Active,Aiman,None,Normal,5: Lying down (controlled)
1789916545.7850425,2078,Person D,1196.5,3143.7,390.0,3361.27,20.95,True,Active,Aiman,None,Normal,5: Lying down (controlled)
1789916545.8787692,2079,Person D,1198.0,3143.3,480.0,3363.14,20.94,True,Active,Aiman,None,Normal,5: Lying down (controlled)
1789916545.9569054,2080,Person D,1199.6,3142.6,390.0,3362.34,21.0,True,Active,Aiman,None,Normal,5: Lying down (controlled)
1789916546.0350251,2081,Person D,1201.2,3141.9,160.0,3361.77,21.02,True,Active,Aiman,None,Normal,5: Lying down (controlled)
1789916546.128768,2082,Person D,1202.9,3141.0,560.0,3362.99,21.12,True,Active,Aiman,None,Normal,5: Lying down (controlled)
1789916546.2381353,2083,Person D,1204.6,3140.3,240.0,3364.65,21.15,True,Active,Aiman,None,Normal,5: Lying down (controlled)
1789916546.331864,2084,Person D,1206.3,3139.5,560.0,3365.37,21.18,True,Active,Aiman,None,Normal,5: Lying down (controlled)
1789916546.4881034,2085,Person D,1208.3,3139.0,390.0,3367.54,21.28,True,Active,Aiman,None,Normal,5: Lying down (controlled)
1789916546.5818481,2086,Person D,1210.6,3138.6,560.0,3368.27,21.31,True,Active,Aiman,None,Normal,5: Lying down (controlled)
1789916546.6756048,2087,Person D,1212.9,3138.7,160.0,3371.79,21.32,True,Active,Aiman,None,Normal,5: Lying down (controlled)
1789916546.769331,2088,Person D,1215.5,3139.0,640.0,3373.45,21.35,True,Active,Aiman,None,Normal,5: Lying down (controlled)
1789916546.8318272,2089,Person D,1218.2,3139.1,160.0,3373.81,21.36,True,Active,Aiman,None,Normal,5: Lying down (controlled)
1789916546.909947,2090,Person D,1221.0,3139.3,480.0,3374.34,21.43,True,Active,Aiman,None,Normal,5: Lying down (controlled)
1789916547.0037074,2091,Person D,1224.0,3139.2,640.0,3371.72,21.5,True,Active,Aiman,None,Normal,5: Lying down (controlled)
1789916547.0974362,2092,Person D,1226.5,3139.1,480.0,3371.15,21.53,True,Active,Aiman,None,Normal,5: Lying down (controlled)
1789916547.1755543,2093,Person D,1228.9,3138.6,390.0,3368.73,21.56,True,Active,Aiman,None,Normal,5: Lying down (controlled)
1789916547.269294,2094,Person D,1230.9,3137.9,160.0,3366.13,21.54,True,Active,Aiman,None,Normal,5: Lying down (controlled)
1789916547.347417,2095,Person D,1232.5,3137.2,480.0,3366.87,21.57,True,Active,Aiman,None,Normal,5: Lying down (controlled)
1789916547.5192878,2096,Person D,1233.6,3136.8,240.0,3368.56,21.51,True,Active,Aiman,None,Normal,5: Lying down (controlled)
1789916547.6599114,2097,Person D,1234.5,3136.2,560.0,3369.49,21.5,True,Active,Aiman,None,Normal,5: Lying down (controlled)
1789916547.7380314,2098,Person D,1235.3,3136.1,240.0,3375.44,21.48,True,Active,Aiman,None,Normal,5: Lying down (controlled)
1789916547.81615,2099,Person D,1235.6,3136.4,240.0,3377.7,21.39,True,Active,Aiman,None,Normal,5: Lying down (controlled)
1789916547.8942697,2100,Person D,1234.9,3137.6,160.0,3382.97,21.25,True,Active,Aiman,None,Normal,5: Lying down (controlled)
1789916547.97237,2101,Person D,1233.5,3139.8,240.0,3387.12,21.15,True,Active,Aiman,None,Normal,5: Lying down (controlled)
1789916548.0817416,2102,Person D,1231.3,3142.8,160.0,3391.13,21.0,True,Active,Aiman,None,Normal,5: Lying down (controlled)
1789916548.1754837,2103,Person D,1228.6,3146.7,240.0,3395.31,20.9,True,Active,Aiman,None,Normal,5: Lying down (controlled)
1789916548.2536194,2104,Person D,1226.0,3151.0,160.0,3396.82,20.87,True,Active,Aiman,None,Normal,5: Lying down (controlled)
1789916548.3473632,2105,Person D,1223.7,3155.4,390.0,3399.54,20.94,True,Active,Aiman,None,Normal,5: Lying down (controlled)
1789916548.4254835,2106,Person D,1222.1,3159.4,240.0,3400.03,21.01,True,Active,Aiman,None,Normal,5: Lying down (controlled)
1789916548.5192056,2107,Person D,1220.8,3163.2,320.0,3400.18,21.06,True,Active,Aiman,None,Normal,5: Lying down (controlled)
1789916548.6129525,2108,Person D,1219.9,3166.3,240.0,3401.05,21.15,True,Active,Aiman,None,Normal,5: Lying down (controlled)
1789916548.6910887,2109,Person D,1219.6,3169.0,240.0,3401.77,21.18,True,Active,Aiman,None,Normal,5: Lying down (controlled)
1789916548.76921,2110,Person D,1220.5,3170.9,560.0,3403.94,21.27,True,Active,Aiman,None,Normal,5: Lying down (controlled)
1789916548.8473287,2111,Person D,1222.1,3172.3,240.0,3405.96,21.31,True,Active,Aiman,None,Normal,5: Lying down (controlled)
1789916548.941054,2112,Person D,1224.5,3173.0,560.0,3406.32,21.33,True,Active,Aiman,None,Normal,5: Lying down (controlled)
1789916549.034795,2113,Person D,1227.1,3173.5,160.0,3409.33,21.27,True,Active,Aiman,None,Normal,5: Lying down (controlled)
1789916549.1129148,2114,Person D,1229.5,3174.0,640.0,3410.1,21.21,True,Active,Aiman,None,Normal,5: Lying down (controlled)
1789916549.1754293,2115,Person D,1231.0,3174.8,160.0,3412.39,21.13,True,Active,Aiman,None,Normal,5: Lying down (controlled)
1789916549.253549,2116,Person D,1231.9,3175.8,640.0,3412.6,21.09,True,Active,Aiman,None,Normal,5: Lying down (controlled)
1789916549.3628974,2117,Person D,1232.2,3177.0,160.0,3412.46,21.04,True,Active,Aiman,None,Normal,5: Lying down (controlled)
1789916549.4410157,2118,Person D,1231.8,3178.1,640.0,3409.87,21.02,True,Active,Aiman,None,Normal,5: Lying down (controlled)
1789916549.5191395,2119,Person D,1231.1,3179.1,240.0,3408.58,21.01,True,Active,Aiman,None,Normal,5: Lying down (controlled)
1789916549.5972557,2120,Person D,1230.0,3180.0,320.0,3408.36,21.05,True,Active,Aiman,None,Normal,5: Lying down (controlled)
1789916549.6753945,2121,Person D,1228.9,3180.8,240.0,3409.44,21.09,True,Active,Aiman,None,Normal,5: Lying down (controlled)
1789916549.7691379,2122,Person D,1227.7,3181.6,320.0,3409.44,21.09,True,Active,Aiman,None,Normal,5: Lying down (controlled)
1789916549.8784885,2123,Person D,1226.9,3181.7,-80.0,3407.36,21.14,True,Active,Aiman,None,Normal,5: Lying down (controlled)
1789916549.9722502,2124,Person D,1226.3,3181.4,240.0,3405.14,21.14,True,Active,Aiman,None,Normal,5: Lying down (controlled)
1789916550.0503693,2125,Person D,1226.1,3180.5,-80.0,3403.27,21.15,True,Active,Aiman,None,Normal,5: Lying down (controlled)
1789916550.1441114,2126,Person D,1226.6,3179.3,160.0,3403.22,21.24,True,Active,Aiman,None,Normal,5: Lying down (controlled)
1789916550.237835,2127,Person D,1227.6,3177.8,160.0,3402.08,21.29,True,Active,Aiman,None,Normal,5: Lying down (controlled)
1789916550.3159547,2128,Person D,1228.9,3176.9,160.0,3406.17,21.28,True,Active,Aiman,None,Normal,5: Lying down (controlled)
1789916550.4097183,2129,Person D,1230.4,3176.2,640.0,3407.46,21.29,True,Active,Aiman,None,Normal,5: Lying down (controlled)
1789916550.487822,2130,Person D,1231.3,3176.0,160.0,3409.74,21.2,True,Active,Aiman,None,Normal,5: Lying down (controlled)
1789916550.5659382,2131,Person D,1231.7,3176.0,640.0,3410.88,21.16,True,Active,Aiman,None,Normal,5: Lying down (controlled)
1789916550.64406,2132,Person D,1231.7,3176.1,160.0,3410.37,21.09,True,Active,Aiman,None,Normal,5: Lying down (controlled)
1789916550.7378204,2133,Person D,1231.4,3176.4,480.0,3409.08,21.08,True,Active,Aiman,None,Normal,5: Lying down (controlled)
1789916550.815922,2134,Person D,1231.2,3176.9,240.0,3409.08,21.08,True,Active,Aiman,None,Normal,5: Lying down (controlled)
1789916550.8940406,2135,Person D,1231.1,3177.5,320.0,3408.51,21.1,True,Active,Aiman,None,Normal,5: Lying down (controlled)
1789916551.097155,2136,Person D,1231.0,3178.3,240.0,3410.31,21.18,True,Active,Aiman,None,Normal,5: Lying down (controlled)
1789916551.2065172,2137,Person D,1231.0,3179.3,240.0,3411.4,21.22,True,Active,Aiman,None,Normal,5: Lying down (controlled)
1789916551.315907,2138,Person D,1231.4,3180.0,480.0,3414.14,21.3,True,Active,Aiman,None,Normal,5: Lying down (controlled)
1789916551.3784006,2139,Person D,1231.7,3180.8,240.0,3416.0,21.28,True,Active,Aiman,None,Normal,5: Lying down (controlled)
1789916551.4565213,2140,Person D,1232.7,3181.2,560.0,3417.09,21.33,True,Active,Aiman,None,Normal,5: Lying down (controlled)
1789916551.53462,2141,Person D,1234.0,3181.7,240.0,3420.25,21.33,True,Active,Aiman,None,Normal,5: Lying down (controlled)
1789916551.64399,2142,Person D,1235.5,3182.4,240.0,3422.32,21.28,True,Active,Aiman,None,Normal,5: Lying down (controlled)
1789916551.72211,2143,Person D,1236.6,3183.8,160.0,3426.1,21.16,True,Active,Aiman,None,Normal,5: Lying down (controlled)
1789916551.7846057,2144,Person D,1237.3,3185.5,240.0,3427.46,21.08,True,Active,Aiman,None,Normal,5: Lying down (controlled)
1789916551.8627248,2145,Person D,1237.2,3187.6,160.0,3427.75,20.96,True,Active,Aiman,None,Normal,5: Lying down (controlled)
1789916551.956466,2146,Person D,1236.1,3189.8,640.0,3426.9,20.87,True,Active,Aiman,None,Normal,5: Lying down (controlled)
1789916552.0345883,2147,Person D,1234.2,3191.9,160.0,3424.19,20.8,True,Active,Aiman,None,Normal,5: Lying down (controlled)
1789916552.1283479,2148,Person D,1231.7,3194.0,320.0,3424.77,20.78,True,Active,Aiman,None,Normal,5: Lying down (controlled)
1789916552.206448,2149,Person D,1229.4,3195.6,640.0,3422.67,20.83,True,Active,Aiman,None,Normal,5: Lying down (controlled)
1789916552.3002117,2150,Person D,1226.8,3196.8,240.0,3418.93,20.85,True,Active,Aiman,None,Normal,5: Lying down (controlled)
1789916552.3783302,2151,Person D,1224.5,3197.4,480.0,3417.56,20.93,True,Active,Aiman,None,Normal,5: Lying down (controlled)
1789916552.487681,2152,Person D,1222.6,3197.5,240.0,3416.41,20.98,True,Active,Aiman,None,Normal,5: Lying down (controlled)
1789916552.5814233,2153,Person D,1221.5,3196.9,480.0,3416.55,21.03,True,Active,Aiman,None,Normal,5: Lying down (controlled)
1789916552.6595607,2154,Person D,1221.0,3195.6,720.0,3413.53,21.08,True,Active,Aiman,None,Normal,5: Lying down (controlled)
1789916552.7376637,2155,Person D,1221.2,3193.7,560.0,3410.73,21.1,True,Active,Aiman,None,Normal,5: Lying down (controlled)
1789916552.8157833,2156,Person D,1222.2,3191.4,480.0,3409.02,21.17,True,Active,Aiman,None,Normal,5: Lying down (controlled)
1789916552.9095268,2157,Person D,1224.1,3188.7,720.0,3405.8,21.26,True,Active,Aiman,None,Normal,5: Lying down (controlled)
1789916553.0032704,2158,Person D,1226.4,3185.4,160.0,3402.24,21.34,True,Active,Aiman,None,Normal,5: Lying down (controlled)
1789916553.0813897,2159,Person D,1228.8,3181.8,640.0,3397.74,21.42,True,Active,Aiman,None,Normal,5: Lying down (controlled)
1789916553.1595078,2160,Person D,1231.3,3178.3,160.0,3395.32,21.46,True,Active,Aiman,None,Normal,5: Lying down (controlled)
1789916553.2376444,2161,Person D,1232.7,3174.9,-80.0,3390.9,21.36,True,Active,Aiman,None,Normal,5: Lying down (controlled)
1789916553.3470125,2162,Person D,1233.2,3171.7,160.0,3388.35,21.25,True,Active,Aiman,None,Normal,5: Lying down (controlled)
1789916553.425114,2163,Person D,1232.7,3168.3,-80.0,3383.03,21.16,True,Active,Aiman,None,Normal,5: Lying down (controlled)
1789916553.503232,2164,Person D,1231.8,3164.8,640.0,3377.64,21.16,True,Active,Aiman,None,Normal,5: Lying down (controlled)
1789916553.5813713,2165,Person D,1230.6,3161.3,240.0,3373.76,21.13,True,Active,Aiman,None,Normal,5: Lying down (controlled)
1789916553.659492,2166,Person D,1229.3,3158.1,480.0,3374.48,21.16,True,Active,Aiman,None,Normal,5: Lying down (controlled)
1789916553.7375932,2167,Person D,1227.4,3155.6,240.0,3375.63,21.11,True,Active,Aiman,None,Normal,5: Lying down (controlled)
1789916553.8157115,2168,Person D,1225.6,3153.9,560.0,3379.87,21.16,True,Active,Aiman,None,Normal,5: Lying down (controlled)
1789916553.909457,2169,Person D,1223.5,3153.3,240.0,3384.53,21.13,True,Active,Aiman,None,Normal,5: Lying down (controlled)
1789916554.0032163,2170,Person D,1221.5,3153.2,560.0,3387.12,21.15,True,Active,Aiman,None,Normal,5: Lying down (controlled)
1789916554.081336,2171,Person D,1220.3,3153.9,160.0,3393.07,21.13,True,Active,Aiman,None,Normal,5: Lying down (controlled)
1789916554.1750634,2172,Person D,1219.9,3154.9,640.0,3396.23,21.12,True,Active,Aiman,None,Normal,5: Lying down (controlled)
1789916554.284447,2173,Person D,1220.0,3156.6,160.0,3399.25,21.07,True,Active,Aiman,None,Normal,5: Lying down (controlled)
1789916554.3469226,2174,Person D,1220.2,3158.9,640.0,3399.82,21.05,True,Active,Aiman,None,Normal,5: Lying down (controlled)
1789916554.4250426,2175,Person D,1220.2,3161.7,160.0,3399.89,20.96,True,Active,Aiman,None,Normal,5: Lying down (controlled)
1789916554.5031621,2176,Person D,1219.7,3164.4,640.0,3397.89,20.92,True,Active,Aiman,None,Normal,5: Lying down (controlled)
1789916554.6125288,2177,Person D,1219.0,3166.9,160.0,3396.46,20.85,True,Active,Aiman,None,Normal,5: Lying down (controlled)
1789916554.7219195,2178,Person D,1217.1,3169.1,160.0,3393.62,20.73,True,Active,Aiman,None,Normal,5: Lying down (controlled)
1789916554.7844117,2179,Person D,1214.5,3170.6,640.0,3389.28,20.63,True,Active,Aiman,None,Normal,5: Lying down (controlled)
1789916554.8625314,2180,Person D,1211.1,3172.0,240.0,3388.11,20.53,True,Active,Aiman,None,Normal,5: Lying down (controlled)
1789916554.9562743,2181,Person D,1207.3,3172.8,480.0,3387.06,20.48,True,Active,Aiman,None,Normal,5: Lying down (controlled)
1789916555.0499988,2182,Person D,1203.1,3173.4,240.0,3386.95,20.43,True,Active,Aiman,None,Normal,5: Lying down (controlled)
1789916555.1437411,2183,Person D,1199.0,3173.3,160.0,3383.79,20.43,True,Active,Aiman,None,Normal,5: Lying down (controlled)
1789916555.2218645,2184,Person D,1195.1,3173.1,240.0,3384.13,20.44,True,Active,Aiman,None,Normal,5: Lying down (controlled)
1789916555.299981,2185,Person D,1191.5,3172.6,160.0,3382.5,20.42,True,Active,Aiman,None,Normal,5: Lying down (controlled)
1789916555.4093678,2186,Person D,1187.8,3172.6,160.0,3384.86,20.33,True,Active,Aiman,None,Normal,5: Lying down (controlled)
1789916555.4874675,2187,Person D,1184.2,3172.8,240.0,3385.69,20.27,True,Active,Aiman,None,Normal,5: Lying down (controlled)
1789916555.6437092,2188,Person D,1181.2,3173.4,160.0,3388.75,20.22,True,Active,Aiman,None,Normal,5: Lying down (controlled)
1789916555.7687197,2189,Person D,1179.0,3174.5,240.0,3391.91,20.21,True,Active,Aiman,None,Normal,5: Lying down (controlled)
1789916555.846821,2190,Person D,1177.4,3175.7,160.0,3393.79,20.2,True,Active,Aiman,None,Normal,5: Lying down (controlled)
1789916555.9249406,2191,Person D,1176.4,3176.8,-80.0,3393.89,20.26,True,Active,Aiman,None,Normal,5: Lying down (controlled)
1789916556.0030577,2192,Person D,1175.9,3177.6,160.0,3392.71,20.3,True,Active,Aiman,None,Normal,5: Lying down (controlled)
1789916556.0968,2193,Person D,1175.8,3178.9,160.0,3395.62,20.33,True,Active,Aiman,None,Normal,5: Lying down (controlled)
1789916556.1749403,2194,Person D,1176.0,3180.3,240.0,3397.95,20.39,True,Active,Aiman,None,Normal,5: Lying down (controlled)
1789916556.2530591,2195,Person D,1176.3,3182.0,160.0,3399.48,20.36,True,Active,Aiman,None,Normal,5: Lying down (controlled)
1789916556.3311784,2196,Person D,1177.2,3183.3,560.0,3400.18,20.4,True,Active,Aiman,None,Normal,5: Lying down (controlled)
1789916556.4092815,2197,Person D,1178.2,3184.2,240.0,3397.6,20.38,True,Active,Aiman,None,Normal,5: Lying down (controlled)
1789916556.5030217,2198,Person D,1179.7,3184.5,560.0,3396.78,20.44,True,Active,Aiman,None,Normal,5: Lying down (controlled)
1789916556.5967853,2199,Person D,1181.3,3184.4,240.0,3396.54,20.47,True,Active,Aiman,None,Normal,5: Lying down (controlled)
1789916556.6749043,2200,Person D,1182.8,3184.0,560.0,3395.25,20.46,True,Active,Aiman,None,Normal,5: Lying down (controlled)
1789916556.7530231,2201,Person D,1184.0,3183.9,240.0,3397.12,20.45,True,Active,Aiman,None,Normal,5: Lying down (controlled)
1789916556.846751,2202,Person D,1184.9,3184.0,480.0,3396.78,20.44,True,Active,Aiman,None,Normal,5: Lying down (controlled)
1789916556.940491,2203,Person D,1185.5,3184.0,160.0,3397.71,20.43,True,Active,Aiman,None,Normal,5: Lying down (controlled)
1789916557.0186317,2204,Person D,1185.6,3183.8,-80.0,3396.43,20.42,True,Active,Aiman,None,Normal,5: Lying down (controlled)
1789916557.0967495,2205,Person D,1185.7,3183.4,160.0,3396.08,20.4,True,Active,Aiman,None,Normal,5: Lying down (controlled)
1789916557.1748695,2206,Person D,1185.7,3182.8,-80.0,3394.55,20.43,True,Active,Aiman,None,Normal,5: Lying down (controlled)
1789916557.268593,2207,Person D,1185.8,3182.3,160.0,3393.27,20.42,True,Active,Aiman,None,Normal,5: Lying down (controlled)
1789916557.346716,2208,Person D,1185.6,3181.6,80.0,3389.52,20.45,True,Active,Aiman,None,Normal,5: Lying down (controlled)
1789916557.440476,2209,Person D,1185.3,3180.9,240.0,3388.93,20.47,True,Active,Aiman,None,Normal,5: Lying down (controlled)
1789916557.5185966,2210,Person D,1184.8,3180.3,160.0,3387.88,20.42,True,Active,Aiman,None,Normal,5: Lying down (controlled)
1789916557.612339,2211,Person D,1184.3,3179.6,240.0,3388.82,20.41,True,Active,Aiman,None,Normal,5: Lying down (controlled)
1789916557.706065,2212,Person D,1183.6,3179.1,240.0,3389.65,20.35,True,Active,Aiman,None,Normal,5: Lying down (controlled)
1789916557.7998056,2213,Person D,1182.8,3178.3,-80.0,3387.43,20.35,True,Active,Aiman,None,Normal,5: Lying down (controlled)
1789916557.893569,2214,Person D,1181.9,3177.5,240.0,3385.79,20.32,True,Active,Aiman,None,Normal,5: Lying down (controlled)
1789916557.9716885,2215,Person D,1181.4,3176.7,560.0,3386.84,20.37,True,Active,Aiman,None,Normal,5: Lying down (controlled)
1789916558.0497885,2216,Person D,1180.9,3176.2,240.0,3388.12,20.38,True,Active,Aiman,None,Normal,5: Lying down (controlled)
1789916558.143533,2217,Person D,1180.7,3175.8,560.0,3388.82,20.41,True,Active,Aiman,None,Normal,5: Lying down (controlled)
1789916558.2372947,2218,Person D,1180.9,3175.5,0.0,3387.41,20.49,True,Active,Aiman,None,Normal,5: Lying down (controlled)
1789916558.315398,2219,Person D,1181.3,3174.8,640.0,3383.78,20.57,True,Active,Aiman,None,Normal,5: Lying down (controlled)
1789916558.3935332,2220,Person D,1182.1,3173.7,160.0,3380.38,20.61,True,Active,Aiman,None,Normal,5: Lying down (controlled)
1789916558.471637,2221,Person D,1183.4,3172.0,640.0,3377.47,20.72,True,Active,Aiman,None,Normal,5: Lying down (controlled)
1789916558.5810008,2222,Person D,1185.2,3169.7,160.0,3374.44,20.78,True,Active,Aiman,None,Normal,5: Lying down (controlled)
1789916558.65912,2223,Person D,1187.9,3167.4,480.0,3375.42,20.92,True,Active,Aiman,None,Normal,5: Lying down (controlled)
1789916558.73724,2224,Person D,1191.2,3165.1,160.0,3375.91,20.99,True,Active,Aiman,None,Normal,5: Lying down (controlled)
1789916558.8153803,2225,Person D,1193.7,3163.1,160.0,3376.93,20.89,True,Active,Aiman,None,Normal,5: Lying down (controlled)
1789916558.8934796,2226,Person D,1195.8,3161.5,240.0,3380.53,20.81,True,Active,Aiman,None,Normal,5: Lying down (controlled)
1789916558.9872246,2227,Person D,1197.0,3160.3,160.0,3381.79,20.68,True,Active,Aiman,None,Normal,5: Lying down (controlled)
1789916559.0653439,2228,Person D,1197.2,3159.7,-80.0,3382.49,20.56,True,Active,Aiman,None,Normal,5: Lying down (controlled)
1789916559.1434815,2229,Person D,1196.8,3159.3,640.0,3378.63,20.53,True,Active,Aiman,None,Normal,5: Lying down (controlled)
1789916559.2372248,2230,Person D,1196.4,3159.1,560.0,3377.11,20.56,True,Active,Aiman,None,Normal,5: Lying down (controlled)
1789916559.3153276,2231,Person D,1195.8,3159.3,-80.0,3377.22,20.61,True,Active,Aiman,None,Normal,5: Lying down (controlled)
1789916559.4246948,2232,Person D,1195.3,3159.7,560.0,3376.41,20.67,True,Active,Aiman,None,Normal,5: Lying down (controlled)
1789916559.5028145,2233,Person D,1194.5,3160.3,160.0,3378.18,20.75,True,Active,Aiman,None,Normal,5: Lying down (controlled)
1789916559.5809314,2234,Person D,1193.9,3160.6,640.0,3376.57,20.87,True,Active,Aiman,None,Normal,5: Lying down (controlled)
1789916559.690319,2235,Person D,1194.3,3160.4,160.0,3376.49,20.96,True,Active,Aiman,None,Normal,5: Lying down (controlled)
1789916559.7996664,2236,Person D,1195.8,3159.1,640.0,3373.76,21.13,True,Active,Aiman,None,Normal,5: Lying down (controlled)
1789916559.8934085,2237,Person D,1198.5,3156.8,160.0,3369.97,21.24,True,Active,Aiman,None,Normal,5: Lying down (controlled)
1789916559.987158,2238,Person D,1202.6,3153.9,480.0,3370.09,21.39,True,Active,Aiman,None,Normal,5: Lying down (controlled)
1789916560.0652728,2239,Person D,1207.3,3151.0,640.0,3368.39,21.45,True,Active,Aiman,None,Normal,5: Lying down (controlled)
1789916560.143396,2240,Person D,1212.4,3148.1,320.0,3368.36,21.55,True,Active,Aiman,None,Normal,5: Lying down (controlled)
1789916560.2215147,2241,Person D,1217.8,3145.3,240.0,3370.57,21.64,True,Active,Aiman,None,Normal,5: Lying down (controlled)
1789916560.377755,2242,Person D,1223.1,3142.9,240.0,3373.17,21.66,True,Active,Aiman,None,Normal,5: Lying down (controlled)
1789916560.5027428,2243,Person D,1227.9,3141.0,-80.0,3377.81,21.63,True,Active,Aiman,None,Normal,5: Lying down (controlled)
1789916560.565257,2244,Person D,1231.7,3140.0,240.0,3380.99,21.53,True,Active,Aiman,None,Normal,5: Lying down (controlled)
1789916560.6590006,2245,Person D,1234.9,3139.5,560.0,3383.42,21.5,True,Active,Aiman,None,Normal,5: Lying down (controlled)
1789916560.7371004,2246,Person D,1237.4,3140.0,240.0,3387.5,21.49,True,Active,Aiman,None,Normal,5: Lying down (controlled)
1789916560.8308463,2247,Person D,1239.3,3141.3,560.0,3389.0,21.46,True,Active,Aiman,None,Normal,5: Lying down (controlled)
1789916560.9402301,2248,Person D,1240.2,3143.3,160.0,3391.99,21.41,True,Active,Aiman,None,Normal,5: Lying down (controlled)
1789916561.0183494,2249,Person D,1240.8,3145.7,640.0,3392.92,21.4,True,Active,Aiman,None,Normal,5: Lying down (controlled)
1789916561.1120932,2250,Person D,1240.6,3148.6,160.0,3394.62,21.33,True,Active,Aiman,None,Normal,5: Lying down (controlled)
1789916561.190214,2251,Person D,1239.9,3151.5,640.0,3394.99,21.35,True,Active,Aiman,None,Normal,5: Lying down (controlled)
1789916561.2683158,2252,Person D,1239.1,3154.2,160.0,3395.35,21.37,True,Active,Aiman,None,Normal,5: Lying down (controlled)
1789916561.362056,2253,Person D,1238.1,3156.5,160.0,3395.56,21.33,True,Active,Aiman,None,Normal,5: Lying down (controlled)
1789916561.4558005,2254,Person D,1237.7,3158.4,240.0,3397.21,21.35,True,Active,Aiman,None,Normal,5: Lying down (controlled)
1789916561.533939,2255,Person D,1237.4,3160.2,320.0,3399.08,21.34,True,Active,Aiman,None,Normal,5: Lying down (controlled)
1789916561.6276824,2256,Person D,1237.3,3161.4,790.0,3398.31,21.4,True,Active,Aiman,None,Normal,5: Lying down (controlled)
1789916561.7057855,2257,Person D,1237.2,3162.3,240.0,3397.01,21.39,True,Active,Aiman,None,Normal,5: Lying down (controlled)
1789916561.799529,2258,Person D,1237.7,3162.9,560.0,3399.4,21.45,True,Active,Aiman,None,Normal,5: Lying down (controlled)
1789916561.8932738,2259,Person D,1238.3,3163.7,240.0,3402.56,21.44,True,Active,Aiman,None,Normal,5: Lying down (controlled)
1789916561.971392,2260,Person D,1239.3,3164.4,560.0,3404.79,21.45,True,Active,Aiman,None,Normal,5: Lying down (controlled)
1789916562.0495276,2261,Person D,1240.3,3164.9,0.0,3403.29,21.48,True,Active,Aiman,None,Normal,5: Lying down (controlled)
1789916562.143252,2262,Person D,1241.0,3165.3,240.0,3401.63,21.45,True,Active,Aiman,None,Normal,5: Lying down (controlled)
1789916562.2369983,2263,Person D,1241.6,3166.0,160.0,3404.26,21.38,True,Active,Aiman,None,Normal,5: Lying down (controlled)
1789916562.3307586,2264,Person D,1241.9,3166.8,640.0,3405.76,21.35,True,Active,Aiman,None,Normal,5: Lying down (controlled)
1789916562.4088786,2265,Person D,1242.0,3167.4,160.0,3405.03,21.32,True,Active,Aiman,None,Normal,5: Lying down (controlled)
1789916562.4869812,2266,Person D,1241.3,3168.5,-80.0,3406.01,21.22,True,Active,Aiman,None,Normal,5: Lying down (controlled)
1789916562.5650983,2267,Person D,1240.4,3169.8,240.0,3405.86,21.17,True,Active,Aiman,None,Normal,5: Lying down (controlled)
1789916562.674467,2268,Person D,1238.9,3171.2,320.0,3407.0,21.13,True,Active,Aiman,None,Normal,5: Lying down (controlled)
1789916562.7525856,2269,Person D,1237.7,3172.5,240.0,3410.31,21.18,True,Active,Aiman,None,Normal,5: Lying down (controlled)
1789916562.8307226,2270,Person D,1236.5,3173.7,320.0,3411.61,21.19,True,Active,Aiman,None,Normal,5: Lying down (controlled)
1789916562.908843,2271,Person D,1234.7,3175.3,-80.0,3411.67,21.1,True,Active,Aiman,None,Normal,5: Lying down (controlled)
1789916563.033834,2272,Person D,1232.5,3177.3,240.0,3412.31,20.98,True,Active,Aiman,None,Normal,5: Lying down (controlled)
1789916563.1275609,2273,Person D,1230.4,3179.1,560.0,3413.47,20.94,True,Active,Aiman,None,Normal,5: Lying down (controlled)
1789916563.205697,2274,Person D,1228.3,3180.7,160.0,3413.11,20.93,True,Active,Aiman,None,Normal,5: Lying down (controlled)
1789916563.2838173,2275,Person D,1226.2,3182.3,160.0,3412.39,20.89,True,Active,Aiman,None,Normal,5: Lying down (controlled)
1789916563.37756,2276,Person D,1224.1,3183.9,0.0,3413.42,20.8,True,Active,Aiman,None,Normal,5: Lying down (controlled)
1789916563.4713037,2277,Person D,1222.1,3185.7,240.0,3415.51,20.75,True,Active,Aiman,None,Normal,5: Lying down (controlled)
1789916563.580672,2278,Person D,1219.8,3187.2,80.0,3412.81,20.68,True,Active,Aiman,None,Normal,5: Lying down (controlled)
1789916563.658773,2279,Person D,1217.0,3188.4,240.0,3411.52,20.67,True,Active,Aiman,None,Normal,5: Lying down (controlled)
1789916563.7368937,2280,Person D,1213.8,3189.7,160.0,3412.34,20.61,True,Active,Aiman,None,Normal,5: Lying down (controlled)
1789916563.8306334,2281,Person D,1210.5,3190.8,0.0,3410.23,20.51,True,Active,Aiman,None,Normal,5: Lying down (controlled)
1789916563.955644,2282,Person D,1207.4,3191.5,160.0,3407.89,20.46,True,Active,Aiman,None,Normal,5: Lying down (controlled)
1789916564.0493877,2283,Person D,1204.4,3192.1,390.0,3408.48,20.43,True,Active,Aiman,None,Normal,5: Lying down (controlled)
1789916564.1118832,2284,Person D,1202.0,3192.5,240.0,3408.36,20.52,True,Active,Aiman,None,Normal,5: Lying down (controlled)
1789916564.2056272,2285,Person D,1200.1,3192.8,320.0,3408.47,20.58,True,Active,Aiman,None,Normal,5: Lying down (controlled)
1789916564.2837477,2286,Person D,1198.6,3192.8,-80.0,3408.12,20.56,True,Active,Aiman,None,Normal,5: Lying down (controlled)
1789916564.393097,2287,Person D,1197.2,3192.4,240.0,3406.83,20.55,True,Active,Aiman,None,Normal,5: Lying down (controlled)
1789916564.4712133,2288,Person D,1196.5,3192.1,560.0,3407.54,20.58,True,Active,Aiman,None,Normal,5: Lying down (controlled)
1789916564.5649774,2289,Person D,1196.1,3192.0,240.0,3409.18,20.61,True,Active,Aiman,None,Normal,5: Lying down (controlled)
1789916564.6430957,2290,Person D,1195.6,3192.1,160.0,3411.52,20.52,True,Active,Aiman,None,Normal,5: Lying down (controlled)
1789916564.721217,2291,Person D,1195.6,3192.8,160.0,3416.79,20.47,True,Active,Aiman,None,Normal,5: Lying down (controlled)
1789916564.8149595,2292,Person D,1195.9,3194.0,240.0,3420.18,20.43,True,Active,Aiman,None,Normal,5: Lying down (controlled)
1789916564.9711826,2293,Person D,1196.1,3195.4,160.0,3422.3,20.38,True,Active,Aiman,None,Normal,5: Lying down (controlled)
1789916565.0961752,2294,Person D,1196.1,3197.3,240.0,3426.16,20.41,True,Active,Aiman,None,Normal,5: Lying down (controlled)
1789916565.1586654,2295,Person D,1195.7,3199.4,160.0,3426.74,20.39,True,Active,Aiman,None,Normal,5: Lying down (controlled)
1789916565.252428,2296,Person D,1195.6,3201.4,390.0,3426.51,20.43,True,Active,Aiman,None,Normal,5: Lying down (controlled)
1789916565.330531,2297,Person D,1195.8,3203.2,160.0,3424.39,20.48,True,Active,Aiman,None,Normal,5: Lying down (controlled)
1789916565.408647,2298,Person D,1195.8,3204.3,-80.0,3417.84,20.52,True,Active,Aiman,None,Normal,5: Lying down (controlled)
1789916565.5024111,2299,Person D,1195.9,3204.6,560.0,3412.34,20.61,True,Active,Aiman,None,Normal,5: Lying down (controlled)
1789916565.5805304,2300,Person D,1196.3,3204.1,240.0,3408.24,20.62,True,Active,Aiman,None,Normal,5: Lying down (controlled)
1789916565.6586514,2301,Person D,1197.2,3202.6,560.0,3405.91,20.7,True,Active,Aiman,None,Normal,5: Lying down (controlled)
1789916565.7523775,2302,Person D,1198.1,3200.7,240.0,3405.56,20.69,True,Active,Aiman,None,Normal,5: Lying down (controlled)
1789916565.8461368,2303,Person D,1199.4,3198.5,560.0,3406.26,20.72,True,Active,Aiman,None,Normal,5: Lying down (controlled)
1789916565.9398615,2304,Person D,1201.0,3195.8,390.0,3406.52,20.82,True,Active,Aiman,None,Normal,5: Lying down (controlled)
1789916566.0180013,2305,Person D,1202.9,3192.7,560.0,3404.43,20.87,True,Active,Aiman,None,Normal,5: Lying down (controlled)
1789916566.0961027,2306,Person D,1205.3,3189.6,560.0,3405.99,20.99,True,Active,Aiman,None,Normal,5: Lying down (controlled)
1789916566.1898623,2307,Person D,1207.9,3186.4,640.0,3403.7,21.08,True,Active,Aiman,None,Normal,5: Lying down (controlled)
1789916566.29921,2308,Person D,1210.7,3183.7,160.0,3402.55,21.12,True,Active,Aiman,None,Normal,5: Lying down (controlled)
1789916566.3773334,2309,Person D,1213.7,3181.3,640.0,3400.63,21.22,True,Active,Aiman,None,Normal,5: Lying down (controlled)
1789916566.4554532,2310,Person D,1216.8,3179.0,160.0,3397.83,21.24,True,Active,Aiman,None,Normal,5: Lying down (controlled)
1789916566.5335727,2311,Person D,1219.5,3176.4,-80.0,3391.31,21.28,True,Active,Aiman,None,Normal,5: Lying down (controlled)
1789916566.6429377,2312,Person D,1222.2,3173.3,640.0,3386.28,21.3,True,Active,Aiman,None,Normal,5: Lying down (controlled)
1789916566.7366834,2313,Person D,1224.5,3170.1,320.0,3384.63,21.27,True,Active,Aiman,None,Normal,5: Lying down (controlled)
1789916566.799179,2314,Person D,1226.5,3167.1,240.0,3385.72,21.32,True,Active,Aiman,None,Normal,5: Lying down (controlled)
1789916566.8772986,2315,Person D,1228.1,3164.7,240.0,3387.79,21.27,True,Active,Aiman,None,Normal,5: Lying down (controlled)
1789916566.9710588,2316,Person D,1229.3,3162.7,560.0,3391.67,21.3,True,Active,Aiman,None,Normal,5: Lying down (controlled)
1789916567.0491614,2317,Person D,1230.5,3161.0,390.0,3392.19,21.37,True,Active,Aiman,None,Normal,5: Lying down (controlled)
1789916567.142904,2318,Person D,1231.6,3159.4,560.0,3391.63,21.39,True,Active,Aiman,None,Normal,5: Lying down (controlled)
1789916567.2210407,2319,Person D,1231.9,3158.2,-80.0,3390.53,21.34,True,Active,Aiman,None,Normal,5: Lying down (controlled)
1789916567.2991617,2320,Person D,1232.0,3157.1,640.0,3387.94,21.32,True,Active,Aiman,None,Normal,5: Lying down (controlled)
1789916567.3772802,2321,Person D,1232.1,3156.6,160.0,3387.01,21.33,True,Active,Aiman,None,Normal,5: Lying down (controlled)
1789916567.4866323,2322,Person D,1232.7,3156.3,640.0,3385.68,21.41,True,Active,Aiman,None,Normal,5: Lying down (controlled)
1789916567.5803707,2323,Person D,1233.6,3155.8,560.0,3383.25,21.45,True,Active,Aiman,None,Normal,5: Lying down (controlled)
1789916567.6741338,2324,Person D,1234.5,3155.3,390.0,3384.35,21.49,True,Active,Aiman,None,Normal,5: Lying down (controlled)
1789916567.7522538,2325,Person D,1235.8,3154.4,640.0,3384.15,21.53,True,Active,Aiman,None,Normal,5: Lying down (controlled)
1789916567.8459775,2326,Person D,1236.6,3153.1,240.0,3382.49,21.51,True,Active,Aiman,None,Normal,5: Lying down (controlled)
1789916567.9240963,2327,Person D,1237.0,3151.9,480.0,3382.49,21.51,True,Active,Aiman,None,Normal,5: Lying down (controlled)
1789916568.017843,2328,Person D,1236.9,3151.0,240.0,3382.88,21.43,True,Active,Aiman,None,Normal,5: Lying down (controlled)
1789916568.0959797,2329,Person D,1236.5,3150.4,240.0,3383.49,21.32,True,Active,Aiman,None,Normal,5: Lying down (controlled)
1789916568.1897235,2330,Person D,1235.9,3150.4,240.0,3385.77,21.23,True,Active,Aiman,None,Normal,5: Lying down (controlled)
1789916568.2678425,2331,Person D,1235.0,3150.7,160.0,3386.55,21.17,True,Active,Aiman,None,Normal,5: Lying down (controlled)
1789916568.392814,2332,Person D,1233.8,3151.6,160.0,3389.7,21.17,True,Active,Aiman,None,Normal,5: Lying down (controlled)
1789916568.4709544,2333,Person D,1232.7,3152.7,640.0,3389.49,21.2,True,Active,Aiman,None,Normal,5: Lying down (controlled)
1789916568.5646768,2334,Person D,1231.5,3153.8,160.0,3390.22,21.24,True,Active,Aiman,None,Normal,5: Lying down (controlled)
1789916568.627192,2335,Person D,1230.4,3154.6,640.0,3387.58,21.31,True,Active,Aiman,None,Normal,5: Lying down (controlled)
1789916568.7209353,2336,Person D,1229.5,3155.2,560.0,3384.79,21.33,True,Active,Aiman,None,Normal,5: Lying down (controlled)
1789916568.8146794,2337,Person D,1228.8,3155.8,480.0,3385.51,21.36,True,Active,Aiman,None,Normal,5: Lying down (controlled)
1789916568.924027,2338,Person D,1228.4,3156.1,560.0,3384.22,21.35,True,Active,Aiman,None,Normal,5: Lying down (controlled)
1789916569.0021539,2339,Person D,1228.4,3156.2,480.0,3384.42,21.31,True,Active,Aiman,None,Normal,5: Lying down (controlled)
1789916569.0802681,2340,Person D,1228.8,3155.9,560.0,3384.42,21.31,True,Active,Aiman,None,Normal,5: Lying down (controlled)
1789916569.1583881,2341,Person D,1229.2,3155.2,240.0,3381.47,21.28,True,Active,Aiman,None,Normal,5: Lying down (controlled)
1789916569.2677531,2342,Person D,1229.6,3154.2,560.0,3381.83,21.29,True,Active,Aiman,None,Normal,5: Lying down (controlled)
1789916569.3458724,2343,Person D,1229.9,3153.0,640.0,3379.4,21.33,True,Active,Aiman,None,Normal,5: Lying down (controlled)
1789916569.4240112,2344,Person D,1229.9,3151.6,560.0,3377.17,21.32,True,Active,Aiman,None,Normal,5: Lying down (controlled)
1789916569.580235,2345,Person D,1229.9,3150.5,480.0,3377.33,21.38,True,Active,Aiman,None,Normal,5: Lying down (controlled)
1789916569.6895986,2346,Person D,1230.0,3149.4,640.0,3374.91,21.41,True,Active,Aiman,None,Normal,5: Lying down (controlled)
1789916569.767718,2347,Person D,1229.7,3148.3,160.0,3374.18,21.38,True,Active,Aiman,None,Normal,5: Lying down (controlled)
1789916569.8458366,2348,Person D,1229.5,3147.1,720.0,3372.31,21.39,True,Active,Aiman,None,Normal,5: Lying down (controlled)
1789916569.9396002,2349,Person D,1229.3,3145.7,160.0,3370.65,21.37,True,Active,Aiman,None,Normal,5: Lying down (controlled)
1789916570.0020967,2350,Person D,1229.2,3144.4,320.0,3371.95,21.38,True,Active,Aiman,None,Normal,5: Lying down (controlled)
1789916570.0958197,2351,Person D,1229.5,3143.2,640.0,3371.38,21.4,True,Active,Aiman,None,Normal,5: Lying down (controlled)
1789916570.189582,2352,Person D,1229.5,3142.1,320.0,3371.58,21.36,True,Active,Aiman,None,Normal,5: Lying down (controlled)
1789916570.29895,2353,Person D,1228.6,3141.5,0.0,3370.54,21.22,True,Active,Aiman,None,Normal,5: Lying down (controlled)
1789916570.3770692,2354,Person D,1227.1,3141.6,240.0,3372.68,21.08,True,Active,Aiman,None,Normal,5: Lying down (controlled)
1789916570.4551697,2355,Person D,1224.5,3142.0,-80.0,3371.68,20.94,True,Active,Aiman,None,Normal,5: Lying down (controlled)
1789916570.5489132,2356,Person D,1221.3,3142.7,390.0,3369.9,20.86,True,Active,Aiman,None,Normal,5: Lying down (controlled)
1789916570.6270523,2357,Person D,1217.9,3142.7,-80.0,3361.93,20.84,True,Active,Aiman,None,Normal,5: Lying down (controlled)
1789916570.7520435,2358,Person D,1213.9,3142.4,80.0,3355.13,20.77,True,Active,Aiman,None,Normal,5: Lying down (controlled)
1789916570.830163,2359,Person D,1209.9,3141.7,640.0,3349.74,20.77,True,Active,Aiman,None,Normal,5: Lying down (controlled)
1789916570.9082844,2360,Person D,1205.7,3140.8,160.0,3348.45,20.76,True,Active,Aiman,None,Normal,5: Lying down (controlled)
1789916570.9864013,2361,Person D,1201.8,3139.8,640.0,3348.0,20.84,True,Active,Aiman,None,Normal,5: Lying down (controlled)
1789916571.0957708,2362,Person D,1198.3,3138.7,240.0,3348.71,20.87,True,Active,Aiman,None,Normal,5: Lying down (controlled)
1789916571.1738732,2363,Person D,1195.7,3137.7,320.0,3351.87,20.87,True,Active,Aiman,None,Normal,5: Lying down (controlled)
1789916571.2520087,2364,Person D,1194.2,3136.2,640.0,3353.3,20.93,True,Active,Aiman,None,Normal,5: Lying down (controlled)
1789916571.3301277,2365,Person D,1193.4,3134.7,240.0,3354.81,20.9,True,Active,Aiman,None,Normal,5: Lying down (controlled)
1789916571.4238722,2366,Person D,1193.6,3133.5,480.0,3359.4,20.97,True,Active,Aiman,None,Normal,5: Lying down (controlled)
1789916571.5019755,2367,Person D,1194.3,3133.4,240.0,3363.49,20.96,True,Active,Aiman,None,Normal,5: Lying down (controlled)
1789916571.5957143,2368,Person D,1195.3,3134.2,160.0,3366.16,20.88,True,Active,Aiman,None,Normal,5: Lying down (controlled)
1789916571.673854,2369,Person D,1195.2,3135.8,0.0,3364.35,20.66,True,Active,Aiman,None,Normal,5: Lying down (controlled)
1789916571.7519565,2370,Person D,1193.8,3137.6,640.0,3360.38,20.43,True,Active,Aiman,None,Normal,5: Lying down (controlled)
1789916571.8300734,2371,Person D,1191.4,3139.8,160.0,3360.16,20.32,True,Active,Aiman,None,Normal,5: Lying down (controlled)
1789916571.939445,2372,Person D,1188.5,3141.8,-80.0,3357.25,20.29,True,Active,Aiman,None,Normal,5: Lying down (controlled)
1789916572.048811,2373,Person D,1185.4,3143.4,160.0,3355.96,20.28,True,Active,Aiman,None,Normal,5: Lying down (controlled)
1789916572.1269472,2374,Person D,1182.2,3145.2,390.0,3358.88,20.31,True,Active,Aiman,None,Normal,5: Lying down (controlled)
1789916572.2050662,2375,Person D,1179.4,3146.8,640.0,3359.92,20.36,True,Active,Aiman,None,Normal,5: Lying down (controlled)
1789916572.2831662,2376,Person D,1176.0,3148.1,240.0,3359.57,20.34,True,Active,Aiman,None,Normal,5: Lying down (controlled)
1789916572.3769293,2377,Person D,1173.0,3148.8,560.0,3359.44,20.44,True,Active,Aiman,None,Normal,5: Lying down (controlled)
1789916572.470656,2378,Person D,1170.3,3149.2,240.0,3360.38,20.43,True,Active,Aiman,None,Normal,5: Lying down (controlled)
1789916572.5487924,2379,Person D,1169.4,3149.4,560.0,3363.06,20.5,True,Active,Aiman,None,Normal,5: Lying down (controlled)
1789916572.642537,2380,Person D,1170.1,3149.8,-80.0,3366.57,20.52,True,Active,Aiman,None,Normal,5: Lying down (controlled)
1789916572.7206564,2381,Person D,1170.9,3150.1,80.0,3365.76,20.43,True,Active,Aiman,None,Normal,5: Lying down (controlled)
1789916572.8143818,2382,Person D,1171.8,3150.7,560.0,3366.0,20.39,True,Active,Aiman,None,Normal,5: Lying down (controlled)
1789916572.9081252,2383,Person D,1173.2,3151.0,640.0,3363.65,20.48,True,Active,Aiman,None,Normal,5: Lying down (controlled)
1789916573.0018685,2384,Person D,1174.6,3150.8,160.0,3361.89,20.55,True,Active,Aiman,None,Normal,5: Lying down (controlled)
1789916573.0799882,2385,Person D,1175.7,3150.5,-80.0,3360.95,20.55,True,Active,Aiman,None,Normal,5: Lying down (controlled)
1789916573.1581259,2386,Person D,1176.9,3150.0,640.0,3359.08,20.57,True,Active,Aiman,None,Normal,5: Lying down (controlled)
1789916573.2518516,2387,Person D,1177.8,3149.6,320.0,3358.85,20.6,True,Active,Aiman,None,Normal,5: Lying down (controlled)
1789916573.3612185,2388,Person D,1179.2,3149.0,390.0,3359.68,20.69,True,Active,Aiman,None,Normal,5: Lying down (controlled)
1789916573.4393554,2389,Person D,1180.4,3148.2,240.0,3359.8,20.74,True,Active,Aiman,None,Normal,5: Lying down (controlled)
1789916573.5330784,2390,Person D,1182.2,3147.2,560.0,3363.58,20.87,True,Active,Aiman,None,Normal,5: Lying down (controlled)
1789916573.595574,2391,Person D,1185.0,3146.3,240.0,3367.23,20.93,True,Active,Aiman,None,Normal,5: Lying down (controlled)
1789916573.6893194,2392,Person D,1188.3,3145.3,560.0,3368.3,20.98,True,Active,Aiman,None,Normal,5: Lying down (controlled)
1789916573.783061,2393,Person D,1191.2,3144.8,-80.0,3369.24,20.97,True,Active,Aiman,None,Normal,5: Lying down (controlled)
1789916573.8768241,2394,Person D,1193.5,3144.4,390.0,3366.3,20.94,True,Active,Aiman,None,Normal,5: Lying down (controlled)
1789916573.954944,2395,Person D,1195.8,3144.0,560.0,3365.36,20.94,True,Active,Aiman,None,Normal,5: Lying down (controlled)
1789916574.1736634,2396,Person D,1198.4,3143.4,640.0,3362.7,21.02,True,Active,Aiman,None,Normal,5: Lying down (controlled)
1789916574.29865,2397,Person D,1200.9,3142.5,390.0,3359.33,21.06,True,Active,Aiman,None,Normal,5: Lying down (controlled)
1789916574.3924153,2398,Person D,1203.1,3141.6,480.0,3359.11,21.1,True,Active,Aiman,None,Normal,5: Lying down (controlled)
1789916574.470534,2399,Person D,1205.2,3140.5,640.0,3357.03,21.15,True,Active,Aiman,None,Normal,5: Lying down (controlled)
1789916574.5486531,2400,Person D,1206.4,3139.2,160.0,3355.74,21.14,True,Active,Aiman,None,Normal,5: Lying down (controlled)
1789916574.6267715,2401,Person D,1207.3,3137.6,480.0,3355.53,21.17,True,Active,Aiman,None,Normal,5: Lying down (controlled)
1789916574.7204945,2402,Person D,1207.6,3136.3,240.0,3357.25,21.11,True,Active,Aiman,None,Normal,5: Lying down (controlled)
1789916574.8298626,2403,Person D,1208.0,3135.1,560.0,3359.47,21.11,True,Active,Aiman,None,Normal,5: Lying down (controlled)
1789916574.892361,2404,Person D,1209.3,3134.0,390.0,3360.71,21.21,True,Active,Aiman,None,Normal,5: Lying down (controlled)
1789916574.970498,2405,Person D,1211.1,3132.9,560.0,3361.59,21.3,True,Active,Aiman,None,Normal,5: Lying down (controlled)
1789916575.0486171,2406,Person D,1212.3,3132.1,-80.0,3359.57,21.26,True,Active,Aiman,None,Normal,5: Lying down (controlled)
1789916575.157965,2407,Person D,1213.3,3131.3,640.0,3355.48,21.27,True,Active,Aiman,None,Normal,5: Lying down (controlled)
1789916575.2360873,2408,Person D,1214.1,3130.5,160.0,3354.54,21.27,True,Active,Aiman,None,Normal,5: Lying down (controlled)
1789916575.3142145,2409,Person D,1214.9,3129.8,640.0,3353.41,21.32,True,Active,Aiman,None,Normal,5: Lying down (controlled)
1789916575.3923264,2410,Person D,1215.8,3129.0,560.0,3351.54,21.33,True,Active,Aiman,None,Normal,5: Lying down (controlled)
1789916575.4704478,2411,Person D,1216.6,3128.5,480.0,3353.77,21.33,True,Active,Aiman,None,Normal,5: Lying down (controlled)
1789916575.56419,2412,Person D,1218.0,3127.5,640.0,3353.0,21.39,True,Active,Aiman,None,Normal,5: Lying down (controlled)
1789916575.6579306,2413,Person D,1219.3,3126.4,480.0,3353.93,21.39,True,Active,Aiman,None,Normal,5: Lying down (controlled)
1789916575.7360692,2414,Person D,1220.4,3125.4,480.0,3355.39,21.45,True,Active,Aiman,None,Normal,5: Lying down (controlled)
1789916575.8141887,2415,Person D,1220.9,3124.7,240.0,3356.89,21.42,True,Active,Aiman,None,Normal,5: Lying down (controlled)
1789916575.8923078,2416,Person D,1222.0,3124.4,560.0,3360.78,21.45,True,Active,Aiman,None,Normal,5: Lying down (controlled)
1789916575.986031,2417,Person D,1223.4,3125.0,240.0,3366.16,21.45,True,Active,Aiman,None,Normal,5: Lying down (controlled)
1789916576.0641546,2418,Person D,1224.6,3126.1,160.0,3369.16,21.39,True,Active,Aiman,None,Normal,5: Lying down (controlled)
1789916576.1579146,2419,Person D,1225.7,3127.8,160.0,3373.24,21.39,True,Active,Aiman,None,Normal,5: Lying down (controlled)
1789916576.2360177,2420,Person D,1227.0,3129.7,640.0,3373.97,21.42,True,Active,Aiman,None,Normal,5: Lying down (controlled)
1789916576.3141382,2421,Person D,1228.2,3131.4,160.0,3373.97,21.42,True,Active,Aiman,None,Normal,5: Lying down (controlled)
1789916576.4078784,2422,Person D,1229.2,3133.0,-80.0,3371.55,21.45,True,Active,Aiman,None,Normal,5: Lying down (controlled)
1789916576.501642,2423,Person D,1229.8,3134.2,0.0,3367.29,21.41,True,Active,Aiman,None,Normal,5: Lying down (controlled)
1789916576.595384,2424,Person D,1229.3,3135.7,160.0,3367.54,21.28,True,Active,Aiman,None,Normal,5: Lying down (controlled)
1789916576.6734838,2425,Person D,1228.1,3137.2,390.0,3366.51,21.14,True,Active,Aiman,None,Normal,5: Lying down (controlled)
1789916576.7359827,2426,Person D,1225.9,3138.7,240.0,3366.79,21.01,True,Active,Aiman,None,Normal,5: Lying down (controlled)
1789916576.845346,2427,Person D,1222.9,3139.8,-80.0,3365.58,20.91,True,Active,Aiman,None,Normal,5: Lying down (controlled)
1789916576.9391098,2428,Person D,1219.7,3140.8,240.0,3366.96,20.82,True,Active,Aiman,None,Normal,5: Lying down (controlled)
1789916577.0172124,2429,Person D,1216.4,3141.6,560.0,3368.83,20.81,True,Active,Aiman,None,Normal,5: Lying down (controlled)
1789916577.110956,2430,Person D,1213.6,3142.4,390.0,3371.32,20.92,True,Active,Aiman,None,Normal,5: Lying down (controlled)
1789916577.267192,2431,Person D,1211.4,3143.1,240.0,3372.54,21.03,True,Active,Aiman,None,Normal,5: Lying down (controlled)
1789916577.3453166,2432,Person D,1209.7,3144.4,160.0,3377.49,21.1,True,Active,Aiman,None,Normal,5: Lying down (controlled)
1789916577.4234345,2433,Person D,1208.9,3146.1,640.0,3380.23,21.18,True,Active,Aiman,None,Normal,5: Lying down (controlled)
1789916577.5015516,2434,Person D,1208.8,3147.4,160.0,3379.3,21.18,True,Active,Aiman,None,Normal,5: Lying down (controlled)
1789916577.595314,2435,Person D,1209.6,3148.1,-80.0,3375.93,21.22,True,Active,Aiman,None,Normal,5: Lying down (controlled)
1789916577.6734333,2436,Person D,1211.2,3147.9,640.0,3370.7,21.27,True,Active,Aiman,None,Normal,5: Lying down (controlled)
1789916577.798405,2437,Person D,1213.3,3147.5,480.0,3369.4,21.26,True,Active,Aiman,None,Normal,5: Lying down (controlled)
1789916577.8765445,2438,Person D,1216.1,3146.6,390.0,3368.63,21.32,True,Active,Aiman,None,Normal,5: Lying down (controlled)
1789916577.9390206,2439,Person D,1218.7,3145.5,160.0,3367.9,21.29,True,Active,Aiman,None,Normal,5: Lying down (controlled)
1789916578.0327826,2440,Person D,1220.9,3144.4,560.0,3368.99,21.34,True,Active,Aiman,None,Normal,5: Lying down (controlled)
1789916578.110883,2441,Person D,1222.4,3143.7,240.0,3371.42,21.31,True,Active,Aiman,None,Normal,5: Lying down (controlled)
1789916578.1733792,2442,Person D,1223.3,3143.0,560.0,3374.22,21.29,True,Active,Aiman,None,Normal,5: Lying down (controlled)
1789916578.313994,2443,Person D,1223.7,3142.6,240.0,3377.95,21.26,True,Active,Aiman,None,Normal,5: Lying down (controlled)
1789916578.3764923,2444,Person D,1224.1,3142.5,640.0,3379.81,21.25,True,Active,Aiman,None,Normal,5: Lying down (controlled)
1789916578.4389882,2445,Person D,1224.2,3143.2,160.0,3382.82,21.19,True,Active,Aiman,None,Normal,5: Lying down (controlled)
1789916578.5327475,2446,Person D,1224.2,3144.9,240.0,3386.55,21.17,True,Active,Aiman,None,Normal,5: Lying down (controlled)
1789916578.6577232,2447,Person D,1224.2,3146.9,160.0,3388.05,21.14,True,Active,Aiman,None,Normal,5: Lying down (controlled)
1789916578.7983396,2448,Person D,1224.2,3149.2,480.0,3390.07,21.18,True,Active,Aiman,None,Normal,5: Lying down (controlled)
1789916578.8764577,2449,Person D,1224.3,3151.6,160.0,3390.64,21.16,True,Active,Aiman,None,Normal,5: Lying down (controlled)
1789916578.9545739,2450,Person D,1223.7,3154.3,160.0,3391.99,21.08,True,Active,Aiman,None,Normal,5: Lying down (controlled)
1789916579.0483363,2451,Person D,1222.8,3156.7,640.0,3390.56,21.02,True,Active,Aiman,None,Normal,5: Lying down (controlled)
1789916579.1264584,2452,Person D,1221.2,3158.9,160.0,3388.99,20.9,True,Active,Aiman,None,Normal,5: Lying down (controlled)
1789916579.2045577,2453,Person D,1219.2,3160.7,560.0,3387.56,20.84,True,Active,Aiman,None,Normal,5: Lying down (controlled)
1789916579.2983189,2454,Person D,1216.9,3162.4,240.0,3387.43,20.78,True,Active,Aiman,None,Normal,5: Lying down (controlled)
1789916579.3764386,2455,Person D,1214.9,3163.8,560.0,3388.72,20.79,True,Active,Aiman,None,Normal,5: Lying down (controlled)
1789916579.4545586,2456,Person D,1213.0,3165.1,240.0,3391.88,20.79,True,Active,Aiman,None,Normal,5: Lying down (controlled)
1789916579.5639265,2457,Person D,1211.3,3166.3,560.0,3393.17,20.8,True,Active,Aiman,None,Normal,5: Lying down (controlled)
1789916579.6420262,2458,Person D,1209.5,3167.8,160.0,3397.62,20.81,True,Active,Aiman,None,Normal,5: Lying down (controlled)
1789916579.7201648,2459,Person D,1207.7,3169.5,240.0,3400.07,20.77,True,Active,Aiman,None,Normal,5: Lying down (controlled)
1789916579.813898,2460,Person D,1206.1,3171.2,160.0,3402.17,20.73,True,Active,Aiman,None,Normal,5: Lying down (controlled)
1789916579.8920114,2461,Person D,1204.9,3173.2,240.0,3404.97,20.71,True,Active,Aiman,None,Normal,5: Lying down (controlled)
1789916579.970149,2462,Person D,1204.2,3175.3,160.0,3406.14,20.66,True,Active,Aiman,None,Normal,5: Lying down (controlled)
1789916580.0794954,2463,Person D,1204.1,3177.5,480.0,3407.78,20.69,True,Active,Aiman,None,Normal,5: Lying down (controlled)
1789916580.1576142,2464,Person D,1204.3,3179.3,640.0,3404.97,20.71,True,Active,Aiman,None,Normal,5: Lying down (controlled)
1789916580.235734,2465,Person D,1204.2,3180.8,160.0,3402.4,20.69,True,Active,Aiman,None,Normal,5: Lying down (controlled)
1789916580.3294966,2466,Person D,1204.2,3181.6,390.0,3399.36,20.74,True,Active,Aiman,None,Normal,5: Lying down (controlled)
1789916580.423224,2467,Person D,1203.8,3182.1,240.0,3396.43,20.71,True,Active,Aiman,None,Normal,5: Lying down (controlled)
1789916580.5169668,2468,Person D,1203.4,3182.0,560.0,3395.27,20.75,True,Active,Aiman,None,Normal,5: Lying down (controlled)
1789916580.595084,2469,Person D,1203.2,3181.1,640.0,3390.95,20.8,True,Active,Aiman,None,Normal,5: Lying down (controlled)
1789916580.6732247,2470,Person D,1203.3,3179.7,560.0,3389.43,20.83,True,Active,Aiman,None,Normal,5: Lying down (controlled)
1789916580.751323,2471,Person D,1203.4,3178.2,240.0,3391.3,20.81,True,Active,Aiman,None,Normal,5: Lying down (controlled)
1789916580.84507,2472,Person D,1203.5,3176.7,560.0,3392.46,20.77,True,Active,Aiman,None,Normal,5: Lying down (controlled)
1789916580.954439,2473,Person D,1203.1,3175.5,160.0,3395.14,20.7,True,Active,Aiman,None,Normal,5: Lying down (controlled)
1789916581.032573,2474,Person D,1202.6,3175.0,720.0,3398.53,20.66,True,Active,Aiman,None,Normal,5: Lying down (controlled)
1789916581.110692,2475,Person D,1201.9,3174.9,160.0,3398.99,20.58,True,Active,Aiman,None,Normal,5: Lying down (controlled)
1789916581.2044353,2476,Person D,1200.4,3175.3,-80.0,3397.82,20.48,True,Active,Aiman,None,Normal,5: Lying down (controlled)
1789916581.313784,2477,Person D,1198.9,3175.8,160.0,3395.84,20.44,True,Active,Aiman,None,Normal,5: Lying down (controlled)
1789916581.3919063,2478,Person D,1197.1,3176.1,80.0,3391.74,20.45,True,Active,Aiman,None,Normal,5: Lying down (controlled)
1789916581.4700418,2479,Person D,1195.4,3176.4,640.0,3387.76,20.51,True,Active,Aiman,None,Normal,5: Lying down (controlled)
1789916581.5481582,2480,Person D,1193.6,3176.4,240.0,3383.07,20.54,True,Active,Aiman,None,Normal,5: Lying down (controlled)
1789916581.6262615,2481,Person D,1192.2,3176.0,480.0,3382.61,20.62,True,Active,Aiman,None,Normal,5: Lying down (controlled)
1789916581.720024,2482,Person D,1191.1,3175.3,240.0,3382.02,20.64,True,Active,Aiman,None,Normal,5: Lying down (controlled)
1789916581.813749,2483,Person D,1190.6,3174.3,560.0,3384.02,20.68,True,Active,Aiman,None,Normal,5: Lying down (controlled)
1789916581.9074922,2484,Person D,1190.5,3173.1,240.0,3386.95,20.71,True,Active,Aiman,None,Normal,5: Lying down (controlled)
1789916581.985631,2485,Person D,1190.7,3171.8,560.0,3387.53,20.69,True,Active,Aiman,None,Normal,5: Lying down (controlled)
1789916582.063751,2486,Person D,1191.8,3170.4,560.0,3388.59,20.74,True,Active,Aiman,None,Normal,5: Lying down (controlled)
1789916582.1731174,2487,Person D,1193.5,3168.6,640.0,3384.98,20.82,True,Active,Aiman,None,Normal,5: Lying down (controlled)
1789916582.2668447,2488,Person D,1195.4,3167.0,160.0,3383.47,20.85,True,Active,Aiman,None,Normal,5: Lying down (controlled)
1789916582.3606067,2489,Person D,1196.7,3165.9,-80.0,3382.05,20.78,True,Active,Aiman,None,Normal,5: Lying down (controlled)
1789916582.4231007,2490,Person D,1197.7,3165.2,160.0,3380.05,20.74,True,Active,Aiman,None,Normal,5: Lying down (controlled)
1789916582.5168269,2491,Person D,1198.1,3164.6,-80.0,3378.41,20.71,True,Active,Aiman,None,Normal,5: Lying down (controlled)
1789916582.5949466,2492,Person D,1198.4,3163.8,640.0,3375.6,20.73,True,Active,Aiman,None,Normal,5: Lying down (controlled)
1789916582.7043114,2493,Person D,1198.2,3162.7,240.0,3373.02,20.71,True,Active,Aiman,None,Normal,5: Lying down (controlled)
1789916582.7824354,2494,Person D,1197.9,3161.3,480.0,3372.79,20.75,True,Active,Aiman,None,Normal,5: Lying down (controlled)
1789916582.8761947,2495,Person D,1197.5,3159.7,240.0,3371.15,20.73,True,Active,Aiman,None,Normal,5: Lying down (controlled)
1789916582.9855611,2496,Person D,1196.9,3158.2,560.0,3372.44,20.74,True,Active,Aiman,None,Normal,5: Lying down (controlled)
1789916583.094928,2497,Person D,1196.5,3157.0,390.0,3372.34,20.83,True,Active,Aiman,None,Normal,5: Lying down (controlled)
1789916583.1730316,2498,Person D,1196.3,3155.8,560.0,3371.54,20.89,True,Active,Aiman,None,Normal,5: Lying down (controlled)
1789916583.2511673,2499,Person D,1196.8,3154.9,160.0,3375.42,20.92,True,Active,Aiman,None,Normal,5: Lying down (controlled)
1789916583.3448966,2500,Person D,1197.8,3154.1,640.0,3376.13,20.95,True,Active,Aiman,None,Normal,5: Lying down (controlled)
1789916583.5011353,2501,Person D,1199.0,3153.6,160.0,3378.0,20.94,True,Active,Aiman,None,Normal,5: Lying down (controlled)
1789916583.6104977,2502,Person D,1200.3,3153.3,640.0,3377.42,20.96,True,Active,Aiman,None,Normal,5: Lying down (controlled)
1789916583.7042444,2503,Person D,1201.8,3153.2,160.0,3377.42,20.96,True,Active,Aiman,None,Normal,5: Lying down (controlled)
1789916583.7823808,2504,Person D,1203.4,3153.1,480.0,3377.56,21.01,True,Active,Aiman,None,Normal,5: Lying down (controlled)
1789916583.8761237,2505,Person D,1205.5,3152.9,640.0,3376.77,21.07,True,Active,Aiman,None,Normal,5: Lying down (controlled)
1789916583.9542427,2506,Person D,1207.4,3152.3,160.0,3373.61,21.07,True,Active,Aiman,None,Normal,5: Lying down (controlled)
1789916584.0479693,2507,Person D,1209.2,3151.7,480.0,3373.19,21.15,True,Active,Aiman,None,Normal,5: Lying down (controlled)
1789916584.1417308,2508,Person D,1210.6,3151.0,640.0,3370.03,21.15,True,Active,Aiman,None,Normal,5: Lying down (controlled)
1789916584.2042058,2509,Person D,1211.7,3150.0,560.0,3370.03,21.15,True,Active,Aiman,None,Normal,5: Lying down (controlled)
1789916584.2823303,2510,Person D,1212.8,3148.7,640.0,3367.96,21.2,True,Active,Aiman,None,Normal,5: Lying down (controlled)
1789916584.3760889,2511,Person D,1213.7,3147.1,560.0,3366.3,21.18,True,Active,Aiman,None,Normal,5: Lying down (controlled)
1789916584.4541917,2512,Person D,1214.5,3145.9,240.0,3369.1,21.16,True,Active,Aiman,None,Normal,5: Lying down (controlled)
1789916584.5635772,2513,Person D,1215.2,3144.7,640.0,3368.74,21.14,True,Active,Aiman,None,Normal,5: Lying down (controlled)
1789916584.6416955,2514,Person D,1215.2,3143.9,160.0,3370.1,21.06,True,Active,Aiman,None,Normal,5: Lying down (controlled)
1789916584.7198145,2515,Person D,1214.6,3143.4,720.0,3369.95,21.01,True,Active,Aiman,None,Normal,5: Lying down (controlled)
1789916584.7822938,2516,Person D,1213.7,3143.3,160.0,3369.45,20.94,True,Active,Aiman,None,Normal,5: Lying down (controlled)
1789916584.8916607,2517,Person D,1211.6,3143.4,-80.0,3366.6,20.81,True,Active,Aiman,None,Normal,5: Lying down (controlled)
1789916584.985422,2518,Person D,1209.1,3143.6,640.0,3362.96,20.74,True,Active,Aiman,None,Normal,5: Lying down (controlled)
1789916585.0635405,2519,Person D,1206.5,3143.7,320.0,3361.67,20.73,True,Active,Aiman,None,Normal,5: Lying down (controlled)
1789916585.1416595,2520,Person D,1204.1,3144.0,390.0,3362.15,20.8,True,Active,Aiman,None,Normal,5: Lying down (controlled)
1789916585.2197795,2521,Person D,1202.2,3144.4,240.0,3363.22,20.85,True,Active,Aiman,None,Normal,5: Lying down (controlled)
1789916585.3135023,2522,Person D,1201.2,3144.4,560.0,3365.5,21.0,True,Active,Aiman,None,Normal,5: Lying down (controlled)
1789916585.407247,2523,Person D,1200.9,3144.2,720.0,3365.79,21.11,True,Active,Aiman,None,Normal,5: Lying down (controlled)
1789916585.4853857,2524,Person D,1201.3,3143.5,560.0,3365.01,21.17,True,Active,Aiman,None,Normal,5: Lying down (controlled)
1789916585.5635052,2525,Person D,1201.7,3142.3,0.0,3360.19,21.14,True,Active,Aiman,None,Normal,5: Lying down (controlled)
1789916585.6416056,2526,Person D,1202.4,3140.6,640.0,3356.1,21.15,True,Active,Aiman,None,Normal,5: Lying down (controlled)
1789916585.735348,2527,Person D,1204.0,3138.7,390.0,3354.6,21.18,True,Active,Aiman,None,Normal,5: Lying down (controlled)
1789916585.8447158,2528,Person D,1206.4,3136.6,640.0,3351.95,21.25,True,Active,Aiman,None,Normal,5: Lying down (controlled)
1789916585.9228556,2529,Person D,1208.9,3134.5,390.0,3351.02,21.26,True,Active,Aiman,None,Normal,5: Lying down (controlled)
1789916586.0009747,2530,Person D,1211.4,3132.5,480.0,3352.48,21.32,True,Active,Aiman,None,Normal,5: Lying down (controlled)
1789916586.0790749,2531,Person D,1213.8,3130.5,390.0,3353.2,21.35,True,Active,Aiman,None,Normal,5: Lying down (controlled)
1789916586.172821,2532,Person D,1215.4,3128.8,480.0,3355.43,21.36,True,Active,Aiman,None,Normal,5: Lying down (controlled)
1789916586.2665617,2533,Person D,1216.6,3127.3,640.0,3356.16,21.39,True,Active,Aiman,None,Normal,5: Lying down (controlled)
1789916586.3603241,2534,Person D,1217.3,3126.0,240.0,3355.43,21.36,True,Active,Aiman,None,Normal,5: Lying down (controlled)
1789916586.4384434,2535,Person D,1218.4,3125.3,480.0,3357.66,21.36,True,Active,Aiman,None,Normal,5: Lying down (controlled)
1789916586.532169,2536,Person D,1219.8,3124.8,640.0,3356.52,21.41,True,Active,Aiman,None,Normal,5: Lying down (controlled)
1789916586.641554,2537,Person D,1221.1,3124.5,560.0,3356.52,21.41,True,Active,Aiman,None,Normal,5: Lying down (controlled)
1789916586.7352982,2538,Person D,1222.3,3124.8,240.0,3359.12,21.42,True,Active,Aiman,None,Normal,5: Lying down (controlled)
1789916586.8134184,2539,Person D,1223.6,3125.3,640.0,3360.41,21.43,True,Active,Aiman,None,Normal,5: Lying down (controlled)
1789916586.907161,2540,Person D,1224.8,3125.9,560.0,3362.44,21.48,True,Active,Aiman,None,Normal,5: Lying down (controlled)
1789916586.9852808,2541,Person D,1226.2,3126.2,640.0,3361.12,21.56,True,Active,Aiman,None,Normal,5: Lying down (controlled)
1789916587.0790045,2542,Person D,1227.7,3126.2,560.0,3360.92,21.6,True,Active,Aiman,None,Normal,5: Lying down (controlled)
1789916587.1727486,2543,Person D,1228.5,3126.0,0.0,3357.22,21.53,True,Active,Aiman,None,Normal,5: Lying down (controlled)
1789916587.266511,2544,Person D,1229.0,3125.6,640.0,3353.53,21.46,True,Active,Aiman,None,Normal,5: Lying down (controlled)
1789916587.3446302,2545,Person D,1228.7,3124.9,-80.0,3350.04,21.36,True,Active,Aiman,None,Normal,5: Lying down (controlled)
1789916587.4227338,2546,Person D,1227.7,3124.3,640.0,3347.3,21.28,True,Active,Aiman,None,Normal,5: Lying down (controlled)
1789916587.500853,2547,Person D,1226.1,3123.8,240.0,3346.05,21.18,True,Active,Aiman,None,Normal,5: Lying down (controlled)
1789916587.6258607,2548,Person D,1224.1,3123.4,480.0,3348.13,21.13,True,Active,Aiman,None,Normal,5: Lying down (controlled)
1789916587.7039802,2549,Person D,1221.7,3123.2,240.0,3349.85,21.06,True,Active,Aiman,None,Normal,5: Lying down (controlled)
1789916587.797706,2550,Person D,1219.0,3123.2,560.0,3352.65,21.05,True,Active,Aiman,None,Normal,5: Lying down (controlled)
1789916587.8602,2551,Person D,1216.3,3123.9,240.0,3357.82,21.09,True,Active,Aiman,None,Normal,5: Lying down (controlled)
1789916588.0008192,2552,Person D,1213.7,3124.9,640.0,3360.77,21.12,True,Active,Aiman,None,Normal,5: Lying down (controlled)
1789916588.1258118,2553,Person D,1211.7,3126.6,160.0,3365.79,21.11,True,Active,Aiman,None,Normal,5: Lying down (controlled)
1789916588.21955,2554,Person D,1210.4,3128.6,640.0,3367.44,21.13,True,Active,Aiman,None,Normal,5: Lying down (controlled)
1789916588.29769,2555,Person D,1209.9,3130.8,160.0,3368.74,21.14,True,Active,Aiman,None,Normal,5: Lying down (controlled)
1789916588.375808,2556,Person D,1209.4,3133.2,-80.0,3367.87,21.06,True,Active,Aiman,None,Normal,5: Lying down (controlled)
1789916588.4695323,2557,Person D,1209.2,3135.3,640.0,3364.93,21.02,True,Active,Aiman,None,Normal,5: Lying down (controlled)
1789916588.5789032,2558,Person D,1209.2,3137.2,480.0,3365.86,21.01,True,Active,Aiman,None,Normal,5: Lying down (controlled)
1789916588.6570396,2559,Person D,1209.9,3138.8,390.0,3367.3,21.08,True,Active,Aiman,None,Normal,5: Lying down (controlled)
1789916588.7507823,2560,Person D,1210.8,3140.0,560.0,3367.08,21.12,True,Active,Aiman,None,Normal,5: Lying down (controlled)
1789916588.8289013,2561,Person D,1212.0,3140.7,560.0,3368.68,21.23,True,Active,Aiman,None,Normal,5: Lying down (controlled)
1789916588.9226284,2562,Person D,1213.3,3141.0,640.0,3368.27,21.31,True,Active,Aiman,None,Normal,5: Lying down (controlled)
1789916589.0007458,2563,Person D,1214.7,3140.7,560.0,3368.06,21.35,True,Active,Aiman,None,Normal,5: Lying down (controlled)
1789916589.0945082,2564,Person D,1216.4,3140.1,390.0,3368.02,21.44,True,Active,Aiman,None,Normal,5: Lying down (controlled)
1789916589.1569843,2565,Person D,1218.1,3139.2,480.0,3366.53,21.47,True,Active,Aiman,None,Normal,5: Lying down (controlled)
1789916589.2507315,2566,Person D,1220.8,3138.1,560.0,3367.43,21.55,True,Active,Aiman,None,Normal,5: Lying down (controlled)
1789916589.3444736,2567,Person D,1224.3,3136.7,640.0,3364.62,21.66,True,Active,Aiman,None,Normal,5: Lying down (controlled)
1789916589.4382172,2568,Person D,1228.0,3134.9,560.0,3362.58,21.71,True,Active,Aiman,None,Normal,5: Lying down (controlled)
1789916589.5163367,2569,Person D,1230.8,3132.9,0.0,3358.87,21.65,True,Active,Aiman,None,Normal,5: Lying down (controlled)
1789916589.5944722,2570,Person D,1232.9,3130.9,390.0,3356.1,21.57,True,Active,Aiman,None,Normal,5: Lying down (controlled)
1789916589.656969,2571,Person D,1234.0,3129.0,480.0,3355.0,21.53,True,Active,Aiman,None,Normal,5: Lying down (controlled)
1789916589.7506914,2572,Person D,1235.1,3127.3,390.0,3356.47,21.59,True,Active,Aiman,None,Normal,5: Lying down (controlled)
1789916589.860059,2573,Person D,1236.2,3125.6,160.0,3356.27,21.63,True,Active,Aiman,None,Normal,5: Lying down (controlled)
1789916589.9381986,2574,Person D,1237.3,3124.2,560.0,3359.05,21.7,True,Active,Aiman,None,Normal,5: Lying down (controlled)
1789916590.0163019,2575,Person D,1238.5,3123.2,240.0,3361.65,21.72,True,Active,Aiman,None,Normal,5: Lying down (controlled)
1789916590.0944383,2576,Person D,1239.2,3122.4,560.0,3362.58,21.71,True,Active,Aiman,None,Normal,5: Lying down (controlled)
1789916590.172537,2577,Person D,1239.2,3121.9,-80.0,3359.98,21.69,True,Active,Aiman,None,Normal,5: Lying down (controlled)
1789916590.2819242,2578,Person D,1238.6,3121.4,390.0,3355.71,21.65,True,Active,Aiman,None,Normal,5: Lying down (controlled)
1789916590.360048,2579,Person D,1238.2,3121.0,560.0,3353.68,21.61,True,Active,Aiman,None,Normal,5: Lying down (controlled)
1789916590.438144,2580,Person D,1238.5,3120.4,640.0,3351.63,21.66,True,Active,Aiman,None,Normal,5: Lying down (controlled)
1789916590.5162637,2581,Person D,1239.1,3119.6,560.0,3349.77,21.67,True,Active,Aiman,None,Normal,5: Lying down (controlled)
1789916590.6256337,2582,Person D,1239.7,3118.7,480.0,3350.32,21.74,True,Active,Aiman,None,Normal,5: Lying down (controlled)
1789916590.735018,2583,Person D,1240.4,3117.7,640.0,3349.57,21.8,True,Active,Aiman,None,Normal,5: Lying down (controlled)
1789916590.828743,2584,Person D,1240.7,3116.5,160.0,3349.02,21.82,True,Active,Aiman,None,Normal,5: Lying down (controlled)
1789916590.8912382,2585,Person D,1241.3,3114.9,390.0,3349.02,21.92,True,Active,Aiman,None,Normal,5: Lying down (controlled)
1789916590.984981,2586,Person D,1242.0,3113.3,240.0,3350.32,21.93,True,Active,Aiman,None,Normal,5: Lying down (controlled)
1789916591.0943477,2587,Person D,1243.1,3112.1,560.0,3352.93,21.94,True,Active,Aiman,None,Normal,5: Lying down (controlled)
1789916591.2037349,2588,Person D,1244.5,3111.6,240.0,3356.26,21.9,True,Active,Aiman,None,Normal,5: Lying down (controlled)
1789916591.2662306,2589,Person D,1246.0,3111.4,560.0,3357.37,21.86,True,Active,Aiman,None,Normal,5: Lying down (controlled)
1789916591.3287065,2590,Person D,1247.3,3112.0,240.0,3362.01,21.83,True,Active,Aiman,None,Normal,5: Lying down (controlled)
1789916591.4224691,2591,Person D,1248.5,3113.0,480.0,3363.5,21.8,True,Active,Aiman,None,Normal,5: Lying down (controlled)
1789916591.5318382,2592,Person D,1249.3,3114.1,560.0,3363.5,21.8,True,Active,Aiman,None,Normal,5: Lying down (controlled)
1789916591.6255636,2593,Person D,1250.1,3115.1,640.0,3361.83,21.86,True,Active,Aiman,None,Normal,5: Lying down (controlled)
1789916591.7037,2594,Person D,1250.8,3115.8,390.0,3358.12,21.89,True,Active,Aiman,None,Normal,5: Lying down (controlled)
1789916591.7818003,2595,Person D,1251.2,3116.6,480.0,3357.94,21.93,True,Active,Aiman,None,Normal,5: Lying down (controlled)
1789916591.8599389,2596,Person D,1251.4,3117.2,390.0,3356.64,21.92,True,Active,Aiman,None,Normal,5: Lying down (controlled)
1789916591.9693062,2597,Person D,1251.1,3117.7,480.0,3356.45,21.86,True,Active,Aiman,None,Normal,5: Lying down (controlled)
1789916592.0474083,2598,Person D,1251.0,3118.0,480.0,3358.67,21.87,True,Active,Aiman,None,Normal,5: Lying down (controlled)
1789916592.1411688,2599,Person D,1251.0,3118.0,640.0,3357.37,21.86,True,Active,Aiman,None,Normal,5: Lying down (controlled)
1789916592.2192888,2600,Person D,1251.1,3117.6,560.0,3358.67,21.87,True,Active,Aiman,None,Normal,5: Lying down (controlled)
1789916592.313032,2601,Person D,1251.7,3116.8,390.0,3358.31,21.94,True,Active,Aiman,None,Normal,5: Lying down (controlled)
1789916592.3911316,2602,Person D,1252.3,3115.8,560.0,3356.46,21.96,True,Active,Aiman,None,Normal,5: Lying down (controlled)
1789916592.4848952,2603,Person D,1252.7,3115.4,240.0,3359.61,21.95,True,Active,Aiman,None,Normal,5: Lying down (controlled)
1789916592.5629988,2604,Person D,1252.7,3115.5,390.0,3359.05,21.88,True,Active,Aiman,None,Normal,5: Lying down (controlled)
1789916592.6411152,2605,Person D,1252.3,3115.8,560.0,3359.23,21.85,True,Active,Aiman,None,Normal,5: Lying down (controlled)
1789916592.8129802,2606,Person D,1251.6,3116.6,-80.0,3361.46,21.76,True,Active,Aiman,None,Normal,5: Lying down (controlled)
1789916592.9379685,2607,Person D,1250.9,3117.4,160.0,3361.28,21.7,True,Active,Aiman,None,Normal,5: Lying down (controlled)
1789916593.0004683,2608,Person D,1250.3,3118.0,480.0,3362.02,21.73,True,Active,Aiman,None,Normal,5: Lying down (controlled)
1789916593.0785873,2609,Person D,1250.0,3118.5,640.0,3360.9,21.78,True,Active,Aiman,None,Normal,5: Lying down (controlled)
1789916593.1723475,2610,Person D,1249.5,3118.7,160.0,3358.67,21.78,True,Active,Aiman,None,Normal,5: Lying down (controlled)
1789916593.250448,2611,Person D,1248.9,3119.1,240.0,3359.79,21.82,True,Active,Aiman,None,Normal,5: Lying down (controlled)
1789916593.3285673,2612,Person D,1248.2,3119.7,240.0,3359.41,21.81,True,Active,Aiman,None,Normal,5: Lying down (controlled)
1789916593.4379332,2613,Person D,1247.7,3120.2,560.0,3362.39,21.84,True,Active,Aiman,None,Normal,5: Lying down (controlled)
1789916593.5160737,2614,Person D,1247.7,3120.4,640.0,3360.9,21.87,True,Active,Aiman,None,Normal,5: Lying down (controlled)
1789916593.5958383,2615,Person D,1247.8,3120.5,560.0,3360.53,21.86,True,Active,Aiman,None,Normal,5: Lying down (controlled)
1789916593.6818454,2616,Person D,1248.2,3120.6,240.0,3363.87,21.81,True,Active,Aiman,None,Normal,5: Lying down (controlled)
1789916593.759948,2617,Person D,1248.6,3120.8,480.0,3364.61,21.75,True,Active,Aiman,None,Normal,5: Lying down (controlled)
1789916593.8380644,2618,Person D,1248.8,3121.2,560.0,3366.47,21.74,True,Active,Aiman,None,Normal,5: Lying down (controlled)
1789916593.9318116,2619,Person D,1249.0,3121.8,240.0,3367.21,21.77,True,Active,Aiman,None,Normal,5: Lying down (controlled)
1789916594.0099475,2620,Person D,1249.3,3122.7,560.0,3368.14,21.77,True,Active,Aiman,None,Normal,5: Lying down (controlled)
1789916594.0880666,2621,Person D,1249.1,3123.6,-80.0,3367.4,21.74,True,Active,Aiman,None,Normal,5: Lying down (controlled)
1789916594.18179,2622,Person D,1248.7,3124.5,160.0,3366.29,21.69,True,Active,Aiman,None,Normal,5: Lying down (controlled)
1789916594.2911623,2623,Person D,1247.7,3125.0,640.0,3363.33,21.65,True,Active,Aiman,None,Normal,5: Lying down (controlled)
1789916594.3692977,2624,Person D,1246.4,3125.6,240.0,3361.66,21.63,True,Active,Aiman,None,Normal,5: Lying down (controlled)
1789916594.4474173,2625,Person D,1244.7,3126.1,240.0,3358.89,21.55,True,Active,Aiman,None,Normal,5: Lying down (controlled)
1789916594.5255365,2626,Person D,1242.8,3126.1,480.0,3356.86,21.51,True,Active,Aiman,None,Normal,5: Lying down (controlled)
1789916594.6036398,2627,Person D,1240.8,3125.9,240.0,3355.39,21.45,True,Active,Aiman,None,Normal,5: Lying down (controlled)
1789916594.69738,2628,Person D,1238.8,3125.6,480.0,3356.32,21.44,True,Active,Aiman,None,Normal,5: Lying down (controlled)
1789916594.7755184,2629,Person D,1236.7,3125.4,240.0,3357.62,21.45,True,Active,Aiman,None,Normal,5: Lying down (controlled)
1789916594.8536236,2630,Person D,1234.4,3125.3,560.0,3358.75,21.41,True,Active,Aiman,None,Normal,5: Lying down (controlled)
1789916594.9473615,2631,Person D,1232.5,3125.4,480.0,3361.34,21.43,True,Active,Aiman,None,Normal,5: Lying down (controlled)
1789916595.0254815,2632,Person D,1230.8,3125.5,480.0,3360.98,21.41,True,Active,Aiman,None,Normal,5: Lying down (controlled)
1789916595.1504927,2633,Person D,1229.5,3126.0,560.0,3363.2,21.42,True,Active,Aiman,None,Normal,5: Lying down (controlled)
1789916595.2286122,2634,Person D,1228.7,3126.4,720.0,3362.44,21.48,True,Active,Aiman,None,Normal,5: Lying down (controlled)
1789916595.306712,2635,Person D,1228.5,3126.7,160.0,3360.95,21.5,True,Active,Aiman,None,Normal,5: Lying down (controlled)
1789916595.400462,2636,Person D,1229.2,3126.8,-80.0,3360.36,21.62,True,Active,Aiman,None,Normal,5: Lying down (controlled)
1789916595.5098422,2637,Person D,1230.6,3126.6,160.0,3358.68,21.68,True,Active,Aiman,None,Normal,5: Lying down (controlled)
1789916595.6035862,2638,Person D,1232.3,3126.2,480.0,3358.86,21.74,True,Active,Aiman,None,Normal,5: Lying down (controlled)
1789916595.681686,2639,Person D,1234.1,3125.6,240.0,3358.67,21.78,True,Active,Aiman,None,Normal,5: Lying down (controlled)
1789916595.7598085,2640,Person D,1236.0,3124.8,160.0,3358.3,21.76,True,Active,Aiman,None,Normal,5: Lying down (controlled)
1789916595.8379486,2641,Person D,1237.8,3123.8,560.0,3358.67,21.78,True,Active,Aiman,None,Normal,5: Lying down (controlled)
1789916595.9316883,2642,Person D,1239.7,3122.6,640.0,3356.81,21.79,True,Active,Aiman,None,Normal,5: Lying down (controlled)
1789916596.0410554,2643,Person D,1241.6,3121.4,560.0,3359.04,21.79,True,Active,Aiman,None,Normal,5: Lying down (controlled)
1789916596.1191761,2644,Person D,1243.6,3120.3,390.0,3359.6,21.86,True,Active,Aiman,None,Normal,5: Lying down (controlled)
1789916596.2128987,2645,Person D,1245.5,3119.4,560.0,3359.6,21.86,True,Active,Aiman,None,Normal,5: Lying down (controlled)
1789916596.2910378,2646,Person D,1246.7,3119.3,240.0,3363.87,21.81,True,Active,Aiman,None,Normal,5: Lying down (controlled)
1789916596.4004066,2647,Person D,1247.5,3119.7,390.0,3365.36,21.79,True,Active,Aiman,None,Normal,5: Lying down (controlled)
1789916596.4785085,2648,Person D,1247.6,3120.7,160.0,3368.52,21.69,True,Active,Aiman,None,Normal,5: Lying down (controlled)
1789916596.5566275,2649,Person D,1247.3,3122.1,640.0,3370.57,21.64,True,Active,Aiman,None,Normal,5: Lying down (controlled)
1789916596.634764,2650,Person D,1246.8,3123.7,160.0,3371.32,21.58,True,Active,Aiman,None,Normal,5: Lying down (controlled)
1789916596.7128832,2651,Person D,1246.3,3125.4,480.0,3372.62,21.59,True,Active,Aiman,None,Normal,5: Lying down (controlled)
1789916596.8222513,2652,Person D,1246.0,3127.0,640.0,3370.57,21.64,True,Active,Aiman,None,Normal,5: Lying down (controlled)
1789916596.9003532,2653,Person D,1245.6,3128.0,160.0,3366.85,21.67,True,Active,Aiman,None,Normal,5: Lying down (controlled)
1789916596.9941137,2654,Person D,1245.2,3129.1,240.0,3368.33,21.73,True,Active,Aiman,None,Normal,5: Lying down (controlled)
1789916597.0722327,2655,Person D,1244.8,3130.3,240.0,3369.26,21.72,True,Active,Aiman,None,Normal,5: Lying down (controlled)
1789916597.1659575,2656,Person D,1244.8,3131.2,560.0,3372.23,21.76,True,Active,Aiman,None,Normal,5: Lying down (controlled)
1789916597.2597048,2657,Person D,1244.8,3132.2,240.0,3374.64,21.72,True,Active,Aiman,None,Normal,5: Lying down (controlled)
1789916597.3846962,2658,Person D,1245.0,3133.0,560.0,3376.69,21.67,True,Active,Aiman,None,Normal,5: Lying down (controlled)
1789916597.5097024,2659,Person D,1245.3,3133.9,240.0,3380.04,21.63,True,Active,Aiman,None,Normal,5: Lying down (controlled)
1789916597.587803,2660,Person D,1245.5,3134.8,480.0,3380.43,21.56,True,Active,Aiman,None,Normal,5: Lying down (controlled)
1789916597.6502984,2661,Person D,1245.5,3135.8,560.0,3381.92,21.53,True,Active,Aiman,None,Normal,5: Lying down (controlled)
1789916597.7596674,2662,Person D,1245.6,3136.8,720.0,3380.23,21.59,True,Active,Aiman,None,Normal,5: Lying down (controlled)
1789916597.8534126,2663,Person D,1245.7,3138.0,160.0,3378.37,21.61,True,Active,Aiman,None,Normal,5: Lying down (controlled)
1789916597.9315479,2664,Person D,1245.5,3138.9,0.0,3375.95,21.64,True,Active,Aiman,None,Normal,5: Lying down (controlled)
1789916598.0096672,2665,Person D,1245.1,3139.3,160.0,3371.5,21.63,True,Active,Aiman,None,Normal,5: Lying down (controlled)
1789916598.1034112,2666,Person D,1244.0,3139.4,640.0,3369.1,21.58,True,Active,Aiman,None,Normal,5: Lying down (controlled)
1789916598.1971345,2667,Person D,1242.9,3139.1,240.0,3367.8,21.57,True,Active,Aiman,None,Normal,5: Lying down (controlled)
1789916598.3065052,2668,Person D,1241.5,3138.6,240.0,3366.89,21.48,True,Active,Aiman,None,Normal,5: Lying down (controlled)
1789916598.3846416,2669,Person D,1240.0,3137.7,-80.0,3366.16,21.45,True,Active,Aiman,None,Normal,5: Lying down (controlled)
1789916598.447137,2670,Person D,1239.1,3136.3,720.0,3364.1,21.5,True,Active,Aiman,None,Normal,5: Lying down (controlled)
1789916598.5408797,2671,Person D,1238.2,3134.5,560.0,3361.88,21.5,True,Active,Aiman,None,Normal,5: Lying down (controlled)
1789916598.6189835,2672,Person D,1237.1,3133.3,240.0,3365.03,21.49,True,Active,Aiman,None,Normal,5: Lying down (controlled)
1789916598.7127268,2673,Person D,1235.9,3132.5,560.0,3366.53,21.47,True,Active,Aiman,None,Normal,5: Lying down (controlled)
1789916598.8064864,2674,Person D,1234.5,3132.7,160.0,3372.68,21.41,True,Active,Aiman,None,Normal,5: Lying down (controlled)
1789916598.8846073,2675,Person D,1233.3,3133.7,640.0,3376.4,21.38,True,Active,Aiman,None,Normal,5: Lying down (controlled)
1789916598.962709,2676,Person D,1232.3,3135.2,160.0,3379.4,21.33,True,Active,Aiman,None,Normal,5: Lying down (controlled)
1789916599.0564485,2677,Person D,1230.9,3137.1,-80.0,3380.38,21.23,True,Active,Aiman,None,Normal,5: Lying down (controlled)
1789916599.150212,2678,Person D,1229.5,3138.9,560.0,3378.57,21.15,True,Active,Aiman,None,Normal,5: Lying down (controlled)
1789916599.2283316,2679,Person D,1228.3,3140.6,480.0,3377.64,21.16,True,Active,Aiman,None,Normal,5: Lying down (controlled)
1789916599.3220763,2680,Person D,1226.8,3142.4,390.0,3375.42,21.15,True,Active,Aiman,None,Normal,5: Lying down (controlled)
1789916599.4001951,2681,Person D,1225.3,3144.3,480.0,3374.12,21.14,True,Active,Aiman,None,Normal,5: Lying down (controlled)
1789916599.4782977,2682,Person D,1224.0,3145.7,480.0,3373.34,21.2,True,Active,Aiman,None,Normal,5: Lying down (controlled)
1789916599.5876834,2683,Person D,1222.9,3146.7,640.0,3371.84,21.23,True,Active,Aiman,None,Normal,5: Lying down (controlled)
1789916599.6658013,2684,Person D,1222.0,3146.9,560.0,3371.27,21.25,True,Active,Aiman,None,Normal,5: Lying down (controlled)
1789916599.7439203,2685,Person D,1221.3,3146.5,640.0,3370.13,21.3,True,Active,Aiman,None,Normal,5: Lying down (controlled)
1789916599.8376644,2686,Person D,1220.9,3145.7,560.0,3370.49,21.31,True,Active,Aiman,None,Normal,5: Lying down (controlled)
1789916599.9313908,2687,Person D,1221.1,3145.0,240.0,3374.58,21.3,True,Active,Aiman,None,Normal,5: Lying down (controlled)
1789916600.0407555,2688,Person D,1221.9,3144.5,640.0,3376.81,21.31,True,Active,Aiman,None,Normal,5: Lying down (controlled)
1789916600.118875,2689,Person D,1222.9,3144.6,160.0,3382.19,21.31,True,Active,Aiman,None,Normal,5: Lying down (controlled)
1789916600.1813712,2690,Person D,1224.2,3144.9,640.0,3382.92,21.34,True,Active,Aiman,None,Normal,5: Lying down (controlled)
1789916600.3063662,2691,Person D,1225.4,3145.3,390.0,3382.19,21.31,True,Active,Aiman,None,Normal,5: Lying down (controlled)
1789916600.4157307,2692,Person D,1226.2,3146.0,0.0,3382.76,21.29,True,Active,Aiman,None,Normal,5: Lying down (controlled)
1789916600.5251155,2693,Person D,1226.7,3146.9,390.0,3382.04,21.25,True,Active,Aiman,None,Normal,5: Lying down (controlled)
1789916600.6032355,2694,Person D,1227.1,3148.0,480.0,3382.97,21.25,True,Active,Aiman,None,Normal,5: Lying down (controlled)
1789916600.681355,2695,Person D,1227.3,3149.1,390.0,3381.11,21.26,True,Active,Aiman,None,Normal,5: Lying down (controlled)
1789916600.7594748,2696,Person D,1227.1,3150.1,160.0,3379.09,21.22,True,Active,Aiman,None,Normal,5: Lying down (controlled)
1789916600.8688428,2697,Person D,1226.9,3150.7,480.0,3379.45,21.23,True,Active,Aiman,None,Normal,5: Lying down (controlled)
1789916600.9469419,2698,Person D,1226.4,3151.2,240.0,3379.66,21.2,True,Active,Aiman,None,Normal,5: Lying down (controlled)
1789916601.040688,2699,Person D,1225.8,3151.4,560.0,3381.88,21.2,True,Active,Aiman,None,Normal,5: Lying down (controlled)
1789916601.1031842,2700,Person D,1225.1,3151.9,240.0,3385.04,21.2,True,Active,Aiman,None,Normal,5: Lying down (controlled)
1789916601.1969435,2701,Person D,1224.6,3152.5,560.0,3385.97,21.19,True,Active,Aiman,None,Normal,5: Lying down (controlled)
1789916601.2906706,2702,Person D,1223.8,3153.1,0.0,3385.46,21.12,True,Active,Aiman,None,Normal,5: Lying down (controlled)
1789916601.3844116,2703,Person D,1222.9,3153.4,640.0,3381.58,21.09,True,Active,Aiman,None,Normal,5: Lying down (controlled)
1789916601.4781578,2704,Person D,1221.7,3153.6,160.0,3380.51,21.05,True,Active,Aiman,None,Normal,5: Lying down (controlled)
1789916601.5562954,2705,Person D,1220.4,3153.8,640.0,3378.28,21.04,True,Active,Aiman,None,Normal,5: Lying down (controlled)
1789916601.6344135,2706,Person D,1219.1,3154.2,160.0,3378.14,20.99,True,Active,Aiman,None,Normal,5: Lying down (controlled)
1789916601.7437637,2707,Person D,1217.1,3155.0,-80.0,3379.73,20.87,True,Active,Aiman,None,Normal,5: Lying down (controlled)
1789916601.8375258,2708,Person D,1214.8,3156.0,640.0,3380.76,20.77,True,Active,Aiman,None,Normal,5: Lying down (controlled)
1789916601.9312675,2709,Person D,1211.4,3157.2,160.0,3380.97,20.59,True,Active,Aiman,None,Normal,5: Lying down (controlled)
1789916602.009387,2710,Person D,1207.1,3158.4,640.0,3380.97,20.44,True,Active,Aiman,None,Normal,5: Lying down (controlled)
1789916602.1031306,2711,Person D,1201.9,3159.6,160.0,3378.78,20.3,True,Active,Aiman,None,Normal,5: Lying down (controlled)
1789916602.196858,2712,Person D,1196.6,3160.6,480.0,3376.11,20.22,True,Active,Aiman,None,Normal,5: Lying down (controlled)
1789916602.3062413,2713,Person D,1191.4,3161.6,640.0,3372.6,20.21,True,Active,Aiman,None,Normal,5: Lying down (controlled)
1789916602.368737,2714,Person D,1186.8,3162.5,560.0,3372.7,20.26,True,Active,Aiman,None,Normal,5: Lying down (controlled)
1789916602.4468567,2715,Person D,1182.9,3163.3,640.0,3371.97,20.38,True,Active,Aiman,None,Normal,5: Lying down (controlled)
1789916602.6812,2716,Person D,1179.6,3163.9,560.0,3372.08,20.43,True,Active,Aiman,None,Normal,5: Lying down (controlled)
1789916602.7905633,2717,Person D,1177.2,3164.3,240.0,3375.0,20.46,True,Active,Aiman,None,Normal,5: Lying down (controlled)
1789916602.8686829,2718,Person D,1175.3,3164.5,480.0,3375.94,20.46,True,Active,Aiman,None,Normal,5: Lying down (controlled)
1789916602.9468021,2719,Person D,1174.7,3164.3,560.0,3376.99,20.51,True,Active,Aiman,None,Normal,5: Lying down (controlled)
1789916603.0249217,2720,Person D,1175.6,3163.5,640.0,3376.64,20.64,True,Active,Aiman,None,Normal,5: Lying down (controlled)
1789916603.1030412,2721,Person D,1177.8,3162.3,560.0,3375.25,20.72,True,Active,Aiman,None,Normal,5: Lying down (controlled)
1789916603.2124085,2722,Person D,1181.2,3160.5,720.0,3371.19,20.87,True,Active,Aiman,None,Normal,5: Lying down (controlled)
1789916603.2905288,2723,Person D,1185.1,3158.4,160.0,3366.65,20.95,True,Active,Aiman,None,Normal,5: Lying down (controlled)
1789916603.384292,2724,Person D,1188.3,3156.0,0.0,3361.49,20.92,True,Active,Aiman,None,Normal,5: Lying down (controlled)
1789916603.4467864,2725,Person D,1190.6,3153.6,240.0,3357.61,20.89,True,Active,Aiman,None,Normal,5: Lying down (controlled)
1789916603.5405304,2726,Person D,1192.4,3151.1,-80.0,3355.03,20.87,True,Active,Aiman,None,Normal,5: Lying down (controlled)
1789916603.6342537,2727,Person D,1194.3,3148.3,480.0,3355.53,20.94,True,Active,Aiman,None,Normal,5: Lying down (controlled)
1789916603.743625,2728,Person D,1196.2,3145.2,160.0,3353.66,20.95,True,Active,Aiman,None,Normal,5: Lying down (controlled)
1789916603.8061197,2729,Person D,1198.2,3142.1,560.0,3355.09,21.01,True,Active,Aiman,None,Normal,5: Lying down (controlled)
1789916603.8842397,2730,Person D,1199.8,3139.1,640.0,3354.3,21.07,True,Active,Aiman,None,Normal,5: Lying down (controlled)
1789916603.9779835,2731,Person D,1201.1,3136.5,560.0,3355.59,21.08,True,Active,Aiman,None,Normal,5: Lying down (controlled)
1789916604.0404782,2732,Person D,1201.8,3134.8,240.0,3357.82,21.09,True,Active,Aiman,None,Normal,5: Lying down (controlled)
1789916604.1498423,2733,Person D,1202.1,3133.9,560.0,3359.33,21.06,True,Active,Aiman,None,Normal,5: Lying down (controlled)
1789916604.2435858,2734,Person D,1203.0,3133.6,480.0,3361.91,21.08,True,Active,Aiman,None,Normal,5: Lying down (controlled)
1789916604.3217247,2735,Person D,1204.3,3133.5,480.0,3361.34,21.1,True,Active,Aiman,None,Normal,5: Lying down (controlled)
1789916604.3842206,2736,Person D,1205.6,3133.6,160.0,3360.62,21.07,True,Active,Aiman,None,Normal,5: Lying down (controlled)
1789916604.5092115,2737,Person D,1206.5,3133.6,720.0,3358.75,21.08,True,Active,Aiman,None,Normal,5: Lying down (controlled)
1789916604.6029353,2738,Person D,1207.1,3134.0,160.0,3359.54,21.02,True,Active,Aiman,None,Normal,5: Lying down (controlled)
1789916604.6810555,2739,Person D,1207.4,3134.4,480.0,3359.9,21.04,True,Active,Aiman,None,Normal,5: Lying down (controlled)
1789916604.7748015,2740,Person D,1206.9,3135.1,160.0,3359.04,20.95,True,Active,Aiman,None,Normal,5: Lying down (controlled)
1789916604.8529382,2741,Person D,1206.3,3135.9,480.0,3360.91,20.94,True,Active,Aiman,None,Normal,5: Lying down (controlled)
1789916604.915414,2742,Person D,1205.9,3136.2,390.0,3359.18,21.0,True,Active,Aiman,None,Normal,5: Lying down (controlled)
1789916605.0404084,2743,Person D,1205.6,3136.3,560.0,3359.18,21.0,True,Active,Aiman,None,Normal,5: Lying down (controlled)
1789916605.102904,2744,Person D,1204.7,3136.5,-80.0,3360.55,20.92,True,Active,Aiman,None,Normal,5: Lying down (controlled)
1789916605.1810231,2745,Person D,1203.3,3136.8,640.0,3359.13,20.86,True,Active,Aiman,None,Normal,5: Lying down (controlled)
1789916605.2591436,2746,Person D,1202.1,3137.3,560.0,3361.0,20.85,True,Active,Aiman,None,Normal,5: Lying down (controlled)
1789916605.3372622,2747,Person D,1200.9,3137.9,640.0,3360.06,20.85,True,Active,Aiman,None,Normal,5: Lying down (controlled)
1789916605.431006,2748,Person D,1200.0,3138.4,560.0,3361.0,20.85,True,Active,Aiman,None,Normal,5: Lying down (controlled)
1789916605.5091245,2749,Person D,1199.0,3139.2,240.0,3363.8,20.83,True,Active,Aiman,None,Normal,5: Lying down (controlled)
1789916605.5872445,2750,Person D,1198.4,3140.0,480.0,3364.38,20.81,True,Active,Aiman,None,Normal,5: Lying down (controlled)
1789916605.6653645,2751,Person D,1198.0,3140.6,560.0,3365.09,20.84,True,Active,Aiman,None,Normal,5: Lying down (controlled)
1789916605.7434807,2752,Person D,1197.8,3141.2,640.0,3364.07,20.93,True,Active,Aiman,None,Normal,5: Lying down (controlled)
1789916605.8528676,2753,Person D,1198.0,3141.6,160.0,3363.63,21.01,True,Active,Aiman,None,Normal,5: Lying down (controlled)
1789916605.9309876,2754,Person D,1198.5,3141.7,-80.0,3363.28,20.99,True,Active,Aiman,None,Normal,5: Lying down (controlled)
1789916606.0091064,2755,Person D,1199.1,3141.9,160.0,3363.14,20.94,True,Active,Aiman,None,Normal,5: Lying down (controlled)
1789916606.1028512,2756,Person D,1199.6,3141.8,480.0,3361.84,20.93,True,Active,Aiman,None,Normal,5: Lying down (controlled)
1789916606.196577,2757,Person D,1200.4,3141.6,640.0,3361.05,20.99,True,Active,Aiman,None,Normal,5: Lying down (controlled)
1789916606.305961,2758,Person D,1201.1,3141.1,160.0,3358.82,20.99,True,Active,Aiman,None,Normal,5: Lying down (controlled)
1789916606.3840811,2759,Person D,1202.1,3140.3,480.0,3359.9,21.04,True,Active,Aiman,None,Normal,5: Lying down (controlled)
1789916606.446576,2760,Person D,1203.2,3139.5,240.0,3360.83,21.03,True,Active,Aiman,None,Normal,5: Lying down (controlled)
1789916606.540303,2761,Person D,1204.5,3138.9,560.0,3364.14,21.08,True,Active,Aiman,None,Normal,5: Lying down (controlled)
1789916606.6027992,2762,Person D,1205.4,3138.9,240.0,3367.3,21.08,True,Active,Aiman,None,Normal,5: Lying down (controlled)
1789916606.712164,2763,Person D,1205.9,3139.3,560.0,3369.16,21.07,True,Active,Aiman,None,Normal,5: Lying down (controlled)
1789916606.8059275,2764,Person D,1206.4,3140.2,160.0,3373.47,21.02,True,Active,Aiman,None,Normal,5: Lying down (controlled)
1789916606.89965,2765,Person D,1207.2,3141.2,640.0,3375.34,21.01,True,Active,Aiman,None,Normal,5: Lying down (controlled)
1789916606.993412,2766,Person D,1207.7,3142.8,160.0,3378.58,20.91,True,Active,Aiman,None,Normal,5: Lying down (controlled)
1789916607.118387,2767,Person D,1207.6,3145.0,720.0,3381.24,20.84,True,Active,Aiman,None,Normal,5: Lying down (controlled)
1789916607.2121472,2768,Person D,1207.1,3147.8,160.0,3383.21,20.74,True,Active,Aiman,None,Normal,5: Lying down (controlled)
1789916607.290251,2769,Person D,1206.1,3150.6,-80.0,3382.5,20.71,True,Active,Aiman,None,Normal,5: Lying down (controlled)
1789916607.3839927,2770,Person D,1204.9,3153.4,240.0,3382.73,20.67,True,Active,Aiman,None,Normal,5: Lying down (controlled)
1789916607.571483,2771,Person D,1202.9,3156.1,160.0,3382.26,20.6,True,Active,Aiman,None,Normal,5: Lying down (controlled)
1789916607.6495967,2772,Person D,1200.8,3158.7,240.0,3384.13,20.59,True,Active,Aiman,None,Normal,5: Lying down (controlled)
1789916607.7433605,2773,Person D,1198.3,3161.3,240.0,3384.6,20.51,True,Active,Aiman,None,Normal,5: Lying down (controlled)
1789916607.8214793,2774,Person D,1196.0,3163.5,480.0,3385.88,20.52,True,Active,Aiman,None,Normal,5: Lying down (controlled)
1789916607.8995996,2775,Person D,1193.5,3165.8,240.0,3387.99,20.47,True,Active,Aiman,None,Normal,5: Lying down (controlled)
1789916607.9777188,2776,Person D,1191.6,3167.7,560.0,3389.63,20.5,True,Active,Aiman,None,Normal,5: Lying down (controlled)
1789916608.0714457,2777,Person D,1190.1,3169.6,240.0,3393.73,20.49,True,Active,Aiman,None,Normal,5: Lying down (controlled)
1789916608.1808293,2778,Person D,1189.3,3171.2,560.0,3395.36,20.52,True,Active,Aiman,None,Normal,5: Lying down (controlled)
1789916608.2589326,2779,Person D,1188.6,3173.1,160.0,3397.82,20.48,True,Active,Aiman,None,Normal,5: Lying down (controlled)
1789916608.3370686,2780,Person D,1188.2,3174.9,640.0,3398.17,20.5,True,Active,Aiman,None,Normal,5: Lying down (controlled)
1789916608.3995478,2781,Person D,1188.3,3176.9,160.0,3401.33,20.5,True,Active,Aiman,None,Normal,5: Lying down (controlled)
1789916608.5089114,2782,Person D,1188.8,3178.6,640.0,3401.8,20.57,True,Active,Aiman,None,Normal,5: Lying down (controlled)
1789916608.6026578,2783,Person D,1189.7,3180.0,160.0,3400.86,20.57,True,Active,Aiman,None,Normal,5: Lying down (controlled)
1789916608.6807947,2784,Person D,1190.9,3181.2,480.0,3401.34,20.64,True,Active,Aiman,None,Normal,5: Lying down (controlled)
1789916608.758914,2785,Person D,1192.6,3181.7,640.0,3398.65,20.71,True,Active,Aiman,None,Normal,5: Lying down (controlled)
1789916608.8370352,2786,Person D,1193.9,3181.8,160.0,3395.14,20.7,True,Active,Aiman,None,Normal,5: Lying down (controlled)
1789916608.9463844,2787,Person D,1195.3,3181.3,240.0,3393.98,20.74,True,Active,Aiman,None,Normal,5: Lying down (controlled)
1789916609.0713763,2788,Person D,1196.4,3180.6,240.0,3392.69,20.73,True,Active,Aiman,None,Normal,5: Lying down (controlled)
1789916609.1338713,2789,Person D,1197.7,3179.6,560.0,3393.04,20.75,True,Active,Aiman,None,Normal,5: Lying down (controlled)
1789916609.1963668,2790,Person D,1198.8,3178.6,240.0,3392.69,20.73,True,Active,Aiman,None,Normal,5: Lying down (controlled)
1789916609.290127,2791,Person D,1199.6,3177.4,560.0,3392.92,20.69,True,Active,Aiman,None,Normal,5: Lying down (controlled)
1789916609.3994954,2792,Person D,1199.4,3176.5,0.0,3392.67,20.59,True,Active,Aiman,None,Normal,5: Lying down (controlled)
1789916609.4775975,2793,Person D,1198.9,3175.6,640.0,3390.68,20.55,True,Active,Aiman,None,Normal,5: Lying down (controlled)
1789916609.555714,2794,Person D,1197.5,3175.0,160.0,3390.8,20.46,True,Active,Aiman,None,Normal,5: Lying down (controlled)
1789916609.6338334,2795,Person D,1195.6,3174.9,720.0,3391.04,20.42,True,Active,Aiman,None,Normal,5: Lying down (controlled)
1789916609.711972,2796,Person D,1193.4,3175.4,160.0,3392.12,20.32,True,Active,Aiman,None,Normal,5: Lying down (controlled)
1789916609.8213203,2797,Person D,1190.8,3176.2,640.0,3392.36,20.28,True,Active,Aiman,None,Normal,5: Lying down (controlled)
1789916609.9150655,2798,Person D,1188.1,3177.2,240.0,3392.6,20.25,True,Active,Aiman,None,Normal,5: Lying down (controlled)
1789916609.9775631,2799,Person D,1185.4,3178.2,390.0,3392.95,20.26,True,Active,Aiman,None,Normal,5: Lying down (controlled)
1789916610.0713227,2800,Person D,1183.3,3179.3,240.0,3395.62,20.33,True,Active,Aiman,None,Normal,5: Lying down (controlled)
1789916610.4306567,2801,Person D,1181.7,3180.2,320.0,3395.73,20.39,True,Active,Aiman,None,Normal,5: Lying down (controlled)
1789916610.586897,2802,Person D,1180.6,3180.9,-80.0,3395.38,20.37,True,Active,Aiman,None,Normal,5: Lying down (controlled)
1789916610.696259,2803,Person D,1179.7,3181.4,240.0,3392.22,20.37,True,Active,Aiman,None,Normal,5: Lying down (controlled)
1789916610.7900026,2804,Person D,1179.7,3181.6,560.0,3392.68,20.44,True,Active,Aiman,None,Normal,5: Lying down (controlled)
1789916610.914995,2805,Person D,1180.5,3181.4,390.0,3391.97,20.56,True,Active,Aiman,None,Normal,5: Lying down (controlled)
1789916610.993118,2806,Person D,1182.2,3180.6,560.0,3390.57,20.64,True,Active,Aiman,None,Normal,5: Lying down (controlled)
1789916611.1181056,2807,Person D,1184.3,3179.1,0.0,3385.66,20.7,True,Active,Aiman,None,Normal,5: Lying down (controlled)
1789916611.2118504,2808,Person D,1186.8,3176.9,640.0,3380.76,20.77,True,Active,Aiman,None,Normal,5: Lying down (controlled)
1789916611.289971,2809,Person D,1189.1,3174.5,160.0,3378.53,20.77,True,Active,Aiman,None,Normal,5: Lying down (controlled)
1789916611.3681066,2810,Person D,1191.1,3171.6,720.0,3375.5,20.82,True,Active,Aiman,None,Normal,5: Lying down (controlled)
1789916611.446226,2811,Person D,1192.6,3168.8,160.0,3374.79,20.79,True,Active,Aiman,None,Normal,5: Lying down (controlled)
1789916611.5712166,2812,Person D,1193.6,3165.8,0.0,3370.8,20.71,True,Active,Aiman,None,Normal,5: Lying down (controlled)
1789916611.680585,2813,Person D,1194.4,3162.7,640.0,3365.99,20.69,True,Active,Aiman,None,Normal,5: Lying down (controlled)
1789916611.758705,2814,Person D,1194.0,3159.7,240.0,3363.18,20.56,True,Active,Aiman,None,Normal,5: Lying down (controlled)
1789916611.8368242,2815,Person D,1192.6,3157.0,480.0,3361.77,20.49,True,Active,Aiman,None,Normal,5: Lying down (controlled)
1789916611.914945,2816,Person D,1190.3,3154.6,240.0,3360.03,20.41,True,Active,Aiman,None,Normal,5: Lying down (controlled)
1789916612.0242908,2817,Person D,1187.7,3152.9,480.0,3360.62,20.39,True,Active,Aiman,None,Normal,5: Lying down (controlled)
1789916612.133679,2818,Person D,1185.1,3151.5,640.0,3358.5,20.44,True,Active,Aiman,None,Normal,5: Lying down (controlled)
1789916612.211797,2819,Person D,1182.5,3150.1,560.0,3356.28,20.44,True,Active,Aiman,None,Normal,5: Lying down (controlled)
1789916612.2899163,2820,Person D,1180.1,3149.1,480.0,3357.68,20.5,True,Active,Aiman,None,Normal,5: Lying down (controlled)
1789916612.3680375,2821,Person D,1178.2,3148.0,240.0,3357.79,20.56,True,Active,Aiman,None,Normal,5: Lying down (controlled)
1789916612.5086339,2822,Person D,1176.8,3147.3,160.0,3359.32,20.53,True,Active,Aiman,None,Normal,5: Lying down (controlled)
1789916612.633624,2823,Person D,1176.0,3146.8,720.0,3358.5,20.59,True,Active,Aiman,None,Normal,5: Lying down (controlled)
1789916612.7429912,2824,Person D,1175.7,3146.5,160.0,3359.32,20.53,True,Active,Aiman,None,Normal,5: Lying down (controlled)
1789916612.8523624,2825,Person D,1175.4,3146.7,-80.0,3362.6,20.43,True,Active,Aiman,None,Normal,5: Lying down (controlled)
1789916612.9617262,2826,Person D,1175.4,3147.2,240.0,3364.71,20.38,True,Active,Aiman,None,Normal,5: Lying down (controlled)
1789916613.071095,2827,Person D,1175.6,3147.8,320.0,3366.94,20.39,True,Active,Aiman,None,Normal,5: Lying down (controlled)
1789916613.164839,2828,Person D,1176.3,3148.6,390.0,3368.45,20.51,True,Active,Aiman,None,Normal,5: Lying down (controlled)
1789916613.2429752,2829,Person D,1177.7,3149.4,240.0,3368.68,20.61,True,Active,Aiman,None,Normal,5: Lying down (controlled)
1789916613.321075,2830,Person D,1178.2,3150.5,0.0,3369.73,20.52,True,Active,Aiman,None,Normal,5: Lying down (controlled)
1789916613.3992138,2831,Person D,1177.8,3151.9,640.0,3369.51,20.41,True,Active,Aiman,None,Normal,5: Lying down (controlled)
1789916613.477334,2832,Person D,1177.0,3153.2,560.0,3368.71,20.32,True,Active,Aiman,None,Normal,5: Lying down (controlled)
1789916613.5710585,2833,Person D,1176.0,3155.0,240.0,3371.87,20.32,True,Active,Aiman,None,Normal,5: Lying down (controlled)
1789916613.6491768,2834,Person D,1175.4,3156.6,160.0,3372.21,20.34,True,Active,Aiman,None,Normal,5: Lying down (controlled)
1789916613.7272992,2835,Person D,1175.6,3157.7,560.0,3373.61,20.4,True,Active,Aiman,None,Normal,5: Lying down (controlled)
1789916613.8054187,2836,Person D,1176.7,3158.1,720.0,3372.31,20.54,True,Active,Aiman,None,Normal,5: Lying down (controlled)
1789916613.8991632,2837,Person D,1178.2,3158.0,160.0,3371.26,20.63,True,Active,Aiman,None,Normal,5: Lying down (controlled)
1789916613.9929228,2838,Person D,1178.9,3158.0,-80.0,3370.9,20.62,True,Active,Aiman,None,Normal,5: Lying down (controlled)
1789916614.0866659,2839,Person D,1178.7,3158.2,160.0,3369.85,20.57,True,Active,Aiman,None,Normal,5: Lying down (controlled)
1789916614.1647856,2840,Person D,1178.6,3158.4,320.0,3371.26,20.49,True,Active,Aiman,None,Normal,5: Lying down (controlled)
1789916614.2429047,2841,Person D,1178.9,3158.4,640.0,3370.56,20.46,True,Active,Aiman,None,Normal,5: Lying down (controlled)
1789916614.3522716,2842,Person D,1179.1,3158.5,240.0,3370.34,20.35,True,Active,Aiman,None,Normal,5: Lying down (controlled)
1789916614.4522293,2843,Person D,1178.8,3158.5,480.0,3370.83,20.27,True,Active,Aiman,None,Normal,5: Lying down (controlled)
1789916614.545954,2844,Person D,1178.2,3158.7,240.0,3372.01,20.23,True,Active,Aiman,None,Normal,5: Lying down (controlled)
1789916614.6084526,2845,Person D,1177.4,3158.9,560.0,3372.7,20.26,True,Active,Aiman,None,Normal,5: Lying down (controlled)
1789916614.686569,2846,Person D,1176.5,3159.3,390.0,3372.91,20.37,True,Active,Aiman,None,Normal,5: Lying down (controlled)
1789916614.795936,2847,Person D,1175.5,3159.8,560.0,3372.43,20.44,True,Active,Aiman,None,Normal,5: Lying down (controlled)
1789916614.874056,2848,Person D,1175.0,3160.6,160.0,3376.64,20.49,True,Active,Aiman,None,Normal,5: Lying down (controlled)
1789916614.9678001,2849,Person D,1175.4,3161.3,240.0,3377.81,20.59,True,Active,Aiman,None,Normal,5: Lying down (controlled)
1789916615.0302942,2850,Person D,1176.6,3161.6,560.0,3378.28,20.66,True,Active,Aiman,None,Normal,5: Lying down (controlled)
1789916615.1084177,2851,Person D,1178.1,3161.8,-80.0,3377.7,20.68,True,Active,Aiman,None,Normal,5: Lying down (controlled)
1789916615.2021766,2852,Person D,1180.2,3161.6,160.0,3375.83,20.7,True,Active,Aiman,None,Normal,5: Lying down (controlled)
1789916615.3115447,2853,Person D,1182.7,3160.8,-80.0,3372.09,20.72,True,Active,Aiman,None,Normal,5: Lying down (controlled)
1789916615.3896646,2854,Person D,1185.5,3159.4,640.0,3368.7,20.76,True,Active,Aiman,None,Normal,5: Lying down (controlled)
1789916615.4990346,2855,Person D,1187.8,3157.7,160.0,3364.83,20.73,True,Active,Aiman,None,Normal,5: Lying down (controlled)
1789916615.577151,2856,Person D,1189.6,3155.9,560.0,3362.38,20.76,True,Active,Aiman,None,Normal,5: Lying down (controlled)
1789916615.6865182,2857,Person D,1190.7,3154.3,240.0,3361.32,20.72,True,Active,Aiman,None,Normal,5: Lying down (controlled)
1789916615.7646203,2858,Person D,1191.6,3152.4,560.0,3362.03,20.75,True,Active,Aiman,None,Normal,5: Lying down (controlled)
1789916615.842738,2859,Person D,1192.2,3150.4,390.0,3361.22,20.81,True,Active,Aiman,None,Normal,5: Lying down (controlled)
1789916615.9208572,2860,Person D,1192.5,3148.4,560.0,3360.64,20.83,True,Active,Aiman,None,Normal,5: Lying down (controlled)
1789916615.998977,2861,Person D,1192.9,3146.4,-80.0,3360.42,20.87,True,Active,Aiman,None,Normal,5: Lying down (controlled)
1789916616.0927405,2862,Person D,1193.5,3144.2,640.0,3357.39,20.92,True,Active,Aiman,None,Normal,5: Lying down (controlled)
1789916616.1708424,2863,Person D,1194.4,3142.4,160.0,3358.47,20.97,True,Active,Aiman,None,Normal,5: Lying down (controlled)
1789916616.2646017,2864,Person D,1195.1,3141.2,-80.0,3359.98,20.94,True,Active,Aiman,None,Normal,5: Lying down (controlled)
1789916616.3427057,2865,Person D,1196.0,3140.4,160.0,3360.55,20.92,True,Active,Aiman,None,Normal,5: Lying down (controlled)
1789916616.420827,2866,Person D,1197.1,3139.9,480.0,3361.63,20.97,True,Active,Aiman,None,Normal,5: Lying down (controlled)
1789916616.4989445,2867,Person D,1198.9,3139.2,640.0,3361.19,21.04,True,Active,Aiman,None,Normal,5: Lying down (controlled)
1789916616.5770643,2868,Person D,1200.4,3138.3,160.0,3358.97,21.04,True,Active,Aiman,None,Normal,5: Lying down (controlled)
1789916616.6552007,2869,Person D,1201.9,3137.3,390.0,3357.25,21.11,True,Active,Aiman,None,Normal,5: Lying down (controlled)
1789916616.7333195,2870,Person D,1203.2,3136.3,560.0,3355.95,21.1,True,Active,Aiman,None,Normal,5: Lying down (controlled)
1789916616.811439,2871,Person D,1204.6,3135.4,560.0,3357.03,21.15,True,Active,Aiman,None,Normal,5: Lying down (controlled)
1789916616.920787,2872,Person D,1206.0,3134.6,640.0,3354.96,21.2,True,Active,Aiman,None,Normal,5: Lying down (controlled)
1789916617.0301738,2873,Person D,1207.1,3133.7,560.0,3354.03,21.2,True,Active,Aiman,None,Normal,5: Lying down (controlled)
1789916617.1239173,2874,Person D,1208.4,3132.9,240.0,3357.19,21.2,True,Active,Aiman,None,Normal,5: Lying down (controlled)
1789916617.2020192,2875,Person D,1209.5,3132.3,390.0,3358.9,21.13,True,Active,Aiman,None,Normal,5: Lying down (controlled)
1789916617.3895073,2876,Person D,1210.4,3132.0,560.0,3362.06,21.13,True,Active,Aiman,None,Normal,5: Lying down (controlled)
1789916617.4988732,2877,Person D,1211.3,3132.0,240.0,3364.44,21.19,True,Active,Aiman,None,Normal,5: Lying down (controlled)
1789916617.5926347,2878,Person D,1212.4,3132.1,160.0,3363.86,21.21,True,Active,Aiman,None,Normal,5: Lying down (controlled)
1789916617.6707363,2879,Person D,1213.6,3132.3,480.0,3363.45,21.29,True,Active,Aiman,None,Normal,5: Lying down (controlled)
1789916617.7644792,2880,Person D,1215.1,3132.3,160.0,3361.38,21.34,True,Active,Aiman,None,Normal,5: Lying down (controlled)
1789916617.8426166,2881,Person D,1216.3,3132.1,-80.0,3359.52,21.35,True,Active,Aiman,None,Normal,5: Lying down (controlled)
1789916617.9363413,2882,Person D,1217.6,3132.1,240.0,3359.68,21.4,True,Active,Aiman,None,Normal,5: Lying down (controlled)
1789916618.0301046,2883,Person D,1218.8,3132.3,240.0,3360.25,21.38,True,Active,Aiman,None,Normal,5: Lying down (controlled)
1789916618.1082034,2884,Person D,1220.2,3132.2,480.0,3361.34,21.43,True,Active,Aiman,None,Normal,5: Lying down (controlled)
1789916618.1863227,2885,Person D,1221.7,3131.9,240.0,3361.54,21.39,True,Active,Aiman,None,Normal,5: Lying down (controlled)
1789916618.2800694,2886,Person D,1223.3,3131.4,560.0,3363.2,21.42,True,Active,Aiman,None,Normal,5: Lying down (controlled)
1789916618.3738096,2887,Person D,1224.5,3131.3,240.0,3367.86,21.38,True,Active,Aiman,None,Normal,5: Lying down (controlled)
1789916618.467573,2888,Person D,1225.6,3131.7,560.0,3371.58,21.36,True,Active,Aiman,None,Normal,5: Lying down (controlled)
1789916618.5613008,2889,Person D,1226.2,3132.9,160.0,3376.81,21.31,True,Active,Aiman,None,Normal,5: Lying down (controlled)
1789916618.6394186,2890,Person D,1226.5,3134.7,640.0,3379.24,21.27,True,Active,Aiman,None,Normal,5: Lying down (controlled)
1789916618.717536,2891,Person D,1226.6,3137.2,160.0,3383.18,21.21,True,Active,Aiman,None,Normal,5: Lying down (controlled)
1789916618.795674,2892,Person D,1226.4,3139.8,640.0,3383.18,21.21,True,Active,Aiman,None,Normal,5: Lying down (controlled)
1789916618.8893983,2893,Person D,1226.2,3142.4,160.0,3383.75,21.19,True,Active,Aiman,None,Normal,5: Lying down (controlled)
1789916618.9675374,2894,Person D,1225.3,3144.8,-80.0,3380.44,21.14,True,Active,Aiman,None,Normal,5: Lying down (controlled)
1789916619.0456574,2895,Person D,1224.4,3146.7,640.0,3375.99,21.13,True,Active,Aiman,None,Normal,5: Lying down (controlled)
1789916619.1237602,2896,Person D,1223.4,3148.2,320.0,3373.55,21.16,True,Active,Aiman,None,Normal,5: Lying down (controlled)
1789916619.2175035,2897,Person D,1223.0,3149.1,480.0,3374.79,21.27,True,Active,Aiman,None,Normal,5: Lying down (controlled)
1789916619.3268876,2898,Person D,1223.0,3149.7,240.0,3377.17,21.32,True,Active,Aiman,None,Normal,5: Lying down (controlled)
1789916619.4050066,2899,Person D,1223.7,3149.9,480.0,3381.22,21.4,True,Active,Aiman,None,Normal,5: Lying down (controlled)
1789916619.4831269,2900,Person D,1224.6,3150.3,240.0,3386.24,21.39,True,Active,Aiman,None,Normal,5: Lying down (controlled)
1789916619.5612476,2901,Person D,1225.2,3150.7,-80.0,3389.08,21.28,True,Active,Aiman,None,Normal,5: Lying down (controlled)
1789916619.670595,2902,Person D,1225.3,3151.7,160.0,3392.86,21.16,True,Active,Aiman,None,Normal,5: Lying down (controlled)
1789916619.7799623,2903,Person D,1225.1,3153.0,240.0,3395.15,21.08,True,Active,Aiman,None,Normal,5: Lying down (controlled)
1789916619.8580844,2904,Person D,1225.2,3154.9,160.0,3398.53,21.04,True,Active,Aiman,None,Normal,5: Lying down (controlled)
1789916619.9362206,2905,Person D,1225.6,3157.2,640.0,3398.89,21.05,True,Active,Aiman,None,Normal,5: Lying down (controlled)
