timestamp,sequence_id,target_id,x_mm,y_mm,speed_mms,distance_mm,angle_deg,valid,status,volunteer_id,fall_subtype,pace_variant,action_label
1790275504.2022185,10986,Person 24,-598.7,1569.6,480.0,1333.88,-22.2,True,Active,ArslanAzad,None,Normal,1: Walking
1790275504.2627242,10987,Person 24,-572.2,1495.3,390.0,1285.04,-22.17,True,Active,ArslanAzad,None,Normal,1: Walking
1790275504.29979,10988,Person 24,-547.5,1421.8,390.0,1245.32,-22.32,True,Active,ArslanAzad,None,Normal,1: Walking
1790275504.368341,10989,Person 24,-525.8,1352.8,320.0,1195.14,-22.02,True,Active,ArslanAzad,None,Normal,1: Walking
1790275504.415192,10990,Person 24,-506.0,1288.7,320.0,1138.14,-21.49,True,Active,ArslanAzad,None,Normal,1: Walking
1790275504.4776893,10991,Person 24,-487.4,1231.7,240.0,1092.37,-20.97,True,Active,ArslanAzad,None,Normal,1: Walking
1790275504.5401847,10992,Person 24,-467.6,1182.1,160.0,1064.11,-19.83,True,Active,ArslanAzad,None,Normal,1: Walking
1790275504.6026814,10993,Person 24,-447.8,1138.8,0.0,1048.11,-19.33,True,Active,ArslanAzad,None,Normal,1: Walking
1790275504.6849487,10994,Person 24,-427.8,1103.0,-160.0,1043.24,-18.56,True,Active,ArslanAzad,None,Normal,1: Walking
1790275504.7682827,10995,Person 24,-407.7,1073.2,-320.0,1039.17,-17.88,True,Active,ArslanAzad,None,Normal,1: Walking
1790275504.912891,10996,Person 24,-387.9,1049.0,-390.0,1039.08,-17.13,True,Active,ArslanAzad,None,Normal,1: Walking
1790275505.0037365,10997,Person 24,-369.0,1029.5,-390.0,1038.09,-16.57,True,Active,ArslanAzad,None,Normal,1: Walking
1790275505.102137,10998,Person 24,-351.6,1014.2,-390.0,1042.79,-16.66,True,Active,ArslanAzad,None,Normal,1: Walking
1790275505.1513708,10999,Person 24,-337.8,1003.7,-320.0,1049.81,-17.17,True,Active,ArslanAzad,None,Normal,1: Walking
1790275505.2180188,11000,Person 24,-327.6,998.4,-320.0,1054.16,-17.39,True,Active,ArslanAzad,None,Normal,1: Walking
1790275505.3347406,11001,Person 24,-320.8,996.9,-480.0,1055.63,-17.82,True,Active,ArslanAzad,None,Normal,1: Walking
1790275505.4014468,11002,Person 24,-317.8,997.5,-320.0,1060.0,-18.2,True,Active,ArslanAzad,None,Normal,1: Walking
1790275505.4848092,11003,Person 24,-317.1,999.7,-390.0,1066.64,-18.59,True,Active,ArslanAzad,None,Normal,1: Walking
1790275505.5681727,11004,Person 24,-318.8,1002.5,-390.0,1075.22,-18.94,True,Active,ArslanAzad,None,Normal,1: Walking
1790275505.6682193,11005,Person 24,-323.1,1005.7,-480.0,1083.28,-19.52,True,Active,ArslanAzad,None,Normal,1: Walking
1790275505.76827,11006,Person 24,-329.7,1009.1,-560.0,1092.3,-19.91,True,Active,ArslanAzad,None,Normal,1: Walking
1790275505.8505757,11007,Person 24,-338.0,1013.2,-480.0,1103.15,-20.09,True,Active,ArslanAzad,None,Normal,1: Walking
1790275505.9356673,11008,Person 24,-346.6,1017.9,-480.0,1114.6,-20.21,True,Active,ArslanAzad,None,Normal,1: Walking
1790275506.0187707,11009,Person 24,-354.5,1023.1,-480.0,1124.43,-20.24,True,Active,ArslanAzad,None,Normal,1: Walking
1790275506.1022682,11010,Person 24,-362.2,1029.0,-480.0,1134.85,-20.21,True,Active,ArslanAzad,None,Normal,1: Walking
1790275506.2028987,11011,Person 24,-369.8,1036.1,-480.0,1147.6,-20.35,True,Active,ArslanAzad,None,Normal,1: Walking
1790275506.2865982,11012,Person 24,-377.2,1044.5,-480.0,1163.75,-20.37,True,Active,ArslanAzad,None,Normal,1: Walking
1790275506.3690522,11013,Person 24,-384.9,1057.7,-560.0,1216.69,-20.04,True,Active,ArslanAzad,None,Normal,1: Walking
1790275506.5096695,11014,Person 24,-393.7,1075.6,-560.0,1273.34,-20.07,True,Active,ArslanAzad,None,Normal,1: Walking
1790275506.5721672,11015,Person 24,-404.0,1097.6,-560.0,1325.26,-20.54,True,Active,ArslanAzad,None,Normal,1: Walking
1790275506.6502862,11016,Person 24,-421.3,1125.4,-480.0,1414.23,-22.67,True,Active,ArslanAzad,None,Normal,1: Walking
1790275506.744029,11017,Person 24,-443.8,1157.1,-560.0,1481.7,-24.06,True,Active,ArslanAzad,None,Normal,1: Walking
1790275506.8221688,11018,Person 24,-469.7,1193.5,-390.0,1550.11,-24.55,True,Active,ArslanAzad,None,Normal,1: Walking
1790275506.9248755,11019,Person 24,-498.7,1234.2,-390.0,1611.98,-24.91,True,Active,ArslanAzad,None,Normal,1: Walking
1790275507.0029948,11020,Person 24,-529.2,1279.2,-480.0,1667.64,-24.71,True,Active,ArslanAzad,None,Normal,1: Walking
1790275507.0967157,11021,Person 24,-560.7,1330.0,-390.0,1737.48,-24.26,True,Active,ArslanAzad,None,Normal,1: Walking
1790275507.1904595,11022,Person 24,-594.5,1385.8,-640.0,1808.66,-24.26,True,Active,ArslanAzad,None,Normal,1: Walking
1790275507.2686005,11023,Person 24,-628.1,1441.7,-390.0,1861.13,-23.87,True,Active,ArslanAzad,None,Normal,1: Walking
1790275507.3967159,11024,Person 24,-658.8,1499.3,-480.0,1921.85,-22.78,True,Active,ArslanAzad,None,Normal,1: Walking
1790275507.4435875,11025,Person 24,-682.5,1560.0,-480.0,1976.84,-20.8,True,Active,ArslanAzad,None,Normal,1: Walking
1790275507.5373318,11026,Person 24,-695.1,1620.5,-480.0,2024.44,-19.36,True,Active,ArslanAzad,None,Normal,1: Walking
1790275507.6466982,11027,Person 24,-699.5,1681.0,-480.0,2062.44,-18.31,True,Active,ArslanAzad,None,Normal,1: Walking
1790275507.7248201,11028,Person 24,-700.3,1739.8,-390.0,2101.69,-18.07,True,Active,ArslanAzad,None,Normal,1: Walking
1790275507.8185825,11029,Person 24,-701.6,1795.4,-480.0,2133.35,-18.93,True,Active,ArslanAzad,None,Normal,1: Walking
1790275507.8836794,11030,Person 24,-705.9,1848.5,-390.0,2175.71,-19.88,True,Active,ArslanAzad,None,Normal,1: Walking
1790275508.0086732,11031,Person 24,-713.9,1898.6,-390.0,2231.07,-20.85,True,Active,ArslanAzad,None,Normal,1: Walking
1790275508.0711684,11032,Person 24,-722.4,1948.0,-320.0,2297.4,-21.13,True,Active,ArslanAzad,None,Normal,1: Walking
1790275508.1492887,11033,Person 24,-731.4,1996.0,-240.0,2339.18,-21.12,True,Active,ArslanAzad,None,Normal,1: Walking
1790275508.2430313,11034,Person 24,-741.6,2037.2,-160.0,2342.13,-21.17,True,Active,ArslanAzad,None,Normal,1: Walking
1790275508.3367968,11035,Person 24,-755.9,2072.4,-80.0,2356.7,-21.01,True,Active,ArslanAzad,None,Normal,1: Walking
1790275508.4305205,11036,Person 24,-773.4,2103.3,-160.0,2374.8,-20.87,True,Active,ArslanAzad,None,Normal,1: Walking
1790275508.5242634,11037,Person 24,-793.2,2132.0,-160.0,2399.11,-20.65,True,Active,ArslanAzad,None,Normal,1: Walking
1790275508.6024017,11038,Person 24,-813.9,2162.9,0.0,2461.73,-20.42,True,Active,ArslanAzad,None,Normal,1: Walking
1790275508.7117481,11039,Person 24,-832.6,2195.0,0.0,2498.71,-20.6,True,Active,ArslanAzad,None,Normal,1: Walking
1790275508.774244,11040,Person 24,-848.8,2227.2,0.0,2533.97,-20.85,True,Active,ArslanAzad,None,Normal,1: Walking
1790275508.8836136,11041,Person 24,-858.3,2256.8,80.0,2541.55,-20.47,True,Active,ArslanAzad,None,Normal,1: Walking
1790275508.9707732,11042,Person 24,-864.8,2282.0,160.0,2556.07,-20.45,True,Active,ArslanAzad,None,Normal,1: Walking
1790275509.048915,11043,Person 24,-869.8,2305.0,160.0,2572.0,-20.32,True,Active,ArslanAzad,None,Normal,1: Walking
1790275509.127013,11044,Person 24,-874.4,2329.6,160.0,2588.54,-20.16,True,Active,ArslanAzad,None,Normal,1: Walking
1790275509.220758,11045,Person 24,-877.8,2353.1,320.0,2588.8,-19.85,True,Active,ArslanAzad,None,Normal,1: Walking
1790275509.3301244,11046,Person 24,-880.7,2373.8,480.0,2578.97,-19.83,True,Active,ArslanAzad,None,Normal,1: Walking
1790275509.4123957,11047,Person 24,-884.4,2390.7,480.0,2570.43,-20.09,True,Active,ArslanAzad,None,Normal,1: Walking
1790275509.4905336,11048,Person 24,-887.4,2399.8,390.0,2557.48,-20.34,True,Active,ArslanAzad,None,Normal,1: Walking
1790275509.5999022,11049,Person 24,-888.5,2404.3,390.0,2544.71,-20.47,True,Active,ArslanAzad,None,Normal,1: Walking
1790275509.6936452,11050,Person 24,-887.7,2404.4,560.0,2532.07,-20.68,True,Active,ArslanAzad,None,Normal,1: Walking
1790275509.7717452,11051,Person 24,-888.3,2401.8,480.0,2519.34,-20.81,True,Active,ArslanAzad,None,Normal,1: Walking
1790275509.8498843,11052,Person 24,-889.0,2396.3,560.0,2507.11,-21.04,True,Active,ArslanAzad,None,Normal,1: Walking
1790275509.9324396,11053,Person 24,-889.8,2387.7,720.0,2494.41,-21.17,True,Active,ArslanAzad,None,Normal,1: Walking
1790275510.0261838,11054,Person 24,-890.4,2375.5,880.0,2476.54,-21.26,True,Active,ArslanAzad,None,Normal,1: Walking
1790275510.1355288,11055,Person 24,-890.7,2357.3,790.0,2419.49,-21.38,True,Active,ArslanAzad,None,Normal,1: Walking
1790275510.2136478,11056,Person 24,-890.0,2334.6,640.0,2364.11,-21.54,True,Active,ArslanAzad,None,Normal,1: Walking
1790275510.307395,11057,Person 24,-886.1,2308.1,720.0,2308.8,-21.44,True,Active,ArslanAzad,None,Normal,1: Walking
1790275510.385532,11058,Person 24,-875.6,2274.8,640.0,2208.82,-20.79,True,Active,ArslanAzad,None,Normal,1: Walking
1790275510.4669309,11059,Person 24,-860.9,2234.7,640.0,2117.63,-20.54,True,Active,ArslanAzad,None,Normal,1: Walking
1790275510.5762963,11060,Person 24,-846.7,2186.9,720.0,2035.04,-21.69,True,Active,ArslanAzad,None,Normal,1: Walking
1790275510.6544363,11061,Person 24,-832.4,2130.5,640.0,1942.47,-22.78,True,Active,ArslanAzad,None,Normal,1: Walking
1790275510.7481613,11062,Person 24,-816.1,2066.3,720.0,1851.05,-23.46,True,Active,ArslanAzad,None,Normal,1: Walking
1790275510.8262997,11063,Person 24,-798.9,1994.8,640.0,1768.27,-24.35,True,Active,ArslanAzad,None,Normal,1: Walking
1790275510.907167,11064,Person 24,-780.5,1918.2,560.0,1699.28,-24.85,True,Active,ArslanAzad,None,Normal,1: Walking
1790275511.0009127,11065,Person 24,-761.4,1841.8,480.0,1641.52,-24.89,True,Active,ArslanAzad,None,Normal,1: Walking
1790275511.1103013,11066,Person 24,-741.7,1766.1,480.0,1590.47,-24.95,True,Active,ArslanAzad,None,Normal,1: Walking
1790275511.1884205,11067,Person 24,-723.3,1690.8,480.0,1544.16,-25.3,True,Active,ArslanAzad,None,Normal,1: Walking
1790275511.2665403,11068,Person 24,-711.7,1618.5,390.0,1499.06,-26.46,True,Active,ArslanAzad,None,Normal,1: Walking
1790275511.3602624,11069,Person 24,-703.4,1549.0,480.0,1447.25,-27.13,True,Active,ArslanAzad,None,Normal,1: Walking
1790275511.4415915,11070,Person 24,-690.9,1483.3,640.0,1384.15,-26.94,True,Active,ArslanAzad,None,Normal,1: Walking
1790275511.5509562,11071,Person 24,-674.0,1423.8,480.0,1330.53,-25.99,True,Active,ArslanAzad,None,Normal,1: Walking
1790275511.6290765,11072,Person 24,-654.4,1368.1,390.0,1262.76,-25.37,True,Active,ArslanAzad,None,Normal,1: Walking
1790275511.7228408,11073,Person 24,-632.7,1315.6,240.0,1200.64,-25.24,True,Active,ArslanAzad,None,Normal,1: Walking
1790275511.8009386,11074,Person 24,-609.2,1265.8,160.0,1148.64,-24.65,True,Active,ArslanAzad,None,Normal,1: Walking
1790275511.9292297,11075,Person 24,-585.7,1219.8,160.0,1125.51,-23.9,True,Active,ArslanAzad,None,Normal,1: Walking
1790275511.9917264,11076,Person 24,-561.0,1178.4,-160.0,1112.01,-22.41,True,Active,ArslanAzad,None,Normal,1: Walking
1790275512.069845,11077,Person 24,-534.8,1140.5,-160.0,1092.1,-21.37,True,Active,ArslanAzad,None,Normal,1: Walking
1790275512.1635885,11078,Person 24,-506.4,1106.9,-320.0,1076.8,-20.89,True,Active,ArslanAzad,None,Normal,1: Walking
1790275512.2729769,11079,Person 24,-478.9,1078.5,-390.0,1075.29,-20.98,True,Active,ArslanAzad,None,Normal,1: Walking
1790275512.3354542,11080,Person 24,-455.2,1055.2,-560.0,1074.29,-21.29,True,Active,ArslanAzad,None,Normal,1: Walking
1790275512.433999,11081,Person 24,-437.3,1036.0,-640.0,1082.23,-21.92,True,Active,ArslanAzad,None,Normal,1: Walking
1790275512.5277421,11082,Person 24,-424.4,1022.6,-640.0,1088.02,-22.25,True,Active,ArslanAzad,None,Normal,1: Walking
1790275512.6058807,11083,Person 24,-415.1,1015.2,-560.0,1095.31,-22.49,True,Active,ArslanAzad,None,Normal,1: Walking
1790275512.7152283,11084,Person 24,-409.5,1012.8,-560.0,1104.23,-22.52,True,Active,ArslanAzad,None,Normal,1: Walking
1790275512.7777445,11085,Person 24,-406.8,1012.8,-480.0,1114.85,-22.63,True,Active,ArslanAzad,None,Normal,1: Walking
1790275512.902714,11086,Person 24,-408.0,1014.0,-390.0,1127.69,-22.74,True,Active,ArslanAzad,None,Normal,1: Walking
1790275512.9694421,11087,Person 24,-412.9,1017.7,-560.0,1144.87,-22.98,True,Active,ArslanAzad,None,Normal,1: Walking
1790275513.0944312,11088,Person 24,-420.2,1024.2,-480.0,1164.43,-23.11,True,Active,ArslanAzad,None,Normal,1: Walking
1790275513.1569283,11089,Person 24,-429.0,1035.4,-480.0,1212.1,-22.97,True,Active,ArslanAzad,None,Normal,1: Walking
1790275513.2194443,11090,Person 24,-438.3,1051.4,-720.0,1257.46,-22.59,True,Active,ArslanAzad,None,Normal,1: Walking
1790275513.328812,11091,Person 24,-447.2,1071.5,-640.0,1301.95,-22.25,True,Active,ArslanAzad,None,Normal,1: Walking
1790275513.4225366,11092,Person 24,-456.3,1095.6,-560.0,1345.55,-21.95,True,Active,ArslanAzad,None,Normal,1: Walking
1790275513.4829814,11093,Person 24,-466.7,1123.2,-480.0,1390.13,-22.1,True,Active,ArslanAzad,None,Normal,1: Walking
1790275513.5923266,11094,Person 24,-478.7,1154.0,-480.0,1434.72,-22.24,True,Active,ArslanAzad,None,Normal,1: Walking
1790275513.6704462,11095,Person 24,-492.0,1188.0,-560.0,1479.87,-22.32,True,Active,ArslanAzad,None,Normal,1: Walking
1790275513.7798133,11096,Person 24,-506.6,1224.8,-560.0,1523.54,-22.46,True,Active,ArslanAzad,None,Normal,1: Walking
1790275513.868032,11097,Person 24,-522.5,1268.2,-640.0,1606.67,-22.16,True,Active,ArslanAzad,None,Normal,1: Walking
1790275513.945358,11098,Person 24,-541.0,1317.0,-720.0,1686.01,-22.38,True,Active,ArslanAzad,None,Normal,1: Walking
1790275514.0234783,11099,Person 24,-562.0,1367.9,-560.0,1762.7,-22.8,True,Active,ArslanAzad,None,Normal,1: Walking
1790275514.1328244,11100,Person 24,-588.5,1420.2,-640.0,1842.65,-23.95,True,Active,ArslanAzad,None,Normal,1: Walking
1790275514.2109454,11101,Person 24,-618.7,1473.8,-320.0,1913.92,-24.54,True,Active,ArslanAzad,None,Normal,1: Walking
1790275514.3203144,11102,Person 24,-650.9,1528.6,-320.0,1976.42,-24.67,True,Active,ArslanAzad,None,Normal,1: Walking
1790275514.3828278,11103,Person 24,-681.5,1585.4,-320.0,2032.73,-24.07,True,Active,ArslanAzad,None,Normal,1: Walking
1790275514.500579,11104,Person 24,-710.6,1642.7,-240.0,2075.9,-23.69,True,Active,ArslanAzad,None,Normal,1: Walking
1790275514.6411955,11105,Person 24,-737.7,1699.6,-320.0,2109.44,-23.26,True,Active,ArslanAzad,None,Normal,1: Walking
1790275514.7349362,11106,Person 24,-762.9,1755.4,-320.0,2135.58,-22.99,True,Active,ArslanAzad,None,Normal,1: Walking
1790275514.7974312,11107,Person 24,-786.5,1806.6,-320.0,2170.01,-22.83,True,Active,ArslanAzad,None,Normal,1: Walking
1790275514.8443043,11108,Person 24,-805.6,1853.8,-160.0,2195.19,-22.3,True,Active,ArslanAzad,None,Normal,1: Walking
1790275514.9224432,11109,Person 24,-817.2,1898.5,-80.0,2220.72,-21.09,True,Active,ArslanAzad,None,Normal,1: Walking
1790275515.0033846,11110,Person 24,-820.5,1941.3,80.0,2251.78,-20.29,True,Active,ArslanAzad,None,Normal,1: Walking
1790275515.1127517,11111,Person 24,-819.3,1980.6,160.0,2273.11,-20.15,True,Active,ArslanAzad,None,Normal,1: Walking
1790275515.1908503,11112,Person 24,-816.3,2015.1,320.0,2283.84,-20.37,True,Active,ArslanAzad,None,Normal,1: Walking
1790275515.2689908,11113,Person 24,-812.8,2044.2,320.0,2289.11,-20.3,True,Active,ArslanAzad,None,Normal,1: Walking
1790275515.4104466,11114,Person 24,-809.7,2068.9,240.0,2293.19,-20.5,True,Active,ArslanAzad,None,Normal,1: Walking
1790275515.459035,11115,Person 24,-808.5,2089.2,240.0,2293.02,-20.98,True,Active,ArslanAzad,None,Normal,1: Walking
1790275515.552778,11116,Person 24,-807.7,2106.3,320.0,2291.08,-21.13,True,Active,ArslanAzad,None,Normal,1: Walking
1790275515.646524,11117,Person 24,-806.8,2119.5,320.0,2288.95,-21.34,True,Active,ArslanAzad,None,Normal,1: Walking
1790275515.7246625,11118,Person 24,-807.4,2129.2,240.0,2287.42,-21.52,True,Active,ArslanAzad,None,Normal,1: Walking
1790275515.8183844,11119,Person 24,-811.9,2134.6,390.0,2287.4,-21.65,True,Active,ArslanAzad,None,Normal,1: Walking
1790275515.8965042,11120,Person 24,-818.3,2135.9,480.0,2286.84,-21.69,True,Active,ArslanAzad,None,Normal,1: Walking
1790275515.9933622,11121,Person 24,-824.3,2134.4,640.0,2280.53,-21.69,True,Active,ArslanAzad,None,Normal,1: Walking
1790275516.102744,11122,Person 24,-828.9,2131.0,640.0,2268.64,-21.76,True,Active,ArslanAzad,None,Normal,1: Walking
1790275516.165227,11123,Person 24,-833.8,2125.4,560.0,2254.54,-21.96,True,Active,ArslanAzad,None,Normal,1: Walking
1790275516.243346,11124,Person 24,-837.7,2118.2,390.0,2240.25,-22.08,True,Active,ArslanAzad,None,Normal,1: Walking
1790275516.3527117,11125,Person 24,-839.8,2110.2,390.0,2226.36,-22.22,True,Active,ArslanAzad,None,Normal,1: Walking
1790275516.4308355,11126,Person 24,-841.6,2101.0,240.0,2212.32,-22.43,True,Active,ArslanAzad,None,Normal,1: Walking
1790275516.5287485,11127,Person 24,-843.3,2090.6,240.0,2198.93,-22.74,True,Active,ArslanAzad,None,Normal,1: Walking
1790275516.606889,11128,Person 24,-845.1,2078.7,160.0,2184.15,-23.1,True,Active,ArslanAzad,None,Normal,1: Walking
1790275516.7162385,11129,Person 24,-846.9,2065.1,160.0,2168.67,-23.42,True,Active,ArslanAzad,None,Normal,1: Walking
1790275516.7943578,11130,Person 24,-849.4,2046.8,-80.0,2127.97,-24.13,True,Active,ArslanAzad,None,Normal,1: Walking
1790275516.8881018,11131,Person 24,-852.4,2027.8,-560.0,2117.35,-24.35,True,Active,ArslanAzad,None,Normal,1: Walking
1790275516.9850893,11132,Person 24,-856.5,2008.8,-1040.0,2110.17,-24.71,True,Active,ArslanAzad,None,Normal,5: Lying down (controlled)
1790275517.077774,11133,Person 24,-861.3,1990.4,-1040.0,2104.88,-25.04,True,Active,ArslanAzad,None,Normal,5: Lying down (controlled)
1790275517.1509113,11134,Person 24,-867.7,1972.7,-790.0,2104.05,-25.51,True,Active,ArslanAzad,None,Normal,5: Lying down (controlled)
1790275517.2540398,11135,Person 24,-875.7,1955.9,-1120.0,2105.6,-25.97,True,Active,ArslanAzad,None,Normal,5: Lying down (controlled)
1790275517.3321595,11136,Person 24,-887.2,1940.4,-790.0,2119.38,-26.9,True,Active,ArslanAzad,None,Normal,5: Lying down (controlled)
1790275517.425903,11137,Person 24,-902.1,1926.9,-1120.0,2140.43,-27.82,True,Active,ArslanAzad,None,Normal,5: Lying down (controlled)
1790275517.4891152,11138,Person 24,-921.0,1916.5,-960.0,2173.28,-28.77,True,Active,ArslanAzad,None,Normal,5: Lying down (controlled)
1790275517.6141047,11139,Person 24,-948.8,1911.5,-960.0,2250.16,-30.44,True,Active,ArslanAzad,None,Normal,5: Lying down (controlled)
1790275517.6766212,11140,Person 24,-983.2,1913.7,-790.0,2308.92,-31.72,True,Active,ArslanAzad,None,Normal,5: Lying down (controlled)
1790275517.785989,11141,Person 24,-1014.6,1906.2,-390.0,2201.43,-32.63,True,Active,ArslanAzad,None,Normal,5: Lying down (controlled)
1790275517.8797314,11142,Person 24,-1042.6,1893.7,-390.0,2135.77,-32.96,True,Active,ArslanAzad,None,Normal,5: Lying down (controlled)
1790275517.9422274,11143,Person 24,-1067.4,1876.6,-390.0,2076.3,-33.27,True,Active,ArslanAzad,None,Normal,5: Lying down (controlled)
1790275518.056502,11144,Person 24,-1088.6,1855.3,-390.0,2023.0,-33.55,True,Active,ArslanAzad,None,Normal,5: Lying down (controlled)
1790275518.1190197,11145,Person 24,-1106.3,1830.0,-390.0,1974.18,-33.83,True,Active,ArslanAzad,None,Normal,5: Lying down (controlled)
1790275518.2439895,11146,Person 24,-1118.6,1800.9,-390.0,1930.68,-34.09,True,Active,ArslanAzad,None,Normal,5: Lying down (controlled)
1790275518.3065062,11147,Person 24,-1125.4,1767.8,-390.0,1891.65,-34.34,True,Active,ArslanAzad,None,Normal,5: Lying down (controlled)
1790275518.3846262,11148,Person 24,-1126.1,1730.1,-390.0,1855.69,-34.57,True,Active,ArslanAzad,None,Normal,5: Lying down (controlled)
1790275518.501724,11149,Person 24,-1117.0,1687.8,-390.0,1844.37,-34.66,True,Active,ArslanAzad,None,Normal,5: Lying down (controlled)
1790275518.564241,11150,Person 24,-1100.0,1642.1,-390.0,1833.3,-34.71,True,Active,ArslanAzad,None,Normal,5: Lying down (controlled)
1790275518.673586,11151,Person 24,-1085.3,1606.4,-390.0,1822.8,-34.79,True,Active,ArslanAzad,None,Normal,5: Lying down (controlled)
1790275518.7517087,11152,Person 24,-1072.7,1575.9,-390.0,1812.31,-34.87,True,Active,ArslanAzad,None,Normal,5: Lying down (controlled)
1790275519.1300268,11153,Person 24,-1062.0,1550.1,-390.0,1802.64,-34.92,True,Active,ArslanAzad,None,Normal,5: Lying down (controlled)
1790275519.1768982,11154,Person 24,-1053.1,1528.3,-390.0,1792.73,-35.03,True,Active,ArslanAzad,None,Normal,5: Lying down (controlled)
1790275519.208147,11155,Person 24,-1045.7,1510.3,-390.0,1783.88,-35.07,True,Active,ArslanAzad,None,Normal,5: Lying down (controlled)
1790275519.2706432,11156,Person 24,-1039.6,1495.5,-390.0,1774.22,-35.13,True,Active,ArslanAzad,None,Normal,5: Lying down (controlled)
1790275519.3643878,11157,Person 24,-1039.6,1495.5,-390.0,1774.22,-35.13,True,Predicted,ArslanAzad,None,Normal,5: Lying down (controlled)
1790275519.4112585,11158,Person 24,-1039.6,1495.5,-390.0,1774.22,-35.13,True,Predicted,ArslanAzad,None,Normal,5: Lying down (controlled)
1790275519.4746952,11159,Person 24,-1039.6,1495.5,-390.0,1774.22,-35.13,True,Predicted,ArslanAzad,None,Normal,5: Lying down (controlled)
1790275519.5234256,11160,Person 24,-1039.6,1495.5,-390.0,1774.22,-35.13,True,Predicted,ArslanAzad,None,Normal,5: Lying down (controlled)
1790275519.5702786,11161,Person 24,-1039.6,1495.5,-390.0,1774.22,-35.13,True,Predicted,ArslanAzad,None,Normal,5: Lying down (controlled)
1790275519.66402,11162,Person 24,-1039.6,1495.5,-390.0,1774.22,-35.13,True,Predicted,ArslanAzad,None,Normal,5: Lying down (controlled)
1790275519.7421389,11163,Person 24,-1039.6,1495.5,-390.0,1774.22,-35.13,True,Predicted,ArslanAzad,None,Normal,5: Lying down (controlled)
1790275519.8202798,11164,Person 24,-1039.6,1495.5,-390.0,1774.22,-35.13,True,Predicted,ArslanAzad,None,Normal,5: Lying down (controlled)
1790275519.8983793,11165,Person 24,-1039.6,1495.5,-390.0,1774.22,-35.13,True,Predicted,ArslanAzad,None,Normal,5: Lying down (controlled)
1790275520.0126562,11166,Person 24,-1039.6,1495.5,-390.0,1774.22,-35.13,True,Predicted,ArslanAzad,None,Normal,5: Lying down (controlled)
1790275520.10642,11167,Person 24,-1039.6,1495.5,-390.0,1774.22,-35.13,True,Predicted,ArslanAzad,None,Normal,5: Lying down (controlled)
1790275520.1689157,11168,Person 24,-1039.6,1495.5,-390.0,1774.22,-35.13,True,Predicted,ArslanAzad,None,Normal,5: Lying down (controlled)
1790275520.2782626,11169,Person 24,-1039.6,1495.5,-390.0,1774.22,-35.13,True,Predicted,ArslanAzad,None,Normal,5: Lying down (controlled)
1790275520.3720264,11170,Person 24,-1039.6,1495.5,-390.0,1774.22,-35.13,True,Predicted,ArslanAzad,None,Normal,5: Lying down (controlled)
1790275520.4345007,11171,Person 24,-1039.6,1495.5,-390.0,1774.22,-35.13,True,Predicted,ArslanAzad,None,Normal,5: Lying down (controlled)
1790275520.5320914,11172,Person 24,-1039.6,1495.5,-390.0,1774.22,-35.13,True,Searching,ArslanAzad,None,Normal,5: Lying down (controlled)
1790275520.6102295,11173,Person 24,-1039.6,1495.5,-390.0,1774.22,-35.13,True,Searching,ArslanAzad,None,Normal,5: Lying down (controlled)
1790275520.7352016,11174,Person 24,-1039.6,1495.5,-390.0,1774.22,-35.13,True,Searching,ArslanAzad,None,Normal,5: Lying down (controlled)
1790275520.7977006,11175,Person 24,-1039.6,1495.5,-390.0,1774.22,-35.13,True,Searching,ArslanAzad,None,Normal,5: Lying down (controlled)
1790275520.907063,11176,Person 24,-1039.6,1495.5,-390.0,1774.22,-35.13,True,Searching,ArslanAzad,None,Normal,5: Lying down (controlled)
1790275520.9851253,11177,Person 24,-1039.6,1495.5,-390.0,1774.22,-35.13,True,Searching,ArslanAzad,None,Normal,5: Lying down (controlled)
1790275521.0663726,11178,Person 24,-1039.6,1495.5,-390.0,1774.22,-35.13,True,Searching,ArslanAzad,None,Normal,5: Lying down (controlled)
1790275521.1444702,11179,Person 24,-1039.6,1495.5,-390.0,1774.22,-35.13,True,Searching,ArslanAzad,None,Normal,5: Lying down (controlled)
1790275521.2382138,11180,Person 24,-1039.6,1495.5,-390.0,1774.22,-35.13,True,Searching,ArslanAzad,None,Normal,5: Lying down (controlled)
1790275521.3475816,11181,Person 24,-1039.6,1495.5,-390.0,1774.22,-35.13,True,Searching,ArslanAzad,None,Normal,5: Lying down (controlled)
1790275521.4413264,11182,Person 24,-1039.6,1495.5,-390.0,1774.22,-35.13,True,Searching,ArslanAzad,None,Normal,5: Lying down (controlled)
1790275521.5264895,11183,Person 24,-1039.6,1495.5,-390.0,1774.22,-35.13,True,Searching,ArslanAzad,None,Normal,5: Lying down (controlled)
1790275521.5890067,11184,Person 24,-1039.6,1495.5,-390.0,1774.22,-35.13,True,Searching,ArslanAzad,None,Normal,5: Lying down (controlled)
1790275521.698355,11185,Person 24,-1039.6,1495.5,-390.0,1774.22,-35.13,True,Searching,ArslanAzad,None,Normal,5: Lying down (controlled)
1790275521.7764735,11186,Person 24,-1039.6,1495.5,-390.0,1774.22,-35.13,True,Searching,ArslanAzad,None,Normal,5: Lying down (controlled)
1790275521.885839,11187,Person 24,-1039.6,1495.5,-390.0,1774.22,-35.13,True,Searching,ArslanAzad,None,Normal,5: Lying down (controlled)
1790275521.9483354,11188,Person 24,-1039.6,1495.5,-390.0,1774.22,-35.13,True,Searching,ArslanAzad,None,Normal,5: Lying down (controlled)
1790275522.043797,11189,Person 24,-1039.6,1495.5,-390.0,1774.22,-35.13,True,Searching,ArslanAzad,None,Normal,5: Lying down (controlled)
1790275522.1218975,11190,Person 24,-1039.6,1495.5,-390.0,1774.22,-35.13,True,Searching,ArslanAzad,None,Normal,5: Lying down (controlled)
1790275522.2312827,11191,Person 24,-1039.6,1495.5,-390.0,1774.22,-35.13,True,Searching,ArslanAzad,None,Normal,5: Lying down (controlled)
1790275522.3093832,11192,Person 24,-1039.6,1495.5,-390.0,1774.22,-35.13,True,Searching,ArslanAzad,None,Normal,5: Lying down (controlled)
1790275522.3875008,11193,Person 24,-1039.6,1495.5,-390.0,1774.22,-35.13,True,Searching,ArslanAzad,None,Normal,5: Lying down (controlled)
1790275522.4978318,11194,Person 24,-1039.6,1495.5,-390.0,1774.22,-35.13,True,Searching,ArslanAzad,None,Normal,5: Lying down (controlled)
1790275522.5778432,11195,Person 24,-1039.6,1495.5,-390.0,1774.22,-35.13,True,Searching,ArslanAzad,None,Normal,5: Lying down (controlled)
1790275522.6715677,11196,Person 24,-1039.6,1495.5,-390.0,1774.22,-35.13,True,Searching,ArslanAzad,None,Normal,5: Lying down (controlled)
1790275522.7653308,11197,Person 24,-1039.6,1495.5,-390.0,1774.22,-35.13,True,Searching,ArslanAzad,None,Normal,5: Lying down (controlled)
1790275522.843449,11198,Person 24,-1039.6,1495.5,-390.0,1774.22,-35.13,True,Searching,ArslanAzad,None,Normal,5: Lying down (controlled)
1790275522.9371738,11199,Person 24,-1039.6,1495.5,-390.0,1774.22,-35.13,True,Searching,ArslanAzad,None,Normal,5: Lying down (controlled)
1790275523.0203974,11200,Person 24,-1039.6,1495.5,-390.0,1774.22,-35.13,True,Searching,ArslanAzad,None,Normal,5: Lying down (controlled)
1790275523.1141446,11201,Person 24,-1039.6,1495.5,-390.0,1774.22,-35.13,True,Searching,ArslanAzad,None,Normal,5: Lying down (controlled)
1790275523.2078888,11202,Person 24,-1039.6,1495.5,-390.0,1774.22,-35.13,True,Searching,ArslanAzad,None,Normal,5: Lying down (controlled)
1790275523.2860274,11203,Person 24,-1039.6,1495.5,-390.0,1774.22,-35.13,True,Searching,ArslanAzad,None,Normal,5: Lying down (controlled)
1790275523.411002,11204,Person 24,-1039.6,1495.5,-390.0,1774.22,-35.13,True,Searching,ArslanAzad,None,Normal,5: Lying down (controlled)
1790275523.517142,11205,Person 24,-1039.6,1495.5,-390.0,1774.22,-35.13,True,Searching,ArslanAzad,None,Normal,5: Lying down (controlled)
1790275523.5826926,11206,Person 24,-1039.6,1495.5,-390.0,1774.22,-35.13,True,Searching,ArslanAzad,None,Normal,5: Lying down (controlled)
1790275523.645188,11207,Person 24,-1039.6,1495.5,-390.0,1774.22,-35.13,True,Searching,ArslanAzad,None,Normal,5: Lying down (controlled)
1790275523.7389314,11208,Person 24,78.0,3445.0,240.0,3445.88,1.3,True,Active,ArslanAzad,None,Normal,5: Lying down (controlled)
1790275523.8170729,11209,Person 24,77.0,3444.5,320.0,3444.84,1.26,True,Active,ArslanAzad,None,Normal,5: Lying down (controlled)
1790275523.9264202,11210,Person 24,76.67,3445.0,320.0,3446.84,1.26,True,Active,ArslanAzad,None,Normal,5: Lying down (controlled)
1790275524.0045404,11211,Person 24,76.25,3445.25,560.0,3446.82,1.25,True,Active,ArslanAzad,None,Normal,5: Lying down (controlled)
1790275524.1053038,11212,Person 24,76.2,3445.2,320.0,3445.84,1.26,True,Active,ArslanAzad,None,Normal,5: Lying down (controlled)
1790275524.1677997,11213,Person 24,76.17,3445.5,560.0,3447.84,1.26,True,Active,ArslanAzad,None,Normal,5: Lying down (controlled)
1790275524.2615244,11214,Person 24,75.43,3445.43,560.0,3445.73,1.18,True,Active,ArslanAzad,None,Normal,5: Lying down (controlled)
1790275524.355267,11215,Person 24,74.88,3445.0,560.0,3442.73,1.18,True,Active,ArslanAzad,None,Normal,5: Lying down (controlled)
1790275524.449009,11216,Person 24,74.67,3444.67,320.0,3442.77,1.21,True,Active,ArslanAzad,None,Normal,5: Lying down (controlled)
1790275524.544579,11217,Person 24,74.4,3444.3,560.0,3441.75,1.2,True,Active,ArslanAzad,None,Normal,5: Lying down (controlled)
1790275524.7008405,11218,Person 24,73.4,3444.0,320.0,3442.67,1.13,True,Active,ArslanAzad,None,Normal,5: Lying down (controlled)
1790275524.8570585,11219,Person 24,72.3,3443.9,240.0,3443.61,1.08,True,Active,ArslanAzad,None,Normal,5: Lying down (controlled)
1790275524.9039507,11220,Person 24,70.5,3443.6,240.0,3443.49,0.97,True,Active,ArslanAzad,None,Normal,5: Lying down (controlled)
1790275524.9820504,11221,Person 24,68.4,3443.2,320.0,3442.42,0.9,True,Active,ArslanAzad,None,Normal,5: Lying down (controlled)
1790275525.0654023,11222,Person 24,65.6,3443.1,560.0,3444.33,0.8,True,Active,ArslanAzad,None,Normal,5: Lying down (controlled)
1790275525.1278777,11223,Person 24,62.0,3442.7,560.0,3443.23,0.67,True,Active,ArslanAzad,None,Normal,5: Lying down (controlled)
1790275525.1903756,11224,Person 24,58.4,3442.3,390.0,3441.18,0.58,True,Active,ArslanAzad,None,Normal,5: Lying down (controlled)
1790275525.237266,11225,Person 24,55.2,3442.0,240.0,3439.22,0.65,True,Active,ArslanAzad,None,Normal,5: Lying down (controlled)
1790275525.3466113,11226,Person 24,51.9,3441.4,560.0,3436.23,0.67,True,Active,ArslanAzad,None,Normal,5: Lying down (controlled)
1790275525.4247317,11227,Person 24,49.3,3440.9,320.0,3436.31,0.77,True,Active,ArslanAzad,None,Normal,5: Lying down (controlled)
1790275525.5028718,11228,Person 24,48.0,3440.4,560.0,3437.44,0.92,True,Active,ArslanAzad,None,Normal,5: Lying down (controlled)
1790275525.5998247,11229,Person 24,47.8,3439.8,320.0,3437.58,1.05,True,Active,ArslanAzad,None,Normal,5: Lying down (controlled)
1790275525.7091906,11230,Person 24,49.8,3439.4,320.0,3439.88,1.3,True,Active,ArslanAzad,None,Normal,5: Lying down (controlled)
1790275525.8029327,11231,Person 24,53.7,3439.3,560.0,3442.26,1.55,True,Active,ArslanAzad,None,Normal,5: Lying down (controlled)
1790275525.8654277,11232,Person 24,57.9,3438.8,320.0,3440.18,1.5,True,Active,ArslanAzad,None,Normal,5: Lying down (controlled)
1790275525.974797,11233,Person 24,62.4,3438.2,320.0,3438.05,1.42,True,Active,ArslanAzad,None,Normal,5: Lying down (controlled)
1790275526.0413282,11234,Person 24,68.2,3437.6,240.0,3436.26,1.55,True,Active,ArslanAzad,None,Normal,5: Lying down (controlled)
1790275526.1350956,11235,Person 24,74.3,3437.0,-240.0,3434.46,1.67,True,Active,ArslanAzad,None,Normal,5: Lying down (controlled)
1790275526.228818,11236,Person 24,80.5,3436.7,320.0,3434.51,1.7,True,Active,ArslanAzad,None,Normal,5: Lying down (controlled)
1790275526.3225646,11237,Person 24,86.6,3436.5,240.0,3435.67,1.78,True,Active,ArslanAzad,None,Normal,5: Lying down (controlled)
1790275526.4007018,11238,Person 24,91.9,3436.3,320.0,3436.7,1.8,True,Active,ArslanAzad,None,Normal,5: Lying down (controlled)
1790275526.5603309,11239,Person 24,96.8,3436.2,320.0,3437.82,1.87,True,Active,ArslanAzad,None,Normal,5: Lying down (controlled)
1790275526.6072044,11240,Person 24,100.2,3435.7,560.0,3435.83,1.87,True,Active,ArslanAzad,None,Normal,5: Lying down (controlled)
1790275526.700946,11241,Person 24,101.6,3434.6,-160.0,3431.67,1.79,True,Active,ArslanAzad,None,Normal,5: Lying down (controlled)
1790275526.79469,11242,Person 24,102.8,3433.2,320.0,3426.52,1.71,True,Active,ArslanAzad,None,Normal,5: Lying down (controlled)
1790275526.8571856,11243,Person 24,104.1,3431.5,560.0,3421.4,1.64,True,Active,ArslanAzad,None,Normal,5: Lying down (controlled)
1790275526.935324,11244,Person 24,103.8,3429.5,-320.0,3416.19,1.51,True,Active,ArslanAzad,None,Normal,5: Lying down (controlled)
1790275527.0290487,11245,Person 24,102.3,3427.3,320.0,3412.06,1.43,True,Active,ArslanAzad,None,Normal,5: Lying down (controlled)
1790275527.1100578,11246,Person 24,100.4,3424.9,560.0,3410.01,1.39,True,Active,ArslanAzad,None,Normal,5: Lying down (controlled)
1790275527.2194436,11247,Person 24,98.0,3422.5,320.0,3411.01,1.39,True,Active,ArslanAzad,None,Normal,5: Lying down (controlled)
1790275527.2819207,11248,Person 24,95.4,3420.3,560.0,3413.98,1.38,True,Active,ArslanAzad,None,Normal,5: Lying down (controlled)
1790275527.3756635,11249,Person 24,92.0,3418.3,240.0,3416.89,1.31,True,Active,ArslanAzad,None,Normal,5: Lying down (controlled)
1790275527.469407,11250,Person 24,87.6,3416.8,320.0,3419.68,1.14,True,Active,ArslanAzad,None,Normal,5: Lying down (controlled)
1790275527.5829265,11251,Person 24,83.0,3416.0,560.0,3422.54,1.02,True,Active,ArslanAzad,None,Normal,5: Lying down (controlled)
1790275527.6766708,11252,Person 24,77.9,3415.5,560.0,3420.38,0.85,True,Active,ArslanAzad,None,Normal,5: Lying down (controlled)
1790275527.7704124,11253,Person 24,72.6,3415.2,390.0,3417.3,0.75,True,Active,ArslanAzad,None,Normal,5: Lying down (controlled)
1790275527.9579008,11254,Person 24,68.7,3415.4,240.0,3417.38,0.86,True,Active,ArslanAzad,None,Normal,5: Lying down (controlled)
1790275528.0047715,11255,Person 24,65.8,3415.9,560.0,3416.46,0.94,True,Active,ArslanAzad,None,Normal,5: Lying down (controlled)
1790275528.0828888,11256,Person 24,63.7,3416.9,320.0,3419.56,1.04,True,Active,ArslanAzad,None,Normal,5: Lying down (controlled)
1790275528.1297596,11257,Person 24,62.2,3417.9,560.0,3420.68,1.14,True,Active,ArslanAzad,None,Normal,5: Lying down (controlled)
1790275528.2078822,11258,Person 24,61.1,3418.7,320.0,3421.74,1.19,True,Active,ArslanAzad,None,Normal,5: Lying down (controlled)
1790275528.270377,11259,Person 24,61.1,3419.4,320.0,3423.89,1.31,True,Active,ArslanAzad,None,Normal,5: Lying down (controlled)
1790275528.3641224,11260,Person 24,62.3,3419.8,560.0,3423.93,1.34,True,Active,ArslanAzad,None,Normal,5: Lying down (controlled)
1790275528.4422379,11261,Person 24,63.5,3419.9,320.0,3423.78,1.22,True,Active,ArslanAzad,None,Normal,5: Lying down (controlled)
1790275528.5516078,11262,Person 24,65.0,3420.2,320.0,3423.64,1.1,True,Active,ArslanAzad,None,Normal,5: Lying down (controlled)
1790275528.6213346,11263,Person 24,66.7,3420.7,240.0,3422.56,1.04,True,Active,ArslanAzad,None,Normal,5: Lying down (controlled)
1790275528.7150576,11264,Person 24,67.0,3420.8,-320.0,3418.43,0.91,True,Active,ArslanAzad,None,Normal,5: Lying down (controlled)
1790275528.8556921,11265,Person 24,66.3,3420.9,320.0,3417.35,0.82,True,Active,ArslanAzad,None,Normal,5: Lying down (controlled)
1790275528.9181666,11266,Person 24,64.2,3420.6,240.0,3416.25,0.69,True,Active,ArslanAzad,None,Normal,5: Lying down (controlled)
1790275528.9806623,11267,Person 24,60.9,3420.3,320.0,3417.18,0.59,True,Active,ArslanAzad,None,Normal,5: Lying down (controlled)
1790275529.0953543,11268,Person 24,57.3,3420.1,240.0,3419.18,0.59,True,Active,ArslanAzad,None,Normal,5: Lying down (controlled)
1790275529.1578507,11269,Person 24,52.7,3419.7,240.0,3419.15,0.54,True,Active,ArslanAzad,None,Normal,5: Lying down (controlled)
1790275529.2515788,11270,Person 24,48.2,3419.3,320.0,3419.18,0.59,True,Active,ArslanAzad,None,Normal,5: Lying down (controlled)
1790275529.3609624,11271,Person 24,44.5,3419.0,560.0,3420.19,0.6,True,Active,ArslanAzad,None,Normal,5: Lying down (controlled)
1790275529.4234357,11272,Person 24,41.1,3418.5,240.0,3418.15,0.54,True,Active,ArslanAzad,None,Normal,5: Lying down (controlled)
1790275529.517201,11273,Person 24,38.0,3418.0,320.0,3417.14,0.52,True,Active,ArslanAzad,None,Normal,5: Lying down (controlled)
1790275529.6299527,11274,Person 24,36.6,3417.9,240.0,3417.23,0.67,True,Active,ArslanAzad,None,Normal,5: Lying down (controlled)
1790275529.6924489,11275,Person 24,36.6,3417.7,560.0,3415.35,0.82,True,Active,ArslanAzad,None,Normal,5: Lying down (controlled)
1790275529.7862115,11276,Person 24,38.2,3417.9,320.0,3418.48,0.96,True,Active,ArslanAzad,None,Normal,5: Lying down (controlled)
1790275529.9111829,11277,Person 24,40.8,3418.3,240.0,3421.54,1.02,True,Active,ArslanAzad,None,Normal,5: Lying down (controlled)
1790275529.9580545,11278,Person 24,43.5,3418.7,320.0,3423.56,1.04,True,Active,ArslanAzad,None,Normal,5: Lying down (controlled)
1790275530.0518174,11279,Person 24,47.0,3419.4,320.0,3426.66,1.12,True,Active,ArslanAzad,None,Normal,5: Lying down (controlled)
1790275530.133088,11280,Person 24,50.0,3420.1,560.0,3426.62,1.09,True,Active,ArslanAzad,None,Normal,5: Lying down (controlled)
1790275530.2268298,11281,Person 24,52.8,3420.7,320.0,3426.6,1.07,True,Active,ArslanAzad,None,Normal,5: Lying down (controlled)
1790275530.3205738,11282,Person 24,55.4,3421.6,390.0,3427.49,0.97,True,Active,ArslanAzad,None,Normal,5: Lying down (controlled)
1790275530.3987136,11283,Person 24,57.7,3422.6,240.0,3427.43,0.9,True,Active,ArslanAzad,None,Normal,5: Lying down (controlled)
1790275530.5080616,11284,Person 24,58.7,3423.4,160.0,3425.36,0.84,True,Active,ArslanAzad,None,Normal,5: Lying down (controlled)
1790275530.5733287,11285,Person 24,58.8,3424.3,320.0,3424.37,0.84,True,Active,ArslanAzad,None,Normal,5: Lying down (controlled)
1790275530.6827197,11286,Person 24,58.4,3424.9,240.0,3424.41,0.89,True,Active,ArslanAzad,None,Normal,5: Lying down (controlled)
1790275530.776465,11287,Person 24,58.3,3425.2,320.0,3424.53,1.0,True,Active,ArslanAzad,None,Normal,5: Lying down (controlled)
1790275530.8389587,11288,Person 24,59.1,3425.5,240.0,3426.72,1.17,True,Active,ArslanAzad,None,Normal,5: Lying down (controlled)
1790275530.979574,11289,Person 24,60.2,3425.8,240.0,3429.89,1.3,True,Active,ArslanAzad,None,Normal,5: Lying down (controlled)
1790275531.0264463,11290,Person 24,61.9,3426.0,320.0,3428.98,1.37,True,Active,ArslanAzad,None,Normal,5: Lying down (controlled)
1790275531.1240466,11291,Person 24,63.8,3426.1,560.0,3428.0,1.39,True,Active,ArslanAzad,None,Normal,5: Lying down (controlled)
1790275531.2021677,11292,Person 24,65.8,3425.8,240.0,3424.89,1.3,True,Active,ArslanAzad,None,Normal,5: Lying down (controlled)
1790275531.2959108,11293,Person 24,67.8,3425.3,320.0,3422.8,1.24,True,Active,ArslanAzad,None,Normal,5: Lying down (controlled)
1790275531.3740315,11294,Person 24,70.1,3424.4,0.0,3416.78,1.22,True,Active,ArslanAzad,None,Normal,5: Lying down (controlled)
1790275531.4677727,11295,Person 24,72.3,3423.3,240.0,3413.76,1.21,True,Active,ArslanAzad,None,Normal,5: Lying down (controlled)
1790275531.5814767,11296,Person 24,74.3,3422.3,320.0,3414.78,1.22,True,Active,ArslanAzad,None,Normal,5: Lying down (controlled)
1790275531.6595986,11297,Person 24,75.7,3421.6,560.0,3417.8,1.24,True,Active,ArslanAzad,None,Normal,5: Lying down (controlled)
1790275531.7377203,11298,Person 24,76.5,3420.9,240.0,3419.89,1.31,True,Active,ArslanAzad,None,Normal,5: Lying down (controlled)
1790275531.8314648,11299,Person 24,76.7,3420.2,320.0,3422.93,1.34,True,Active,ArslanAzad,None,Normal,5: Lying down (controlled)
1790275531.9408514,11300,Person 24,76.2,3419.8,560.0,3424.87,1.29,True,Active,ArslanAzad,None,Normal,5: Lying down (controlled)
1790275532.0189514,11301,Person 24,75.2,3419.3,560.0,3422.78,1.22,True,Active,ArslanAzad,None,Normal,5: Lying down (controlled)
1790275532.097071,11302,Person 24,74.4,3418.7,-160.0,3418.72,1.17,True,Active,ArslanAzad,None,Normal,5: Lying down (controlled)
1790275532.20644,11303,Person 24,74.3,3418.1,240.0,3416.78,1.22,True,Active,ArslanAzad,None,Normal,5: Lying down (controlled)
1790275532.3158062,11304,Person 24,74.2,3417.7,-240.0,3412.76,1.21,True,Active,ArslanAzad,None,Normal,5: Lying down (controlled)
1790275532.378301,11305,Person 24,74.3,3417.7,320.0,3413.78,1.23,True,Active,ArslanAzad,None,Normal,5: Lying down (controlled)
1790275532.472043,11306,Person 24,74.3,3417.9,240.0,3416.78,1.22,True,Active,ArslanAzad,None,Normal,5: Lying down (controlled)
1790275532.5501628,11307,Person 24,73.7,3417.9,240.0,3417.68,1.14,True,Active,ArslanAzad,None,Normal,5: Lying down (controlled)
1790275532.6204824,11308,Person 24,72.4,3417.9,320.0,3419.62,1.09,True,Active,ArslanAzad,None,Normal,5: Lying down (controlled)
1790275532.7142262,11309,Person 24,70.8,3417.5,240.0,3418.6,1.07,True,Active,ArslanAzad,None,Normal,5: Lying down (controlled)
1790275532.8079894,11310,Person 24,69.3,3416.7,320.0,3416.56,1.04,True,Active,ArslanAzad,None,Normal,5: Lying down (controlled)
1790275532.9173563,11311,Person 24,68.3,3416.0,320.0,3415.58,1.06,True,Active,ArslanAzad,None,Normal,5: Lying down (controlled)
1790275532.995455,11312,Person 24,68.3,3415.6,240.0,3414.72,1.17,True,Active,ArslanAzad,None,Normal,5: Lying down (controlled)
1790275533.0735762,11313,Person 24,68.5,3415.3,560.0,3413.82,1.26,True,Active,ArslanAzad,None,Normal,5: Lying down (controlled)
1790275533.186102,11314,Person 24,69.6,3415.7,320.0,3417.01,1.39,True,Active,ArslanAzad,None,Normal,5: Lying down (controlled)
1790275533.2954667,11315,Person 24,71.1,3416.2,560.0,3419.13,1.47,True,Active,ArslanAzad,None,Normal,5: Lying down (controlled)
1790275533.3579643,11316,Person 24,72.2,3416.6,320.0,3421.03,1.41,True,Active,ArslanAzad,None,Normal,5: Lying down (controlled)
1790275533.436082,11317,Person 24,73.6,3417.3,560.0,3424.98,1.37,True,Active,ArslanAzad,None,Normal,5: Lying down (controlled)
1790275533.5142014,11318,Person 24,74.7,3417.8,560.0,3424.84,1.27,True,Active,ArslanAzad,None,Normal,5: Lying down (controlled)
1790275533.5951395,11319,Person 24,75.6,3418.3,320.0,3423.78,1.22,True,Active,ArslanAzad,None,Normal,5: Lying down (controlled)
1790275533.7201357,11320,Person 24,76.3,3419.3,240.0,3426.69,1.15,True,Active,ArslanAzad,None,Normal,5: Lying down (controlled)
1790275533.7982738,11321,Person 24,76.8,3420.4,240.0,3426.67,1.14,True,Active,ArslanAzad,None,Normal,5: Lying down (controlled)
1790275533.8919992,11322,Person 24,77.0,3421.7,320.0,3427.76,1.2,True,Active,ArslanAzad,None,Normal,5: Lying down (controlled)
1790275533.9701183,11323,Person 24,77.7,3423.3,320.0,3429.98,1.37,True,Active,ArslanAzad,None,Normal,5: Lying down (controlled)
1790275534.0482378,11324,Person 24,78.6,3424.8,240.0,3432.23,1.54,True,Active,ArslanAzad,None,Normal,5: Lying down (controlled)
1790275534.1848571,11325,Person 24,78.9,3426.3,320.0,3434.21,1.52,True,Active,ArslanAzad,None,Normal,5: Lying down (controlled)
1790275534.2473364,11326,Person 24,79.6,3427.7,240.0,3435.21,1.52,True,Active,ArslanAzad,None,Normal,5: Lying down (controlled)
1790275534.3254516,11327,Person 24,79.9,3428.7,240.0,3435.05,1.42,True,Active,ArslanAzad,None,Normal,5: Lying down (controlled)
1790275534.4035916,11328,Person 24,80.7,3429.7,320.0,3435.03,1.4,True,Active,ArslanAzad,None,Normal,5: Lying down (controlled)
1790275534.4973156,11329,Person 24,81.5,3430.9,560.0,3435.95,1.35,True,Active,ArslanAzad,None,Normal,5: Lying down (controlled)
1790275534.6094806,11330,Person 24,82.3,3431.5,560.0,3432.86,1.29,True,Active,ArslanAzad,None,Normal,5: Lying down (controlled)
1790275534.7032475,11331,Person 24,83.1,3431.8,390.0,3429.84,1.27,True,Active,ArslanAzad,None,Normal,5: Lying down (controlled)
1790275534.7657251,11332,Person 24,84.6,3432.0,240.0,3430.1,1.45,True,Active,ArslanAzad,None,Normal,5: Lying down (controlled)
1790275534.8594873,11333,Person 24,86.3,3431.9,560.0,3429.43,1.65,True,Active,ArslanAzad,None,Normal,5: Lying down (controlled)
1790275534.9471307,11334,Person 24,88.1,3431.7,320.0,3430.76,1.84,True,Active,ArslanAzad,None,Normal,5: Lying down (controlled)
1790275535.0242832,11335,Person 24,91.0,3431.5,240.0,3433.1,2.0,True,Active,ArslanAzad,None,Normal,5: Lying down (controlled)
1790275535.1292737,11336,Person 24,94.4,3431.4,240.0,3435.27,2.09,True,Active,ArslanAzad,None,Normal,5: Lying down (controlled)
1790275535.2230175,11337,Person 24,99.5,3431.5,320.0,3437.69,2.27,True,Active,ArslanAzad,None,Normal,5: Lying down (controlled)
1790275535.3011584,11338,Person 24,105.3,3431.8,560.0,3439.93,2.37,True,Active,ArslanAzad,None,Normal,5: Lying down (controlled)
1790275535.4105062,11339,Person 24,111.2,3431.9,320.0,3438.85,2.33,True,Active,ArslanAzad,None,Normal,5: Lying down (controlled)
1790275535.4730022,11340,Person 24,117.1,3432.5,320.0,3440.69,2.27,True,Active,ArslanAzad,None,Normal,5: Lying down (controlled)
1790275535.566743,11341,Person 24,122.3,3433.3,240.0,3439.38,2.13,True,Active,ArslanAzad,None,Normal,5: Lying down (controlled)
1790275535.664218,11342,Person 24,125.7,3433.8,560.0,3436.13,2.02,True,Active,ArslanAzad,None,Normal,5: Lying down (controlled)
1790275535.7423327,11343,Person 24,127.6,3434.4,320.0,3436.03,1.97,True,Active,ArslanAzad,None,Normal,5: Lying down (controlled)
1790275535.8517017,11344,Person 24,127.9,3434.6,560.0,3432.86,1.89,True,Active,ArslanAzad,None,Normal,5: Lying down (controlled)
1790275535.914198,11345,Person 24,127.1,3434.5,320.0,3431.83,1.87,True,Active,ArslanAzad,None,Normal,5: Lying down (controlled)
1790275536.023565,11346,Person 24,126.1,3434.3,240.0,3432.93,1.92,True,Active,ArslanAzad,None,Normal,5: Lying down (controlled)
1790275536.121287,11347,Person 24,124.3,3433.9,240.0,3433.03,1.97,True,Active,ArslanAzad,None,Normal,5: Lying down (controlled)
1790275536.1837862,11348,Person 24,122.4,3433.2,320.0,3432.2,2.05,True,Active,ArslanAzad,None,Normal,5: Lying down (controlled)
1790275536.2619078,11349,Person 24,121.5,3432.7,240.0,3433.5,2.19,True,Active,ArslanAzad,None,Normal,5: Lying down (controlled)
1790275536.3868976,11350,Person 24,121.6,3432.0,240.0,3433.73,2.29,True,Active,ArslanAzad,None,Normal,5: Lying down (controlled)
1790275536.465018,11351,Person 24,123.0,3431.5,320.0,3434.94,2.37,True,Active,ArslanAzad,None,Normal,5: Lying down (controlled)
1790275536.5845673,11352,Person 24,125.2,3431.6,240.0,3437.98,2.38,True,Active,ArslanAzad,None,Normal,5: Lying down (controlled)
1790275536.6819863,11353,Person 24,126.9,3431.8,240.0,3438.65,2.25,True,Active,ArslanAzad,None,Normal,5: Lying down (controlled)
1790275536.7288587,11354,Person 24,128.5,3432.4,320.0,3439.42,2.15,True,Active,ArslanAzad,None,Normal,5: Lying down (controlled)
1790275536.8226223,11355,Person 24,129.3,3433.3,240.0,3441.09,2.0,True,Active,ArslanAzad,None,Normal,5: Lying down (controlled)
1790275536.9007201,11356,Person 24,129.0,3434.0,240.0,3439.82,1.87,True,Active,ArslanAzad,None,Normal,5: Lying down (controlled)
1790275536.9944658,11357,Person 24,128.0,3434.8,320.0,3440.7,1.8,True,Active,ArslanAzad,None,Normal,5: Lying down (controlled)
1790275537.0725834,11358,Person 24,126.1,3435.8,560.0,3441.57,1.73,True,Active,ArslanAzad,None,Normal,5: Lying down (controlled)
1790275537.1713462,11359,Person 24,122.7,3436.7,-240.0,3441.37,1.62,True,Active,ArslanAzad,None,Normal,5: Lying down (controlled)
1790275537.2494853,11360,Person 24,118.0,3437.8,390.0,3443.18,1.5,True,Active,ArslanAzad,None,Normal,5: Lying down (controlled)
1790275537.3588316,11361,Person 24,112.4,3438.6,560.0,3441.07,1.43,True,Active,ArslanAzad,None,Normal,5: Lying down (controlled)
1790275537.4369514,11362,Person 24,106.5,3438.7,560.0,3437.03,1.4,True,Active,ArslanAzad,None,Normal,5: Lying down (controlled)
1790275537.5306962,11363,Person 24,101.5,3438.3,320.0,3433.05,1.42,True,Active,ArslanAzad,None,Normal,5: Lying down (controlled)
1790275537.6400614,11364,Person 24,96.9,3437.6,560.0,3431.0,1.39,True,Active,ArslanAzad,None,Normal,5: Lying down (controlled)
1790275537.705887,11365,Person 24,92.7,3436.5,320.0,3428.89,1.3,True,Active,ArslanAzad,None,Normal,5: Lying down (controlled)
1790275537.7996125,11366,Person 24,89.1,3435.3,320.0,3426.84,1.27,True,Active,ArslanAzad,None,Normal,5: Lying down (controlled)
1790275537.8933558,11367,Person 24,85.4,3433.9,560.0,3425.74,1.19,True,Active,ArslanAzad,None,Normal,5: Lying down (controlled)
1790275537.9714959,11368,Person 24,81.7,3432.2,320.0,3423.66,1.12,True,Active,ArslanAzad,None,Normal,5: Lying down (controlled)
1790275538.0495946,11369,Person 24,78.8,3430.5,320.0,3423.68,1.14,True,Active,ArslanAzad,None,Normal,5: Lying down (controlled)
1790275538.1935441,11370,Person 24,76.5,3428.3,240.0,3420.66,1.12,True,Active,ArslanAzad,None,Normal,5: Lying down (controlled)
1790275538.3966749,11371,Person 24,74.2,3426.3,320.0,3420.58,1.06,True,Active,ArslanAzad,None,Normal,5: Lying down (controlled)
1790275538.459171,11372,Person 24,72.0,3424.8,320.0,3421.56,1.04,True,Active,ArslanAzad,None,Normal,5: Lying down (controlled)
1790275538.5060236,11373,Person 24,69.3,3423.6,240.0,3420.49,0.97,True,Active,ArslanAzad,None,Normal,5: Lying down (controlled)
1790275538.7152715,11374,Person 24,66.2,3422.6,320.0,3420.4,0.87,True,Active,ArslanAzad,None,Normal,5: Lying down (controlled)
1790275538.762145,11375,Person 24,63.4,3421.9,240.0,3421.37,0.84,True,Active,ArslanAzad,None,Normal,5: Lying down (controlled)
1790275538.824638,11376,Person 24,60.8,3421.2,240.0,3419.37,0.84,True,Active,ArslanAzad,None,Normal,5: Lying down (controlled)
1790275538.9027555,11377,Person 24,58.9,3420.5,320.0,3418.4,0.87,True,Active,ArslanAzad,None,Normal,5: Lying down (controlled)
1790275538.949629,11378,Person 24,57.3,3420.0,560.0,3418.38,0.85,True,Active,ArslanAzad,None,Normal,5: Lying down (controlled)
1790275539.0121262,11379,Person 24,55.1,3419.1,240.0,3414.31,0.77,True,Active,ArslanAzad,None,Normal,5: Lying down (controlled)
1790275539.0746195,11380,Person 24,52.5,3418.5,320.0,3414.25,0.69,True,Active,ArslanAzad,None,Normal,5: Lying down (controlled)
1790275539.1371167,11381,Person 24,50.2,3418.0,240.0,3415.23,0.67,True,Active,ArslanAzad,None,Normal,5: Lying down (controlled)
1790275539.266412,11382,Person 24,47.8,3417.2,560.0,3413.21,0.64,True,Active,ArslanAzad,None,Normal,5: Lying down (controlled)
1790275539.3132846,11383,Person 24,45.7,3416.6,320.0,3414.2,0.62,True,Active,ArslanAzad,None,Normal,5: Lying down (controlled)
1790275539.4382749,11384,Person 24,44.2,3416.2,560.0,3416.2,0.62,True,Active,ArslanAzad,None,Normal,5: Lying down (controlled)
1790275539.4851458,11385,Person 24,43.0,3415.7,240.0,3416.21,0.64,True,Active,ArslanAzad,None,Normal,5: Lying down (controlled)
1790275539.610137,11386,Person 24,42.1,3415.6,320.0,3418.25,0.69,True,Active,ArslanAzad,None,Normal,5: Lying down (controlled)
1790275539.6928916,11387,Person 24,41.0,3415.7,560.0,3419.25,0.69,True,Active,ArslanAzad,None,Normal,5: Lying down (controlled)
1790275539.755387,11388,Person 24,40.1,3415.6,320.0,3417.26,0.7,True,Active,ArslanAzad,None,Normal,5: Lying down (controlled)
1790275539.8335059,11389,Person 24,39.9,3416.1,320.0,3419.28,0.74,True,Active,ArslanAzad,None,Normal,5: Lying down (controlled)
1790275539.9272494,11390,Person 24,40.1,3416.6,240.0,3419.27,0.72,True,Active,ArslanAzad,None,Normal,5: Lying down (controlled)
1790275540.0366168,11391,Person 24,39.8,3416.8,-240.0,3417.2,0.62,True,Active,ArslanAzad,None,Normal,5: Lying down (controlled)
1790275540.1303394,11392,Person 24,39.4,3417.0,320.0,3415.17,0.57,True,Active,ArslanAzad,None,Normal,5: Lying down (controlled)
1790275540.1955402,11393,Person 24,39.5,3417.1,240.0,3415.21,0.64,True,Active,ArslanAzad,None,Normal,5: Lying down (controlled)
1790275540.320551,11394,Person 24,39.6,3417.0,320.0,3415.21,0.64,True,Active,ArslanAzad,None,Normal,5: Lying down (controlled)
1790275540.367422,11395,Person 24,40.3,3417.0,320.0,3416.3,0.75,True,Active,ArslanAzad,None,Normal,5: Lying down (controlled)
1790275540.4767678,11396,Person 24,40.8,3416.8,560.0,3416.31,0.77,True,Active,ArslanAzad,None,Normal,5: Lying down (controlled)
1790275540.5548894,11397,Person 24,40.8,3416.3,320.0,3414.25,0.69,True,Active,ArslanAzad,None,Normal,5: Lying down (controlled)
1790275540.6330285,11398,Person 24,40.2,3416.0,320.0,3414.19,0.6,True,Active,ArslanAzad,None,Normal,5: Lying down (controlled)
1790275540.7325678,11399,Person 24,39.8,3415.3,240.0,3412.23,0.67,True,Active,ArslanAzad,None,Normal,5: Lying down (controlled)
1790275540.8107083,11400,Person 24,39.7,3414.5,560.0,3411.26,0.71,True,Active,ArslanAzad,None,Normal,5: Lying down (controlled)
1790275540.90443,11401,Person 24,40.9,3413.9,320.0,3411.35,0.82,True,Active,ArslanAzad,None,Normal,5: Lying down (controlled)
1790275540.9981751,11402,Person 24,42.7,3413.4,560.0,3410.4,0.87,True,Active,ArslanAzad,None,Normal,5: Lying down (controlled)
1790275541.0762944,11403,Person 24,43.9,3412.8,320.0,3409.37,0.84,True,Active,ArslanAzad,None,Normal,5: Lying down (controlled)
1790275541.201803,11404,Person 24,44.9,3412.2,240.0,3409.34,0.81,True,Active,ArslanAzad,None,Normal,5: Lying down (controlled)
1790275541.3049986,11405,Person 24,45.2,3411.5,240.0,3409.34,0.81,True,Active,ArslanAzad,None,Normal,5: Lying down (controlled)
1790275541.383121,11406,Person 24,45.1,3410.8,320.0,3409.3,0.76,True,Active,ArslanAzad,None,Normal,5: Lying down (controlled)
1790275541.4456122,11407,Person 24,45.6,3410.4,560.0,3410.31,0.77,True,Active,ArslanAzad,None,Normal,5: Lying down (controlled)
1790275541.5237522,11408,Person 24,46.6,3409.9,240.0,3409.31,0.77,True,Active,ArslanAzad,None,Normal,5: Lying down (controlled)
1790275541.6572814,11409,Person 24,47.1,3409.3,160.0,3406.3,0.76,True,Active,ArslanAzad,None,Normal,5: Lying down (controlled)
1790275541.6995428,11410,Person 24,47.7,3408.7,240.0,3405.34,0.81,True,Active,ArslanAzad,None,Normal,5: Lying down (controlled)
1790275541.8232486,11411,Person 24,47.3,3407.9,560.0,3403.3,0.76,True,Active,ArslanAzad,None,Normal,5: Lying down (controlled)
1790275541.8857408,11412,Person 24,46.7,3407.4,320.0,3405.31,0.77,True,Active,ArslanAzad,None,Normal,5: Lying down (controlled)
1790275541.9638798,11413,Person 24,47.1,3407.2,240.0,3407.43,0.91,True,Active,ArslanAzad,None,Normal,5: Lying down (controlled)
1790275542.073226,11414,Person 24,48.2,3407.3,240.0,3410.51,0.99,True,Active,ArslanAzad,None,Normal,5: Lying down (controlled)
1790275542.1669686,11415,Person 24,49.4,3407.7,320.0,3413.53,1.01,True,Active,ArslanAzad,None,Normal,5: Lying down (controlled)
1790275542.2647133,11416,Person 24,51.3,3408.3,560.0,3415.6,1.07,True,Active,ArslanAzad,None,Normal,5: Lying down (controlled)
1790275542.3272092,11417,Person 24,53.3,3408.8,560.0,3415.64,1.11,True,Active,ArslanAzad,None,Normal,5: Lying down (controlled)
1790275542.405329,11418,Person 24,54.9,3409.5,390.0,3416.56,1.04,True,Active,ArslanAzad,None,Normal,5: Lying down (controlled)
1790275542.4990757,11419,Person 24,56.5,3410.6,240.0,3417.54,1.02,True,Active,ArslanAzad,None,Normal,5: Lying down (controlled)
1790275542.5928173,11420,Person 24,57.6,3411.6,160.0,3415.51,0.99,True,Active,ArslanAzad,None,Normal,5: Lying down (controlled)
1790275542.7178066,11421,Person 24,59.1,3412.8,320.0,3415.53,1.01,True,Active,ArslanAzad,None,Normal,5: Lying down (controlled)
1790275542.7847986,11422,Person 24,61.1,3414.0,240.0,3417.64,1.11,True,Active,ArslanAzad,None,Normal,5: Lying down (controlled)
1790275542.8629174,11423,Person 24,62.7,3415.1,320.0,3418.72,1.17,True,Active,ArslanAzad,None,Normal,5: Lying down (controlled)
1790275542.9410367,11424,Person 24,63.9,3416.1,320.0,3420.74,1.19,True,Active,ArslanAzad,None,Normal,5: Lying down (controlled)
1790275543.0347798,11425,Person 24,64.8,3416.8,240.0,3420.7,1.16,True,Active,ArslanAzad,None,Normal,5: Lying down (controlled)
1790275543.144149,11426,Person 24,65.6,3417.3,320.0,3420.76,1.21,True,Active,ArslanAzad,None,Normal,5: Lying down (controlled)
1790275543.2378917,11427,Person 24,66.4,3418.1,240.0,3423.8,1.24,True,Active,ArslanAzad,None,Normal,5: Lying down (controlled)
1790275543.3080475,11428,Person 24,67.6,3418.9,240.0,3424.8,1.24,True,Active,ArslanAzad,None,Normal,5: Lying down (controlled)
1790275543.3861463,11429,Person 24,68.4,3419.5,-240.0,3423.7,1.15,True,Active,ArslanAzad,None,Normal,5: Lying down (controlled)
1790275543.511137,11430,Person 24,69.3,3420.3,240.0,3423.68,1.14,True,Active,ArslanAzad,None,Normal,5: Lying down (controlled)
1790275543.5892563,11431,Person 24,70.0,3421.1,240.0,3423.66,1.12,True,Active,ArslanAzad,None,Normal,5: Lying down (controlled)
1790275543.6829996,11432,Person 24,70.3,3421.7,320.0,3423.7,1.15,True,Active,ArslanAzad,None,Normal,5: Lying down (controlled)
1790275543.7452252,11433,Person 24,70.9,3422.4,240.0,3425.84,1.27,True,Active,ArslanAzad,None,Normal,5: Lying down (controlled)
1790275543.8397954,11434,Person 24,71.8,3423.0,240.0,3426.93,1.34,True,Active,ArslanAzad,None,Normal,5: Lying down (controlled)
1790275543.9804323,11435,Person 24,72.6,3423.2,-160.0,3422.87,1.29,True,Active,ArslanAzad,None,Normal,5: Lying down (controlled)
1790275544.0429084,11436,Person 24,72.7,3423.3,560.0,3421.78,1.22,True,Active,ArslanAzad,None,Normal,5: Lying down (controlled)
1790275544.121046,11437,Person 24,72.0,3422.9,320.0,3419.66,1.12,True,Active,ArslanAzad,None,Normal,5: Lying down (controlled)
1790275544.199167,11438,Person 24,71.0,3422.3,390.0,3418.6,1.07,True,Active,ArslanAzad,None,Normal,5: Lying down (controlled)
1790275544.301905,11439,Person 24,70.5,3421.8,240.0,3418.6,1.07,True,Active,ArslanAzad,None,Normal,5: Lying down (controlled)
1790275544.3800054,11440,Person 24,69.8,3421.1,560.0,3416.54,1.02,True,Active,ArslanAzad,None,Normal,5: Lying down (controlled)
1790275544.4737499,11441,Person 24,69.4,3420.5,320.0,3417.58,1.06,True,Active,ArslanAzad,None,Normal,5: Lying down (controlled)
1790275544.551866,11442,Person 24,69.0,3420.1,240.0,3419.62,1.09,True,Active,ArslanAzad,None,Normal,5: Lying down (controlled)
1790275544.645612,11443,Person 24,68.3,3419.5,320.0,3419.7,1.16,True,Active,ArslanAzad,None,Normal,5: Lying down (controlled)
1790275544.7237298,11444,Person 24,67.6,3418.9,320.0,3420.78,1.22,True,Active,ArslanAzad,None,Normal,5: Lying down (controlled)
1790275544.8219419,11445,Person 24,68.2,3418.8,240.0,3422.01,1.39,True,Active,ArslanAzad,None,Normal,5: Lying down (controlled)
1790275544.9313092,11446,Person 24,70.4,3418.9,320.0,3423.32,1.59,True,Active,ArslanAzad,None,Normal,5: Lying down (controlled)
1790275545.009428,11447,Person 24,74.5,3419.3,240.0,3424.7,1.81,True,Active,ArslanAzad,None,Normal,5: Lying down (controlled)
1790275545.0875468,11448,Person 24,82.0,3420.3,240.0,3430.82,2.32,True,Active,ArslanAzad,None,Normal,5: Lying down (controlled)
1790275545.1812894,11449,Person 24,87.7,3420.2,-160.0,3419.14,2.03,True,Active,ArslanAzad,None,Normal,5: Lying down (controlled)
1790275545.2782917,11450,Person 24,92.8,3420.1,240.0,3416.84,1.88,True,Active,ArslanAzad,None,Normal,5: Lying down (controlled)
1790275545.3876622,11451,Person 24,96.2,3419.6,240.0,3413.38,1.63,True,Active,ArslanAzad,None,Normal,5: Lying down (controlled)
1790275545.481406,11452,Person 24,95.6,3418.5,320.0,3408.51,0.99,True,Active,ArslanAzad,None,Normal,5: Lying down (controlled)
1790275545.5438979,11453,Person 24,93.5,3417.9,240.0,3413.34,0.81,True,Active,ArslanAzad,None,Normal,5: Lying down (controlled)
1790275545.6220179,11454,Person 24,90.0,3417.2,240.0,3413.21,0.64,True,Active,ArslanAzad,None,Normal,5: Lying down (controlled)
1790275545.7314065,11455,Person 24,85.3,3416.4,320.0,3413.19,0.6,True,Active,ArslanAzad,None,Normal,5: Lying down (controlled)
1790275545.813933,11456,Person 24,79.6,3415.6,240.0,3414.21,0.64,True,Active,ArslanAzad,None,Normal,5: Lying down (controlled)
1790275545.8920302,11457,Person 24,73.2,3414.6,320.0,3413.28,0.74,True,Active,ArslanAzad,None,Normal,5: Lying down (controlled)
1790275545.9701495,11458,Person 24,64.7,3413.3,320.0,3415.43,0.91,True,Active,ArslanAzad,None,Normal,5: Lying down (controlled)
1790275546.0795197,11459,Person 24,59.1,3413.1,240.0,3415.62,1.09,True,Active,ArslanAzad,None,Normal,5: Lying down (controlled)
1790275546.1576366,11460,Person 24,55.4,3413.0,160.0,3414.82,1.26,True,Active,ArslanAzad,None,Normal,5: Lying down (controlled)
1790275546.251402,11461,Person 24,53.7,3413.4,320.0,3416.94,1.34,True,Active,ArslanAzad,None,Normal,5: Lying down (controlled)
1790275546.332888,11462,Person 24,55.9,3414.3,240.0,3417.96,1.36,True,Active,ArslanAzad,None,Normal,5: Lying down (controlled)
1790275546.411007,11463,Person 24,58.9,3414.7,320.0,3417.89,1.31,True,Active,ArslanAzad,None,Normal,5: Lying down (controlled)
1790275546.5047517,11464,Person 24,62.8,3415.2,240.0,3418.87,1.29,True,Active,ArslanAzad,None,Normal,5: Lying down (controlled)
1790275546.645366,11465,Person 24,66.5,3415.6,240.0,3417.78,1.22,True,Active,ArslanAzad,None,Normal,5: Lying down (controlled)
1790275546.7078407,11466,Person 24,69.8,3415.7,320.0,3415.74,1.19,True,Active,ArslanAzad,None,Normal,5: Lying down (controlled)
1790275546.8300931,11467,Person 24,72.8,3415.9,240.0,3415.8,1.24,True,Active,ArslanAzad,None,Normal,5: Lying down (controlled)
1790275546.8925676,11468,Person 24,74.9,3415.8,320.0,3414.82,1.26,True,Active,ArslanAzad,None,Normal,5: Lying down (controlled)
1790275546.955064,11469,Person 24,76.5,3415.8,320.0,3415.96,1.36,True,Active,ArslanAzad,None,Normal,5: Lying down (controlled)
1790275547.0800772,11470,Person 24,77.4,3415.9,240.0,3416.03,1.41,True,Active,ArslanAzad,None,Normal,5: Lying down (controlled)
1790275547.1269286,11471,Person 24,77.8,3415.6,560.0,3414.03,1.41,True,Active,ArslanAzad,None,Normal,5: Lying down (controlled)
1790275547.2675633,11472,Person 24,78.3,3415.4,320.0,3416.08,1.44,True,Active,ArslanAzad,None,Normal,5: Lying down (controlled)
1790275547.3172543,11473,Person 24,78.8,3415.4,240.0,3418.01,1.39,True,Active,ArslanAzad,None,Normal,5: Lying down (controlled)
1790275547.3953953,11474,Person 24,78.8,3415.3,320.0,3417.87,1.29,True,Active,ArslanAzad,None,Normal,5: Lying down (controlled)
1790275547.4891381,11475,Person 24,78.8,3415.4,320.0,3418.78,1.22,True,Active,ArslanAzad,None,Normal,5: Lying down (controlled)
1790275547.5828624,11476,Person 24,78.9,3415.7,240.0,3418.76,1.21,True,Active,ArslanAzad,None,Normal,5: Lying down (controlled)
1790275547.6922486,11477,Person 24,78.6,3415.7,-160.0,3415.74,1.19,True,Active,ArslanAzad,None,Normal,5: Lying down (controlled)
1790275547.7547452,11478,Person 24,78.2,3415.7,240.0,3414.74,1.19,True,Active,ArslanAzad,None,Normal,5: Lying down (controlled)
1790275547.837191,11479,Person 24,77.3,3415.3,240.0,3411.76,1.21,True,Active,ArslanAzad,None,Normal,5: Lying down (controlled)
1790275547.9309347,11480,Person 24,76.4,3414.8,320.0,3410.82,1.26,True,Active,ArslanAzad,None,Normal,5: Lying down (controlled)
1790275548.0246592,11481,Person 24,76.4,3414.6,240.0,3412.03,1.41,True,Active,ArslanAzad,None,Normal,5: Lying down (controlled)
1790275548.134024,11482,Person 24,76.8,3414.2,560.0,3412.19,1.51,True,Active,ArslanAzad,None,Normal,5: Lying down (controlled)
1790275548.1965206,11483,Person 24,77.7,3413.8,320.0,3414.24,1.54,True,Active,ArslanAzad,None,Normal,5: Lying down (controlled)
1790275548.2942135,11484,Person 24,78.8,3413.7,560.0,3417.13,1.48,True,Active,ArslanAzad,None,Normal,5: Lying down (controlled)
1790275548.387982,11485,Person 24,79.6,3413.4,320.0,3415.96,1.36,True,Active,ArslanAzad,None,Normal,5: Lying down (controlled)
1790275548.4660795,11486,Person 24,80.0,3413.3,320.0,3417.85,1.27,True,Active,ArslanAzad,None,Normal,5: Lying down (controlled)
1790275548.5598233,11487,Person 24,79.8,3413.6,560.0,3418.7,1.16,True,Active,ArslanAzad,None,Normal,5: Lying down (controlled)
1790275548.6535888,11488,Person 24,79.1,3414.0,320.0,3418.6,1.07,True,Active,ArslanAzad,None,Normal,5: Lying down (controlled)
1790275548.7317066,11489,Person 24,78.3,3414.7,320.0,3418.6,1.07,True,Active,ArslanAzad,None,Normal,5: Lying down (controlled)
1790275548.8488688,11490,Person 24,77.2,3415.4,240.0,3417.6,1.07,True,Active,ArslanAzad,None,Normal,5: Lying down (controlled)
1790275548.9113436,11491,Person 24,75.4,3415.6,-160.0,3413.64,1.11,True,Active,ArslanAzad,None,Normal,5: Lying down (controlled)
1790275549.0050886,11492,Person 24,73.7,3415.6,240.0,3411.78,1.23,True,Active,ArslanAzad,None,Normal,5: Lying down (controlled)
1790275549.0988517,11493,Person 24,72.3,3415.3,240.0,3410.89,1.31,True,Active,ArslanAzad,None,Normal,5: Lying down (controlled)
1790275549.192595,11494,Person 24,71.4,3414.8,320.0,3411.91,1.33,True,Active,ArslanAzad,None,Normal,5: Lying down (controlled)
1790275549.2707138,11495,Person 24,71.4,3414.7,240.0,3414.96,1.36,True,Active,ArslanAzad,None,Normal,5: Lying down (controlled)
1790275549.3673449,11496,Person 24,71.9,3414.4,240.0,3414.96,1.36,True,Active,ArslanAzad,None,Normal,5: Lying down (controlled)
1790275549.4610653,11497,Person 24,73.4,3414.1,320.0,3416.03,1.41,True,Active,ArslanAzad,None,Normal,5: Lying down (controlled)
1790275549.5391865,11498,Person 24,76.1,3413.8,240.0,3416.21,1.53,True,Active,ArslanAzad,None,Normal,5: Lying down (controlled)
1790275549.6641803,11499,Person 24,79.1,3413.5,320.0,3416.29,1.58,True,Active,ArslanAzad,None,Normal,5: Lying down (controlled)
1790275549.7735453,11500,Person 24,82.5,3413.3,320.0,3416.41,1.64,True,Active,ArslanAzad,None,Normal,5: Lying down (controlled)
1790275549.8402023,11501,Person 24,85.9,3413.5,240.0,3416.46,1.68,True,Active,ArslanAzad,None,Normal,5: Lying down (controlled)
1790275549.9183195,11502,Person 24,88.5,3413.6,-160.0,3413.44,1.66,True,Active,ArslanAzad,None,Normal,5: Lying down (controlled)
1790275549.9964414,11503,Person 24,90.4,3413.8,240.0,3413.38,1.63,True,Active,ArslanAzad,None,Normal,5: Lying down (controlled)
1790275550.0745578,11504,Person 24,91.7,3413.8,240.0,3412.24,1.54,True,Active,ArslanAzad,None,Normal,5: Lying down (controlled)
1790275550.1995702,11505,Person 24,92.6,3413.5,320.0,3412.19,1.51,True,Active,ArslanAzad,None,Normal,5: Lying down (controlled)
1790275550.262045,11506,Person 24,93.7,3413.4,240.0,3414.24,1.54,True,Active,ArslanAzad,None,Normal,5: Lying down (controlled)
1790275550.3446655,11507,Person 24,94.3,3413.3,240.0,3415.19,1.51,True,Active,ArslanAzad,None,Normal,5: Lying down (controlled)
1790275550.4227881,11508,Person 24,94.4,3413.4,320.0,3417.24,1.54,True,Active,ArslanAzad,None,Normal,5: Lying down (controlled)
1790275550.5165503,11509,Person 24,94.8,3413.7,240.0,3419.4,1.64,True,Active,ArslanAzad,None,Normal,5: Lying down (controlled)
1790275550.6102934,11510,Person 24,95.2,3414.1,320.0,3420.52,1.71,True,Active,ArslanAzad,None,Normal,5: Lying down (controlled)
1790275550.7196627,11511,Person 24,95.5,3414.3,-160.0,3418.55,1.73,True,Active,ArslanAzad,None,Normal,5: Lying down (controlled)
1790275550.7821574,11512,Person 24,95.8,3414.9,240.0,3419.52,1.71,True,Active,ArslanAzad,None,Normal,5: Lying down (controlled)
1790275550.8634253,11513,Person 24,95.7,3415.5,-240.0,3419.35,1.61,True,Active,ArslanAzad,None,Normal,5: Lying down (controlled)
1790275550.9727912,11514,Person 24,95.2,3416.3,320.0,3420.11,1.46,True,Active,ArslanAzad,None,Normal,5: Lying down (controlled)
1790275551.050892,11515,Person 24,94.4,3417.2,240.0,3420.98,1.37,True,Active,ArslanAzad,None,Normal,5: Lying down (controlled)
1790275551.160278,11516,Person 24,93.2,3417.8,320.0,3419.94,1.34,True,Active,ArslanAzad,None,Normal,5: Lying down (controlled)
1790275551.2227747,11517,Person 24,92.4,3418.2,240.0,3418.98,1.37,True,Active,ArslanAzad,None,Normal,5: Lying down (controlled)
1790275551.3350394,11518,Person 24,91.8,3418.2,240.0,3417.08,1.44,True,Active,ArslanAzad,None,Normal,5: Lying down (controlled)
1790275551.413139,11519,Person 24,91.0,3417.8,320.0,3415.19,1.51,True,Active,ArslanAzad,None,Normal,5: Lying down (controlled)
1790275551.4912572,11520,Person 24,90.8,3417.2,240.0,3414.46,1.68,True,Active,ArslanAzad,None,Normal,5: Lying down (controlled)
1790275551.6162698,11521,Person 24,91.4,3416.7,240.0,3413.74,1.83,True,Active,ArslanAzad,None,Normal,5: Lying down (controlled)
1790275551.663142,11522,Person 24,91.8,3415.7,-160.0,3409.65,1.78,True,Active,ArslanAzad,None,Normal,5: Lying down (controlled)
1790275551.7568855,11523,Person 24,92.6,3414.4,240.0,3406.59,1.75,True,Active,ArslanAzad,None,Normal,5: Lying down (controlled)
1790275551.8740785,11524,Person 24,93.9,3412.6,240.0,3402.47,1.68,True,Active,ArslanAzad,None,Normal,5: Lying down (controlled)
1790275552.061566,11525,Person 24,95.8,3410.6,320.0,3401.5,1.7,True,Active,ArslanAzad,None,Normal,5: Lying down (controlled)
1790275552.1084366,11526,Person 24,98.0,3408.9,240.0,3403.53,1.72,True,Active,ArslanAzad,None,Normal,5: Lying down (controlled)
1790275552.170933,11527,Person 24,100.0,3407.3,240.0,3403.53,1.72,True,Active,ArslanAzad,None,Normal,5: Lying down (controlled)
1790275552.217785,11528,Person 24,101.5,3406.2,320.0,3406.5,1.7,True,Active,ArslanAzad,None,Normal,5: Lying down (controlled)
1790275552.2959023,11529,Person 24,102.7,3405.4,240.0,3407.53,1.72,True,Active,ArslanAzad,None,Normal,5: Lying down (controlled)
1790275552.3773692,11530,Person 24,103.4,3404.8,320.0,3408.68,1.8,True,Active,ArslanAzad,None,Normal,5: Lying down (controlled)
1790275552.7367187,11531,Person 24,103.8,3404.6,240.0,3411.87,1.9,True,Active,ArslanAzad,None,Normal,5: Lying down (controlled)
1790275552.7679663,11532,Person 24,105.0,3405.2,320.0,3416.04,1.98,True,Active,ArslanAzad,None,Normal,5: Lying down (controlled)
1790275552.831425,11533,Person 24,106.8,3406.5,-240.0,3420.18,2.04,True,Active,ArslanAzad,None,Normal,5: Lying down (controlled)
1790275552.8816633,11534,Person 24,108.8,3408.5,320.0,3423.1,2.01,True,Active,ArslanAzad,None,Normal,5: Lying down (controlled)
1790275552.9441793,11535,Person 24,110.6,3410.5,560.0,3422.07,1.99,True,Active,ArslanAzad,None,Normal,5: Lying down (controlled)
1790275553.0066562,11536,Person 24,111.6,3412.1,320.0,3419.83,1.88,True,Active,ArslanAzad,None,Normal,5: Lying down (controlled)
1790275553.0535283,11537,Person 24,112.2,3413.6,240.0,3418.71,1.81,True,Active,ArslanAzad,None,Normal,5: Lying down (controlled)
1790275553.1160226,11538,Person 24,111.8,3414.5,240.0,3415.38,1.63,True,Active,ArslanAzad,None,Normal,5: Lying down (controlled)
1790275553.1785157,11539,Person 24,110.3,3415.0,320.0,3412.11,1.46,True,Active,ArslanAzad,None,Normal,5: Lying down (controlled)
1790275553.2879047,11540,Person 24,107.6,3415.4,240.0,3411.94,1.34,True,Active,ArslanAzad,None,Normal,5: Lying down (controlled)
1790275553.370317,11541,Person 24,103.7,3415.3,320.0,3409.8,1.24,True,Active,ArslanAzad,None,Normal,5: Lying down (controlled)
1790275553.4484382,11542,Person 24,99.0,3414.6,160.0,3407.74,1.19,True,Active,ArslanAzad,None,Normal,5: Lying down (controlled)
1790275553.5422,11543,Person 24,93.4,3413.2,640.0,3404.64,1.11,True,Active,ArslanAzad,None,Normal,5: Lying down (controlled)
1790275553.620321,11544,Person 24,87.2,3411.0,160.0,3399.49,0.98,True,Active,ArslanAzad,None,Normal,5: Lying down (controlled)
1790275553.7140427,11545,Person 24,80.4,3408.8,320.0,3398.38,0.86,True,Active,ArslanAzad,None,Normal,5: Lying down (controlled)
1790275553.8077865,11546,Person 24,73.8,3406.8,240.0,3398.31,0.78,True,Active,ArslanAzad,None,Normal,5: Lying down (controlled)
1790275553.9043725,11547,Person 24,67.8,3405.1,320.0,3400.34,0.81,True,Active,ArslanAzad,None,Normal,5: Lying down (controlled)
1790275553.9981377,11548,Person 24,63.2,3404.0,240.0,3403.38,0.86,True,Active,ArslanAzad,None,Normal,5: Lying down (controlled)
1790275554.0918617,11549,Person 24,59.9,3403.4,240.0,3405.43,0.91,True,Active,ArslanAzad,None,Normal,5: Lying down (controlled)
1790275554.1543574,11550,Person 24,57.7,3402.9,320.0,3406.49,0.98,True,Active,ArslanAzad,None,Normal,5: Lying down (controlled)
1790275554.263728,11551,Person 24,57.0,3402.6,240.0,3406.66,1.13,True,Active,ArslanAzad,None,Normal,5: Lying down (controlled)
1790275554.4204717,11552,Person 24,57.3,3402.6,320.0,3407.8,1.24,True,Active,ArslanAzad,None,Normal,5: Lying down (controlled)
1790275554.5610886,11553,Person 24,58.6,3402.8,-160.0,3406.92,1.33,True,Active,ArslanAzad,None,Normal,5: Lying down (controlled)
1790275554.5923343,11554,Person 24,60.6,3403.6,240.0,3407.89,1.31,True,Active,ArslanAzad,None,Normal,5: Lying down (controlled)
1790275554.6548297,11555,Person 24,63.2,3404.5,320.0,3407.87,1.29,True,Active,ArslanAzad,None,Normal,5: Lying down (controlled)
1790275554.73295,11556,Person 24,65.8,3405.6,320.0,3409.76,1.21,True,Active,ArslanAzad,None,Normal,5: Lying down (controlled)
1790275554.811067,11557,Person 24,67.9,3406.6,240.0,3410.7,1.16,True,Active,ArslanAzad,None,Normal,5: Lying down (controlled)
1790275554.8793821,11558,Person 24,69.0,3407.4,320.0,3411.56,1.04,True,Active,ArslanAzad,None,Normal,5: Lying down (controlled)
1790275554.9574995,11559,Person 24,69.2,3408.1,240.0,3412.46,0.94,True,Active,ArslanAzad,None,Normal,5: Lying down (controlled)
1790275555.0512645,11560,Person 24,68.1,3408.6,560.0,3411.32,0.79,True,Active,ArslanAzad,None,Normal,5: Lying down (controlled)
1790275555.1606102,11561,Person 24,65.2,3408.9,390.0,3409.21,0.64,True,Active,ArslanAzad,None,Normal,5: Lying down (controlled)
1790275555.2387297,11562,Person 24,61.0,3408.8,240.0,3406.15,0.54,True,Active,ArslanAzad,None,Normal,5: Lying down (controlled)
1790275555.316871,11563,Person 24,56.4,3408.7,320.0,3405.16,0.56,True,Active,ArslanAzad,None,Normal,5: Lying down (controlled)
1790275555.3988438,11564,Person 24,52.7,3408.6,390.0,3406.25,0.69,True,Active,ArslanAzad,None,Normal,5: Lying down (controlled)
1790275555.492606,11565,Person 24,50.2,3408.7,240.0,3408.4,0.87,True,Active,ArslanAzad,None,Normal,5: Lying down (controlled)
1790275555.601952,11566,Person 24,49.2,3408.7,-240.0,3409.56,1.04,True,Active,ArslanAzad,None,Normal,5: Lying down (controlled)
1790275555.6956992,11567,Person 24,48.8,3408.9,320.0,3412.62,1.09,True,Active,ArslanAzad,None,Normal,5: Lying down (controlled)
1790275555.7738373,11568,Person 24,48.9,3409.1,240.0,3413.58,1.06,True,Active,ArslanAzad,None,Normal,5: Lying down (controlled)
1790275555.8519557,11569,Person 24,48.9,3409.2,320.0,3413.46,0.94,True,Active,ArslanAzad,None,Normal,5: Lying down (controlled)
1790275555.9642422,11570,Person 24,48.9,3409.4,240.0,3413.32,0.79,True,Active,ArslanAzad,None,Normal,5: Lying down (controlled)
1790275556.0423627,11571,Person 24,49.3,3409.7,240.0,3412.26,0.71,True,Active,ArslanAzad,None,Normal,5: Lying down (controlled)
1790275556.1360843,11572,Person 24,50.6,3410.2,320.0,3411.3,0.76,True,Active,ArslanAzad,None,Normal,5: Lying down (controlled)
1790275556.214206,11573,Person 24,52.3,3410.9,240.0,3412.37,0.84,True,Active,ArslanAzad,None,Normal,5: Lying down (controlled)
1790275556.292323,11574,Person 24,53.6,3411.6,320.0,3413.43,0.91,True,Active,ArslanAzad,None,Normal,5: Lying down (controlled)
1790275556.389273,11575,Person 24,54.5,3412.1,390.0,3413.55,1.02,True,Active,ArslanAzad,None,Normal,5: Lying down (controlled)
1790275556.4986188,11576,Person 24,55.4,3412.5,240.0,3413.74,1.19,True,Active,ArslanAzad,None,Normal,5: Lying down (controlled)
1790275556.5767386,11577,Person 24,57.1,3412.5,160.0,3412.99,1.38,True,Active,ArslanAzad,None,Normal,5: Lying down (controlled)
1790275556.6548805,11578,Person 24,59.7,3412.6,320.0,3415.16,1.49,True,Active,ArslanAzad,None,Normal,5: Lying down (controlled)
1790275556.7486231,11579,Person 24,63.3,3412.9,240.0,3417.24,1.54,True,Active,ArslanAzad,None,Normal,5: Lying down (controlled)
1790275556.8267431,11580,Person 24,67.7,3413.2,320.0,3417.21,1.53,True,Active,ArslanAzad,None,Normal,5: Lying down (controlled)
1790275556.939147,11581,Person 24,72.5,3413.5,240.0,3416.19,1.51,True,Active,ArslanAzad,None,Normal,5: Lying down (controlled)
1790275557.0172668,11582,Person 24,76.6,3413.7,560.0,3414.08,1.44,True,Active,ArslanAzad,None,Normal,5: Lying down (controlled)
1790275557.095407,11583,Person 24,79.4,3413.4,-160.0,3409.89,1.31,True,Active,ArslanAzad,None,Normal,5: Lying down (controlled)
1790275557.2047749,11584,Person 24,80.9,3412.7,240.0,3406.7,1.16,True,Active,ArslanAzad,None,Normal,5: Lying down (controlled)
1790275557.282894,11585,Person 24,80.7,3411.6,240.0,3402.51,0.99,True,Active,ArslanAzad,None,Normal,5: Lying down (controlled)
1790275557.3820877,11586,Person 24,78.8,3410.3,390.0,3400.4,0.88,True,Active,ArslanAzad,None,Normal,5: Lying down (controlled)
1790275557.4602103,11587,Person 24,75.7,3409.1,240.0,3400.38,0.86,True,Active,ArslanAzad,None,Normal,5: Lying down (controlled)
1790275557.5383334,11588,Person 24,71.8,3407.7,160.0,3400.37,0.84,True,Active,ArslanAzad,None,Normal,5: Lying down (controlled)
1790275557.647697,11589,Person 24,66.7,3406.3,320.0,3402.25,0.69,True,Active,ArslanAzad,None,Normal,5: Lying down (controlled)
1790275557.8039582,11590,Person 24,61.1,3405.3,240.0,3406.18,0.59,True,Active,ArslanAzad,None,Normal,5: Lying down (controlled)
1790275557.866434,11591,Person 24,55.2,3404.4,320.0,3406.14,0.52,True,Active,ArslanAzad,None,Normal,5: Lying down (controlled)
1790275557.9332674,11592,Person 24,49.7,3403.8,320.0,3407.14,0.52,True,Active,ArslanAzad,None,Normal,5: Lying down (controlled)
1790275558.0113657,11593,Person 24,44.9,3403.6,560.0,3407.13,0.5,True,Active,ArslanAzad,None,Normal,5: Lying down (controlled)
1790275558.0895083,11594,Person 24,40.7,3403.7,390.0,3407.11,0.45,True,Active,ArslanAzad,None,Normal,5: Lying down (controlled)
1790275558.1676047,11595,Person 24,37.1,3404.6,240.0,3411.08,0.39,True,Active,ArslanAzad,None,Normal,5: Lying down (controlled)
1790275558.2769718,11596,Person 24,33.8,3405.9,560.0,3413.05,0.32,True,Active,ArslanAzad,None,Normal,5: Lying down (controlled)
1790275558.3550925,11597,Person 24,30.6,3407.4,390.0,3415.05,0.32,True,Active,ArslanAzad,None,Normal,5: Lying down (controlled)
1790275558.4363778,11598,Person 24,28.0,3408.7,560.0,3413.08,0.4,True,Active,ArslanAzad,None,Normal,5: Lying down (controlled)
1790275558.5301423,11599,Person 24,26.4,3409.5,560.0,3410.09,0.42,True,Active,ArslanAzad,None,Normal,5: Lying down (controlled)
1790275558.63949,11600,Person 24,25.8,3409.6,320.0,3407.12,0.49,True,Active,ArslanAzad,None,Normal,5: Lying down (controlled)
1790275558.7019844,11601,Person 24,25.8,3409.6,560.0,3406.14,0.52,True,Active,ArslanAzad,None,Normal,5: Lying down (controlled)
1790275558.82698,11602,Person 24,25.3,3409.4,320.0,3405.1,0.44,True,Active,ArslanAzad,None,Normal,5: Lying down (controlled)
1790275558.9314613,11603,Person 24,24.5,3409.2,240.0,3405.07,0.37,True,Active,ArslanAzad,None,Normal,5: Lying down (controlled)
1790275558.978354,11604,Person 24,23.8,3408.9,560.0,3404.06,0.34,True,Active,ArslanAzad,None,Normal,5: Lying down (controlled)
1790275559.0877206,11605,Person 24,22.8,3408.0,-160.0,3402.02,0.22,True,Active,ArslanAzad,None,Normal,5: Lying down (controlled)
1790275559.1970687,11606,Person 24,21.8,3406.8,240.0,3401.01,0.15,True,Active,ArslanAzad,None,Normal,5: Lying down (controlled)
1790275559.290814,11607,Person 24,19.7,3405.1,240.0,3398.0,-0.03,True,Active,ArslanAzad,None,Normal,5: Lying down (controlled)
1790275559.353306,11608,Person 24,16.2,3403.3,160.0,3395.02,-0.19,True,Active,ArslanAzad,None,Normal,5: Lying down (controlled)
1790275559.4044874,11609,Person 24,12.1,3401.7,240.0,3394.04,-0.27,True,Active,ArslanAzad,None,Normal,5: Lying down (controlled)
1790275559.4982548,11610,Person 24,7.0,3400.1,560.0,3391.07,-0.37,True,Active,ArslanAzad,None,Normal,5: Lying down (controlled)
1790275559.6232274,11611,Person 24,1.3,3398.7,320.0,3392.1,-0.44,True,Active,ArslanAzad,None,Normal,5: Lying down (controlled)
1790275559.7013476,11612,Person 24,-3.5,3397.6,240.0,3394.07,-0.37,True,Active,ArslanAzad,None,Normal,5: Lying down (controlled)
1790275559.7638428,11613,Person 24,-7.5,3396.6,320.0,3395.05,-0.3,True,Active,ArslanAzad,None,Normal,5: Lying down (controlled)
1790275559.8888528,11614,Person 24,-10.3,3396.0,240.0,3398.01,-0.13,True,Active,ArslanAzad,None,Normal,5: Lying down (controlled)
1790275559.940227,11615,Person 24,-11.7,3395.7,240.0,3399.0,-0.02,True,Active,ArslanAzad,None,Normal,5: Lying down (controlled)
1790275560.0495918,11616,Person 24,-12.4,3395.3,-160.0,3397.0,0.03,True,Active,ArslanAzad,None,Normal,5: Lying down (controlled)
1790275560.1277144,11617,Person 24,-11.4,3395.3,240.0,3398.01,0.13,True,Active,ArslanAzad,None,Normal,5: Lying down (controlled)
1790275560.2058306,11618,Person 24,-8.4,3395.7,320.0,3399.05,0.32,True,Active,ArslanAzad,None,Normal,5: Lying down (controlled)
1790275560.3152187,11619,Person 24,-4.0,3396.3,-160.0,3400.12,0.47,True,Active,ArslanAzad,None,Normal,5: Lying down (controlled)
1790275560.3933198,11620,Person 24,1.5,3397.6,240.0,3404.16,0.56,True,Active,ArslanAzad,None,Normal,5: Lying down (controlled)
1790275560.4909818,11621,Person 24,7.5,3398.9,-240.0,3405.17,0.57,True,Active,ArslanAzad,None,Normal,5: Lying down (controlled)
1790275560.5691044,11622,Person 24,12.7,3400.3,320.0,3408.13,0.5,True,Active,ArslanAzad,None,Normal,5: Lying down (controlled)
1790275560.678468,11623,Person 24,17.2,3401.7,240.0,3409.11,0.45,True,Active,ArslanAzad,None,Normal,5: Lying down (controlled)
1790275560.7409873,11624,Person 24,20.1,3402.8,320.0,3409.06,0.35,True,Active,ArslanAzad,None,Normal,5: Lying down (controlled)
1790275560.834729,11625,Person 24,21.9,3403.8,240.0,3409.04,0.29,True,Active,ArslanAzad,None,Normal,5: Lying down (controlled)
1790275560.942408,11626,Person 24,23.1,3404.8,240.0,3407.03,0.24,True,Active,ArslanAzad,None,Normal,5: Lying down (controlled)
1790275561.0361521,11627,Person 24,23.0,3405.4,-160.0,3404.01,0.12,True,Active,ArslanAzad,None,Normal,5: Lying down (controlled)
1790275561.1142726,11628,Person 24,21.3,3405.6,240.0,3401.0,0.03,True,Active,ArslanAzad,None,Normal,5: Lying down (controlled)
1790275561.2080145,11629,Person 24,18.1,3405.5,320.0,3399.0,-0.07,True,Active,ArslanAzad,None,Normal,5: Lying down (controlled)
1790275561.3017583,11630,Person 24,13.1,3404.8,160.0,3397.04,-0.29,True,Active,ArslanAzad,None,Normal,5: Lying down (controlled)
1790275561.3642542,11631,Person 24,6.7,3403.8,240.0,3395.13,-0.51,True,Active,ArslanAzad,None,Normal,5: Lying down (controlled)
1790275561.465699,11632,Person 24,-1.0,3402.0,-240.0,3390.33,-0.79,True,Active,ArslanAzad,None,Normal,5: Lying down (controlled)
1790275561.5438151,11633,Person 24,-13.1,3398.8,320.0,3378.31,-1.59,True,Active,ArslanAzad,None,Normal,5: Lying down (controlled)
1790275561.6531618,11634,Person 24,-23.7,3395.6,240.0,3378.07,-1.44,True,Active,ArslanAzad,None,Normal,5: Lying down (controlled)
1790275561.7156794,11635,Person 24,-33.1,3392.5,320.0,3378.88,-1.31,True,Active,ArslanAzad,None,Normal,5: Lying down (controlled)
1790275561.8094227,11636,Person 24,-40.5,3389.8,240.0,3380.53,-1.02,True,Active,ArslanAzad,None,Normal,5: Lying down (controlled)
1790275561.921653,11637,Person 24,-42.4,3388.1,240.0,3387.02,-0.2,True,Active,ArslanAzad,None,Normal,5: Lying down (controlled)
1790275561.999775,11638,Person 24,-42.7,3386.5,-160.0,3385.0,-0.02,True,Active,ArslanAzad,None,Normal,5: Lying down (controlled)
1790275562.0779161,11639,Person 24,-41.1,3384.9,240.0,3383.02,0.2,True,Active,ArslanAzad,None,Normal,5: Lying down (controlled)
1790275562.1716602,11640,Person 24,-38.0,3383.4,320.0,3382.03,0.24,True,Active,ArslanAzad,None,Normal,5: Lying down (controlled)
1790275562.2810268,11641,Person 24,-33.9,3381.9,-160.0,3380.02,0.19,True,Active,ArslanAzad,None,Normal,5: Lying down (controlled)
1790275562.3435013,11642,Person 24,-28.3,3380.9,240.0,3380.01,0.15,True,Active,ArslanAzad,None,Normal,5: Lying down (controlled)
1790275562.4401002,11643,Person 24,-18.7,3381.2,240.0,3380.0,0.03,True,Active,ArslanAzad,None,Normal,5: Lying down (controlled)
1790275562.5650914,11644,Person 24,-10.3,3381.8,320.0,3383.0,-0.02,True,Active,ArslanAzad,None,Normal,5: Lying down (controlled)
1790275562.6119437,11645,Person 24,-2.6,3382.6,240.0,3386.0,0.0,True,Active,ArslanAzad,None,Normal,5: Lying down (controlled)
1790275562.705706,11646,Person 24,3.4,3383.5,320.0,3389.0,0.0,True,Active,ArslanAzad,None,Normal,5: Lying down (controlled)
1790275562.8150518,11647,Person 24,5.2,3384.1,240.0,3393.01,0.1,True,Active,ArslanAzad,None,Normal,5: Lying down (controlled)
1790275562.8775475,11648,Person 24,6.0,3385.1,240.0,3395.01,0.12,True,Active,ArslanAzad,None,Normal,5: Lying down (controlled)
1790275562.9919314,11649,Person 24,4.7,3386.1,-160.0,3393.0,-0.02,True,Active,ArslanAzad,None,Normal,5: Lying down (controlled)
1790275563.0544279,11650,Person 24,2.4,3387.0,240.0,3391.01,-0.15,True,Active,ArslanAzad,None,Normal,5: Lying down (controlled)
1790275563.1794012,11651,Person 24,-0.1,3388.1,320.0,3391.03,-0.24,True,Active,ArslanAzad,None,Normal,5: Lying down (controlled)
1790275563.2575197,11652,Person 24,-2.4,3389.2,390.0,3391.03,-0.24,True,Active,ArslanAzad,None,Normal,5: Lying down (controlled)
1790275563.3512816,11653,Person 24,-3.3,3390.6,240.0,3394.01,-0.12,True,Active,ArslanAzad,None,Normal,5: Lying down (controlled)
1790275563.4293592,11654,Person 24,-3.2,3392.0,-160.0,3397.0,0.0,True,Active,ArslanAzad,None,Normal,5: Lying down (controlled)
1790275563.5101242,11655,Person 24,-2.9,3393.4,320.0,3400.0,0.05,True,Active,ArslanAzad,None,Normal,5: Lying down (controlled)
1790275563.6195118,11656,Person 24,-2.3,3394.6,240.0,3401.01,0.1,True,Active,ArslanAzad,None,Normal,5: Lying down (controlled)
1790275563.6976104,11657,Person 24,-1.9,3395.4,320.0,3401.01,0.17,True,Active,ArslanAzad,None,Normal,5: Lying down (controlled)
1790275563.7601068,11658,Person 24,-1.0,3396.3,240.0,3404.04,0.27,True,Active,ArslanAzad,None,Normal,5: Lying down (controlled)
1790275563.869494,11659,Person 24,1.1,3397.5,240.0,3405.06,0.34,True,Active,ArslanAzad,None,Normal,5: Lying down (controlled)
1790275563.9516075,11660,Person 24,4.0,3398.8,-160.0,3404.06,0.34,True,Active,ArslanAzad,None,Normal,5: Lying down (controlled)
1790275564.0453317,11661,Person 24,7.6,3400.3,240.0,3406.07,0.37,True,Active,ArslanAzad,None,Normal,5: Lying down (controlled)
1790275564.1390738,11662,Person 24,10.9,3401.7,320.0,3405.05,0.32,True,Active,ArslanAzad,None,Normal,5: Lying down (controlled)
1790275564.2171931,11663,Person 24,13.5,3402.8,390.0,3405.05,0.32,True,Active,ArslanAzad,None,Normal,5: Lying down (controlled)
1790275564.310957,11664,Person 24,15.4,3403.7,240.0,3406.05,0.32,True,Active,ArslanAzad,None,Normal,5: Lying down (controlled)
1790275564.3890772,11665,Person 24,16.6,3404.1,-240.0,3404.03,0.25,True,Active,ArslanAzad,None,Normal,5: Lying down (controlled)
1790275564.5011957,11666,Person 24,17.3,3404.6,320.0,3406.02,0.22,True,Active,ArslanAzad,None,Normal,5: Lying down (controlled)
1790275564.5792947,11667,Person 24,17.6,3405.3,240.0,3408.02,0.22,True,Active,ArslanAzad,None,Normal,5: Lying down (controlled)
1790275564.657413,11668,Person 24,17.0,3405.9,320.0,3410.01,0.17,True,Active,ArslanAzad,None,Normal,5: Lying down (controlled)
1790275564.7511773,11669,Person 24,16.2,3406.6,240.0,3412.02,0.2,True,Active,ArslanAzad,None,Normal,5: Lying down (controlled)
1790275564.8605464,11670,Person 24,15.0,3407.4,240.0,3412.01,0.13,True,Active,ArslanAzad,None,Normal,5: Lying down (controlled)
1790275564.9430203,11671,Person 24,13.8,3408.1,320.0,3413.01,0.17,True,Active,ArslanAzad,None,Normal,5: Lying down (controlled)
1790275565.0211434,11672,Person 24,13.4,3409.1,240.0,3415.03,0.25,True,Active,ArslanAzad,None,Normal,5: Lying down (controlled)
1790275565.1148863,11673,Person 24,13.2,3410.2,320.0,3416.04,0.29,True,Active,ArslanAzad,None,Normal,5: Lying down (controlled)
1790275565.2242758,11674,Person 24,13.4,3411.4,320.0,3418.06,0.35,True,Active,ArslanAzad,None,Normal,5: Lying down (controlled)
1790275565.2867498,11675,Person 24,14.2,3412.9,240.0,3419.08,0.39,True,Active,ArslanAzad,None,Normal,5: Lying down (controlled)
1790275565.396119,11676,Person 24,15.6,3414.2,320.0,3419.11,0.45,True,Active,ArslanAzad,None,Normal,5: Lying down (controlled)
1790275565.492947,11677,Person 24,17.3,3415.4,320.0,3420.13,0.5,True,Active,ArslanAzad,None,Normal,5: Lying down (controlled)
1790275565.5554438,11678,Person 24,19.5,3416.4,240.0,3420.15,0.54,True,Active,ArslanAzad,None,Normal,5: Lying down (controlled)
1790275565.6648312,11679,Person 24,21.2,3417.2,320.0,3420.12,0.49,True,Active,ArslanAzad,None,Normal,5: Lying down (controlled)
1790275565.727328,11680,Person 24,23.2,3418.0,240.0,3420.11,0.47,True,Active,ArslanAzad,None,Normal,5: Lying down (controlled)
1790275565.8366766,11681,Person 24,24.3,3418.5,240.0,3418.06,0.35,True,Active,ArslanAzad,None,Normal,5: Lying down (controlled)
1790275565.9147944,11682,Person 24,24.2,3418.7,320.0,3417.03,0.23,True,Active,ArslanAzad,None,Normal,5: Lying down (controlled)
1790275565.996537,11683,Person 24,23.8,3418.7,240.0,3416.02,0.22,True,Active,ArslanAzad,None,Normal,5: Lying down (controlled)
1790275566.1059046,11684,Person 24,23.7,3418.3,320.0,3414.06,0.34,True,Active,ArslanAzad,None,Normal,5: Lying down (controlled)
1790275566.168401,11685,Person 24,24.7,3417.8,240.0,3414.16,0.55,True,Active,ArslanAzad,None,Normal,5: Lying down (controlled)
1790275566.2621448,11686,Person 24,26.5,3417.2,240.0,3413.3,0.76,True,Active,ArslanAzad,None,Normal,5: Lying down (controlled)
1790275566.387138,11687,Person 24,28.0,3416.2,-160.0,3410.3,0.76,True,Active,ArslanAzad,None,Normal,5: Lying down (controlled)
1790275566.4340076,11688,Person 24,29.3,3414.5,0.0,3403.3,0.76,True,Active,ArslanAzad,None,Normal,5: Lying down (controlled)
1790275566.577509,11689,Person 24,30.4,3412.4,240.0,3399.24,0.67,True,Active,ArslanAzad,None,Normal,5: Lying down (controlled)
1790275566.6614647,11690,Person 24,31.2,3410.2,320.0,3398.19,0.61,True,Active,ArslanAzad,None,Normal,5: Lying down (controlled)
1790275566.7239804,11691,Person 24,32.9,3408.4,240.0,3400.21,0.64,True,Active,ArslanAzad,None,Normal,5: Lying down (controlled)
1790275566.8020997,11692,Person 24,35.1,3406.9,240.0,3402.19,0.61,True,Active,ArslanAzad,None,Normal,5: Lying down (controlled)
1790275566.9270906,11693,Person 24,37.7,3405.8,320.0,3405.22,0.66,True,Active,ArslanAzad,None,Normal,5: Lying down (controlled)
1790275566.986877,11694,Person 24,40.6,3405.1,240.0,3407.35,0.82,True,Active,ArslanAzad,None,Normal,5: Lying down (controlled)
1790275567.064996,11695,Person 24,43.0,3404.4,320.0,3407.48,0.96,True,Active,ArslanAzad,None,Normal,5: Lying down (controlled)
1790275567.1430957,11696,Person 24,45.2,3404.0,240.0,3409.66,1.13,True,Active,ArslanAzad,None,Normal,5: Lying down (controlled)
1790275567.2368584,11697,Person 24,48.3,3403.9,240.0,3409.85,1.28,True,Active,ArslanAzad,None,Normal,5: Lying down (controlled)
1790275567.3306015,11698,Person 24,51.6,3404.4,160.0,3408.89,1.31,True,Active,ArslanAzad,None,Normal,5: Lying down (controlled)
1790275567.4924028,11699,Person 24,56.0,3405.2,240.0,3408.04,1.41,True,Active,ArslanAzad,None,Normal,5: Lying down (controlled)
1790275567.5705192,11700,Person 24,60.5,3405.9,-240.0,3405.96,1.36,True,Active,ArslanAzad,None,Normal,5: Lying down (controlled)
1790275567.6330147,11701,Person 24,65.1,3406.2,320.0,3404.04,1.41,True,Active,ArslanAzad,None,Normal,5: Lying down (controlled)
1790275567.6955094,11702,Person 24,70.1,3406.5,240.0,3406.09,1.45,True,Active,ArslanAzad,None,Normal,5: Lying down (controlled)
1790275567.8205218,11703,Person 24,74.9,3406.4,320.0,3405.11,1.46,True,Active,ArslanAzad,None,Normal,5: Lying down (controlled)
1790275567.8673728,11704,Person 24,79.1,3406.4,240.0,3408.22,1.53,True,Active,ArslanAzad,None,Normal,5: Lying down (controlled)
1790275567.9959042,11705,Person 24,82.9,3406.4,240.0,3408.32,1.6,True,Active,ArslanAzad,None,Normal,5: Lying down (controlled)
1790275568.0427556,11706,Person 24,85.9,3406.4,320.0,3410.38,1.63,True,Active,ArslanAzad,None,Normal,5: Lying down (controlled)
1790275568.1677673,11707,Person 24,88.5,3406.6,240.0,3412.52,1.71,True,Active,ArslanAzad,None,Normal,5: Lying down (controlled)
1790275568.21462,11708,Person 24,91.4,3407.2,320.0,3415.68,1.8,True,Active,ArslanAzad,None,Normal,5: Lying down (controlled)
1790275568.324006,11709,Person 24,94.2,3408.3,320.0,3419.83,1.88,True,Active,ArslanAzad,None,Normal,5: Lying down (controlled)
1790275568.4177296,11710,Person 24,98.2,3409.9,240.0,3423.14,2.03,True,Active,ArslanAzad,None,Normal,5: Lying down (controlled)
1790275568.4830306,11711,Person 24,102.8,3411.9,-160.0,3425.47,2.17,True,Active,ArslanAzad,None,Normal,5: Lying down (controlled)
1790275568.5767977,11712,Person 24,108.2,3413.8,320.0,3426.86,2.34,True,Active,ArslanAzad,None,Normal,5: Lying down (controlled)
1790275568.6705408,11713,Person 24,114.0,3415.8,240.0,3427.07,2.42,True,Active,ArslanAzad,None,Normal,5: Lying down (controlled)
1790275568.7798877,11714,Person 24,119.6,3417.4,320.0,3426.15,2.46,True,Active,ArslanAzad,None,Normal,5: Lying down (controlled)
1790275568.8424046,11715,Person 24,125.2,3419.0,240.0,3426.33,2.53,True,Active,ArslanAzad,None,Normal,5: Lying down (controlled)
1790275568.951751,11716,Person 24,130.9,3420.3,240.0,3425.46,2.58,True,Active,ArslanAzad,None,Normal,5: Lying down (controlled)
1790275569.0175936,11717,Person 24,136.2,3421.3,320.0,3424.51,2.59,True,Active,ArslanAzad,None,Normal,5: Lying down (controlled)
1790275569.126982,11718,Person 24,141.3,3422.1,240.0,3425.65,2.64,True,Active,ArslanAzad,None,Normal,5: Lying down (controlled)
1790275569.2050805,11719,Person 24,145.8,3422.5,320.0,3425.6,2.63,True,Active,ArslanAzad,None,Normal,5: Lying down (controlled)
1790275569.2988243,11720,Person 24,149.6,3422.8,390.0,3427.69,2.66,True,Active,ArslanAzad,None,Normal,5: Lying down (controlled)
1790275569.3925896,11721,Person 24,152.9,3422.8,240.0,3426.88,2.73,True,Active,ArslanAzad,None,Normal,5: Lying down (controlled)
1790275569.4872563,11722,Person 24,155.4,3422.5,-240.0,3424.98,2.76,True,Active,ArslanAzad,None,Normal,5: Lying down (controlled)
1790275569.5528142,11723,Person 24,157.7,3422.2,320.0,3425.12,2.81,True,Active,ArslanAzad,None,Normal,5: Lying down (controlled)
1790275569.6465778,11724,Person 24,159.8,3422.2,240.0,3427.12,2.81,True,Active,ArslanAzad,None,Normal,5: Lying down (controlled)
1790275569.7559445,11725,Person 24,161.7,3422.3,320.0,3428.22,2.84,True,Active,ArslanAzad,None,Normal,5: Lying down (controlled)
1790275569.8340435,11726,Person 24,163.4,3422.9,240.0,3432.26,2.86,True,Active,ArslanAzad,None,Normal,5: Lying down (controlled)
1790275569.9277875,11727,Person 24,165.1,3423.6,240.0,3432.31,2.87,True,Active,ArslanAzad,None,Normal,5: Lying down (controlled)
1790275570.0100174,11728,Person 24,166.2,3424.3,320.0,3433.16,2.82,True,Active,ArslanAzad,None,Normal,5: Lying down (controlled)
1790275570.088137,11729,Person 24,167.5,3425.0,240.0,3433.21,2.84,True,Active,ArslanAzad,None,Normal,5: Lying down (controlled)
1790275570.1975236,11730,Person 24,168.5,3425.6,320.0,3434.16,2.82,True,Active,ArslanAzad,None,Normal,5: Lying down (controlled)
1790275570.2756264,11731,Person 24,169.3,3426.5,320.0,3436.26,2.85,True,Active,ArslanAzad,None,Normal,5: Lying down (controlled)
1790275570.3693647,11732,Person 24,170.4,3427.7,240.0,3437.51,2.93,True,Active,ArslanAzad,None,Normal,5: Lying down (controlled)
1790275570.4474845,11733,Person 24,171.6,3429.0,-160.0,3438.71,3.0,True,Active,ArslanAzad,None,Normal,5: Lying down (controlled)
1790275570.559885,11734,Person 24,173.0,3430.2,320.0,3439.82,3.03,True,Active,ArslanAzad,None,Normal,5: Lying down (controlled)
1790275570.6223598,11735,Person 24,174.0,3431.2,240.0,3438.71,3.0,True,Active,ArslanAzad,None,Normal,5: Lying down (controlled)
1790275570.7317288,11736,Person 24,174.7,3431.7,320.0,3437.61,2.97,True,Active,ArslanAzad,None,Normal,5: Lying down (controlled)
1790275570.8098469,11737,Person 24,175.4,3432.1,240.0,3436.66,2.99,True,Active,ArslanAzad,None,Normal,5: Lying down (controlled)
1790275570.9036121,11738,Person 24,176.3,3432.3,240.0,3435.61,2.97,True,Active,ArslanAzad,None,Normal,5: Lying down (controlled)
1790275570.9817092,11739,Person 24,177.1,3432.3,320.0,3433.62,2.97,True,Active,ArslanAzad,None,Normal,5: Lying down (controlled)
1790275571.0806978,11740,Person 24,178.2,3432.2,240.0,3433.72,3.0,True,Active,ArslanAzad,None,Normal,5: Lying down (controlled)
1790275571.174442,11741,Person 24,179.2,3431.8,320.0,3432.78,3.02,True,Active,ArslanAzad,None,Normal,5: Lying down (controlled)
1790275571.2525403,11742,Person 24,180.3,3431.2,320.0,3432.1,3.12,True,Active,ArslanAzad,None,Normal,5: Lying down (controlled)
1790275571.3306818,11743,Person 24,181.7,3430.4,240.0,3431.49,3.24,True,Active,ArslanAzad,None,Normal,5: Lying down (controlled)
1790275571.4244235,11744,Person 24,183.4,3429.3,-240.0,3429.78,3.33,True,Active,ArslanAzad,None,Normal,5: Lying down (controlled)
1790275571.5580366,11745,Person 24,186.2,3428.4,320.0,3431.31,3.48,True,Active,ArslanAzad,None,Normal,5: Lying down (controlled)
1790275571.604907,11746,Person 24,189.8,3427.7,240.0,3432.68,3.57,True,Active,ArslanAzad,None,Normal,5: Lying down (controlled)
1790275571.698671,11747,Person 24,193.1,3427.0,320.0,3431.55,3.54,True,Active,ArslanAzad,None,Normal,5: Lying down (controlled)
1790275571.8236463,11748,Person 24,196.3,3426.7,240.0,3434.43,3.51,True,Active,ArslanAzad,None,Normal,5: Lying down (controlled)
1790275571.901765,11749,Person 24,199.0,3426.6,240.0,3434.12,3.42,True,Active,ArslanAzad,None,Normal,5: Lying down (controlled)
1790275571.9642572,11750,Person 24,201.2,3426.7,320.0,3435.94,3.37,True,Active,ArslanAzad,None,Normal,5: Lying down (controlled)
1790275572.0454633,11751,Person 24,203.3,3427.2,240.0,3438.94,3.37,True,Active,ArslanAzad,None,Normal,5: Lying down (controlled)
1790275572.1704538,11752,Person 24,204.8,3427.9,320.0,3439.94,3.37,True,Active,ArslanAzad,None,Normal,5: Lying down (controlled)
1790275572.2329502,11753,Person 24,205.3,3428.4,-160.0,3436.77,3.32,True,Active,ArslanAzad,None,Normal,5: Lying down (controlled)
1790275572.3423169,11754,Person 24,205.2,3428.7,240.0,3432.72,3.31,True,Active,ArslanAzad,None,Normal,5: Lying down (controlled)
1790275572.4047935,11755,Person 24,203.8,3428.4,-160.0,3427.49,3.24,True,Active,ArslanAzad,None,Normal,5: Lying down (controlled)
1790275572.518503,11756,Person 24,201.7,3427.8,320.0,3425.44,3.23,True,Active,ArslanAzad,None,Normal,5: Lying down (controlled)
1790275572.5810037,11757,Person 24,199.5,3427.3,240.0,3425.27,3.18,True,Active,ArslanAzad,None,Normal,5: Lying down (controlled)
1790275572.69039,11758,Person 24,197.1,3426.5,320.0,3425.05,3.11,True,Active,ArslanAzad,None,Normal,5: Lying down (controlled)
1790275572.784112,11759,Person 24,195.1,3425.8,240.0,3426.0,3.1,True,Active,ArslanAzad,None,Normal,5: Lying down (controlled)
1790275572.8466096,11760,Person 24,193.2,3424.8,240.0,3424.89,3.06,True,Active,ArslanAzad,None,Normal,5: Lying down (controlled)
1790275572.955997,11761,Person 24,191.3,3423.6,320.0,3425.89,3.06,True,Active,ArslanAzad,None,Normal,5: Lying down (controlled)
1790275573.021416,11762,Person 24,189.9,3422.5,240.0,3428.16,3.14,True,Active,ArslanAzad,None,Normal,5: Lying down (controlled)
1790275573.1151628,11763,Person 24,189.3,3421.9,-160.0,3430.43,3.23,True,Active,ArslanAzad,None,Normal,5: Lying down (controlled)
1790275573.2245512,11764,Person 24,189.9,3422.1,320.0,3435.06,3.4,True,Active,ArslanAzad,None,Normal,5: Lying down (controlled)
1790275573.2870276,11765,Person 24,191.8,3423.1,240.0,3438.6,3.55,True,Active,ArslanAzad,None,Normal,5: Lying down (controlled)
1790275573.380793,11766,Person 24,194.1,3424.4,-160.0,3439.79,3.6,True,Active,ArslanAzad,None,Normal,5: Lying down (controlled)
1790275573.4745338,11767,Person 24,197.1,3426.1,240.0,3444.03,3.66,True,Active,ArslanAzad,None,Normal,5: Lying down (controlled)
1790275573.5572574,11768,Person 24,200.6,3427.9,560.0,3445.1,3.68,True,Active,ArslanAzad,None,Normal,5: Lying down (controlled)
1790275573.6510007,11769,Person 24,203.9,3429.5,320.0,3443.91,3.63,True,Active,ArslanAzad,None,Normal,5: Lying down (controlled)
1790275573.775977,11770,Person 24,207.4,3431.1,240.0,3442.91,3.63,True,Active,ArslanAzad,None,Normal,5: Lying down (controlled)
1790275573.8384883,11771,Person 24,210.4,3432.2,240.0,3438.6,3.55,True,Active,ArslanAzad,None,Normal,5: Lying down (controlled)
1790275573.9266584,11772,Person 24,212.6,3432.7,320.0,3434.43,3.51,True,Active,ArslanAzad,None,Normal,5: Lying down (controlled)
1790275574.0047982,11773,Person 24,214.2,3432.7,240.0,3431.37,3.49,True,Active,ArslanAzad,None,Normal,5: Lying down (controlled)
1790275574.1230965,11774,Person 24,214.6,3432.1,320.0,3429.31,3.48,True,Active,ArslanAzad,None,Normal,5: Lying down (controlled)
1790275574.1855922,11775,Person 24,214.3,3431.3,320.0,3430.43,3.51,True,Active,ArslanAzad,None,Normal,5: Lying down (controlled)
1790275574.2793138,11776,Person 24,213.8,3430.3,240.0,3429.5,3.53,True,Active,ArslanAzad,None,Normal,5: Lying down (controlled)
1790275574.37306,11777,Person 24,212.5,3428.8,160.0,3428.26,3.46,True,Active,ArslanAzad,None,Normal,5: Lying down (controlled)
1790275574.4511771,11778,Person 24,211.1,3427.5,320.0,3431.25,3.46,True,Active,ArslanAzad,None,Normal,5: Lying down (controlled)
1790275574.5857785,11779,Person 24,209.8,3426.4,240.0,3432.13,3.42,True,Active,ArslanAzad,None,Normal,5: Lying down (controlled)
1790275574.63265,11780,Person 24,207.9,3425.4,320.0,3431.77,3.32,True,Active,ArslanAzad,None,Normal,5: Lying down (controlled)
1790275574.7263744,11781,Person 24,206.1,3424.9,240.0,3432.54,3.26,True,Active,ArslanAzad,None,Normal,5: Lying down (controlled)
1790275574.8201168,11782,Person 24,204.0,3424.7,240.0,3431.21,3.16,True,Active,ArslanAzad,None,Normal,5: Lying down (controlled)
1790275574.8982348,11783,Person 24,201.8,3424.6,320.0,3429.1,3.13,True,Active,ArslanAzad,None,Normal,5: Lying down (controlled)
1790275575.0076222,11784,Person 24,200.0,3424.8,240.0,3430.27,3.18,True,Active,ArslanAzad,None,Normal,5: Lying down (controlled)
1790275575.0729203,11785,Person 24,198.2,3424.9,320.0,3430.38,3.21,True,Active,ArslanAzad,None,Normal,5: Lying down (controlled)
1790275575.1666632,11786,Person 24,196.1,3424.8,-160.0,3427.27,3.18,True,Active,ArslanAzad,None,Normal,5: Lying down (controlled)
1790275575.2760308,11787,Person 24,193.8,3424.6,240.0,3424.95,3.08,True,Active,ArslanAzad,None,Normal,5: Lying down (controlled)
1790275575.338527,11788,Person 24,190.1,3423.7,-160.0,3420.23,2.85,True,Active,ArslanAzad,None,Normal,5: Lying down (controlled)
1790275575.4322913,11789,Person 24,185.2,3422.4,320.0,3416.56,2.62,True,Active,ArslanAzad,None,Normal,5: Lying down (controlled)
1790275575.5456884,11790,Person 24,179.3,3420.8,240.0,3412.87,2.35,True,Active,ArslanAzad,None,Normal,5: Lying down (controlled)
1790275575.608187,11791,Person 24,169.9,3418.6,320.0,3406.5,1.7,True,Active,ArslanAzad,None,Normal,5: Lying down (controlled)
1790275575.7332,11792,Person 24,160.8,3417.4,240.0,3415.41,1.64,True,Active,ArslanAzad,None,Normal,5: Lying down (controlled)
1790275575.7956736,11793,Person 24,151.9,3416.6,240.0,3417.41,1.64,True,Active,ArslanAzad,None,Normal,5: Lying down (controlled)
1790275575.9206858,11794,Person 24,143.0,3415.7,320.0,3417.49,1.69,True,Active,ArslanAzad,None,Normal,5: Lying down (controlled)
1790275575.9831617,11795,Person 24,134.3,3415.0,240.0,3419.61,1.76,True,Active,ArslanAzad,None,Normal,5: Lying down (controlled)
1790275576.0718572,11796,Person 24,126.5,3414.7,320.0,3420.83,1.88,True,Active,ArslanAzad,None,Normal,5: Lying down (controlled)
1790275576.181229,11797,Person 24,120.0,3414.5,-160.0,3420.07,1.99,True,Active,ArslanAzad,None,Normal,5: Lying down (controlled)
1790275576.2593453,11798,Person 24,115.3,3415.1,240.0,3424.21,2.06,True,Active,ArslanAzad,None,Normal,5: Lying down (controlled)
1790275576.3374636,11799,Person 24,111.9,3416.1,-240.0,3425.17,2.04,True,Active,ArslanAzad,None,Normal,5: Lying down (controlled)
1790275576.4156046,11800,Person 24,109.3,3417.7,320.0,3427.9,1.91,True,Active,ArslanAzad,None,Normal,5: Lying down (controlled)
1790275576.493705,11801,Person 24,110.0,3419.9,240.0,3428.7,1.81,True,Active,ArslanAzad,None,Normal,5: Lying down (controlled)
1790275576.5920265,11802,Person 24,110.3,3421.0,240.0,3426.49,1.69,True,Active,ArslanAzad,None,Normal,5: Lying down (controlled)
1790275576.7326412,11803,Person 24,109.4,3421.7,0.0,3424.16,1.49,True,Active,ArslanAzad,None,Normal,5: Lying down (controlled)
1790275576.7795138,11804,Person 24,107.3,3422.2,240.0,3421.94,1.34,True,Active,ArslanAzad,None,Normal,5: Lying down (controlled)
1790275576.8732557,11805,Person 24,104.7,3422.3,320.0,3419.91,1.32,True,Active,ArslanAzad,None,Normal,5: Lying down (controlled)
1790275576.9357514,11806,Person 24,101.4,3422.1,160.0,3417.91,1.32,True,Active,ArslanAzad,None,Normal,5: Lying down (controlled)
1790275577.0294964,11807,Person 24,97.4,3421.8,320.0,3415.91,1.33,True,Active,ArslanAzad,None,Normal,5: Lying down (controlled)
1790275577.1588774,11808,Person 24,92.8,3420.9,160.0,3413.87,1.29,True,Active,ArslanAzad,None,Normal,5: Lying down (controlled)
1790275577.2213717,11809,Person 24,88.5,3419.9,240.0,3413.91,1.33,True,Active,ArslanAzad,None,Normal,5: Lying down (controlled)
1790275577.299491,11810,Person 24,84.8,3418.5,240.0,3412.87,1.29,True,Active,ArslanAzad,None,Normal,5: Lying down (controlled)
1790275577.424463,11811,Person 24,82.0,3417.2,320.0,3414.94,1.34,True,Active,ArslanAzad,None,Normal,5: Lying down (controlled)
1790275577.4869778,11812,Person 24,79.9,3416.4,240.0,3417.94,1.34,True,Active,ArslanAzad,None,Normal,5: Lying down (controlled)
1790275577.616941,11813,Person 24,78.7,3416.1,240.0,3420.87,1.29,True,Active,ArslanAzad,None,Normal,5: Lying down (controlled)
1790275577.6638098,11814,Person 24,78.5,3416.2,320.0,3422.89,1.31,True,Active,ArslanAzad,None,Normal,5: Lying down (controlled)
1790275577.7575529,11815,Person 24,78.1,3416.6,240.0,3423.82,1.26,True,Active,ArslanAzad,None,Normal,5: Lying down (controlled)
1790275577.8356528,11816,Person 24,76.9,3417.0,-160.0,3421.66,1.12,True,Active,ArslanAzad,None,Normal,5: Lying down (controlled)
1790275577.94504,11817,Person 24,74.5,3417.5,160.0,3420.44,0.92,True,Active,ArslanAzad,None,Normal,5: Lying down (controlled)
1790275578.0075364,11818,Person 24,71.1,3417.9,240.0,3417.27,0.72,True,Active,ArslanAzad,None,Normal,5: Lying down (controlled)
1790275578.1040902,11819,Person 24,66.9,3417.8,-160.0,3412.2,0.62,True,Active,ArslanAzad,None,Normal,5: Lying down (controlled)
1790275578.18221,11820,Person 24,62.7,3417.4,240.0,3408.18,0.59,True,Active,ArslanAzad,None,Normal,5: Lying down (controlled)
1790275578.2915971,11821,Person 24,57.6,3416.4,240.0,3404.12,0.49,True,Active,ArslanAzad,None,Normal,5: Lying down (controlled)
1790275578.369716,11822,Person 24,52.4,3414.8,320.0,3401.12,0.47,True,Active,ArslanAzad,None,Normal,5: Lying down (controlled)
1790275578.447835,11823,Person 24,48.3,3413.0,240.0,3402.19,0.61,True,Active,ArslanAzad,None,Normal,5: Lying down (controlled)
1790275578.5572042,11824,Person 24,44.8,3411.2,240.0,3404.27,0.72,True,Active,ArslanAzad,None,Normal,5: Lying down (controlled)
1790275578.6381578,11825,Person 24,42.5,3409.4,320.0,3405.4,0.87,True,Active,ArslanAzad,None,Normal,5: Lying down (controlled)
1790275578.7162776,11826,Person 24,41.7,3407.8,240.0,3405.51,0.99,True,Active,ArslanAzad,None,Normal,5: Lying down (controlled)
1790275578.8100424,11827,Person 24,42.9,3406.3,320.0,3405.66,1.13,True,Active,ArslanAzad,None,Normal,5: Lying down (controlled)
1790275578.8881624,11828,Person 24,46.3,3405.2,240.0,3406.87,1.3,True,Active,ArslanAzad,None,Normal,5: Lying down (controlled)
1790275578.9975286,11829,Person 24,51.2,3404.8,320.0,3409.08,1.45,True,Active,ArslanAzad,None,Normal,5: Lying down (controlled)
1790275579.0784032,11830,Person 24,55.5,3404.4,-160.0,3404.89,1.31,True,Active,ArslanAzad,None,Normal,5: Lying down (controlled)
1790275579.1565464,11831,Person 24,59.3,3404.1,240.0,3401.66,1.13,True,Active,ArslanAzad,None,Normal,5: Lying down (controlled)
1790275579.2658975,11832,Person 24,62.0,3403.8,240.0,3398.45,0.93,True,Active,ArslanAzad,None,Normal,5: Lying down (controlled)
1790275579.344034,11833,Person 24,62.9,3403.4,320.0,3398.3,0.76,True,Active,ArslanAzad,None,Normal,5: Lying down (controlled)
1790275579.4221535,11834,Person 24,62.5,3402.9,240.0,3399.22,0.66,True,Active,ArslanAzad,None,Normal,5: Lying down (controlled)
1790275579.5471451,11835,Person 24,60.4,3402.3,240.0,3399.14,0.52,True,Active,ArslanAzad,None,Normal,5: Lying down (controlled)
1790275579.6124504,11836,Person 24,57.0,3401.8,320.0,3400.09,0.42,True,Active,ArslanAzad,None,Normal,5: Lying down (controlled)
1790275579.7374406,11837,Person 24,52.7,3401.4,240.0,3401.08,0.4,True,Active,ArslanAzad,None,Normal,5: Lying down (controlled)
1790275579.784292,11838,Person 24,47.2,3400.8,320.0,3400.07,0.37,True,Active,ArslanAzad,None,Normal,5: Lying down (controlled)
1790275579.8936796,11839,Person 24,41.1,3400.1,240.0,3401.09,0.42,True,Active,ArslanAzad,None,Normal,5: Lying down (controlled)
1790275579.9717805,11840,Person 24,36.0,3399.7,320.0,3400.11,0.45,True,Active,ArslanAzad,None,Normal,5: Lying down (controlled)
1790275580.0839336,11841,Person 24,32.7,3399.7,320.0,3401.17,0.57,True,Active,ArslanAzad,None,Normal,5: Lying down (controlled)
1790275580.1620576,11842,Person 24,31.2,3400.3,240.0,3404.24,0.67,True,Active,ArslanAzad,None,Normal,5: Lying down (controlled)
1790275580.2401752,11843,Person 24,31.0,3401.1,-160.0,3406.27,0.72,True,Active,ArslanAzad,None,Normal,5: Lying down (controlled)
1790275580.3495634,11844,Person 24,31.2,3402.1,320.0,3409.25,0.69,True,Active,ArslanAzad,None,Normal,5: Lying down (controlled)
1790275580.4432905,11845,Person 24,32.3,3403.2,240.0,3410.26,0.71,True,Active,ArslanAzad,None,Normal,5: Lying down (controlled)
1790275580.537035,11846,Person 24,33.8,3404.1,320.0,3409.23,0.67,True,Active,ArslanAzad,None,Normal,5: Lying down (controlled)
1790275580.5867548,11847,Person 24,35.4,3404.8,240.0,3408.23,0.67,True,Active,ArslanAzad,None,Normal,5: Lying down (controlled)
1790275580.6961458,11848,Person 24,37.3,3405.4,240.0,3406.25,0.69,True,Active,ArslanAzad,None,Normal,5: Lying down (controlled)
1790275580.7742448,11849,Person 24,38.9,3405.9,320.0,3406.25,0.69,True,Active,ArslanAzad,None,Normal,5: Lying down (controlled)
1790275580.8680086,11850,Person 24,40.8,3406.4,240.0,3405.31,0.77,True,Active,ArslanAzad,None,Normal,5: Lying down (controlled)
1790275580.9461286,11851,Person 24,42.2,3406.7,320.0,3404.34,0.81,True,Active,ArslanAzad,None,Normal,5: Lying down (controlled)
1790275581.0398738,11852,Person 24,43.7,3406.7,320.0,3404.44,0.93,True,Active,ArslanAzad,None,Normal,5: Lying down (controlled)
1790275581.121345,11853,Person 24,45.5,3406.3,240.0,3402.55,1.03,True,Active,ArslanAzad,None,Normal,5: Lying down (controlled)
1790275581.215067,11854,Person 24,47.9,3405.3,160.0,3399.62,1.1,True,Active,ArslanAzad,None,Normal,5: Lying down (controlled)
1790275581.3244562,11855,Person 24,50.3,3404.4,320.0,3401.64,1.11,True,Active,ArslanAzad,None,Normal,5: Lying down (controlled)
1790275581.3869321,11856,Person 24,52.5,3403.6,560.0,3401.57,1.04,True,Active,ArslanAzad,None,Normal,5: Lying down (controlled)
1790275581.4806945,11857,Person 24,54.6,3403.0,320.0,3402.55,1.03,True,Active,ArslanAzad,None,Normal,5: Lying down (controlled)
1790275581.5942953,11858,Person 24,57.4,3402.9,240.0,3405.7,1.16,True,Active,ArslanAzad,None,Normal,5: Lying down (controlled)
1790275581.660484,11859,Person 24,60.8,3403.0,240.0,3407.83,1.26,True,Active,ArslanAzad,None,Normal,5: Lying down (controlled)
1790275581.7542274,11860,Person 24,64.9,3403.3,320.0,3409.11,1.46,True,Active,ArslanAzad,None,Normal,5: Lying down (controlled)
1790275581.8479483,11861,Person 24,69.7,3403.7,240.0,3409.35,1.61,True,Active,ArslanAzad,None,Normal,5: Lying down (controlled)
1790275581.9260705,11862,Person 24,74.2,3404.0,320.0,3408.47,1.68,True,Active,ArslanAzad,None,Normal,5: Lying down (controlled)
1790275582.0198324,11863,Person 24,77.9,3404.3,160.0,3406.41,1.65,True,Active,ArslanAzad,None,Normal,5: Lying down (controlled)
1790275582.112835,11864,Person 24,80.4,3404.6,240.0,3403.19,1.52,True,Active,ArslanAzad,None,Normal,5: Lying down (controlled)
1790275582.1909325,11865,Person 24,81.6,3404.3,-160.0,3398.9,1.31,True,Active,ArslanAzad,None,Normal,5: Lying down (controlled)
1790275582.2846785,11866,Person 24,81.9,3403.9,240.0,3397.62,1.1,True,Active,ArslanAzad,None,Normal,5: Lying down (controlled)
1790275582.3784218,11867,Person 24,80.8,3403.2,240.0,3395.37,0.84,True,Active,ArslanAzad,None,Normal,5: Lying down (controlled)
1790275582.45654,11868,Person 24,77.7,3402.1,320.0,3394.21,0.64,True,Active,ArslanAzad,None,Normal,5: Lying down (controlled)
1790275582.550304,11869,Person 24,73.2,3401.2,240.0,3398.13,0.51,True,Active,ArslanAzad,None,Normal,5: Lying down (controlled)
1790275582.6528397,11870,Person 24,67.2,3400.2,240.0,3398.11,0.46,True,Active,ArslanAzad,None,Normal,5: Lying down (controlled)
1790275582.7622077,11871,Person 24,60.6,3399.4,320.0,3400.13,0.51,True,Active,ArslanAzad,None,Normal,5: Lying down (controlled)
1790275582.8403063,11872,Person 24,54.1,3398.8,240.0,3401.18,0.59,True,Active,ArslanAzad,None,Normal,5: Lying down (controlled)
1790275582.9184265,11873,Person 24,48.5,3398.4,320.0,3401.26,0.71,True,Active,ArslanAzad,None,Normal,5: Lying down (controlled)
1790275583.0278134,11874,Person 24,44.2,3398.2,160.0,3400.32,0.79,True,Active,ArslanAzad,None,Normal,5: Lying down (controlled)
1790275583.0746865,11875,Person 24,41.2,3398.2,240.0,3398.34,0.81,True,Active,ArslanAzad,None,Normal,5: Lying down (controlled)
1790275583.1711543,11876,Person 24,39.0,3397.9,160.0,3394.27,0.73,True,Active,ArslanAzad,None,Normal,5: Lying down (controlled)
1790275583.2648985,11877,Person 24,37.9,3397.6,240.0,3392.22,0.66,True,Active,ArslanAzad,None,Normal,5: Lying down (controlled)
1790275583.3742871,11878,Person 24,37.5,3397.2,240.0,3390.17,0.57,True,Active,ArslanAzad,None,Normal,5: Lying down (controlled)
1790275583.4367619,11879,Person 24,37.6,3396.5,320.0,3391.14,0.52,True,Active,ArslanAzad,None,Normal,5: Lying down (controlled)
1790275583.5305252,11880,Person 24,38.5,3396.1,240.0,3394.19,0.61,True,Active,ArslanAzad,None,Normal,5: Lying down (controlled)
1790275583.6113892,11881,Person 24,39.4,3395.8,240.0,3397.22,0.66,True,Active,ArslanAzad,None,Normal,5: Lying down (controlled)
1790275583.7051568,11882,Person 24,40.0,3395.4,-160.0,3397.25,0.69,True,Active,ArslanAzad,None,Normal,5: Lying down (controlled)
1790275583.7832768,11883,Person 24,40.0,3395.0,560.0,3397.26,0.71,True,Active,ArslanAzad,None,Normal,5: Lying down (controlled)
1790275583.892643,11884,Person 24,39.7,3394.5,320.0,3395.29,0.74,True,Active,ArslanAzad,None,Normal,5: Lying down (controlled)
1790275583.9707625,11885,Person 24,39.5,3394.5,320.0,3398.31,0.78,True,Active,ArslanAzad,None,Normal,5: Lying down (controlled)
1790275584.080109,11886,Person 24,40.2,3394.9,240.0,3398.37,0.84,True,Active,ArslanAzad,None,Normal,5: Lying down (controlled)
1790275584.1624684,11887,Person 24,41.5,3395.2,-160.0,3395.4,0.88,True,Active,ArslanAzad,None,Normal,5: Lying down (controlled)
1790275584.2405891,11888,Person 24,43.8,3395.7,240.0,3395.48,0.96,True,Active,ArslanAzad,None,Normal,5: Lying down (controlled)
1790275584.3499763,11889,Person 24,46.4,3395.9,240.0,3393.48,0.96,True,Active,ArslanAzad,None,Normal,5: Lying down (controlled)
1790275584.4280963,11890,Person 24,48.8,3395.8,320.0,3393.53,1.01,True,Active,ArslanAzad,None,Normal,5: Lying down (controlled)
1790275584.5218196,11891,Person 24,51.6,3395.7,240.0,3396.66,1.13,True,Active,ArslanAzad,None,Normal,5: Lying down (controlled)
1790275584.5999374,11892,Person 24,54.8,3395.8,240.0,3398.78,1.23,True,Active,ArslanAzad,None,Normal,5: Lying down (controlled)
1790275584.6822166,11893,Person 24,59.0,3396.1,320.0,3401.04,1.42,True,Active,ArslanAzad,None,Normal,5: Lying down (controlled)
1790275584.8072116,11894,Person 24,63.9,3396.7,240.0,3402.27,1.57,True,Active,ArslanAzad,None,Normal,5: Lying down (controlled)
1790275584.885329,11895,Person 24,68.8,3397.0,320.0,3402.33,1.6,True,Active,ArslanAzad,None,Normal,5: Lying down (controlled)
1790275584.9634466,11896,Person 24,73.7,3397.4,320.0,3403.44,1.67,True,Active,ArslanAzad,None,Normal,5: Lying down (controlled)
1790275585.0884588,11897,Person 24,79.3,3398.1,240.0,3403.71,1.82,True,Active,ArslanAzad,None,Normal,5: Lying down (controlled)
1790275585.1394043,11898,Person 24,85.1,3398.8,160.0,3403.94,1.94,True,Active,ArslanAzad,None,Normal,5: Lying down (controlled)
1790275585.217502,11899,Person 24,91.9,3400.0,320.0,3407.29,2.1,True,Active,ArslanAzad,None,Normal,5: Lying down (controlled)
1790275585.3268697,11900,Person 24,99.0,3401.4,240.0,3409.52,2.2,True,Active,ArslanAzad,None,Normal,5: Lying down (controlled)
1790275585.404989,11901,Person 24,105.2,3402.4,320.0,3408.44,2.17,True,Active,ArslanAzad,None,Normal,5: Lying down (controlled)
1790275585.498732,11902,Person 24,110.5,3403.1,240.0,3407.33,2.12,True,Active,ArslanAzad,None,Normal,5: Lying down (controlled)
1790275585.5924973,11903,Person 24,114.5,3403.6,240.0,3407.26,2.09,True,Active,ArslanAzad,None,Normal,5: Lying down (controlled)
1790275585.7675073,11904,Person 24,117.7,3404.0,320.0,3407.29,2.1,True,Active,ArslanAzad,None,Normal,5: Lying down (controlled)
1790275585.8143759,11905,Person 24,121.6,3404.6,240.0,3409.63,2.25,True,Active,ArslanAzad,None,Normal,5: Lying down (controlled)
1790275585.861249,11906,Person 24,126.1,3405.4,320.0,3413.04,2.42,True,Active,ArslanAzad,None,Normal,5: Lying down (controlled)
1790275585.9393678,11907,Person 24,129.1,3405.8,-160.0,3408.79,2.32,True,Active,ArslanAzad,None,Normal,5: Lying down (controlled)
1790275586.017486,11908,Person 24,130.6,3405.9,240.0,3405.48,2.19,True,Active,ArslanAzad,None,Normal,5: Lying down (controlled)
1790275586.1295946,11909,Person 24,129.8,3405.2,-240.0,3400.01,1.97,True,Active,ArslanAzad,None,Normal,5: Lying down (controlled)
1790275586.2077174,11910,Person 24,127.2,3403.9,320.0,3395.62,1.77,True,Active,ArslanAzad,None,Normal,5: Lying down (controlled)
1790275586.2858593,11911,Person 24,125.0,3402.6,240.0,3394.69,1.81,True,Active,ArslanAzad,None,Normal,5: Lying down (controlled)
1790275586.395207,11912,Person 24,123.2,3401.4,320.0,3394.72,1.82,True,Active,ArslanAzad,None,Normal,5: Lying down (controlled)
1790275586.4576998,11913,Person 24,121.6,3400.4,320.0,3396.72,1.82,True,Active,ArslanAzad,None,Normal,5: Lying down (controlled)
1790275586.551465,11914,Person 24,120.1,3399.6,240.0,3398.78,1.85,True,Active,ArslanAzad,None,Normal,5: Lying down (controlled)
1790275586.6479464,11915,Person 24,117.8,3398.7,320.0,3399.81,1.87,True,Active,ArslanAzad,None,Normal,5: Lying down (controlled)
1790275586.7260866,11916,Person 24,114.9,3397.9,320.0,3403.94,1.94,True,Active,ArslanAzad,None,Normal,5: Lying down (controlled)
1790275586.81983,11917,Person 24,112.9,3397.9,240.0,3408.04,1.98,True,Active,ArslanAzad,None,Normal,5: Lying down (controlled)
1790275586.89795,11918,Person 24,111.3,3397.9,160.0,3404.91,1.92,True,Active,ArslanAzad,None,Normal,5: Lying down (controlled)
1790275587.0229197,11919,Person 24,110.6,3398.3,240.0,3403.78,1.85,True,Active,ArslanAzad,None,Normal,5: Lying down (controlled)
1790275587.0854156,11920,Person 24,110.7,3399.0,240.0,3402.65,1.79,True,Active,ArslanAzad,None,Normal,5: Lying down (controlled)
1790275587.166574,11921,Person 24,110.6,3399.8,320.0,3402.65,1.79,True,Active,ArslanAzad,None,Normal,5: Lying down (controlled)
1790275587.2602954,11922,Person 24,111.0,3400.8,240.0,3404.84,1.89,True,Active,ArslanAzad,None,Normal,5: Lying down (controlled)
1790275587.3540614,11923,Person 24,111.8,3401.8,240.0,3406.98,1.95,True,Active,ArslanAzad,None,Normal,5: Lying down (controlled)
1790275587.4477847,11924,Person 24,113.3,3402.8,320.0,3409.29,2.1,True,Active,ArslanAzad,None,Normal,5: Lying down (controlled)
1790275587.5571718,11925,Person 24,115.3,3403.8,240.0,3410.52,2.2,True,Active,ArslanAzad,None,Normal,5: Lying down (controlled)
1790275587.6196458,11926,Person 24,116.8,3404.3,320.0,3409.48,2.19,True,Active,ArslanAzad,None,Normal,5: Lying down (controlled)
1790275587.7173913,11927,Person 24,117.9,3404.6,320.0,3411.44,2.17,True,Active,ArslanAzad,None,Normal,5: Lying down (controlled)
1790275587.7954898,11928,Person 24,118.9,3405.3,240.0,3412.25,2.08,True,Active,ArslanAzad,None,Normal,5: Lying down (controlled)
1790275587.9205034,11929,Person 24,119.9,3406.0,320.0,3411.11,2.02,True,Active,ArslanAzad,None,Normal,5: Lying down (controlled)
1790275587.9829779,11930,Person 24,120.9,3407.2,240.0,3414.97,1.95,True,Active,ArslanAzad,None,Normal,5: Lying down (controlled)
1790275588.107989,11931,Person 24,121.3,3408.4,240.0,3414.77,1.85,True,Active,ArslanAzad,None,Normal,5: Lying down (controlled)
1790275588.1746664,11932,Person 24,120.8,3409.4,320.0,3414.68,1.8,True,Active,ArslanAzad,None,Normal,5: Lying down (controlled)
1790275588.284034,11933,Person 24,120.2,3410.2,240.0,3414.77,1.85,True,Active,ArslanAzad,None,Normal,5: Lying down (controlled)
1790275588.4715207,11934,Person 24,118.8,3410.8,240.0,3414.8,1.86,True,Active,ArslanAzad,None,Normal,5: Lying down (controlled)
1790275588.5339959,11935,Person 24,117.4,3411.2,320.0,3414.01,1.96,True,Active,ArslanAzad,None,Normal,5: Lying down (controlled)
1790275588.5808897,11936,Person 24,117.0,3411.6,240.0,3413.33,2.12,True,Active,ArslanAzad,None,Normal,5: Lying down (controlled)
1790275588.6277597,11937,Person 24,117.4,3411.7,320.0,3412.59,2.23,True,Active,ArslanAzad,None,Normal,5: Lying down (controlled)
1790275588.6938307,11938,Person 24,119.1,3411.6,320.0,3411.91,2.37,True,Active,ArslanAzad,None,Normal,5: Lying down (controlled)
1790275588.771949,11939,Person 24,121.8,3411.6,240.0,3412.17,2.47,True,Active,ArslanAzad,None,Normal,5: Lying down (controlled)
1790275588.8813164,11940,Person 24,124.6,3411.1,320.0,3411.04,2.42,True,Active,ArslanAzad,None,Normal,5: Lying down (controlled)
1790275588.9594152,11941,Person 24,126.9,3410.7,240.0,3411.59,2.23,True,Active,ArslanAzad,None,Normal,5: Lying down (controlled)
1790275589.0375562,11942,Person 24,128.4,3410.3,240.0,3411.18,2.05,True,Active,ArslanAzad,None,Normal,5: Lying down (controlled)
1790275589.1312773,11943,Person 24,128.7,3409.9,320.0,3410.87,1.9,True,Active,ArslanAzad,None,Normal,5: Lying down (controlled)
1790275589.2278285,11944,Person 24,128.4,3409.6,240.0,3411.71,1.81,True,Active,ArslanAzad,None,Normal,5: Lying down (controlled)
1790275589.3528025,11945,Person 24,127.2,3409.3,240.0,3410.62,1.76,True,Active,ArslanAzad,None,Normal,5: Lying down (controlled)
1790275589.4152951,11946,Person 24,125.4,3409.0,320.0,3409.71,1.82,True,Active,ArslanAzad,None,Normal,5: Lying down (controlled)
1790275589.4934137,11947,Person 24,123.5,3408.9,240.0,3410.91,1.92,True,Active,ArslanAzad,None,Normal,5: Lying down (controlled)
1790275589.5715568,11948,Person 24,121.5,3409.0,320.0,3412.15,2.03,True,Active,ArslanAzad,None,Normal,5: Lying down (controlled)
1790275589.6693926,11949,Person 24,120.1,3409.1,320.0,3412.59,2.23,True,Active,ArslanAzad,None,Normal,5: Lying down (controlled)
1790275589.7635481,11950,Person 24,119.9,3409.6,240.0,3415.95,2.38,True,Active,ArslanAzad,None,Normal,5: Lying down (controlled)
1790275589.8416874,11951,Person 24,121.4,3410.2,-240.0,3418.21,2.48,True,Active,ArslanAzad,None,Normal,5: Lying down (controlled)
1790275589.9354103,11952,Person 24,123.8,3411.0,320.0,3420.12,2.45,True,Active,ArslanAzad,None,Normal,5: Lying down (controlled)
1790275590.0447993,11953,Person 24,126.7,3411.9,240.0,3420.95,2.38,True,Active,ArslanAzad,None,Normal,5: Lying down (controlled)
1790275590.1228993,11954,Person 24,129.2,3412.6,320.0,3419.59,2.23,True,Active,ArslanAzad,None,Normal,5: Lying down (controlled)
1790275590.2044778,11955,Person 24,131.1,3413.2,320.0,3417.25,2.08,True,Active,ArslanAzad,None,Normal,5: Lying down (controlled)
1790275590.2826183,11956,Person 24,131.4,3413.6,240.0,3413.81,1.86,True,Active,ArslanAzad,None,Normal,5: Lying down (controlled)
1790275590.3763404,11957,Person 24,129.9,3413.6,320.0,3410.44,1.66,True,Active,ArslanAzad,None,Normal,5: Lying down (controlled)
1790275590.4857078,11958,Person 24,126.3,3413.3,160.0,3408.06,1.43,True,Active,ArslanAzad,None,Normal,5: Lying down (controlled)
1790275590.5638487,11959,Person 24,120.4,3412.7,240.0,3404.8,1.25,True,Active,ArslanAzad,None,Normal,5: Lying down (controlled)
1790275590.6419468,11960,Person 24,112.2,3411.2,-160.0,3398.53,1.01,True,Active,ArslanAzad,None,Normal,5: Lying down (controlled)
1790275590.7233214,11961,Person 24,99.8,3408.4,240.0,3387.09,0.41,True,Active,ArslanAzad,None,Normal,5: Lying down (controlled)
1790275590.8483338,11962,Person 24,86.8,3405.2,640.0,3385.04,0.27,True,Active,ArslanAzad,None,Normal,5: Lying down (controlled)
1790275590.9108295,11963,Person 24,74.3,3402.0,320.0,3386.04,0.29,True,Active,ArslanAzad,None,Normal,5: Lying down (controlled)
1790275591.0514448,11964,Person 24,63.4,3399.0,240.0,3387.09,0.41,True,Active,ArslanAzad,None,Normal,5: Lying down (controlled)
1790275591.1139197,11965,Person 24,54.2,3396.2,320.0,3387.15,0.54,True,Active,ArslanAzad,None,Normal,5: Lying down (controlled)
1790275591.2126997,11966,Person 24,47.1,3393.7,320.0,3387.24,0.68,True,Active,ArslanAzad,None,Normal,5: Lying down (controlled)
1790275591.2751985,11967,Person 24,45.0,3391.3,240.0,3385.9,1.32,True,Active,ArslanAzad,None,Normal,5: Lying down (controlled)
1790275591.3533154,11968,Person 24,47.4,3388.9,320.0,3384.76,1.85,True,Active,ArslanAzad,None,Normal,5: Lying down (controlled)
1790275591.4470582,11969,Person 24,53.5,3386.6,320.0,3383.69,2.29,True,Active,ArslanAzad,None,Normal,5: Lying down (controlled)
1790275591.5564258,11970,Person 24,61.9,3384.7,240.0,3382.07,2.44,True,Active,ArslanAzad,None,Normal,5: Lying down (controlled)
1790275591.6345448,11971,Person 24,74.0,3383.9,320.0,3382.11,2.46,True,Active,ArslanAzad,None,Normal,5: Lying down (controlled)
1790275591.7153707,11972,Person 24,87.2,3383.4,320.0,3383.24,2.51,True,Active,ArslanAzad,None,Normal,5: Lying down (controlled)
1790275591.8091338,11973,Person 24,100.0,3382.9,240.0,3384.11,2.46,True,Active,ArslanAzad,None,Normal,5: Lying down (controlled)
1790275591.8872335,11974,Person 24,112.1,3382.4,320.0,3385.11,2.45,True,Active,ArslanAzad,None,Normal,5: Lying down (controlled)
1790275591.9809973,11975,Person 24,123.7,3382.3,240.0,3389.23,2.5,True,Active,ArslanAzad,None,Normal,5: Lying down (controlled)
1790275592.1059675,11976,Person 24,134.6,3382.5,240.0,3392.27,2.52,True,Active,ArslanAzad,None,Normal,5: Lying down (controlled)
1790275592.1731875,11977,Person 24,141.8,3383.2,320.0,3395.32,2.53,True,Active,ArslanAzad,None,Normal,5: Lying down (controlled)
1790275592.3138278,11978,Person 24,146.1,3384.4,240.0,3398.4,2.56,True,Active,ArslanAzad,None,Normal,5: Lying down (controlled)
1790275592.3606985,11979,Person 24,148.0,3386.1,320.0,3401.49,2.59,True,Active,ArslanAzad,None,Normal,5: Lying down (controlled)
1790275592.4387982,11980,Person 24,149.0,3388.5,320.0,3406.48,2.59,True,Active,ArslanAzad,None,Normal,5: Lying down (controlled)
1790275592.5325418,11981,Person 24,149.5,3391.3,240.0,3410.3,2.52,True,Active,ArslanAzad,None,Normal,5: Lying down (controlled)
1790275592.6262856,11982,Person 24,148.8,3394.0,-160.0,3409.92,2.37,True,Active,ArslanAzad,None,Normal,5: Lying down (controlled)
1790275592.6928668,11983,Person 24,147.6,3396.6,320.0,3409.59,2.24,True,Active,ArslanAzad,None,Normal,5: Lying down (controlled)
1790275592.8022149,11984,Person 24,145.7,3399.0,240.0,3408.33,2.12,True,Active,ArslanAzad,None,Normal,5: Lying down (controlled)
1790275592.8803546,11985,Person 24,143.3,3400.8,320.0,3406.26,2.09,True,Active,ArslanAzad,None,Normal,5: Lying down (controlled)
1790275592.9897,11986,Person 24,141.2,3402.5,240.0,3408.4,2.15,True,Active,ArslanAzad,None,Normal,5: Lying down (controlled)
1790275593.052196,11987,Person 24,139.3,3403.9,240.0,3408.52,2.2,True,Active,ArslanAzad,None,Normal,5: Lying down (controlled)
1790275593.1303358,11988,Person 24,137.4,3405.1,320.0,3409.59,2.24,True,Active,ArslanAzad,None,Normal,5: Lying down (controlled)
1790275593.2272162,11989,Person 24,135.9,3406.1,240.0,3410.83,2.34,True,Active,ArslanAzad,None,Normal,5: Lying down (controlled)
1790275593.3521855,11990,Person 24,134.7,3406.6,320.0,3410.96,2.39,True,Active,ArslanAzad,None,Normal,5: Lying down (controlled)
1790275593.3990793,11991,Person 24,134.6,3406.9,320.0,3413.25,2.5,True,Active,ArslanAzad,None,Normal,5: Lying down (controlled)
1790275593.5240536,11992,Person 24,135.9,3407.0,240.0,3411.48,2.59,True,Active,ArslanAzad,None,Normal,5: Lying down (controlled)
1790275593.6178145,11993,Person 24,138.2,3406.9,-160.0,3409.57,2.62,True,Active,ArslanAzad,None,Normal,5: Lying down (controlled)
1790275593.6813147,11994,Person 24,141.8,3406.8,240.0,3408.85,2.72,True,Active,ArslanAzad,None,Normal,5: Lying down (controlled)
1790275593.762419,11995,Person 24,145.5,3406.7,240.0,3406.81,2.71,True,Active,ArslanAzad,None,Normal,5: Lying down (controlled)
1790275593.8561418,11996,Person 24,149.1,3406.4,320.0,3406.95,2.76,True,Active,ArslanAzad,None,Normal,5: Lying down (controlled)
1790275593.96553,11997,Person 24,152.7,3406.2,240.0,3408.09,2.81,True,Active,ArslanAzad,None,Normal,5: Lying down (controlled)
1790275594.0280263,11998,Person 24,156.1,3406.0,240.0,3409.09,2.81,True,Active,ArslanAzad,None,Normal,5: Lying down (controlled)
1790275594.1217694,11999,Person 24,158.9,3405.8,320.0,3410.09,2.81,True,Active,ArslanAzad,None,Normal,5: Lying down (controlled)
1790275594.202683,12000,Person 24,161.1,3405.8,560.0,3411.94,2.76,True,Active,ArslanAzad,None,Normal,5: Lying down (controlled)
1790275594.3120725,12001,Person 24,161.8,3405.6,390.0,3411.57,2.62,True,Active,ArslanAzad,None,Normal,5: Lying down (controlled)
1790275594.405794,12002,Person 24,160.6,3405.9,240.0,3413.95,2.38,True,Active,ArslanAzad,None,Normal,5: Lying down (controlled)
1790275594.4839346,12003,Person 24,157.9,3406.7,240.0,3416.44,2.16,True,Active,ArslanAzad,None,Normal,5: Lying down (controlled)
1790275594.5932832,12004,Person 24,154.6,3407.7,390.0,3417.44,2.16,True,Active,ArslanAzad,None,Normal,5: Lying down (controlled)
1790275594.6557987,12005,Person 24,151.4,3409.3,320.0,3421.43,2.16,True,Active,ArslanAzad,None,Normal,5: Lying down (controlled)
1790275594.7522578,12006,Person 24,147.6,3411.0,560.0,3422.32,2.11,True,Active,ArslanAzad,None,Normal,5: Lying down (controlled)
1790275594.8303785,12007,Person 24,143.4,3412.8,320.0,3424.28,2.09,True,Active,ArslanAzad,None,Normal,5: Lying down (controlled)
1790275594.9085002,12008,Person 24,139.0,3414.5,560.0,3424.21,2.06,True,Active,ArslanAzad,None,Normal,5: Lying down (controlled)
1790275595.0123668,12009,Person 24,134.5,3416.0,320.0,3423.17,2.04,True,Active,ArslanAzad,None,Normal,5: Lying down (controlled)
1790275595.0904872,12010,Person 24,130.6,3417.3,320.0,3423.28,2.09,True,Active,ArslanAzad,None,Normal,5: Lying down (controlled)
1790275595.1941783,12011,Person 24,127.5,3418.5,560.0,3422.28,2.09,True,Active,ArslanAzad,None,Normal,5: Lying down (controlled)
1790275595.2879248,12012,Person 24,125.5,3419.6,320.0,3424.17,2.04,True,Active,ArslanAzad,None,Normal,5: Lying down (controlled)
1790275595.3660655,12013,Person 24,124.6,3420.7,240.0,3427.1,2.01,True,Active,ArslanAzad,None,Normal,5: Lying down (controlled)
1790275595.45979,12014,Person 24,123.2,3421.9,560.0,3428.93,1.92,True,Active,ArslanAzad,None,Normal,5: Lying down (controlled)
1790275595.5379071,12015,Person 24,121.8,3422.8,390.0,3429.93,1.92,True,Active,ArslanAzad,None,Normal,5: Lying down (controlled)
1790275595.6472743,12016,Person 24,121.5,3423.5,240.0,3429.21,2.06,True,Active,ArslanAzad,None,Normal,5: Lying down (controlled)
1790275595.7283564,12017,Person 24,122.2,3423.8,-240.0,3427.54,2.21,True,Active,ArslanAzad,None,Normal,5: Lying down (controlled)
1790275595.806496,12018,Person 24,123.6,3424.2,320.0,3428.74,2.29,True,Active,ArslanAzad,None,Normal,5: Lying down (controlled)
1790275595.9314651,12019,Person 24,125.1,3424.7,240.0,3428.74,2.29,True,Active,ArslanAzad,None,Normal,5: Lying down (controlled)
1790275595.9939816,12020,Person 24,126.3,3425.1,320.0,3427.74,2.29,True,Active,ArslanAzad,None,Normal,5: Lying down (controlled)
1790275596.0720797,12021,Person 24,127.5,3425.8,240.0,3429.74,2.29,True,Active,ArslanAzad,None,Normal,5: Lying down (controlled)
1790275596.1814473,12022,Person 24,128.9,3426.4,240.0,3430.7,2.27,True,Active,ArslanAzad,None,Normal,5: Lying down (controlled)
1790275596.2472892,12023,Person 24,130.2,3426.6,320.0,3429.58,2.22,True,Active,ArslanAzad,None,Normal,5: Lying down (controlled)
1790275596.3410327,12024,Person 24,132.2,3426.6,240.0,3429.66,2.26,True,Active,ArslanAzad,None,Normal,5: Lying down (controlled)
1790275596.434776,12025,Person 24,134.4,3426.2,320.0,3426.74,2.29,True,Active,ArslanAzad,None,Normal,5: Lying down (controlled)
1790275596.5441449,12026,Person 24,136.3,3425.9,320.0,3426.94,2.37,True,Active,ArslanAzad,None,Normal,5: Lying down (controlled)
1790275596.622264,12027,Person 24,138.0,3425.5,240.0,3424.24,2.49,True,Active,ArslanAzad,None,Normal,5: Lying down (controlled)
1790275596.7032547,12028,Person 24,139.7,3424.7,-240.0,3421.47,2.58,True,Active,ArslanAzad,None,Normal,5: Lying down (controlled)
1790275596.7970018,12029,Person 24,142.3,3423.9,320.0,3421.88,2.73,True,Active,ArslanAzad,None,Normal,5: Lying down (controlled)
1790275596.875122,12030,Person 24,145.5,3423.3,240.0,3423.17,2.83,True,Active,ArslanAzad,None,Normal,5: Lying down (controlled)
1790275596.984487,12031,Person 24,149.4,3422.6,320.0,3424.53,2.95,True,Active,ArslanAzad,None,Normal,5: Lying down (controlled)
1790275597.0626097,12032,Person 24,153.7,3422.1,240.0,3427.68,2.99,True,Active,ArslanAzad,None,Normal,5: Lying down (controlled)
1790275597.140749,12033,Person 24,158.3,3421.6,240.0,3426.68,2.99,True,Active,ArslanAzad,None,Normal,5: Lying down (controlled)
1790275597.2648547,12034,Person 24,162.1,3421.2,320.0,3427.37,2.89,True,Active,ArslanAzad,None,Normal,5: Lying down (controlled)
1790275597.3273294,12035,Person 24,165.3,3421.2,240.0,3428.17,2.83,True,Active,ArslanAzad,None,Normal,5: Lying down (controlled)
1790275597.4210718,12036,Person 24,167.8,3421.2,320.0,3428.07,2.79,True,Active,ArslanAzad,None,Normal,5: Lying down (controlled)
1790275597.4991922,12037,Person 24,169.7,3421.8,320.0,3431.12,2.81,True,Active,ArslanAzad,None,Normal,5: Lying down (controlled)
1790275597.6241827,12038,Person 24,171.3,3422.7,240.0,3431.21,2.84,True,Active,ArslanAzad,None,Normal,5: Lying down (controlled)
1790275597.717815,12039,Person 24,172.1,3423.5,-160.0,3430.26,2.86,True,Active,ArslanAzad,None,Normal,5: Lying down (controlled)
1790275597.8008657,12040,Person 24,172.8,3424.2,240.0,3430.52,2.94,True,Active,ArslanAzad,None,Normal,5: Lying down (controlled)
1790275597.8633592,12041,Person 24,172.9,3424.7,240.0,3429.57,2.96,True,Active,ArslanAzad,None,Normal,5: Lying down (controlled)
1790275597.9414785,12042,Person 24,172.6,3425.0,320.0,3430.52,2.94,True,Active,ArslanAzad,None,Normal,5: Lying down (controlled)
1790275598.0352213,12043,Person 24,172.6,3425.6,240.0,3432.67,2.99,True,Active,ArslanAzad,None,Normal,5: Lying down (controlled)
1790275598.1445913,12044,Person 24,173.1,3426.0,240.0,3431.62,2.97,True,Active,ArslanAzad,None,Normal,5: Lying down (controlled)
1790275598.2071068,12045,Person 24,174.1,3426.5,320.0,3433.67,2.99,True,Active,ArslanAzad,None,Normal,5: Lying down (controlled)
1790275598.340353,12046,Person 24,175.4,3427.1,240.0,3434.72,3.0,True,Active,ArslanAzad,None,Normal,5: Lying down (controlled)
1790275598.3872256,12047,Person 24,177.1,3427.4,320.0,3434.99,3.09,True,Active,ArslanAzad,None,Normal,5: Lying down (controlled)
1790275598.4653442,12048,Person 24,179.0,3427.9,240.0,3437.2,3.15,True,Active,ArslanAzad,None,Normal,5: Lying down (controlled)
1790275598.5903375,12049,Person 24,181.0,3428.5,560.0,3437.31,3.19,True,Active,ArslanAzad,None,Normal,5: Lying down (controlled)
1790275598.652853,12050,Person 24,182.0,3428.8,-160.0,3434.04,3.1,True,Active,ArslanAzad,None,Normal,5: Lying down (controlled)
1790275598.7465763,12051,Person 24,182.5,3429.1,240.0,3432.83,3.04,True,Active,ArslanAzad,None,Normal,5: Lying down (controlled)
1790275598.8438754,12052,Person 24,183.0,3429.5,320.0,3434.77,3.02,True,Active,ArslanAzad,None,Normal,5: Lying down (controlled)
1790275599.0157597,12053,Person 24,183.3,3429.8,320.0,3435.82,3.04,True,Active,ArslanAzad,None,Normal,5: Lying down (controlled)
1790275599.078235,12054,Person 24,184.1,3430.2,240.0,3436.04,3.1,True,Active,ArslanAzad,None,Normal,5: Lying down (controlled)
1790275599.125106,12055,Person 24,185.0,3430.2,320.0,3434.15,3.14,True,Active,ArslanAzad,None,Normal,5: Lying down (controlled)
1790275599.2344944,12056,Person 24,186.3,3430.3,240.0,3436.42,3.22,True,Active,ArslanAzad,None,Normal,5: Lying down (controlled)
1790275599.2948322,12057,Person 24,187.3,3430.4,240.0,3436.54,3.25,True,Active,ArslanAzad,None,Normal,5: Lying down (controlled)
1790275599.372953,12058,Person 24,188.4,3430.3,320.0,3436.82,3.34,True,Active,ArslanAzad,None,Normal,5: Lying down (controlled)
1790275599.4510703,12059,Person 24,189.4,3430.3,240.0,3437.88,3.35,True,Active,ArslanAzad,None,Normal,5: Lying down (controlled)
1790275599.544813,12060,Person 24,190.7,3430.5,320.0,3436.77,3.32,True,Active,ArslanAzad,None,Normal,5: Lying down (controlled)
1790275599.6542015,12061,Person 24,192.3,3430.8,390.0,3436.71,3.3,True,Active,ArslanAzad,None,Normal,5: Lying down (controlled)
1790275599.7323005,12062,Person 24,193.9,3430.9,240.0,3436.65,3.29,True,Active,ArslanAzad,None,Normal,5: Lying down (controlled)
1790275599.8044674,12063,Person 24,195.0,3430.6,-160.0,3433.43,3.22,True,Active,ArslanAzad,None,Normal,5: Lying down (controlled)
1790275599.8981888,12064,Person 24,195.6,3430.2,320.0,3432.37,3.21,True,Active,ArslanAzad,None,Normal,5: Lying down (controlled)
1790275599.9919324,12065,Person 24,195.6,3429.9,240.0,3431.15,3.14,True,Active,ArslanAzad,None,Normal,5: Lying down (controlled)
1790275600.1012998,12066,Person 24,194.8,3429.3,320.0,3429.99,3.09,True,Active,ArslanAzad,None,Normal,5: Lying down (controlled)
1790275600.1794207,12067,Person 24,193.6,3428.8,240.0,3430.88,3.06,True,Active,ArslanAzad,None,Normal,5: Lying down (controlled)
1790275600.2575595,12068,Person 24,191.5,3428.4,240.0,3431.67,2.99,True,Active,ArslanAzad,None,Normal,5: Lying down (controlled)
1790275600.3387978,12069,Person 24,189.2,3428.0,320.0,3432.62,2.97,True,Active,ArslanAzad,None,Normal,5: Lying down (controlled)
1790275600.432541,12070,Person 24,186.6,3427.8,240.0,3433.36,2.89,True,Active,ArslanAzad,None,Normal,5: Lying down (controlled)
1790275600.5419078,12071,Person 24,184.0,3427.6,320.0,3433.31,2.87,True,Active,ArslanAzad,None,Normal,5: Lying down (controlled)
1790275600.6200275,12072,Person 24,181.0,3427.7,240.0,3436.06,2.79,True,Active,ArslanAzad,None,Normal,5: Lying down (controlled)
1790275600.6981473,12073,Person 24,177.8,3427.9,240.0,3433.78,2.69,True,Active,ArslanAzad,None,Normal,5: Lying down (controlled)
1790275600.810735,12074,Person 24,174.3,3427.8,-160.0,3429.6,2.62,True,Active,ArslanAzad,None,Normal,5: Lying down (controlled)
1790275600.888876,12075,Person 24,170.9,3427.6,240.0,3427.46,2.58,True,Active,ArslanAzad,None,Normal,5: Lying down (controlled)
1790275600.9825978,12076,Person 24,167.2,3427.3,-240.0,3425.2,2.48,True,Active,ArslanAzad,None,Normal,5: Lying down (controlled)
1790275601.076343,12077,Person 24,163.5,3426.9,320.0,3425.11,2.44,True,Active,ArslanAzad,None,Normal,5: Lying down (controlled)
1790275601.1544828,12078,Person 24,159.8,3426.5,240.0,3425.94,2.38,True,Active,ArslanAzad,None,Normal,5: Lying down (controlled)
1790275601.2482042,12079,Person 24,155.6,3426.0,320.0,3425.7,2.28,True,Active,ArslanAzad,None,Normal,5: Lying down (controlled)
1790275601.3307276,12080,Person 24,151.5,3425.7,240.0,3428.54,2.21,True,Active,ArslanAzad,None,Normal,5: Lying down (controlled)
1790275601.424449,12081,Person 24,146.8,3425.5,240.0,3429.28,2.09,True,Active,ArslanAzad,None,Normal,5: Lying down (controlled)
1790275601.5181932,12082,Person 24,142.2,3425.2,320.0,3431.13,2.02,True,Active,ArslanAzad,None,Normal,5: Lying down (controlled)
1790275601.596333,12083,Person 24,137.6,3425.3,240.0,3432.93,1.92,True,Active,ArslanAzad,None,Normal,5: Lying down (controlled)
1790275601.6796274,12084,Person 24,132.7,3426.0,320.0,3434.7,1.8,True,Active,ArslanAzad,None,Normal,5: Lying down (controlled)
1790275601.7867002,12085,Person 24,127.7,3426.7,-160.0,3432.58,1.74,True,Active,ArslanAzad,None,Normal,5: Lying down (controlled)
1790275601.8648443,12086,Person 24,123.3,3427.6,240.0,3432.58,1.74,True,Active,ArslanAzad,None,Normal,5: Lying down (controlled)
1790275601.9898136,12087,Person 24,119.5,3428.4,320.0,3431.7,1.8,True,Active,ArslanAzad,None,Normal,5: Lying down (controlled)
1790275602.0926623,12088,Person 24,116.4,3429.1,320.0,3431.8,1.85,True,Active,ArslanAzad,None,Normal,5: Lying down (controlled)
1790275602.1707811,12089,Person 24,113.9,3429.8,240.0,3431.8,1.85,True,Active,ArslanAzad,None,Normal,5: Lying down (controlled)
1790275602.2332754,12090,Person 24,111.6,3430.2,320.0,3431.73,1.82,True,Active,ArslanAzad,None,Normal,5: Lying down (controlled)
1790275602.3050683,12091,Person 24,110.0,3430.7,240.0,3433.73,1.82,True,Active,ArslanAzad,None,Normal,5: Lying down (controlled)
1790275602.4144351,12092,Person 24,108.4,3431.1,560.0,3434.61,1.75,True,Active,ArslanAzad,None,Normal,5: Lying down (controlled)
1790275602.4769106,12093,Person 24,107.0,3431.2,390.0,3433.49,1.69,True,Active,ArslanAzad,None,Normal,5: Lying down (controlled)
1790275602.570653,12094,Person 24,105.9,3431.1,560.0,3433.37,1.62,True,Active,ArslanAzad,None,Normal,5: Lying down (controlled)
1790275602.6956458,12095,Person 24,104.5,3431.0,-240.0,3431.18,1.5,True,Active,ArslanAzad,None,Normal,5: Lying down (controlled)
1790275602.7581396,12096,Person 24,102.4,3430.6,320.0,3428.0,1.39,True,Active,ArslanAzad,None,Normal,5: Lying down (controlled)
1790275602.871872,12097,Person 24,100.5,3430.2,240.0,3427.16,1.49,True,Active,ArslanAzad,None,Normal,5: Lying down (controlled)
1790275602.9343686,12098,Person 24,98.9,3429.6,-160.0,3425.32,1.59,True,Active,ArslanAzad,None,Normal,5: Lying down (controlled)
1790275603.0125074,12099,Person 24,98.5,3429.2,240.0,3427.67,1.79,True,Active,ArslanAzad,None,Normal,5: Lying down (controlled)
1790275603.1218536,12100,Person 24,99.3,3428.9,560.0,3429.0,1.96,True,Active,ArslanAzad,None,Normal,5: Lying down (controlled)
1790275603.215619,12101,Person 24,100.5,3428.3,320.0,3428.14,2.02,True,Active,ArslanAzad,None,Normal,5: Lying down (controlled)
1790275603.2937374,12102,Person 24,102.8,3427.6,240.0,3428.39,2.14,True,Active,ArslanAzad,None,Normal,5: Lying down (controlled)
1790275603.3718703,12103,Person 24,105.8,3426.8,240.0,3426.51,2.19,True,Active,ArslanAzad,None,Normal,5: Lying down (controlled)
1790275603.4968626,12104,Person 24,109.9,3425.9,320.0,3425.78,2.31,True,Active,ArslanAzad,None,Normal,5: Lying down (controlled)
1790275603.559358,12105,Person 24,115.2,3425.2,240.0,3425.99,2.39,True,Active,ArslanAzad,None,Normal,5: Lying down (controlled)
1790275603.668724,12106,Person 24,121.1,3424.8,320.0,3425.94,2.38,True,Active,ArslanAzad,None,Normal,5: Lying down (controlled)
1790275603.7312002,12107,Person 24,126.5,3424.6,240.0,3426.98,2.39,True,Active,ArslanAzad,None,Normal,5: Lying down (controlled)
1790275603.8166728,12108,Person 24,130.9,3424.5,240.0,3425.82,2.33,True,Active,ArslanAzad,None,Normal,5: Lying down (controlled)
1790275603.9260595,12109,Person 24,133.1,3423.7,-160.0,3420.43,2.16,True,Active,ArslanAzad,None,Normal,5: Lying down (controlled)
1790275604.0041795,12110,Person 24,133.3,3422.4,240.0,3416.07,2.0,True,Active,ArslanAzad,None,Normal,5: Lying down (controlled)
1790275604.113525,12111,Person 24,132.2,3420.9,240.0,3412.77,1.85,True,Active,ArslanAzad,None,Normal,5: Lying down (controlled)
1790275604.191647,12112,Person 24,130.0,3419.2,320.0,3410.65,1.78,True,Active,ArslanAzad,None,Normal,5: Lying down (controlled)
1790275604.2541409,12113,Person 24,127.8,3417.9,240.0,3412.74,1.83,True,Active,ArslanAzad,None,Normal,5: Lying down (controlled)
1790275604.3510816,12114,Person 24,125.0,3416.9,240.0,3414.77,1.85,True,Active,ArslanAzad,None,Normal,5: Lying down (controlled)
1790275604.4604514,12115,Person 24,121.6,3416.3,320.0,3418.74,1.83,True,Active,ArslanAzad,None,Normal,5: Lying down (controlled)
1790275604.53859,12116,Person 24,118.5,3416.1,240.0,3422.8,1.86,True,Active,ArslanAzad,None,Normal,5: Lying down (controlled)
1790275604.6323147,12117,Person 24,115.3,3416.0,-160.0,3424.8,1.86,True,Active,ArslanAzad,None,Normal,5: Lying down (controlled)
1790275604.7104335,12118,Person 24,113.1,3416.4,240.0,3429.0,1.96,True,Active,ArslanAzad,None,Normal,5: Lying down (controlled)
1790275604.788551,12119,Person 24,112.2,3417.5,240.0,3431.1,2.0,True,Active,ArslanAzad,None,Normal,5: Lying down (controlled)
1790275604.9015703,12120,Person 24,112.2,3418.6,-160.0,3427.07,1.99,True,Active,ArslanAzad,None,Normal,5: Lying down (controlled)
1790275604.97971,12121,Person 24,113.1,3419.7,240.0,3424.07,1.99,True,Active,ArslanAzad,None,Normal,5: Lying down (controlled)
1790275605.0734327,12122,Person 24,114.1,3420.5,240.0,3418.97,1.94,True,Active,ArslanAzad,None,Normal,5: Lying down (controlled)
1790275605.151552,12123,Person 24,114.6,3421.0,320.0,3417.9,1.91,True,Active,ArslanAzad,None,Normal,5: Lying down (controlled)
1790275605.2452953,12124,Person 24,115.2,3421.4,240.0,3418.97,1.94,True,Active,ArslanAzad,None,Normal,5: Lying down (controlled)
1790275605.3281841,12125,Person 24,116.0,3421.4,240.0,3419.0,1.96,True,Active,ArslanAzad,None,Normal,5: Lying down (controlled)
1790275605.421927,12126,Person 24,116.8,3421.2,320.0,3421.07,1.99,True,Active,ArslanAzad,None,Normal,5: Lying down (controlled)
1790275605.5156486,12127,Person 24,118.0,3420.9,240.0,3422.21,2.06,True,Active,ArslanAzad,None,Normal,5: Lying down (controlled)
1790275605.5937684,12128,Person 24,118.9,3420.3,-160.0,3423.32,2.11,True,Active,ArslanAzad,None,Normal,5: Lying down (controlled)
1790275605.7187598,12129,Person 24,120.0,3419.8,240.0,3426.51,2.19,True,Active,ArslanAzad,None,Normal,5: Lying down (controlled)
1790275605.7812555,12130,Person 24,121.8,3419.6,320.0,3425.74,2.29,True,Active,ArslanAzad,None,Normal,5: Lying down (controlled)
1790275605.8837595,12131,Person 24,124.1,3419.9,320.0,3427.94,2.37,True,Active,ArslanAzad,None,Normal,5: Lying down (controlled)
1790275605.9462569,12132,Person 24,127.8,3420.9,240.0,3430.41,2.56,True,Active,ArslanAzad,None,Normal,5: Lying down (controlled)
1790275606.0400207,12133,Person 24,132.7,3422.1,-240.0,3431.87,2.72,True,Active,ArslanAzad,None,Normal,5: Lying down (controlled)
1790275606.1962388,12134,Person 24,137.9,3423.2,320.0,3432.11,2.81,True,Active,ArslanAzad,None,Normal,5: Lying down (controlled)
1790275606.24311,12135,Person 24,143.2,3424.3,240.0,3432.21,2.84,True,Active,ArslanAzad,None,Normal,5: Lying down (controlled)
1790275606.3211145,12136,Person 24,147.9,3425.1,320.0,3431.02,2.77,True,Active,ArslanAzad,None,Normal,5: Lying down (controlled)
1790275606.426348,12137,Person 24,152.0,3425.8,240.0,3430.92,2.74,True,Active,ArslanAzad,None,Normal,5: Lying down (controlled)
1790275606.504465,12138,Person 24,155.4,3426.3,240.0,3429.73,2.67,True,Active,ArslanAzad,None,Normal,5: Lying down (controlled)
1790275606.5825844,12139,Person 24,158.3,3426.3,320.0,3427.74,2.68,True,Active,ArslanAzad,None,Normal,5: Lying down (controlled)
1790275606.6607037,12140,Person 24,161.0,3426.5,240.0,3428.92,2.74,True,Active,ArslanAzad,None,Normal,5: Lying down (controlled)
1790275606.7700906,12141,Person 24,163.5,3426.5,320.0,3429.07,2.79,True,Active,ArslanAzad,None,Normal,5: Lying down (controlled)
1790275606.869674,12142,Person 24,165.3,3426.7,320.0,3433.26,2.85,True,Active,ArslanAzad,None,Normal,5: Lying down (controlled)
1790275606.9321697,12143,Person 24,166.2,3426.9,240.0,3434.31,2.87,True,Active,ArslanAzad,None,Normal,5: Lying down (controlled)
1790275607.0727663,12144,Person 24,166.3,3427.1,160.0,3434.16,2.82,True,Active,ArslanAzad,None,Normal,5: Lying down (controlled)
1790275607.1196363,12145,Person 24,166.0,3427.4,320.0,3435.06,2.79,True,Active,ArslanAzad,None,Normal,5: Lying down (controlled)
1790275607.197776,12146,Person 24,165.5,3427.8,240.0,3434.78,2.69,True,Active,ArslanAzad,None,Normal,5: Lying down (controlled)
1790275607.2915013,12147,Person 24,164.8,3428.1,320.0,3433.59,2.62,True,Active,ArslanAzad,None,Normal,5: Lying down (controlled)
1790275607.390302,12148,Person 24,164.2,3428.8,240.0,3436.45,2.57,True,Active,ArslanAzad,None,Normal,5: Lying down (controlled)
1790275607.4684427,12149,Person 24,163.0,3429.7,240.0,3436.19,2.47,True,Active,ArslanAzad,None,Normal,5: Lying down (controlled)
1790275607.6402838,12150,Person 24,160.9,3430.5,320.0,3435.98,2.39,True,Active,ArslanAzad,None,Normal,5: Lying down (controlled)
1790275607.687177,12151,Person 24,158.3,3431.3,240.0,3435.89,2.35,True,Active,ArslanAzad,None,Normal,5: Lying down (controlled)
1790275607.7340493,12152,Person 24,155.4,3431.6,320.0,3434.94,2.37,True,Active,ArslanAzad,None,Normal,5: Lying down (controlled)
1790275607.8433945,12153,Person 24,152.3,3431.5,-160.0,3431.9,2.35,True,Active,ArslanAzad,None,Normal,5: Lying down (controlled)
1790275607.911799,12154,Person 24,149.3,3431.5,240.0,3432.82,2.32,True,Active,ArslanAzad,None,Normal,5: Lying down (controlled)
1790275608.0055428,12155,Person 24,145.9,3431.4,-240.0,3432.58,2.22,True,Active,ArslanAzad,None,Normal,5: Lying down (controlled)
1790275608.083663,12156,Person 24,143.0,3431.3,320.0,3432.54,2.2,True,Active,ArslanAzad,None,Normal,5: Lying down (controlled)
1790275608.2086737,12157,Person 24,140.3,3431.1,240.0,3430.46,2.17,True,Active,ArslanAzad,None,Normal,5: Lying down (controlled)
1790275608.2711482,12158,Person 24,137.7,3430.4,320.0,3428.39,2.14,True,Active,ArslanAzad,None,Normal,5: Lying down (controlled)
1790275608.380654,12159,Person 24,135.8,3429.7,240.0,3428.43,2.16,True,Active,ArslanAzad,None,Normal,5: Lying down (controlled)
1790275608.4431493,12160,Person 24,134.3,3428.8,240.0,3426.39,2.14,True,Active,ArslanAzad,None,Normal,5: Lying down (controlled)
1790275608.5681403,12161,Person 24,133.4,3427.7,320.0,3424.54,2.21,True,Active,ArslanAzad,None,Normal,5: Lying down (controlled)
1790275608.6306362,12162,Person 24,132.5,3426.6,240.0,3423.58,2.23,True,Active,ArslanAzad,None,Normal,5: Lying down (controlled)
1790275608.7087765,12163,Person 24,131.5,3425.5,320.0,3420.51,2.19,True,Active,ArslanAzad,None,Normal,5: Lying down (controlled)
1790275608.8337483,12164,Person 24,130.2,3424.0,-160.0,3417.32,2.11,True,Active,ArslanAzad,None,Normal,5: Lying down (controlled)
1790275608.8835986,12165,Person 24,129.2,3422.3,240.0,3415.22,2.06,True,Active,ArslanAzad,None,Normal,5: Lying down (controlled)
1790275608.9773421,12166,Person 24,128.3,3420.5,320.0,3414.22,2.06,True,Active,ArslanAzad,None,Normal,5: Lying down (controlled)
1790275609.1023529,12167,Person 24,127.5,3419.0,320.0,3415.18,2.05,True,Active,ArslanAzad,None,Normal,5: Lying down (controlled)
1790275609.149227,12168,Person 24,127.3,3417.8,240.0,3416.32,2.11,True,Active,ArslanAzad,None,Normal,5: Lying down (controlled)
1790275609.274215,12169,Person 24,127.1,3416.6,320.0,3416.36,2.13,True,Active,ArslanAzad,None,Normal,5: Lying down (controlled)
1790275609.3367114,12170,Person 24,127.7,3415.8,240.0,3418.63,2.25,True,Active,ArslanAzad,None,Normal,5: Lying down (controlled)
1790275609.4496682,12171,Person 24,128.5,3415.1,240.0,3417.87,2.35,True,Active,ArslanAzad,None,Normal,5: Lying down (controlled)
1790275609.5121872,12172,Person 24,129.5,3414.4,-160.0,3416.99,2.4,True,Active,ArslanAzad,None,Normal,5: Lying down (controlled)
1790275609.6215308,12173,Person 24,131.6,3414.1,240.0,3418.38,2.55,True,Active,ArslanAzad,None,Normal,5: Lying down (controlled)
1790275609.684048,12174,Person 24,134.7,3414.2,320.0,3419.61,2.63,True,Active,ArslanAzad,None,Normal,5: Lying down (controlled)
1790275609.7777698,12175,Person 24,137.3,3414.1,-160.0,3415.25,2.5,True,Active,ArslanAzad,None,Normal,5: Lying down (controlled)
1790275609.87426,12176,Person 24,138.9,3413.8,240.0,3411.83,2.33,True,Active,ArslanAzad,None,Normal,5: Lying down (controlled)
1790275609.9524035,12177,Person 24,138.8,3412.8,-240.0,3405.15,2.04,True,Active,ArslanAzad,None,Normal,5: Lying down (controlled)
1790275610.061749,12178,Person 24,136.5,3411.2,320.0,3399.56,1.74,True,Active,ArslanAzad,None,Normal,5: Lying down (controlled)
1790275610.13989,12179,Person 24,130.4,3409.2,240.0,3394.64,1.11,True,Active,ArslanAzad,None,Normal,5: Lying down (controlled)
1790275610.2179892,12180,Person 24,122.7,3406.7,320.0,3391.48,0.96,True,Active,ArslanAzad,None,Normal,5: Lying down (controlled)
1790275610.3117318,12181,Person 24,114.7,3404.4,320.0,3392.53,1.01,True,Active,ArslanAzad,None,Normal,5: Lying down (controlled)
1790275610.432234,12182,Person 24,106.7,3402.3,240.0,3393.58,1.06,True,Active,ArslanAzad,None,Normal,5: Lying down (controlled)
1790275610.4947507,12183,Person 24,98.1,3400.2,320.0,3394.64,1.11,True,Active,ArslanAzad,None,Normal,5: Lying down (controlled)
1790275610.604095,12184,Person 24,90.0,3398.2,240.0,3396.85,1.28,True,Active,ArslanAzad,None,Normal,5: Lying down (controlled)
1790275610.713467,12185,Person 24,83.4,3396.7,240.0,3398.01,1.4,True,Active,ArslanAzad,None,Normal,5: Lying down (controlled)
1790275610.7915833,12186,Person 24,77.8,3395.7,390.0,3400.01,1.4,True,Active,ArslanAzad,None,Normal,5: Lying down (controlled)
1790275610.854078,12187,Person 24,74.3,3395.4,240.0,3401.09,1.45,True,Active,ArslanAzad,None,Normal,5: Lying down (controlled)
1790275610.9357102,12188,Person 24,72.4,3395.5,-240.0,3400.04,1.42,True,Active,ArslanAzad,None,Normal,5: Lying down (controlled)
1790275611.013809,12189,Person 24,74.5,3396.0,320.0,3400.11,1.47,True,Active,ArslanAzad,None,Normal,5: Lying down (controlled)
1790275611.1231754,12190,Person 24,77.2,3397.0,240.0,3402.04,1.41,True,Active,ArslanAzad,None,Normal,5: Lying down (controlled)
1790275611.2169185,12191,Person 24,79.3,3398.0,320.0,3402.96,1.36,True,Active,ArslanAzad,None,Normal,5: Lying down (controlled)
1790275611.2950406,12192,Person 24,81.0,3399.0,320.0,3403.94,1.35,True,Active,ArslanAzad,None,Normal,5: Lying down (controlled)
1790275611.3897471,12193,Person 24,81.9,3399.9,240.0,3403.83,1.26,True,Active,ArslanAzad,None,Normal,5: Lying down (controlled)
1790275611.4711237,12194,Person 24,81.7,3400.7,320.0,3404.8,1.25,True,Active,ArslanAzad,None,Normal,5: Lying down (controlled)
1790275611.5804682,12195,Person 24,81.1,3401.7,240.0,3407.87,1.29,True,Active,ArslanAzad,None,Normal,5: Lying down (controlled)
1790275611.6792846,12196,Person 24,80.7,3402.7,240.0,3409.92,1.33,True,Active,ArslanAzad,None,Normal,5: Lying down (controlled)
1790275611.7444036,12197,Person 24,79.4,3403.3,160.0,3406.78,1.23,True,Active,ArslanAzad,None,Normal,5: Lying down (controlled)
1790275611.838168,12198,Person 24,77.7,3403.8,240.0,3404.66,1.13,True,Active,ArslanAzad,None,Normal,5: Lying down (controlled)
1790275611.9114687,12199,Person 24,74.8,3404.0,240.0,3401.49,0.98,True,Active,ArslanAzad,None,Normal,5: Lying down (controlled)
1790275612.036461,12200,Person 24,71.5,3404.0,320.0,3401.38,0.86,True,Active,ArslanAzad,None,Normal,5: Lying down (controlled)
1790275612.0989568,12201,Person 24,68.3,3404.1,240.0,3403.35,0.82,True,Active,ArslanAzad,None,Normal,5: Lying down (controlled)
1790275612.1926987,12202,Person 24,64.9,3404.1,240.0,3403.31,0.77,True,Active,ArslanAzad,None,Normal,5: Lying down (controlled)
1790275612.2708395,12203,Person 24,62.3,3404.2,320.0,3404.35,0.82,True,Active,ArslanAzad,None,Normal,5: Lying down (controlled)
1790275612.380189,12204,Person 24,59.9,3404.3,240.0,3405.37,0.84,True,Active,ArslanAzad,None,Normal,5: Lying down (controlled)
1790275612.4464352,12205,Person 24,57.0,3404.3,320.0,3407.34,0.81,True,Active,ArslanAzad,None,Normal,5: Lying down (controlled)
1790275612.5557828,12206,Person 24,53.9,3404.3,320.0,3409.34,0.81,True,Active,ArslanAzad,None,Normal,5: Lying down (controlled)
1790275612.6495454,12207,Person 24,51.6,3404.6,240.0,3409.37,0.84,True,Active,ArslanAzad,None,Normal,5: Lying down (controlled)
1790275612.712041,12208,Person 24,50.6,3405.4,320.0,3412.48,0.96,True,Active,ArslanAzad,None,Normal,5: Lying down (controlled)
1790275612.8370106,12209,Person 24,51.4,3406.8,240.0,3415.64,1.11,True,Active,ArslanAzad,None,Normal,5: Lying down (controlled)
1790275612.900046,12210,Person 24,53.7,3408.3,240.0,3416.8,1.24,True,Active,ArslanAzad,None,Normal,5: Lying down (controlled)
1790275612.9806087,12211,Person 24,56.6,3409.5,320.0,3415.89,1.31,True,Active,ArslanAzad,None,Normal,5: Lying down (controlled)
1790275613.1056004,12212,Person 24,60.3,3410.7,240.0,3416.01,1.39,True,Active,ArslanAzad,None,Normal,5: Lying down (controlled)
1790275613.152493,12213,Person 24,64.0,3411.7,240.0,3415.08,1.44,True,Active,ArslanAzad,None,Normal,5: Lying down (controlled)
1790275613.2462363,12214,Person 24,67.8,3412.7,320.0,3416.13,1.48,True,Active,ArslanAzad,None,Normal,5: Lying down (controlled)
1790275613.386852,12215,Person 24,71.9,3413.5,560.0,3416.16,1.49,True,Active,ArslanAzad,None,Normal,5: Lying down (controlled)
1790275613.45341,12216,Person 24,76.0,3414.0,320.0,3415.16,1.49,True,Active,ArslanAzad,None,Normal,5: Lying down (controlled)
1790275613.5315506,12217,Person 24,80.1,3414.4,320.0,3414.21,1.53,True,Active,ArslanAzad,None,Normal,5: Lying down (controlled)
1790275613.6096702,12218,Person 24,84.2,3414.4,240.0,3413.41,1.65,True,Active,ArslanAzad,None,Normal,5: Lying down (controlled)
1790275613.6877704,12219,Person 24,88.0,3413.9,-240.0,3411.59,1.75,True,Active,ArslanAzad,None,Normal,5: Lying down (controlled)
1790275613.781512,12220,Person 24,91.7,3413.5,320.0,3413.81,1.86,True,Active,ArslanAzad,None,Normal,5: Lying down (controlled)
1790275613.8752553,12221,Person 24,95.3,3413.4,240.0,3415.9,1.91,True,Active,ArslanAzad,None,Normal,5: Lying down (controlled)
1790275613.9733562,12222,Person 24,98.6,3413.4,320.0,3416.97,1.95,True,Active,ArslanAzad,None,Normal,5: Lying down (controlled)
1790275614.0514722,12223,Person 24,101.8,3413.8,240.0,3420.04,1.98,True,Active,ArslanAzad,None,Normal,5: Lying down (controlled)
1790275614.1452153,12224,Person 24,104.8,3414.1,240.0,3420.04,1.98,True,Active,ArslanAzad,None,Normal,5: Lying down (controlled)
1790275614.2545826,12225,Person 24,107.6,3414.4,320.0,3420.0,1.96,True,Active,ArslanAzad,None,Normal,5: Lying down (controlled)
1790275614.3327043,12226,Person 24,110.6,3415.1,240.0,3423.07,1.99,True,Active,ArslanAzad,None,Normal,5: Lying down (controlled)
1790275614.4152489,12227,Person 24,113.6,3416.0,320.0,3424.14,2.03,True,Active,ArslanAzad,None,Normal,5: Lying down (controlled)
1790275614.4933708,12228,Person 24,115.8,3417.0,-80.0,3424.1,2.01,True,Active,ArslanAzad,None,Normal,5: Lying down (controlled)
1790275614.587114,12229,Person 24,117.4,3418.3,240.0,3425.1,2.01,True,Active,ArslanAzad,None,Normal,5: Lying down (controlled)
1790275614.6964834,12230,Person 24,117.8,3419.3,320.0,3423.93,1.92,True,Active,ArslanAzad,None,Normal,5: Lying down (controlled)
1790275614.7746222,12231,Person 24,117.6,3420.1,320.0,3423.83,1.87,True,Active,ArslanAzad,None,Normal,5: Lying down (controlled)
1790275614.8839686,12232,Person 24,116.8,3420.8,240.0,3423.7,1.81,True,Active,ArslanAzad,None,Normal,5: Lying down (controlled)
1790275614.9666853,12233,Person 24,115.0,3421.2,240.0,3423.46,1.67,True,Active,ArslanAzad,None,Normal,5: Lying down (controlled)
1790275615.076061,12234,Person 24,112.6,3421.6,320.0,3423.29,1.57,True,Active,ArslanAzad,None,Normal,5: Lying down (controlled)
1790275615.1229286,12235,Person 24,110.0,3421.9,240.0,3422.21,1.52,True,Active,ArslanAzad,None,Normal,5: Lying down (controlled)
1790275615.2010472,12236,Person 24,107.3,3421.8,320.0,3421.24,1.54,True,Active,ArslanAzad,None,Normal,5: Lying down (controlled)
1790275615.2947917,12237,Person 24,104.9,3421.7,240.0,3422.37,1.62,True,Active,ArslanAzad,None,Normal,5: Lying down (controlled)
1790275615.388535,12238,Person 24,103.3,3421.7,320.0,3423.58,1.74,True,Active,ArslanAzad,None,Normal,5: Lying down (controlled)
1790275615.4707022,12239,Person 24,102.2,3421.7,-160.0,3424.74,1.82,True,Active,ArslanAzad,None,Normal,5: Lying down (controlled)
1790275615.5800753,12240,Person 24,101.8,3422.2,240.0,3428.8,1.86,True,Active,ArslanAzad,None,Normal,5: Lying down (controlled)
1790275615.6582122,12241,Person 24,101.5,3423.0,-240.0,3431.73,1.82,True,Active,ArslanAzad,None,Normal,5: Lying down (controlled)
1790275615.7363107,12242,Person 24,101.4,3423.9,320.0,3432.67,1.79,True,Active,ArslanAzad,None,Normal,5: Lying down (controlled)
1790275615.8613029,12243,Person 24,101.9,3424.9,240.0,3433.61,1.75,True,Active,ArslanAzad,None,Normal,5: Lying down (controlled)
1790275615.9237986,12244,Person 24,102.3,3425.6,240.0,3430.4,1.64,True,Active,ArslanAzad,None,Normal,5: Lying down (controlled)
1790275616.0062494,12245,Person 24,102.5,3426.2,320.0,3428.26,1.55,True,Active,ArslanAzad,None,Normal,5: Lying down (controlled)
1790275616.0843468,12246,Person 24,102.2,3426.8,240.0,3427.16,1.49,True,Active,ArslanAzad,None,Normal,5: Lying down (controlled)
1790275616.2093382,12247,Person 24,101.6,3427.3,320.0,3427.21,1.52,True,Active,ArslanAzad,None,Normal,5: Lying down (controlled)
1790275616.271834,12248,Person 24,100.7,3427.9,240.0,3429.32,1.59,True,Active,ArslanAzad,None,Normal,5: Lying down (controlled)
1790275616.3655772,12249,Person 24,99.5,3428.5,240.0,3430.37,1.62,True,Active,ArslanAzad,None,Normal,5: Lying down (controlled)
1790275616.4905686,12250,Person 24,97.6,3428.4,-160.0,3427.24,1.54,True,Active,ArslanAzad,None,Normal,5: Lying down (controlled)
1790275616.553064,12251,Person 24,95.6,3428.0,240.0,3427.16,1.49,True,Active,ArslanAzad,None,Normal,5: Lying down (controlled)
1790275616.6311834,12252,Person 24,92.8,3427.2,240.0,3423.91,1.32,True,Active,ArslanAzad,None,Normal,5: Lying down (controlled)
1790275616.7561746,12253,Person 24,89.6,3426.1,320.0,3421.78,1.22,True,Active,ArslanAzad,None,Normal,5: Lying down (controlled)
1790275616.8030467,12254,Person 24,86.5,3425.6,240.0,3424.66,1.12,True,Active,ArslanAzad,None,Normal,5: Lying down (controlled)
1790275616.8967896,12255,Person 24,83.3,3425.3,240.0,3424.54,1.02,True,Active,ArslanAzad,None,Normal,5: Lying down (controlled)
1790275617.0143065,12256,Person 24,80.3,3425.2,320.0,3425.51,0.99,True,Active,ArslanAzad,None,Normal,5: Lying down (controlled)
1790275617.076802,12257,Person 24,76.5,3425.1,560.0,3425.41,0.89,True,Active,ArslanAzad,None,Normal,5: Lying down (controlled)
1790275617.2017925,12258,Person 24,72.1,3424.7,320.0,3424.38,0.85,True,Active,ArslanAzad,None,Normal,5: Lying down (controlled)
1790275617.2642906,12259,Person 24,67.8,3424.4,390.0,3426.43,0.9,True,Active,ArslanAzad,None,Normal,5: Lying down (controlled)
1790275617.3424075,12260,Person 24,64.3,3424.3,240.0,3425.47,0.95,True,Active,ArslanAzad,None,Normal,5: Lying down (controlled)
1790275617.4673991,12261,Person 24,61.0,3424.1,390.0,3424.46,0.94,True,Active,ArslanAzad,None,Normal,5: Lying down (controlled)
1790275617.5496986,12262,Person 24,58.9,3424.3,240.0,3425.49,0.97,True,Active,ArslanAzad,None,Normal,5: Lying down (controlled)
1790275617.6277976,12263,Person 24,57.0,3424.5,240.0,3423.43,0.9,True,Active,ArslanAzad,None,Normal,5: Lying down (controlled)
1790275617.7527862,12264,Person 24,55.8,3424.4,320.0,3423.44,0.92,True,Active,ArslanAzad,None,Normal,5: Lying down (controlled)
1790275617.84653,12265,Person 24,55.0,3424.6,240.0,3426.41,0.89,True,Active,ArslanAzad,None,Normal,5: Lying down (controlled)
1790275617.8934019,12266,Person 24,54.2,3424.8,240.0,3427.38,0.85,True,Active,ArslanAzad,None,Normal,5: Lying down (controlled)
1790275617.9715436,12267,Person 24,54.0,3425.1,320.0,3428.38,0.85,True,Active,ArslanAzad,None,Normal,5: Lying down (controlled)
1790275618.068096,12268,Person 24,54.2,3425.7,240.0,3430.41,0.89,True,Active,ArslanAzad,None,Normal,5: Lying down (controlled)
1790275618.146194,12269,Person 24,54.1,3426.1,320.0,3430.41,0.89,True,Active,ArslanAzad,None,Normal,5: Lying down (controlled)
1790275618.239938,12270,Person 24,54.2,3426.7,390.0,3431.49,0.97,True,Active,ArslanAzad,None,Normal,5: Lying down (controlled)
1790275618.3336833,12271,Person 24,54.9,3427.5,240.0,3432.58,1.05,True,Active,ArslanAzad,None,Normal,5: Lying down (controlled)
1790275618.4118028,12272,Person 24,55.8,3428.1,-240.0,3431.65,1.12,True,Active,ArslanAzad,None,Normal,5: Lying down (controlled)
1790275618.4926598,12273,Person 24,58.0,3429.0,320.0,3432.84,1.27,True,Active,ArslanAzad,None,Normal,5: Lying down (controlled)
1790275618.586406,12274,Person 24,60.7,3430.0,240.0,3433.98,1.37,True,Active,ArslanAzad,None,Normal,5: Lying down (controlled)
1790275618.6957731,12275,Person 24,63.8,3430.7,320.0,3434.03,1.4,True,Active,ArslanAzad,None,Normal,5: Lying down (controlled)
1790275618.7738943,12276,Person 24,67.5,3431.5,240.0,3436.13,1.47,True,Active,ArslanAzad,None,Normal,5: Lying down (controlled)
1790275618.867637,12277,Person 24,71.1,3432.2,240.0,3436.1,1.45,True,Active,ArslanAzad,None,Normal,5: Lying down (controlled)
1790275618.9457774,12278,Person 24,74.7,3432.7,320.0,3436.15,1.48,True,Active,ArslanAzad,None,Normal,5: Lying down (controlled)
1790275619.0638633,12279,Person 24,78.5,3433.4,240.0,3438.2,1.52,True,Active,ArslanAzad,None,Normal,5: Lying down (controlled)
1790275619.1576066,12280,Person 24,81.7,3434.0,320.0,3438.18,1.5,True,Active,ArslanAzad,None,Normal,5: Lying down (controlled)
1790275619.2357047,12281,Person 24,84.3,3434.8,320.0,3441.15,1.48,True,Active,ArslanAzad,None,Normal,5: Lying down (controlled)
1790275619.3294535,12282,Person 24,86.5,3435.7,240.0,3441.15,1.48,True,Active,ArslanAzad,None,Normal,5: Lying down (controlled)
1790275619.407591,12283,Person 24,87.6,3436.4,-160.0,3440.1,1.45,True,Active,ArslanAzad,None,Normal,5: Lying down (controlled)
1790275619.4700859,12284,Person 24,88.2,3437.1,240.0,3441.13,1.47,True,Active,ArslanAzad,None,Normal,5: Lying down (controlled)
1790275619.5670395,12285,Person 24,88.8,3437.6,240.0,3439.18,1.5,True,Active,ArslanAzad,None,Normal,5: Lying down (controlled)
1790275619.6607826,12286,Person 24,89.2,3437.7,320.0,3437.23,1.53,True,Active,ArslanAzad,None,Normal,5: Lying down (controlled)
1790275619.7545273,12287,Person 24,90.2,3437.9,240.0,3438.37,1.62,True,Active,ArslanAzad,None,Normal,5: Lying down (controlled)
1790275619.8326457,12288,Person 24,91.3,3438.1,240.0,3438.45,1.67,True,Active,ArslanAzad,None,Normal,5: Lying down (controlled)
1790275619.9263895,12289,Person 24,93.0,3438.3,320.0,3440.7,1.8,True,Active,ArslanAzad,None,Normal,5: Lying down (controlled)
1790275620.0404494,12290,Person 24,95.2,3438.8,560.0,3443.82,1.86,True,Active,ArslanAzad,None,Normal,5: Lying down (controlled)
1790275620.1185682,12291,Person 24,97.8,3439.1,320.0,3444.92,1.91,True,Active,ArslanAzad,None,Normal,5: Lying down (controlled)
1790275620.1966891,12292,Person 24,100.6,3439.6,390.0,3446.99,1.95,True,Active,ArslanAzad,None,Normal,5: Lying down (controlled)
1790275620.290431,12293,Person 24,103.8,3440.2,240.0,3447.05,1.98,True,Active,ArslanAzad,None,Normal,5: Lying down (controlled)
1790275620.3685706,12294,Person 24,106.6,3440.3,-240.0,3442.95,1.93,True,Active,ArslanAzad,None,Normal,5: Lying down (controlled)
1790275620.4622934,12295,Person 24,109.1,3440.4,320.0,3440.92,1.92,True,Active,ArslanAzad,None,Normal,5: Lying down (controlled)
1790275620.5591645,12296,Person 24,111.0,3440.5,560.0,3438.79,1.85,True,Active,ArslanAzad,None,Normal,5: Lying down (controlled)
1790275620.6529078,12297,Person 24,112.3,3440.3,320.0,3436.76,1.83,True,Active,ArslanAzad,None,Normal,5: Lying down (controlled)
1790275620.7310493,12298,Person 24,113.2,3440.3,560.0,3438.73,1.82,True,Active,ArslanAzad,None,Normal,5: Lying down (controlled)
1790275620.8872666,12299,Person 24,112.9,3440.1,560.0,3438.6,1.75,True,Active,ArslanAzad,None,Normal,5: Lying down (controlled)
1790275620.9341588,12300,Person 24,111.5,3439.7,390.0,3439.4,1.63,True,Active,ArslanAzad,None,Normal,5: Lying down (controlled)
1790275620.996633,12301,Person 24,108.9,3439.3,560.0,3440.15,1.48,True,Active,ArslanAzad,None,Normal,5: Lying down (controlled)
1790275621.0953422,12302,Person 24,105.4,3438.8,320.0,3440.98,1.37,True,Active,ArslanAzad,None,Normal,5: Lying down (controlled)
1790275621.173481,12303,Person 24,101.5,3438.5,390.0,3442.93,1.33,True,Active,ArslanAzad,None,Normal,5: Lying down (controlled)
1790275621.2515998,12304,Person 24,98.2,3438.7,240.0,3444.0,1.38,True,Active,ArslanAzad,None,Normal,5: Lying down (controlled)
1790275621.3609457,12305,Person 24,95.2,3438.8,-240.0,3441.05,1.42,True,Active,ArslanAzad,None,Normal,5: Lying down (controlled)
1790275621.4546902,12306,Person 24,93.3,3439.3,320.0,3443.23,1.53,True,Active,ArslanAzad,None,Normal,5: Lying down (controlled)
1790275621.5514,12307,Person 24,92.1,3440.0,560.0,3443.39,1.63,True,Active,ArslanAzad,None,Normal,5: Lying down (controlled)
1790275621.613896,12308,Person 24,91.8,3440.6,320.0,3444.63,1.76,True,Active,ArslanAzad,None,Normal,5: Lying down (controlled)
1790275621.7076385,12309,Person 24,92.8,3441.4,240.0,3446.92,1.91,True,Active,ArslanAzad,None,Normal,5: Lying down (controlled)
1790275621.78578,12310,Person 24,95.1,3442.2,240.0,3448.12,2.01,True,Active,ArslanAzad,None,Normal,5: Lying down (controlled)
1790275621.9107711,12311,Person 24,98.2,3443.1,320.0,3450.09,1.99,True,Active,ArslanAzad,None,Normal,5: Lying down (controlled)
1790275621.973248,12312,Person 24,101.6,3444.1,560.0,3451.95,1.93,True,Active,ArslanAzad,None,Normal,5: Lying down (controlled)
1790275622.051413,12313,Person 24,104.7,3444.9,320.0,3451.79,1.84,True,Active,ArslanAzad,None,Normal,5: Lying down (controlled)
1790275622.145135,12314,Person 24,107.3,3445.7,390.0,3452.72,1.81,True,Active,ArslanAzad,None,Normal,5: Lying down (controlled)
1790275622.2701266,12315,Person 24,109.9,3446.7,240.0,3451.79,1.84,True,Active,ArslanAzad,None,Normal,5: Lying down (controlled)
1790275622.3482459,12316,Person 24,111.9,3447.4,390.0,3450.82,1.86,True,Active,ArslanAzad,None,Normal,5: Lying down (controlled)
1790275622.4420109,12317,Person 24,113.8,3448.0,240.0,3449.98,1.94,True,Active,ArslanAzad,None,Normal,5: Lying down (controlled)
1790275622.5045052,12318,Person 24,115.0,3448.2,560.0,3447.02,1.96,True,Active,ArslanAzad,None,Normal,5: Lying down (controlled)
1790275622.6480403,12319,Person 24,115.9,3448.2,320.0,3447.23,2.06,True,Active,ArslanAzad,None,Normal,5: Lying down (controlled)
1790275622.6949308,12320,Person 24,116.4,3448.3,240.0,3449.3,2.09,True,Active,ArslanAzad,None,Normal,5: Lying down (controlled)
1790275622.788655,12321,Person 24,117.0,3448.0,240.0,3447.3,2.09,True,Active,ArslanAzad,None,Normal,5: Lying down (controlled)
1790275622.8667734,12322,Person 24,117.6,3447.6,320.0,3448.16,2.03,True,Active,ArslanAzad,None,Normal,5: Lying down (controlled)
1790275622.9605377,12323,Person 24,118.6,3447.3,240.0,3449.12,2.01,True,Active,ArslanAzad,None,Normal,5: Lying down (controlled)
1790275623.0414195,12324,Person 24,120.1,3446.9,320.0,3449.23,2.06,True,Active,ArslanAzad,None,Normal,5: Lying down (controlled)
1790275623.150769,12325,Person 24,121.7,3446.9,320.0,3452.34,2.11,True,Active,ArslanAzad,None,Normal,5: Lying down (controlled)
1790275623.2288854,12326,Person 24,123.3,3447.1,240.0,3453.37,2.12,True,Active,ArslanAzad,None,Normal,5: Lying down (controlled)
1790275623.32265,12327,Person 24,123.9,3447.6,320.0,3455.19,2.04,True,Active,ArslanAzad,None,Normal,5: Lying down (controlled)
1790275623.400748,12328,Person 24,124.2,3448.7,240.0,3458.12,2.01,True,Active,ArslanAzad,None,Normal,5: Lying down (controlled)
1790275623.478868,12329,Person 24,123.3,3449.8,240.0,3457.91,1.91,True,Active,ArslanAzad,None,Normal,5: Lying down (controlled)
1790275623.6539702,12330,Person 24,121.7,3450.7,320.0,3457.75,1.82,True,Active,ArslanAzad,None,Normal,5: Lying down (controlled)
1790275623.732086,12331,Person 24,120.2,3451.8,240.0,3457.78,1.84,True,Active,ArslanAzad,None,Normal,5: Lying down (controlled)
1790275623.810205,12332,Person 24,118.8,3452.7,320.0,3456.69,1.79,True,Active,ArslanAzad,None,Normal,5: Lying down (controlled)
1790275623.8727007,12333,Person 24,117.8,3453.5,320.0,3456.78,1.84,True,Active,ArslanAzad,None,Normal,5: Lying down (controlled)
1790275623.9351974,12334,Person 24,116.4,3454.2,560.0,3455.75,1.82,True,Active,ArslanAzad,None,Normal,5: Lying down (controlled)
1790275624.0299454,12335,Person 24,114.7,3454.6,320.0,3455.75,1.82,True,Active,ArslanAzad,None,Normal,5: Lying down (controlled)
1790275624.1268673,12336,Person 24,112.7,3455.2,320.0,3458.69,1.79,True,Active,ArslanAzad,None,Normal,5: Lying down (controlled)
1790275624.2205894,12337,Person 24,110.7,3455.9,240.0,3461.53,1.71,True,Active,ArslanAzad,None,Normal,5: Lying down (controlled)
1790275624.2831063,12338,Person 24,108.3,3456.0,-160.0,3458.36,1.61,True,Active,ArslanAzad,None,Normal,5: Lying down (controlled)
1790275624.37683,12339,Person 24,105.8,3456.1,240.0,3458.17,1.49,True,Active,ArslanAzad,None,Normal,5: Lying down (controlled)
1790275624.4861958,12340,Person 24,102.8,3456.0,-240.0,3455.93,1.33,True,Active,ArslanAzad,None,Normal,5: Lying down (controlled)
1790275624.568571,12341,Person 24,99.0,3455.7,320.0,3453.77,1.21,True,Active,ArslanAzad,None,Normal,5: Lying down (controlled)
1790275624.6623333,12342,Person 24,94.9,3455.3,240.0,3451.65,1.11,True,Active,ArslanAzad,None,Normal,5: Lying down (controlled)
1790275624.7248297,12343,Person 24,90.3,3454.6,320.0,3448.61,1.08,True,Active,ArslanAzad,None,Normal,5: Lying down (controlled)
1790275624.8498213,12344,Person 24,86.1,3454.0,320.0,3448.67,1.13,True,Active,ArslanAzad,None,Normal,5: Lying down (controlled)
1790275624.9122965,12345,Person 24,82.0,3453.3,240.0,3447.69,1.15,True,Active,ArslanAzad,None,Normal,5: Lying down (controlled)
1790275625.0060391,12346,Person 24,78.1,3452.4,320.0,3448.69,1.15,True,Active,ArslanAzad,None,Normal,5: Lying down (controlled)
1790275625.087129,12347,Person 24,74.6,3451.4,560.0,3450.67,1.13,True,Active,ArslanAzad,None,Normal,5: Lying down (controlled)
1790275625.1808708,12348,Person 24,71.0,3450.9,320.0,3452.54,1.01,True,Active,ArslanAzad,None,Normal,5: Lying down (controlled)
1790275625.2902384,12349,Person 24,67.8,3450.7,390.0,3455.49,0.96,True,Active,ArslanAzad,None,Normal,5: Lying down (controlled)
1790275625.352735,12350,Person 24,65.8,3450.6,240.0,3454.52,1.0,True,Active,ArslanAzad,None,Normal,5: Lying down (controlled)
1790275625.446478,12351,Person 24,64.4,3450.4,-160.0,3451.5,0.98,True,Active,ArslanAzad,None,Normal,5: Lying down (controlled)
1790275625.5445237,12352,Person 24,63.6,3450.3,320.0,3450.5,0.98,True,Active,ArslanAzad,None,Normal,5: Lying down (controlled)
1790275625.6226668,12353,Person 24,62.8,3450.4,240.0,3449.47,0.95,True,Active,ArslanAzad,None,Normal,5: Lying down (controlled)
1790275625.7320144,12354,Person 24,61.9,3450.5,320.0,3449.5,0.98,True,Active,ArslanAzad,None,Normal,5: Lying down (controlled)
1790275625.7945094,12355,Person 24,60.9,3450.8,240.0,3450.5,0.98,True,Active,ArslanAzad,None,Normal,5: Lying down (controlled)
1790275625.9195,12356,Person 24,59.6,3450.9,240.0,3449.45,0.93,True,Active,ArslanAzad,None,Normal,5: Lying down (controlled)
1790275625.9976215,12357,Person 24,57.9,3450.8,320.0,3449.38,0.85,True,Active,ArslanAzad,None,Normal,5: Lying down (controlled)
1790275626.0629127,12358,Person 24,56.7,3450.4,240.0,3448.35,0.81,True,Active,ArslanAzad,None,Normal,5: Lying down (controlled)
1790275626.172279,12359,Person 24,55.7,3449.7,320.0,3448.33,0.8,True,Active,ArslanAzad,None,Normal,5: Lying down (controlled)
1790275626.250419,12360,Person 24,54.9,3449.3,320.0,3450.39,0.86,True,Active,ArslanAzad,None,Normal,5: Lying down (controlled)
1790275626.3441622,12361,Person 24,54.4,3449.1,240.0,3449.42,0.9,True,Active,ArslanAzad,None,Normal,5: Lying down (controlled)
1790275626.4222627,12362,Person 24,54.3,3449.0,390.0,3449.49,0.96,True,Active,ArslanAzad,None,Normal,5: Lying down (controlled)
1790275626.5160055,12363,Person 24,55.3,3449.0,240.0,3449.65,1.11,True,Active,ArslanAzad,None,Normal,5: Lying down (controlled)
1790275626.597139,12364,Person 24,57.0,3449.1,560.0,3450.84,1.26,True,Active,ArslanAzad,None,Normal,5: Lying down (controlled)
1790275626.713526,12365,Person 24,59.5,3449.3,320.0,3453.02,1.39,True,Active,ArslanAzad,None,Normal,5: Lying down (controlled)
1790275626.7916448,12366,Person 24,62.8,3449.7,560.0,3454.15,1.48,True,Active,ArslanAzad,None,Normal,5: Lying down (controlled)
1790275626.8853877,12367,Person 24,66.9,3450.0,320.0,3453.23,1.53,True,Active,ArslanAzad,None,Normal,5: Lying down (controlled)
1790275626.9478838,12368,Person 24,71.4,3450.5,560.0,3454.28,1.56,True,Active,ArslanAzad,None,Normal,5: Lying down (controlled)
1790275627.041627,12369,Person 24,75.7,3450.9,560.0,3453.2,1.51,True,Active,ArslanAzad,None,Normal,5: Lying down (controlled)
1790275627.1474123,12370,Person 24,79.5,3451.3,320.0,3455.17,1.49,True,Active,ArslanAzad,None,Normal,5: Lying down (controlled)
1790275627.2255316,12371,Person 24,82.4,3451.8,560.0,3455.0,1.38,True,Active,ArslanAzad,None,Normal,5: Lying down (controlled)
1790275627.3349001,12372,Person 24,84.5,3452.3,320.0,3454.9,1.31,True,Active,ArslanAzad,None,Normal,5: Lying down (controlled)
1790275627.3974175,12373,Person 24,85.9,3452.9,390.0,3455.95,1.34,True,Active,ArslanAzad,None,Normal,5: Lying down (controlled)
1790275627.4911377,12374,Person 24,86.7,3453.3,240.0,3455.02,1.39,True,Active,ArslanAzad,None,Normal,5: Lying down (controlled)
1790275627.6251652,12375,Person 24,86.9,3453.2,-160.0,3452.07,1.43,True,Active,ArslanAzad,None,Normal,5: Lying down (controlled)
1790275627.68764,12376,Person 24,87.4,3452.8,240.0,3450.28,1.56,True,Active,ArslanAzad,None,Normal,5: Lying down (controlled)
1790275627.7813835,12377,Person 24,87.9,3452.3,240.0,3448.36,1.61,True,Active,ArslanAzad,None,Normal,5: Lying down (controlled)
1790275627.8751295,12378,Person 24,88.9,3451.6,320.0,3447.57,1.73,True,Active,ArslanAzad,None,Normal,5: Lying down (controlled)
1790275627.9688742,12379,Person 24,90.8,3451.1,240.0,3448.75,1.83,True,Active,ArslanAzad,None,Normal,5: Lying down (controlled)
1790275628.0469902,12380,Person 24,92.9,3450.3,320.0,3447.79,1.84,True,Active,ArslanAzad,None,Normal,5: Lying down (controlled)
1790275628.1279142,12381,Person 24,95.5,3449.6,320.0,3448.72,1.81,True,Active,ArslanAzad,None,Normal,5: Lying down (controlled)
1790275628.2060354,12382,Person 24,98.5,3449.0,240.0,3449.72,1.81,True,Active,ArslanAzad,None,Normal,5: Lying down (controlled)
1790275628.2841752,12383,Person 24,101.2,3448.3,320.0,3449.69,1.79,True,Active,ArslanAzad,None,Normal,5: Lying down (controlled)
1790275628.4247699,12384,Person 24,103.8,3447.8,240.0,3450.75,1.83,True,Active,ArslanAzad,None,Normal,5: Lying down (controlled)
1790275628.4872687,12385,Person 24,106.4,3447.5,320.0,3449.82,1.86,True,Active,ArslanAzad,None,Normal,5: Lying down (controlled)
1790275628.5697925,12386,Person 24,108.0,3447.4,390.0,3449.75,1.83,True,Active,ArslanAzad,None,Normal,5: Lying down (controlled)
1790275628.6635423,12387,Person 24,109.3,3447.6,240.0,3450.75,1.83,True,Active,ArslanAzad,None,Normal,5: Lying down (controlled)
1790275628.741658,12388,Person 24,109.9,3447.9,320.0,3450.75,1.83,True,Active,ArslanAzad,None,Normal,5: Lying down (controlled)
1790275628.8197796,12389,Person 24,110.3,3448.1,320.0,3450.88,1.89,True,Active,ArslanAzad,None,Normal,5: Lying down (controlled)
1790275628.9447913,12390,Person 24,110.6,3448.2,240.0,3448.88,1.89,True,Active,ArslanAzad,None,Normal,5: Lying down (controlled)
1790275629.0072649,12391,Person 24,111.5,3448.2,320.0,3449.02,1.96,True,Active,ArslanAzad,None,Normal,5: Lying down (controlled)
1790275629.106077,12392,Person 24,112.6,3448.2,240.0,3450.09,1.99,True,Active,ArslanAzad,None,Normal,5: Lying down (controlled)
1790275629.1841972,12393,Person 24,113.7,3448.1,240.0,3449.05,1.98,True,Active,ArslanAzad,None,Normal,5: Lying down (controlled)
1790275629.2622948,12394,Person 24,114.1,3448.0,320.0,3449.88,1.89,True,Active,ArslanAzad,None,Normal,5: Lying down (controlled)
1790275629.3716846,12395,Person 24,114.0,3448.2,240.0,3451.79,1.84,True,Active,ArslanAzad,None,Normal,5: Lying down (controlled)
1790275629.465406,12396,Person 24,113.9,3448.1,320.0,3448.72,1.81,True,Active,ArslanAzad,None,Normal,5: Lying down (controlled)
1790275629.5435276,12397,Person 24,114.0,3448.0,320.0,3449.79,1.84,True,Active,ArslanAzad,None,Normal,5: Lying down (controlled)
1790275629.6243944,12398,Person 24,114.7,3447.7,240.0,3447.99,1.94,True,Active,ArslanAzad,None,Normal,5: Lying down (controlled)
1790275629.7806127,12399,Person 24,115.4,3447.4,320.0,3448.12,2.01,True,Active,ArslanAzad,None,Normal,5: Lying down (controlled)
1790275629.827505,12400,Person 24,117.1,3447.5,240.0,3450.49,2.18,True,Active,ArslanAzad,None,Normal,5: Lying down (controlled)
1790275629.905606,12401,Person 24,119.2,3447.7,240.0,3451.8,2.31,True,Active,ArslanAzad,None,Normal,5: Lying down (controlled)
1790275630.0149705,12402,Person 24,121.9,3448.0,320.0,3454.13,2.44,True,Active,ArslanAzad,None,Normal,5: Lying down (controlled)
1790275630.1115637,12403,Person 24,125.1,3448.6,240.0,3456.3,2.5,True,Active,ArslanAzad,None,Normal,5: Lying down (controlled)
1790275630.1740599,12404,Person 24,128.8,3448.9,320.0,3454.3,2.51,True,Active,ArslanAzad,None,Normal,5: Lying down (controlled)
1790275630.2521784,12405,Person 24,132.3,3449.0,320.0,3454.09,2.42,True,Active,ArslanAzad,None,Normal,5: Lying down (controlled)
1790275630.345922,12406,Person 24,135.2,3449.3,560.0,3452.76,2.29,True,Active,ArslanAzad,None,Normal,5: Lying down (controlled)
1790275630.4396853,12407,Person 24,137.5,3449.4,320.0,3451.6,2.22,True,Active,ArslanAzad,None,Normal,5: Lying down (controlled)
1790275630.5177846,12408,Person 24,139.4,3450.2,320.0,3456.68,2.25,True,Active,ArslanAzad,None,Normal,5: Lying down (controlled)
1790275630.6355126,12409,Person 24,141.3,3451.1,240.0,3457.84,2.32,True,Active,ArslanAzad,None,Normal,5: Lying down (controlled)
1790275630.6980293,12410,Person 24,142.4,3452.0,390.0,3459.92,2.35,True,Active,ArslanAzad,None,Normal,5: Lying down (controlled)
1790275630.807396,12411,Person 24,143.4,3452.9,240.0,3461.21,2.47,True,Active,ArslanAzad,None,Normal,5: Lying down (controlled)
1790275630.8698702,12412,Person 24,144.1,3453.6,560.0,3461.43,2.55,True,Active,ArslanAzad,None,Normal,5: Lying down (controlled)
1790275630.9636352,12413,Person 24,145.0,3454.3,320.0,3463.7,2.65,True,Active,ArslanAzad,None,Normal,5: Lying down (controlled)
1790275631.0573795,12414,Person 24,146.2,3455.4,560.0,3465.84,2.7,True,Active,ArslanAzad,None,Normal,5: Lying down (controlled)
1790275631.154652,12415,Person 24,147.6,3456.4,320.0,3464.7,2.65,True,Active,ArslanAzad,None,Normal,5: Lying down (controlled)
1790275631.2484162,12416,Person 24,149.0,3457.5,560.0,3464.34,2.51,True,Active,ArslanAzad,None,Normal,5: Lying down (controlled)
1790275631.3265154,12417,Person 24,149.8,3458.5,560.0,3461.91,2.35,True,Active,ArslanAzad,None,Normal,5: Lying down (controlled)
1790275631.4046557,12418,Person 24,149.2,3458.4,-160.0,3455.45,2.16,True,Active,ArslanAzad,None,Normal,5: Lying down (controlled)
1790275631.5140038,12419,Person 24,147.3,3457.9,560.0,3452.12,2.01,True,Active,ArslanAzad,None,Normal,5: Lying down (controlled)
1790275631.576498,12420,Person 24,144.8,3457.0,320.0,3449.98,1.94,True,Active,ArslanAzad,None,Normal,5: Lying down (controlled)
1790275631.6732707,12421,Person 24,141.0,3455.8,-160.0,3447.79,1.84,True,Active,ArslanAzad,None,Normal,5: Lying down (controlled)
1790275631.7670164,12422,Person 24,136.7,3454.5,240.0,3446.79,1.85,True,Active,ArslanAzad,None,Normal,5: Lying down (controlled)
1790275631.845155,12423,Person 24,131.7,3452.6,-160.0,3442.76,1.83,True,Active,ArslanAzad,None,Normal,5: Lying down (controlled)
1790275631.954501,12424,Person 24,126.7,3450.5,320.0,3442.85,1.88,True,Active,ArslanAzad,None,Normal,5: Lying down (controlled)
1790275632.0326421,12425,Person 24,122.1,3448.4,240.0,3441.89,1.9,True,Active,ArslanAzad,None,Normal,5: Lying down (controlled)
1790275632.1107397,12426,Person 24,118.2,3446.4,320.0,3442.85,1.88,True,Active,ArslanAzad,None,Normal,5: Lying down (controlled)
1790275632.220107,12427,Person 24,115.1,3444.9,240.0,3445.79,1.85,True,Active,ArslanAzad,None,Normal,5: Lying down (controlled)
1790275632.298248,12428,Person 24,112.8,3444.0,240.0,3445.66,1.78,True,Active,ArslanAzad,None,Normal,5: Lying down (controlled)
1790275632.4232223,12429,Person 24,111.3,3443.4,320.0,3445.63,1.76,True,Active,ArslanAzad,None,Normal,5: Lying down (controlled)
1790275632.501362,12430,Person 24,109.8,3443.2,560.0,3447.51,1.7,True,Active,ArslanAzad,None,Normal,5: Lying down (controlled)
1790275632.6024523,12431,Person 24,108.9,3443.2,320.0,3447.51,1.7,True,Active,ArslanAzad,None,Normal,5: Lying down (controlled)
1790275632.6805766,12432,Person 24,108.3,3443.6,390.0,3450.6,1.74,True,Active,ArslanAzad,None,Normal,5: Lying down (controlled)
1790275632.7430701,12433,Person 24,108.1,3444.4,240.0,3450.69,1.79,True,Active,ArslanAzad,None,Normal,5: Lying down (controlled)
1790275632.8524404,12434,Person 24,107.4,3445.2,390.0,3450.63,1.76,True,Active,ArslanAzad,None,Normal,5: Lying down (controlled)
1790275632.914955,12435,Person 24,106.8,3446.2,240.0,3451.69,1.79,True,Active,ArslanAzad,None,Normal,5: Lying down (controlled)
1790275633.0243213,12436,Person 24,106.0,3447.0,560.0,3450.6,1.74,True,Active,ArslanAzad,None,Normal,5: Lying down (controlled)
1790275633.1024218,12437,Person 24,105.6,3447.6,320.0,3451.66,1.78,True,Active,ArslanAzad,None,Normal,5: Lying down (controlled)
1790275633.1805665,12438,Person 24,105.4,3448.4,240.0,3453.6,1.74,True,Active,ArslanAzad,None,Normal,5: Lying down (controlled)
1790275633.274311,12439,Person 24,104.9,3449.1,320.0,3452.48,1.68,True,Active,ArslanAzad,None,Normal,5: Lying down (controlled)
1790275633.368055,12440,Person 24,104.5,3449.7,320.0,3453.39,1.63,True,Active,ArslanAzad,None,Normal,5: Lying down (controlled)
1790275633.461799,12441,Person 24,103.4,3450.3,240.0,3453.2,1.51,True,Active,ArslanAzad,None,Normal,5: Lying down (controlled)
1790275633.5555425,12442,Person 24,101.7,3450.6,320.0,3453.12,1.46,True,Active,ArslanAzad,None,Normal,5: Lying down (controlled)
1790275633.6222143,12443,Person 24,99.6,3451.1,240.0,3455.1,1.44,True,Active,ArslanAzad,None,Normal,5: Lying down (controlled)
1790275633.7315605,12444,Person 24,97.6,3451.6,320.0,3455.07,1.43,True,Active,ArslanAzad,None,Normal,5: Lying down (controlled)
1790275633.809701,12445,Person 24,95.1,3452.2,320.0,3457.0,1.38,True,Active,ArslanAzad,None,Normal,5: Lying down (controlled)
1790275633.907572,12446,Person 24,92.9,3453.1,240.0,3459.0,1.37,True,Active,ArslanAzad,None,Normal,5: Lying down (controlled)
1790275633.9856923,12447,Person 24,90.3,3453.9,320.0,3458.95,1.34,True,Active,ArslanAzad,None,Normal,5: Lying down (controlled)
1790275634.0794346,12448,Person 24,88.1,3454.4,320.0,3458.0,1.38,True,Active,ArslanAzad,None,Normal,5: Lying down (controlled)
1790275634.1568515,12449,Person 24,86.3,3455.0,240.0,3458.0,1.38,True,Active,ArslanAzad,None,Normal,5: Lying down (controlled)
1790275634.2818646,12450,Person 24,84.7,3455.4,320.0,3456.97,1.36,True,Active,ArslanAzad,None,Normal,5: Lying down (controlled)
1790275634.3443415,12451,Person 24,83.8,3456.0,240.0,3458.97,1.36,True,Active,ArslanAzad,None,Normal,5: Lying down (controlled)
1790275634.4381042,12452,Person 24,82.9,3456.7,240.0,3459.9,1.31,True,Active,ArslanAzad,None,Normal,5: Lying down (controlled)
1790275634.5162225,12453,Person 24,82.0,3457.4,320.0,3461.88,1.29,True,Active,ArslanAzad,None,Normal,5: Lying down (controlled)
1790275634.612828,12454,Person 24,81.2,3458.2,240.0,3462.88,1.29,True,Active,ArslanAzad,None,Normal,5: Lying down (controlled)
1790275634.6909504,12455,Person 24,80.6,3459.0,320.0,3464.86,1.27,True,Active,ArslanAzad,None,Normal,5: Lying down (controlled)
1790275634.8003178,12456,Person 24,79.7,3460.0,320.0,3468.79,1.22,True,Active,ArslanAzad,None,Normal,5: Lying down (controlled)
1790275634.8784394,12457,Person 24,78.5,3461.3,240.0,3471.69,1.14,True,Active,ArslanAzad,None,Normal,5: Lying down (controlled)
1790275634.9878263,12458,Person 24,76.2,3462.8,-160.0,3472.52,0.99,True,Active,ArslanAzad,None,Normal,5: Lying down (controlled)
1790275635.050321,12459,Person 24,73.3,3464.6,240.0,3475.42,0.89,True,Active,ArslanAzad,None,Normal,5: Lying down (controlled)
1790275635.1744566,12460,Person 24,70.1,3466.2,240.0,3472.36,0.83,True,Active,ArslanAzad,None,Normal,5: Lying down (controlled)
1790275635.2369752,12461,Person 24,66.8,3467.3,320.0,3469.35,0.81,True,Active,ArslanAzad,None,Normal,5: Lying down (controlled)
1790275635.3150718,12462,Person 24,63.9,3468.2,240.0,3468.36,0.83,True,Active,ArslanAzad,None,Normal,5: Lying down (controlled)
1790275635.4088378,12463,Person 24,61.0,3468.7,240.0,3466.35,0.81,True,Active,ArslanAzad,None,Normal,5: Lying down (controlled)
1790275635.5181835,12464,Person 24,58.5,3469.1,320.0,3466.41,0.88,True,Active,ArslanAzad,None,Normal,5: Lying down (controlled)
1790275635.5806785,12465,Person 24,56.3,3469.4,240.0,3467.44,0.91,True,Active,ArslanAzad,None,Normal,5: Lying down (controlled)
1790275635.6682467,12466,Person 24,54.4,3469.2,320.0,3466.44,0.91,True,Active,ArslanAzad,None,Normal,5: Lying down (controlled)
1790275635.771999,12467,Person 24,53.1,3468.8,390.0,3467.45,0.93,True,Active,ArslanAzad,None,Normal,5: Lying down (controlled)
1790275635.8501184,12468,Person 24,52.6,3468.2,240.0,3466.44,0.91,True,Active,ArslanAzad,None,Normal,5: Lying down (controlled)
1790275635.943864,12469,Person 24,52.2,3467.0,160.0,3463.36,0.83,True,Active,ArslanAzad,None,Normal,5: Lying down (controlled)
1790275636.037626,12470,Person 24,51.9,3465.9,320.0,3461.32,0.78,True,Active,ArslanAzad,None,Normal,5: Lying down (controlled)
1790275636.1969564,12471,Person 24,51.7,3464.9,240.0,3459.32,0.78,True,Active,ArslanAzad,None,Normal,5: Lying down (controlled)
1790275636.2594702,12472,Person 24,51.4,3464.0,320.0,3459.32,0.78,True,Active,ArslanAzad,None,Normal,5: Lying down (controlled)
1790275636.3063421,12473,Person 24,51.5,3463.5,240.0,3461.36,0.83,True,Active,ArslanAzad,None,Normal,5: Lying down (controlled)
1790275636.4000862,12474,Person 24,51.3,3463.0,240.0,3461.38,0.84,True,Active,ArslanAzad,None,Normal,5: Lying down (controlled)
1790275636.4781857,12475,Person 24,51.2,3462.5,320.0,3462.42,0.89,True,Active,ArslanAzad,None,Normal,5: Lying down (controlled)
1790275636.5719268,12476,Person 24,51.0,3462.2,240.0,3463.41,0.88,True,Active,ArslanAzad,None,Normal,5: Lying down (controlled)
1790275636.67005,12477,Person 24,50.6,3461.7,320.0,3462.39,0.86,True,Active,ArslanAzad,None,Normal,5: Lying down (controlled)
1790275636.7794187,12478,Person 24,50.4,3461.4,320.0,3463.41,0.88,True,Active,ArslanAzad,None,Normal,5: Lying down (controlled)
1790275636.857535,12479,Person 24,50.8,3461.2,240.0,3461.42,0.89,True,Active,ArslanAzad,None,Normal,5: Lying down (controlled)
