timestamp,sequence_id,target_id,x_mm,y_mm,speed_mms,distance_mm,angle_deg,valid,status,volunteer_id,fall_subtype,pace_variant,action_label
1790275837.3519046,14730,Person 28,-4.3,1107.5,-640.0,1237.27,-2.59,True,Active,ArslanAzad,None,Normal,1: Walking
1790275837.419016,14731,Person 28,-13.5,1131.5,-480.0,1281.32,-3.45,True,Active,ArslanAzad,None,Normal,1: Walking
1790275837.481144,14732,Person 28,-24.9,1158.6,-480.0,1320.72,-4.3,True,Active,ArslanAzad,None,Normal,1: Walking
1790275837.5470834,14733,Person 28,-38.8,1188.6,-320.0,1361.57,-5.18,True,Active,ArslanAzad,None,Normal,1: Walking
1790275837.625203,14734,Person 28,-55.8,1224.5,-240.0,1435.61,-6.28,True,Active,ArslanAzad,None,Normal,1: Walking
1790275837.6720958,14735,Person 28,-73.1,1265.2,-240.0,1496.35,-6.41,True,Active,ArslanAzad,None,Normal,1: Walking
1790275837.734571,14736,Person 28,-90.8,1307.4,-160.0,1526.07,-6.58,True,Active,ArslanAzad,None,Normal,1: Walking
1790275837.7814436,14737,Person 28,-110.0,1350.6,-240.0,1552.92,-7.1,True,Active,ArslanAzad,None,Normal,1: Walking
1790275837.901394,14738,Person 28,-128.6,1391.9,80.0,1578.85,-7.31,True,Active,ArslanAzad,None,Normal,1: Walking
1790275838.0165317,14739,Person 28,-145.9,1430.8,-80.0,1597.13,-7.63,True,Active,ArslanAzad,None,Normal,1: Walking
1790275838.1295,14740,Person 28,-163.0,1467.3,80.0,1617.01,-8.07,True,Active,ArslanAzad,None,Normal,1: Walking
1790275838.2015119,14741,Person 28,-178.6,1501.3,240.0,1635.68,-8.19,True,Active,ArslanAzad,None,Normal,1: Walking
1790275838.2516515,14742,Person 28,-192.2,1533.0,160.0,1650.81,-8.18,True,Active,ArslanAzad,None,Normal,1: Walking
1790275838.3183682,14743,Person 28,-204.0,1562.4,80.0,1667.51,-8.31,True,Active,ArslanAzad,None,Normal,1: Walking
1790275838.4021955,14744,Person 28,-212.8,1586.2,80.0,1682.93,-8.37,True,Active,ArslanAzad,None,Normal,1: Walking
1790275838.486154,14745,Person 28,-222.1,1605.1,160.0,1696.05,-8.82,True,Active,ArslanAzad,None,Normal,1: Walking
1790275838.569025,14746,Person 28,-231.6,1621.9,390.0,1705.51,-9.11,True,Active,ArslanAzad,None,Normal,1: Walking
1790275838.6696758,14747,Person 28,-240.6,1636.1,390.0,1706.46,-9.51,True,Active,ArslanAzad,None,Normal,1: Walking
1790275838.7519069,14748,Person 28,-249.1,1647.7,480.0,1706.14,-9.65,True,Active,ArslanAzad,None,Normal,1: Walking
1790275838.8357852,14749,Person 28,-256.6,1657.3,480.0,1703.35,-9.7,True,Active,ArslanAzad,None,Normal,1: Walking
1790275838.9186554,14750,Person 28,-262.8,1664.6,480.0,1698.76,-9.8,True,Active,ArslanAzad,None,Normal,1: Walking
1790275839.019094,14751,Person 28,-268.1,1669.5,320.0,1692.34,-9.73,True,Active,ArslanAzad,None,Normal,1: Walking
1790275839.134822,14752,Person 28,-272.5,1672.3,320.0,1685.26,-9.53,True,Active,ArslanAzad,None,Normal,1: Walking
1790275839.2021577,14753,Person 28,-275.8,1672.8,320.0,1677.53,-9.4,True,Active,ArslanAzad,None,Normal,1: Walking
1790275839.2903614,14754,Person 28,-278.0,1671.0,390.0,1668.5,-9.21,True,Active,ArslanAzad,None,Normal,1: Walking
1790275839.3676782,14755,Person 28,-278.1,1667.3,480.0,1659.65,-9.05,True,Active,ArslanAzad,None,Normal,1: Walking
1790275839.491442,14756,Person 28,-276.6,1661.9,480.0,1649.83,-8.89,True,Active,ArslanAzad,None,Normal,1: Walking
1790275839.553919,14757,Person 28,-273.3,1655.4,560.0,1637.05,-8.75,True,Active,ArslanAzad,None,Normal,1: Walking
1790275839.647662,14758,Person 28,-269.0,1647.7,560.0,1623.29,-8.61,True,Active,ArslanAzad,None,Normal,1: Walking
1790275839.7257793,14759,Person 28,-263.7,1639.0,480.0,1609.11,-8.36,True,Active,ArslanAzad,None,Normal,1: Walking
1790275839.8195438,14760,Person 28,-255.9,1626.7,480.0,1565.29,-7.75,True,Active,ArslanAzad,None,Normal,1: Walking
1790275839.9288926,14761,Person 28,-245.5,1611.1,320.0,1522.91,-6.86,True,Active,ArslanAzad,None,Normal,1: Walking
1790275840.0114274,14762,Person 28,-233.7,1592.2,320.0,1481.77,-6.24,True,Active,ArslanAzad,None,Normal,1: Walking
1790275840.0895438,14763,Person 28,-221.1,1570.1,320.0,1441.62,-5.89,True,Active,ArslanAzad,None,Normal,1: Walking
1790275840.167664,14764,Person 28,-208.8,1545.5,320.0,1408.38,-5.87,True,Active,ArslanAzad,None,Normal,1: Walking
1790275840.261407,14765,Person 28,-196.4,1518.6,240.0,1376.83,-5.71,True,Active,ArslanAzad,None,Normal,1: Walking
1790275840.370775,14766,Person 28,-183.3,1489.4,240.0,1343.73,-5.29,True,Active,ArslanAzad,None,Normal,1: Walking
1790275840.448897,14767,Person 28,-169.5,1458.3,160.0,1311.7,-4.85,True,Active,ArslanAzad,None,Normal,1: Walking
1790275840.5463145,14768,Person 28,-154.7,1425.4,160.0,1279.53,-4.26,True,Active,ArslanAzad,None,Normal,1: Walking
1790275840.6088126,14769,Person 28,-139.8,1390.7,160.0,1247.9,-3.91,True,Active,ArslanAzad,None,Normal,1: Walking
1790275840.7025554,14770,Person 28,-126.0,1357.0,160.0,1216.19,-3.44,True,Active,ArslanAzad,None,Normal,1: Walking
1790275840.8275666,14771,Person 28,-115.0,1324.0,80.0,1184.19,-3.49,True,Active,ArslanAzad,None,Normal,1: Walking
1790275840.905665,14772,Person 28,-107.6,1292.5,0.0,1161.26,-4.3,True,Active,ArslanAzad,None,Normal,1: Walking
1790275840.9867718,14773,Person 28,-103.0,1262.7,-80.0,1140.57,-5.13,True,Active,ArslanAzad,None,Normal,1: Walking
1790275841.064917,14774,Person 28,-98.9,1234.2,80.0,1120.74,-5.27,True,Active,ArslanAzad,None,Normal,1: Walking
1790275841.143016,14775,Person 28,-93.2,1207.5,-80.0,1105.9,-4.15,True,Active,ArslanAzad,None,Normal,1: Walking
1790275841.2523813,14776,Person 28,-86.5,1182.0,-80.0,1084.5,-3.01,True,Active,ArslanAzad,None,Normal,1: Walking
1790275841.346147,14777,Person 28,-79.5,1158.0,-80.0,1067.79,-2.2,True,Active,ArslanAzad,None,Normal,1: Walking
1790275841.4242482,14778,Person 28,-73.0,1135.8,-80.0,1054.43,-1.63,True,Active,ArslanAzad,None,Normal,1: Walking
1790275841.5057085,14779,Person 28,-67.9,1115.7,-80.0,1044.55,-1.87,True,Active,ArslanAzad,None,Normal,1: Walking
1790275841.6188934,14780,Person 28,-64.3,1098.4,-80.0,1041.66,-2.04,True,Active,ArslanAzad,None,Normal,1: Walking
1790275841.685649,14781,Person 28,-61.2,1084.0,-160.0,1038.81,-2.26,True,Active,ArslanAzad,None,Normal,1: Walking
1790275841.7793746,14782,Person 28,-56.7,1071.6,-80.0,1034.85,-2.33,True,Active,ArslanAzad,None,Normal,1: Walking
1790275841.8731143,14783,Person 28,-50.7,1061.3,-160.0,1033.85,-2.33,True,Active,ArslanAzad,None,Normal,1: Walking
1790275841.9512358,14784,Person 28,-44.6,1052.9,-320.0,1032.85,-2.33,True,Active,ArslanAzad,None,Normal,1: Walking
1790275842.0401998,14785,Person 28,-41.0,1045.8,-320.0,1032.94,-2.44,True,Active,ArslanAzad,None,Normal,1: Walking
1790275842.1183202,14786,Person 28,-39.7,1040.9,-480.0,1034.94,-2.44,True,Active,ArslanAzad,None,Normal,1: Walking
1790275842.2276866,14787,Person 28,-40.0,1038.0,-560.0,1038.93,-2.43,True,Active,ArslanAzad,None,Normal,1: Walking
1790275842.3058066,14788,Person 28,-40.9,1037.1,-560.0,1045.73,-2.14,True,Active,ArslanAzad,None,Normal,1: Walking
1790275842.3995492,14789,Person 28,-41.1,1038.0,-640.0,1053.62,-1.96,True,Active,ArslanAzad,None,Normal,1: Walking
1790275842.4776883,14790,Person 28,-41.5,1040.0,-640.0,1061.79,-2.21,True,Active,ArslanAzad,None,Normal,1: Walking
1790275842.5743043,14791,Person 28,-42.0,1043.4,-480.0,1072.99,-2.46,True,Active,ArslanAzad,None,Normal,1: Walking
1790275842.6680477,14792,Person 28,-42.6,1048.5,-480.0,1086.06,-2.53,True,Active,ArslanAzad,None,Normal,1: Walking
1790275842.7617884,14793,Person 28,-43.0,1055.5,-390.0,1103.96,-2.39,True,Active,ArslanAzad,None,Normal,1: Walking
1790275842.839929,14794,Person 28,-43.4,1067.3,-480.0,1150.92,-2.29,True,Active,ArslanAzad,None,Normal,1: Walking
1790275842.9492757,14795,Person 28,-44.2,1082.7,-480.0,1187.14,-2.51,True,Active,ArslanAzad,None,Normal,1: Walking
1790275843.0145109,14796,Person 28,-45.9,1101.2,-560.0,1220.53,-2.86,True,Active,ArslanAzad,None,Normal,1: Walking
1790275843.108252,14797,Person 28,-48.7,1122.8,-560.0,1256.07,-3.29,True,Active,ArslanAzad,None,Normal,1: Walking
1790275843.2176192,14798,Person 28,-53.8,1147.8,-480.0,1298.12,-3.98,True,Active,ArslanAzad,None,Normal,1: Walking
1790275843.2801151,14799,Person 28,-60.7,1176.3,-320.0,1342.11,-4.49,True,Active,ArslanAzad,None,Normal,1: Walking
1790275843.389482,14800,Person 28,-70.1,1211.6,-390.0,1420.43,-5.45,True,Active,ArslanAzad,None,Normal,1: Walking
1790275843.4676025,14801,Person 28,-81.4,1252.5,-390.0,1489.51,-6.13,True,Active,ArslanAzad,None,Normal,1: Walking
1790275843.564093,14802,Person 28,-94.0,1298.2,-390.0,1551.79,-6.44,True,Active,ArslanAzad,None,Normal,1: Walking
1790275843.6578176,14803,Person 28,-108.0,1347.8,-390.0,1609.78,-6.63,True,Active,ArslanAzad,None,Normal,1: Walking
1790275843.751559,14804,Person 28,-122.8,1397.7,-320.0,1660.37,-6.71,True,Active,ArslanAzad,None,Normal,1: Walking
1790275843.814055,14805,Person 28,-138.4,1447.8,-80.0,1699.77,-7.03,True,Active,ArslanAzad,None,Normal,1: Walking
1790275843.9234238,14806,Person 28,-154.3,1496.7,-80.0,1722.11,-7.34,True,Active,ArslanAzad,None,Normal,1: Walking
1790275844.0044312,14807,Person 28,-168.5,1543.2,-80.0,1732.27,-7.1,True,Active,ArslanAzad,None,Normal,1: Walking
1790275844.098177,14808,Person 28,-180.7,1586.8,80.0,1743.93,-6.98,True,Active,ArslanAzad,None,Normal,1: Walking
1790275844.1762974,14809,Person 28,-192.1,1626.8,80.0,1751.74,-7.18,True,Active,ArslanAzad,None,Normal,1: Walking
1790275844.2856662,14810,Person 28,-200.2,1660.1,320.0,1760.3,-7.05,True,Active,ArslanAzad,None,Normal,1: Walking
1790275844.3481624,14811,Person 28,-206.3,1687.5,240.0,1768.74,-7.15,True,Active,ArslanAzad,None,Normal,1: Walking
1790275844.4419057,14812,Person 28,-211.1,1709.0,240.0,1770.97,-7.2,True,Active,ArslanAzad,None,Normal,1: Walking
1790275844.5356472,14813,Person 28,-215.0,1725.0,480.0,1773.33,-7.29,True,Active,ArslanAzad,None,Normal,1: Walking
1790275844.6137702,14814,Person 28,-218.3,1736.0,390.0,1773.59,-7.35,True,Active,ArslanAzad,None,Normal,1: Walking
1790275844.707512,14815,Person 28,-220.4,1743.1,320.0,1772.85,-7.42,True,Active,ArslanAzad,None,Normal,1: Walking
1790275844.8168788,14816,Person 28,-221.5,1747.9,320.0,1771.13,-7.49,True,Active,ArslanAzad,None,Normal,1: Walking
1790275844.8950188,14817,Person 28,-223.4,1751.3,320.0,1768.42,-7.57,True,Active,ArslanAzad,None,Normal,1: Walking
1790275844.9887419,14818,Person 28,-225.7,1753.0,480.0,1763.73,-7.66,True,Active,ArslanAzad,None,Normal,1: Walking
1790275845.0590763,14819,Person 28,-227.6,1753.5,640.0,1759.17,-7.78,True,Active,ArslanAzad,None,Normal,1: Walking
1790275845.1840692,14820,Person 28,-230.2,1752.3,640.0,1751.8,-7.94,True,Active,ArslanAzad,None,Normal,1: Walking
1790275845.2465823,14821,Person 28,-232.9,1749.4,560.0,1743.58,-8.14,True,Active,ArslanAzad,None,Normal,1: Walking
1790275845.3559494,14822,Person 28,-235.4,1745.2,560.0,1732.7,-8.2,True,Active,ArslanAzad,None,Normal,1: Walking
1790275845.434051,14823,Person 28,-237.6,1739.6,480.0,1720.82,-8.25,True,Active,ArslanAzad,None,Normal,1: Walking
1790275845.5150452,14824,Person 28,-239.3,1732.8,390.0,1708.51,-8.21,True,Active,ArslanAzad,None,Normal,1: Walking
1790275845.593167,14825,Person 28,-240.5,1724.9,390.0,1696.21,-8.17,True,Active,ArslanAzad,None,Normal,1: Walking
1790275845.7181602,14826,Person 28,-241.5,1715.8,390.0,1682.35,-8.24,True,Active,ArslanAzad,None,Normal,1: Walking
1790275845.7962778,14827,Person 28,-242.1,1705.6,390.0,1668.21,-8.24,True,Active,ArslanAzad,None,Normal,1: Walking
1790275845.8743973,14828,Person 28,-242.3,1694.3,390.0,1652.09,-8.25,True,Active,ArslanAzad,None,Normal,1: Walking
1790275845.952517,14829,Person 28,-242.2,1681.7,390.0,1634.28,-8.34,True,Active,ArslanAzad,None,Normal,1: Walking
1790275846.076318,14830,Person 28,-242.8,1664.7,480.0,1584.53,-9.0,True,Active,ArslanAzad,None,Normal,1: Walking
1790275846.1387925,14831,Person 28,-243.3,1643.9,-160.0,1538.77,-9.43,True,Active,ArslanAzad,None,Normal,1: Walking
1790275846.2169116,14832,Person 28,-244.7,1619.6,160.0,1494.96,-10.05,True,Active,ArslanAzad,None,Normal,1: Walking
1790275846.3263004,14833,Person 28,-246.9,1592.5,0.0,1457.05,-10.64,True,Active,ArslanAzad,None,Normal,1: Walking
1790275846.3887959,14834,Person 28,-250.1,1562.6,-80.0,1419.1,-11.21,True,Active,ArslanAzad,None,Normal,1: Walking
1790275846.5337229,14835,Person 28,-254.3,1530.7,-80.0,1389.13,-11.75,True,Active,ArslanAzad,None,Normal,1: Walking
1790275846.596243,14836,Person 28,-259.0,1497.9,-80.0,1367.67,-12.16,True,Active,ArslanAzad,None,Normal,1: Walking
1790275846.67434,14837,Person 28,-264.4,1464.4,-160.0,1348.22,-12.55,True,Active,ArslanAzad,None,Normal,1: Walking
1790275846.7993336,14838,Person 28,-270.1,1432.3,-80.0,1346.49,-12.61,True,Active,ArslanAzad,None,Normal,1: Walking
1790275846.8930776,14839,Person 28,-275.9,1401.8,-80.0,1344.76,-12.67,True,Active,ArslanAzad,None,Normal,1: Walking
1790275846.9399476,14840,Person 28,-280.8,1376.6,-80.0,1346.17,-12.75,True,Active,ArslanAzad,None,Normal,1: Walking
1790275847.0342247,14841,Person 28,-285.7,1355.6,-240.0,1342.19,-12.96,True,Active,ArslanAzad,None,Normal,1: Walking
1790275847.1315024,14842,Person 28,-290.4,1338.5,-240.0,1336.96,-13.32,True,Active,ArslanAzad,None,Normal,1: Walking
1790275847.209622,14843,Person 28,-297.7,1323.2,80.0,1323.94,-14.97,True,Active,ArslanAzad,None,Normal,1: Walking
1790275847.2877629,14844,Person 28,-308.5,1310.0,80.0,1317.22,-16.95,True,Active,ArslanAzad,None,Normal,1: Walking
1790275847.3815062,14845,Person 28,-324.9,1298.0,-480.0,1318.11,-19.82,True,Active,ArslanAzad,None,Normal,1: Walking
1790275847.4752343,14846,Person 28,-345.1,1288.2,-720.0,1332.37,-21.58,True,Active,ArslanAzad,None,Normal,1: Walking
1790275847.568974,14847,Person 28,-367.5,1280.1,-480.0,1338.85,-22.72,True,Active,ArslanAzad,None,Normal,1: Walking
1790275847.662717,14848,Person 28,-393.1,1272.4,-1040.0,1353.76,-23.97,True,Active,ArslanAzad,None,Normal,1: Walking
1790275847.7408347,14849,Person 28,-426.6,1265.5,-1360.0,1393.54,-26.88,True,Active,ArslanAzad,None,Normal,1: Walking
1790275847.818957,14850,Person 28,-469.0,1259.8,-1280.0,1448.23,-29.86,True,Active,ArslanAzad,None,Normal,1: Walking
1790275847.9439476,14851,Person 28,-519.7,1257.1,-1280.0,1514.54,-32.24,True,Active,ArslanAzad,None,Normal,1: Walking
1790275848.0064406,14852,Person 28,-577.4,1258.9,-1190.0,1588.39,-33.86,True,Active,ArslanAzad,None,Normal,1: Walking
1790275848.107552,14853,Person 28,-637.6,1268.9,-1040.0,1671.16,-34.39,True,Active,ArslanAzad,None,Normal,1: Walking
1790275848.185653,14854,Person 28,-698.9,1287.8,-1040.0,1758.87,-34.53,True,Active,ArslanAzad,None,Normal,1: Walking
1790275848.274237,14855,Person 28,-757.9,1316.2,-1040.0,1843.35,-34.23,True,Active,ArslanAzad,None,Normal,5: Lying down (controlled)
1790275848.397437,14856,Person 28,-816.0,1350.2,-160.0,1907.95,-34.15,True,Active,ArslanAzad,None,Normal,5: Lying down (controlled)
1790275848.466395,14857,Person 28,-872.3,1391.1,-640.0,1967.01,-33.3,True,Active,ArslanAzad,None,Normal,5: Lying down (controlled)
1790275848.5475757,14858,Person 28,-925.0,1436.5,-560.0,2004.85,-32.49,True,Active,ArslanAzad,None,Normal,5: Lying down (controlled)
1790275848.6257193,14859,Person 28,-968.6,1485.5,-560.0,2034.61,-31.6,True,Active,ArslanAzad,None,Normal,5: Lying down (controlled)
1790275848.7506921,14860,Person 28,-1001.7,1536.9,-560.0,2059.03,-30.73,True,Active,ArslanAzad,None,Normal,5: Lying down (controlled)
1790275848.8132074,14861,Person 28,-1024.5,1589.0,-560.0,2078.58,-29.9,True,Active,ArslanAzad,None,Normal,5: Lying down (controlled)
1790275848.906928,14862,Person 28,-1038.0,1640.1,-560.0,2095.07,-29.13,True,Active,ArslanAzad,None,Normal,5: Lying down (controlled)
1790275848.9850483,14863,Person 28,-1044.1,1687.5,-560.0,2107.99,-28.47,True,Active,ArslanAzad,None,Normal,5: Lying down (controlled)
1790275849.066196,14864,Person 28,-1046.4,1727.3,80.0,2109.93,-28.91,True,Active,ArslanAzad,None,Normal,5: Lying down (controlled)
1790275849.2693045,14865,Person 28,-1045.5,1758.3,-80.0,2102.46,-29.27,True,Active,ArslanAzad,None,Normal,5: Lying down (controlled)
1790275849.3161774,14866,Person 28,-1041.4,1783.1,-80.0,2097.34,-29.41,True,Active,ArslanAzad,None,Normal,5: Lying down (controlled)
1790275849.3786721,14867,Person 28,-1036.7,1800.8,-80.0,2093.59,-29.56,True,Active,ArslanAzad,None,Normal,5: Lying down (controlled)
1790275849.4411685,14868,Person 28,-1032.6,1813.2,-80.0,2089.86,-29.72,True,Active,ArslanAzad,None,Normal,5: Lying down (controlled)
1790275849.5349157,14869,Person 28,-1029.5,1821.3,0.0,2088.5,-29.71,True,Active,ArslanAzad,None,Normal,5: Lying down (controlled)
1790275849.6010613,14870,Person 28,-1027.5,1825.9,0.0,2088.75,-29.61,True,Active,ArslanAzad,None,Normal,5: Lying down (controlled)
1790275849.7104285,14871,Person 28,-1026.8,1827.4,0.0,2088.14,-29.52,True,Active,ArslanAzad,None,Normal,5: Lying down (controlled)
1790275849.7885468,14872,Person 28,-1027.5,1826.2,0.0,2088.03,-29.46,True,Active,ArslanAzad,None,Normal,5: Lying down (controlled)
1790275849.8822923,14873,Person 28,-1029.4,1822.8,0.0,2087.42,-29.38,True,Active,ArslanAzad,None,Normal,5: Lying down (controlled)
1790275849.9604306,14874,Person 28,-1029.6,1820.2,0.0,2088.19,-29.3,True,Active,ArslanAzad,None,Normal,5: Lying down (controlled)
1790275850.073132,14875,Person 28,-1028.8,1819.0,0.0,2088.08,-29.24,True,Active,ArslanAzad,None,Normal,5: Lying down (controlled)
1790275850.135648,14876,Person 28,-1027.5,1818.6,0.0,2087.49,-29.16,True,Active,ArslanAzad,None,Normal,5: Lying down (controlled)
1790275850.2293725,14877,Person 28,-1025.7,1818.9,0.0,2087.39,-29.09,True,Active,ArslanAzad,None,Normal,5: Lying down (controlled)
1790275850.3387365,14878,Person 28,-1023.4,1819.9,0.0,2087.29,-29.03,True,Active,ArslanAzad,None,Normal,5: Lying down (controlled)
1790275850.4012544,14879,Person 28,-1021.0,1821.1,0.0,2087.2,-28.97,True,Active,ArslanAzad,None,Normal,5: Lying down (controlled)
1790275850.5106013,14880,Person 28,-1018.7,1822.2,0.0,2087.11,-28.91,True,Active,ArslanAzad,None,Normal,5: Lying down (controlled)
1790275850.5759718,14881,Person 28,-1016.5,1823.3,0.0,2087.02,-28.85,True,Active,ArslanAzad,None,Normal,5: Lying down (controlled)
1790275850.6853416,14882,Person 28,-1014.4,1824.4,0.0,2087.41,-28.81,True,Active,ArslanAzad,None,Normal,5: Lying down (controlled)
1790275850.7634597,14883,Person 28,-1012.4,1825.4,0.0,2086.45,-28.76,True,Active,ArslanAzad,None,Normal,5: Lying down (controlled)
1790275850.8572018,14884,Person 28,-1010.4,1826.3,0.0,2086.36,-28.7,True,Active,ArslanAzad,None,Normal,5: Lying down (controlled)
1790275850.9608028,14885,Person 28,-1008.6,1827.1,0.0,2086.36,-28.7,True,Active,ArslanAzad,None,Normal,5: Lying down (controlled)
1790275851.0233178,14886,Person 28,-1007.1,1827.8,0.0,2086.36,-28.7,True,Active,ArslanAzad,None,Normal,5: Lying down (controlled)
1790275851.1108406,14887,Person 28,-1005.8,1828.4,0.0,2086.36,-28.7,True,Active,ArslanAzad,None,Normal,5: Lying down (controlled)
1790275851.2045841,14888,Person 28,-1004.7,1828.9,0.0,2086.36,-28.7,True,Active,ArslanAzad,None,Normal,5: Lying down (controlled)
1790275851.2983274,14889,Person 28,-1003.8,1829.3,0.0,2086.36,-28.7,True,Active,ArslanAzad,None,Normal,5: Lying down (controlled)
1790275851.4233208,14890,Person 28,-1003.1,1829.6,0.0,2086.36,-28.7,True,Active,ArslanAzad,None,Normal,5: Lying down (controlled)
1790275851.532686,14891,Person 28,-1002.6,1829.8,0.0,2086.36,-28.7,True,Active,ArslanAzad,None,Normal,5: Lying down (controlled)
1790275851.5823028,14892,Person 28,-1002.2,1829.9,0.0,2086.36,-28.7,True,Active,ArslanAzad,None,Normal,5: Lying down (controlled)
1790275851.6448178,14893,Person 28,-1002.0,1830.0,0.0,2086.36,-28.7,True,Active,ArslanAzad,None,Normal,5: Lying down (controlled)
1790275851.7541864,14894,Person 28,-1002.0,1830.0,0.0,2086.36,-28.7,True,Active,ArslanAzad,None,Normal,5: Lying down (controlled)
1790275851.8479283,14895,Person 28,-1002.0,1830.0,0.0,2086.36,-28.7,True,Active,ArslanAzad,None,Normal,5: Lying down (controlled)
1790275851.9308698,14896,Person 28,-1002.0,1830.0,0.0,2086.36,-28.7,True,Active,ArslanAzad,None,Normal,5: Lying down (controlled)
1790275852.0089693,14897,Person 28,-1002.0,1830.0,0.0,2086.36,-28.7,True,Active,ArslanAzad,None,Normal,5: Lying down (controlled)
1790275852.153497,14898,Person 28,-1002.0,1830.0,0.0,2086.36,-28.7,True,Active,ArslanAzad,None,Normal,5: Lying down (controlled)
1790275852.2003684,14899,Person 28,-1002.0,1830.0,0.0,2086.36,-28.7,True,Active,ArslanAzad,None,Normal,5: Lying down (controlled)
1790275852.4692767,14900,Person 28,-1002.0,1830.0,0.0,2086.36,-28.7,True,Active,ArslanAzad,None,Normal,5: Lying down (controlled)
1790275852.5161483,14901,Person 28,-1002.0,1830.0,0.0,2086.36,-28.7,True,Active,ArslanAzad,None,Normal,5: Lying down (controlled)
1790275852.7242858,14902,Person 28,-1002.0,1830.0,0.0,2086.36,-28.7,True,Active,ArslanAzad,None,Normal,5: Lying down (controlled)
1790275852.755532,14903,Person 28,-1002.0,1830.0,0.0,2086.36,-28.7,True,Active,ArslanAzad,None,Normal,5: Lying down (controlled)
1790275852.8024042,14904,Person 28,-1002.0,1830.0,0.0,2086.36,-28.7,True,Active,ArslanAzad,None,Normal,5: Lying down (controlled)
1790275852.86492,14905,Person 28,-1002.0,1830.0,0.0,2086.36,-28.7,True,Active,ArslanAzad,None,Normal,5: Lying down (controlled)
1790275852.9117906,14906,Person 28,-1002.0,1830.0,0.0,2086.36,-28.7,True,Active,ArslanAzad,None,Normal,5: Lying down (controlled)
1790275852.9586413,14907,Person 28,-1002.0,1830.0,0.0,2086.36,-28.7,True,Active,ArslanAzad,None,Normal,5: Lying down (controlled)
1790275853.1854994,14908,Person 28,-1002.0,1830.0,0.0,2086.36,-28.7,True,Active,ArslanAzad,None,Normal,5: Lying down (controlled)
1790275853.23239,14909,Person 28,-1002.0,1830.0,0.0,2086.36,-28.7,True,Active,ArslanAzad,None,Normal,5: Lying down (controlled)
1790275853.279262,14910,Person 28,-1002.0,1830.0,0.0,2086.36,-28.7,True,Active,ArslanAzad,None,Normal,5: Lying down (controlled)
1790275853.3261132,14911,Person 28,-1002.0,1830.0,0.0,2086.36,-28.7,True,Active,ArslanAzad,None,Normal,5: Lying down (controlled)
1790275853.3886297,14912,Person 28,-1002.0,1830.0,0.0,2086.36,-28.7,True,Active,ArslanAzad,None,Normal,5: Lying down (controlled)
1790275853.4667294,14913,Person 28,-1002.0,1830.0,0.0,2086.36,-28.7,True,Active,ArslanAzad,None,Normal,5: Lying down (controlled)
1790275853.544868,14914,Person 28,-1002.0,1830.0,0.0,2086.36,-28.7,True,Active,ArslanAzad,None,Normal,5: Lying down (controlled)
1790275853.7094665,14915,Person 28,-1002.0,1830.0,0.0,2086.36,-28.7,True,Active,ArslanAzad,None,Normal,5: Lying down (controlled)
1790275853.7563367,14916,Person 28,-1002.0,1830.0,0.0,2086.36,-28.7,True,Active,ArslanAzad,None,Normal,5: Lying down (controlled)
1790275853.8344562,14917,Person 28,-1002.0,1830.0,0.0,2086.36,-28.7,True,Active,ArslanAzad,None,Normal,5: Lying down (controlled)
1790275853.8969512,14918,Person 28,-1002.0,1830.0,0.0,2086.36,-28.7,True,Active,ArslanAzad,None,Normal,5: Lying down (controlled)
1790275854.05321,14919,Person 28,-1002.0,1830.0,0.0,2086.36,-28.7,True,Active,ArslanAzad,None,Normal,5: Lying down (controlled)
1790275854.2048151,14920,Person 28,-1002.0,1830.0,0.0,2086.36,-28.7,True,Active,ArslanAzad,None,Normal,5: Lying down (controlled)
1790275854.2516658,14921,Person 28,-1002.0,1830.0,0.0,2086.36,-28.7,True,Active,ArslanAzad,None,Normal,5: Lying down (controlled)
1790275854.470421,14922,Person 28,-1002.0,1830.0,0.0,2086.36,-28.7,True,Active,ArslanAzad,None,Normal,5: Lying down (controlled)
1790275854.5172927,14923,Person 28,-1002.0,1830.0,0.0,2086.36,-28.7,True,Active,ArslanAzad,None,Normal,5: Lying down (controlled)
1790275854.5641682,14924,Person 28,-1002.0,1830.0,0.0,2086.36,-28.7,True,Active,ArslanAzad,None,Normal,5: Lying down (controlled)
1790275854.6266398,14925,Person 28,-1002.0,1830.0,0.0,2086.36,-28.7,True,Active,ArslanAzad,None,Normal,5: Lying down (controlled)
1790275854.6735115,14926,Person 28,-1002.0,1830.0,0.0,2086.36,-28.7,True,Active,ArslanAzad,None,Normal,5: Lying down (controlled)
1790275854.7985039,14927,Person 28,-1002.0,1830.0,0.0,2086.36,-28.7,True,Active,ArslanAzad,None,Normal,5: Lying down (controlled)
1790275854.8453755,14928,Person 28,-1002.0,1830.0,0.0,2086.36,-28.7,True,Active,ArslanAzad,None,Normal,5: Lying down (controlled)
1790275854.9078715,14929,Person 28,-1002.0,1830.0,0.0,2086.36,-28.7,True,Active,ArslanAzad,None,Normal,5: Lying down (controlled)
1790275854.954763,14930,Person 28,-1002.0,1830.0,0.0,2086.36,-28.7,True,Active,ArslanAzad,None,Normal,5: Lying down (controlled)
1790275855.079734,14931,Person 28,-1002.0,1830.0,0.0,2086.36,-28.7,True,Active,ArslanAzad,None,Normal,5: Lying down (controlled)
1790275855.2549078,14932,Person 28,-1002.0,1830.0,0.0,2086.36,-28.7,True,Active,ArslanAzad,None,Normal,5: Lying down (controlled)
1790275855.301778,14933,Person 28,-1002.0,1830.0,0.0,2086.36,-28.7,True,Active,ArslanAzad,None,Normal,5: Lying down (controlled)
1790275855.3486505,14934,Person 28,-1002.0,1830.0,0.0,2086.36,-28.7,True,Active,ArslanAzad,None,Normal,5: Lying down (controlled)
1790275855.3955219,14935,Person 28,-1002.0,1830.0,0.0,2086.36,-28.7,True,Active,ArslanAzad,None,Normal,5: Lying down (controlled)
1790275855.4736404,14936,Person 28,-1002.0,1830.0,0.0,2086.36,-28.7,True,Active,ArslanAzad,None,Normal,5: Lying down (controlled)
1790275855.5674045,14937,Person 28,-1002.0,1830.0,0.0,2086.36,-28.7,True,Active,ArslanAzad,None,Normal,5: Lying down (controlled)
1790275855.6697195,14938,Person 28,-1002.0,1830.0,0.0,2086.36,-28.7,True,Active,ArslanAzad,None,Normal,5: Lying down (controlled)
1790275855.7478592,14939,Person 28,-1002.0,1830.0,0.0,2086.36,-28.7,True,Active,ArslanAzad,None,Normal,5: Lying down (controlled)
1790275855.8728507,14940,Person 28,-1002.0,1830.0,0.0,2086.36,-28.7,True,Active,ArslanAzad,None,Normal,5: Lying down (controlled)
1790275855.9197235,14941,Person 28,-1002.0,1830.0,0.0,2086.36,-28.7,True,Active,ArslanAzad,None,Normal,5: Lying down (controlled)
1790275856.0446944,14942,Person 28,-1002.0,1830.0,0.0,2086.36,-28.7,True,Active,ArslanAzad,None,Normal,5: Lying down (controlled)
1790275856.1233678,14943,Person 28,-1002.0,1830.0,0.0,2086.36,-28.7,True,Active,ArslanAzad,None,Normal,5: Lying down (controlled)
1790275856.1880875,14944,Person 28,-1002.0,1830.0,0.0,2086.36,-28.7,True,Active,ArslanAzad,None,Normal,5: Lying down (controlled)
1790275856.297455,14945,Person 28,-1002.0,1830.0,0.0,2086.36,-28.7,True,Active,ArslanAzad,None,Normal,5: Lying down (controlled)
1790275856.3755758,14946,Person 28,-1002.0,1830.0,0.0,2086.36,-28.7,True,Active,ArslanAzad,None,Normal,5: Lying down (controlled)
1790275856.4849415,14947,Person 28,-1002.0,1830.0,0.0,2086.36,-28.7,True,Active,ArslanAzad,None,Normal,5: Lying down (controlled)
1790275856.5474362,14948,Person 28,-1002.0,1830.0,0.0,2086.36,-28.7,True,Active,ArslanAzad,None,Normal,5: Lying down (controlled)
1790275856.660068,14949,Person 28,-1002.0,1830.0,0.0,2086.36,-28.7,True,Active,ArslanAzad,None,Normal,5: Lying down (controlled)
1790275856.7381866,14950,Person 28,-1002.0,1830.0,0.0,2086.36,-28.7,True,Active,ArslanAzad,None,Normal,5: Lying down (controlled)
1790275856.8788064,14951,Person 28,-1002.0,1830.0,0.0,2086.36,-28.7,True,Active,ArslanAzad,None,Normal,5: Lying down (controlled)
1790275856.9725509,14952,Person 28,-1002.0,1830.0,0.0,2086.36,-28.7,True,Active,ArslanAzad,None,Normal,5: Lying down (controlled)
1790275857.0194194,14953,Person 28,-1002.0,1830.0,0.0,2086.36,-28.7,True,Active,ArslanAzad,None,Normal,5: Lying down (controlled)
1790275857.0819154,14954,Person 28,-1002.0,1830.0,0.0,2086.36,-28.7,True,Active,ArslanAzad,None,Normal,5: Lying down (controlled)
1790275857.162938,14955,Person 28,-1002.0,1830.0,0.0,2086.36,-28.7,True,Active,ArslanAzad,None,Normal,5: Lying down (controlled)
1790275857.2723246,14956,Person 28,-1002.0,1830.0,0.0,2086.36,-28.7,True,Active,ArslanAzad,None,Normal,5: Lying down (controlled)
1790275857.3348207,14957,Person 28,-1002.0,1830.0,0.0,2086.36,-28.7,True,Active,ArslanAzad,None,Normal,5: Lying down (controlled)
1790275857.4285424,14958,Person 28,-1002.0,1830.0,0.0,2086.36,-28.7,True,Active,ArslanAzad,None,Normal,5: Lying down (controlled)
1790275857.553555,14959,Person 28,-1002.0,1830.0,0.0,2086.36,-28.7,True,Active,ArslanAzad,None,Normal,5: Lying down (controlled)
1790275857.6160326,14960,Person 28,-1002.0,1830.0,0.0,2086.36,-28.7,True,Active,ArslanAzad,None,Normal,5: Lying down (controlled)
1790275857.6975148,14961,Person 28,-1002.0,1830.0,0.0,2086.36,-28.7,True,Active,ArslanAzad,None,Normal,5: Lying down (controlled)
1790275857.8068802,14962,Person 28,-1002.0,1830.0,0.0,2086.36,-28.7,True,Active,ArslanAzad,None,Normal,5: Lying down (controlled)
1790275857.8693764,14963,Person 28,-1002.0,1830.0,0.0,2086.36,-28.7,True,Active,ArslanAzad,None,Normal,5: Lying down (controlled)
1790275857.9787438,14964,Person 28,-1002.0,1830.0,0.0,2086.36,-28.7,True,Active,ArslanAzad,None,Normal,5: Lying down (controlled)
1790275858.0725086,14965,Person 28,-1002.0,1830.0,0.0,2086.36,-28.7,True,Active,ArslanAzad,None,Normal,5: Lying down (controlled)
1790275858.139227,14966,Person 28,-1002.0,1830.0,0.0,2086.36,-28.7,True,Active,ArslanAzad,None,Normal,5: Lying down (controlled)
1790275858.2329748,14967,Person 28,-1002.0,1830.0,0.0,2086.36,-28.7,True,Active,ArslanAzad,None,Normal,5: Lying down (controlled)
1790275858.3267195,14968,Person 28,-1002.0,1830.0,0.0,2086.36,-28.7,True,Active,ArslanAzad,None,Normal,5: Lying down (controlled)
1790275858.4204614,14969,Person 28,-1002.0,1830.0,0.0,2086.36,-28.7,True,Active,ArslanAzad,None,Normal,5: Lying down (controlled)
1790275858.4986007,14970,Person 28,-1002.0,1830.0,0.0,2086.36,-28.7,True,Active,ArslanAzad,None,Normal,5: Lying down (controlled)
1790275858.6235914,14971,Person 28,-1002.0,1830.0,0.0,2086.36,-28.7,True,Active,ArslanAzad,None,Normal,5: Lying down (controlled)
1790275858.7049465,14972,Person 28,-1002.0,1830.0,0.0,2086.36,-28.7,True,Active,ArslanAzad,None,Normal,5: Lying down (controlled)
1790275858.8143167,14973,Person 28,-1002.0,1830.0,0.0,2086.36,-28.7,True,Active,ArslanAzad,None,Normal,5: Lying down (controlled)
1790275858.8768318,14974,Person 28,-1002.0,1830.0,0.0,2086.36,-28.7,True,Active,ArslanAzad,None,Normal,5: Lying down (controlled)
1790275858.9393055,14975,Person 28,-1002.0,1830.0,0.0,2086.36,-28.7,True,Active,ArslanAzad,None,Normal,5: Lying down (controlled)
1790275859.064318,14976,Person 28,-1002.0,1830.0,0.0,2086.36,-28.7,True,Active,ArslanAzad,None,Normal,5: Lying down (controlled)
1790275859.126813,14977,Person 28,-1002.0,1830.0,0.0,2086.36,-28.7,True,Active,ArslanAzad,None,Normal,5: Lying down (controlled)
1790275859.2080665,14978,Person 28,-1002.0,1830.0,0.0,2086.36,-28.7,True,Active,ArslanAzad,None,Normal,5: Lying down (controlled)
1790275859.30181,14979,Person 28,-1002.0,1830.0,0.0,2086.36,-28.7,True,Active,ArslanAzad,None,Normal,5: Lying down (controlled)
1790275859.3955534,14980,Person 28,-1002.0,1830.0,0.0,2086.36,-28.7,True,Active,ArslanAzad,None,Normal,5: Lying down (controlled)
1790275859.5049207,14981,Person 28,-1002.0,1830.0,0.0,2086.36,-28.7,True,Active,ArslanAzad,None,Normal,5: Lying down (controlled)
1790275859.5674167,14982,Person 28,-1002.0,1830.0,0.0,2086.36,-28.7,True,Active,ArslanAzad,None,Normal,5: Lying down (controlled)
1790275859.6483433,14983,Person 28,-1002.0,1830.0,0.0,2086.36,-28.7,True,Active,ArslanAzad,None,Normal,5: Lying down (controlled)
1790275859.7577152,14984,Person 28,-1002.0,1830.0,0.0,2086.36,-28.7,True,Active,ArslanAzad,None,Normal,5: Lying down (controlled)
1790275859.835835,14985,Person 28,-1002.0,1830.0,0.0,2086.36,-28.7,True,Active,ArslanAzad,None,Normal,5: Lying down (controlled)
1790275859.913954,14986,Person 28,-1002.0,1830.0,0.0,2086.36,-28.7,True,Active,ArslanAzad,None,Normal,5: Lying down (controlled)
1790275860.0233426,14987,Person 28,-1002.0,1830.0,0.0,2086.36,-28.7,True,Active,ArslanAzad,None,Normal,5: Lying down (controlled)
1790275860.1014416,14988,Person 28,-1002.0,1830.0,0.0,2086.36,-28.7,True,Active,ArslanAzad,None,Normal,5: Lying down (controlled)
1790275860.1841164,14989,Person 28,-1002.0,1830.0,0.0,2086.36,-28.7,True,Active,ArslanAzad,None,Normal,5: Lying down (controlled)
1790275860.2934837,14990,Person 28,-1002.0,1830.0,0.0,2086.36,-28.7,True,Active,ArslanAzad,None,Normal,5: Lying down (controlled)
1790275860.3716037,14991,Person 28,-1002.0,1830.0,0.0,2086.36,-28.7,True,Active,ArslanAzad,None,Normal,5: Lying down (controlled)
1790275860.4653468,14992,Person 28,-1002.0,1830.0,0.0,2086.36,-28.7,True,Active,ArslanAzad,None,Normal,5: Lying down (controlled)
1790275860.5434663,14993,Person 28,-1002.0,1830.0,0.0,2086.36,-28.7,True,Active,ArslanAzad,None,Normal,5: Lying down (controlled)
1790275860.6372097,14994,Person 28,-1002.0,1830.0,0.0,2086.36,-28.7,True,Active,ArslanAzad,None,Normal,5: Lying down (controlled)
1790275860.7498116,14995,Person 28,-1002.0,1830.0,0.0,2086.36,-28.7,True,Active,ArslanAzad,None,Normal,5: Lying down (controlled)
1790275860.8279316,14996,Person 28,-1002.0,1830.0,0.0,2086.36,-28.7,True,Active,ArslanAzad,None,Normal,5: Lying down (controlled)
1790275860.9060535,14997,Person 28,-1002.0,1830.0,0.0,2086.36,-28.7,True,Active,ArslanAzad,None,Normal,5: Lying down (controlled)
1790275861.0154207,14998,Person 28,-1002.0,1830.0,0.0,2086.36,-28.7,True,Active,ArslanAzad,None,Normal,5: Lying down (controlled)
1790275861.0779147,14999,Person 28,-1002.0,1830.0,0.0,2086.36,-28.7,True,Active,ArslanAzad,None,Normal,5: Lying down (controlled)
1790275861.2085433,15000,Person 28,-1002.0,1830.0,0.0,2086.36,-28.7,True,Active,ArslanAzad,None,Normal,5: Lying down (controlled)
1790275861.3022866,15001,Person 28,-1002.0,1830.0,0.0,2086.36,-28.7,True,Active,ArslanAzad,None,Normal,5: Lying down (controlled)
1790275861.349177,15002,Person 28,-1002.0,1830.0,0.0,2086.36,-28.7,True,Active,ArslanAzad,None,Normal,5: Lying down (controlled)
1790275861.458524,15003,Person 28,-1002.0,1830.0,0.0,2086.36,-28.7,True,Active,ArslanAzad,None,Normal,5: Lying down (controlled)
1790275861.521039,15004,Person 28,-1002.0,1830.0,0.0,2086.36,-28.7,True,Active,ArslanAzad,None,Normal,5: Lying down (controlled)
1790275861.6147635,15005,Person 28,-1002.0,1830.0,0.0,2086.36,-28.7,True,Active,ArslanAzad,None,Normal,5: Lying down (controlled)
1790275861.6956136,15006,Person 28,-1002.0,1830.0,0.0,2086.36,-28.7,True,Active,ArslanAzad,None,Normal,5: Lying down (controlled)
1790275861.8206294,15007,Person 28,-1002.0,1830.0,0.0,2086.36,-28.7,True,Active,ArslanAzad,None,Normal,5: Lying down (controlled)
1790275861.8831055,15008,Person 28,-1002.0,1830.0,0.0,2086.36,-28.7,True,Active,ArslanAzad,None,Normal,5: Lying down (controlled)
1790275861.9924924,15009,Person 28,-1002.0,1830.0,0.0,2086.36,-28.7,True,Active,ArslanAzad,None,Normal,5: Lying down (controlled)
1790275862.0549877,15010,Person 28,-1002.0,1830.0,0.0,2086.36,-28.7,True,Active,ArslanAzad,None,Normal,5: Lying down (controlled)
1790275862.1643357,15011,Person 28,-1002.0,1830.0,0.0,2086.36,-28.7,True,Active,ArslanAzad,None,Normal,5: Lying down (controlled)
1790275862.2298815,15012,Person 28,-1002.0,1830.0,0.0,2086.36,-28.7,True,Active,ArslanAzad,None,Normal,5: Lying down (controlled)
1790275862.3392284,15013,Person 28,-1002.0,1830.0,0.0,2086.36,-28.7,True,Active,ArslanAzad,None,Normal,5: Lying down (controlled)
1790275862.4486144,15014,Person 28,-1002.0,1830.0,0.0,2086.36,-28.7,True,Active,ArslanAzad,None,Normal,5: Lying down (controlled)
1790275862.511112,15015,Person 28,-1002.0,1830.0,0.0,2086.36,-28.7,True,Active,ArslanAzad,None,Normal,5: Lying down (controlled)
1790275862.5892117,15016,Person 28,-1002.0,1830.0,0.0,2086.36,-28.7,True,Active,ArslanAzad,None,Normal,5: Lying down (controlled)
1790275862.6829543,15017,Person 28,-1002.0,1830.0,0.0,2086.36,-28.7,True,Active,ArslanAzad,None,Normal,5: Lying down (controlled)
1790275862.764208,15018,Person 28,-1002.0,1830.0,0.0,2086.36,-28.7,True,Active,ArslanAzad,None,Normal,5: Lying down (controlled)
1790275862.8891976,15019,Person 28,-1002.0,1830.0,0.0,2086.36,-28.7,True,Active,ArslanAzad,None,Normal,5: Lying down (controlled)
1790275862.9516935,15020,Person 28,-1002.0,1830.0,0.0,2086.36,-28.7,True,Active,ArslanAzad,None,Normal,5: Lying down (controlled)
1790275863.0298128,15021,Person 28,-1002.0,1830.0,0.0,2086.36,-28.7,True,Active,ArslanAzad,None,Normal,5: Lying down (controlled)
1790275863.1235569,15022,Person 28,-1002.0,1830.0,0.0,2086.36,-28.7,True,Active,ArslanAzad,None,Normal,5: Lying down (controlled)
1790275863.2392414,15023,Person 28,-1002.0,1830.0,0.0,2086.36,-28.7,True,Active,ArslanAzad,None,Normal,5: Lying down (controlled)
1790275863.3017383,15024,Person 28,-1002.0,1830.0,0.0,2086.36,-28.7,True,Active,ArslanAzad,None,Normal,5: Lying down (controlled)
1790275863.3954828,15025,Person 28,-1002.0,1830.0,0.0,2086.36,-28.7,True,Active,ArslanAzad,None,Normal,5: Lying down (controlled)
1790275863.5048704,15026,Person 28,-1002.0,1830.0,0.0,2086.36,-28.7,True,Active,ArslanAzad,None,Normal,5: Lying down (controlled)
1790275863.5673647,15027,Person 28,-1002.0,1830.0,0.0,2086.36,-28.7,True,Active,ArslanAzad,None,Normal,5: Lying down (controlled)
1790275863.692356,15028,Person 28,-1002.0,1830.0,0.0,2086.36,-28.7,True,Active,ArslanAzad,None,Normal,5: Lying down (controlled)
1790275863.7590477,15029,Person 28,-1002.0,1830.0,0.0,2086.36,-28.7,True,Active,ArslanAzad,None,Normal,5: Lying down (controlled)
1790275863.8275397,15030,Person 28,-1002.0,1830.0,0.0,2086.36,-28.7,True,Active,ArslanAzad,None,Normal,5: Lying down (controlled)
1790275863.9525282,15031,Person 28,-1002.0,1830.0,0.0,2086.36,-28.7,True,Active,ArslanAzad,None,Normal,5: Lying down (controlled)
1790275864.0150452,15032,Person 28,-1002.0,1830.0,0.0,2086.36,-28.7,True,Active,ArslanAzad,None,Normal,5: Lying down (controlled)
1790275864.1400156,15033,Person 28,-1002.0,1830.0,0.0,2086.36,-28.7,True,Active,ArslanAzad,None,Normal,5: Lying down (controlled)
1790275864.2025325,15034,Person 28,-1002.0,1830.0,0.0,2086.36,-28.7,True,Active,ArslanAzad,None,Normal,5: Lying down (controlled)
1790275864.2779315,15035,Person 28,-1002.0,1830.0,0.0,2086.36,-28.7,True,Active,ArslanAzad,None,Normal,5: Lying down (controlled)
1790275864.371655,15036,Person 28,-1002.0,1830.0,0.0,2086.36,-28.7,True,Active,ArslanAzad,None,Normal,5: Lying down (controlled)
1790275864.4653983,15037,Person 28,-1002.0,1830.0,0.0,2086.36,-28.7,True,Active,ArslanAzad,None,Normal,5: Lying down (controlled)
1790275864.5747852,15038,Person 28,-1002.0,1830.0,0.0,2086.36,-28.7,True,Active,ArslanAzad,None,Normal,5: Lying down (controlled)
1790275864.637261,15039,Person 28,-1002.0,1830.0,0.0,2086.36,-28.7,True,Active,ArslanAzad,None,Normal,5: Lying down (controlled)
1790275864.7348993,15040,Person 28,-1002.0,1830.0,0.0,2086.36,-28.7,True,Active,ArslanAzad,None,Normal,5: Lying down (controlled)
1790275864.813019,15041,Person 28,-1002.0,1830.0,0.0,2086.36,-28.7,True,Active,ArslanAzad,None,Normal,5: Lying down (controlled)
1790275864.9067621,15042,Person 28,-1002.0,1830.0,0.0,2086.36,-28.7,True,Active,ArslanAzad,None,Normal,5: Lying down (controlled)
1790275865.0161316,15043,Person 28,-1002.0,1830.0,0.0,2086.36,-28.7,True,Active,ArslanAzad,None,Normal,5: Lying down (controlled)
1790275865.078628,15044,Person 28,-1002.0,1830.0,0.0,2086.36,-28.7,True,Active,ArslanAzad,None,Normal,5: Lying down (controlled)
1790275865.1723707,15045,Person 28,-1002.0,1830.0,0.0,2086.36,-28.7,True,Active,ArslanAzad,None,Normal,5: Lying down (controlled)
1790275865.2692304,15046,Person 28,-1002.0,1830.0,0.0,2086.36,-28.7,True,Active,ArslanAzad,None,Normal,5: Lying down (controlled)
1790275865.347351,15047,Person 28,-1002.0,1830.0,0.0,2086.36,-28.7,True,Active,ArslanAzad,None,Normal,5: Lying down (controlled)
1790275865.4567366,15048,Person 28,-1002.0,1830.0,0.0,2086.36,-28.7,True,Active,ArslanAzad,None,Normal,5: Lying down (controlled)
1790275865.5660868,15049,Person 28,-1002.0,1830.0,0.0,2086.36,-28.7,True,Active,ArslanAzad,None,Normal,5: Lying down (controlled)
1790275865.6442044,15050,Person 28,-1002.0,1830.0,0.0,2086.36,-28.7,True,Active,ArslanAzad,None,Normal,5: Lying down (controlled)
1790275865.7066998,15051,Person 28,-1002.0,1830.0,0.0,2086.36,-28.7,True,Active,ArslanAzad,None,Normal,5: Lying down (controlled)
1790275865.8032556,15052,Person 28,-1002.0,1830.0,0.0,2086.36,-28.7,True,Active,ArslanAzad,None,Normal,5: Lying down (controlled)
1790275865.8970015,15053,Person 28,-1002.0,1830.0,0.0,2086.36,-28.7,True,Active,ArslanAzad,None,Normal,5: Lying down (controlled)
1790275866.0063674,15054,Person 28,-1002.0,1830.0,0.0,2086.36,-28.7,True,Active,ArslanAzad,None,Normal,5: Lying down (controlled)
1790275866.100111,15055,Person 28,-1002.0,1830.0,0.0,2086.36,-28.7,True,Active,ArslanAzad,None,Normal,5: Lying down (controlled)
1790275866.225632,15056,Person 28,-1002.0,1830.0,0.0,2086.36,-28.7,True,Active,ArslanAzad,None,Normal,5: Lying down (controlled)
1790275866.29212,15057,Person 28,-1002.0,1830.0,0.0,2086.36,-28.7,True,Active,ArslanAzad,None,Normal,5: Lying down (controlled)
1790275866.4483786,15058,Person 28,-1002.0,1830.0,0.0,2086.36,-28.7,True,Active,ArslanAzad,None,Normal,5: Lying down (controlled)
1790275866.510853,15059,Person 28,-1002.0,1830.0,0.0,2086.36,-28.7,True,Active,ArslanAzad,None,Normal,5: Lying down (controlled)
1790275866.6983416,15060,Person 28,-1002.0,1830.0,0.0,2086.36,-28.7,True,Active,ArslanAzad,None,Normal,5: Lying down (controlled)
1790275866.7482738,15061,Person 28,-1002.0,1830.0,0.0,2086.36,-28.7,True,Active,ArslanAzad,None,Normal,5: Lying down (controlled)
1790275866.7795224,15062,Person 28,-1002.0,1830.0,0.0,2086.36,-28.7,True,Active,ArslanAzad,None,Normal,5: Lying down (controlled)
1790275867.0451293,15063,Person 28,-1002.0,1830.0,0.0,2086.36,-28.7,True,Active,ArslanAzad,None,Normal,5: Lying down (controlled)
1790275867.091999,15064,Person 28,-1002.0,1830.0,0.0,2086.36,-28.7,True,Active,ArslanAzad,None,Normal,5: Lying down (controlled)
1790275867.13887,15065,Person 28,-1002.0,1830.0,0.0,2086.36,-28.7,True,Active,ArslanAzad,None,Normal,5: Lying down (controlled)
1790275867.185742,15066,Person 28,-1002.0,1830.0,0.0,2086.36,-28.7,True,Active,ArslanAzad,None,Normal,5: Lying down (controlled)
1790275867.6888683,15067,Person 28,-1002.0,1830.0,0.0,2086.36,-28.7,True,Active,ArslanAzad,None,Normal,5: Lying down (controlled)
1790275867.7384725,15068,Person 28,-1002.0,1830.0,0.0,2086.36,-28.7,True,Active,ArslanAzad,None,Normal,5: Lying down (controlled)
1790275867.785368,15069,Person 28,-1002.0,1830.0,0.0,2086.36,-28.7,True,Active,ArslanAzad,None,Normal,5: Lying down (controlled)
1790275867.8322396,15070,Person 28,-1002.0,1830.0,0.0,2086.36,-28.7,True,Active,ArslanAzad,None,Normal,5: Lying down (controlled)
1790275867.8791118,15071,Person 28,-1002.0,1830.0,0.0,2086.36,-28.7,True,Active,ArslanAzad,None,Normal,5: Lying down (controlled)
1790275867.925983,15072,Person 28,-1002.0,1830.0,0.0,2086.36,-28.7,True,Active,ArslanAzad,None,Normal,5: Lying down (controlled)
1790275867.972855,15073,Person 28,-1002.0,1830.0,0.0,2086.36,-28.7,True,Active,ArslanAzad,None,Normal,5: Lying down (controlled)
1790275868.0353506,15074,Person 28,-1002.0,1830.0,0.0,2086.36,-28.7,True,Active,ArslanAzad,None,Normal,5: Lying down (controlled)
1790275868.0665982,15075,Person 28,-1002.0,1830.0,0.0,2086.36,-28.7,True,Active,ArslanAzad,None,Normal,5: Lying down (controlled)
1790275868.1134715,15076,Person 28,-1002.0,1830.0,0.0,2086.36,-28.7,True,Active,ArslanAzad,None,Normal,5: Lying down (controlled)
1790275868.272824,15077,Person 28,-1002.0,1830.0,0.0,2086.36,-28.7,True,Active,ArslanAzad,None,Normal,5: Lying down (controlled)
1790275868.3196957,15078,Person 28,-1002.0,1830.0,0.0,2086.36,-28.7,True,Active,ArslanAzad,None,Normal,5: Lying down (controlled)
1790275868.3665671,15079,Person 28,-1002.0,1830.0,0.0,2086.36,-28.7,True,Active,ArslanAzad,None,Normal,5: Lying down (controlled)
1790275868.3978152,15080,Person 28,-1002.0,1830.0,0.0,2086.36,-28.7,True,Active,ArslanAzad,None,Normal,5: Lying down (controlled)
1790275868.5696783,15081,Person 28,-1002.0,1830.0,0.0,2086.36,-28.7,True,Active,ArslanAzad,None,Normal,5: Lying down (controlled)
1790275868.6009262,15082,Person 28,-1002.0,1830.0,0.0,2086.36,-28.7,True,Active,ArslanAzad,None,Normal,5: Lying down (controlled)
1790275868.663443,15083,Person 28,-1002.0,1830.0,0.0,2086.36,-28.7,True,Active,ArslanAzad,None,Normal,5: Lying down (controlled)
1790275868.890811,15084,Person 28,-1002.0,1830.0,0.0,2086.36,-28.7,True,Active,ArslanAzad,None,Normal,5: Lying down (controlled)
1790275868.9376826,15085,Person 28,-1002.0,1830.0,0.0,2086.36,-28.7,True,Active,ArslanAzad,None,Normal,5: Lying down (controlled)
1790275868.9845545,15086,Person 28,-1002.0,1830.0,0.0,2086.36,-28.7,True,Active,ArslanAzad,None,Normal,5: Lying down (controlled)
1790275869.0314267,15087,Person 28,-1002.0,1830.0,0.0,2086.36,-28.7,True,Active,ArslanAzad,None,Normal,5: Lying down (controlled)
1790275869.172043,15088,Person 28,-1002.0,1830.0,0.0,2086.36,-28.7,True,Active,ArslanAzad,None,Normal,5: Lying down (controlled)
1790275869.2189343,15089,Person 28,-1002.0,1830.0,0.0,2086.36,-28.7,True,Active,ArslanAzad,None,Normal,5: Lying down (controlled)
1790275869.268102,15090,Person 28,-1002.0,1830.0,0.0,2086.36,-28.7,True,Active,ArslanAzad,None,Normal,5: Lying down (controlled)
1790275869.5024593,15091,Person 28,-1002.0,1830.0,0.0,2086.36,-28.7,True,Active,ArslanAzad,None,Normal,5: Lying down (controlled)
1790275869.5493317,15092,Person 28,-1002.0,1830.0,0.0,2086.36,-28.7,True,Active,ArslanAzad,None,Normal,5: Lying down (controlled)
1790275869.596203,15093,Person 28,-1002.0,1830.0,0.0,2086.36,-28.7,True,Active,ArslanAzad,None,Normal,5: Lying down (controlled)
1790275869.7965558,15094,Person 28,-1002.0,1830.0,0.0,2086.36,-28.7,True,Active,ArslanAzad,None,Normal,5: Lying down (controlled)
1790275869.843428,15095,Person 28,-1002.0,1830.0,0.0,2086.36,-28.7,True,Active,ArslanAzad,None,Normal,5: Lying down (controlled)
1790275869.8902996,15096,Person 28,-1002.0,1830.0,0.0,2086.36,-28.7,True,Active,ArslanAzad,None,Normal,5: Lying down (controlled)
1790275869.9371712,15097,Person 28,-1002.0,1830.0,0.0,2086.36,-28.7,True,Active,ArslanAzad,None,Normal,5: Lying down (controlled)
1790275870.1559067,15098,Person 28,-1002.0,1830.0,0.0,2086.36,-28.7,True,Active,ArslanAzad,None,Normal,5: Lying down (controlled)
1790275870.202778,15099,Person 28,-1002.0,1830.0,0.0,2086.36,-28.7,True,Active,ArslanAzad,None,Normal,5: Lying down (controlled)
1790275870.2340252,15100,Person 28,-1002.0,1830.0,0.0,2086.36,-28.7,True,Active,ArslanAzad,None,Normal,5: Lying down (controlled)
1790275870.424991,15101,Person 28,-1002.0,1830.0,0.0,2086.36,-28.7,True,Active,ArslanAzad,None,Normal,5: Lying down (controlled)
1790275870.5030916,15102,Person 28,-1002.0,1830.0,0.0,2086.36,-28.7,True,Active,ArslanAzad,None,Normal,5: Lying down (controlled)
1790275870.5812094,15103,Person 28,-1002.0,1830.0,0.0,2086.36,-28.7,True,Active,ArslanAzad,None,Normal,5: Lying down (controlled)
1790275870.6437056,15104,Person 28,-1002.0,1830.0,0.0,2086.36,-28.7,True,Active,ArslanAzad,None,Normal,5: Lying down (controlled)
1790275870.737448,15105,Person 28,-1002.0,1830.0,0.0,2086.36,-28.7,True,Active,ArslanAzad,None,Normal,5: Lying down (controlled)
1790275870.8044195,15106,Person 28,-1002.0,1830.0,0.0,2086.36,-28.7,True,Active,ArslanAzad,None,Normal,5: Lying down (controlled)
1790275870.8825388,15107,Person 28,-1002.0,1830.0,0.0,2086.36,-28.7,True,Active,ArslanAzad,None,Normal,5: Lying down (controlled)
1790275870.945037,15108,Person 28,-1002.0,1830.0,0.0,2086.36,-28.7,True,Active,ArslanAzad,None,Normal,5: Lying down (controlled)
1790275871.0231543,15109,Person 28,-1002.0,1830.0,0.0,2086.36,-28.7,True,Active,ArslanAzad,None,Normal,5: Lying down (controlled)
1790275871.0700264,15110,Person 28,-1002.0,1830.0,0.0,2086.36,-28.7,True,Active,ArslanAzad,None,Normal,5: Lying down (controlled)
1790275871.1481454,15111,Person 28,-1002.0,1830.0,0.0,2086.36,-28.7,True,Active,ArslanAzad,None,Normal,5: Lying down (controlled)
1790275871.210644,15112,Person 28,-1002.0,1830.0,0.0,2086.36,-28.7,True,Active,ArslanAzad,None,Normal,5: Lying down (controlled)
1790275871.2927012,15113,Person 28,-1002.0,1830.0,0.0,2086.36,-28.7,True,Active,ArslanAzad,None,Normal,5: Lying down (controlled)
1790275871.3551986,15114,Person 28,-1002.0,1830.0,0.0,2086.36,-28.7,True,Active,ArslanAzad,None,Normal,5: Lying down (controlled)
1790275871.4176924,15115,Person 28,-1002.0,1830.0,0.0,2086.36,-28.7,True,Active,ArslanAzad,None,Normal,5: Lying down (controlled)
1790275871.4958131,15116,Person 28,-1002.0,1830.0,0.0,2086.36,-28.7,True,Active,ArslanAzad,None,Normal,5: Lying down (controlled)
1790275871.6414142,15117,Person 28,-1002.0,1830.0,0.0,2086.36,-28.7,True,Active,ArslanAzad,None,Normal,5: Lying down (controlled)
1790275871.7300887,15118,Person 28,-1002.0,1830.0,0.0,2086.36,-28.7,True,Active,ArslanAzad,None,Normal,5: Lying down (controlled)
1790275871.8129075,15119,Person 28,-1002.0,1830.0,0.0,2086.36,-28.7,True,Active,ArslanAzad,None,Normal,5: Lying down (controlled)
1790275871.859779,15120,Person 28,-1002.0,1830.0,0.0,2086.36,-28.7,True,Active,ArslanAzad,None,Normal,5: Lying down (controlled)
1790275871.9691463,15121,Person 28,-1002.0,1830.0,0.0,2086.36,-28.7,True,Active,ArslanAzad,None,Normal,5: Lying down (controlled)
1790275872.0316415,15122,Person 28,-1002.0,1830.0,0.0,2086.36,-28.7,True,Active,ArslanAzad,None,Normal,5: Lying down (controlled)
1790275872.1253858,15123,Person 28,-1002.0,1830.0,0.0,2086.36,-28.7,True,Active,ArslanAzad,None,Normal,5: Lying down (controlled)
1790275872.2191286,15124,Person 28,-1002.0,1830.0,0.0,2086.36,-28.7,True,Active,ArslanAzad,None,Normal,5: Lying down (controlled)
1790275872.317527,15125,Person 28,-1002.0,1830.0,0.0,2086.36,-28.7,True,Active,ArslanAzad,None,Normal,5: Lying down (controlled)
1790275872.4112523,15126,Person 28,-1002.0,1830.0,0.0,2086.36,-28.7,True,Active,ArslanAzad,None,Normal,5: Lying down (controlled)
1790275872.504993,15127,Person 28,-1002.0,1830.0,0.0,2086.36,-28.7,True,Active,ArslanAzad,None,Normal,5: Lying down (controlled)
1790275872.6143603,15128,Person 28,-1002.0,1830.0,0.0,2086.36,-28.7,True,Active,ArslanAzad,None,Normal,5: Lying down (controlled)
1790275872.7237284,15129,Person 28,-1002.0,1830.0,0.0,2086.36,-28.7,True,Active,ArslanAzad,None,Normal,5: Lying down (controlled)
1790275872.8418567,15130,Person 28,-1002.0,1830.0,0.0,2086.36,-28.7,True,Active,ArslanAzad,None,Normal,5: Lying down (controlled)
1790275872.9608192,15131,Person 28,-1002.0,1830.0,0.0,2086.36,-28.7,True,Active,ArslanAzad,None,Normal,5: Lying down (controlled)
1790275873.0389378,15132,Person 28,-1002.0,1830.0,0.0,2086.36,-28.7,True,Active,ArslanAzad,None,Normal,5: Lying down (controlled)
1790275873.1170576,15133,Person 28,-1002.0,1830.0,0.0,2086.36,-28.7,True,Active,ArslanAzad,None,Normal,5: Lying down (controlled)
1790275873.1795533,15134,Person 28,-1002.0,1830.0,0.0,2086.36,-28.7,True,Active,ArslanAzad,None,Normal,5: Lying down (controlled)
1790275873.2264466,15135,Person 28,-1002.0,1830.0,0.0,2086.36,-28.7,True,Active,ArslanAzad,None,Normal,5: Lying down (controlled)
1790275873.288942,15136,Person 28,-1002.0,1830.0,0.0,2086.36,-28.7,True,Active,ArslanAzad,None,Normal,5: Lying down (controlled)
1790275873.3668642,15137,Person 28,-1002.0,1830.0,0.0,2086.36,-28.7,True,Active,ArslanAzad,None,Normal,5: Lying down (controlled)
1790275873.50748,15138,Person 28,-1002.0,1830.0,0.0,2086.36,-28.7,True,Active,ArslanAzad,None,Normal,5: Lying down (controlled)
1790275873.5699942,15139,Person 28,-1002.0,1830.0,0.0,2086.36,-28.7,True,Active,ArslanAzad,None,Normal,5: Lying down (controlled)
1790275873.6324902,15140,Person 28,-1002.0,1830.0,0.0,2086.36,-28.7,True,Active,ArslanAzad,None,Normal,5: Lying down (controlled)
1790275873.7262328,15141,Person 28,-1002.0,1830.0,0.0,2086.36,-28.7,True,Active,ArslanAzad,None,Normal,5: Lying down (controlled)
1790275873.8043532,15142,Person 28,-1002.0,1830.0,0.0,2086.36,-28.7,True,Active,ArslanAzad,None,Normal,5: Lying down (controlled)
1790275873.8852892,15143,Person 28,-1002.0,1830.0,0.0,2086.36,-28.7,True,Active,ArslanAzad,None,Normal,5: Lying down (controlled)
1790275873.97356,15144,Person 28,-1002.0,1830.0,0.0,2086.36,-28.7,True,Active,ArslanAzad,None,Normal,5: Lying down (controlled)
1790275874.0673046,15145,Person 28,-1002.0,1830.0,0.0,2086.36,-28.7,True,Active,ArslanAzad,None,Normal,5: Lying down (controlled)
1790275874.192297,15146,Person 28,-1002.0,1830.0,0.0,2086.36,-28.7,True,Active,ArslanAzad,None,Normal,5: Lying down (controlled)
1790275874.2779515,15147,Person 28,-1002.0,1830.0,0.0,2086.36,-28.7,True,Active,ArslanAzad,None,Normal,5: Lying down (controlled)
1790275874.3411622,15148,Person 28,-1002.0,1830.0,0.0,2086.36,-28.7,True,Active,ArslanAzad,None,Normal,5: Lying down (controlled)
1790275874.4661546,15149,Person 28,-1002.0,1830.0,0.0,2086.36,-28.7,True,Active,ArslanAzad,None,Normal,5: Lying down (controlled)
1790275874.5442524,15150,Person 28,-1002.0,1830.0,0.0,2086.36,-28.7,True,Active,ArslanAzad,None,Normal,5: Lying down (controlled)
1790275874.6223757,15151,Person 28,-1002.0,1830.0,0.0,2086.36,-28.7,True,Active,ArslanAzad,None,Normal,5: Lying down (controlled)
1790275874.7004972,15152,Person 28,-1002.0,1830.0,0.0,2086.36,-28.7,True,Active,ArslanAzad,None,Normal,5: Lying down (controlled)
1790275874.8098588,15153,Person 28,-1002.0,1830.0,0.0,2086.36,-28.7,True,Active,ArslanAzad,None,Normal,5: Lying down (controlled)
1790275874.8914702,15154,Person 28,-1002.0,1830.0,0.0,2086.36,-28.7,True,Active,ArslanAzad,None,Normal,5: Lying down (controlled)
1790275874.9852142,15155,Person 28,-1002.0,1830.0,0.0,2086.36,-28.7,True,Active,ArslanAzad,None,Normal,5: Lying down (controlled)
1790275875.0789561,15156,Person 28,-1002.0,1830.0,0.0,2086.36,-28.7,True,Active,ArslanAzad,None,Normal,5: Lying down (controlled)
1790275875.1727006,15157,Person 28,-1002.0,1830.0,0.0,2086.36,-28.7,True,Active,ArslanAzad,None,Normal,5: Lying down (controlled)
1790275875.2664459,15158,Person 28,-1002.0,1830.0,0.0,2086.36,-28.7,True,Active,ArslanAzad,None,Normal,5: Lying down (controlled)
1790275875.3491569,15159,Person 28,-1002.0,1830.0,0.0,2086.36,-28.7,True,Active,ArslanAzad,None,Normal,5: Lying down (controlled)
1790275875.4585264,15160,Person 28,-1002.0,1830.0,0.0,2086.36,-28.7,True,Active,ArslanAzad,None,Normal,5: Lying down (controlled)
1790275875.5522678,15161,Person 28,-1002.0,1830.0,0.0,2086.36,-28.7,True,Active,ArslanAzad,None,Normal,5: Lying down (controlled)
1790275875.661635,15162,Person 28,-1002.0,1830.0,0.0,2086.36,-28.7,True,Active,ArslanAzad,None,Normal,5: Lying down (controlled)
1790275875.755379,15163,Person 28,-1002.0,1830.0,0.0,2086.36,-28.7,True,Active,ArslanAzad,None,Normal,5: Lying down (controlled)
1790275875.853768,15164,Person 28,-1002.0,1830.0,0.0,2086.36,-28.7,True,Active,ArslanAzad,None,Normal,5: Lying down (controlled)
1790275875.9475152,15165,Person 28,-1002.0,1830.0,0.0,2086.36,-28.7,True,Active,ArslanAzad,None,Normal,5: Lying down (controlled)
1790275876.0256326,15166,Person 28,-1002.0,1830.0,0.0,2086.36,-28.7,True,Active,ArslanAzad,None,Normal,5: Lying down (controlled)
1790275876.1193755,15167,Person 28,-1002.0,1830.0,0.0,2086.36,-28.7,True,Active,ArslanAzad,None,Normal,5: Lying down (controlled)
1790275876.213119,15168,Person 28,-1002.0,1830.0,0.0,2086.36,-28.7,True,Active,ArslanAzad,None,Normal,5: Lying down (controlled)
1790275876.3068635,15169,Person 28,-1002.0,1830.0,0.0,2086.36,-28.7,True,Active,ArslanAzad,None,Normal,5: Lying down (controlled)
1790275876.418989,15170,Person 28,-1002.0,1830.0,0.0,2086.36,-28.7,True,Active,ArslanAzad,None,Normal,5: Lying down (controlled)
1790275876.5283563,15171,Person 28,-1002.0,1830.0,0.0,2086.36,-28.7,True,Active,ArslanAzad,None,Normal,5: Lying down (controlled)
1790275876.5908718,15172,Person 28,-1002.0,1830.0,0.0,2086.36,-28.7,True,Active,ArslanAzad,None,Normal,5: Lying down (controlled)
1790275876.6377437,15173,Person 28,-1002.0,1830.0,0.0,2086.36,-28.7,True,Active,ArslanAzad,None,Normal,5: Lying down (controlled)
1790275876.7158449,15174,Person 28,-1002.0,1830.0,0.0,2086.36,-28.7,True,Active,ArslanAzad,None,Normal,5: Lying down (controlled)
1790275876.8252094,15175,Person 28,-1002.0,1830.0,0.0,2086.36,-28.7,True,Active,ArslanAzad,None,Normal,5: Lying down (controlled)
1790275876.8960042,15176,Person 28,-1002.0,1830.0,0.0,2086.36,-28.7,True,Active,ArslanAzad,None,Normal,5: Lying down (controlled)
1790275876.9584985,15177,Person 28,-1002.0,1830.0,0.0,2086.36,-28.7,True,Active,ArslanAzad,None,Normal,5: Lying down (controlled)
1790275877.036619,15178,Person 28,-1002.0,1830.0,0.0,2086.36,-28.7,True,Active,ArslanAzad,None,Normal,5: Lying down (controlled)
1790275877.130362,15179,Person 28,-1002.0,1830.0,0.0,2086.36,-28.7,True,Active,ArslanAzad,None,Normal,5: Lying down (controlled)
1790275877.2084827,15180,Person 28,-1002.0,1830.0,0.0,2086.36,-28.7,True,Active,ArslanAzad,None,Normal,5: Lying down (controlled)
1790275877.3178499,15181,Person 28,-1002.0,1830.0,0.0,2086.36,-28.7,True,Active,ArslanAzad,None,Normal,5: Lying down (controlled)
1790275877.3838596,15182,Person 28,-1002.0,1830.0,0.0,2086.36,-28.7,True,Active,ArslanAzad,None,Normal,5: Lying down (controlled)
1790275877.461979,15183,Person 28,-1002.0,1830.0,0.0,2086.36,-28.7,True,Active,ArslanAzad,None,Normal,5: Lying down (controlled)
1790275877.5869706,15184,Person 28,-1002.0,1830.0,0.0,2086.36,-28.7,True,Active,ArslanAzad,None,Normal,5: Lying down (controlled)
1790275877.66509,15185,Person 28,-1002.0,1830.0,0.0,2086.36,-28.7,True,Active,ArslanAzad,None,Normal,5: Lying down (controlled)
1790275877.7432086,15186,Person 28,-1002.0,1830.0,0.0,2086.36,-28.7,True,Active,ArslanAzad,None,Normal,5: Lying down (controlled)
1790275877.821329,15187,Person 28,-1002.0,1830.0,0.0,2086.36,-28.7,True,Active,ArslanAzad,None,Normal,5: Lying down (controlled)
1790275877.9195604,15188,Person 28,-1002.0,1830.0,0.0,2086.36,-28.7,True,Active,ArslanAzad,None,Normal,5: Lying down (controlled)
1790275877.997681,15189,Person 28,-1002.0,1830.0,0.0,2086.36,-28.7,True,Active,ArslanAzad,None,Normal,5: Lying down (controlled)
1790275878.091425,15190,Person 28,-1002.0,1830.0,0.0,2086.36,-28.7,True,Active,ArslanAzad,None,Normal,5: Lying down (controlled)
1790275878.1695647,15191,Person 28,-1002.0,1830.0,0.0,2086.36,-28.7,True,Active,ArslanAzad,None,Normal,5: Lying down (controlled)
1790275878.26329,15192,Person 28,-1002.0,1830.0,0.0,2086.36,-28.7,True,Active,ArslanAzad,None,Normal,5: Lying down (controlled)
1790275878.3600013,15193,Person 28,-1002.0,1830.0,0.0,2086.36,-28.7,True,Active,ArslanAzad,None,Normal,5: Lying down (controlled)
1790275878.4537694,15194,Person 28,-1002.0,1830.0,0.0,2086.36,-28.7,True,Active,ArslanAzad,None,Normal,5: Lying down (controlled)
1790275878.516244,15195,Person 28,-1002.0,1830.0,0.0,2086.36,-28.7,True,Active,ArslanAzad,None,Normal,5: Lying down (controlled)
1790275878.6256125,15196,Person 28,-1002.0,1830.0,0.0,2086.36,-28.7,True,Active,ArslanAzad,None,Normal,5: Lying down (controlled)
1790275878.7037513,15197,Person 28,-1002.0,1830.0,0.0,2086.36,-28.7,True,Active,ArslanAzad,None,Normal,5: Lying down (controlled)
1790275878.7818708,15198,Person 28,-1002.0,1830.0,0.0,2086.36,-28.7,True,Active,ArslanAzad,None,Normal,5: Lying down (controlled)
1790275878.8970156,15199,Person 28,-1002.0,1830.0,0.0,2086.36,-28.7,True,Active,ArslanAzad,None,Normal,5: Lying down (controlled)
1790275878.9595308,15200,Person 28,-1002.0,1830.0,0.0,2086.36,-28.7,True,Active,ArslanAzad,None,Normal,5: Lying down (controlled)
1790275879.0532541,15201,Person 28,-1002.0,1830.0,0.0,2086.36,-28.7,True,Active,ArslanAzad,None,Normal,5: Lying down (controlled)
1790275879.1782455,15202,Person 28,-1002.0,1830.0,0.0,2086.36,-28.7,True,Active,ArslanAzad,None,Normal,5: Lying down (controlled)
1790275879.2407403,15203,Person 28,-1002.0,1830.0,0.0,2086.36,-28.7,True,Active,ArslanAzad,None,Normal,5: Lying down (controlled)
1790275879.3188608,15204,Person 28,-1002.0,1830.0,0.0,2086.36,-28.7,True,Active,ArslanAzad,None,Normal,5: Lying down (controlled)
1790275879.4210994,15205,Person 28,-1002.0,1830.0,0.0,2086.36,-28.7,True,Active,ArslanAzad,None,Normal,5: Lying down (controlled)
1790275879.499219,15206,Person 28,-1002.0,1830.0,0.0,2086.36,-28.7,True,Active,ArslanAzad,None,Normal,5: Lying down (controlled)
1790275879.62421,15207,Person 28,-1002.0,1830.0,0.0,2086.36,-28.7,True,Active,ArslanAzad,None,Normal,5: Lying down (controlled)
1790275879.6867054,15208,Person 28,-1002.0,1830.0,0.0,2086.36,-28.7,True,Active,ArslanAzad,None,Normal,5: Lying down (controlled)
1790275879.7804713,15209,Person 28,-1002.0,1830.0,0.0,2086.36,-28.7,True,Active,ArslanAzad,None,Normal,5: Lying down (controlled)
1790275879.8585892,15210,Person 28,-1002.0,1830.0,0.0,2086.36,-28.7,True,Active,ArslanAzad,None,Normal,5: Lying down (controlled)
1790275879.986877,15211,Person 28,-1002.0,1830.0,0.0,2086.36,-28.7,True,Active,ArslanAzad,None,Normal,5: Lying down (controlled)
1790275880.0337684,15212,Person 28,-1002.0,1830.0,0.0,2086.36,-28.7,True,Active,ArslanAzad,None,Normal,5: Lying down (controlled)
1790275880.127512,15213,Person 28,-1002.0,1830.0,0.0,2086.36,-28.7,True,Active,ArslanAzad,None,Normal,5: Lying down (controlled)
1790275880.2368598,15214,Person 28,-1002.0,1830.0,0.0,2086.36,-28.7,True,Active,ArslanAzad,None,Normal,5: Lying down (controlled)
1790275880.299375,15215,Person 28,-1002.0,1830.0,0.0,2086.36,-28.7,True,Active,ArslanAzad,None,Normal,5: Lying down (controlled)
1790275880.4212759,15216,Person 28,-1002.0,1830.0,0.0,2086.36,-28.7,True,Active,ArslanAzad,None,Normal,5: Lying down (controlled)
1790275880.4837933,15217,Person 28,-1002.0,1830.0,0.0,2086.36,-28.7,True,Active,ArslanAzad,None,Normal,5: Lying down (controlled)
1790275880.5931404,15218,Person 28,-1002.0,1830.0,0.0,2086.36,-28.7,True,Active,ArslanAzad,None,Normal,5: Lying down (controlled)
1790275880.655637,15219,Person 28,-1002.0,1830.0,0.0,2086.36,-28.7,True,Active,ArslanAzad,None,Normal,5: Lying down (controlled)
1790275880.7493806,15220,Person 28,-1002.0,1830.0,0.0,2086.36,-28.7,True,Active,ArslanAzad,None,Normal,5: Lying down (controlled)
1790275880.8274996,15221,Person 28,-1002.0,1830.0,0.0,2086.36,-28.7,True,Active,ArslanAzad,None,Normal,5: Lying down (controlled)
1790275880.94222,15222,Person 28,-1002.0,1830.0,0.0,2086.36,-28.7,True,Active,ArslanAzad,None,Normal,5: Lying down (controlled)
1790275881.0203385,15223,Person 28,-1002.0,1830.0,0.0,2086.36,-28.7,True,Active,ArslanAzad,None,Normal,5: Lying down (controlled)
1790275881.0984588,15224,Person 28,-1002.0,1830.0,0.0,2086.36,-28.7,True,Active,ArslanAzad,None,Normal,5: Lying down (controlled)
1790275881.2234697,15225,Person 28,-1002.0,1830.0,0.0,2086.36,-28.7,True,Active,ArslanAzad,None,Normal,5: Lying down (controlled)
1790275881.285944,15226,Person 28,-1002.0,1830.0,0.0,2086.36,-28.7,True,Active,ArslanAzad,None,Normal,5: Lying down (controlled)
1790275881.3640635,15227,Person 28,-1002.0,1830.0,0.0,2086.36,-28.7,True,Active,ArslanAzad,None,Normal,5: Lying down (controlled)
1790275881.4614115,15228,Person 28,-1002.0,1830.0,0.0,2086.36,-28.7,True,Active,ArslanAzad,None,Normal,5: Lying down (controlled)
1790275881.5395317,15229,Person 28,-1002.0,1830.0,0.0,2086.36,-28.7,True,Active,ArslanAzad,None,Normal,5: Lying down (controlled)
1790275881.633275,15230,Person 28,-1002.0,1830.0,0.0,2086.36,-28.7,True,Active,ArslanAzad,None,Normal,5: Lying down (controlled)
1790275881.7582662,15231,Person 28,-1002.0,1830.0,0.0,2086.36,-28.7,True,Active,ArslanAzad,None,Normal,5: Lying down (controlled)
1790275881.8207617,15232,Person 28,-1002.0,1830.0,0.0,2086.36,-28.7,True,Active,ArslanAzad,None,Normal,5: Lying down (controlled)
1790275881.9120831,15233,Person 28,-1002.0,1830.0,0.0,2086.36,-28.7,True,Active,ArslanAzad,None,Normal,5: Lying down (controlled)
1790275881.99695,15234,Person 28,-1002.0,1830.0,0.0,2086.36,-28.7,True,Active,ArslanAzad,None,Normal,5: Lying down (controlled)
1790275882.0750692,15235,Person 28,-1002.0,1830.0,0.0,2086.36,-28.7,True,Active,ArslanAzad,None,Normal,5: Lying down (controlled)
1790275882.2469368,15236,Person 28,-1002.0,1830.0,0.0,2086.36,-28.7,True,Active,ArslanAzad,None,Normal,5: Lying down (controlled)
1790275882.293826,15237,Person 28,-1002.0,1830.0,0.0,2086.36,-28.7,True,Active,ArslanAzad,None,Normal,5: Lying down (controlled)
1790275882.35632,15238,Person 28,-1002.0,1830.0,0.0,2086.36,-28.7,True,Active,ArslanAzad,None,Normal,5: Lying down (controlled)
1790275882.4385645,15239,Person 28,-1002.0,1830.0,0.0,2086.36,-28.7,True,Active,ArslanAzad,None,Normal,5: Lying down (controlled)
1790275882.5479116,15240,Person 28,-1002.0,1830.0,0.0,2086.36,-28.7,True,Active,ArslanAzad,None,Normal,5: Lying down (controlled)
1790275882.6104286,15241,Person 28,-1002.0,1830.0,0.0,2086.36,-28.7,True,Active,ArslanAzad,None,Normal,5: Lying down (controlled)
1790275882.7197742,15242,Person 28,-1002.0,1830.0,0.0,2086.36,-28.7,True,Active,ArslanAzad,None,Normal,5: Lying down (controlled)
1790275882.7978935,15243,Person 28,-1002.0,1830.0,0.0,2086.36,-28.7,True,Active,ArslanAzad,None,Normal,5: Lying down (controlled)
1790275882.9099832,15244,Person 28,-1002.0,1830.0,0.0,2086.36,-28.7,True,Active,ArslanAzad,None,Normal,5: Lying down (controlled)
1790275882.9725027,15245,Person 28,-1002.0,1830.0,0.0,2086.36,-28.7,True,Active,ArslanAzad,None,Normal,5: Lying down (controlled)
1790275883.0974724,15246,Person 28,-1002.0,1830.0,0.0,2086.36,-28.7,True,Active,ArslanAzad,None,Normal,5: Lying down (controlled)
1790275883.1443655,15247,Person 28,-1002.0,1830.0,0.0,2086.36,-28.7,True,Active,ArslanAzad,None,Normal,5: Lying down (controlled)
1790275883.2693362,15248,Person 28,-1002.0,1830.0,0.0,2086.36,-28.7,True,Active,ArslanAzad,None,Normal,5: Lying down (controlled)
1790275883.331852,15249,Person 28,-1002.0,1830.0,0.0,2086.36,-28.7,True,Active,ArslanAzad,None,Normal,5: Lying down (controlled)
1790275883.4285755,15250,Person 28,-1002.0,1830.0,0.0,2086.36,-28.7,True,Active,ArslanAzad,None,Normal,5: Lying down (controlled)
1790275883.5223174,15251,Person 28,-1002.0,1830.0,0.0,2086.36,-28.7,True,Active,ArslanAzad,None,Normal,5: Lying down (controlled)
1790275883.631685,15252,Person 28,-1002.0,1830.0,0.0,2086.36,-28.7,True,Active,ArslanAzad,None,Normal,5: Lying down (controlled)
1790275883.6785567,15253,Person 28,-1002.0,1830.0,0.0,2086.36,-28.7,True,Active,ArslanAzad,None,Normal,5: Lying down (controlled)
1790275883.7722995,15254,Person 28,-1002.0,1830.0,0.0,2086.36,-28.7,True,Active,ArslanAzad,None,Normal,5: Lying down (controlled)
1790275883.8504193,15255,Person 28,-1002.0,1830.0,0.0,2086.36,-28.7,True,Active,ArslanAzad,None,Normal,5: Lying down (controlled)
1790275883.947248,15256,Person 28,-1002.0,1830.0,0.0,2086.36,-28.7,True,Active,ArslanAzad,None,Normal,5: Lying down (controlled)
1790275884.0566149,15257,Person 28,-1002.0,1830.0,0.0,2086.36,-28.7,True,Active,ArslanAzad,None,Normal,5: Lying down (controlled)
1790275884.1347344,15258,Person 28,-1002.0,1830.0,0.0,2086.36,-28.7,True,Active,ArslanAzad,None,Normal,5: Lying down (controlled)
1790275884.212854,15259,Person 28,-1002.0,1830.0,0.0,2086.36,-28.7,True,Active,ArslanAzad,None,Normal,5: Lying down (controlled)
1790275884.3378453,15260,Person 28,-1002.0,1830.0,0.0,2086.36,-28.7,True,Active,ArslanAzad,None,Normal,5: Lying down (controlled)
1790275884.4003413,15261,Person 28,-1002.0,1830.0,0.0,2086.36,-28.7,True,Active,ArslanAzad,None,Normal,5: Lying down (controlled)
1790275884.4821258,15262,Person 28,-1002.0,1830.0,0.0,2086.36,-28.7,True,Active,ArslanAzad,None,Normal,5: Lying down (controlled)
1790275884.6071177,15263,Person 28,-1002.0,1830.0,0.0,2086.36,-28.7,True,Active,ArslanAzad,None,Normal,5: Lying down (controlled)
1790275884.6696134,15264,Person 28,-1002.0,1830.0,0.0,2086.36,-28.7,True,Active,ArslanAzad,None,Normal,5: Lying down (controlled)
1790275884.7477324,15265,Person 28,-1002.0,1830.0,0.0,2086.36,-28.7,True,Active,ArslanAzad,None,Normal,5: Lying down (controlled)
1790275884.8727233,15266,Person 28,-1002.0,1830.0,0.0,2086.36,-28.7,True,Active,ArslanAzad,None,Normal,5: Lying down (controlled)
1790275884.938147,15267,Person 28,-1002.0,1830.0,0.0,2086.36,-28.7,True,Active,ArslanAzad,None,Normal,5: Lying down (controlled)
1790275885.0475135,15268,Person 28,-1002.0,1830.0,0.0,2086.36,-28.7,True,Active,ArslanAzad,None,Normal,5: Lying down (controlled)
1790275885.11001,15269,Person 28,-1002.0,1830.0,0.0,2086.36,-28.7,True,Active,ArslanAzad,None,Normal,5: Lying down (controlled)
1790275885.2193763,15270,Person 28,-1002.0,1830.0,0.0,2086.36,-28.7,True,Active,ArslanAzad,None,Normal,5: Lying down (controlled)
1790275885.2818935,15271,Person 28,-1002.0,1830.0,0.0,2086.36,-28.7,True,Active,ArslanAzad,None,Normal,5: Lying down (controlled)
1790275885.3756151,15272,Person 28,-1002.0,1830.0,0.0,2086.36,-28.7,True,Active,ArslanAzad,None,Normal,5: Lying down (controlled)
1790275885.4934442,15273,Person 28,-1002.0,1830.0,0.0,2086.36,-28.7,True,Active,ArslanAzad,None,Normal,5: Lying down (controlled)
1790275885.555918,15274,Person 28,-1002.0,1830.0,0.0,2086.36,-28.7,True,Active,ArslanAzad,None,Normal,5: Lying down (controlled)
1790275885.6653063,15275,Person 28,-1002.0,1830.0,0.0,2086.36,-28.7,True,Active,ArslanAzad,None,Normal,5: Lying down (controlled)
1790275885.7278023,15276,Person 28,-1002.0,1830.0,0.0,2086.36,-28.7,True,Active,ArslanAzad,None,Normal,5: Lying down (controlled)
1790275885.8371484,15277,Person 28,-1002.0,1830.0,0.0,2086.36,-28.7,True,Active,ArslanAzad,None,Normal,5: Lying down (controlled)
1790275885.8996654,15278,Person 28,-1002.0,1830.0,0.0,2086.36,-28.7,True,Active,ArslanAzad,None,Normal,5: Lying down (controlled)
1790275885.9966583,15279,Person 28,-1002.0,1830.0,0.0,2086.36,-28.7,True,Active,ArslanAzad,None,Normal,5: Lying down (controlled)
1790275886.0747778,15280,Person 28,-1002.0,1830.0,0.0,2086.36,-28.7,True,Active,ArslanAzad,None,Normal,5: Lying down (controlled)
1790275886.1841455,15281,Person 28,-1002.0,1830.0,0.0,2086.36,-28.7,True,Active,ArslanAzad,None,Normal,5: Lying down (controlled)
1790275886.2622645,15282,Person 28,-1002.0,1830.0,0.0,2086.36,-28.7,True,Active,ArslanAzad,None,Normal,5: Lying down (controlled)
1790275886.3560083,15283,Person 28,-1002.0,1830.0,0.0,2086.36,-28.7,True,Active,ArslanAzad,None,Normal,5: Lying down (controlled)
1790275886.436842,15284,Person 28,-1002.0,1830.0,0.0,2086.36,-28.7,True,Predicted,ArslanAzad,None,Normal,5: Lying down (controlled)
1790275886.546212,15285,Person 28,-1002.0,1830.0,0.0,2086.36,-28.7,True,Predicted,ArslanAzad,None,Normal,5: Lying down (controlled)
1790275886.6243522,15286,Person 28,-1002.0,1830.0,0.0,2086.36,-28.7,True,Predicted,ArslanAzad,None,Normal,5: Lying down (controlled)
1790275886.7336986,15287,Person 28,-1002.0,1830.0,0.0,2086.36,-28.7,True,Predicted,ArslanAzad,None,Normal,5: Lying down (controlled)
1790275886.7961948,15288,Person 28,-1002.0,1830.0,0.0,2086.36,-28.7,True,Predicted,ArslanAzad,None,Normal,5: Lying down (controlled)
1790275886.8899374,15289,Person 28,-1002.0,1830.0,0.0,2086.36,-28.7,True,Predicted,ArslanAzad,None,Normal,5: Lying down (controlled)
1790275886.9725108,15290,Person 28,-1002.0,1830.0,0.0,2086.36,-28.7,True,Predicted,ArslanAzad,None,Normal,5: Lying down (controlled)
1790275887.0818567,15291,Person 28,-1002.0,1830.0,0.0,2086.36,-28.7,True,Predicted,ArslanAzad,None,Normal,5: Lying down (controlled)
1790275887.1599977,15292,Person 28,-1002.0,1830.0,0.0,2086.36,-28.7,True,Predicted,ArslanAzad,None,Normal,5: Lying down (controlled)
1790275887.2380962,15293,Person 28,-1002.0,1830.0,0.0,2086.36,-28.7,True,Predicted,ArslanAzad,None,Normal,5: Lying down (controlled)
1790275887.3630872,15294,Person 28,-1002.0,1830.0,0.0,2086.36,-28.7,True,Predicted,ArslanAzad,None,Normal,5: Lying down (controlled)
1790275887.4256036,15295,Person 28,-1002.0,1830.0,0.0,2086.36,-28.7,True,Predicted,ArslanAzad,None,Normal,5: Lying down (controlled)
1790275887.506992,15296,Person 28,-1002.0,1830.0,0.0,2086.36,-28.7,True,Predicted,ArslanAzad,None,Normal,5: Lying down (controlled)
1790275887.6319754,15297,Person 28,-1002.0,1830.0,0.0,2086.36,-28.7,True,Predicted,ArslanAzad,None,Normal,5: Lying down (controlled)
1790275887.6944706,15298,Person 28,-1002.0,1830.0,0.0,2086.36,-28.7,True,Predicted,ArslanAzad,None,Normal,5: Lying down (controlled)
1790275887.7882135,15299,Person 28,-1002.0,1830.0,0.0,2086.36,-28.7,True,Searching,ArslanAzad,None,Normal,5: Lying down (controlled)
1790275887.866334,15300,Person 28,-1002.0,1830.0,0.0,2086.36,-28.7,True,Searching,ArslanAzad,None,Normal,5: Lying down (controlled)
1790275887.9789505,15301,Person 28,-1002.0,1830.0,0.0,2086.36,-28.7,True,Searching,ArslanAzad,None,Normal,5: Lying down (controlled)
1790275888.0414462,15302,Person 28,-1002.0,1830.0,0.0,2086.36,-28.7,True,Searching,ArslanAzad,None,Normal,5: Lying down (controlled)
1790275888.2445574,15303,Person 28,-1002.0,1830.0,0.0,2086.36,-28.7,True,Searching,ArslanAzad,None,Normal,5: Lying down (controlled)
1790275888.2758048,15304,Person 28,-1002.0,1830.0,0.0,2086.36,-28.7,True,Searching,ArslanAzad,None,Normal,5: Lying down (controlled)
1790275888.3383007,15305,Person 28,-1002.0,1830.0,0.0,2086.36,-28.7,True,Searching,ArslanAzad,None,Normal,5: Lying down (controlled)
1790275888.4164195,15306,Person 28,-1002.0,1830.0,0.0,2086.36,-28.7,True,Searching,ArslanAzad,None,Normal,5: Lying down (controlled)
1790275888.4977512,15307,Person 28,-1002.0,1830.0,0.0,2086.36,-28.7,True,Searching,ArslanAzad,None,Normal,5: Lying down (controlled)
1790275888.6071265,15308,Person 28,-1002.0,1830.0,0.0,2086.36,-28.7,True,Searching,ArslanAzad,None,Normal,5: Lying down (controlled)
1790275888.6852593,15309,Person 28,-1002.0,1830.0,0.0,2086.36,-28.7,True,Searching,ArslanAzad,None,Normal,5: Lying down (controlled)
1790275888.7477548,15310,Person 28,-1002.0,1830.0,0.0,2086.36,-28.7,True,Searching,ArslanAzad,None,Normal,5: Lying down (controlled)
1790275888.872746,15311,Person 28,-1002.0,1830.0,0.0,2086.36,-28.7,True,Searching,ArslanAzad,None,Normal,5: Lying down (controlled)
1790275888.9352424,15312,Person 28,-1002.0,1830.0,0.0,2086.36,-28.7,True,Searching,ArslanAzad,None,Normal,5: Lying down (controlled)
1790275889.0167687,15313,Person 28,-1002.0,1830.0,0.0,2086.36,-28.7,True,Searching,ArslanAzad,None,Normal,5: Lying down (controlled)
1790275889.1417596,15314,Person 28,-1002.0,1830.0,0.0,2086.36,-28.7,True,Searching,ArslanAzad,None,Normal,5: Lying down (controlled)
1790275889.2042556,15315,Person 28,-1002.0,1830.0,0.0,2086.36,-28.7,True,Searching,ArslanAzad,None,Normal,5: Lying down (controlled)
1790275889.282375,15316,Person 28,-1002.0,1830.0,0.0,2086.36,-28.7,True,Searching,ArslanAzad,None,Normal,5: Lying down (controlled)
1790275889.3761184,15317,Person 28,-1002.0,1830.0,0.0,2086.36,-28.7,True,Searching,ArslanAzad,None,Normal,5: Lying down (controlled)
1790275889.4892144,15318,Person 28,-1002.0,1830.0,0.0,2086.36,-28.7,True,Searching,ArslanAzad,None,Normal,5: Lying down (controlled)
1790275889.5517104,15319,Person 28,-1002.0,1830.0,0.0,2086.36,-28.7,True,Searching,ArslanAzad,None,Normal,5: Lying down (controlled)
1790275889.6454532,15320,Person 28,-1002.0,1830.0,0.0,2086.36,-28.7,True,Searching,ArslanAzad,None,Normal,5: Lying down (controlled)
1790275889.7548423,15321,Person 28,-1002.0,1830.0,0.0,2086.36,-28.7,True,Searching,ArslanAzad,None,Normal,5: Lying down (controlled)
1790275889.8329613,15322,Person 28,-1002.0,1830.0,0.0,2086.36,-28.7,True,Searching,ArslanAzad,None,Normal,5: Lying down (controlled)
1790275889.9423075,15323,Person 28,-1002.0,1830.0,0.0,2086.36,-28.7,True,Searching,ArslanAzad,None,Normal,5: Lying down (controlled)
1790275890.0080912,15324,Person 28,-1002.0,1830.0,0.0,2086.36,-28.7,True,Searching,ArslanAzad,None,Normal,5: Lying down (controlled)
1790275890.0872815,15325,Person 28,-1002.0,1830.0,0.0,2086.36,-28.7,True,Searching,ArslanAzad,None,Normal,5: Lying down (controlled)
1790275890.2019775,15326,Person 28,-1002.0,1830.0,0.0,2086.36,-28.7,True,Searching,ArslanAzad,None,Normal,5: Lying down (controlled)
1790275890.2644737,15327,Person 28,-1002.0,1830.0,0.0,2086.36,-28.7,True,Searching,ArslanAzad,None,Normal,5: Lying down (controlled)
1790275890.3582168,15328,Person 28,-1002.0,1830.0,0.0,2086.36,-28.7,True,Searching,ArslanAzad,None,Normal,5: Lying down (controlled)
1790275890.4795084,15329,Person 28,-1002.0,1830.0,0.0,2086.36,-28.7,True,Searching,ArslanAzad,None,Normal,5: Lying down (controlled)
1790275890.5420256,15330,Person 28,-1002.0,1830.0,0.0,2086.36,-28.7,True,Searching,ArslanAzad,None,Normal,5: Lying down (controlled)
1790275890.6513925,15331,Person 28,-1002.0,1830.0,0.0,2086.36,-28.7,True,Searching,ArslanAzad,None,Normal,5: Lying down (controlled)
1790275890.7138898,15332,Person 28,-1002.0,1830.0,0.0,2086.36,-28.7,True,Searching,ArslanAzad,None,Normal,5: Lying down (controlled)
1790275890.8388803,15333,Person 28,-1002.0,1830.0,0.0,2086.36,-28.7,True,Searching,ArslanAzad,None,Normal,5: Lying down (controlled)
1790275890.8857527,15334,Person 28,-1002.0,1830.0,0.0,2086.36,-28.7,True,Searching,ArslanAzad,None,Normal,5: Lying down (controlled)
1790275890.9837124,15335,Person 28,97.0,3410.0,320.0,3411.38,1.63,True,Active,ArslanAzad,None,Normal,5: Lying down (controlled)
1790275891.1866019,15336,Person 28,96.0,3410.5,240.0,3412.32,1.6,True,Active,ArslanAzad,None,Normal,5: Lying down (controlled)
1790275891.2334547,15337,Person 28,96.33,3410.67,320.0,3412.38,1.63,True,Active,ArslanAzad,None,Normal,5: Lying down (controlled)
1790275891.311574,15338,Person 28,96.25,3411.25,320.0,3414.35,1.61,True,Active,ArslanAzad,None,Normal,5: Lying down (controlled)
1790275891.374071,15339,Person 28,97.0,3411.8,240.0,3415.46,1.68,True,Active,ArslanAzad,None,Normal,5: Lying down (controlled)
1790275891.4365659,15340,Person 28,97.5,3412.33,320.0,3416.46,1.68,True,Active,ArslanAzad,None,Normal,5: Lying down (controlled)
1790275891.5651672,15341,Person 28,98.71,3413.0,240.0,3418.64,1.78,True,Active,ArslanAzad,None,Normal,5: Lying down (controlled)
1790275891.6276402,15342,Person 28,100.38,3413.88,320.0,3421.83,1.88,True,Active,ArslanAzad,None,Normal,5: Lying down (controlled)
1790275891.690139,15343,Person 28,101.78,3415.0,320.0,3425.86,1.89,True,Active,ArslanAzad,None,Normal,5: Lying down (controlled)
1790275891.799503,15344,Person 28,103.4,3416.3,240.0,3430.03,1.97,True,Active,ArslanAzad,None,Normal,5: Lying down (controlled)
1790275891.8776438,15345,Person 28,105.7,3418.2,-240.0,3431.1,2.0,True,Active,ArslanAzad,None,Normal,5: Lying down (controlled)
1790275891.9557633,15346,Person 28,108.9,3420.1,320.0,3432.35,2.12,True,Active,ArslanAzad,None,Normal,5: Lying down (controlled)
1790275892.0852373,15347,Person 28,112.2,3422.1,240.0,3433.46,2.17,True,Active,ArslanAzad,None,Normal,5: Lying down (controlled)
1790275892.1477334,15348,Person 28,115.5,3423.8,320.0,3432.42,2.15,True,Active,ArslanAzad,None,Normal,5: Lying down (controlled)
1790275892.2258499,15349,Person 28,118.2,3425.7,320.0,3435.35,2.12,True,Active,ArslanAzad,None,Normal,5: Lying down (controlled)
1790275892.3352385,15350,Person 28,120.4,3427.6,560.0,3436.17,2.03,True,Active,ArslanAzad,None,Normal,5: Lying down (controlled)
1790275892.3977146,15351,Person 28,121.0,3429.2,390.0,3434.83,1.87,True,Active,ArslanAzad,None,Normal,5: Lying down (controlled)
1790275892.5070808,15352,Person 28,120.0,3430.6,560.0,3435.51,1.7,True,Active,ArslanAzad,None,Normal,5: Lying down (controlled)
1790275892.6008248,15353,Person 28,117.8,3431.3,560.0,3432.21,1.52,True,Active,ArslanAzad,None,Normal,5: Lying down (controlled)
1790275892.6789434,15354,Person 28,114.2,3431.3,390.0,3428.98,1.37,True,Active,ArslanAzad,None,Normal,5: Lying down (controlled)
1790275892.7570837,15355,Person 28,110.5,3431.0,240.0,3427.01,1.39,True,Active,ArslanAzad,None,Normal,5: Lying down (controlled)
1790275892.8664517,15356,Person 28,106.1,3430.2,-240.0,3423.01,1.39,True,Active,ArslanAzad,None,Normal,5: Lying down (controlled)
1790275892.9445488,15357,Person 28,101.9,3429.3,320.0,3423.13,1.47,True,Active,ArslanAzad,None,Normal,5: Lying down (controlled)
1790275893.045629,15358,Person 28,98.0,3428.7,240.0,3425.18,1.51,True,Active,ArslanAzad,None,Normal,5: Lying down (controlled)
1790275893.1081247,15359,Person 28,94.7,3428.0,320.0,3427.29,1.57,True,Active,ArslanAzad,None,Normal,5: Lying down (controlled)
1790275893.2175121,15360,Person 28,92.4,3427.5,240.0,3430.43,1.65,True,Active,ArslanAzad,None,Normal,5: Lying down (controlled)
1790275893.2956128,15361,Person 28,91.4,3427.1,240.0,3430.52,1.7,True,Active,ArslanAzad,None,Normal,5: Lying down (controlled)
1790275893.3893542,15362,Person 28,91.4,3426.6,320.0,3430.52,1.7,True,Active,ArslanAzad,None,Normal,5: Lying down (controlled)
1790275893.4858427,15363,Person 28,92.9,3426.5,240.0,3431.64,1.77,True,Active,ArslanAzad,None,Normal,5: Lying down (controlled)
1790275893.563967,15364,Person 28,95.5,3426.5,320.0,3429.7,1.8,True,Active,ArslanAzad,None,Normal,5: Lying down (controlled)
1790275893.6733325,15365,Person 28,98.5,3426.9,320.0,3431.86,1.89,True,Active,ArslanAzad,None,Normal,5: Lying down (controlled)
1790275893.73583,15366,Person 28,102.2,3427.5,240.0,3430.1,2.0,True,Active,ArslanAzad,None,Normal,5: Lying down (controlled)
1790275893.8295712,15367,Person 28,106.0,3428.1,320.0,3430.31,2.11,True,Active,ArslanAzad,None,Normal,5: Lying down (controlled)
1790275893.9233153,15368,Person 28,110.5,3428.6,320.0,3431.66,2.25,True,Active,ArslanAzad,None,Normal,5: Lying down (controlled)
1790275894.0014348,15369,Person 28,115.3,3429.1,240.0,3433.94,2.37,True,Active,ArslanAzad,None,Normal,5: Lying down (controlled)
1790275894.1108224,15370,Person 28,120.2,3429.4,320.0,3435.19,2.47,True,Active,ArslanAzad,None,Normal,5: Lying down (controlled)
1790275894.188923,15371,Person 28,124.8,3430.0,240.0,3438.19,2.47,True,Active,ArslanAzad,None,Normal,5: Lying down (controlled)
1790275894.2826638,15372,Person 28,129.2,3430.6,240.0,3438.1,2.43,True,Active,ArslanAzad,None,Normal,5: Lying down (controlled)
1790275894.37641,15373,Person 28,132.8,3431.4,320.0,3440.93,2.37,True,Active,ArslanAzad,None,Normal,5: Lying down (controlled)
1790275894.454549,15374,Person 28,135.3,3432.4,560.0,3440.57,2.22,True,Active,ArslanAzad,None,Normal,5: Lying down (controlled)
1790275894.5360997,15375,Person 28,136.5,3433.1,320.0,3439.27,2.08,True,Active,ArslanAzad,None,Normal,5: Lying down (controlled)
1790275894.6610906,15376,Person 28,136.6,3434.3,320.0,3442.13,2.01,True,Active,ArslanAzad,None,Normal,5: Lying down (controlled)
1790275894.7235858,15377,Person 28,136.1,3435.5,320.0,3442.13,2.01,True,Active,ArslanAzad,None,Normal,5: Lying down (controlled)
1790275894.8329313,15378,Person 28,134.8,3436.7,320.0,3443.16,2.03,True,Active,ArslanAzad,None,Normal,5: Lying down (controlled)
1790275894.8954275,15379,Person 28,133.4,3437.8,240.0,3444.38,2.13,True,Active,ArslanAzad,None,Normal,5: Lying down (controlled)
1790275895.008805,15380,Person 28,131.8,3438.8,320.0,3444.53,2.2,True,Active,ArslanAzad,None,Normal,5: Lying down (controlled)
1790275895.071282,15381,Person 28,130.9,3439.6,320.0,3445.8,2.31,True,Active,ArslanAzad,None,Normal,5: Lying down (controlled)
1790275895.1806474,15382,Person 28,130.5,3440.5,240.0,3446.93,2.36,True,Active,ArslanAzad,None,Normal,5: Lying down (controlled)
1790275895.2770693,15383,Person 28,130.7,3440.9,320.0,3445.01,2.4,True,Active,ArslanAzad,None,Normal,5: Lying down (controlled)
1790275895.3395693,15384,Person 28,131.8,3441.3,320.0,3445.01,2.4,True,Active,ArslanAzad,None,Normal,5: Lying down (controlled)
1790275895.4645836,15385,Person 28,133.5,3441.7,240.0,3443.93,2.36,True,Active,ArslanAzad,None,Normal,5: Lying down (controlled)
1790275895.527428,15386,Person 28,135.3,3441.7,320.0,3442.81,2.31,True,Active,ArslanAzad,None,Normal,5: Lying down (controlled)
1790275895.621171,15387,Person 28,136.9,3441.8,240.0,3443.73,2.28,True,Active,ArslanAzad,None,Normal,5: Lying down (controlled)
1790275895.714914,15388,Person 28,138.1,3441.7,320.0,3442.61,2.23,True,Active,ArslanAzad,None,Normal,5: Lying down (controlled)
1790275895.793055,15389,Person 28,138.3,3441.5,390.0,3442.46,2.16,True,Active,ArslanAzad,None,Normal,5: Lying down (controlled)
1790275895.902422,15390,Person 28,138.0,3441.3,240.0,3442.42,2.15,True,Active,ArslanAzad,None,Normal,5: Lying down (controlled)
1790275895.9648964,15391,Person 28,136.7,3440.8,-240.0,3440.31,2.1,True,Active,ArslanAzad,None,Normal,5: Lying down (controlled)
1790275896.0770419,15392,Person 28,135.3,3440.3,320.0,3441.38,2.13,True,Active,ArslanAzad,None,Normal,5: Lying down (controlled)
1790275896.155142,15393,Person 28,133.5,3440.1,240.0,3442.31,2.1,True,Active,ArslanAzad,None,Normal,5: Lying down (controlled)
1790275896.2332819,15394,Person 28,131.6,3439.9,320.0,3442.27,2.08,True,Active,ArslanAzad,None,Normal,5: Lying down (controlled)
1790275896.3582723,15395,Person 28,130.1,3440.2,320.0,3446.34,2.11,True,Active,ArslanAzad,None,Normal,5: Lying down (controlled)
1790275896.4207516,15396,Person 28,128.9,3440.8,240.0,3448.34,2.11,True,Active,ArslanAzad,None,Normal,5: Lying down (controlled)
1790275896.5032077,15397,Person 28,127.7,3441.5,320.0,3450.27,2.08,True,Active,ArslanAzad,None,Normal,5: Lying down (controlled)
1790275896.6125793,15398,Person 28,126.1,3442.4,560.0,3451.02,1.96,True,Active,ArslanAzad,None,Normal,5: Lying down (controlled)
1790275896.6750762,15399,Person 28,124.0,3443.3,390.0,3450.72,1.81,True,Active,ArslanAzad,None,Normal,5: Lying down (controlled)
1790275896.7844625,15400,Person 28,121.4,3444.2,390.0,3450.54,1.71,True,Active,ArslanAzad,None,Normal,5: Lying down (controlled)
1790275896.862567,15401,Person 28,118.6,3445.0,640.0,3447.39,1.63,True,Active,ArslanAzad,None,Normal,5: Lying down (controlled)
1790275896.9646726,15402,Person 28,115.4,3445.4,390.0,3444.34,1.6,True,Active,ArslanAzad,None,Normal,5: Lying down (controlled)
1790275897.0531502,15403,Person 28,112.8,3445.8,320.0,3445.45,1.66,True,Active,ArslanAzad,None,Normal,5: Lying down (controlled)
1790275897.115646,15404,Person 28,110.6,3446.1,560.0,3444.54,1.71,True,Active,ArslanAzad,None,Normal,5: Lying down (controlled)
1790275897.2250135,15405,Person 28,108.7,3446.1,320.0,3445.69,1.8,True,Active,ArslanAzad,None,Normal,5: Lying down (controlled)
1790275897.3187351,15406,Person 28,107.1,3446.1,240.0,3447.79,1.84,True,Active,ArslanAzad,None,Normal,5: Lying down (controlled)
1790275897.4124782,15407,Person 28,105.7,3445.9,320.0,3447.79,1.84,True,Active,ArslanAzad,None,Normal,5: Lying down (controlled)
1790275897.5106983,15408,Person 28,104.9,3445.8,320.0,3449.75,1.83,True,Active,ArslanAzad,None,Normal,5: Lying down (controlled)
1790275897.573199,15409,Person 28,104.4,3445.6,560.0,3448.57,1.73,True,Active,ArslanAzad,None,Normal,5: Lying down (controlled)
1790275897.6513162,15410,Person 28,103.8,3445.4,320.0,3448.36,1.61,True,Active,ArslanAzad,None,Normal,5: Lying down (controlled)
1790275897.7763295,15411,Person 28,103.5,3445.6,320.0,3449.31,1.58,True,Active,ArslanAzad,None,Normal,5: Lying down (controlled)
1790275897.8544295,15412,Person 28,103.5,3446.0,320.0,3448.34,1.6,True,Active,ArslanAzad,None,Normal,5: Lying down (controlled)
1790275897.9637952,15413,Person 28,103.2,3446.4,390.0,3449.36,1.61,True,Active,ArslanAzad,None,Normal,5: Lying down (controlled)
1790275898.0142324,15414,Person 28,103.1,3447.0,240.0,3450.51,1.69,True,Active,ArslanAzad,None,Normal,5: Lying down (controlled)
1790275898.1079998,15415,Person 28,102.7,3447.5,-240.0,3450.57,1.73,True,Active,ArslanAzad,None,Normal,5: Lying down (controlled)
1790275898.2173667,15416,Person 28,102.7,3447.9,320.0,3451.79,1.84,True,Active,ArslanAzad,None,Normal,5: Lying down (controlled)
1790275898.2954662,15417,Person 28,103.1,3448.3,240.0,3451.92,1.91,True,Active,ArslanAzad,None,Normal,5: Lying down (controlled)
1790275898.3892298,15418,Person 28,103.6,3448.5,320.0,3451.92,1.91,True,Active,ArslanAzad,None,Normal,5: Lying down (controlled)
1790275898.4673285,15419,Person 28,105.0,3448.9,240.0,3453.02,1.96,True,Active,ArslanAzad,None,Normal,5: Lying down (controlled)
1790275898.548282,15420,Person 28,107.0,3449.2,240.0,3451.98,1.94,True,Active,ArslanAzad,None,Normal,5: Lying down (controlled)
1790275898.6576495,15421,Person 28,109.1,3449.4,320.0,3451.95,1.93,True,Active,ArslanAzad,None,Normal,5: Lying down (controlled)
1790275898.7357502,15422,Person 28,111.2,3449.7,240.0,3451.98,1.94,True,Active,ArslanAzad,None,Normal,5: Lying down (controlled)
1790275898.8294916,15423,Person 28,113.2,3449.7,320.0,3449.98,1.94,True,Active,ArslanAzad,None,Normal,5: Lying down (controlled)
1790275898.9076111,15424,Person 28,115.0,3449.7,390.0,3451.09,1.99,True,Active,ArslanAzad,None,Normal,5: Lying down (controlled)
1790275899.019706,15425,Person 28,116.9,3449.6,240.0,3450.19,2.04,True,Active,ArslanAzad,None,Normal,5: Lying down (controlled)
1790275899.0822062,15426,Person 28,118.1,3449.0,-160.0,3446.2,2.05,True,Active,ArslanAzad,None,Normal,5: Lying down (controlled)
1790275899.191593,15427,Person 28,119.1,3448.1,320.0,3443.27,2.08,True,Active,ArslanAzad,None,Normal,5: Lying down (controlled)
1790275899.2696912,15428,Person 28,120.0,3447.2,240.0,3443.23,2.06,True,Active,ArslanAzad,None,Normal,5: Lying down (controlled)
1790275899.3478122,15429,Person 28,120.8,3446.3,320.0,3444.31,2.1,True,Active,ArslanAzad,None,Normal,5: Lying down (controlled)
1790275899.5040715,15430,Person 28,121.5,3445.6,560.0,3445.23,2.06,True,Active,ArslanAzad,None,Normal,5: Lying down (controlled)
1790275899.553732,15431,Person 28,122.0,3444.7,560.0,3443.13,2.01,True,Active,ArslanAzad,None,Normal,5: Lying down (controlled)
1790275899.63183,15432,Person 28,122.1,3443.8,390.0,3443.02,1.96,True,Active,ArslanAzad,None,Normal,5: Lying down (controlled)
1790275899.7099488,15433,Person 28,121.9,3443.2,560.0,3443.92,1.91,True,Active,ArslanAzad,None,Normal,5: Lying down (controlled)
1790275899.8036923,15434,Person 28,120.6,3442.3,-160.0,3441.66,1.78,True,Active,ArslanAzad,None,Normal,5: Lying down (controlled)
1790275899.8974571,15435,Person 28,117.2,3441.1,320.0,3437.15,1.48,True,Active,ArslanAzad,None,Normal,5: Lying down (controlled)
1790275899.9912002,15436,Person 28,112.5,3439.8,240.0,3431.84,1.27,True,Active,ArslanAzad,None,Normal,5: Lying down (controlled)
1790275900.0720224,15437,Person 28,106.2,3437.2,-160.0,3415.56,1.04,True,Active,ArslanAzad,None,Normal,5: Lying down (controlled)
1790275900.150143,15438,Person 28,100.0,3434.2,240.0,3411.56,1.04,True,Active,ArslanAzad,None,Normal,5: Lying down (controlled)
1790275900.2282825,15439,Person 28,93.8,3430.9,160.0,3409.6,1.08,True,Active,ArslanAzad,None,Normal,5: Lying down (controlled)
1790275900.3220258,15440,Person 28,88.5,3427.6,320.0,3410.74,1.19,True,Active,ArslanAzad,None,Normal,5: Lying down (controlled)
1790275900.431393,15441,Person 28,84.1,3424.8,240.0,3413.87,1.29,True,Active,ArslanAzad,None,Normal,5: Lying down (controlled)
1790275900.5094936,15442,Person 28,80.2,3422.1,320.0,3414.91,1.33,True,Active,ArslanAzad,None,Normal,5: Lying down (controlled)
1790275900.6072757,15443,Person 28,76.5,3419.6,320.0,3417.89,1.31,True,Active,ArslanAzad,None,Normal,5: Lying down (controlled)
1790275900.685417,15444,Person 28,73.5,3417.5,240.0,3419.87,1.29,True,Active,ArslanAzad,None,Normal,5: Lying down (controlled)
1790275900.7947843,15445,Person 28,71.8,3415.7,-160.0,3418.76,1.21,True,Active,ArslanAzad,None,Normal,5: Lying down (controlled)
1790275900.8572602,15446,Person 28,71.2,3414.5,240.0,3419.72,1.17,True,Active,ArslanAzad,None,Normal,5: Lying down (controlled)
1790275900.9666264,15447,Person 28,72.3,3414.9,320.0,3419.78,1.22,True,Active,ArslanAzad,None,Normal,5: Lying down (controlled)
1790275901.0633872,15448,Person 28,74.2,3416.0,320.0,3422.96,1.36,True,Active,ArslanAzad,None,Normal,5: Lying down (controlled)
1790275901.2352717,15449,Person 28,77.3,3417.5,240.0,3425.32,1.59,True,Active,ArslanAzad,None,Normal,5: Lying down (controlled)
1790275901.2821438,15450,Person 28,81.2,3419.0,-240.0,3426.77,1.84,True,Active,ArslanAzad,None,Normal,5: Lying down (controlled)
1790275901.3446405,15451,Person 28,85.9,3420.4,320.0,3429.24,2.07,True,Active,ArslanAzad,None,Normal,5: Lying down (controlled)
1790275901.4071352,15452,Person 28,92.8,3422.2,240.0,3435.19,2.47,True,Active,ArslanAzad,None,Normal,5: Lying down (controlled)
1790275901.5008595,15453,Person 28,99.7,3423.6,320.0,3434.15,2.45,True,Active,ArslanAzad,None,Normal,5: Lying down (controlled)
1790275901.566579,15454,Person 28,106.5,3425.0,320.0,3436.06,2.42,True,Active,ArslanAzad,None,Normal,5: Lying down (controlled)
1790275901.6650722,15455,Person 28,113.8,3426.5,160.0,3436.06,2.42,True,Active,ArslanAzad,None,Normal,5: Lying down (controlled)
1790275901.7744412,15456,Person 28,121.4,3427.9,320.0,3436.1,2.44,True,Active,ArslanAzad,None,Normal,5: Lying down (controlled)
1790275901.8369367,15457,Person 28,128.7,3429.7,320.0,3440.1,2.43,True,Active,ArslanAzad,None,Normal,5: Lying down (controlled)
1790275901.930699,15458,Person 28,134.9,3431.4,240.0,3441.97,2.38,True,Active,ArslanAzad,None,Normal,5: Lying down (controlled)
1790275902.0088186,15459,Person 28,138.7,3432.5,-160.0,3437.57,2.22,True,Active,ArslanAzad,None,Normal,5: Lying down (controlled)
1790275902.1012893,15460,Person 28,139.9,3433.1,240.0,3433.17,2.04,True,Active,ArslanAzad,None,Normal,5: Lying down (controlled)
1790275902.1950324,15461,Person 28,138.2,3433.0,-240.0,3427.67,1.79,True,Active,ArslanAzad,None,Normal,5: Lying down (controlled)
1790275902.2731524,15462,Person 28,130.4,3431.1,320.0,3413.72,1.17,True,Active,ArslanAzad,None,Normal,5: Lying down (controlled)
1790275902.3668957,15463,Person 28,121.1,3429.6,240.0,3416.43,0.91,True,Active,ArslanAzad,None,Normal,5: Lying down (controlled)
1790275902.4918656,15464,Person 28,111.9,3427.9,320.0,3416.41,0.89,True,Active,ArslanAzad,None,Normal,5: Lying down (controlled)
1790275902.5415514,15465,Person 28,102.8,3426.4,320.0,3418.43,0.91,True,Active,ArslanAzad,None,Normal,5: Lying down (controlled)
1790275902.6353002,15466,Person 28,93.7,3425.0,240.0,3419.44,0.92,True,Active,ArslanAzad,None,Normal,5: Lying down (controlled)
1790275902.7603102,15467,Person 28,84.7,3423.2,320.0,3419.46,0.94,True,Active,ArslanAzad,None,Normal,5: Lying down (controlled)
1790275902.8071628,15468,Person 28,76.3,3421.5,320.0,3422.51,0.99,True,Active,ArslanAzad,None,Normal,5: Lying down (controlled)
1790275902.900925,15469,Person 28,68.9,3420.5,320.0,3425.51,0.99,True,Active,ArslanAzad,None,Normal,5: Lying down (controlled)
1790275903.0102925,15470,Person 28,62.8,3420.2,320.0,3428.54,1.02,True,Active,ArslanAzad,None,Normal,5: Lying down (controlled)
1790275903.076129,15471,Person 28,59.0,3420.8,240.0,3432.69,1.15,True,Active,ArslanAzad,None,Normal,5: Lying down (controlled)
1790275903.169894,15472,Person 28,59.7,3423.1,240.0,3436.86,1.28,True,Active,ArslanAzad,None,Normal,5: Lying down (controlled)
1790275903.2636375,15473,Person 28,63.0,3425.1,320.0,3437.1,1.45,True,Active,ArslanAzad,None,Normal,5: Lying down (controlled)
1790275903.3417587,15474,Person 28,67.1,3427.2,240.0,3438.29,1.57,True,Active,ArslanAzad,None,Normal,5: Lying down (controlled)
1790275903.4511237,15475,Person 28,71.5,3428.9,320.0,3436.4,1.63,True,Active,ArslanAzad,None,Normal,5: Lying down (controlled)
1790275903.5292435,15476,Person 28,75.8,3430.4,320.0,3435.4,1.63,True,Active,ArslanAzad,None,Normal,5: Lying down (controlled)
1790275903.6260507,15477,Person 28,80.2,3431.8,240.0,3434.46,1.67,True,Active,ArslanAzad,None,Normal,5: Lying down (controlled)
1790275903.7197943,15478,Person 28,84.6,3432.9,320.0,3434.54,1.72,True,Active,ArslanAzad,None,Normal,5: Lying down (controlled)
1790275903.7978935,15479,Person 28,89.1,3433.9,320.0,3436.57,1.73,True,Active,ArslanAzad,None,Normal,5: Lying down (controlled)
1790275903.9072597,15480,Person 28,93.6,3434.6,240.0,3436.64,1.77,True,Active,ArslanAzad,None,Normal,5: Lying down (controlled)
1790275903.969757,15481,Person 28,97.3,3434.8,-160.0,3435.64,1.77,True,Active,ArslanAzad,None,Normal,5: Lying down (controlled)
1790275904.0845277,15482,Person 28,100.5,3434.6,240.0,3435.73,1.82,True,Active,ArslanAzad,None,Normal,5: Lying down (controlled)
1790275904.1470022,15483,Person 28,102.9,3434.2,240.0,3433.79,1.85,True,Active,ArslanAzad,None,Normal,5: Lying down (controlled)
1790275904.28764,15484,Person 28,104.5,3433.5,320.0,3431.76,1.84,True,Active,ArslanAzad,None,Normal,5: Lying down (controlled)
1790275904.334511,15485,Person 28,105.9,3432.9,240.0,3430.83,1.87,True,Active,ArslanAzad,None,Normal,5: Lying down (controlled)
1790275904.4594817,15486,Person 28,107.0,3432.2,240.0,3428.73,1.82,True,Active,ArslanAzad,None,Normal,5: Lying down (controlled)
1790275904.5063546,15487,Person 28,107.9,3431.6,320.0,3428.73,1.82,True,Active,ArslanAzad,None,Normal,5: Lying down (controlled)
1790275904.6040063,15488,Person 28,108.7,3431.0,240.0,3428.8,1.86,True,Active,ArslanAzad,None,Normal,5: Lying down (controlled)
1790275904.6821442,15489,Person 28,109.3,3430.3,320.0,3429.76,1.84,True,Active,ArslanAzad,None,Normal,5: Lying down (controlled)
1790275904.7915113,15490,Person 28,109.5,3429.3,-160.0,3426.7,1.81,True,Active,ArslanAzad,None,Normal,5: Lying down (controlled)
1790275904.853988,15491,Person 28,109.3,3428.2,240.0,3424.58,1.74,True,Active,ArslanAzad,None,Normal,5: Lying down (controlled)
1790275904.9633741,15492,Person 28,108.0,3426.8,-240.0,3421.35,1.61,True,Active,ArslanAzad,None,Normal,5: Lying down (controlled)
1790275905.0414724,15493,Person 28,106.0,3425.4,320.0,3419.21,1.53,True,Active,ArslanAzad,None,Normal,5: Lying down (controlled)
1790275905.1228096,15494,Person 28,102.8,3423.8,240.0,3414.89,1.31,True,Active,ArslanAzad,None,Normal,5: Lying down (controlled)
1790275905.2165525,15495,Person 28,98.5,3422.0,320.0,3411.7,1.16,True,Active,ArslanAzad,None,Normal,5: Lying down (controlled)
1790275905.3258991,15496,Person 28,94.2,3420.5,240.0,3412.64,1.11,True,Active,ArslanAzad,None,Normal,5: Lying down (controlled)
1790275905.3883965,15497,Person 28,89.7,3418.9,240.0,3411.6,1.07,True,Active,ArslanAzad,None,Normal,5: Lying down (controlled)
1790275905.482159,15498,Person 28,85.3,3417.2,320.0,3410.66,1.13,True,Active,ArslanAzad,None,Normal,5: Lying down (controlled)
1790275905.578541,15499,Person 28,81.4,3415.5,240.0,3411.74,1.19,True,Active,ArslanAzad,None,Normal,5: Lying down (controlled)
1790275905.7035322,15500,Person 28,78.0,3414.0,320.0,3410.8,1.24,True,Active,ArslanAzad,None,Normal,5: Lying down (controlled)
1790275905.7504044,15501,Person 28,75.0,3412.8,320.0,3411.8,1.24,True,Active,ArslanAzad,None,Normal,5: Lying down (controlled)
1790275905.8753955,15502,Person 28,73.2,3412.1,240.0,3413.89,1.31,True,Active,ArslanAzad,None,Normal,5: Lying down (controlled)
1790275905.9222682,15503,Person 28,71.9,3411.5,-240.0,3412.89,1.31,True,Active,ArslanAzad,None,Normal,5: Lying down (controlled)
1790275906.0472589,15504,Person 28,72.2,3411.4,320.0,3413.96,1.36,True,Active,ArslanAzad,None,Normal,5: Lying down (controlled)
1790275906.112787,15505,Person 28,74.0,3411.8,240.0,3416.11,1.46,True,Active,ArslanAzad,None,Normal,5: Lying down (controlled)
1790275906.2221725,15506,Person 28,76.4,3412.1,320.0,3416.19,1.51,True,Active,ArslanAzad,None,Normal,5: Lying down (controlled)
1790275906.284669,15507,Person 28,79.8,3412.7,240.0,3418.41,1.64,True,Active,ArslanAzad,None,Normal,5: Lying down (controlled)
1790275906.3940353,15508,Person 28,83.3,3413.4,240.0,3418.52,1.71,True,Active,ArslanAzad,None,Normal,5: Lying down (controlled)
1790275906.5346508,15509,Person 28,86.4,3414.1,320.0,3419.52,1.71,True,Active,ArslanAzad,None,Normal,5: Lying down (controlled)
1790275906.585478,15510,Person 28,89.4,3415.0,240.0,3420.58,1.74,True,Active,ArslanAzad,None,Normal,5: Lying down (controlled)
1790275906.6479762,15511,Person 28,92.1,3415.7,320.0,3419.49,1.69,True,Active,ArslanAzad,None,Normal,5: Lying down (controlled)
1790275906.7573416,15512,Person 28,93.6,3415.8,-160.0,3415.27,1.56,True,Active,ArslanAzad,None,Normal,5: Lying down (controlled)
1790275906.8198383,15513,Person 28,94.4,3415.6,240.0,3411.08,1.44,True,Active,ArslanAzad,None,Normal,5: Lying down (controlled)
1790275906.9292047,15514,Person 28,93.4,3414.8,-240.0,3405.74,1.19,True,Active,ArslanAzad,None,Normal,5: Lying down (controlled)
1790275906.9916806,15515,Person 28,90.7,3413.4,320.0,3401.53,1.01,True,Active,ArslanAzad,None,Normal,5: Lying down (controlled)
1790275907.1079044,15516,Person 28,85.8,3411.7,240.0,3398.25,0.69,True,Active,ArslanAzad,None,Normal,5: Lying down (controlled)
1790275907.1704016,15517,Person 28,79.6,3409.7,320.0,3397.19,0.61,True,Active,ArslanAzad,None,Normal,5: Lying down (controlled)
1790275907.2641647,15518,Person 28,72.9,3407.7,320.0,3397.18,0.59,True,Active,ArslanAzad,None,Normal,5: Lying down (controlled)
1790275907.357888,15519,Person 28,65.9,3405.6,240.0,3397.15,0.54,True,Active,ArslanAzad,None,Normal,5: Lying down (controlled)
1790275907.4672534,15520,Person 28,58.8,3403.5,320.0,3398.16,0.56,True,Active,ArslanAzad,None,Normal,5: Lying down (controlled)
1790275907.5453942,15521,Person 28,52.0,3401.8,240.0,3401.16,0.56,True,Active,ArslanAzad,None,Normal,5: Lying down (controlled)
1790275907.6423542,15522,Person 28,45.8,3400.5,240.0,3401.14,0.52,True,Active,ArslanAzad,None,Normal,5: Lying down (controlled)
1790275907.7204936,15523,Person 28,40.5,3399.7,390.0,3402.16,0.56,True,Active,ArslanAzad,None,Normal,5: Lying down (controlled)
1790275907.8142369,15524,Person 28,37.5,3399.5,240.0,3403.25,0.69,True,Active,ArslanAzad,None,Normal,5: Lying down (controlled)
1790275907.9079797,15525,Person 28,36.4,3399.6,560.0,3402.35,0.83,True,Active,ArslanAzad,None,Normal,5: Lying down (controlled)
1790275907.9704547,15526,Person 28,38.5,3400.1,320.0,3403.56,1.04,True,Active,ArslanAzad,None,Normal,5: Lying down (controlled)
1790275908.0825722,15527,Person 28,42.4,3400.9,560.0,3405.83,1.26,True,Active,ArslanAzad,None,Normal,5: Lying down (controlled)
1790275908.160695,15528,Person 28,46.7,3401.5,320.0,3403.89,1.31,True,Active,ArslanAzad,None,Normal,5: Lying down (controlled)
1790275908.2544591,15529,Person 28,51.0,3402.4,320.0,3406.83,1.26,True,Active,ArslanAzad,None,Normal,5: Lying down (controlled)
1790275908.3482025,15530,Person 28,54.3,3403.4,560.0,3408.64,1.11,True,Active,ArslanAzad,None,Normal,5: Lying down (controlled)
1790275908.4263227,15531,Person 28,56.6,3404.1,390.0,3408.46,0.94,True,Active,ArslanAzad,None,Normal,5: Lying down (controlled)
1790275908.5356684,15532,Person 28,58.4,3405.0,320.0,3410.35,0.82,True,Active,ArslanAzad,None,Normal,5: Lying down (controlled)
1790275908.6334121,15533,Person 28,60.0,3405.8,240.0,3410.35,0.82,True,Active,ArslanAzad,None,Normal,5: Lying down (controlled)
1790275908.6959105,15534,Person 28,61.0,3406.6,390.0,3411.38,0.86,True,Active,ArslanAzad,None,Normal,5: Lying down (controlled)
1790275908.774029,15535,Person 28,61.9,3407.7,240.0,3413.49,0.97,True,Active,ArslanAzad,None,Normal,5: Lying down (controlled)
1790275908.8677917,15536,Person 28,62.2,3408.9,-240.0,3415.62,1.09,True,Active,ArslanAzad,None,Normal,5: Lying down (controlled)
1790275908.9771373,15537,Person 28,61.5,3410.0,320.0,3416.68,1.14,True,Active,ArslanAzad,None,Normal,5: Lying down (controlled)
1790275909.055257,15538,Person 28,60.6,3411.5,240.0,3418.7,1.16,True,Active,ArslanAzad,None,Normal,5: Lying down (controlled)
1790275909.1354823,15539,Person 28,60.1,3412.7,320.0,3418.72,1.17,True,Active,ArslanAzad,None,Normal,5: Lying down (controlled)
1790275909.2448685,15540,Person 28,60.2,3413.8,320.0,3419.66,1.12,True,Active,ArslanAzad,None,Normal,5: Lying down (controlled)
1790275909.3073432,15541,Person 28,60.6,3414.9,560.0,3419.53,1.01,True,Active,ArslanAzad,None,Normal,5: Lying down (controlled)
1790275909.4010866,15542,Person 28,60.6,3415.8,320.0,3419.35,0.82,True,Active,ArslanAzad,None,Normal,5: Lying down (controlled)
1790275909.49483,15543,Person 28,59.5,3416.7,320.0,3419.21,0.64,True,Active,ArslanAzad,None,Normal,5: Lying down (controlled)
1790275909.572971,15544,Person 28,57.7,3417.3,240.0,3417.16,0.55,True,Active,ArslanAzad,None,Normal,5: Lying down (controlled)
1790275909.6852846,15545,Person 28,55.1,3417.8,390.0,3418.15,0.54,True,Active,ArslanAzad,None,Normal,5: Lying down (controlled)
1790275909.7633834,15546,Person 28,52.2,3418.3,240.0,3420.19,0.6,True,Active,ArslanAzad,None,Normal,5: Lying down (controlled)
1790275909.8727505,15547,Person 28,49.3,3418.6,160.0,3419.22,0.65,True,Active,ArslanAzad,None,Normal,5: Lying down (controlled)
1790275909.9508705,15548,Person 28,47.2,3418.7,320.0,3419.34,0.8,True,Active,ArslanAzad,None,Normal,5: Lying down (controlled)
1790275910.0290108,15549,Person 28,45.8,3419.0,240.0,3421.46,0.94,True,Active,ArslanAzad,None,Normal,5: Lying down (controlled)
1790275910.109888,15550,Person 28,44.7,3419.1,320.0,3420.46,0.94,True,Active,ArslanAzad,None,Normal,5: Lying down (controlled)
1790275910.2036312,15551,Person 28,43.8,3419.0,-80.0,3418.38,0.85,True,Active,ArslanAzad,None,Normal,5: Lying down (controlled)
1790275910.3129785,15552,Person 28,43.5,3419.0,160.0,3419.31,0.77,True,Active,ArslanAzad,None,Normal,5: Lying down (controlled)
1790275910.4067228,15553,Person 28,44.3,3419.2,320.0,3421.31,0.77,True,Active,ArslanAzad,None,Normal,5: Lying down (controlled)
1790275910.4692185,15554,Person 28,45.9,3420.0,390.0,3425.35,0.82,True,Active,ArslanAzad,None,Normal,5: Lying down (controlled)
1790275910.5786052,15555,Person 28,47.7,3420.8,320.0,3426.36,0.84,True,Active,ArslanAzad,None,Normal,5: Lying down (controlled)
1790275910.645173,15556,Person 28,48.7,3421.2,-160.0,3424.31,0.77,True,Active,ArslanAzad,None,Normal,5: Lying down (controlled)
1790275910.7545393,15557,Person 28,49.3,3421.6,240.0,3423.3,0.75,True,Active,ArslanAzad,None,Normal,5: Lying down (controlled)
1790275910.8482814,15558,Person 28,48.5,3421.6,-240.0,3419.23,0.67,True,Active,ArslanAzad,None,Normal,5: Lying down (controlled)
1790275910.9107785,15559,Person 28,46.5,3421.0,320.0,3415.19,0.6,True,Active,ArslanAzad,None,Normal,5: Lying down (controlled)
1790275911.0357893,15560,Person 28,45.1,3420.5,240.0,3415.26,0.7,True,Active,ArslanAzad,None,Normal,5: Lying down (controlled)
1790275911.1005511,15561,Person 28,44.6,3420.1,320.0,3414.31,0.77,True,Active,ArslanAzad,None,Normal,5: Lying down (controlled)
1790275911.1948063,15562,Person 28,45.0,3419.9,320.0,3417.37,0.84,True,Active,ArslanAzad,None,Normal,5: Lying down (controlled)
1790275911.2885706,15563,Person 28,46.0,3419.6,240.0,3418.46,0.94,True,Active,ArslanAzad,None,Normal,5: Lying down (controlled)
1790275911.3510664,15564,Person 28,47.0,3419.0,320.0,3419.51,0.99,True,Active,ArslanAzad,None,Normal,5: Lying down (controlled)
1790275911.460432,15565,Person 28,48.4,3418.5,240.0,3421.6,1.07,True,Active,ArslanAzad,None,Normal,5: Lying down (controlled)
1790275911.5385323,15566,Person 28,50.4,3418.3,320.0,3422.64,1.1,True,Active,ArslanAzad,None,Normal,5: Lying down (controlled)
1790275911.6322746,15567,Person 28,52.5,3418.4,390.0,3424.64,1.1,True,Active,ArslanAzad,None,Normal,5: Lying down (controlled)
1790275911.7260177,15568,Person 28,55.4,3419.1,240.0,3426.69,1.15,True,Active,ArslanAzad,None,Normal,5: Lying down (controlled)
1790275911.8041575,15569,Person 28,58.6,3420.2,-240.0,3426.67,1.14,True,Active,ArslanAzad,None,Normal,5: Lying down (controlled)
1790275911.9135273,15570,Person 28,61.8,3421.4,320.0,3427.8,1.24,True,Active,ArslanAzad,None,Normal,5: Lying down (controlled)
1790275911.991629,15571,Person 28,64.8,3422.8,240.0,3428.84,1.27,True,Active,ArslanAzad,None,Normal,5: Lying down (controlled)
1790275912.0853877,15572,Person 28,67.4,3423.9,320.0,3428.84,1.27,True,Active,ArslanAzad,None,Normal,5: Lying down (controlled)
1790275912.1708221,15573,Person 28,69.2,3425.0,320.0,3429.8,1.24,True,Active,ArslanAzad,None,Normal,5: Lying down (controlled)
1790275912.2489429,15574,Person 28,70.7,3426.2,240.0,3431.8,1.24,True,Active,ArslanAzad,None,Normal,5: Lying down (controlled)
1790275912.358329,15575,Person 28,71.6,3427.2,320.0,3431.78,1.22,True,Active,ArslanAzad,None,Normal,5: Lying down (controlled)
1790275912.4676976,15576,Person 28,72.6,3428.1,240.0,3431.84,1.27,True,Active,ArslanAzad,None,Normal,5: Lying down (controlled)
1790275912.530171,15577,Person 28,73.6,3428.6,320.0,3429.84,1.27,True,Active,ArslanAzad,None,Normal,5: Lying down (controlled)
1790275912.6215146,15578,Person 28,74.4,3429.0,390.0,3430.86,1.29,True,Active,ArslanAzad,None,Normal,5: Lying down (controlled)
1790275912.6996374,15579,Person 28,76.0,3429.5,240.0,3432.03,1.4,True,Active,ArslanAzad,None,Normal,5: Lying down (controlled)
1790275912.7777588,15580,Person 28,77.5,3430.0,160.0,3433.15,1.49,True,Active,ArslanAzad,None,Normal,5: Lying down (controlled)
1790275912.902766,15581,Person 28,79.8,3430.5,320.0,3434.43,1.65,True,Active,ArslanAzad,None,Normal,5: Lying down (controlled)
1790275912.9652467,15582,Person 28,82.9,3431.2,240.0,3436.67,1.78,True,Active,ArslanAzad,None,Normal,5: Lying down (controlled)
1790275913.0746136,15583,Person 28,86.3,3431.7,320.0,3435.7,1.8,True,Active,ArslanAzad,None,Normal,5: Lying down (controlled)
1790275913.1469953,15584,Person 28,89.2,3432.2,320.0,3437.54,1.72,True,Active,ArslanAzad,None,Normal,5: Lying down (controlled)
1790275913.225114,15585,Person 28,91.3,3432.7,560.0,3437.29,1.57,True,Active,ArslanAzad,None,Normal,5: Lying down (controlled)
1790275913.3344822,15586,Person 28,92.4,3433.2,390.0,3437.1,1.45,True,Active,ArslanAzad,None,Normal,5: Lying down (controlled)
1790275913.4125803,15587,Person 28,93.3,3433.9,240.0,3437.05,1.42,True,Active,ArslanAzad,None,Normal,5: Lying down (controlled)
1790275913.5063238,15588,Person 28,93.9,3434.2,240.0,3434.0,1.38,True,Active,ArslanAzad,None,Normal,5: Lying down (controlled)
1790275913.584446,15589,Person 28,93.3,3434.3,390.0,3432.89,1.3,True,Active,ArslanAzad,None,Normal,5: Lying down (controlled)
1790275913.7125294,15590,Person 28,92.1,3434.3,240.0,3432.86,1.29,True,Active,ArslanAzad,None,Normal,5: Lying down (controlled)
1790275913.7594023,15591,Person 28,89.5,3434.2,160.0,3432.78,1.22,True,Active,ArslanAzad,None,Normal,5: Lying down (controlled)
1790275913.8843923,15592,Person 28,86.4,3433.9,320.0,3432.84,1.27,True,Active,ArslanAzad,None,Normal,5: Lying down (controlled)
1790275913.9624932,15593,Person 28,83.0,3433.8,240.0,3433.8,1.23,True,Active,ArslanAzad,None,Normal,5: Lying down (controlled)
1790275914.0249858,15594,Person 28,79.8,3433.4,320.0,3432.73,1.19,True,Active,ArslanAzad,None,Normal,5: Lying down (controlled)
1790275914.121532,15595,Person 28,77.6,3433.0,320.0,3432.76,1.2,True,Active,ArslanAzad,None,Normal,5: Lying down (controlled)
1790275914.2309227,15596,Person 28,75.9,3432.5,240.0,3431.71,1.17,True,Active,ArslanAzad,None,Normal,5: Lying down (controlled)
1790275914.3090234,15597,Person 28,74.2,3432.0,320.0,3431.67,1.14,True,Active,ArslanAzad,None,Normal,5: Lying down (controlled)
1790275914.3871412,15598,Person 28,72.3,3432.0,320.0,3433.6,1.07,True,Active,ArslanAzad,None,Normal,5: Lying down (controlled)
1790275914.480886,15599,Person 28,70.6,3432.0,240.0,3432.54,1.02,True,Active,ArslanAzad,None,Normal,5: Lying down (controlled)
1790275914.5746486,15600,Person 28,69.2,3432.0,390.0,3432.58,1.05,True,Active,ArslanAzad,None,Normal,5: Lying down (controlled)
1790275914.6568248,15601,Person 28,68.8,3432.1,240.0,3433.69,1.15,True,Active,ArslanAzad,None,Normal,5: Lying down (controlled)
1790275914.750567,15602,Person 28,68.5,3432.1,560.0,3432.78,1.22,True,Active,ArslanAzad,None,Normal,5: Lying down (controlled)
1790275914.8599346,15603,Person 28,68.9,3432.1,320.0,3433.89,1.3,True,Active,ArslanAzad,None,Normal,5: Lying down (controlled)
1790275914.9224305,15604,Person 28,70.2,3432.5,240.0,3437.03,1.4,True,Active,ArslanAzad,None,Normal,5: Lying down (controlled)
1790275915.0318177,15605,Person 28,71.9,3432.9,240.0,3437.15,1.48,True,Active,ArslanAzad,None,Normal,5: Lying down (controlled)
1790275915.0943148,15606,Person 28,74.1,3433.7,320.0,3440.23,1.53,True,Active,ArslanAzad,None,Normal,5: Lying down (controlled)
1790275915.192127,15607,Person 28,76.2,3434.6,560.0,3441.15,1.48,True,Active,ArslanAzad,None,Normal,5: Lying down (controlled)
1790275915.3015156,15608,Person 28,78.5,3435.2,320.0,3440.1,1.45,True,Active,ArslanAzad,None,Normal,5: Lying down (controlled)
1790275915.36399,15609,Person 28,81.2,3436.2,390.0,3443.12,1.46,True,Active,ArslanAzad,None,Normal,5: Lying down (controlled)
1790275915.4733777,15610,Person 28,83.8,3437.1,240.0,3442.15,1.48,True,Active,ArslanAzad,None,Normal,5: Lying down (controlled)
1790275915.5514793,15611,Person 28,85.7,3437.6,-240.0,3439.13,1.47,True,Active,ArslanAzad,None,Normal,5: Lying down (controlled)
1790275915.6965837,15612,Person 28,87.5,3438.0,320.0,3437.2,1.52,True,Active,ArslanAzad,None,Normal,5: Lying down (controlled)
1790275915.7747023,15613,Person 28,88.5,3438.2,240.0,3436.13,1.47,True,Active,ArslanAzad,None,Normal,5: Lying down (controlled)
1790275915.8528216,15614,Person 28,88.3,3438.1,320.0,3435.98,1.37,True,Active,ArslanAzad,None,Normal,5: Lying down (controlled)
1790275915.899693,15615,Person 28,87.1,3438.2,240.0,3437.86,1.28,True,Active,ArslanAzad,None,Normal,5: Lying down (controlled)
1790275916.1368399,15616,Person 28,84.7,3438.1,240.0,3438.67,1.13,True,Active,ArslanAzad,None,Normal,5: Lying down (controlled)
1790275916.214965,15617,Person 28,82.0,3438.1,320.0,3440.56,1.03,True,Active,ArslanAzad,None,Normal,5: Lying down (controlled)
1790275916.2774582,15618,Person 28,78.7,3438.5,240.0,3443.42,0.9,True,Active,ArslanAzad,None,Normal,5: Lying down (controlled)
1790275916.339956,15619,Person 28,74.8,3438.7,320.0,3444.35,0.82,True,Active,ArslanAzad,None,Normal,5: Lying down (controlled)
1790275916.4024491,15620,Person 28,70.5,3439.1,390.0,3445.31,0.77,True,Active,ArslanAzad,None,Normal,5: Lying down (controlled)
1790275916.4493434,15621,Person 28,66.5,3439.9,240.0,3446.33,0.8,True,Active,ArslanAzad,None,Normal,5: Lying down (controlled)
1790275916.5430667,15622,Person 28,62.5,3440.9,320.0,3446.38,0.85,True,Active,ArslanAzad,None,Normal,5: Lying down (controlled)
1790275916.6212053,15623,Person 28,59.2,3442.0,320.0,3446.44,0.91,True,Active,ArslanAzad,None,Normal,5: Lying down (controlled)
1790275916.7034445,15624,Person 28,57.0,3443.1,240.0,3446.52,1.0,True,Active,ArslanAzad,None,Normal,5: Lying down (controlled)
1790275916.8128338,15625,Person 28,55.6,3443.8,320.0,3444.58,1.05,True,Active,ArslanAzad,None,Normal,5: Lying down (controlled)
1790275916.890928,15626,Person 28,55.4,3444.4,320.0,3444.63,1.1,True,Active,ArslanAzad,None,Normal,5: Lying down (controlled)
1790275916.9690485,15627,Person 28,56.3,3444.7,240.0,3443.73,1.18,True,Active,ArslanAzad,None,Normal,5: Lying down (controlled)
1790275917.078417,15628,Person 28,58.2,3444.6,320.0,3442.77,1.21,True,Active,ArslanAzad,None,Normal,5: Lying down (controlled)
1790275917.140913,15629,Person 28,61.0,3444.2,320.0,3440.86,1.28,True,Active,ArslanAzad,None,Normal,5: Lying down (controlled)
1790275917.2478983,15630,Person 28,64.6,3443.5,240.0,3438.98,1.37,True,Active,ArslanAzad,None,Normal,5: Lying down (controlled)
1790275917.3260171,15631,Person 28,68.0,3442.3,-160.0,3434.98,1.37,True,Active,ArslanAzad,None,Normal,5: Lying down (controlled)
1790275917.4197578,15632,Person 28,71.5,3441.0,240.0,3434.08,1.44,True,Active,ArslanAzad,None,Normal,5: Lying down (controlled)
1790275917.4978778,15633,Person 28,74.4,3439.6,240.0,3433.03,1.4,True,Active,ArslanAzad,None,Normal,5: Lying down (controlled)
1790275917.5916433,15634,Person 28,76.9,3438.2,320.0,3433.05,1.42,True,Active,ArslanAzad,None,Normal,5: Lying down (controlled)
1790275917.6776047,15635,Person 28,79.4,3437.0,240.0,3433.13,1.47,True,Active,ArslanAzad,None,Normal,5: Lying down (controlled)
1790275917.786972,15636,Person 28,81.5,3435.8,240.0,3433.1,1.45,True,Active,ArslanAzad,None,Normal,5: Lying down (controlled)
1790275917.8650703,15637,Person 28,83.4,3434.7,320.0,3433.18,1.5,True,Active,ArslanAzad,None,Normal,5: Lying down (controlled)
1790275917.9744375,15638,Person 28,85.5,3433.7,240.0,3433.29,1.57,True,Active,ArslanAzad,None,Normal,5: Lying down (controlled)
1790275918.0682025,15639,Person 28,87.3,3432.9,320.0,3433.31,1.59,True,Active,ArslanAzad,None,Normal,5: Lying down (controlled)
1790275918.1150746,15640,Person 28,88.5,3431.9,-160.0,3429.29,1.57,True,Active,ArslanAzad,None,Normal,5: Lying down (controlled)
1790275918.2118561,15641,Person 28,89.5,3431.3,240.0,3429.23,1.54,True,Active,ArslanAzad,None,Normal,5: Lying down (controlled)
1790275918.3212237,15642,Person 28,89.7,3430.5,-240.0,3426.13,1.47,True,Active,ArslanAzad,None,Normal,5: Lying down (controlled)
1790275918.4149678,15643,Person 28,90.1,3429.8,320.0,3426.13,1.47,True,Active,ArslanAzad,None,Normal,5: Lying down (controlled)
1790275918.4774437,15644,Person 28,90.4,3429.2,240.0,3427.13,1.47,True,Active,ArslanAzad,None,Normal,5: Lying down (controlled)
1790275918.6180778,15645,Person 28,90.7,3428.5,320.0,3426.21,1.52,True,Active,ArslanAzad,None,Normal,5: Lying down (controlled)
1790275918.667783,15646,Person 28,91.5,3428.1,240.0,3429.32,1.59,True,Active,ArslanAzad,None,Normal,5: Lying down (controlled)
1790275918.745903,15647,Person 28,92.7,3427.8,240.0,3430.52,1.7,True,Active,ArslanAzad,None,Normal,5: Lying down (controlled)
1790275918.8552692,15648,Person 28,93.9,3427.6,320.0,3431.64,1.77,True,Active,ArslanAzad,None,Normal,5: Lying down (controlled)
1790275918.9177663,15649,Person 28,95.8,3427.5,240.0,3432.89,1.9,True,Active,ArslanAzad,None,Normal,5: Lying down (controlled)
1790275919.027133,15650,Person 28,98.2,3427.8,240.0,3433.03,1.97,True,Active,ArslanAzad,None,Normal,5: Lying down (controlled)
1790275919.1052525,15651,Person 28,100.2,3427.8,-160.0,3429.83,1.87,True,Active,ArslanAzad,None,Normal,5: Lying down (controlled)
1790275919.211324,15652,Person 28,102.3,3428.0,240.0,3428.73,1.82,True,Active,ArslanAzad,None,Normal,5: Lying down (controlled)
1790275919.2738,15653,Person 28,103.4,3427.9,240.0,3425.43,1.66,True,Active,ArslanAzad,None,Normal,5: Lying down (controlled)
1790275919.3675623,15654,Person 28,103.8,3427.6,320.0,3424.24,1.54,True,Active,ArslanAzad,None,Normal,5: Lying down (controlled)
1790275919.47693,15655,Person 28,103.9,3427.5,240.0,3425.24,1.54,True,Active,ArslanAzad,None,Normal,5: Lying down (controlled)
1790275919.5394058,15656,Person 28,103.4,3427.2,240.0,3426.18,1.51,True,Active,ArslanAzad,None,Normal,5: Lying down (controlled)
1790275919.6487923,15657,Person 28,102.3,3427.0,320.0,3428.21,1.52,True,Active,ArslanAzad,None,Normal,5: Lying down (controlled)
1790275919.7452343,15658,Person 28,100.8,3427.0,240.0,3431.21,1.52,True,Active,ArslanAzad,None,Normal,5: Lying down (controlled)
1790275919.8077314,15659,Person 28,98.1,3427.1,320.0,3433.1,1.45,True,Active,ArslanAzad,None,Normal,5: Lying down (controlled)
1790275919.9171176,15660,Person 28,94.9,3427.5,390.0,3436.08,1.43,True,Active,ArslanAzad,None,Normal,5: Lying down (controlled)
1790275919.9952183,15661,Person 28,92.8,3428.4,240.0,3438.2,1.52,True,Active,ArslanAzad,None,Normal,5: Lying down (controlled)
1790275920.0889623,15662,Person 28,91.2,3429.4,-240.0,3438.26,1.55,True,Active,ArslanAzad,None,Normal,5: Lying down (controlled)
1790275920.185741,15663,Person 28,91.6,3430.8,320.0,3439.54,1.72,True,Active,ArslanAzad,None,Normal,5: Lying down (controlled)
1790275920.2638834,15664,Person 28,93.3,3432.3,240.0,3439.73,1.82,True,Active,ArslanAzad,None,Normal,5: Lying down (controlled)
1790275920.342003,15665,Person 28,94.8,3433.7,320.0,3439.66,1.78,True,Active,ArslanAzad,None,Normal,5: Lying down (controlled)
1790275920.498241,15666,Person 28,96.5,3435.0,240.0,3439.66,1.78,True,Active,ArslanAzad,None,Normal,5: Lying down (controlled)
1790275920.5607147,15667,Person 28,97.5,3435.9,240.0,3437.48,1.68,True,Active,ArslanAzad,None,Normal,5: Lying down (controlled)
1790275920.6544585,15668,Person 28,98.1,3436.3,320.0,3435.37,1.62,True,Active,ArslanAzad,None,Normal,5: Lying down (controlled)
1790275920.7169569,15669,Person 28,99.5,3436.5,240.0,3435.48,1.68,True,Active,ArslanAzad,None,Normal,5: Lying down (controlled)
1790275920.795095,15670,Person 28,101.2,3436.4,240.0,3435.54,1.72,True,Active,ArslanAzad,None,Normal,5: Lying down (controlled)
1790275920.9044623,15671,Person 28,101.2,3435.7,-160.0,3431.21,1.52,True,Active,ArslanAzad,None,Normal,5: Lying down (controlled)
1790275920.98256,15672,Person 28,99.2,3434.4,-160.0,3424.78,1.22,True,Active,ArslanAzad,None,Normal,5: Lying down (controlled)
1790275921.060682,15673,Person 28,95.0,3432.6,240.0,3420.54,1.02,True,Active,ArslanAzad,None,Normal,5: Lying down (controlled)
1790275921.1544232,15674,Person 28,89.5,3430.6,320.0,3418.43,0.91,True,Active,ArslanAzad,None,Normal,5: Lying down (controlled)
1790275921.2359307,15675,Person 28,83.7,3428.9,240.0,3421.35,0.82,True,Active,ArslanAzad,None,Normal,5: Lying down (controlled)
1790275921.3609288,15676,Person 28,77.9,3427.2,240.0,3421.35,0.82,True,Active,ArslanAzad,None,Normal,5: Lying down (controlled)
1790275921.423418,15677,Person 28,72.6,3425.8,320.0,3422.34,0.8,True,Active,ArslanAzad,None,Normal,5: Lying down (controlled)
1790275921.5171611,15678,Person 28,68.2,3424.6,240.0,3422.41,0.89,True,Active,ArslanAzad,None,Normal,5: Lying down (controlled)
1790275921.5952804,15679,Person 28,65.3,3423.6,320.0,3424.76,1.2,True,Active,ArslanAzad,None,Normal,5: Lying down (controlled)
1790275921.707844,15680,Person 28,63.5,3422.4,-160.0,3423.06,1.42,True,Active,ArslanAzad,None,Normal,5: Lying down (controlled)
1790275921.7703414,15681,Person 28,62.8,3421.9,240.0,3426.03,1.4,True,Active,ArslanAzad,None,Normal,5: Lying down (controlled)
1790275921.8953316,15682,Person 28,62.5,3421.8,-240.0,3423.72,1.17,True,Active,ArslanAzad,None,Normal,5: Lying down (controlled)
1790275921.9422047,15683,Person 28,63.0,3422.3,320.0,3425.64,1.1,True,Active,ArslanAzad,None,Normal,5: Lying down (controlled)
1790275922.1296744,15684,Person 28,64.1,3422.8,240.0,3423.62,1.09,True,Active,ArslanAzad,None,Normal,5: Lying down (controlled)
1790275922.1609166,15685,Person 28,65.6,3422.8,320.0,3421.6,1.07,True,Active,ArslanAzad,None,Normal,5: Lying down (controlled)
1790275922.2261384,15686,Person 28,67.4,3422.7,240.0,3420.66,1.12,True,Active,ArslanAzad,None,Normal,5: Lying down (controlled)
1790275922.3199017,15687,Person 28,69.3,3422.3,240.0,3418.66,1.12,True,Active,ArslanAzad,None,Normal,5: Lying down (controlled)
1790275922.3980014,15688,Person 28,70.2,3421.8,320.0,3417.56,1.04,True,Active,ArslanAzad,None,Normal,5: Lying down (controlled)
1790275922.5073879,15689,Person 28,68.9,3421.1,240.0,3417.51,0.99,True,Active,ArslanAzad,None,Normal,5: Lying down (controlled)
1790275922.5698853,15690,Person 28,66.5,3420.5,320.0,3416.54,1.02,True,Active,ArslanAzad,None,Normal,5: Lying down (controlled)
1790275922.6636276,15691,Person 28,64.1,3419.7,320.0,3417.53,1.01,True,Active,ArslanAzad,None,Normal,5: Lying down (controlled)
1790275922.7448673,15692,Person 28,63.5,3419.3,240.0,3419.6,1.07,True,Active,ArslanAzad,None,Normal,5: Lying down (controlled)
1790275922.8386106,15693,Person 28,63.6,3418.6,240.0,3418.66,1.12,True,Active,ArslanAzad,None,Normal,5: Lying down (controlled)
1790275922.947978,15694,Person 28,63.7,3418.1,320.0,3418.64,1.11,True,Active,ArslanAzad,None,Normal,5: Lying down (controlled)
1790275923.010453,15695,Person 28,64.2,3417.9,240.0,3419.7,1.16,True,Active,ArslanAzad,None,Normal,5: Lying down (controlled)
1790275923.1042175,15696,Person 28,64.4,3417.7,240.0,3418.7,1.16,True,Active,ArslanAzad,None,Normal,5: Lying down (controlled)
1790275923.1850686,15697,Person 28,64.9,3417.7,320.0,3418.76,1.21,True,Active,ArslanAzad,None,Normal,5: Lying down (controlled)
1790275923.3413105,15698,Person 28,66.8,3418.0,240.0,3420.96,1.36,True,Active,ArslanAzad,None,Normal,5: Lying down (controlled)
1790275923.388182,15699,Person 28,70.0,3418.4,320.0,3422.21,1.52,True,Active,ArslanAzad,None,Normal,5: Lying down (controlled)
1790275923.4663014,15700,Person 28,76.7,3419.9,320.0,3433.39,2.14,True,Active,ArslanAzad,None,Normal,5: Lying down (controlled)
1790275923.57569,15701,Person 28,86.5,3422.0,240.0,3441.63,2.63,True,Active,ArslanAzad,None,Normal,5: Lying down (controlled)
1790275923.6381867,15702,Person 28,95.0,3424.1,320.0,3443.23,2.48,True,Active,ArslanAzad,None,Normal,5: Lying down (controlled)
1790275923.7576265,15703,Person 28,102.9,3426.5,240.0,3445.1,2.43,True,Active,ArslanAzad,None,Normal,5: Lying down (controlled)
1790275923.820123,15704,Person 28,109.8,3428.8,240.0,3443.65,2.25,True,Active,ArslanAzad,None,Normal,5: Lying down (controlled)
1790275923.8982418,15705,Person 28,115.5,3431.0,320.0,3443.31,2.1,True,Active,ArslanAzad,None,Normal,5: Lying down (controlled)
1790275923.9919853,15706,Person 28,120.8,3433.3,240.0,3443.16,2.03,True,Active,ArslanAzad,None,Normal,5: Lying down (controlled)
1790275924.179453,15707,Person 28,125.7,3435.5,240.0,3442.13,2.01,True,Active,ArslanAzad,None,Normal,5: Lying down (controlled)
1790275924.2134216,15708,Person 28,129.8,3437.4,320.0,3441.16,2.03,True,Active,ArslanAzad,None,Normal,5: Lying down (controlled)
1790275924.2759392,15709,Person 28,133.5,3439.2,240.0,3441.38,2.13,True,Active,ArslanAzad,None,Normal,5: Lying down (controlled)
1790275924.3540578,15710,Person 28,134.0,3439.9,320.0,3440.57,2.22,True,Active,ArslanAzad,None,Normal,5: Lying down (controlled)
1790275924.4634259,15711,Person 28,132.2,3440.1,390.0,3442.85,2.33,True,Active,ArslanAzad,None,Normal,5: Lying down (controlled)
1790275924.5415256,15712,Person 28,132.6,3440.1,240.0,3443.4,2.55,True,Active,ArslanAzad,None,Normal,5: Lying down (controlled)
1790275924.6196434,15713,Person 28,134.5,3439.9,560.0,3443.95,2.75,True,Active,ArslanAzad,None,Normal,5: Lying down (controlled)
1790275924.716167,15714,Person 28,139.7,3440.2,320.0,3449.07,3.11,True,Active,ArslanAzad,None,Normal,5: Lying down (controlled)
1790275924.8099108,15715,Person 28,146.1,3440.8,240.0,3452.23,3.15,True,Active,ArslanAzad,None,Normal,5: Lying down (controlled)
1790275924.888031,15716,Person 28,152.6,3441.4,320.0,3452.07,3.11,True,Active,ArslanAzad,None,Normal,5: Lying down (controlled)
1790275924.9973984,15717,Person 28,159.1,3442.4,320.0,3455.01,3.09,True,Active,ArslanAzad,None,Normal,5: Lying down (controlled)
1790275925.0755172,15718,Person 28,165.0,3443.6,240.0,3455.74,3.0,True,Active,ArslanAzad,None,Normal,5: Lying down (controlled)
1790275925.153658,15719,Person 28,170.0,3444.8,320.0,3455.59,2.95,True,Active,ArslanAzad,None,Normal,5: Lying down (controlled)
1790275925.2873394,15720,Person 28,173.9,3446.2,240.0,3456.28,2.85,True,Active,ArslanAzad,None,Normal,5: Lying down (controlled)
1790275925.3342116,15721,Person 28,175.9,3447.4,320.0,3455.71,2.65,True,Active,ArslanAzad,None,Normal,5: Lying down (controlled)
1790275925.4279325,15722,Person 28,175.3,3448.3,-160.0,3452.13,2.44,True,Active,ArslanAzad,None,Normal,5: Lying down (controlled)
1790275925.521678,15723,Person 28,172.3,3448.8,240.0,3447.64,2.24,True,Active,ArslanAzad,None,Normal,5: Lying down (controlled)
1790275925.5998168,15724,Person 28,166.6,3448.5,240.0,3443.45,2.16,True,Active,ArslanAzad,None,Normal,5: Lying down (controlled)
1790275925.6935403,15725,Person 28,160.2,3447.6,320.0,3440.31,2.1,True,Active,ArslanAzad,None,Normal,5: Lying down (controlled)
1790275925.7905886,15726,Person 28,154.1,3446.8,240.0,3441.31,2.1,True,Active,ArslanAzad,None,Normal,5: Lying down (controlled)
1790275925.8843122,15727,Person 28,148.0,3445.6,240.0,3440.27,2.08,True,Active,ArslanAzad,None,Normal,5: Lying down (controlled)
1790275925.9780533,15728,Person 28,142.4,3444.5,320.0,3442.27,2.08,True,Active,ArslanAzad,None,Normal,5: Lying down (controlled)
1790275926.040571,15729,Person 28,137.0,3443.5,560.0,3443.23,2.06,True,Active,ArslanAzad,None,Normal,5: Lying down (controlled)
1790275926.134313,15730,Person 28,131.7,3442.3,320.0,3442.06,1.98,True,Active,ArslanAzad,None,Normal,5: Lying down (controlled)
1790275926.2372077,15731,Person 28,127.1,3441.0,390.0,3440.89,1.9,True,Active,ArslanAzad,None,Normal,5: Lying down (controlled)
1790275926.3153062,15732,Person 28,124.2,3439.8,240.0,3439.03,1.97,True,Active,ArslanAzad,None,Normal,5: Lying down (controlled)
1790275926.4246736,15733,Person 28,122.8,3438.6,-240.0,3435.13,2.02,True,Active,ArslanAzad,None,Normal,5: Lying down (controlled)
1790275926.4871697,15734,Person 28,123.0,3437.8,240.0,3435.54,2.2,True,Active,ArslanAzad,None,Normal,5: Lying down (controlled)
1790275926.580933,15735,Person 28,124.2,3437.3,240.0,3435.77,2.3,True,Active,ArslanAzad,None,Normal,5: Lying down (controlled)
1790275926.6746597,15736,Person 28,125.3,3436.7,320.0,3435.73,2.29,True,Active,ArslanAzad,None,Normal,5: Lying down (controlled)
1790275926.7724006,15737,Person 28,126.7,3436.3,240.0,3436.81,2.32,True,Active,ArslanAzad,None,Normal,5: Lying down (controlled)
1790275926.850523,15738,Person 28,127.9,3435.7,240.0,3436.73,2.28,True,Active,ArslanAzad,None,Normal,5: Lying down (controlled)
1790275926.9286606,15739,Person 28,129.2,3435.0,320.0,3436.73,2.28,True,Active,ArslanAzad,None,Normal,5: Lying down (controlled)
1790275927.0222013,15740,Person 28,131.5,3434.5,240.0,3437.93,2.37,True,Active,ArslanAzad,None,Normal,5: Lying down (controlled)
1790275927.115929,15741,Person 28,134.7,3434.3,320.0,3440.1,2.43,True,Active,ArslanAzad,None,Normal,5: Lying down (controlled)
1790275927.2096658,15742,Person 28,136.8,3434.5,390.0,3441.81,2.31,True,Active,ArslanAzad,None,Normal,5: Lying down (controlled)
1790275927.306283,15743,Person 28,138.1,3435.1,240.0,3441.61,2.23,True,Active,ArslanAzad,None,Normal,5: Lying down (controlled)
1790275927.3687804,15744,Person 28,137.1,3435.5,160.0,3439.16,2.03,True,Active,ArslanAzad,None,Normal,5: Lying down (controlled)
1790275927.4781666,15745,Person 28,134.5,3435.9,320.0,3438.82,1.87,True,Active,ArslanAzad,None,Normal,5: Lying down (controlled)
1790275927.556287,15746,Person 28,131.7,3436.5,240.0,3440.73,1.82,True,Active,ArslanAzad,None,Normal,5: Lying down (controlled)
1790275927.6656327,15747,Person 28,128.3,3437.0,320.0,3440.6,1.75,True,Active,ArslanAzad,None,Normal,5: Lying down (controlled)
1790275927.7477357,15748,Person 28,125.1,3437.6,320.0,3441.6,1.75,True,Active,ArslanAzad,None,Normal,5: Lying down (controlled)
1790275927.857125,15749,Person 28,121.6,3438.2,560.0,3441.51,1.7,True,Active,ArslanAzad,None,Normal,5: Lying down (controlled)
1790275927.9196215,15750,Person 28,117.0,3438.7,320.0,3441.34,1.6,True,Active,ArslanAzad,None,Normal,5: Lying down (controlled)
1790275928.0133643,15751,Person 28,111.6,3439.2,240.0,3443.23,1.53,True,Active,ArslanAzad,None,Normal,5: Lying down (controlled)
1790275928.1227124,15752,Person 28,106.7,3439.4,240.0,3442.18,1.5,True,Active,ArslanAzad,None,Normal,5: Lying down (controlled)
1790275928.185208,15753,Person 28,102.6,3439.5,320.0,3441.26,1.55,True,Active,ArslanAzad,None,Normal,5: Lying down (controlled)
1790275928.2661946,15754,Person 28,101.1,3439.9,240.0,3442.66,1.78,True,Active,ArslanAzad,None,Normal,5: Lying down (controlled)
1790275928.3599389,15755,Person 28,102.1,3440.3,240.0,3443.16,2.03,True,Active,ArslanAzad,None,Normal,5: Lying down (controlled)
1790275928.438057,15756,Person 28,104.6,3440.6,320.0,3444.61,2.23,True,Active,ArslanAzad,None,Normal,5: Lying down (controlled)
1790275928.5317795,15757,Person 28,108.8,3441.4,240.0,3450.13,2.44,True,Active,ArslanAzad,None,Normal,5: Lying down (controlled)
1790275928.6255226,15758,Person 28,113.0,3442.1,240.0,3450.13,2.44,True,Active,ArslanAzad,None,Normal,5: Lying down (controlled)
1790275928.7192676,15759,Person 28,117.1,3442.9,320.0,3450.96,2.37,True,Active,ArslanAzad,None,Normal,5: Lying down (controlled)
1790275928.8316264,15760,Person 28,121.1,3443.7,560.0,3450.68,2.26,True,Active,ArslanAzad,None,Normal,5: Lying down (controlled)
1790275928.941015,15761,Person 28,125.1,3444.2,320.0,3449.53,2.19,True,Active,ArslanAzad,None,Normal,5: Lying down (controlled)
1790275929.0034888,15762,Person 28,129.2,3444.8,320.0,3449.49,2.18,True,Active,ArslanAzad,None,Normal,5: Lying down (controlled)
1790275929.0816083,15763,Person 28,133.1,3445.3,240.0,3447.53,2.19,True,Active,ArslanAzad,None,Normal,5: Lying down (controlled)
1790275929.1597276,15764,Person 28,135.4,3445.3,-160.0,3443.45,2.16,True,Active,ArslanAzad,None,Normal,5: Lying down (controlled)
1790275929.2797704,15765,Person 28,136.6,3445.1,240.0,3441.61,2.23,True,Active,ArslanAzad,None,Normal,5: Lying down (controlled)
1790275929.342281,15766,Person 28,136.5,3444.7,240.0,3440.57,2.22,True,Active,ArslanAzad,None,Normal,5: Lying down (controlled)
1790275929.436007,15767,Person 28,135.1,3443.8,320.0,3440.57,2.22,True,Active,ArslanAzad,None,Normal,5: Lying down (controlled)
1790275929.5453959,15768,Person 28,133.8,3443.1,240.0,3442.61,2.23,True,Active,ArslanAzad,None,Normal,5: Lying down (controlled)
1790275929.5922458,15769,Person 28,132.7,3442.4,240.0,3443.53,2.2,True,Active,ArslanAzad,None,Normal,5: Lying down (controlled)
1790275929.7328606,15770,Person 28,132.5,3441.8,320.0,3444.61,2.23,True,Active,ArslanAzad,None,Normal,5: Lying down (controlled)
1790275929.7827554,15771,Person 28,132.8,3441.5,240.0,3446.64,2.24,True,Active,ArslanAzad,None,Normal,5: Lying down (controlled)
1790275929.8921003,15772,Person 28,132.9,3441.0,320.0,3444.53,2.2,True,Active,ArslanAzad,None,Normal,5: Lying down (controlled)
1790275929.985866,15773,Person 28,132.7,3440.9,320.0,3446.45,2.16,True,Active,ArslanAzad,None,Normal,5: Lying down (controlled)
1790275930.0483606,15774,Person 28,132.2,3441.2,240.0,3446.27,2.08,True,Active,ArslanAzad,None,Normal,5: Lying down (controlled)
1790275930.157728,15775,Person 28,130.7,3441.4,560.0,3443.06,1.98,True,Active,ArslanAzad,None,Normal,5: Lying down (controlled)
1790275930.2202241,15776,Person 28,128.9,3441.4,320.0,3439.92,1.92,True,Active,ArslanAzad,None,Normal,5: Lying down (controlled)
1790275930.3322942,15777,Person 28,126.9,3441.6,240.0,3441.86,1.88,True,Active,ArslanAzad,None,Normal,5: Lying down (controlled)
1790275930.410415,15778,Person 28,124.4,3441.7,320.0,3442.73,1.81,True,Active,ArslanAzad,None,Normal,5: Lying down (controlled)
1790275930.488533,15779,Person 28,122.0,3442.0,240.0,3445.69,1.8,True,Active,ArslanAzad,None,Normal,5: Lying down (controlled)
1790275930.5979216,15780,Person 28,119.2,3442.3,240.0,3446.63,1.76,True,Active,ArslanAzad,None,Normal,5: Lying down (controlled)
1790275930.67602,15781,Person 28,116.1,3442.5,320.0,3447.57,1.73,True,Active,ArslanAzad,None,Normal,5: Lying down (controlled)
1790275930.7741096,15782,Person 28,112.9,3443.1,240.0,3449.45,1.66,True,Active,ArslanAzad,None,Normal,5: Lying down (controlled)
1790275930.8522272,15783,Person 28,109.2,3443.6,320.0,3450.25,1.54,True,Active,ArslanAzad,None,Normal,5: Lying down (controlled)
1790275930.961596,15784,Person 28,105.5,3444.3,320.0,3452.12,1.46,True,Active,ArslanAzad,None,Normal,5: Lying down (controlled)
1790275931.024092,15785,Person 28,102.3,3445.4,240.0,3453.1,1.44,True,Active,ArslanAzad,None,Normal,5: Lying down (controlled)
1790275931.1334796,15786,Person 28,99.8,3446.9,320.0,3454.17,1.49,True,Active,ArslanAzad,None,Normal,5: Lying down (controlled)
1790275931.2115786,15787,Person 28,98.1,3448.2,320.0,3454.33,1.59,True,Active,ArslanAzad,None,Normal,5: Lying down (controlled)
1790275931.3090303,15788,Person 28,97.1,3449.3,240.0,3453.42,1.64,True,Active,ArslanAzad,None,Normal,5: Lying down (controlled)
1790275931.402774,15789,Person 28,96.5,3449.9,320.0,3451.51,1.69,True,Active,ArslanAzad,None,Normal,5: Lying down (controlled)
1790275931.4652498,15790,Person 28,96.7,3450.4,240.0,3451.69,1.79,True,Active,ArslanAzad,None,Normal,5: Lying down (controlled)
1790275931.5746164,15791,Person 28,97.5,3450.7,240.0,3450.82,1.86,True,Active,ArslanAzad,None,Normal,5: Lying down (controlled)
1790275931.7308547,15792,Person 28,98.8,3450.7,320.0,3449.85,1.88,True,Active,ArslanAzad,None,Normal,5: Lying down (controlled)
1790275931.7818692,15793,Person 28,101.1,3450.6,240.0,3449.95,1.93,True,Active,ArslanAzad,None,Normal,5: Lying down (controlled)
1790275931.8443863,15794,Person 28,104.1,3450.2,320.0,3449.02,1.96,True,Active,ArslanAzad,None,Normal,5: Lying down (controlled)
1790275931.953753,15795,Person 28,107.7,3449.8,320.0,3450.19,2.04,True,Active,ArslanAzad,None,Normal,5: Lying down (controlled)
1790275932.0006037,15796,Person 28,112.3,3449.3,240.0,3450.68,2.26,True,Active,ArslanAzad,None,Normal,5: Lying down (controlled)
1790275932.0943677,15797,Person 28,117.6,3448.9,240.0,3452.22,2.47,True,Active,ArslanAzad,None,Normal,5: Lying down (controlled)
1790275932.234984,15798,Person 28,123.6,3448.6,320.0,3452.66,2.64,True,Active,ArslanAzad,None,Normal,5: Lying down (controlled)
1790275932.2848935,15799,Person 28,129.7,3448.6,240.0,3453.85,2.71,True,Active,ArslanAzad,None,Normal,5: Lying down (controlled)
1790275932.362995,15800,Person 28,135.0,3448.6,320.0,3453.75,2.67,True,Active,ArslanAzad,None,Normal,5: Lying down (controlled)
1790275932.4723802,15801,Person 28,139.7,3448.8,320.0,3454.66,2.64,True,Active,ArslanAzad,None,Normal,5: Lying down (controlled)
1790275932.5348573,15802,Person 28,144.0,3449.1,240.0,3454.52,2.59,True,Active,ArslanAzad,None,Normal,5: Lying down (controlled)
1790275932.691094,15803,Person 28,147.8,3449.3,320.0,3453.44,2.56,True,Active,ArslanAzad,None,Normal,5: Lying down (controlled)
1790275932.7379658,15804,Person 28,150.9,3449.7,320.0,3454.22,2.47,True,Active,ArslanAzad,None,Normal,5: Lying down (controlled)
1790275932.804586,15805,Person 28,152.5,3449.9,240.0,3452.8,2.31,True,Active,ArslanAzad,None,Normal,5: Lying down (controlled)
1790275932.89835,15806,Person 28,151.1,3449.7,-160.0,3448.16,2.03,True,Active,ArslanAzad,None,Normal,5: Lying down (controlled)
1790275933.0076969,15807,Person 28,146.6,3448.9,240.0,3442.57,1.73,True,Active,ArslanAzad,None,Normal,5: Lying down (controlled)
1790275933.1327093,15808,Person 28,138.0,3446.7,560.0,3427.78,1.22,True,Active,ArslanAzad,None,Normal,5: Lying down (controlled)
1790275933.1795812,15809,Person 28,128.3,3443.7,320.0,3420.64,1.11,True,Active,ArslanAzad,None,Normal,5: Lying down (controlled)
1790275933.3092856,15810,Person 28,118.9,3440.8,240.0,3421.66,1.12,True,Active,ArslanAzad,None,Normal,5: Lying down (controlled)
1790275933.3561585,15811,Person 28,110.0,3437.7,240.0,3420.72,1.17,True,Active,ArslanAzad,None,Normal,5: Lying down (controlled)
1790275933.4342554,15812,Person 28,101.4,3434.7,320.0,3421.72,1.17,True,Active,ArslanAzad,None,Normal,5: Lying down (controlled)
1790275933.5436254,15813,Person 28,93.3,3431.9,240.0,3422.78,1.22,True,Active,ArslanAzad,None,Normal,5: Lying down (controlled)
1790275933.6061184,15814,Person 28,85.7,3429.1,320.0,3423.78,1.22,True,Active,ArslanAzad,None,Normal,5: Lying down (controlled)
1790275933.715486,15815,Person 28,79.5,3426.6,320.0,3425.87,1.29,True,Active,ArslanAzad,None,Normal,5: Lying down (controlled)
1790275933.7808971,15816,Person 28,75.9,3424.7,240.0,3428.08,1.44,True,Active,ArslanAzad,None,Normal,5: Lying down (controlled)
1790275933.905912,15817,Person 28,75.1,3423.3,-240.0,3428.34,1.6,True,Active,ArslanAzad,None,Normal,5: Lying down (controlled)
1790275933.9785678,15818,Person 28,78.4,3423.4,320.0,3429.64,1.77,True,Active,ArslanAzad,None,Normal,5: Lying down (controlled)
1790275934.0879595,15819,Person 28,82.9,3424.2,240.0,3429.8,1.85,True,Active,ArslanAzad,None,Normal,5: Lying down (controlled)
1790275934.1348345,15820,Person 28,87.6,3424.9,320.0,3429.9,1.9,True,Active,ArslanAzad,None,Normal,5: Lying down (controlled)
1790275934.2837434,15821,Person 28,92.4,3425.8,240.0,3431.03,1.97,True,Active,ArslanAzad,None,Normal,5: Lying down (controlled)
1790275934.3462634,15822,Person 28,97.7,3426.6,240.0,3431.21,2.05,True,Active,ArslanAzad,None,Normal,5: Lying down (controlled)
1790275934.4556117,15823,Person 28,103.2,3427.3,320.0,3431.39,2.14,True,Active,ArslanAzad,None,Normal,5: Lying down (controlled)
1790275934.518107,15824,Person 28,109.3,3428.1,240.0,3433.62,2.24,True,Active,ArslanAzad,None,Normal,5: Lying down (controlled)
1790275934.5806026,15825,Person 28,115.3,3428.7,240.0,3433.73,2.29,True,Active,ArslanAzad,None,Normal,5: Lying down (controlled)
1790275934.6899674,15826,Person 28,120.0,3429.2,390.0,3434.58,2.22,True,Active,ArslanAzad,None,Normal,5: Lying down (controlled)
1790275934.78657,15827,Person 28,123.4,3429.9,240.0,3436.46,2.17,True,Active,ArslanAzad,None,Normal,5: Lying down (controlled)
1790275934.8803375,15828,Person 28,125.1,3430.4,240.0,3435.2,2.05,True,Active,ArslanAzad,None,Normal,5: Lying down (controlled)
1790275934.9428346,15829,Person 28,125.8,3431.0,320.0,3436.03,1.97,True,Active,ArslanAzad,None,Normal,5: Lying down (controlled)
1790275935.0834482,15830,Person 28,126.1,3431.7,240.0,3436.99,1.95,True,Active,ArslanAzad,None,Normal,5: Lying down (controlled)
1790275935.1303198,15831,Person 28,125.7,3432.4,240.0,3437.89,1.9,True,Active,ArslanAzad,None,Normal,5: Lying down (controlled)
1790275935.2240436,15832,Person 28,125.0,3433.2,320.0,3438.96,1.93,True,Active,ArslanAzad,None,Normal,5: Lying down (controlled)
1790275935.3068433,15833,Person 28,123.8,3434.1,240.0,3439.96,1.93,True,Active,ArslanAzad,None,Normal,5: Lying down (controlled)
1790275935.384966,15834,Person 28,121.5,3434.9,320.0,3440.79,1.85,True,Active,ArslanAzad,None,Normal,5: Lying down (controlled)
1790275935.588095,15835,Person 28,118.7,3435.9,320.0,3442.73,1.81,True,Active,ArslanAzad,None,Normal,5: Lying down (controlled)
1790275935.7443337,15836,Person 28,116.4,3436.6,240.0,3440.76,1.83,True,Active,ArslanAzad,None,Normal,5: Lying down (controlled)
1790275935.8111758,15837,Person 28,114.2,3436.8,-160.0,3437.7,1.8,True,Active,ArslanAzad,None,Normal,5: Lying down (controlled)
1790275935.8736727,15838,Person 28,113.0,3437.0,240.0,3436.79,1.85,True,Active,ArslanAzad,None,Normal,5: Lying down (controlled)
1790275935.9361684,15839,Person 28,112.2,3437.0,240.0,3435.76,1.83,True,Active,ArslanAzad,None,Normal,5: Lying down (controlled)
1790275935.9986637,15840,Person 28,111.8,3436.8,320.0,3434.86,1.89,True,Active,ArslanAzad,None,Normal,5: Lying down (controlled)
1790275936.0455353,15841,Person 28,112.0,3436.7,240.0,3436.96,1.93,True,Active,ArslanAzad,None,Normal,5: Lying down (controlled)
1790275936.123655,15842,Person 28,112.3,3436.4,240.0,3436.06,1.98,True,Active,ArslanAzad,None,Normal,5: Lying down (controlled)
1790275936.2017748,15843,Person 28,112.9,3435.9,320.0,3435.17,2.04,True,Active,ArslanAzad,None,Normal,5: Lying down (controlled)
1790275936.2798963,15844,Person 28,114.5,3435.3,240.0,3435.35,2.12,True,Active,ArslanAzad,None,Normal,5: Lying down (controlled)
1790275936.3631532,15845,Person 28,116.5,3434.5,320.0,3435.42,2.15,True,Active,ArslanAzad,None,Normal,5: Lying down (controlled)
1790275936.5818994,15846,Person 28,118.5,3434.1,320.0,3437.46,2.17,True,Active,ArslanAzad,None,Normal,5: Lying down (controlled)
1790275936.628769,15847,Person 28,120.7,3434.2,240.0,3439.46,2.17,True,Active,ArslanAzad,None,Normal,5: Lying down (controlled)
1790275936.6756198,15848,Person 28,122.4,3434.4,320.0,3439.38,2.13,True,Active,ArslanAzad,None,Normal,5: Lying down (controlled)
1790275936.7381153,15849,Person 28,124.2,3434.8,320.0,3440.38,2.13,True,Active,ArslanAzad,None,Normal,5: Lying down (controlled)
1790275936.801795,15850,Person 28,125.5,3435.4,240.0,3441.31,2.1,True,Active,ArslanAzad,None,Normal,5: Lying down (controlled)
1790275936.895542,15851,Person 28,126.1,3435.7,320.0,3440.16,2.03,True,Active,ArslanAzad,None,Normal,5: Lying down (controlled)
1790275937.0205352,15852,Person 28,126.2,3436.1,320.0,3440.09,2.0,True,Active,ArslanAzad,None,Normal,5: Lying down (controlled)
1790275937.0830286,15853,Person 28,125.8,3436.6,240.0,3440.02,1.97,True,Active,ArslanAzad,None,Normal,5: Lying down (controlled)
1790275937.2080243,15854,Person 28,124.4,3437.0,320.0,3438.86,1.88,True,Active,ArslanAzad,None,Normal,5: Lying down (controlled)
1790275937.2549136,15855,Person 28,122.4,3437.4,320.0,3438.73,1.82,True,Active,ArslanAzad,None,Normal,5: Lying down (controlled)
1790275937.3518155,15856,Person 28,120.3,3437.3,240.0,3435.73,1.82,True,Active,ArslanAzad,None,Normal,5: Lying down (controlled)
1790275937.429913,15857,Person 28,117.8,3436.6,-160.0,3431.61,1.75,True,Active,ArslanAzad,None,Normal,5: Lying down (controlled)
1790275937.5393012,15858,Person 28,115.4,3435.5,240.0,3427.58,1.74,True,Active,ArslanAzad,None,Normal,5: Lying down (controlled)
1790275937.6486688,15859,Person 28,113.0,3434.1,240.0,3425.58,1.74,True,Active,ArslanAzad,None,Normal,5: Lying down (controlled)
1790275937.7580352,15860,Person 28,110.9,3432.6,320.0,3425.61,1.76,True,Active,ArslanAzad,None,Normal,5: Lying down (controlled)
1790275937.8076956,15861,Person 28,109.8,3431.5,240.0,3428.8,1.86,True,Active,ArslanAzad,None,Normal,5: Lying down (controlled)
1790275937.885818,15862,Person 28,109.3,3430.6,240.0,3430.93,1.92,True,Active,ArslanAzad,None,Normal,5: Lying down (controlled)
1790275937.9951854,15863,Person 28,109.8,3430.0,320.0,3434.2,2.05,True,Active,ArslanAzad,None,Normal,5: Lying down (controlled)
1790275938.0576813,15864,Person 28,111.3,3429.8,560.0,3437.38,2.13,True,Active,ArslanAzad,None,Normal,5: Lying down (controlled)
1790275938.1826935,15865,Person 28,112.7,3429.6,320.0,3437.2,2.05,True,Active,ArslanAzad,None,Normal,5: Lying down (controlled)
1790275938.229544,15866,Person 28,113.7,3429.7,390.0,3437.06,1.98,True,Active,ArslanAzad,None,Normal,5: Lying down (controlled)
1790275938.388556,15867,Person 28,114.9,3430.1,240.0,3435.99,1.95,True,Active,ArslanAzad,None,Normal,5: Lying down (controlled)
1790275938.4510517,15868,Person 28,115.5,3430.7,-240.0,3433.76,1.84,True,Active,ArslanAzad,None,Normal,5: Lying down (controlled)
1790275938.497924,15869,Person 28,115.9,3431.4,320.0,3432.7,1.8,True,Active,ArslanAzad,None,Normal,5: Lying down (controlled)
1790275938.5916886,15870,Person 28,115.4,3432.1,240.0,3432.46,1.67,True,Active,ArslanAzad,None,Normal,5: Lying down (controlled)
1790275938.7166803,15871,Person 28,113.9,3432.5,320.0,3432.34,1.6,True,Active,ArslanAzad,None,Normal,5: Lying down (controlled)
1790275938.8303068,15872,Person 28,111.6,3433.0,240.0,3435.23,1.53,True,Active,ArslanAzad,None,Normal,5: Lying down (controlled)
1790275938.908448,15873,Person 28,108.0,3433.2,240.0,3435.1,1.45,True,Active,ArslanAzad,None,Normal,5: Lying down (controlled)
1790275938.9553194,15874,Person 28,103.1,3433.2,320.0,3435.91,1.32,True,Active,ArslanAzad,None,Normal,5: Lying down (controlled)
1790275939.0334175,15875,Person 28,98.1,3433.3,240.0,3436.78,1.22,True,Active,ArslanAzad,None,Normal,5: Lying down (controlled)
1790275939.1428063,15876,Person 28,93.8,3433.3,320.0,3435.84,1.27,True,Active,ArslanAzad,None,Normal,5: Lying down (controlled)
1790275939.2365499,15877,Person 28,89.8,3433.5,390.0,3436.86,1.28,True,Active,ArslanAzad,None,Normal,5: Lying down (controlled)
1790275939.3190844,15878,Person 28,87.3,3433.9,240.0,3437.05,1.42,True,Active,ArslanAzad,None,Normal,5: Lying down (controlled)
1790275939.3972073,15879,Person 28,85.7,3434.4,320.0,3437.23,1.53,True,Active,ArslanAzad,None,Normal,5: Lying down (controlled)
1790275939.4753485,15880,Person 28,85.2,3434.9,320.0,3437.31,1.58,True,Active,ArslanAzad,None,Normal,5: Lying down (controlled)
1790275939.6315875,15881,Person 28,85.8,3435.4,240.0,3437.51,1.7,True,Active,ArslanAzad,None,Normal,5: Lying down (controlled)
1790275939.6940823,15882,Person 28,87.1,3435.4,320.0,3435.6,1.75,True,Active,ArslanAzad,None,Normal,5: Lying down (controlled)
1790275939.7565596,15883,Person 28,89.1,3435.4,320.0,3435.67,1.78,True,Active,ArslanAzad,None,Normal,5: Lying down (controlled)
1790275939.8532016,15884,Person 28,92.3,3435.3,240.0,3435.79,1.85,True,Active,ArslanAzad,None,Normal,5: Lying down (controlled)
1790275939.931343,15885,Person 28,96.1,3434.9,320.0,3433.79,1.85,True,Active,ArslanAzad,None,Normal,5: Lying down (controlled)
1790275940.009462,15886,Person 28,99.8,3434.6,320.0,3433.86,1.89,True,Active,ArslanAzad,None,Normal,5: Lying down (controlled)
1790275940.1188076,15887,Person 28,103.2,3433.9,240.0,3430.8,1.85,True,Active,ArslanAzad,None,Normal,5: Lying down (controlled)
1790275940.196927,15888,Person 28,105.1,3432.7,-160.0,3425.58,1.74,True,Active,ArslanAzad,None,Normal,5: Lying down (controlled)
1790275940.2750692,15889,Person 28,105.5,3431.1,240.0,3421.35,1.61,True,Active,ArslanAzad,None,Normal,5: Lying down (controlled)
1790275940.405422,15890,Person 28,104.6,3429.1,-240.0,3417.08,1.44,True,Active,ArslanAzad,None,Normal,5: Lying down (controlled)
1790275940.499163,15891,Person 28,102.4,3427.0,320.0,3415.94,1.34,True,Active,ArslanAzad,None,Normal,5: Lying down (controlled)
1790275940.5772812,15892,Person 28,99.9,3425.4,240.0,3418.94,1.34,True,Active,ArslanAzad,None,Normal,5: Lying down (controlled)
1790275940.6554003,15893,Person 28,97.5,3423.9,240.0,3420.01,1.39,True,Active,ArslanAzad,None,Normal,5: Lying down (controlled)
1790275940.7335398,15894,Person 28,94.9,3422.5,320.0,3421.06,1.42,True,Active,ArslanAzad,None,Normal,5: Lying down (controlled)
1790275940.8116388,15895,Person 28,93.0,3421.4,240.0,3422.24,1.54,True,Active,ArslanAzad,None,Normal,5: Lying down (controlled)
1790275940.9877167,15896,Person 28,91.5,3420.4,320.0,3423.4,1.64,True,Active,ArslanAzad,None,Normal,5: Lying down (controlled)
1790275941.0345676,15897,Person 28,91.3,3419.9,320.0,3425.73,1.82,True,Active,ArslanAzad,None,Normal,5: Lying down (controlled)
1790275941.1283317,15898,Person 28,92.7,3420.0,240.0,3427.03,1.97,True,Active,ArslanAzad,None,Normal,5: Lying down (controlled)
1790275941.206431,15899,Person 28,95.4,3420.4,-160.0,3426.21,2.06,True,Active,ArslanAzad,None,Normal,5: Lying down (controlled)
1790275941.2689474,15900,Person 28,100.0,3421.2,320.0,3426.54,2.21,True,Active,ArslanAzad,None,Normal,5: Lying down (controlled)
1790275941.3483171,15901,Person 28,105.7,3422.1,240.0,3426.74,2.29,True,Active,ArslanAzad,None,Normal,5: Lying down (controlled)
1790275941.4576635,15902,Person 28,111.5,3422.7,320.0,3426.78,2.31,True,Active,ArslanAzad,None,Normal,5: Lying down (controlled)
1790275941.5201802,15903,Person 28,117.2,3423.3,240.0,3427.86,2.34,True,Active,ArslanAzad,None,Normal,5: Lying down (controlled)
1790275941.629548,15904,Person 28,122.4,3423.9,240.0,3428.74,2.29,True,Active,ArslanAzad,None,Normal,5: Lying down (controlled)
1790275941.7076476,15905,Person 28,127.0,3424.4,320.0,3428.78,2.31,True,Active,ArslanAzad,None,Normal,5: Lying down (controlled)
1790275941.785787,15906,Person 28,130.6,3424.9,240.0,3429.62,2.24,True,Active,ArslanAzad,None,Normal,5: Lying down (controlled)
1790275941.8828323,15907,Person 28,132.5,3425.1,320.0,3428.39,2.14,True,Active,ArslanAzad,None,Normal,5: Lying down (controlled)
1790275942.0043063,15908,Person 28,133.0,3425.3,320.0,3429.21,2.06,True,Active,ArslanAzad,None,Normal,5: Lying down (controlled)
1790275942.0824418,15909,Person 28,132.6,3425.5,240.0,3428.07,1.99,True,Active,ArslanAzad,None,Normal,5: Lying down (controlled)
1790275942.1605418,15910,Person 28,131.3,3425.6,320.0,3427.07,1.99,True,Active,ArslanAzad,None,Normal,5: Lying down (controlled)
1790275942.2386801,15911,Person 28,129.3,3425.7,320.0,3427.0,1.96,True,Active,ArslanAzad,None,Normal,5: Lying down (controlled)
1790275942.354434,15912,Person 28,126.7,3425.9,240.0,3427.83,1.87,True,Active,ArslanAzad,None,Normal,5: Lying down (controlled)
1790275942.4169092,15913,Person 28,123.5,3426.0,320.0,3427.7,1.81,True,Active,ArslanAzad,None,Normal,5: Lying down (controlled)
1790275942.510673,15914,Person 28,120.3,3426.3,240.0,3430.61,1.75,True,Active,ArslanAzad,None,Normal,5: Lying down (controlled)
1790275942.620041,15915,Person 28,116.7,3426.6,240.0,3430.52,1.7,True,Active,ArslanAzad,None,Normal,5: Lying down (controlled)
1790275942.682538,15916,Person 28,113.1,3426.8,320.0,3430.4,1.64,True,Active,ArslanAzad,None,Normal,5: Lying down (controlled)
1790275942.7919042,15917,Person 28,110.0,3427.1,240.0,3430.37,1.62,True,Active,ArslanAzad,None,Normal,5: Lying down (controlled)
1790275942.858319,15918,Person 28,107.4,3427.2,320.0,3429.37,1.62,True,Active,ArslanAzad,None,Normal,5: Lying down (controlled)
1790275942.9677064,15919,Person 28,105.6,3427.5,320.0,3430.49,1.69,True,Active,ArslanAzad,None,Normal,5: Lying down (controlled)
1790275943.0458252,15920,Person 28,104.7,3427.9,240.0,3430.76,1.84,True,Active,ArslanAzad,None,Normal,5: Lying down (controlled)
1790275943.1395686,15921,Person 28,105.1,3428.1,-160.0,3429.14,2.02,True,Active,ArslanAzad,None,Normal,5: Lying down (controlled)
1790275943.2176688,15922,Person 28,107.6,3428.4,240.0,3431.74,2.29,True,Active,ArslanAzad,None,Normal,5: Lying down (controlled)
1790275943.3454254,15923,Person 28,114.8,3429.3,240.0,3439.71,3.0,True,Active,ArslanAzad,None,Normal,5: Lying down (controlled)
1790275943.3923225,15924,Person 28,122.5,3430.0,320.0,3440.82,3.03,True,Active,ArslanAzad,None,Normal,5: Lying down (controlled)
1790275943.517313,15925,Person 28,130.7,3430.8,240.0,3441.92,3.06,True,Active,ArslanAzad,None,Normal,5: Lying down (controlled)
1790275943.5641654,15926,Person 28,138.9,3431.3,240.0,3438.71,3.0,True,Active,ArslanAzad,None,Normal,5: Lying down (controlled)
1790275943.657928,15927,Person 28,147.0,3431.7,320.0,3437.61,2.97,True,Active,ArslanAzad,None,Normal,5: Lying down (controlled)
1790275943.7516716,15928,Person 28,155.2,3432.2,240.0,3437.66,2.98,True,Active,ArslanAzad,None,Normal,5: Lying down (controlled)
1790275943.8297918,15929,Person 28,162.6,3432.6,320.0,3437.46,2.92,True,Active,ArslanAzad,None,Normal,5: Lying down (controlled)
1790275943.9576726,15930,Person 28,168.8,3433.2,390.0,3439.3,2.87,True,Active,ArslanAzad,None,Normal,5: Lying down (controlled)
1790275944.02017,15931,Person 28,173.7,3433.9,240.0,3438.21,2.83,True,Active,ArslanAzad,None,Normal,5: Lying down (controlled)
1790275944.1295564,15932,Person 28,176.6,3434.3,390.0,3437.01,2.77,True,Active,ArslanAzad,None,Normal,5: Lying down (controlled)
1790275944.207657,15933,Person 28,175.1,3434.2,320.0,3437.96,2.75,True,Active,ArslanAzad,None,Normal,5: Lying down (controlled)
1790275944.3170428,15934,Person 28,173.0,3434.0,240.0,3437.77,2.68,True,Active,ArslanAzad,None,Normal,5: Lying down (controlled)
1790275944.3829603,15935,Person 28,170.6,3433.7,320.0,3437.73,2.67,True,Active,ArslanAzad,None,Normal,5: Lying down (controlled)
1790275944.5391996,15936,Person 28,168.7,3434.0,240.0,3440.77,2.68,True,Active,ArslanAzad,None,Normal,5: Lying down (controlled)
1790275944.601676,15937,Person 28,166.7,3434.5,240.0,3441.63,2.63,True,Active,ArslanAzad,None,Normal,5: Lying down (controlled)
1790275944.6797936,15938,Person 28,164.2,3435.2,320.0,3443.45,2.56,True,Active,ArslanAzad,None,Normal,5: Lying down (controlled)
1790275944.7735596,15939,Person 28,162.0,3436.0,240.0,3444.4,2.55,True,Active,ArslanAzad,None,Normal,5: Lying down (controlled)
1790275944.8204117,15940,Person 28,159.4,3436.7,320.0,3445.1,2.43,True,Active,ArslanAzad,None,Normal,5: Lying down (controlled)
1790275944.93303,15941,Person 28,156.9,3437.6,320.0,3446.05,2.41,True,Active,ArslanAzad,None,Normal,5: Lying down (controlled)
1790275945.0111527,15942,Person 28,154.3,3438.3,240.0,3442.85,2.33,True,Active,ArslanAzad,None,Normal,5: Lying down (controlled)
1790275945.0892715,15943,Person 28,151.6,3438.6,320.0,3439.77,2.3,True,Active,ArslanAzad,None,Normal,5: Lying down (controlled)
1790275945.183012,15944,Person 28,149.9,3439.2,240.0,3443.01,2.4,True,Active,ArslanAzad,None,Normal,5: Lying down (controlled)
1790275945.2611525,15945,Person 28,148.9,3440.1,240.0,3446.27,2.49,True,Active,ArslanAzad,None,Normal,5: Lying down (controlled)
1790275945.3733838,15946,Person 28,148.4,3440.8,320.0,3447.53,2.59,True,Active,ArslanAzad,None,Normal,5: Lying down (controlled)
1790275945.4514825,15947,Person 28,148.2,3441.5,240.0,3448.53,2.59,True,Active,ArslanAzad,None,Normal,5: Lying down (controlled)
1790275945.529605,15948,Person 28,147.8,3441.9,320.0,3447.27,2.49,True,Active,ArslanAzad,None,Normal,5: Lying down (controlled)
1790275945.6233668,15949,Person 28,146.8,3442.3,-80.0,3447.97,2.38,True,Active,ArslanAzad,None,Normal,5: Lying down (controlled)
1790275945.7327127,15950,Person 28,145.7,3442.8,160.0,3449.64,2.24,True,Active,ArslanAzad,None,Normal,5: Lying down (controlled)
1790275945.7952108,15951,Person 28,144.2,3443.3,390.0,3450.45,2.16,True,Active,ArslanAzad,None,Normal,5: Lying down (controlled)
1790275945.8929675,15952,Person 28,143.1,3444.2,240.0,3451.41,2.14,True,Active,ArslanAzad,None,Normal,5: Lying down (controlled)
1790275945.9867136,15953,Person 28,141.9,3445.0,560.0,3447.3,2.09,True,Active,ArslanAzad,None,Normal,5: Lying down (controlled)
1790275946.0648327,15954,Person 28,139.5,3445.4,390.0,3446.09,2.0,True,Active,ArslanAzad,None,Normal,5: Lying down (controlled)
1790275946.1898432,15955,Person 28,136.4,3445.6,240.0,3447.05,1.98,True,Active,ArslanAzad,None,Normal,5: Lying down (controlled)
1790275946.2366958,15956,Person 28,132.2,3445.6,-240.0,3445.89,1.9,True,Active,ArslanAzad,None,Normal,5: Lying down (controlled)
1790275946.3460627,15957,Person 28,128.1,3445.6,320.0,3446.92,1.91,True,Active,ArslanAzad,None,Normal,5: Lying down (controlled)
1790275946.4269192,15958,Person 28,124.4,3445.8,240.0,3447.85,1.88,True,Active,ArslanAzad,None,Normal,5: Lying down (controlled)
1790275946.5050411,15959,Person 28,120.8,3445.8,320.0,3446.66,1.78,True,Active,ArslanAzad,None,Normal,5: Lying down (controlled)
1790275946.5988038,15960,Person 28,117.7,3445.6,320.0,3446.57,1.73,True,Active,ArslanAzad,None,Normal,5: Lying down (controlled)
1790275946.6925478,15961,Person 28,114.6,3445.3,240.0,3446.42,1.65,True,Active,ArslanAzad,None,Normal,5: Lying down (controlled)
1790275946.7862694,15962,Person 28,111.2,3444.8,320.0,3445.31,1.58,True,Active,ArslanAzad,None,Normal,5: Lying down (controlled)
1790275946.8670933,15963,Person 28,107.7,3444.9,240.0,3447.2,1.51,True,Active,ArslanAzad,None,Normal,5: Lying down (controlled)
1790275946.96084,15964,Person 28,104.3,3445.0,240.0,3446.07,1.43,True,Active,ArslanAzad,None,Normal,5: Lying down (controlled)
1790275947.0389814,15965,Person 28,100.8,3444.9,390.0,3445.02,1.4,True,Active,ArslanAzad,None,Normal,5: Lying down (controlled)
1790275947.1327245,15966,Person 28,98.5,3444.8,240.0,3444.2,1.51,True,Active,ArslanAzad,None,Normal,5: Lying down (controlled)
1790275947.2264483,15967,Person 28,96.7,3444.3,160.0,3441.37,1.62,True,Active,ArslanAzad,None,Normal,5: Lying down (controlled)
1790275947.3202105,15968,Person 28,95.7,3443.8,320.0,3442.54,1.71,True,Active,ArslanAzad,None,Normal,5: Lying down (controlled)
1790275947.4013033,15969,Person 28,95.8,3443.6,240.0,3444.69,1.8,True,Active,ArslanAzad,None,Normal,5: Lying down (controlled)
1790275947.510692,15970,Person 28,96.4,3443.4,320.0,3444.76,1.83,True,Active,ArslanAzad,None,Normal,5: Lying down (controlled)
1790275947.5731661,15971,Person 28,97.3,3443.4,320.0,3446.69,1.8,True,Active,ArslanAzad,None,Normal,5: Lying down (controlled)
1790275947.6669073,15972,Person 28,98.7,3443.7,160.0,3448.72,1.81,True,Active,ArslanAzad,None,Normal,5: Lying down (controlled)
1790275947.760653,15973,Person 28,100.4,3443.8,320.0,3448.69,1.79,True,Active,ArslanAzad,None,Normal,5: Lying down (controlled)
1790275947.838792,15974,Person 28,102.9,3444.1,390.0,3449.79,1.84,True,Active,ArslanAzad,None,Normal,5: Lying down (controlled)
1790275947.9356904,15975,Person 28,105.6,3444.5,240.0,3449.79,1.84,True,Active,ArslanAzad,None,Normal,5: Lying down (controlled)
1790275948.0450578,15976,Person 28,106.8,3444.7,-320.0,3446.54,1.71,True,Active,ArslanAzad,None,Normal,5: Lying down (controlled)
1790275948.1387825,15977,Person 28,106.9,3445.1,240.0,3445.39,1.63,True,Active,ArslanAzad,None,Normal,5: Lying down (controlled)
1790275948.2169213,15978,Person 28,105.6,3445.0,240.0,3441.18,1.5,True,Active,ArslanAzad,None,Normal,5: Lying down (controlled)
1790275948.295041,15979,Person 28,103.2,3444.5,320.0,3439.03,1.4,True,Active,ArslanAzad,None,Normal,5: Lying down (controlled)
1790275948.3759162,15980,Person 28,100.5,3444.1,240.0,3440.0,1.38,True,Active,ArslanAzad,None,Normal,5: Lying down (controlled)
1790275948.500913,15981,Person 28,97.7,3443.5,240.0,3439.93,1.33,True,Active,ArslanAzad,None,Normal,5: Lying down (controlled)
1790275948.5790513,15982,Person 28,94.6,3442.3,-160.0,3435.89,1.3,True,Active,ArslanAzad,None,Normal,5: Lying down (controlled)
1790275948.657152,15983,Person 28,91.0,3440.8,560.0,3432.76,1.2,True,Active,ArslanAzad,None,Normal,5: Lying down (controlled)
1790275948.735271,15984,Person 28,86.6,3438.9,320.0,3429.65,1.12,True,Active,ArslanAzad,None,Normal,5: Lying down (controlled)
1790275948.8446364,15985,Person 28,82.1,3437.1,320.0,3430.63,1.1,True,Active,ArslanAzad,None,Normal,5: Lying down (controlled)
1790275948.910002,15986,Person 28,79.0,3435.5,240.0,3429.76,1.2,True,Active,ArslanAzad,None,Normal,5: Lying down (controlled)
1790275949.0193682,15987,Person 28,76.8,3433.9,-160.0,3428.84,1.27,True,Active,ArslanAzad,None,Normal,5: Lying down (controlled)
1790275949.113113,15988,Person 28,76.6,3432.9,240.0,3431.13,1.47,True,Active,ArslanAzad,None,Normal,5: Lying down (controlled)
1790275949.1756084,15989,Person 28,77.9,3432.2,240.0,3432.37,1.62,True,Active,ArslanAzad,None,Normal,5: Lying down (controlled)
1790275949.2849734,15990,Person 28,79.4,3431.3,320.0,3431.4,1.64,True,Active,ArslanAzad,None,Normal,5: Lying down (controlled)
1790275949.3630948,15991,Person 28,81.6,3430.4,240.0,3431.52,1.7,True,Active,ArslanAzad,None,Normal,5: Lying down (controlled)
1790275949.4595773,15992,Person 28,83.9,3429.7,240.0,3429.49,1.69,True,Active,ArslanAzad,None,Normal,5: Lying down (controlled)
1790275949.537699,15993,Person 28,87.0,3429.3,320.0,3429.55,1.72,True,Active,ArslanAzad,None,Normal,5: Lying down (controlled)
1790275949.6783333,15994,Person 28,90.9,3429.3,240.0,3430.64,1.77,True,Active,ArslanAzad,None,Normal,5: Lying down (controlled)
1790275949.7252047,15995,Person 28,94.9,3429.3,320.0,3431.64,1.77,True,Active,ArslanAzad,None,Normal,5: Lying down (controlled)
1790275949.850197,15996,Person 28,98.8,3429.6,320.0,3433.79,1.85,True,Active,ArslanAzad,None,Normal,5: Lying down (controlled)
1790275949.931122,15997,Person 28,102.6,3430.2,240.0,3435.89,1.9,True,Active,ArslanAzad,None,Normal,5: Lying down (controlled)
1790275949.9936213,15998,Person 28,105.1,3430.7,-240.0,3436.86,1.88,True,Active,ArslanAzad,None,Normal,5: Lying down (controlled)
1790275950.0717392,15999,Person 28,107.2,3431.2,320.0,3438.03,1.97,True,Active,ArslanAzad,None,Normal,5: Lying down (controlled)
1790275950.165503,16000,Person 28,109.1,3431.9,240.0,3438.99,1.95,True,Active,ArslanAzad,None,Normal,5: Lying down (controlled)
1790275950.2436023,16001,Person 28,110.7,3432.5,320.0,3438.03,1.97,True,Active,ArslanAzad,None,Normal,5: Lying down (controlled)
1790275950.352968,16002,Person 28,112.0,3433.5,320.0,3439.89,1.9,True,Active,ArslanAzad,None,Normal,5: Lying down (controlled)
1790275950.4501576,16003,Person 28,112.5,3434.3,560.0,3437.7,1.8,True,Active,ArslanAzad,None,Normal,5: Lying down (controlled)
1790275950.528298,16004,Person 28,112.2,3434.9,320.0,3436.54,1.72,True,Active,ArslanAzad,None,Normal,5: Lying down (controlled)
1790275950.6063955,16005,Person 28,112.1,3435.8,320.0,3440.6,1.75,True,Active,ArslanAzad,None,Normal,5: Lying down (controlled)
1790275950.700139,16006,Person 28,111.9,3436.7,240.0,3442.73,1.81,True,Active,ArslanAzad,None,Normal,5: Lying down (controlled)
1790275950.825131,16007,Person 28,111.5,3437.4,-160.0,3442.76,1.83,True,Active,ArslanAzad,None,Normal,5: Lying down (controlled)
1790275950.9075859,16008,Person 28,112.0,3438.0,240.0,3443.02,1.96,True,Active,ArslanAzad,None,Normal,5: Lying down (controlled)
1790275950.9857285,16009,Person 28,112.7,3438.4,-240.0,3442.27,2.08,True,Active,ArslanAzad,None,Normal,5: Lying down (controlled)
1790275951.0857937,16010,Person 28,113.6,3438.7,320.0,3442.31,2.1,True,Active,ArslanAzad,None,Normal,5: Lying down (controlled)
1790275951.148289,16011,Person 28,115.0,3439.2,240.0,3443.53,2.2,True,Active,ArslanAzad,None,Normal,5: Lying down (controlled)
1790275951.2420323,16012,Person 28,116.9,3439.4,320.0,3442.57,2.21,True,Active,ArslanAzad,None,Normal,5: Lying down (controlled)
1790275951.3513997,16013,Person 28,120.0,3439.9,320.0,3443.81,2.31,True,Active,ArslanAzad,None,Normal,5: Lying down (controlled)
1790275951.4104195,16014,Person 28,123.7,3440.5,560.0,3443.85,2.33,True,Active,ArslanAzad,None,Normal,5: Lying down (controlled)
1790275951.5198078,16015,Person 28,127.3,3440.7,320.0,3443.89,2.35,True,Active,ArslanAzad,None,Normal,5: Lying down (controlled)
1790275951.5822842,16016,Person 28,130.5,3440.9,320.0,3445.89,2.35,True,Active,ArslanAzad,None,Normal,5: Lying down (controlled)
1790275951.676026,16017,Person 28,133.4,3441.1,240.0,3445.8,2.31,True,Active,ArslanAzad,None,Normal,5: Lying down (controlled)
1790275951.7697687,16018,Person 28,135.6,3441.3,390.0,3445.85,2.33,True,Active,ArslanAzad,None,Normal,5: Lying down (controlled)
1790275951.84791,16019,Person 28,137.2,3441.6,240.0,3445.89,2.35,True,Active,ArslanAzad,None,Normal,5: Lying down (controlled)
1790275951.944688,16020,Person 28,138.6,3441.8,560.0,3444.85,2.33,True,Active,ArslanAzad,None,Normal,5: Lying down (controlled)
1790275952.038428,16021,Person 28,139.4,3442.0,320.0,3445.85,2.33,True,Active,ArslanAzad,None,Normal,5: Lying down (controlled)
