timestamp,sequence_id,target_id,x_mm,y_mm,speed_mms,distance_mm,angle_deg,valid,status,volunteer_id,fall_subtype,pace_variant,action_label
1790359754.1629863,6253,Person B,291.4,2396.2,560.0,2397.12,6.85,True,Active,ArslanAzad,None,Normal,1: Walking
1790359754.2929914,6254,Person B,290.6,2399.1,560.0,2385.96,6.84,True,Active,ArslanAzad,None,Normal,1: Walking
1790359754.355484,6255,Person B,290.0,2396.9,640.0,2374.17,6.89,True,Active,ArslanAzad,None,Normal,1: Walking
1790359754.41798,6256,Person B,288.1,2390.8,480.0,2361.14,6.91,True,Active,ArslanAzad,None,Normal,1: Walking
1790359754.464854,6257,Person B,286.9,2381.6,960.0,2346.88,6.88,True,Active,ArslanAzad,None,Normal,1: Walking
1790359754.558597,6258,Person B,285.7,2370.2,790.0,2329.65,6.85,True,Active,ArslanAzad,None,Normal,1: Walking
1790359754.6520102,6259,Person B,283.3,2354.5,640.0,2279.57,6.7,True,Active,ArslanAzad,None,Normal,1: Walking
1790359754.7311716,6260,Person B,279.6,2335.6,640.0,2228.64,6.57,True,Active,ArslanAzad,None,Normal,1: Walking
1790359754.8019526,6261,Person B,275.3,2312.2,640.0,2175.95,6.49,True,Active,ArslanAzad,None,Normal,1: Walking
1790359754.8792858,6262,Person B,270.7,2283.3,390.0,2113.9,6.57,True,Active,ArslanAzad,None,Normal,1: Walking
1790359754.94545,6263,Person B,265.8,2244.6,640.0,2007.04,6.78,True,Active,ArslanAzad,None,Normal,1: Walking
1790359755.028871,6264,Person B,260.9,2198.0,790.0,1917.46,7.04,True,Active,ArslanAzad,None,Normal,1: Walking
1790359755.1125488,6265,Person B,255.4,2144.2,720.0,1833.48,7.21,True,Active,ArslanAzad,None,Normal,1: Walking
1790359755.2133584,6266,Person B,249.7,2083.5,720.0,1751.77,7.45,True,Active,ArslanAzad,None,Normal,1: Walking
1790359755.312352,6267,Person B,243.6,2016.3,480.0,1672.53,7.56,True,Active,ArslanAzad,None,Normal,1: Walking
1790359755.3967977,6268,Person B,236.3,1943.9,560.0,1602.17,7.35,True,Active,ArslanAzad,None,Normal,1: Walking
1790359755.4794936,6269,Person B,229.0,1871.2,480.0,1549.07,7.16,True,Active,ArslanAzad,None,Normal,1: Walking
1790359755.5617626,6270,Person B,221.9,1797.1,480.0,1484.45,7.12,True,Active,ArslanAzad,None,Normal,1: Walking
1790359755.6461935,6271,Person B,214.5,1722.3,480.0,1424.42,6.94,True,Active,ArslanAzad,None,Normal,1: Walking
1790359755.745831,6272,Person B,207.5,1648.5,480.0,1372.82,7.2,True,Active,ArslanAzad,None,Normal,1: Walking
1790359755.8463988,6273,Person B,201.6,1579.7,320.0,1317.08,7.77,True,Active,ArslanAzad,None,Normal,1: Walking
1790359755.9125662,6274,Person B,195.3,1515.1,240.0,1268.71,7.79,True,Active,ArslanAzad,None,Normal,1: Walking
1790359756.0144892,6275,Person B,187.8,1454.9,160.0,1226.83,7.26,True,Active,ArslanAzad,None,Normal,1: Walking
1790359756.0942245,6276,Person B,179.6,1399.5,160.0,1191.85,6.99,True,Active,ArslanAzad,None,Normal,1: Walking
1790359756.2035923,6277,Person B,170.9,1349.2,80.0,1162.63,6.57,True,Active,ArslanAzad,None,Normal,1: Walking
1790359756.3129573,6278,Person B,161.7,1303.3,-80.0,1135.64,5.71,True,Active,ArslanAzad,None,Normal,1: Walking
1790359756.4223247,6279,Person B,153.0,1260.6,-160.0,1115.05,5.45,True,Active,ArslanAzad,None,Normal,1: Walking
1790359756.484823,6280,Person B,145.1,1223.9,-240.0,1110.97,5.42,True,Active,ArslanAzad,None,Normal,1: Walking
1790359756.562941,6281,Person B,138.6,1193.1,-390.0,1111.16,5.53,True,Active,ArslanAzad,None,Normal,1: Walking
1790359756.6723075,6282,Person B,132.6,1167.6,-320.0,1112.65,5.78,True,Active,ArslanAzad,None,Normal,1: Walking
1790359756.7504275,6283,Person B,126.6,1148.1,-320.0,1116.25,6.07,True,Active,ArslanAzad,None,Normal,1: Walking
1790359756.8597958,6284,Person B,121.4,1133.7,-240.0,1119.45,6.15,True,Active,ArslanAzad,None,Normal,1: Walking
1790359756.9691634,6285,Person B,117.8,1123.9,-480.0,1125.31,6.07,True,Active,ArslanAzad,None,Normal,1: Walking
1790359757.0785303,6286,Person B,115.1,1118.3,-320.0,1133.16,5.98,True,Active,ArslanAzad,None,Normal,1: Walking
1790359757.187901,6287,Person B,113.0,1116.6,-320.0,1143.5,5.62,True,Active,ArslanAzad,None,Normal,1: Walking
1790359757.2972658,6288,Person B,112.6,1118.6,-640.0,1155.15,5.41,True,Active,ArslanAzad,None,Normal,1: Walking
1790359757.3910093,6289,Person B,112.9,1123.7,-480.0,1166.11,5.36,True,Active,ArslanAzad,None,Normal,1: Walking
1790359757.500376,6290,Person B,113.3,1130.2,-480.0,1176.06,5.32,True,Active,ArslanAzad,None,Normal,1: Walking
1790359757.6253686,6291,Person B,113.1,1138.0,-560.0,1188.65,5.07,True,Active,ArslanAzad,None,Normal,1: Walking
1790359757.719112,6292,Person B,112.4,1147.1,-390.0,1202.59,5.01,True,Active,ArslanAzad,None,Normal,1: Walking
1790359757.8128545,6293,Person B,111.2,1157.1,-480.0,1214.63,5.01,True,Active,ArslanAzad,None,Normal,1: Walking
1790359757.937848,6294,Person B,109.9,1168.3,-480.0,1229.66,4.99,True,Active,ArslanAzad,None,Normal,1: Walking
1790359758.0315905,6295,Person B,109.0,1180.6,-720.0,1246.86,5.06,True,Active,ArslanAzad,None,Normal,1: Walking
1790359758.1565814,6296,Person B,108.7,1194.1,-640.0,1267.23,5.21,True,Active,ArslanAzad,None,Normal,1: Walking
1790359758.250325,6297,Person B,109.9,1212.4,-480.0,1326.81,5.36,True,Active,ArslanAzad,None,Normal,1: Walking
1790359758.3753164,6298,Person B,112.5,1235.0,-390.0,1382.61,5.6,True,Active,ArslanAzad,None,Normal,1: Walking
1790359758.4690616,6299,Person B,115.9,1262.3,-640.0,1441.11,5.69,True,Active,ArslanAzad,None,Normal,1: Walking
1790359758.5471792,6300,Person B,120.6,1293.9,-560.0,1495.16,5.99,True,Active,ArslanAzad,None,Normal,1: Walking
1790359758.6253016,6301,Person B,127.8,1334.9,-560.0,1603.8,6.34,True,Active,ArslanAzad,None,Normal,1: Walking
1790359758.7190433,6302,Person B,136.7,1384.3,-560.0,1703.09,6.54,True,Active,ArslanAzad,None,Normal,1: Walking
1790359758.8284118,6303,Person B,146.6,1440.8,-720.0,1786.8,6.59,True,Active,ArslanAzad,None,Normal,1: Walking
1790359758.9065306,6304,Person B,157.2,1503.3,-560.0,1862.22,6.57,True,Active,ArslanAzad,None,Normal,1: Walking
1790359758.9690254,6305,Person B,169.3,1568.9,-390.0,1912.01,6.94,True,Active,ArslanAzad,None,Normal,1: Walking
1790359759.0627694,6306,Person B,184.7,1637.6,-560.0,1967.48,7.86,True,Active,ArslanAzad,None,Normal,1: Walking
1790359759.1721392,6307,Person B,201.6,1706.2,-560.0,2028.27,8.31,True,Active,ArslanAzad,None,Normal,1: Walking
1790359759.2815049,6308,Person B,217.4,1775.8,-480.0,2092.61,8.05,True,Active,ArslanAzad,None,Normal,1: Walking
1790359759.3908722,6309,Person B,230.9,1846.2,-480.0,2156.0,7.41,True,Active,ArslanAzad,None,Normal,1: Walking
1790359759.4846163,6310,Person B,241.1,1917.9,-480.0,2219.05,6.68,True,Active,ArslanAzad,None,Normal,1: Walking
1790359759.5783594,6311,Person B,245.5,1983.8,-560.0,2263.81,5.6,True,Active,ArslanAzad,None,Normal,1: Walking
1790359759.7033508,6312,Person B,246.2,2044.9,-240.0,2311.75,4.99,True,Active,ArslanAzad,None,Normal,1: Walking
1790359759.7970965,6313,Person B,246.3,2100.9,-480.0,2344.07,5.04,True,Active,ArslanAzad,None,Normal,1: Walking
1790359759.9064634,6314,Person B,247.5,2153.6,-160.0,2387.63,5.41,True,Active,ArslanAzad,None,Normal,1: Walking
1790359760.000206,6315,Person B,250.1,2205.1,-240.0,2426.65,6.08,True,Active,ArslanAzad,None,Normal,1: Walking
1790359760.1095731,6316,Person B,250.5,2255.7,-80.0,2470.13,6.35,True,Active,ArslanAzad,None,Normal,1: Walking
1790359760.2189407,6317,Person B,251.6,2302.8,-80.0,2496.58,6.99,True,Active,ArslanAzad,None,Normal,1: Walking
1790359760.312685,6318,Person B,254.5,2347.3,-80.0,2537.51,7.29,True,Active,ArslanAzad,None,Normal,1: Walking
1790359760.437676,6319,Person B,263.0,2389.5,0.0,2585.61,8.07,True,Active,ArslanAzad,None,Normal,1: Walking
1790359760.531421,6320,Person B,275.9,2429.1,160.0,2628.64,8.47,True,Active,ArslanAzad,None,Normal,1: Walking
1790359760.625163,6321,Person B,295.2,2465.0,160.0,2644.61,9.01,True,Active,ArslanAzad,None,Normal,1: Walking
1790359760.7189069,6322,Person B,316.4,2496.1,80.0,2646.42,8.98,True,Active,ArslanAzad,None,Normal,1: Walking
1790359760.8282776,6323,Person B,337.1,2523.7,240.0,2643.46,8.99,True,Active,ArslanAzad,None,Normal,1: Walking
1790359760.9376447,6324,Person B,355.1,2546.4,320.0,2635.31,8.84,True,Active,ArslanAzad,None,Normal,1: Walking
1790359761.0470092,6325,Person B,369.5,2565.1,320.0,2630.74,8.77,True,Active,ArslanAzad,None,Normal,1: Walking
1790359761.1720004,6326,Person B,382.1,2579.0,560.0,2624.51,8.74,True,Active,ArslanAzad,None,Normal,1: Walking
1790359761.265745,6327,Person B,391.0,2590.0,640.0,2617.67,8.63,True,Active,ArslanAzad,None,Normal,1: Walking
1790359761.3751113,6328,Person B,397.8,2596.0,560.0,2606.34,8.61,True,Active,ArslanAzad,None,Normal,1: Walking
1790359761.4688566,6329,Person B,400.1,2596.5,560.0,2593.88,8.56,True,Active,ArslanAzad,None,Normal,1: Walking
1790359761.5782242,6330,Person B,399.6,2591.7,560.0,2580.43,8.51,True,Active,ArslanAzad,None,Normal,1: Walking
1790359761.6875901,6331,Person B,395.8,2584.3,640.0,2565.7,8.43,True,Active,ArslanAzad,None,Normal,1: Walking
1790359761.781334,6332,Person B,391.7,2575.2,560.0,2550.28,8.39,True,Active,ArslanAzad,None,Normal,1: Walking
1790359761.8907034,6333,Person B,387.1,2564.9,640.0,2534.71,8.33,True,Active,ArslanAzad,None,Normal,1: Walking
1790359762.0000715,6334,Person B,382.8,2553.7,640.0,2518.16,8.27,True,Active,ArslanAzad,None,Normal,1: Walking
1790359762.078191,6335,Person B,378.4,2541.3,790.0,2501.6,8.2,True,Active,ArslanAzad,None,Normal,1: Walking
1790359762.1563094,6336,Person B,373.7,2527.6,640.0,2482.09,8.15,True,Active,ArslanAzad,None,Normal,1: Walking
1790359762.2188065,6337,Person B,367.8,2508.9,880.0,2424.12,7.92,True,Active,ArslanAzad,None,Normal,1: Walking
1790359762.2812982,6338,Person B,360.6,2485.5,560.0,2364.48,7.73,True,Active,ArslanAzad,None,Normal,1: Walking
1790359762.3594186,6339,Person B,351.4,2458.0,560.0,2308.8,7.32,True,Active,ArslanAzad,None,Normal,1: Walking
1790359762.4062898,6340,Person B,340.9,2426.0,480.0,2249.12,7.07,True,Active,ArslanAzad,None,Normal,1: Walking
1790359762.453163,6341,Person B,328.7,2385.4,480.0,2147.08,6.79,True,Active,ArslanAzad,None,Normal,1: Walking
1790359762.5312824,6342,Person B,316.1,2336.4,790.0,2047.83,6.9,True,Active,ArslanAzad,None,Normal,1: Walking
1790359762.6094007,6343,Person B,303.9,2279.0,790.0,1949.46,7.22,True,Active,ArslanAzad,None,Normal,1: Walking
1790359762.671899,6344,Person B,291.5,2213.6,720.0,1853.35,7.38,True,Active,ArslanAzad,None,Normal,1: Walking
1790359762.7187707,6345,Person B,278.9,2140.9,560.0,1764.19,7.52,True,Active,ArslanAzad,None,Normal,1: Walking
1790359762.7656417,6346,Person B,266.0,2063.1,560.0,1693.74,7.57,True,Active,ArslanAzad,None,Normal,1: Walking
1790359762.8437817,6347,Person B,254.8,1983.5,480.0,1620.28,7.88,True,Active,ArslanAzad,None,Normal,1: Walking
1790359762.9062772,6348,Person B,244.7,1903.8,390.0,1561.16,7.99,True,Active,ArslanAzad,None,Normal,1: Walking
1790359762.9687524,6349,Person B,235.3,1825.0,560.0,1515.26,7.58,True,Active,ArslanAzad,None,Normal,1: Walking
1790359763.0156465,6350,Person B,226.5,1746.6,480.0,1460.28,7.44,True,Active,ArslanAzad,None,Normal,1: Walking
1790359763.0781403,6351,Person B,218.9,1672.8,480.0,1405.32,7.28,True,Active,ArslanAzad,None,Normal,1: Walking
1790359763.1406155,6352,Person B,211.0,1603.1,390.0,1346.4,7.13,True,Active,ArslanAzad,None,Normal,1: Walking
1790359763.1874864,6353,Person B,201.6,1538.1,320.0,1292.85,6.71,True,Active,ArslanAzad,None,Normal,1: Walking
1790359763.2812307,6354,Person B,191.0,1478.1,240.0,1245.02,6.09,True,Active,ArslanAzad,None,Normal,1: Walking
1790359763.3281019,6355,Person B,179.6,1423.4,240.0,1207.68,5.56,True,Active,ArslanAzad,None,Normal,1: Walking
1790359763.3749745,6356,Person B,168.2,1372.7,240.0,1177.06,5.31,True,Active,ArslanAzad,None,Normal,1: Walking
1790359763.4374712,6357,Person B,156.5,1326.8,240.0,1150.8,5.23,True,Active,ArslanAzad,None,Normal,1: Walking
1790359763.4999664,6358,Person B,144.8,1284.5,240.0,1127.44,5.09,True,Active,ArslanAzad,None,Normal,1: Walking
1790359763.5624607,6359,Person B,134.3,1245.6,80.0,1117.05,4.88,True,Active,ArslanAzad,None,Normal,1: Walking
1790359763.62496,6360,Person B,124.2,1210.7,0.0,1102.52,4.58,True,Active,ArslanAzad,None,Normal,1: Walking
1790359763.6718502,6361,Person B,113.5,1180.5,-390.0,1094.31,3.72,True,Active,ArslanAzad,None,Normal,1: Walking
1790359763.7811964,6362,Person B,102.0,1156.7,-320.0,1099.23,2.71,True,Active,ArslanAzad,None,Normal,1: Walking
1790359763.8436918,6363,Person B,91.2,1138.4,-80.0,1101.84,2.24,True,Active,ArslanAzad,None,Normal,1: Walking
1790359763.9218333,6364,Person B,82.9,1124.4,-240.0,1099.09,2.56,True,Active,ArslanAzad,None,Normal,1: Walking
1790359764.0311787,6365,Person B,76.8,1113.6,-240.0,1095.43,2.93,True,Active,ArslanAzad,None,Normal,1: Walking
1790359764.1093204,6366,Person B,71.6,1105.7,-320.0,1094.49,2.99,True,Active,ArslanAzad,None,Normal,1: Walking
1790359764.2030447,6367,Person B,66.9,1100.4,-390.0,1094.54,3.04,True,Active,ArslanAzad,None,Normal,1: Walking
1790359764.2968075,6368,Person B,62.4,1097.8,-390.0,1098.38,2.87,True,Active,ArslanAzad,None,Normal,1: Walking
1790359764.3749263,6369,Person B,58.2,1096.7,-390.0,1103.27,2.75,True,Active,ArslanAzad,None,Normal,1: Walking
1790359764.4686515,6370,Person B,54.2,1097.3,-390.0,1106.04,2.49,True,Active,ArslanAzad,None,Normal,1: Walking
1790359764.5624118,6371,Person B,51.6,1099.0,-320.0,1109.91,2.32,True,Active,ArslanAzad,None,Normal,1: Walking
1790359764.6405122,6372,Person B,51.0,1100.8,-320.0,1116.95,2.36,True,Active,ArslanAzad,None,Normal,1: Walking
1790359764.74988,6373,Person B,51.8,1103.0,-390.0,1124.16,2.6,True,Active,ArslanAzad,None,Normal,1: Walking
1790359764.8123758,6374,Person B,52.5,1106.5,-560.0,1134.38,2.83,True,Active,ArslanAzad,None,Normal,1: Walking
1790359764.9373689,6375,Person B,52.8,1111.7,-560.0,1147.52,2.95,True,Active,ArslanAzad,None,Normal,1: Walking
1790359764.999864,6376,Person B,53.2,1118.3,-640.0,1160.6,3.01,True,Active,ArslanAzad,None,Normal,1: Walking
1790359765.0936086,6377,Person B,53.6,1126.6,-640.0,1177.63,3.02,True,Active,ArslanAzad,None,Normal,1: Walking
1790359765.202995,6378,Person B,54.6,1135.9,-560.0,1191.77,3.13,True,Active,ArslanAzad,None,Normal,1: Walking
1790359765.2654917,6379,Person B,56.2,1146.4,-390.0,1208.97,3.27,True,Active,ArslanAzad,None,Normal,1: Walking
1790359765.374839,6380,Person B,58.6,1158.3,-480.0,1226.12,3.37,True,Active,ArslanAzad,None,Normal,1: Walking
1790359765.4556937,6381,Person B,62.0,1171.4,-480.0,1242.51,3.65,True,Active,ArslanAzad,None,Normal,1: Walking
1790359765.5494187,6382,Person B,66.5,1189.0,-640.0,1295.2,4.03,True,Active,ArslanAzad,None,Normal,1: Walking
1790359765.6275365,6383,Person B,72.0,1210.9,-640.0,1346.18,4.52,True,Active,ArslanAzad,None,Normal,1: Walking
1790359765.7056773,6384,Person B,77.5,1237.0,-640.0,1398.41,4.55,True,Active,ArslanAzad,None,Normal,1: Walking
1790359765.815025,6385,Person B,82.4,1267.9,-640.0,1459.0,4.25,True,Active,ArslanAzad,None,Normal,1: Walking
1790359765.8775208,6386,Person B,87.7,1308.0,-390.0,1564.16,4.18,True,Active,ArslanAzad,None,Normal,1: Walking
1790359765.9868858,6387,Person B,97.0,1355.2,-560.0,1655.27,5.37,True,Active,ArslanAzad,None,Normal,1: Walking
1790359766.096257,6388,Person B,108.5,1409.5,-480.0,1742.32,5.93,True,Active,ArslanAzad,None,Normal,1: Walking
1790359766.1587508,6389,Person B,120.9,1470.8,-720.0,1830.2,6.05,True,Active,ArslanAzad,None,Normal,1: Walking
1790359766.2524981,6390,Person B,132.4,1538.8,-560.0,1913.16,5.61,True,Active,ArslanAzad,None,Normal,1: Walking
1790359766.361863,6391,Person B,142.5,1611.6,-640.0,1976.21,5.23,True,Active,ArslanAzad,None,Normal,1: Walking
1790359766.4399827,6392,Person B,151.4,1686.4,-560.0,2047.93,5.04,True,Active,ArslanAzad,None,Normal,1: Walking
1790359766.5181003,6393,Person B,159.8,1761.0,-390.0,2096.63,5.2,True,Active,ArslanAzad,None,Normal,1: Walking
1790359766.5962207,6394,Person B,170.0,1835.1,-320.0,2145.6,5.7,True,Active,ArslanAzad,None,Normal,1: Walking
1790359766.721213,6395,Person B,184.4,1906.6,-320.0,2184.58,6.62,True,Active,ArslanAzad,None,Normal,1: Walking
1790359766.783728,6396,Person B,203.3,1972.7,-80.0,2241.57,7.77,True,Active,ArslanAzad,None,Normal,1: Walking
1790359766.8774505,6397,Person B,220.7,2035.5,-160.0,2299.66,8.23,True,Active,ArslanAzad,None,Normal,1: Walking
1790359766.9555705,6398,Person B,237.4,2092.1,-80.0,2325.04,8.58,True,Active,ArslanAzad,None,Normal,1: Walking
1790359767.049335,6399,Person B,252.4,2142.7,-80.0,2351.15,8.39,True,Active,ArslanAzad,None,Normal,1: Walking
1790359767.1274354,6400,Person B,265.5,2187.8,0.0,2376.37,7.69,True,Active,ArslanAzad,None,Normal,1: Walking
1790359767.2211878,6401,Person B,277.4,2228.9,80.0,2397.72,7.16,True,Active,ArslanAzad,None,Normal,1: Walking
1790359767.3149235,6402,Person B,289.1,2262.6,80.0,2395.48,7.12,True,Active,ArslanAzad,None,Normal,1: Walking
1790359767.4086654,6403,Person B,300.8,2291.6,160.0,2397.73,7.36,True,Active,ArslanAzad,None,Normal,1: Walking
1790359767.486805,6404,Person B,310.6,2315.5,80.0,2394.28,7.46,True,Active,ArslanAzad,None,Normal,1: Walking
1790359767.5961545,6405,Person B,317.4,2336.5,80.0,2401.42,7.66,True,Active,ArslanAzad,None,Normal,1: Walking
1790359767.67429,6406,Person B,319.2,2352.6,160.0,2403.53,7.67,True,Active,ArslanAzad,None,Normal,1: Walking
1790359767.7680147,6407,Person B,319.1,2363.1,240.0,2403.49,7.84,True,Active,ArslanAzad,None,Normal,1: Walking
1790359767.8617582,6408,Person B,317.5,2371.5,160.0,2405.88,7.91,True,Active,ArslanAzad,None,Normal,1: Walking
1790359767.9398994,6409,Person B,316.2,2377.1,240.0,2404.75,7.89,True,Active,ArslanAzad,None,Normal,1: Walking
1790359768.017999,6410,Person B,317.7,2379.9,320.0,2406.15,7.95,True,Active,ArslanAzad,None,Normal,1: Walking
1790359768.1429937,6411,Person B,321.1,2380.3,390.0,2406.15,7.95,True,Active,ArslanAzad,None,Normal,1: Walking
1790359768.2211323,6412,Person B,324.5,2380.7,480.0,2403.9,7.91,True,Active,ArslanAzad,None,Normal,1: Walking
1790359768.299229,6413,Person B,326.5,2380.6,390.0,2399.39,7.83,True,Active,ArslanAzad,None,Normal,1: Walking
1790359768.3773482,6414,Person B,327.8,2380.1,390.0,2391.05,7.79,True,Active,ArslanAzad,None,Normal,1: Walking
1790359768.4554884,6415,Person B,328.1,2378.2,240.0,2382.99,7.79,True,Active,ArslanAzad,None,Normal,1: Walking
1790359768.564841,6416,Person B,328.2,2375.1,320.0,2372.95,7.8,True,Active,ArslanAzad,None,Normal,1: Walking
1790359768.6429548,6417,Person B,327.0,2370.9,320.0,2360.25,7.69,True,Active,ArslanAzad,None,Normal,1: Walking
1790359768.7523448,6418,Person B,325.0,2365.5,320.0,2349.67,7.61,True,Active,ArslanAzad,None,Normal,1: Walking
1790359768.8148215,6419,Person B,322.7,2358.8,320.0,2335.27,7.55,True,Active,ArslanAzad,None,Normal,1: Walking
1790359768.9085617,6420,Person B,319.9,2350.6,480.0,2321.13,7.55,True,Active,ArslanAzad,None,Normal,1: Walking
1790359769.0023067,6421,Person B,316.5,2341.2,480.0,2308.45,7.44,True,Active,ArslanAzad,None,Normal,1: Walking
1790359769.0960495,6422,Person B,313.0,2330.6,560.0,2294.18,7.41,True,Active,ArslanAzad,None,Normal,1: Walking
1790359769.2054372,6423,Person B,309.6,2318.9,320.0,2278.91,7.39,True,Active,ArslanAzad,None,Normal,1: Walking
1790359769.267936,6424,Person B,306.1,2306.4,240.0,2262.53,7.34,True,Active,ArslanAzad,None,Normal,1: Walking
1790359769.377282,6425,Person B,302.3,2293.0,240.0,2245.16,7.29,True,Active,ArslanAzad,None,Normal,1: Walking
1790359769.4397964,6426,Person B,298.1,2275.5,240.0,2193.94,7.33,True,Active,ArslanAzad,None,Normal,1: Walking
1790359769.5491457,6427,Person B,293.5,2255.0,80.0,2151.01,7.21,True,Active,ArslanAzad,None,Normal,1: Walking
1790359769.6428864,6428,Person B,288.3,2231.8,80.0,2112.93,7.04,True,Active,ArslanAzad,None,Normal,1: Walking
1790359769.7054038,6429,Person B,281.9,2207.1,-320.0,2082.23,6.7,True,Active,ArslanAzad,None,Normal,1: Walking
1790359769.7991278,6430,Person B,274.4,2180.7,240.0,2049.94,6.44,True,Active,ArslanAzad,None,Normal,1: Walking
1790359769.8928745,6431,Person B,265.9,2152.5,-160.0,2018.38,6.09,True,Active,ArslanAzad,None,Normal,1: Walking
1790359769.9866173,6432,Person B,255.4,2123.1,-390.0,1990.19,5.51,True,Active,ArslanAzad,None,Normal,1: Walking
1790359770.080357,6433,Person B,243.9,2092.9,-560.0,1966.07,5.19,True,Active,ArslanAzad,None,Normal,1: Walking
1790359770.1584792,6434,Person B,231.1,2063.1,-560.0,1952.65,4.73,True,Active,ArslanAzad,None,Normal,1: Walking
1790359770.2521324,6435,Person B,218.2,2034.3,-720.0,1945.27,4.6,True,Active,ArslanAzad,None,Normal,5: Lying down (controlled)
1790359770.3409004,6436,Person B,205.6,2010.9,-560.0,1948.1,4.53,True,Active,ArslanAzad,None,Normal,5: Lying down (controlled)
1790359770.4408386,6437,Person B,193.8,1992.1,-480.0,1951.93,4.47,True,Active,ArslanAzad,None,Normal,5: Lying down (controlled)
1790359770.5128937,6438,Person B,182.8,1977.4,-390.0,1955.68,4.37,True,Active,ArslanAzad,None,Normal,5: Lying down (controlled)
1790359770.637889,6439,Person B,172.8,1966.2,-480.0,1961.22,4.18,True,Active,ArslanAzad,None,Normal,5: Lying down (controlled)
1790359770.7003827,6440,Person B,160.6,1960.3,-640.0,1980.95,3.13,True,Active,ArslanAzad,None,Normal,5: Lying down (controlled)
1790359770.7785017,6441,Person B,147.0,1959.1,-320.0,1996.52,2.24,True,Active,ArslanAzad,None,Normal,5: Lying down (controlled)
1790359770.8878698,6442,Person B,133.3,1962.3,-320.0,2013.72,1.54,True,Active,ArslanAzad,None,Normal,5: Lying down (controlled)
1790359770.9659894,6443,Person B,118.8,1970.8,-480.0,2043.27,0.93,True,Active,ArslanAzad,None,Normal,5: Lying down (controlled)
1790359771.0441277,6444,Person B,101.1,1988.3,-560.0,2121.06,-0.43,True,Active,ArslanAzad,None,Normal,5: Lying down (controlled)
1790359771.153476,6445,Person B,79.3,2012.4,-390.0,2180.88,-1.63,True,Active,ArslanAzad,None,Normal,5: Lying down (controlled)
1790359771.2316158,6446,Person B,54.4,2044.7,-480.0,2266.99,-2.4,True,Active,ArslanAzad,None,Normal,5: Lying down (controlled)
1790359771.3253398,6447,Person B,26.5,2083.1,-390.0,2333.46,-3.12,True,Active,ArslanAzad,None,Normal,5: Lying down (controlled)
1790359771.4191027,6448,Person B,-4.1,2120.5,-320.0,2329.3,-3.86,True,Active,ArslanAzad,None,Normal,5: Lying down (controlled)
1790359771.4815986,6449,Person B,-35.8,2154.4,-160.0,2301.59,-4.34,True,Active,ArslanAzad,None,Normal,5: Lying down (controlled)
1790359771.5753226,6450,Person B,-64.4,2184.1,160.0,2281.95,-4.47,True,Active,ArslanAzad,None,Normal,5: Lying down (controlled)
1790359771.6846912,6451,Person B,-90.2,2210.2,320.0,2263.17,-4.56,True,Active,ArslanAzad,None,Normal,5: Lying down (controlled)
1790359771.7628098,6452,Person B,-113.4,2231.3,0.0,2231.11,-4.58,True,Active,ArslanAzad,None,Normal,5: Lying down (controlled)
1790359771.8565505,6453,Person B,-134.6,2246.4,80.0,2201.29,-4.66,True,Active,ArslanAzad,None,Normal,5: Lying down (controlled)
1790359771.9346714,6454,Person B,-152.1,2252.4,-80.0,2189.35,-5.0,True,Active,ArslanAzad,None,Normal,5: Lying down (controlled)
1790359772.0440407,6455,Person B,-166.0,2251.7,-80.0,2182.28,-5.28,True,Active,ArslanAzad,None,Normal,5: Lying down (controlled)
1790359772.106556,6456,Person B,-178.0,2242.0,0.0,2178.63,-5.66,True,Active,ArslanAzad,None,Normal,5: Lying down (controlled)
1790359772.2002785,6457,Person B,-188.2,2225.6,0.0,2178.07,-6.04,True,Active,ArslanAzad,None,Normal,5: Lying down (controlled)
1790359772.3096669,6458,Person B,-196.2,2209.5,0.0,2175.95,-6.25,True,Active,ArslanAzad,None,Normal,5: Lying down (controlled)
1790359772.3721626,6459,Person B,-203.1,2196.0,0.0,2173.63,-6.42,True,Active,ArslanAzad,None,Normal,5: Lying down (controlled)
1790359772.4971347,6460,Person B,-209.4,2184.5,80.0,2173.4,-6.37,True,Active,ArslanAzad,None,Normal,5: Lying down (controlled)
1790359772.5596495,6461,Person B,-215.1,2174.9,0.0,2172.96,-6.26,True,Active,ArslanAzad,None,Normal,5: Lying down (controlled)
1790359772.653374,6462,Person B,-220.8,2168.4,80.0,2171.75,-6.21,True,Active,ArslanAzad,None,Normal,5: Lying down (controlled)
1790359772.7471178,6463,Person B,-226.1,2165.0,0.0,2172.42,-6.13,True,Active,ArslanAzad,None,Normal,5: Lying down (controlled)
1790359772.8252563,6464,Person B,-230.3,2163.1,0.0,2174.52,-6.15,True,Active,ArslanAzad,None,Normal,5: Lying down (controlled)
1790359772.9346046,6465,Person B,-233.5,2162.3,0.0,2177.5,-6.14,True,Active,ArslanAzad,None,Normal,5: Lying down (controlled)
1790359772.9971206,6466,Person B,-235.1,2162.0,0.0,2177.29,-6.09,True,Active,ArslanAzad,None,Normal,5: Lying down (controlled)
1790359773.0908446,6467,Person B,-235.2,2161.8,0.0,2176.19,-6.07,True,Active,ArslanAzad,None,Normal,5: Lying down (controlled)
1790359773.20021,6468,Person B,-234.4,2162.1,0.0,2178.07,-6.04,True,Active,ArslanAzad,None,Normal,5: Lying down (controlled)
1790359773.2783327,6469,Person B,-232.7,2163.1,0.0,2181.74,-5.95,True,Active,ArslanAzad,None,Normal,5: Lying down (controlled)
1790359773.3720741,6470,Person B,-230.9,2164.5,0.0,2185.41,-5.86,True,Active,ArslanAzad,None,Normal,5: Lying down (controlled)
1790359773.4501934,6471,Person B,-229.0,2166.6,0.0,2191.87,-5.71,True,Active,ArslanAzad,None,Normal,5: Lying down (controlled)
1790359773.528314,6472,Person B,-224.9,2170.9,0.0,2210.53,-5.03,True,Active,ArslanAzad,None,Normal,5: Lying down (controlled)
1790359773.6220582,6473,Person B,-214.0,2181.9,0.0,2273.33,-3.1,True,Active,ArslanAzad,None,Normal,5: Lying down (controlled)
1790359773.715801,6474,Person B,-200.7,2197.2,0.0,2317.16,-2.47,True,Active,ArslanAzad,None,Normal,5: Lying down (controlled)
1790359773.793921,6475,Person B,-187.1,2215.0,0.0,2345.01,-2.37,True,Active,ArslanAzad,None,Normal,5: Lying down (controlled)
1790359774.0282798,6476,Person B,-174.2,2235.6,0.0,2373.19,-2.46,True,Active,ArslanAzad,None,Normal,5: Lying down (controlled)
1790359774.0751517,6477,Person B,-161.8,2258.8,0.0,2398.34,-2.53,True,Active,ArslanAzad,None,Normal,5: Lying down (controlled)
1790359774.1220424,6478,Person B,-149.9,2284.1,0.0,2421.5,-2.6,True,Active,ArslanAzad,None,Normal,5: Lying down (controlled)
1790359774.1689157,6479,Person B,-138.7,2311.0,0.0,2441.66,-2.68,True,Active,ArslanAzad,None,Normal,5: Lying down (controlled)
1790359774.2470143,6480,Person B,-127.9,2338.2,0.0,2448.7,-2.69,True,Active,ArslanAzad,None,Normal,5: Lying down (controlled)
1790359774.3407588,6481,Person B,-117.7,2365.3,0.0,2454.74,-2.71,True,Active,ArslanAzad,None,Normal,5: Lying down (controlled)
1790359774.4345028,6482,Person B,-110.0,2391.0,0.0,2461.78,-2.72,True,Active,ArslanAzad,None,Normal,5: Lying down (controlled)
1790359774.51262,6483,Person B,-109.5,2410.5,0.0,2467.82,-2.74,True,Active,ArslanAzad,None,Normal,5: Lying down (controlled)
1790359774.6063652,6484,Person B,-111.4,2426.0,0.0,2472.86,-2.76,True,Active,ArslanAzad,None,Normal,5: Lying down (controlled)
1790359774.7001288,6485,Person B,-113.7,2439.3,0.0,2478.91,-2.77,True,Active,ArslanAzad,None,Normal,5: Lying down (controlled)
1790359774.7782266,6486,Person B,-115.6,2450.3,0.0,2483.95,-2.79,True,Active,ArslanAzad,None,Normal,5: Lying down (controlled)
1790359774.8626547,6487,Person B,-117.2,2459.3,0.0,2488.99,-2.81,True,Active,ArslanAzad,None,Normal,5: Lying down (controlled)
1790359774.956398,6488,Person B,-117.7,2466.8,0.0,2496.65,-2.64,True,Active,ArslanAzad,None,Normal,5: Lying down (controlled)
1790359775.0657678,6489,Person B,-116.2,2473.0,-80.0,2502.96,-2.27,True,Active,ArslanAzad,None,Normal,5: Lying down (controlled)
1790359775.1751359,6490,Person B,-112.8,2479.3,0.0,2510.31,-1.85,True,Active,ArslanAzad,None,Normal,5: Lying down (controlled)
1790359775.2688794,6491,Person B,-107.6,2485.9,0.0,2518.81,-1.46,True,Active,ArslanAzad,None,Normal,5: Lying down (controlled)
1790359775.3157496,6492,Person B,-97.1,2494.5,0.0,2545.03,-0.27,True,Active,ArslanAzad,None,Normal,5: Lying down (controlled)
1790359775.4095113,6493,Person B,-82.8,2503.8,0.0,2558.12,0.56,True,Active,ArslanAzad,None,Normal,5: Lying down (controlled)
1790359775.4876316,6494,Person B,-67.3,2512.8,0.0,2560.25,0.81,True,Active,ArslanAzad,None,Normal,5: Lying down (controlled)
1790359775.5969994,6495,Person B,-50.6,2522.0,0.0,2568.43,1.05,True,Active,ArslanAzad,None,Normal,5: Lying down (controlled)
1790359775.6751187,6496,Person B,-32.9,2531.7,0.0,2578.61,1.24,True,Active,ArslanAzad,None,Normal,5: Lying down (controlled)
1790359775.7844667,6497,Person B,-14.0,2541.3,0.0,2582.87,1.49,True,Active,ArslanAzad,None,Normal,5: Lying down (controlled)
1790359775.8469825,6498,Person B,5.4,2550.4,0.0,2586.21,1.75,True,Active,ArslanAzad,None,Normal,5: Lying down (controlled)
1790359775.9563298,6499,Person B,24.3,2559.0,0.0,2588.57,1.99,True,Active,ArslanAzad,None,Normal,5: Lying down (controlled)
1790359776.034469,6500,Person B,42.4,2567.1,0.0,2591.93,2.21,True,Active,ArslanAzad,None,Normal,5: Lying down (controlled)
1790359776.1438155,6501,Person B,59.8,2574.5,0.0,2594.33,2.43,True,Active,ArslanAzad,None,Normal,5: Lying down (controlled)
1790359776.2063317,6502,Person B,73.0,2579.4,0.0,2596.77,2.65,True,Active,ArslanAzad,None,Normal,5: Lying down (controlled)
1790359776.3313036,6503,Person B,83.4,2583.2,0.0,2599.2,2.84,True,Active,ArslanAzad,None,Normal,5: Lying down (controlled)
1790359776.3781767,6504,Person B,93.6,2587.0,0.0,2601.66,3.04,True,Active,ArslanAzad,None,Normal,5: Lying down (controlled)
1790359776.4719195,6505,Person B,103.6,2590.3,0.0,2605.15,3.23,True,Active,ArslanAzad,None,Normal,5: Lying down (controlled)
1790359776.5500395,6506,Person B,113.6,2592.7,0.0,2606.67,3.43,True,Active,ArslanAzad,None,Normal,5: Lying down (controlled)
1790359776.675051,6507,Person B,123.3,2594.9,0.0,2609.16,3.6,True,Active,ArslanAzad,None,Normal,5: Lying down (controlled)
1790359776.737546,6508,Person B,132.3,2596.8,0.0,2609.48,3.71,True,Active,ArslanAzad,None,Normal,5: Lying down (controlled)
1790359776.8469133,6509,Person B,139.9,2597.9,0.0,2603.3,3.66,True,Active,ArslanAzad,None,Normal,5: Lying down (controlled)
1790359776.9250338,6510,Person B,145.3,2597.3,0.0,2588.58,3.41,True,Active,ArslanAzad,None,Normal,5: Lying down (controlled)
1790359777.0031538,6511,Person B,147.7,2594.7,0.0,2569.5,2.99,True,Active,ArslanAzad,None,Normal,5: Lying down (controlled)
1790359777.112501,6512,Person B,143.8,2587.3,0.0,2521.3,1.84,True,Active,ArslanAzad,None,Normal,5: Lying down (controlled)
1790359777.1906393,6513,Person B,134.5,2575.0,0.0,2473.26,0.83,True,Active,ArslanAzad,None,Normal,5: Lying down (controlled)
1790359777.2687404,6514,Person B,117.1,2554.5,0.0,2393.27,-0.86,True,Active,ArslanAzad,None,Normal,5: Lying down (controlled)
1790359777.3937318,6515,Person B,96.3,2530.0,0.0,2356.79,-1.48,True,Active,ArslanAzad,None,Normal,5: Lying down (controlled)
1790359777.4562259,6516,Person B,72.2,2501.0,-160.0,2313.56,-2.11,True,Active,ArslanAzad,None,Normal,5: Lying down (controlled)
1790359777.54999,6517,Person B,41.6,2462.2,-160.0,2220.54,-3.67,True,Active,ArslanAzad,None,Normal,5: Lying down (controlled)
1790359777.6281106,6518,Person B,6.3,2415.9,0.0,2148.89,-4.91,True,Active,ArslanAzad,None,Normal,5: Lying down (controlled)
1790359777.753082,6519,Person B,-33.8,2366.1,80.0,2113.11,-6.39,True,Active,ArslanAzad,None,Normal,5: Lying down (controlled)
1790359777.7999742,6520,Person B,-75.1,2316.2,0.0,2101.02,-7.08,True,Active,ArslanAzad,None,Normal,5: Lying down (controlled)
1790359777.8868704,6521,Person B,-115.4,2268.2,0.0,2103.27,-7.35,True,Active,ArslanAzad,None,Normal,5: Lying down (controlled)
1790359777.9962356,6522,Person B,-151.3,2225.3,0.0,2109.4,-7.57,True,Active,ArslanAzad,None,Normal,5: Lying down (controlled)
1790359778.0899997,6523,Person B,-183.2,2187.2,0.0,2111.05,-7.7,True,Active,ArslanAzad,None,Normal,5: Lying down (controlled)
1790359778.1681209,6524,Person B,-209.2,2157.7,0.0,2118.78,-8.03,True,Active,ArslanAzad,None,Normal,5: Lying down (controlled)
1790359778.2774663,6525,Person B,-234.2,2131.7,0.0,2118.95,-8.44,True,Active,ArslanAzad,None,Normal,5: Lying down (controlled)
1790359778.3399625,6526,Person B,-257.6,2111.0,0.0,2129.03,-8.62,True,Active,ArslanAzad,None,Normal,5: Lying down (controlled)
1790359778.4493296,6527,Person B,-275.4,2099.8,0.0,2128.2,-8.65,True,Active,ArslanAzad,None,Normal,5: Lying down (controlled)
1790359778.5274494,6528,Person B,-289.4,2095.5,0.0,2122.87,-8.78,True,Active,ArslanAzad,None,Normal,5: Lying down (controlled)
1790359778.6055691,6529,Person B,-298.4,2094.9,0.0,2119.07,-8.82,True,Active,ArslanAzad,None,Normal,5: Lying down (controlled)
1790359778.730562,6530,Person B,-305.0,2096.2,0.0,2123.02,-8.81,True,Active,ArslanAzad,None,Normal,5: Lying down (controlled)
1790359778.7930586,6531,Person B,-310.7,2097.5,0.0,2124.17,-8.83,True,Active,ArslanAzad,None,Normal,5: Lying down (controlled)
1790359778.902425,6532,Person B,-315.5,2098.5,0.0,2126.14,-8.82,True,Active,ArslanAzad,None,Normal,5: Lying down (controlled)
1790359778.9805431,6533,Person B,-319.9,2099.5,0.0,2127.28,-8.84,True,Active,ArslanAzad,None,Normal,5: Lying down (controlled)
1790359779.074308,6534,Person B,-323.8,2099.9,0.0,2128.53,-9.06,True,Active,ArslanAzad,None,Normal,5: Lying down (controlled)
1790359779.1524074,6535,Person B,-326.6,2100.3,0.0,2127.19,-9.17,True,Active,ArslanAzad,None,Normal,5: Lying down (controlled)
1790359779.2617958,6536,Person B,-328.3,2099.7,0.0,2125.72,-9.09,True,Active,ArslanAzad,None,Normal,5: Lying down (controlled)
1790359779.3242724,6537,Person B,-329.4,2099.1,0.0,2123.95,-8.97,True,Active,ArslanAzad,None,Normal,5: Lying down (controlled)
1790359779.4492657,6538,Person B,-329.5,2099.2,0.0,2124.01,-8.8,True,Active,ArslanAzad,None,Normal,5: Lying down (controlled)
1790359779.5430057,6539,Person B,-329.0,2099.8,0.0,2124.24,-8.66,True,Active,ArslanAzad,None,Normal,5: Lying down (controlled)
1790359779.5898762,6540,Person B,-328.0,2100.2,0.0,2125.47,-8.52,True,Active,ArslanAzad,None,Normal,5: Lying down (controlled)
1790359779.6836214,6541,Person B,-326.2,2101.1,0.0,2130.38,-8.31,True,Active,ArslanAzad,None,Normal,5: Lying down (controlled)
1790359779.7617419,6542,Person B,-324.1,2102.4,0.0,2135.89,-8.21,True,Active,ArslanAzad,None,Normal,5: Lying down (controlled)
1790359779.8554857,6543,Person B,-321.5,2103.8,0.0,2137.3,-8.1,True,Active,ArslanAzad,None,Normal,5: Lying down (controlled)
1790359779.964851,6544,Person B,-318.0,2105.5,0.0,2140.13,-8.06,True,Active,ArslanAzad,None,Normal,5: Lying down (controlled)
1790359780.0429926,6545,Person B,-314.3,2107.8,0.0,2144.37,-8.1,True,Active,ArslanAzad,None,Normal,5: Lying down (controlled)
1790359780.1210926,6546,Person B,-311.3,2110.5,0.0,2147.91,-8.19,True,Active,ArslanAzad,None,Normal,5: Lying down (controlled)
1790359780.2460814,6547,Person B,-309.3,2113.9,0.0,2154.56,-8.3,True,Active,ArslanAzad,None,Normal,5: Lying down (controlled)
1790359780.3085802,6548,Person B,-308.8,2117.4,0.0,2157.86,-8.53,True,Active,ArslanAzad,None,Normal,5: Lying down (controlled)
1790359780.4179468,6549,Person B,-309.9,2120.9,0.0,2160.51,-8.81,True,Active,ArslanAzad,None,Normal,5: Lying down (controlled)
1790359780.480441,6550,Person B,-312.5,2124.3,0.0,2163.05,-9.07,True,Active,ArslanAzad,None,Normal,5: Lying down (controlled)
1790359780.5898116,6551,Person B,-316.6,2127.4,0.0,2167.28,-9.27,True,Active,ArslanAzad,None,Normal,5: Lying down (controlled)
1790359780.6523252,6552,Person B,-320.2,2130.9,0.0,2175.89,-9.02,True,Active,ArslanAzad,None,Normal,5: Lying down (controlled)
1790359780.7772954,6553,Person B,-323.0,2135.6,0.0,2187.88,-8.65,True,Active,ArslanAzad,None,Normal,5: Lying down (controlled)
1790359780.8241873,6554,Person B,-324.7,2141.3,0.0,2198.97,-8.29,True,Active,ArslanAzad,None,Normal,5: Lying down (controlled)
1790359780.9335368,6555,Person B,-325.0,2147.8,0.0,2209.16,-7.94,True,Active,ArslanAzad,None,Normal,5: Lying down (controlled)
1790359781.0116553,6556,Person B,-323.8,2155.2,0.0,2219.56,-7.61,True,Active,ArslanAzad,None,Normal,5: Lying down (controlled)
1790359781.1210258,6557,Person B,-321.0,2163.2,0.0,2230.03,-7.29,True,Active,ArslanAzad,None,Normal,5: Lying down (controlled)
1790359781.1835206,6558,Person B,-316.2,2172.1,0.0,2239.58,-6.98,True,Active,ArslanAzad,None,Normal,5: Lying down (controlled)
1790359781.2928863,6559,Person B,-309.3,2182.0,0.0,2249.31,-6.69,True,Active,ArslanAzad,None,Normal,5: Lying down (controlled)
1790359781.3710268,6560,Person B,-300.4,2192.8,0.0,2258.11,-6.41,True,Active,ArslanAzad,None,Normal,5: Lying down (controlled)
1790359781.496018,6561,Person B,-289.8,2204.3,0.0,2267.06,-6.15,True,Active,ArslanAzad,None,Normal,5: Lying down (controlled)
1790359781.542889,6562,Person B,-279.1,2215.8,0.0,2276.06,-5.9,True,Active,ArslanAzad,None,Normal,5: Lying down (controlled)
1790359781.6522357,6563,Person B,-268.7,2226.8,0.0,2284.11,-5.65,True,Active,ArslanAzad,None,Normal,5: Lying down (controlled)
1790359781.7303765,6564,Person B,-258.0,2237.7,0.0,2294.63,-5.25,True,Active,ArslanAzad,None,Normal,5: Lying down (controlled)
1790359781.8241017,6565,Person B,-245.5,2249.5,0.0,2313.01,-4.46,True,Active,ArslanAzad,None,Normal,5: Lying down (controlled)
1790359781.9022396,6566,Person B,-225.7,2266.3,0.0,2369.95,-2.32,True,Active,ArslanAzad,None,Normal,5: Lying down (controlled)
1790359782.011588,6567,Person B,-200.9,2286.6,0.0,2415.25,-0.83,True,Active,ArslanAzad,None,Normal,5: Lying down (controlled)
1790359782.074082,6568,Person B,-171.8,2310.1,0.0,2458.07,0.44,True,Active,ArslanAzad,None,Normal,5: Lying down (controlled)
1790359782.1990743,6569,Person B,-138.6,2336.4,0.0,2497.98,1.61,True,Active,ArslanAzad,None,Normal,5: Lying down (controlled)
1790359782.2615714,6570,Person B,-101.9,2365.2,0.0,2534.61,2.6,True,Active,ArslanAzad,None,Normal,5: Lying down (controlled)
1790359782.3460162,6571,Person B,-66.7,2394.7,0.0,2551.33,2.45,True,Active,ArslanAzad,None,Normal,5: Lying down (controlled)
1790359782.4553828,6572,Person B,-33.1,2423.7,0.0,2556.04,2.29,True,Active,ArslanAzad,None,Normal,5: Lying down (controlled)
1790359782.5491276,6573,Person B,-1.1,2452.2,0.0,2559.76,2.13,True,Active,ArslanAzad,None,Normal,5: Lying down (controlled)
1790359782.6116426,6574,Person B,28.8,2479.8,0.0,2562.55,1.99,True,Active,ArslanAzad,None,Normal,5: Lying down (controlled)
1790359782.7053652,6575,Person B,55.0,2505.7,0.0,2566.31,1.83,True,Active,ArslanAzad,None,Normal,5: Lying down (controlled)
1790359782.799115,6576,Person B,72.2,2525.8,0.0,2570.12,1.69,True,Active,ArslanAzad,None,Normal,5: Lying down (controlled)
1790359782.8928533,6577,Person B,82.7,2541.5,0.0,2572.95,1.56,True,Active,ArslanAzad,None,Normal,5: Lying down (controlled)
1790359782.9866166,6578,Person B,87.2,2553.2,0.0,2575.8,1.42,True,Active,ArslanAzad,None,Normal,5: Lying down (controlled)
1790359783.0647366,6579,Person B,86.3,2561.1,0.0,2576.72,1.36,True,Active,ArslanAzad,None,Normal,5: Lying down (controlled)
1790359783.174104,6580,Person B,80.6,2565.5,0.0,2576.65,1.29,True,Active,ArslanAzad,None,Normal,5: Lying down (controlled)
1790359783.2366,6581,Person B,75.2,2568.1,0.0,2575.59,1.22,True,Active,ArslanAzad,None,Normal,5: Lying down (controlled)
1790359783.3303242,6582,Person B,70.2,2570.2,0.0,2575.52,1.16,True,Active,ArslanAzad,None,Normal,5: Lying down (controlled)
1790359783.4397106,6583,Person B,65.7,2571.9,0.0,2575.49,1.11,True,Active,ArslanAzad,None,Normal,5: Lying down (controlled)
1790359783.5022066,6584,Person B,61.5,2573.3,0.0,2575.43,1.05,True,Active,ArslanAzad,None,Normal,5: Lying down (controlled)
1790359783.5959296,6585,Person B,57.8,2574.2,0.0,2574.39,1.0,True,Active,ArslanAzad,None,Normal,5: Lying down (controlled)
1790359783.7834218,6586,Person B,54.4,2574.7,0.0,2574.34,0.93,True,Active,ArslanAzad,None,Normal,5: Lying down (controlled)
1790359783.861537,6587,Person B,51.4,2574.9,0.0,2574.31,0.89,True,Active,ArslanAzad,None,Normal,5: Lying down (controlled)
1790359783.9396558,6588,Person B,49.3,2574.9,0.0,2575.36,0.96,True,Active,ArslanAzad,None,Normal,5: Lying down (controlled)
1790359783.9865282,6589,Person B,48.0,2575.0,0.0,2577.45,1.07,True,Active,ArslanAzad,None,Normal,5: Lying down (controlled)
1790359784.0490265,6590,Person B,49.0,2575.6,0.0,2582.9,1.51,True,Active,ArslanAzad,None,Normal,5: Lying down (controlled)
1790359784.1427677,6591,Person B,52.3,2576.8,0.0,2588.5,1.95,True,Active,ArslanAzad,None,Normal,5: Lying down (controlled)
1790359784.2208896,6592,Person B,58.3,2578.6,0.0,2595.42,2.47,True,Active,ArslanAzad,None,Normal,5: Lying down (controlled)
1790359784.299009,6593,Person B,66.7,2580.9,0.0,2601.45,2.95,True,Active,ArslanAzad,None,Normal,5: Lying down (controlled)
1790359784.4083753,6594,Person B,77.1,2583.8,0.0,2608.37,3.32,True,Active,ArslanAzad,None,Normal,5: Lying down (controlled)
1790359784.4865143,6595,Person B,89.0,2587.5,0.0,2616.15,3.59,True,Active,ArslanAzad,None,Normal,5: Lying down (controlled)
1790359784.5958824,6596,Person B,102.7,2591.8,0.0,2623.11,3.91,True,Active,ArslanAzad,None,Normal,5: Lying down (controlled)
1790359784.6583776,6597,Person B,117.8,2596.6,0.0,2628.95,4.17,True,Active,ArslanAzad,None,Normal,5: Lying down (controlled)
1790359784.7833483,6598,Person B,133.9,2601.7,0.0,2633.91,4.44,True,Active,ArslanAzad,None,Normal,5: Lying down (controlled)
1790359784.8458648,6599,Person B,151.2,2607.1,0.0,2640.27,4.8,True,Active,ArslanAzad,None,Normal,5: Lying down (controlled)
1790359784.9239657,6600,Person B,167.7,2612.5,0.0,2646.28,5.05,True,Active,ArslanAzad,None,Normal,5: Lying down (controlled)
1790359785.0333521,6601,Person B,183.3,2618.2,0.0,2655.23,5.27,True,Active,ArslanAzad,None,Normal,5: Lying down (controlled)
1790359785.095848,6602,Person B,197.6,2624.2,0.0,2665.23,5.49,True,Active,ArslanAzad,None,Normal,5: Lying down (controlled)
1790359785.189572,6603,Person B,210.3,2630.5,0.0,2673.77,5.6,True,Active,ArslanAzad,None,Normal,5: Lying down (controlled)
1790359785.2833362,6604,Person B,221.6,2636.8,0.0,2680.03,5.65,True,Active,ArslanAzad,None,Normal,5: Lying down (controlled)
1790359785.3926833,6605,Person B,232.4,2643.2,0.0,2688.79,5.81,True,Active,ArslanAzad,None,Normal,5: Lying down (controlled)
1790359785.470803,6606,Person B,242.4,2650.0,-80.0,2699.46,5.93,True,Active,ArslanAzad,None,Normal,5: Lying down (controlled)
1790359785.5489233,6607,Person B,251.6,2657.2,0.0,2708.82,6.0,True,Active,ArslanAzad,None,Normal,5: Lying down (controlled)
1790359785.6270409,6608,Person B,259.7,2664.9,0.0,2717.98,6.02,True,Active,ArslanAzad,None,Normal,5: Lying down (controlled)
1790359785.7520337,6609,Person B,266.3,2673.0,0.0,2727.14,6.04,True,Active,ArslanAzad,None,Normal,5: Lying down (controlled)
1790359785.8145292,6610,Person B,271.0,2680.7,0.0,2727.41,5.89,True,Active,ArslanAzad,None,Normal,5: Lying down (controlled)
1790359785.923897,6611,Person B,274.0,2687.4,80.0,2724.81,5.77,True,Active,ArslanAzad,None,Normal,5: Lying down (controlled)
1790359786.0020354,6612,Person B,275.2,2692.9,80.0,2721.13,5.63,True,Active,ArslanAzad,None,Normal,5: Lying down (controlled)
1790359786.0801344,6613,Person B,275.2,2697.2,80.0,2716.57,5.51,True,Active,ArslanAzad,None,Normal,5: Lying down (controlled)
1790359786.1895046,6614,Person B,274.6,2701.2,0.0,2719.27,5.44,True,Active,ArslanAzad,None,Normal,5: Lying down (controlled)
1790359786.267644,6615,Person B,273.1,2704.8,0.0,2723.15,5.42,True,Active,ArslanAzad,None,Normal,5: Lying down (controlled)
1790359786.3457432,6616,Person B,271.3,2708.1,0.0,2730.5,5.49,True,Active,ArslanAzad,None,Normal,5: Lying down (controlled)
1790359786.455109,6617,Person B,269.8,2711.3,0.0,2739.14,5.61,True,Active,ArslanAzad,None,Normal,5: Lying down (controlled)
1790359786.5488741,6618,Person B,268.3,2714.7,0.0,2750.29,5.63,True,Active,ArslanAzad,None,Normal,5: Lying down (controlled)
1790359786.6113694,6619,Person B,266.6,2718.4,0.0,2762.23,5.61,True,Active,ArslanAzad,None,Normal,5: Lying down (controlled)
1790359786.7363417,6620,Person B,265.9,2722.6,0.0,2768.49,5.66,True,Active,ArslanAzad,None,Normal,5: Lying down (controlled)
1790359786.7988565,6621,Person B,266.2,2727.4,0.0,2772.87,5.73,True,Active,ArslanAzad,None,Normal,5: Lying down (controlled)
1790359786.923829,6622,Person B,267.6,2732.9,0.0,2777.25,5.81,True,Active,ArslanAzad,None,Normal,5: Lying down (controlled)
1790359786.9707205,6623,Person B,270.0,2739.2,0.0,2781.64,5.88,True,Active,ArslanAzad,None,Normal,5: Lying down (controlled)
1790359787.0957108,6624,Person B,273.1,2745.6,0.0,2786.03,5.95,True,Active,ArslanAzad,None,Normal,5: Lying down (controlled)
1790359787.1425831,6625,Person B,276.6,2751.9,0.0,2789.33,6.01,True,Active,ArslanAzad,None,Normal,5: Lying down (controlled)
1790359787.2832003,6626,Person B,280.1,2757.9,0.0,2793.73,6.08,True,Active,ArslanAzad,None,Normal,5: Lying down (controlled)
1790359787.3300707,6627,Person B,283.2,2763.4,0.0,2797.03,6.14,True,Active,ArslanAzad,None,Normal,5: Lying down (controlled)
1790359787.4238138,6628,Person B,286.4,2768.1,0.0,2800.33,6.19,True,Active,ArslanAzad,None,Normal,5: Lying down (controlled)
1790359787.5331821,6629,Person B,289.9,2771.9,0.0,2803.64,6.25,True,Active,ArslanAzad,None,Normal,5: Lying down (controlled)
1790359787.595658,6630,Person B,293.4,2775.4,0.0,2806.95,6.3,True,Active,ArslanAzad,None,Normal,5: Lying down (controlled)
1790359787.7206686,6631,Person B,296.8,2778.8,0.0,2810.26,6.35,True,Active,ArslanAzad,None,Normal,5: Lying down (controlled)
1790359787.7831643,6632,Person B,300.3,2782.6,0.0,2818.77,6.44,True,Active,ArslanAzad,None,Normal,5: Lying down (controlled)
1790359787.8612835,6633,Person B,304.2,2786.6,0.0,2825.64,6.58,True,Active,ArslanAzad,None,Normal,5: Lying down (controlled)
1790359787.9862585,6634,Person B,308.5,2790.9,0.0,2833.52,6.73,True,Active,ArslanAzad,None,Normal,5: Lying down (controlled)
1790359788.080001,6635,Person B,313.4,2795.5,0.0,2840.54,6.89,True,Active,ArslanAzad,None,Normal,5: Lying down (controlled)
1790359788.1268718,6636,Person B,318.7,2800.3,0.0,2847.47,7.04,True,Active,ArslanAzad,None,Normal,5: Lying down (controlled)
1790359788.2362373,6637,Person B,324.5,2805.4,0.0,2854.41,7.18,True,Active,ArslanAzad,None,Normal,5: Lying down (controlled)
1790359788.3300018,6638,Person B,330.8,2810.7,0.0,2860.38,7.33,True,Active,ArslanAzad,None,Normal,5: Lying down (controlled)
1790359788.392479,6639,Person B,337.5,2816.3,0.0,2867.23,7.45,True,Active,ArslanAzad,None,Normal,5: Lying down (controlled)
1790359788.4862413,6640,Person B,344.6,2822.1,0.0,2873.11,7.58,True,Active,ArslanAzad,None,Normal,5: Lying down (controlled)
1790359788.5799663,6641,Person B,352.1,2828.1,0.0,2878.99,7.71,True,Active,ArslanAzad,None,Normal,5: Lying down (controlled)
1790359788.658105,6642,Person B,359.8,2833.8,0.0,2884.89,7.83,True,Active,ArslanAzad,None,Normal,5: Lying down (controlled)
1790359788.7987013,6643,Person B,366.9,2839.0,0.0,2886.16,7.87,True,Active,ArslanAzad,None,Normal,5: Lying down (controlled)
1790359788.8455923,6644,Person B,373.3,2843.4,0.0,2885.3,7.89,True,Active,ArslanAzad,None,Normal,5: Lying down (controlled)
1790359788.970567,6645,Person B,379.4,2847.4,0.0,2888.11,8.0,True,Active,ArslanAzad,None,Normal,5: Lying down (controlled)
1790359789.0174365,6646,Person B,385.5,2851.0,0.0,2891.22,8.15,True,Active,ArslanAzad,None,Normal,5: Lying down (controlled)
1790359789.1111772,6647,Person B,391.6,2854.1,0.0,2893.35,8.31,True,Active,ArslanAzad,None,Normal,5: Lying down (controlled)
1790359789.2049222,6648,Person B,397.7,2856.9,0.0,2896.5,8.46,True,Active,ArslanAzad,None,Normal,5: Lying down (controlled)
1790359789.283062,6649,Person B,403.8,2859.3,0.0,2899.51,8.59,True,Active,ArslanAzad,None,Normal,5: Lying down (controlled)
1790359789.3767867,6650,Person B,409.9,2861.3,0.0,2901.56,8.72,True,Active,ArslanAzad,None,Normal,5: Lying down (controlled)
1790359789.4861546,6651,Person B,416.0,2863.0,0.0,2904.6,8.85,True,Active,ArslanAzad,None,Normal,5: Lying down (controlled)
1790359789.5486503,6652,Person B,422.0,2864.4,0.0,2907.51,8.96,True,Active,ArslanAzad,None,Normal,5: Lying down (controlled)
1790359789.6424127,6653,Person B,428.5,2865.8,0.0,2909.59,9.1,True,Active,ArslanAzad,None,Normal,5: Lying down (controlled)
1790359789.7673845,6654,Person B,435.5,2867.5,0.0,2912.52,9.21,True,Active,ArslanAzad,None,Normal,5: Lying down (controlled)
1790359789.814276,6655,Person B,442.5,2869.1,0.0,2914.47,9.32,True,Active,ArslanAzad,None,Normal,5: Lying down (controlled)
1790359789.9079976,6656,Person B,449.2,2870.6,0.0,2916.27,9.41,True,Active,ArslanAzad,None,Normal,5: Lying down (controlled)
1790359790.0330107,6657,Person B,455.7,2872.2,0.0,2919.23,9.52,True,Active,ArslanAzad,None,Normal,5: Lying down (controlled)
1790359790.0955067,6658,Person B,461.9,2873.7,0.0,2921.05,9.62,True,Active,ArslanAzad,None,Normal,5: Lying down (controlled)
1790359790.173607,6659,Person B,467.9,2875.1,0.0,2922.88,9.71,True,Active,ArslanAzad,None,Normal,5: Lying down (controlled)
1790359790.2673504,6660,Person B,473.7,2876.5,0.0,2924.71,9.8,True,Active,ArslanAzad,None,Normal,5: Lying down (controlled)
1790359790.361092,6661,Person B,478.6,2877.8,0.0,2925.36,9.76,True,Active,ArslanAzad,None,Normal,5: Lying down (controlled)
1790359790.4392142,6662,Person B,482.6,2878.9,0.0,2924.85,9.7,True,Active,ArslanAzad,None,Normal,5: Lying down (controlled)
1790359790.532957,6663,Person B,485.5,2880.0,0.0,2925.16,9.62,True,Active,ArslanAzad,None,Normal,5: Lying down (controlled)
1790359790.6110766,6664,Person B,487.5,2880.9,0.0,2924.66,9.57,True,Active,ArslanAzad,None,Normal,5: Lying down (controlled)
1790359790.736067,6665,Person B,488.5,2881.8,0.0,2924.99,9.48,True,Active,ArslanAzad,None,Normal,5: Lying down (controlled)
1790359790.7985828,6666,Person B,488.7,2882.6,0.0,2924.49,9.43,True,Active,ArslanAzad,None,Normal,5: Lying down (controlled)
1790359790.8766837,6667,Person B,488.0,2883.2,0.0,2924.0,9.37,True,Active,ArslanAzad,None,Normal,5: Lying down (controlled)
1790359791.017319,6668,Person B,486.5,2883.8,0.0,2924.5,9.31,True,Active,ArslanAzad,None,Normal,5: Lying down (controlled)
1790359791.0641909,6669,Person B,483.9,2883.7,0.0,2917.62,9.21,True,Active,ArslanAzad,None,Normal,5: Lying down (controlled)
1790359791.1735375,6670,Person B,479.5,2882.4,0.0,2904.7,8.99,True,Active,ArslanAzad,None,Normal,5: Lying down (controlled)
1790359791.2516778,6671,Person B,473.8,2879.6,0.0,2888.55,8.74,True,Active,ArslanAzad,None,Normal,5: Lying down (controlled)
1790359791.329797,6672,Person B,467.0,2875.4,0.0,2872.61,8.51,True,Active,ArslanAzad,None,Normal,5: Lying down (controlled)
1790359791.439146,6673,Person B,459.2,2869.8,0.0,2857.71,8.27,True,Active,ArslanAzad,None,Normal,5: Lying down (controlled)
1790359791.5172849,6674,Person B,450.4,2863.0,0.0,2843.99,8.04,True,Active,ArslanAzad,None,Normal,5: Lying down (controlled)
1790359791.5953844,6675,Person B,440.7,2854.9,0.0,2830.31,7.82,True,Active,ArslanAzad,None,Normal,5: Lying down (controlled)
1790359791.7203972,6676,Person B,430.3,2845.8,0.0,2819.05,7.64,True,Active,ArslanAzad,None,Normal,5: Lying down (controlled)
1790359791.782891,6677,Person B,419.4,2835.8,0.0,2809.08,7.51,True,Active,ArslanAzad,None,Normal,5: Lying down (controlled)
1790359791.861011,6678,Person B,407.5,2824.5,0.0,2795.5,7.28,True,Active,ArslanAzad,None,Normal,5: Lying down (controlled)
1790359791.954735,6679,Person B,394.8,2812.4,0.0,2779.87,7.03,True,Active,ArslanAzad,None,Normal,5: Lying down (controlled)
1790359792.0797255,6680,Person B,382.5,2800.6,0.0,2770.84,6.86,True,Active,ArslanAzad,None,Normal,5: Lying down (controlled)
1790359792.1578481,6681,Person B,371.3,2790.3,0.0,2771.36,6.78,True,Active,ArslanAzad,None,Normal,5: Lying down (controlled)
1790359792.2672129,6682,Person B,361.7,2781.5,0.0,2772.59,6.81,True,Active,ArslanAzad,None,Normal,5: Lying down (controlled)
1790359792.3297093,6683,Person B,354.1,2774.4,0.0,2777.28,6.93,True,Active,ArslanAzad,None,Normal,5: Lying down (controlled)
1790359792.407849,6684,Person B,348.4,2768.9,0.0,2781.98,7.04,True,Active,ArslanAzad,None,Normal,5: Lying down (controlled)
1790359792.5015707,6685,Person B,344.6,2765.0,0.0,2786.69,7.15,True,Active,ArslanAzad,None,Normal,5: Lying down (controlled)
1790359792.579711,6686,Person B,342.4,2762.4,0.0,2790.42,7.27,True,Active,ArslanAzad,None,Normal,5: Lying down (controlled)
1790359792.6734338,6687,Person B,341.5,2761.1,0.0,2795.02,7.36,True,Active,ArslanAzad,None,Normal,5: Lying down (controlled)
1790359792.782823,6688,Person B,342.4,2761.3,0.0,2798.64,7.45,True,Active,ArslanAzad,None,Normal,5: Lying down (controlled)
1790359792.8453186,6689,Person B,344.7,2762.8,0.0,2797.65,7.46,True,Active,ArslanAzad,None,Normal,5: Lying down (controlled)
1790359792.970289,6690,Person B,346.2,2763.8,0.0,2782.6,7.14,True,Active,ArslanAzad,None,Normal,5: Lying down (controlled)
1790359793.0171816,6691,Person B,346.1,2762.9,0.0,2762.3,6.78,True,Active,ArslanAzad,None,Normal,5: Lying down (controlled)
1790359793.1109064,6692,Person B,339.1,2755.6,0.0,2692.49,5.52,True,Active,ArslanAzad,None,Normal,5: Lying down (controlled)
1790359793.204669,6693,Person B,324.4,2742.0,0.0,2627.73,4.1,True,Active,ArslanAzad,None,Normal,5: Lying down (controlled)
1790359793.3296614,6694,Person B,302.3,2722.5,0.0,2568.8,2.68,True,Active,ArslanAzad,None,Normal,5: Lying down (controlled)
1790359793.3921354,6695,Person B,273.4,2697.6,0.0,2516.67,1.32,True,Active,ArslanAzad,None,Normal,5: Lying down (controlled)
1790359793.470276,6696,Person B,239.3,2668.6,0.0,2478.03,0.28,True,Active,ArslanAzad,None,Normal,5: Lying down (controlled)
1790359793.548377,6697,Person B,204.9,2639.6,0.0,2482.04,0.32,True,Active,ArslanAzad,None,Normal,5: Lying down (controlled)
1790359793.6733668,6698,Person B,170.7,2611.2,0.0,2491.09,0.48,True,Active,ArslanAzad,None,Normal,5: Lying down (controlled)
1790359793.7358828,6699,Person B,137.2,2583.8,0.0,2500.16,0.64,True,Active,ArslanAzad,None,Normal,5: Lying down (controlled)
1790359793.8452516,6700,Person B,106.1,2558.5,0.0,2508.24,0.8,True,Active,ArslanAzad,None,Normal,5: Lying down (controlled)
1790359793.9233663,6701,Person B,77.6,2535.9,0.0,2517.33,0.93,True,Active,ArslanAzad,None,Normal,5: Lying down (controlled)
1790359794.017092,6702,Person B,56.4,2520.4,0.0,2525.44,1.07,True,Active,ArslanAzad,None,Normal,5: Lying down (controlled)
1790359794.110839,6703,Person B,42.9,2511.5,0.0,2532.55,1.2,True,Active,ArslanAzad,None,Normal,5: Lying down (controlled)
1790359794.188959,6704,Person B,36.8,2508.9,0.0,2540.69,1.33,True,Active,ArslanAzad,None,Normal,5: Lying down (controlled)
1790359794.2983265,6705,Person B,37.3,2512.6,0.0,2553.78,1.41,True,Active,ArslanAzad,None,Normal,5: Lying down (controlled)
1790359794.392069,6706,Person B,42.8,2521.6,0.0,2568.87,1.49,True,Active,ArslanAzad,None,Normal,5: Lying down (controlled)
1790359794.485811,6707,Person B,48.5,2531.7,0.0,2583.98,1.57,True,Active,ArslanAzad,None,Normal,5: Lying down (controlled)
1790359794.5795557,6708,Person B,53.9,2542.3,0.0,2598.08,1.65,True,Active,ArslanAzad,None,Normal,5: Lying down (controlled)
1790359794.7045474,6709,Person B,58.9,2553.3,0.0,2611.17,1.71,True,Active,ArslanAzad,None,Normal,5: Lying down (controlled)
1790359794.7982903,6710,Person B,63.6,2564.9,0.0,2625.28,1.79,True,Active,ArslanAzad,None,Normal,5: Lying down (controlled)
1790359794.9076571,6711,Person B,68.0,2576.8,0.0,2637.37,1.85,True,Active,ArslanAzad,None,Normal,5: Lying down (controlled)
1790359795.0170255,6712,Person B,71.9,2588.6,0.0,2644.4,1.86,True,Active,ArslanAzad,None,Normal,5: Lying down (controlled)
1790359795.126393,6713,Person B,76.0,2600.1,0.0,2648.67,2.03,True,Active,ArslanAzad,None,Normal,5: Lying down (controlled)
1790359795.23576,6714,Person B,80.1,2610.8,0.0,2648.89,2.16,True,Active,ArslanAzad,None,Normal,5: Lying down (controlled)
1790359795.3295038,6715,Person B,84.0,2619.7,0.0,2643.97,2.21,True,Active,ArslanAzad,None,Normal,5: Lying down (controlled)
1790359795.454495,6716,Person B,87.1,2626.3,0.0,2635.82,2.13,True,Active,ArslanAzad,None,Normal,5: Lying down (controlled)
1790359795.5482385,6717,Person B,89.4,2630.5,0.0,2626.68,2.05,True,Active,ArslanAzad,None,Normal,5: Lying down (controlled)
1790359795.6419828,6718,Person B,89.7,2630.3,0.0,2596.17,1.72,True,Active,ArslanAzad,None,Normal,5: Lying down (controlled)
1790359795.7513494,6719,Person B,88.2,2626.2,0.0,2569.77,1.4,True,Active,ArslanAzad,None,Normal,5: Lying down (controlled)
1790359795.8607178,6720,Person B,85.8,2619.8,0.0,2560.66,1.3,True,Active,ArslanAzad,None,Normal,5: Lying down (controlled)
1790359795.9232128,6721,Person B,83.7,2612.7,0.0,2565.8,1.43,True,Active,ArslanAzad,None,Normal,5: Lying down (controlled)
1790359796.0013328,6722,Person B,82.5,2605.7,0.0,2574.06,1.65,True,Active,ArslanAzad,None,Normal,5: Lying down (controlled)
1790359796.095076,6723,Person B,81.5,2599.2,0.0,2583.37,1.86,True,Active,ArslanAzad,None,Normal,5: Lying down (controlled)
1790359796.1731958,6724,Person B,80.3,2593.1,0.0,2587.5,1.95,True,Active,ArslanAzad,None,Normal,5: Lying down (controlled)
1790359796.2669399,6725,Person B,79.1,2587.8,0.0,2590.56,1.99,True,Active,ArslanAzad,None,Normal,5: Lying down (controlled)
1790359796.3606837,6726,Person B,79.1,2583.6,0.0,2593.85,2.17,True,Active,ArslanAzad,None,Normal,5: Lying down (controlled)
1790359796.4388032,6727,Person B,80.4,2580.6,0.0,2597.21,2.36,True,Active,ArslanAzad,None,Normal,5: Lying down (controlled)
1790359796.532547,6728,Person B,84.2,2581.0,0.0,2601.59,2.56,True,Active,ArslanAzad,None,Normal,5: Lying down (controlled)
1790359796.6262903,6729,Person B,90.3,2584.3,0.0,2604.95,2.73,True,Active,ArslanAzad,None,Normal,5: Lying down (controlled)
1790359796.7044115,6730,Person B,99.0,2588.8,0.0,2609.03,3.19,True,Active,ArslanAzad,None,Normal,5: Lying down (controlled)
1790359796.7512817,6731,Person B,109.1,2593.2,0.0,2614.21,3.62,True,Active,ArslanAzad,None,Normal,5: Lying down (controlled)
1790359796.7981734,6732,Person B,120.3,2597.3,0.0,2620.61,4.07,True,Active,ArslanAzad,None,Normal,5: Lying down (controlled)
1790359796.8762736,6733,Person B,130.9,2600.4,0.0,2619.9,4.16,True,Active,ArslanAzad,None,Normal,5: Lying down (controlled)
1790359796.9700167,6734,Person B,141.5,2603.0,0.0,2619.19,4.25,True,Active,ArslanAzad,None,Normal,5: Lying down (controlled)
1790359797.079384,6735,Person B,152.0,2605.1,0.0,2617.27,4.27,True,Active,ArslanAzad,None,Normal,5: Lying down (controlled)
1790359797.1887512,6736,Person B,161.4,2606.7,0.0,2615.06,4.21,True,Active,ArslanAzad,None,Normal,5: Lying down (controlled)
1790359797.2668726,6737,Person B,170.3,2608.3,0.0,2618.35,4.29,True,Active,ArslanAzad,None,Normal,5: Lying down (controlled)
1790359797.3137426,6738,Person B,178.6,2609.5,0.0,2618.57,4.36,True,Active,ArslanAzad,None,Normal,5: Lying down (controlled)
1790359797.3606138,6739,Person B,186.4,2610.5,0.0,2619.8,4.42,True,Active,ArslanAzad,None,Normal,5: Lying down (controlled)
1790359797.4231322,6740,Person B,192.5,2611.2,0.0,2620.11,4.51,True,Active,ArslanAzad,None,Normal,5: Lying down (controlled)
1790359797.4856262,6741,Person B,197.0,2611.6,0.0,2621.42,4.59,True,Active,ArslanAzad,None,Normal,5: Lying down (controlled)
1790359797.5637465,6742,Person B,199.5,2611.8,0.0,2624.5,4.61,True,Active,ArslanAzad,None,Normal,5: Lying down (controlled)
1790359797.7355926,6743,Person B,201.9,2612.7,0.0,2630.72,4.67,True,Active,ArslanAzad,None,Normal,5: Lying down (controlled)
1790359797.7980878,6744,Person B,204.0,2614.1,0.0,2634.79,4.68,True,Active,ArslanAzad,None,Normal,5: Lying down (controlled)
1790359797.8605807,6745,Person B,206.2,2616.1,0.0,2638.94,4.72,True,Active,ArslanAzad,None,Normal,5: Lying down (controlled)
1790359797.9230769,6746,Person B,208.9,2618.7,0.0,2643.09,4.75,True,Active,ArslanAzad,None,Normal,5: Lying down (controlled)
1790359798.0168202,6747,Person B,211.3,2621.4,0.0,2647.16,4.77,True,Active,ArslanAzad,None,Normal,5: Lying down (controlled)
1790359798.110565,6748,Person B,213.5,2624.5,0.0,2651.23,4.78,True,Active,ArslanAzad,None,Normal,5: Lying down (controlled)
1790359798.1886857,6749,Person B,215.6,2627.8,0.0,2654.38,4.82,True,Active,ArslanAzad,None,Normal,5: Lying down (controlled)
1790359798.282427,6750,Person B,217.4,2631.5,0.0,2658.45,4.83,True,Active,ArslanAzad,None,Normal,5: Lying down (controlled)
1790359798.376173,6751,Person B,219.3,2635.5,0.0,2662.86,4.93,True,Active,ArslanAzad,None,Normal,5: Lying down (controlled)
1790359798.454291,6752,Person B,221.9,2639.4,0.0,2665.56,5.1,True,Active,ArslanAzad,None,Normal,5: Lying down (controlled)
1790359798.5480542,6753,Person B,225.2,2642.8,0.0,2667.46,5.31,True,Active,ArslanAzad,None,Normal,5: Lying down (controlled)
1790359798.6730251,6754,Person B,229.0,2645.9,0.0,2669.02,5.44,True,Active,ArslanAzad,None,Normal,5: Lying down (controlled)
1790359798.7667735,6755,Person B,233.3,2648.8,0.0,2671.68,5.58,True,Active,ArslanAzad,None,Normal,5: Lying down (controlled)
1790359798.8605115,6756,Person B,238.2,2651.3,0.0,2672.47,5.76,True,Active,ArslanAzad,None,Normal,5: Lying down (controlled)
1790359798.9698806,6757,Person B,243.8,2653.3,0.0,2672.29,5.93,True,Active,ArslanAzad,None,Normal,5: Lying down (controlled)
1790359799.0636237,6758,Person B,250.0,2654.8,0.0,2672.03,6.08,True,Active,ArslanAzad,None,Normal,5: Lying down (controlled)
1790359799.1573672,6759,Person B,256.8,2655.9,0.0,2671.89,6.25,True,Active,ArslanAzad,None,Normal,5: Lying down (controlled)
1790359799.2198634,6760,Person B,263.5,2656.6,0.0,2671.89,6.25,True,Active,ArslanAzad,None,Normal,5: Lying down (controlled)
1790359799.266757,6761,Person B,269.1,2656.3,0.0,2665.28,6.14,True,Active,ArslanAzad,None,Normal,5: Lying down (controlled)
1790359799.3448744,6762,Person B,273.1,2655.5,0.0,2661.45,5.97,True,Active,ArslanAzad,None,Normal,5: Lying down (controlled)
1790359799.4229755,6763,Person B,275.1,2654.2,0.0,2656.45,5.77,True,Active,ArslanAzad,None,Normal,5: Lying down (controlled)
1790359799.516738,6764,Person B,276.1,2652.9,0.0,2657.05,5.68,True,Active,ArslanAzad,None,Normal,5: Lying down (controlled)
1790359799.6104627,6765,Person B,276.2,2651.3,0.0,2655.86,5.64,True,Active,ArslanAzad,None,Normal,5: Lying down (controlled)
1790359799.7354527,6766,Person B,275.5,2649.7,0.0,2655.86,5.64,True,Active,ArslanAzad,None,Normal,5: Lying down (controlled)
1790359799.797948,6767,Person B,274.4,2648.4,0.0,2658.24,5.72,True,Active,ArslanAzad,None,Normal,5: Lying down (controlled)
1790359799.8916914,6768,Person B,273.2,2647.6,0.0,2662.83,5.84,True,Active,ArslanAzad,None,Normal,5: Lying down (controlled)
1790359799.9698105,6769,Person B,271.7,2647.3,0.0,2667.32,5.94,True,Active,ArslanAzad,None,Normal,5: Lying down (controlled)
1790359800.0635757,6770,Person B,270.2,2647.0,0.0,2667.32,5.94,True,Active,ArslanAzad,None,Normal,5: Lying down (controlled)
1790359800.1448777,6771,Person B,268.3,2646.4,0.0,2657.35,5.74,True,Active,ArslanAzad,None,Normal,5: Lying down (controlled)
1790359800.2698495,6772,Person B,265.7,2644.9,0.0,2643.94,5.45,True,Active,ArslanAzad,None,Normal,5: Lying down (controlled)
1790359800.3479667,6773,Person B,263.3,2643.0,0.0,2635.23,5.29,True,Active,ArslanAzad,None,Normal,5: Lying down (controlled)
1790359800.4260871,6774,Person B,260.6,2640.3,0.0,2627.62,5.15,True,Active,ArslanAzad,None,Normal,5: Lying down (controlled)
1790359800.5042264,6775,Person B,257.5,2637.0,0.0,2620.11,5.04,True,Active,ArslanAzad,None,Normal,5: Lying down (controlled)
1790359800.6291995,6776,Person B,253.8,2633.0,0.0,2612.62,4.92,True,Active,ArslanAzad,None,Normal,5: Lying down (controlled)
1790359800.7385678,6777,Person B,249.1,2628.2,0.0,2606.13,4.8,True,Active,ArslanAzad,None,Normal,5: Lying down (controlled)
1790359800.801061,6778,Person B,243.7,2622.9,0.0,2605.05,4.78,True,Active,ArslanAzad,None,Normal,5: Lying down (controlled)
1790359800.8635764,6779,Person B,237.3,2617.0,0.0,2602.65,4.67,True,Active,ArslanAzad,None,Normal,5: Lying down (controlled)
1790359800.9416769,6780,Person B,231.1,2611.5,0.0,2606.8,4.71,True,Active,ArslanAzad,None,Normal,5: Lying down (controlled)
1790359801.0354211,6781,Person B,226.0,2607.6,0.0,2613.86,4.72,True,Active,ArslanAzad,None,Normal,5: Lying down (controlled)
1790359801.176035,6782,Person B,222.6,2605.9,0.0,2623.99,4.74,True,Active,ArslanAzad,None,Normal,5: Lying down (controlled)
1790359801.254156,6783,Person B,220.3,2605.9,0.0,2633.21,4.79,True,Active,ArslanAzad,None,Normal,5: Lying down (controlled)
1790359801.3322742,6784,Person B,219.3,2607.9,0.0,2646.67,4.9,True,Active,ArslanAzad,None,Normal,5: Lying down (controlled)
1790359801.426018,6785,Person B,219.3,2611.8,0.0,2658.97,4.96,True,Active,ArslanAzad,None,Normal,5: Lying down (controlled)
1790359801.5197613,6786,Person B,220.9,2616.9,0.0,2664.83,5.17,True,Active,ArslanAzad,None,Normal,5: Lying down (controlled)
1790359801.5978825,6787,Person B,224.3,2623.0,0.0,2669.92,5.42,True,Active,ArslanAzad,None,Normal,5: Lying down (controlled)
1790359801.7072496,6788,Person B,228.5,2630.1,0.0,2679.55,5.55,True,Active,ArslanAzad,None,Normal,5: Lying down (controlled)
1790359801.785368,6789,Person B,233.4,2638.0,0.0,2685.71,5.58,True,Active,ArslanAzad,None,Normal,5: Lying down (controlled)
1790359801.8634877,6790,Person B,238.2,2646.1,0.0,2691.78,5.59,True,Active,ArslanAzad,None,Normal,5: Lying down (controlled)
1790359801.957231,6791,Person B,242.6,2653.8,0.0,2694.48,5.52,True,Active,ArslanAzad,None,Normal,5: Lying down (controlled)
1790359802.050975,6792,Person B,246.2,2660.7,0.0,2695.9,5.38,True,Active,ArslanAzad,None,Normal,5: Lying down (controlled)
1790359802.14472,6793,Person B,249.5,2667.1,0.0,2699.88,5.38,True,Active,ArslanAzad,None,Normal,5: Lying down (controlled)
1790359802.2228398,6794,Person B,252.0,2672.1,0.0,2698.7,5.34,True,Active,ArslanAzad,None,Normal,5: Lying down (controlled)
1790359802.3322072,6795,Person B,254.6,2675.8,0.0,2698.17,5.44,True,Active,ArslanAzad,None,Normal,5: Lying down (controlled)
1790359802.3996325,6796,Person B,256.9,2678.9,0.0,2697.85,5.59,True,Active,ArslanAzad,None,Normal,5: Lying down (controlled)
1790359802.465393,6797,Person B,258.2,2681.8,0.0,2700.04,5.63,True,Active,ArslanAzad,None,Normal,5: Lying down (controlled)
1790359802.5599327,6798,Person B,258.8,2684.1,0.0,2703.02,5.63,True,Active,ArslanAzad,None,Normal,5: Lying down (controlled)
1790359802.641572,6799,Person B,258.9,2685.5,0.0,2699.74,5.57,True,Active,ArslanAzad,None,Normal,5: Lying down (controlled)
1790359802.754667,6800,Person B,259.1,2686.4,0.0,2700.93,5.61,True,Active,ArslanAzad,None,Normal,5: Lying down (controlled)
1790359802.8147879,6801,Person B,259.8,2687.1,0.0,2702.12,5.65,True,Active,ArslanAzad,None,Normal,5: Lying down (controlled)
1790359802.9347248,6802,Person B,261.3,2687.7,0.0,2703.32,5.69,True,Active,ArslanAzad,None,Normal,5: Lying down (controlled)
1790359802.999762,6803,Person B,263.0,2688.0,0.0,2704.51,5.73,True,Active,ArslanAzad,None,Normal,5: Lying down (controlled)
1790359803.0897534,6804,Person B,265.0,2688.4,0.0,2704.61,5.75,True,Active,ArslanAzad,None,Normal,5: Lying down (controlled)
1790359803.1797552,6805,Person B,267.0,2689.1,-80.0,2707.11,5.85,True,Active,ArslanAzad,None,Normal,5: Lying down (controlled)
1790359803.2650208,6806,Person B,269.2,2690.3,0.0,2712.02,6.03,True,Active,ArslanAzad,None,Normal,5: Lying down (controlled)
1790359803.3548229,6807,Person B,272.1,2691.6,-80.0,2715.96,6.21,True,Active,ArslanAzad,None,Normal,5: Lying down (controlled)
1790359803.4847586,6808,Person B,276.4,2693.1,0.0,2722.48,6.5,True,Active,ArslanAzad,None,Normal,5: Lying down (controlled)
1790359803.5448983,6809,Person B,282.6,2695.5,0.0,2730.29,6.82,True,Active,ArslanAzad,None,Normal,5: Lying down (controlled)
1790359803.6150534,6810,Person B,290.2,2698.4,0.0,2738.19,7.13,True,Active,ArslanAzad,None,Normal,5: Lying down (controlled)
1790359803.7049186,6811,Person B,298.6,2701.6,0.0,2743.42,7.33,True,Active,ArslanAzad,None,Normal,5: Lying down (controlled)
1790359803.794642,6812,Person B,307.6,2704.9,0.0,2746.43,7.49,True,Active,ArslanAzad,None,Normal,5: Lying down (controlled)
1790359803.8850284,6813,Person B,316.7,2708.9,-80.0,2754.76,7.53,True,Active,ArslanAzad,None,Normal,5: Lying down (controlled)
1790359803.9746346,6814,Person B,325.5,2713.4,0.0,2759.45,7.48,True,Active,ArslanAzad,None,Normal,5: Lying down (controlled)
1790359804.0749679,6815,Person B,333.9,2717.9,0.0,2761.57,7.49,True,Active,ArslanAzad,None,Normal,5: Lying down (controlled)
1790359804.1748219,6816,Person B,341.4,2722.2,0.0,2763.55,7.49,True,Active,ArslanAzad,None,Normal,5: Lying down (controlled)
1790359804.2495143,6817,Person B,348.0,2726.3,0.0,2764.54,7.48,True,Active,ArslanAzad,None,Normal,5: Lying down (controlled)
1790359804.3245938,6818,Person B,352.8,2729.6,0.0,2761.05,7.41,True,Active,ArslanAzad,None,Normal,5: Lying down (controlled)
1790359804.4396806,6819,Person B,355.6,2732.0,0.0,2757.56,7.33,True,Active,ArslanAzad,None,Normal,5: Lying down (controlled)
1790359804.5198848,6820,Person B,355.8,2733.5,0.0,2753.32,7.14,True,Active,ArslanAzad,None,Normal,5: Lying down (controlled)
1790359804.6297102,6821,Person B,353.9,2734.1,0.0,2747.01,6.92,True,Active,ArslanAzad,None,Normal,5: Lying down (controlled)
1790359804.6945145,6822,Person B,350.2,2734.2,-80.0,2742.85,6.72,True,Active,ArslanAzad,None,Normal,5: Lying down (controlled)
1790359804.7794466,6823,Person B,344.7,2732.8,0.0,2734.18,6.43,True,Active,ArslanAzad,None,Normal,5: Lying down (controlled)
1790359804.8680804,6824,Person B,338.2,2730.3,80.0,2726.9,6.19,True,Active,ArslanAzad,None,Normal,5: Lying down (controlled)
1790359804.946206,6825,Person B,332.7,2728.4,0.0,2736.05,6.4,True,Active,ArslanAzad,None,Normal,5: Lying down (controlled)
1790359805.0621064,6826,Person B,328.6,2727.4,0.0,2748.57,6.66,True,Active,ArslanAzad,None,Normal,5: Lying down (controlled)
1790359805.180981,6827,Person B,325.8,2727.3,0.0,2760.04,6.91,True,Active,ArslanAzad,None,Normal,5: Lying down (controlled)
1790359805.2715518,6828,Person B,323.5,2728.2,0.0,2767.11,6.91,True,Active,ArslanAzad,None,Normal,5: Lying down (controlled)
1790359805.341893,6829,Person B,321.7,2729.9,0.0,2772.19,6.92,True,Active,ArslanAzad,None,Normal,5: Lying down (controlled)
1790359805.4224105,6830,Person B,321.0,2732.0,0.0,2773.31,6.94,True,Active,ArslanAzad,None,Normal,5: Lying down (controlled)
1790359805.5008733,6831,Person B,321.9,2734.5,0.0,2772.92,7.04,True,Active,ArslanAzad,None,Normal,5: Lying down (controlled)
1790359805.5678842,6832,Person B,324.2,2737.1,0.0,2771.43,7.13,True,Active,ArslanAzad,None,Normal,5: Lying down (controlled)
1790359805.6838636,6833,Person B,328.6,2740.1,0.0,2769.21,7.26,True,Active,ArslanAzad,None,Normal,5: Lying down (controlled)
1790359805.7528887,6834,Person B,334.4,2743.4,0.0,2766.49,7.31,True,Active,ArslanAzad,None,Normal,5: Lying down (controlled)
1790359805.868762,6835,Person B,338.6,2745.2,0.0,2758.91,7.23,True,Active,ArslanAzad,None,Normal,5: Lying down (controlled)
1790359805.9378283,6836,Person B,340.7,2745.1,0.0,2750.1,7.1,True,Active,ArslanAzad,None,Normal,5: Lying down (controlled)
1790359806.0224354,6837,Person B,340.7,2743.2,0.0,2741.18,6.96,True,Active,ArslanAzad,None,Normal,5: Lying down (controlled)
1790359806.100561,6838,Person B,339.9,2739.8,0.0,2732.4,6.83,True,Active,ArslanAzad,None,Normal,5: Lying down (controlled)
1790359806.2164607,6839,Person B,338.3,2735.2,0.0,2724.62,6.7,True,Active,ArslanAzad,None,Normal,5: Lying down (controlled)
1790359806.2854893,6840,Person B,335.9,2729.8,0.0,2716.86,6.57,True,Active,ArslanAzad,None,Normal,5: Lying down (controlled)
1790359806.3858433,6841,Person B,332.3,2723.8,0.0,2709.11,6.44,True,Active,ArslanAzad,None,Normal,5: Lying down (controlled)
1790359806.454909,6842,Person B,327.7,2717.3,0.0,2701.49,6.33,True,Active,ArslanAzad,None,Normal,5: Lying down (controlled)
1790359806.5551713,6843,Person B,321.9,2710.5,0.0,2694.87,6.22,True,Active,ArslanAzad,None,Normal,5: Lying down (controlled)
1790359806.6710851,6844,Person B,315.3,2703.4,0.0,2688.26,6.11,True,Active,ArslanAzad,None,Normal,5: Lying down (controlled)
1790359806.7244642,6845,Person B,308.2,2696.1,0.0,2678.26,5.91,True,Active,ArslanAzad,None,Normal,5: Lying down (controlled)
1790359806.8560443,6846,Person B,300.6,2688.6,0.0,2667.1,5.68,True,Active,ArslanAzad,None,Normal,5: Lying down (controlled)
1790359806.9029152,6847,Person B,292.2,2680.6,0.0,2652.62,5.36,True,Active,ArslanAzad,None,Normal,5: Lying down (controlled)
1790359807.0188034,6848,Person B,282.8,2672.1,0.0,2638.13,5.02,True,Active,ArslanAzad,None,Normal,5: Lying down (controlled)
1790359807.087851,6849,Person B,272.4,2663.0,0.0,2623.74,4.68,True,Active,ArslanAzad,None,Normal,5: Lying down (controlled)
1790359807.188149,6850,Person B,261.1,2653.4,0.0,2610.52,4.35,True,Active,ArslanAzad,None,Normal,5: Lying down (controlled)
1790359807.2571776,6851,Person B,249.0,2643.3,0.0,2597.45,4.04,True,Active,ArslanAzad,None,Normal,5: Lying down (controlled)
1790359807.3887103,6852,Person B,236.0,2632.8,0.0,2585.46,3.73,True,Active,ArslanAzad,None,Normal,5: Lying down (controlled)
1790359807.4421308,6853,Person B,222.2,2621.8,0.0,2573.61,3.43,True,Active,ArslanAzad,None,Normal,5: Lying down (controlled)
1790359807.5267558,6854,Person B,207.6,2610.3,0.0,2561.83,3.13,True,Active,ArslanAzad,None,Normal,5: Lying down (controlled)
1790359807.6490006,6855,Person B,192.6,2598.7,0.0,2551.11,2.83,True,Active,ArslanAzad,None,Normal,5: Lying down (controlled)
1790359807.7123723,6856,Person B,177.5,2587.1,0.0,2540.51,2.55,True,Active,ArslanAzad,None,Normal,5: Lying down (controlled)
1790359807.8053207,6857,Person B,162.8,2575.9,0.0,2531.02,2.29,True,Active,ArslanAzad,None,Normal,5: Lying down (controlled)
1790359807.8795974,6858,Person B,148.6,2565.0,0.0,2520.57,2.02,True,Active,ArslanAzad,None,Normal,5: Lying down (controlled)
1790359807.9922822,6859,Person B,135.0,2554.5,0.0,2511.21,1.78,True,Active,ArslanAzad,None,Normal,5: Lying down (controlled)
1790359808.0583503,6860,Person B,121.8,2544.4,0.0,2502.87,1.51,True,Active,ArslanAzad,None,Normal,5: Lying down (controlled)
1790359808.1742442,6861,Person B,109.1,2534.7,0.0,2494.63,1.29,True,Active,ArslanAzad,None,Normal,5: Lying down (controlled)
1790359808.2589395,6862,Person B,96.8,2525.3,0.0,2486.41,1.04,True,Active,ArslanAzad,None,Normal,5: Lying down (controlled)
1790359808.3279643,6863,Person B,85.9,2517.0,0.0,2486.41,1.04,True,Active,ArslanAzad,None,Normal,5: Lying down (controlled)
1790359808.4282205,6864,Person B,76.4,2509.8,0.0,2486.41,1.04,True,Active,ArslanAzad,None,Normal,5: Lying down (controlled)
1790359808.5063643,6865,Person B,68.3,2503.3,0.0,2483.41,1.04,True,Active,ArslanAzad,None,Normal,5: Lying down (controlled)
1790359808.6287904,6866,Person B,62.0,2498.4,0.0,2489.5,1.15,True,Active,ArslanAzad,None,Normal,5: Lying down (controlled)
1790359808.69129,6867,Person B,58.3,2495.3,0.0,2498.82,1.47,True,Active,ArslanAzad,None,Normal,5: Lying down (controlled)
1790359808.77606,6868,Person B,57.4,2494.4,0.0,2511.27,1.83,True,Active,ArslanAzad,None,Normal,5: Lying down (controlled)
1790359808.860756,6869,Person B,62.0,2497.2,0.0,2541.03,2.8,True,Active,ArslanAzad,None,Normal,5: Lying down (controlled)
1790359808.9454255,6870,Person B,72.6,2503.1,0.0,2566.77,3.84,True,Active,ArslanAzad,None,Normal,5: Lying down (controlled)
1790359809.0456796,6871,Person B,89.1,2512.0,0.0,2592.44,4.89,True,Active,ArslanAzad,None,Normal,5: Lying down (controlled)
1790359809.2085152,6872,Person B,111.2,2523.6,0.0,2615.56,5.84,True,Active,ArslanAzad,None,Normal,5: Lying down (controlled)
1790359809.2775402,6873,Person B,137.4,2536.9,0.0,2636.93,6.69,True,Active,ArslanAzad,None,Normal,5: Lying down (controlled)
1790359809.3309195,6874,Person B,167.2,2551.8,0.0,2657.23,7.42,True,Active,ArslanAzad,None,Normal,5: Lying down (controlled)
1790359809.39344,6875,Person B,198.2,2568.5,0.0,2673.67,7.63,True,Active,ArslanAzad,None,Normal,5: Lying down (controlled)
1790359809.5250413,6876,Person B,228.9,2585.1,0.0,2678.89,7.66,True,Active,ArslanAzad,None,Normal,5: Lying down (controlled)
1790359809.5784607,6877,Person B,258.3,2601.3,0.0,2683.98,7.67,True,Active,ArslanAzad,None,Normal,5: Lying down (controlled)
1790359809.7634726,6878,Person B,285.9,2616.5,0.0,2685.7,7.62,True,Active,ArslanAzad,None,Normal,5: Lying down (controlled)
1790359809.810325,6879,Person B,308.9,2629.0,0.0,2686.43,7.57,True,Active,ArslanAzad,None,Normal,5: Lying down (controlled)
1790359809.894999,6880,Person B,324.3,2637.3,0.0,2664.02,7.03,True,Active,ArslanAzad,None,Normal,5: Lying down (controlled)
1790359809.9851007,6881,Person B,331.7,2641.3,0.0,2639.54,6.42,True,Active,ArslanAzad,None,Normal,5: Lying down (controlled)
1790359810.050039,6882,Person B,332.4,2641.5,0.0,2618.27,5.98,True,Active,ArslanAzad,None,Normal,5: Lying down (controlled)
1790359810.103456,6883,Person B,322.8,2636.2,0.0,2574.66,4.7,True,Active,ArslanAzad,None,Normal,5: Lying down (controlled)
1790359810.2193558,6884,Person B,307.6,2628.1,0.0,2561.13,4.28,True,Active,ArslanAzad,None,Normal,5: Lying down (controlled)
1790359810.2974741,6885,Person B,289.2,2617.4,0.0,2548.74,3.85,True,Active,ArslanAzad,None,Normal,5: Lying down (controlled)
1790359810.382109,6886,Person B,268.7,2605.1,0.0,2536.56,3.44,True,Active,ArslanAzad,None,Normal,5: Lying down (controlled)
1790359810.4668372,6887,Person B,246.8,2591.5,80.0,2527.82,3.15,True,Active,ArslanAzad,None,Normal,5: Lying down (controlled)
1790359810.5515597,6888,Person B,225.0,2577.8,0.0,2528.77,3.13,True,Active,ArslanAzad,None,Normal,5: Lying down (controlled)
1790359810.6519446,6889,Person B,203.7,2564.4,0.0,2532.93,3.19,True,Active,ArslanAzad,None,Normal,5: Lying down (controlled)
1790359810.73658,6890,Person B,186.5,2553.8,0.0,2542.67,3.47,True,Active,ArslanAzad,None,Normal,5: Lying down (controlled)
1790359810.852508,6891,Person B,177.1,2548.8,0.0,2580.84,4.47,True,Active,ArslanAzad,None,Normal,5: Lying down (controlled)
1790359810.9058678,6892,Person B,174.2,2548.8,0.0,2615.41,5.35,True,Active,ArslanAzad,None,Normal,5: Lying down (controlled)
1790359811.0217602,6893,Person B,178.9,2553.7,0.0,2627.7,5.63,True,Active,ArslanAzad,None,Normal,5: Lying down (controlled)
1790359811.0842566,6894,Person B,186.9,2560.8,0.0,2638.95,5.89,True,Active,ArslanAzad,None,Normal,5: Lying down (controlled)
1790359811.1845493,6895,Person B,197.6,2569.9,0.0,2648.63,6.02,True,Active,ArslanAzad,None,Normal,5: Lying down (controlled)
1790359811.2692766,6896,Person B,210.7,2581.0,0.0,2658.11,6.11,True,Active,ArslanAzad,None,Normal,5: Lying down (controlled)
1790359811.385275,6897,Person B,225.5,2593.8,0.0,2667.48,6.18,True,Active,ArslanAzad,None,Normal,5: Lying down (controlled)
1790359811.4387226,6898,Person B,241.0,2607.5,0.0,2678.08,6.28,True,Active,ArslanAzad,None,Normal,5: Lying down (controlled)
1790359811.5702727,6899,Person B,256.9,2621.7,0.0,2687.79,6.41,True,Active,ArslanAzad,None,Normal,5: Lying down (controlled)
1790359811.623677,6900,Person B,272.6,2636.0,0.0,2698.98,6.62,True,Active,ArslanAzad,None,Normal,5: Lying down (controlled)
1790359811.7082853,6901,Person B,284.5,2647.3,0.0,2704.99,6.79,True,Active,ArslanAzad,None,Normal,5: Lying down (controlled)
1790359811.8085437,6902,Person B,293.0,2655.8,0.0,2709.05,6.98,True,Active,ArslanAzad,None,Normal,5: Lying down (controlled)
1790359811.8866892,6903,Person B,300.4,2663.3,0.0,2710.41,7.04,True,Active,ArslanAzad,None,Normal,5: Lying down (controlled)
1790359812.0091543,6904,Person B,306.7,2669.7,0.0,2709.66,7.08,True,Active,ArslanAzad,None,Normal,5: Lying down (controlled)
1790359812.0716743,6905,Person B,312.5,2675.2,0.0,2709.91,7.12,True,Active,ArslanAzad,None,Normal,5: Lying down (controlled)
1790359812.1564038,6906,Person B,318.0,2679.8,0.0,2710.16,7.16,True,Active,ArslanAzad,None,Normal,5: Lying down (controlled)
1790359812.2723398,6907,Person B,323.3,2683.4,0.0,2709.42,7.21,True,Active,ArslanAzad,None,Normal,5: Lying down (controlled)
1790359812.3257675,6908,Person B,327.8,2686.4,0.0,2713.14,7.16,True,Active,ArslanAzad,None,Normal,5: Lying down (controlled)
1790359812.426005,6909,Person B,331.3,2689.0,0.0,2717.73,7.08,True,Active,ArslanAzad,None,Normal,5: Lying down (controlled)
1790359812.5263321,6910,Person B,333.4,2691.0,0.0,2721.33,7.01,True,Active,ArslanAzad,None,Normal,5: Lying down (controlled)
1790359812.6266448,6911,Person B,334.0,2692.7,0.0,2722.59,6.88,True,Active,ArslanAzad,None,Normal,5: Lying down (controlled)
1790359812.6891408,6912,Person B,333.0,2693.3,0.0,2713.81,6.75,True,Active,ArslanAzad,None,Normal,5: Lying down (controlled)
1790359812.773813,6913,Person B,330.9,2692.7,0.0,2701.96,6.61,True,Active,ArslanAzad,None,Normal,5: Lying down (controlled)
1790359812.8585033,6914,Person B,327.9,2691.1,0.0,2690.23,6.49,True,Active,ArslanAzad,None,Normal,5: Lying down (controlled)
1790359812.9588187,6915,Person B,324.0,2688.4,0.0,2678.52,6.37,True,Active,ArslanAzad,None,Normal,5: Lying down (controlled)
1790359813.043457,6916,Person B,319.2,2684.7,0.0,2667.81,6.24,True,Active,ArslanAzad,None,Normal,5: Lying down (controlled)
1790359813.1593523,6917,Person B,313.5,2680.1,0.0,2657.11,6.11,True,Active,ArslanAzad,None,Normal,5: Lying down (controlled)
1790359813.2284193,6918,Person B,307.6,2674.8,0.0,2653.71,6.03,True,Active,ArslanAzad,None,Normal,5: Lying down (controlled)
1790359813.3130271,6919,Person B,302.4,2669.2,0.0,2656.12,6.12,True,Active,ArslanAzad,None,Normal,5: Lying down (controlled)
1790359813.4289088,6920,Person B,298.1,2663.6,0.0,2660.74,6.24,True,Active,ArslanAzad,None,Normal,5: Lying down (controlled)
1790359813.491425,6921,Person B,295.0,2658.2,0.0,2665.38,6.35,True,Active,ArslanAzad,None,Normal,5: Lying down (controlled)
1790359813.6139143,6922,Person B,290.2,2651.9,0.0,2645.91,5.88,True,Active,ArslanAzad,None,Normal,5: Lying down (controlled)
1790359813.6608112,6923,Person B,285.2,2646.3,0.0,2640.93,5.67,True,Active,ArslanAzad,None,Normal,5: Lying down (controlled)
1790359813.761165,6924,Person B,279.6,2641.2,0.0,2633.7,5.4,True,Active,ArslanAzad,None,Normal,5: Lying down (controlled)
1790359813.8614955,6925,Person B,274.3,2637.1,0.0,2632.33,5.32,True,Active,ArslanAzad,None,Normal,5: Lying down (controlled)
1790359813.9461453,6926,Person B,269.7,2633.6,0.0,2628.35,5.33,True,Active,ArslanAzad,None,Normal,5: Lying down (controlled)
1790359814.030751,6927,Person B,266.2,2631.2,0.0,2629.72,5.41,True,Active,ArslanAzad,None,Normal,5: Lying down (controlled)
1790359814.1153786,6928,Person B,263.6,2629.4,0.0,2633.18,5.51,True,Active,ArslanAzad,None,Normal,5: Lying down (controlled)
1790359814.2091277,6929,Person B,261.4,2627.9,0.0,2638.94,5.68,True,Active,ArslanAzad,None,Normal,5: Lying down (controlled)
1790359814.309392,6930,Person B,259.3,2626.6,0.0,2645.61,5.81,True,Active,ArslanAzad,None,Normal,5: Lying down (controlled)
1790359814.4161634,6931,Person B,257.3,2625.4,0.0,2651.3,5.95,True,Active,ArslanAzad,None,Normal,5: Lying down (controlled)
1790359814.49429,6932,Person B,257.7,2625.8,0.0,2650.31,5.96,True,Active,ArslanAzad,None,Normal,5: Lying down (controlled)
1790359814.5568068,6933,Person B,259.0,2626.3,0.0,2647.22,5.94,True,Active,ArslanAzad,None,Normal,5: Lying down (controlled)
1790359814.6661549,6934,Person B,261.7,2627.1,0.0,2644.34,5.97,True,Active,ArslanAzad,None,Normal,5: Lying down (controlled)
1790359814.744294,6935,Person B,264.8,2628.0,0.0,2644.34,5.97,True,Active,ArslanAzad,None,Normal,5: Lying down (controlled)
1790359814.838018,6936,Person B,267.6,2629.2,0.0,2643.03,5.91,True,Active,ArslanAzad,None,Normal,5: Lying down (controlled)
1790359814.9161575,6937,Person B,269.5,2630.2,0.0,2641.53,5.8,True,Active,ArslanAzad,None,Normal,5: Lying down (controlled)
1790359815.0255032,6938,Person B,270.5,2630.9,0.0,2641.13,5.71,True,Active,ArslanAzad,None,Normal,5: Lying down (controlled)
1790359815.0880213,6939,Person B,270.3,2631.0,0.0,2639.74,5.63,True,Active,ArslanAzad,None,Normal,5: Lying down (controlled)
1790359815.1817443,6940,Person B,269.4,2630.9,0.0,2643.72,5.62,True,Active,ArslanAzad,None,Normal,5: Lying down (controlled)
1790359815.2754886,6941,Person B,268.0,2630.7,0.0,2647.89,5.66,True,Active,ArslanAzad,None,Normal,5: Lying down (controlled)
1790359815.353608,6942,Person B,266.8,2631.1,0.0,2653.07,5.69,True,Active,ArslanAzad,None,Normal,5: Lying down (controlled)
1790359815.4786193,6943,Person B,265.8,2632.3,0.0,2658.14,5.7,True,Active,ArslanAzad,None,Normal,5: Lying down (controlled)
1790359815.5411153,6944,Person B,264.8,2634.2,0.0,2662.22,5.71,True,Active,ArslanAzad,None,Normal,5: Lying down (controlled)
1790359815.650482,6945,Person B,264.0,2636.5,0.0,2666.4,5.75,True,Active,ArslanAzad,None,Normal,5: Lying down (controlled)
1790359815.7129579,6946,Person B,263.6,2639.3,0.0,2670.48,5.76,True,Active,ArslanAzad,None,Normal,5: Lying down (controlled)
1790359815.8067017,6947,Person B,263.9,2642.6,0.0,2674.66,5.79,True,Active,ArslanAzad,None,Normal,5: Lying down (controlled)
1790359815.916089,6948,Person B,264.7,2646.3,0.0,2678.74,5.81,True,Active,ArslanAzad,None,Normal,5: Lying down (controlled)
1790359815.9785838,6949,Person B,266.0,2650.5,0.0,2682.82,5.82,True,Active,ArslanAzad,None,Normal,5: Lying down (controlled)
1790359816.0723088,6950,Person B,267.4,2654.6,0.0,2685.91,5.83,True,Active,ArslanAzad,None,Normal,5: Lying down (controlled)
1790359816.197319,6951,Person B,268.7,2658.7,0.0,2689.99,5.85,True,Active,ArslanAzad,None,Normal,5: Lying down (controlled)
1790359816.244191,6952,Person B,269.6,2662.2,0.0,2688.79,5.81,True,Active,ArslanAzad,None,Normal,5: Lying down (controlled)
1790359816.353539,6953,Person B,270.1,2665.0,0.0,2686.5,5.75,True,Active,ArslanAzad,None,Normal,5: Lying down (controlled)
1790359816.431678,6954,Person B,270.2,2667.2,0.0,2684.21,5.69,True,Active,ArslanAzad,None,Normal,5: Lying down (controlled)
1790359816.5097785,6955,Person B,269.8,2668.8,0.0,2681.93,5.63,True,Active,ArslanAzad,None,Normal,5: Lying down (controlled)
1790359816.6347685,6956,Person B,269.0,2669.8,0.0,2679.64,5.57,True,Active,ArslanAzad,None,Normal,5: Lying down (controlled)
1790359816.6972656,6957,Person B,267.6,2669.8,0.0,2673.29,5.5,True,Active,ArslanAzad,None,Normal,5: Lying down (controlled)
1790359816.7910092,6958,Person B,265.6,2668.7,0.0,2665.84,5.4,True,Active,ArslanAzad,None,Normal,5: Lying down (controlled)
1790359816.869129,6959,Person B,263.1,2666.5,0.0,2658.5,5.33,True,Active,ArslanAzad,None,Normal,5: Lying down (controlled)
1790359816.994119,6960,Person B,260.0,2663.2,0.0,2650.07,5.24,True,Active,ArslanAzad,None,Normal,5: Lying down (controlled)
1790359817.0566354,6961,Person B,256.2,2658.8,0.0,2642.56,5.12,True,Active,ArslanAzad,None,Normal,5: Lying down (controlled)
1790359817.1660032,6962,Person B,252.1,2654.0,0.0,2637.14,5.03,True,Active,ArslanAzad,None,Normal,5: Lying down (controlled)
1790359817.2284982,6963,Person B,247.9,2648.9,0.0,2631.81,4.95,True,Active,ArslanAzad,None,Normal,5: Lying down (controlled)
1790359817.3222234,6964,Person B,243.6,2643.6,0.0,2627.48,4.87,True,Active,ArslanAzad,None,Normal,5: Lying down (controlled)
1790359817.4003618,6965,Person B,238.7,2637.8,0.0,2619.76,4.69,True,Active,ArslanAzad,None,Normal,5: Lying down (controlled)
1790359817.494105,6966,Person B,233.1,2631.5,0.0,2611.98,4.48,True,Active,ArslanAzad,None,Normal,5: Lying down (controlled)
1790359817.587831,6967,Person B,227.0,2625.0,0.0,2603.31,4.3,True,Active,ArslanAzad,None,Normal,5: Lying down (controlled)
1790359817.6815734,6968,Person B,220.8,2619.0,0.0,2600.88,4.17,True,Active,ArslanAzad,None,Normal,5: Lying down (controlled)
1790359817.7597125,6969,Person B,214.5,2613.6,0.0,2599.52,4.06,True,Active,ArslanAzad,None,Normal,5: Lying down (controlled)
1790359817.8534367,6970,Person B,208.3,2608.9,0.0,2598.24,3.97,True,Active,ArslanAzad,None,Normal,5: Lying down (controlled)
1790359817.9315567,6971,Person B,202.2,2604.9,0.0,2597.9,3.86,True,Active,ArslanAzad,None,Normal,5: Lying down (controlled)
1790359818.0253,6972,Person B,195.9,2601.0,0.0,2593.45,3.71,True,Active,ArslanAzad,None,Normal,5: Lying down (controlled)
1790359818.1190436,6973,Person B,188.8,2596.4,0.0,2580.72,3.47,True,Active,ArslanAzad,None,Normal,5: Lying down (controlled)
1790359818.2127852,6974,Person B,180.7,2590.8,0.0,2565.93,3.17,True,Active,ArslanAzad,None,Normal,5: Lying down (controlled)
1790359818.2909067,6975,Person B,172.2,2584.5,0.0,2551.26,2.9,True,Active,ArslanAzad,None,Normal,5: Lying down (controlled)
1790359818.3846505,6976,Person B,163.4,2577.6,0.0,2537.65,2.62,True,Active,ArslanAzad,None,Normal,5: Lying down (controlled)
1790359818.5096416,6977,Person B,154.7,2570.5,0.0,2527.31,2.45,True,Active,ArslanAzad,None,Normal,5: Lying down (controlled)
1790359818.5721405,6978,Person B,147.3,2564.3,0.0,2534.61,2.6,True,Active,ArslanAzad,None,Normal,5: Lying down (controlled)
1790359818.6971288,6979,Person B,141.7,2559.0,0.0,2543.22,2.88,True,Active,ArslanAzad,None,Normal,5: Lying down (controlled)
1790359818.7596245,6980,Person B,141.5,2557.1,0.0,2579.15,3.96,True,Active,ArslanAzad,None,Normal,5: Lying down (controlled)
1790359818.8377445,6981,Person B,146.3,2558.2,0.0,2612.53,4.9,True,Active,ArslanAzad,None,Normal,5: Lying down (controlled)
1790359818.9158628,6982,Person B,153.2,2560.7,0.0,2623.73,5.18,True,Active,ArslanAzad,None,Normal,5: Lying down (controlled)
1790359819.0096078,6983,Person B,162.7,2565.4,0.0,2634.98,5.47,True,Active,ArslanAzad,None,Normal,5: Lying down (controlled)
1790359819.087728,6984,Person B,175.0,2572.4,0.0,2645.31,5.75,True,Active,ArslanAzad,None,Normal,5: Lying down (controlled)
1790359819.1971147,6985,Person B,189.1,2581.1,0.0,2648.8,5.85,True,Active,ArslanAzad,None,Normal,5: Lying down (controlled)
1790359819.2752128,6986,Person B,204.8,2591.6,0.0,2654.08,5.9,True,Active,ArslanAzad,None,Normal,5: Lying down (controlled)
1790359819.368957,6987,Person B,221.3,2603.6,0.0,2659.05,5.89,True,Active,ArslanAzad,None,Normal,5: Lying down (controlled)
1790359819.4783454,6988,Person B,237.1,2615.3,0.0,2663.03,5.88,True,Active,ArslanAzad,None,Normal,5: Lying down (controlled)
1790359819.5408196,6989,Person B,251.6,2626.7,0.0,2668.0,5.87,True,Active,ArslanAzad,None,Normal,5: Lying down (controlled)
1790359819.6658118,6990,Person B,261.1,2635.2,0.0,2671.98,5.86,True,Active,ArslanAzad,None,Normal,5: Lying down (controlled)
1790359819.7126853,6991,Person B,266.1,2641.1,0.0,2675.96,5.86,True,Active,ArslanAzad,None,Normal,5: Lying down (controlled)
1790359819.8064284,6992,Person B,269.7,2646.4,0.0,2679.94,5.85,True,Active,ArslanAzad,None,Normal,5: Lying down (controlled)
1790359819.9470627,6993,Person B,271.9,2651.1,0.0,2683.92,5.84,True,Active,ArslanAzad,None,Normal,5: Lying down (controlled)
1790359819.9939349,6994,Person B,273.3,2655.5,0.0,2690.5,5.95,True,Active,ArslanAzad,None,Normal,5: Lying down (controlled)
1790359820.072054,6995,Person B,275.0,2660.3,0.0,2698.31,6.11,True,Active,ArslanAzad,None,Normal,5: Lying down (controlled)
1790359820.1814034,6996,Person B,277.1,2665.2,0.0,2705.02,6.24,True,Active,ArslanAzad,None,Normal,5: Lying down (controlled)
1790359820.259521,6997,Person B,280.0,2670.0,0.0,2709.88,6.4,True,Active,ArslanAzad,None,Normal,5: Lying down (controlled)
1790359820.3376422,6998,Person B,283.4,2674.9,0.0,2715.41,6.49,True,Active,ArslanAzad,None,Normal,5: Lying down (controlled)
1790359820.4313858,6999,Person B,287.0,2679.6,0.0,2718.62,6.53,True,Active,ArslanAzad,None,Normal,5: Lying down (controlled)
1790359820.525128,7000,Person B,290.7,2684.1,0.0,2720.72,6.54,True,Active,ArslanAzad,None,Normal,5: Lying down (controlled)
1790359820.6344967,7001,Person B,294.4,2688.5,0.0,2723.7,6.54,True,Active,ArslanAzad,None,Normal,5: Lying down (controlled)
1790359820.6970112,7002,Person B,298.1,2692.7,0.0,2725.69,6.53,True,Active,ArslanAzad,None,Normal,5: Lying down (controlled)
1790359820.806358,7003,Person B,302.5,2696.8,0.0,2729.47,6.67,True,Active,ArslanAzad,None,Normal,5: Lying down (controlled)
1790359820.9001238,7004,Person B,307.1,2700.6,0.0,2733.39,6.83,True,Active,ArslanAzad,None,Normal,5: Lying down (controlled)
1790359820.9626188,7005,Person B,312.1,2704.4,0.0,2741.79,7.06,True,Active,ArslanAzad,None,Normal,5: Lying down (controlled)
1790359821.056343,7006,Person B,317.7,2708.3,0.0,2750.36,7.31,True,Active,ArslanAzad,None,Normal,5: Lying down (controlled)
1790359821.1500864,7007,Person B,323.7,2712.5,0.0,2758.85,7.54,True,Active,ArslanAzad,None,Normal,5: Lying down (controlled)
1790359821.2282064,7008,Person B,330.4,2716.9,0.0,2767.39,7.77,True,Active,ArslanAzad,None,Normal,5: Lying down (controlled)
1790359821.3531957,7009,Person B,337.7,2721.4,0.0,2772.44,7.92,True,Active,ArslanAzad,None,Normal,5: Lying down (controlled)
1790359821.4157126,7010,Person B,346.1,2726.4,0.0,2781.05,8.14,True,Active,ArslanAzad,None,Normal,5: Lying down (controlled)
1790359821.5250802,7011,Person B,355.8,2731.9,0.0,2790.84,8.39,True,Active,ArslanAzad,None,Normal,5: Lying down (controlled)
1790359821.5875573,7012,Person B,366.5,2737.8,0.0,2798.25,8.57,True,Active,ArslanAzad,None,Normal,5: Lying down (controlled)
1790359821.6969256,7013,Person B,377.3,2743.8,0.0,2803.4,8.72,True,Active,ArslanAzad,None,Normal,5: Lying down (controlled)
1790359821.7750635,7014,Person B,388.1,2750.0,0.0,2809.57,8.87,True,Active,ArslanAzad,None,Normal,5: Lying down (controlled)
1790359821.8844094,7015,Person B,398.4,2755.9,0.0,2814.6,8.99,True,Active,ArslanAzad,None,Normal,5: Lying down (controlled)
1790359821.9469068,7016,Person B,408.1,2761.5,0.0,2819.66,9.12,True,Active,ArslanAzad,None,Normal,5: Lying down (controlled)
1790359822.0562766,7017,Person B,417.3,2766.8,0.0,2824.72,9.25,True,Active,ArslanAzad,None,Normal,5: Lying down (controlled)
1790359822.1343973,7018,Person B,426.0,2771.8,0.0,2829.8,9.38,True,Active,ArslanAzad,None,Normal,5: Lying down (controlled)
1790359822.2281387,7019,Person B,434.6,2776.8,0.0,2834.9,9.5,True,Active,ArslanAzad,None,Normal,5: Lying down (controlled)
1790359822.306262,7020,Person B,442.6,2781.4,0.0,2838.85,9.61,True,Active,ArslanAzad,None,Normal,5: Lying down (controlled)
1790359822.4000058,7021,Person B,449.9,2785.6,0.0,2843.8,9.72,True,Active,ArslanAzad,None,Normal,5: Lying down (controlled)
1790359822.4937463,7022,Person B,456.8,2789.5,0.0,2847.78,9.83,True,Active,ArslanAzad,None,Normal,5: Lying down (controlled)
1790359822.5718646,7023,Person B,463.5,2793.3,0.0,2851.76,9.93,True,Active,ArslanAzad,None,Normal,5: Lying down (controlled)
1790359822.681234,7024,Person B,469.9,2797.0,0.0,2856.57,10.02,True,Active,ArslanAzad,None,Normal,5: Lying down (controlled)
1790359822.7593513,7025,Person B,475.5,2800.6,0.0,2859.35,9.99,True,Active,ArslanAzad,None,Normal,5: Lying down (controlled)
1790359822.8530958,7026,Person B,479.5,2803.4,0.0,2853.86,9.83,True,Active,ArslanAzad,None,Normal,5: Lying down (controlled)
1790359822.9312346,7027,Person B,481.2,2804.5,0.0,2838.35,9.55,True,Active,ArslanAzad,None,Normal,5: Lying down (controlled)
1790359823.009353,7028,Person B,477.9,2801.8,0.0,2797.93,8.8,True,Active,ArslanAzad,None,Normal,5: Lying down (controlled)
1790359823.1186998,7029,Person B,471.4,2797.0,0.0,2777.39,8.34,True,Active,ArslanAzad,None,Normal,5: Lying down (controlled)
1790359823.1968408,7030,Person B,462.1,2790.4,0.0,2759.43,7.94,True,Active,ArslanAzad,None,Normal,5: Lying down (controlled)
1790359823.2749617,7031,Person B,452.4,2782.6,0.0,2751.78,8.0,True,Active,ArslanAzad,None,Normal,5: Lying down (controlled)
1790359823.3843067,7032,Person B,442.2,2774.7,0.0,2753.9,8.02,True,Active,ArslanAzad,None,Normal,5: Lying down (controlled)
1790359823.4564936,7033,Person B,432.0,2766.9,0.0,2758.71,8.13,True,Active,ArslanAzad,None,Normal,5: Lying down (controlled)
1790359823.565842,7034,Person B,422.0,2759.1,0.0,2763.66,8.26,True,Active,ArslanAzad,None,Normal,5: Lying down (controlled)
1790359823.6596048,7035,Person B,412.9,2751.4,0.0,2768.78,8.41,True,Active,ArslanAzad,None,Normal,5: Lying down (controlled)
1790359823.722101,7036,Person B,404.2,2743.6,0.0,2763.11,8.32,True,Active,ArslanAzad,None,Normal,5: Lying down (controlled)
1790359823.8208385,7037,Person B,396.1,2736.4,0.0,2754.75,8.14,True,Active,ArslanAzad,None,Normal,5: Lying down (controlled)
1790359823.898957,7038,Person B,391.6,2732.0,0.0,2747.82,8.01,True,Active,ArslanAzad,None,Normal,5: Lying down (controlled)
1790359823.9926796,7039,Person B,389.1,2728.8,0.0,2742.18,7.92,True,Active,ArslanAzad,None,Normal,5: Lying down (controlled)
1790359824.0864446,7040,Person B,388.4,2726.7,0.0,2737.67,7.85,True,Active,ArslanAzad,None,Normal,5: Lying down (controlled)
1790359824.1645644,7041,Person B,387.5,2725.4,0.0,2737.67,7.85,True,Active,ArslanAzad,None,Normal,5: Lying down (controlled)
1790359824.2582877,7042,Person B,386.2,2723.6,0.0,2734.29,7.8,True,Active,ArslanAzad,None,Normal,5: Lying down (controlled)
1790359824.3676567,7043,Person B,384.5,2721.6,0.0,2736.54,7.83,True,Active,ArslanAzad,None,Normal,5: Lying down (controlled)
1790359824.4301522,7044,Person B,382.6,2719.0,0.0,2735.24,7.94,True,Active,ArslanAzad,None,Normal,5: Lying down (controlled)
1790359824.5238953,7045,Person B,380.5,2715.9,0.0,2735.09,8.07,True,Active,ArslanAzad,None,Normal,5: Lying down (controlled)
1790359824.6176388,7046,Person B,379.5,2713.1,0.0,2733.96,8.2,True,Active,ArslanAzad,None,Normal,5: Lying down (controlled)
1790359824.7270048,7047,Person B,380.0,2710.8,0.0,2732.7,8.31,True,Active,ArslanAzad,None,Normal,5: Lying down (controlled)
1790359824.7895217,7048,Person B,381.1,2708.8,0.0,2729.59,8.3,True,Active,ArslanAzad,None,Normal,5: Lying down (controlled)
1790359824.9144962,7049,Person B,381.7,2706.9,0.0,2724.2,8.1,True,Active,ArslanAzad,None,Normal,5: Lying down (controlled)
1790359824.992633,7050,Person B,381.3,2705.1,0.0,2719.29,7.82,True,Active,ArslanAzad,None,Normal,5: Lying down (controlled)
1790359825.0551286,7051,Person B,379.5,2702.9,0.0,2713.45,7.54,True,Active,ArslanAzad,None,Normal,5: Lying down (controlled)
1790359825.1644957,7052,Person B,376.7,2700.7,0.0,2708.8,7.27,True,Active,ArslanAzad,None,Normal,5: Lying down (controlled)
1790359825.2426157,7053,Person B,372.4,2697.9,0.0,2703.22,7.01,True,Active,ArslanAzad,None,Normal,5: Lying down (controlled)
1790359825.320717,7054,Person B,367.0,2695.2,0.0,2701.5,6.89,True,Active,ArslanAzad,None,Normal,5: Lying down (controlled)
1790359825.4457262,7055,Person B,361.0,2693.3,0.0,2708.45,6.87,True,Active,ArslanAzad,None,Normal,5: Lying down (controlled)
1790359825.5082042,7056,Person B,354.8,2692.6,0.0,2718.86,6.93,True,Active,ArslanAzad,None,Normal,5: Lying down (controlled)
1790359825.5863214,7057,Person B,348.5,2693.0,0.0,2728.28,6.99,True,Active,ArslanAzad,None,Normal,5: Lying down (controlled)
1790359825.7113335,7058,Person B,342.7,2694.6,0.0,2737.7,7.05,True,Active,ArslanAzad,None,Normal,5: Lying down (controlled)
1790359825.7738297,7059,Person B,337.8,2697.0,0.0,2741.54,7.02,True,Active,ArslanAzad,None,Normal,5: Lying down (controlled)
1790359825.8831756,7060,Person B,334.2,2700.0,0.0,2744.4,6.99,True,Active,ArslanAzad,None,Normal,5: Lying down (controlled)
1790359825.945693,7061,Person B,331.8,2703.7,0.0,2747.14,6.94,True,Active,ArslanAzad,None,Normal,5: Lying down (controlled)
1790359826.055039,7062,Person B,330.3,2708.5,0.0,2754.6,6.84,True,Active,ArslanAzad,None,Normal,5: Lying down (controlled)
1790359826.1331809,7063,Person B,329.6,2714.7,0.0,2763.94,6.71,True,Active,ArslanAzad,None,Normal,5: Lying down (controlled)
1790359826.2113006,7064,Person B,329.0,2721.9,0.0,2772.3,6.59,True,Active,ArslanAzad,None,Normal,5: Lying down (controlled)
1790359826.305024,7065,Person B,327.7,2729.2,0.0,2779.45,6.42,True,Active,ArslanAzad,None,Normal,5: Lying down (controlled)
1790359826.398767,7066,Person B,325.2,2735.9,0.0,2782.55,6.25,True,Active,ArslanAzad,None,Normal,5: Lying down (controlled)
1790359826.5081358,7067,Person B,321.4,2742.0,0.0,2784.56,6.06,True,Active,ArslanAzad,None,Normal,5: Lying down (controlled)
1790359826.5706291,7068,Person B,316.3,2747.5,0.0,2786.61,5.87,True,Active,ArslanAzad,None,Normal,5: Lying down (controlled)
1790359826.664374,7069,Person B,310.5,2752.8,0.0,2787.8,5.7,True,Active,ArslanAzad,None,Normal,5: Lying down (controlled)
1790359826.7893639,7070,Person B,304.0,2758.1,0.0,2790.0,5.53,True,Active,ArslanAzad,None,Normal,5: Lying down (controlled)
1790359826.976855,7071,Person B,296.9,2763.3,0.0,2791.23,5.37,True,Active,ArslanAzad,None,Normal,5: Lying down (controlled)
1790359827.0393498,7072,Person B,289.4,2767.9,0.0,2792.48,5.2,True,Active,ArslanAzad,None,Normal,5: Lying down (controlled)
1790359827.1018448,7073,Person B,282.2,2771.4,0.0,2791.31,5.16,True,Active,ArslanAzad,None,Normal,5: Lying down (controlled)
1790359827.1799634,7074,Person B,275.9,2774.3,0.0,2794.66,5.24,True,Active,ArslanAzad,None,Normal,5: Lying down (controlled)
1790359827.258085,7075,Person B,270.4,2776.5,0.0,2795.75,5.25,True,Active,ArslanAzad,None,Normal,5: Lying down (controlled)
1790359827.3518276,7076,Person B,265.9,2778.3,0.0,2795.93,5.29,True,Active,ArslanAzad,None,Normal,5: Lying down (controlled)
1790359827.4143221,7077,Person B,261.8,2779.3,0.0,2790.49,5.2,True,Active,ArslanAzad,None,Normal,5: Lying down (controlled)
1790359827.4985113,7078,Person B,258.1,2779.3,0.0,2783.07,5.11,True,Active,ArslanAzad,None,Normal,5: Lying down (controlled)
1790359827.5576687,7079,Person B,254.5,2778.3,0.0,2774.49,4.98,True,Active,ArslanAzad,None,Normal,5: Lying down (controlled)
1790359827.647419,7080,Person B,251.1,2776.3,0.0,2767.0,4.87,True,Active,ArslanAzad,None,Normal,5: Lying down (controlled)
1790359827.7592394,7081,Person B,247.9,2773.3,0.0,2758.52,4.76,True,Active,ArslanAzad,None,Normal,5: Lying down (controlled)
1790359827.8281977,7082,Person B,245.4,2769.2,0.0,2749.47,4.76,True,Active,ArslanAzad,None,Normal,5: Lying down (controlled)
1790359827.9077916,7083,Person B,243.2,2764.6,0.0,2743.57,4.79,True,Active,ArslanAzad,None,Normal,5: Lying down (controlled)
1790359828.0076544,7084,Person B,240.5,2758.9,0.0,2735.52,4.78,True,Active,ArslanAzad,None,Normal,5: Lying down (controlled)
1790359828.087876,7085,Person B,237.6,2752.4,0.0,2728.46,4.77,True,Active,ArslanAzad,None,Normal,5: Lying down (controlled)
1790359828.2175171,7086,Person B,233.8,2744.2,0.0,2710.94,4.65,True,Active,ArslanAzad,None,Normal,5: Lying down (controlled)
1790359828.2984996,7087,Person B,229.8,2734.7,0.0,2692.44,4.54,True,Active,ArslanAzad,None,Normal,5: Lying down (controlled)
1790359828.3725884,7088,Person B,224.8,2724.4,0.0,2676.33,4.24,True,Active,ArslanAzad,None,Normal,5: Lying down (controlled)
1790359828.4679499,7089,Person B,218.3,2713.2,0.0,2657.83,3.8,True,Active,ArslanAzad,None,Normal,5: Lying down (controlled)
1790359828.5376623,7090,Person B,204.8,2699.7,0.0,2623.91,2.18,True,Active,ArslanAzad,None,Normal,5: Lying down (controlled)
1790359828.6377158,7091,Person B,185.3,2684.2,0.0,2594.22,0.75,True,Active,ArslanAzad,None,Normal,5: Lying down (controlled)
1790359828.7181578,7092,Person B,153.1,2665.0,0.0,2549.73,-2.11,True,Active,ArslanAzad,None,Normal,5: Lying down (controlled)
1790359828.799019,7093,Person B,116.6,2640.0,0.0,2487.72,-3.13,True,Active,ArslanAzad,None,Normal,5: Lying down (controlled)
1790359828.9227357,7094,Person B,78.8,2612.5,0.0,2455.59,-3.5,True,Active,ArslanAzad,None,Normal,5: Lying down (controlled)
1790359828.9827774,7095,Person B,40.4,2582.6,0.0,2425.09,-3.71,True,Active,ArslanAzad,None,Normal,5: Lying down (controlled)
1790359829.093005,7096,Person B,2.4,2551.4,0.0,2395.35,-3.83,True,Active,ArslanAzad,None,Normal,5: Lying down (controlled)
1790359829.1580408,7097,Person B,-34.8,2518.7,0.0,2362.36,-3.86,True,Active,ArslanAzad,None,Normal,5: Lying down (controlled)
1790359829.2479897,7098,Person B,-70.6,2484.0,-80.0,2327.51,-3.94,True,Active,ArslanAzad,None,Normal,5: Lying down (controlled)
1790359829.3427825,7099,Person B,-104.8,2448.7,0.0,2304.99,-4.13,True,Active,ArslanAzad,None,Normal,5: Lying down (controlled)
1790359829.4703908,7100,Person B,-131.3,2414.2,0.0,2282.97,-4.14,True,Active,ArslanAzad,None,Normal,5: Lying down (controlled)
1790359829.5378993,7101,Person B,-152.1,2380.6,80.0,2264.69,-4.41,True,Active,ArslanAzad,None,Normal,5: Lying down (controlled)
1790359829.6477957,7102,Person B,-160.6,2350.1,0.0,2250.13,-4.56,True,Active,ArslanAzad,None,Normal,5: Lying down (controlled)
1790359829.7232127,7103,Person B,-166.1,2325.3,-80.0,2244.14,-4.88,True,Active,ArslanAzad,None,Normal,5: Lying down (controlled)
1790359829.7779646,7104,Person B,-170.8,2303.4,0.0,2240.68,-5.04,True,Active,ArslanAzad,None,Normal,5: Lying down (controlled)
1790359829.897707,7105,Person B,-175.5,2283.8,0.0,2233.34,-5.24,True,Active,ArslanAzad,None,Normal,5: Lying down (controlled)
1790359829.9626245,7106,Person B,-180.4,2265.8,0.0,2219.86,-5.4,True,Active,ArslanAzad,None,Normal,5: Lying down (controlled)
1790359830.062879,7107,Person B,-186.4,2248.0,0.0,2189.98,-5.74,True,Active,ArslanAzad,None,Normal,5: Lying down (controlled)
1790359830.163133,7108,Person B,-192.9,2231.3,0.0,2166.71,-5.96,True,Active,ArslanAzad,None,Normal,5: Lying down (controlled)
1790359830.2256477,7109,Person B,-198.4,2216.1,0.0,2158.34,-5.88,True,Active,ArslanAzad,None,Normal,5: Lying down (controlled)
1790359830.3324473,7110,Person B,-204.2,2203.0,0.0,2157.56,-5.93,True,Active,ArslanAzad,None,Normal,5: Lying down (controlled)
1790359830.4105933,7111,Person B,-209.0,2191.6,80.0,2155.46,-5.91,True,Active,ArslanAzad,None,Normal,5: Lying down (controlled)
1790359830.5108793,7112,Person B,-213.5,2181.5,0.0,2153.68,-5.97,True,Active,ArslanAzad,None,Normal,5: Lying down (controlled)
1790359830.626734,7113,Person B,-217.0,2171.7,0.0,2149.91,-6.03,True,Active,ArslanAzad,None,Normal,5: Lying down (controlled)
1790359830.6957438,7114,Person B,-220.5,2162.2,0.0,2149.56,-6.2,True,Active,ArslanAzad,None,Normal,5: Lying down (controlled)
1790359830.7803748,7115,Person B,-223.7,2153.5,0.0,2149.99,-6.3,True,Active,ArslanAzad,None,Normal,5: Lying down (controlled)
1790359830.8650107,7116,Person B,-226.9,2145.8,0.0,2146.57,-6.45,True,Active,ArslanAzad,None,Normal,5: Lying down (controlled)
1790359830.9808898,7117,Person B,-229.6,2141.0,0.0,2145.15,-6.59,True,Active,ArslanAzad,None,Normal,5: Lying down (controlled)
1790359831.0655189,7118,Person B,-232.2,2138.0,0.0,2139.77,-6.74,True,Active,ArslanAzad,None,Normal,5: Lying down (controlled)
1790359831.1501505,7119,Person B,-235.3,2135.5,0.0,2136.91,-6.77,True,Active,ArslanAzad,None,Normal,5: Lying down (controlled)
1790359831.2126467,7120,Person B,-238.5,2132.2,80.0,2128.33,-6.88,True,Active,ArslanAzad,None,Normal,5: Lying down (controlled)
1790359831.3285468,7121,Person B,-242.1,2128.2,0.0,2119.76,-6.99,True,Active,ArslanAzad,None,Normal,5: Lying down (controlled)
1790359831.4131799,7122,Person B,-245.7,2123.7,0.0,2113.06,-7.07,True,Active,ArslanAzad,None,Normal,5: Lying down (controlled)
1790359831.4978151,7123,Person B,-249.3,2119.1,0.0,2108.34,-7.14,True,Active,ArslanAzad,None,Normal,5: Lying down (controlled)
1790359831.551221,7124,Person B,-252.4,2113.5,80.0,2097.55,-7.2,True,Active,ArslanAzad,None,Normal,5: Lying down (controlled)
1790359831.6514585,7125,Person B,-255.3,2106.9,0.0,2087.89,-7.29,True,Active,ArslanAzad,None,Normal,5: Lying down (controlled)
1790359831.7673519,7126,Person B,-257.7,2100.3,0.0,2083.92,-7.31,True,Active,ArslanAzad,None,Normal,5: Lying down (controlled)
1790359831.8298464,7127,Person B,-258.3,2095.6,0.0,2099.18,-6.89,True,Active,ArslanAzad,None,Normal,5: Lying down (controlled)
1790359831.9366286,7128,Person B,-257.0,2093.7,0.0,2119.41,-6.45,True,Active,ArslanAzad,None,Normal,5: Lying down (controlled)
1790359831.9991484,7129,Person B,-252.9,2097.2,0.0,2167.3,-5.59,True,Active,ArslanAzad,None,Normal,5: Lying down (controlled)
1790359832.1372042,7130,Person B,-248.4,2100.7,80.0,2158.24,-5.58,True,Active,ArslanAzad,None,Normal,5: Lying down (controlled)
1790359832.1997259,7131,Person B,-244.2,2104.7,0.0,2154.85,-5.75,True,Active,ArslanAzad,None,Normal,5: Lying down (controlled)
1790359832.3535087,7132,Person B,-240.3,2109.0,0.0,2151.38,-5.9,True,Active,ArslanAzad,None,Normal,5: Lying down (controlled)
1790359832.4159842,7133,Person B,-236.5,2113.0,0.0,2143.74,-6.0,True,Active,ArslanAzad,None,Normal,5: Lying down (controlled)
1790359832.4537401,7134,Person B,-233.3,2114.8,0.0,2111.67,-6.28,True,Active,ArslanAzad,None,Normal,5: Lying down (controlled)
1790359832.5384073,7135,Person B,-230.2,2117.1,0.0,2107.03,-6.38,True,Active,ArslanAzad,None,Normal,5: Lying down (controlled)
