timestamp,sequence_id,target_id,x_mm,y_mm,speed_mms,distance_mm,angle_deg,valid,status,volunteer_id,fall_subtype,pace_variant,action_label
1790274830.4156303,3409,Person 14,-263.8,1634.9,390.0,1533.6,-8.44,True,Active,ArslanAzad,None,Normal,1: Walking
1790274830.4750445,3410,Person 14,-256.0,1612.1,320.0,1485.8,-7.81,True,Active,ArslanAzad,None,Normal,1: Walking
1790274830.5412955,3411,Person 14,-247.1,1586.0,240.0,1440.32,-7.5,True,Active,ArslanAzad,None,Normal,1: Walking
1790274830.6115596,3412,Person 14,-237.6,1556.5,160.0,1396.65,-7.4,True,Active,ArslanAzad,None,Normal,1: Walking
1790274830.6662958,3413,Person 14,-226.8,1524.2,240.0,1356.08,-6.99,True,Active,ArslanAzad,None,Normal,1: Walking
1790274830.7115982,3414,Person 14,-214.8,1489.6,160.0,1318.33,-6.45,True,Active,ArslanAzad,None,Normal,1: Walking
1790274830.7613258,3415,Person 14,-201.5,1453.1,80.0,1282.91,-5.95,True,Active,ArslanAzad,None,Normal,1: Walking
1790274830.8287551,3416,Person 14,-187.1,1415.3,80.0,1251.96,-5.59,True,Active,ArslanAzad,None,Normal,1: Walking
1790274830.9479535,3417,Person 14,-172.6,1376.2,80.0,1223.9,-5.63,True,Active,ArslanAzad,None,Normal,1: Walking
1790274831.0312982,3418,Person 14,-160.9,1339.5,-80.0,1203.61,-6.01,True,Active,ArslanAzad,None,Normal,1: Walking
1790274831.0969665,3419,Person 14,-152.1,1305.3,0.0,1182.96,-6.65,True,Active,ArslanAzad,None,Normal,1: Walking
1790274831.151557,3420,Person 14,-145.7,1273.1,-160.0,1158.25,-6.84,True,Active,ArslanAzad,None,Normal,1: Walking
1790274831.206572,3421,Person 14,-141.4,1243.3,-160.0,1139.27,-7.31,True,Active,ArslanAzad,None,Normal,1: Walking
1790274831.2665539,3422,Person 14,-139.0,1216.4,-240.0,1126.85,-7.96,True,Active,ArslanAzad,None,Normal,1: Walking
1790274831.336306,3423,Person 14,-139.4,1192.3,-320.0,1117.85,-8.7,True,Active,ArslanAzad,None,Normal,1: Walking
1790274831.3915613,3424,Person 14,-141.8,1171.1,-480.0,1111.39,-8.9,True,Active,ArslanAzad,None,Normal,1: Walking
1790274831.4414177,3425,Person 14,-145.9,1153.3,-390.0,1111.7,-9.0,True,Active,ArslanAzad,None,Normal,1: Walking
1790274831.513974,3426,Person 14,-151.1,1138.6,-480.0,1112.69,-9.0,True,Active,ArslanAzad,None,Normal,1: Walking
1790274831.5913835,3427,Person 14,-156.0,1127.1,-560.0,1115.87,-8.71,True,Active,ArslanAzad,None,Normal,1: Walking
1790274831.651313,3428,Person 14,-160.1,1118.1,-480.0,1119.53,-8.58,True,Active,ArslanAzad,None,Normal,1: Walking
1790274831.7014518,3429,Person 14,-163.0,1111.9,-560.0,1125.31,-8.48,True,Active,ArslanAzad,None,Normal,1: Walking
1790274831.7615156,3430,Person 14,-165.9,1108.9,-640.0,1132.38,-8.48,True,Active,ArslanAzad,None,Normal,1: Walking
1790274831.8265347,3431,Person 14,-168.2,1108.8,-720.0,1141.43,-8.46,True,Active,ArslanAzad,None,Normal,1: Walking
1790274831.9062567,3432,Person 14,-169.6,1111.1,-720.0,1151.62,-8.49,True,Active,ArslanAzad,None,Normal,1: Walking
1790274831.9737084,3433,Person 14,-169.7,1115.7,-480.0,1163.49,-8.4,True,Active,ArslanAzad,None,Normal,1: Walking
1790274832.0267172,3434,Person 14,-169.8,1122.4,-560.0,1177.78,-8.45,True,Active,ArslanAzad,None,Normal,1: Walking
1790274832.0864239,3435,Person 14,-170.7,1133.3,-480.0,1220.79,-8.62,True,Active,ArslanAzad,None,Normal,1: Walking
1790274832.1516402,3436,Person 14,-172.6,1148.8,-480.0,1268.77,-8.75,True,Active,ArslanAzad,None,Normal,1: Walking
1790274832.221308,3437,Person 14,-176.1,1168.4,-480.0,1314.92,-8.93,True,Active,ArslanAzad,None,Normal,1: Walking
1790274832.3212633,3438,Person 14,-179.8,1192.1,-640.0,1359.39,-8.63,True,Active,ArslanAzad,None,Normal,1: Walking
1790274832.386429,3439,Person 14,-183.9,1219.7,-560.0,1404.34,-8.48,True,Active,ArslanAzad,None,Normal,1: Walking
1790274832.473706,3440,Person 14,-189.0,1255.1,-480.0,1490.03,-8.41,True,Active,ArslanAzad,None,Normal,1: Walking
1790274832.573878,3441,Person 14,-196.9,1295.6,-160.0,1553.76,-9.15,True,Active,ArslanAzad,None,Normal,1: Walking
1790274832.7066212,3442,Person 14,-206.7,1340.6,-240.0,1611.44,-9.57,True,Active,ArslanAzad,None,Normal,1: Walking
1790274832.753518,3443,Person 14,-217.3,1389.5,-160.0,1663.06,-9.55,True,Active,ArslanAzad,None,Normal,1: Walking
1790274832.821055,3444,Person 14,-226.5,1439.6,-80.0,1686.94,-9.04,True,Active,ArslanAzad,None,Normal,1: Walking
1790274832.9767616,3445,Person 14,-233.5,1488.1,80.0,1710.81,-8.5,True,Active,ArslanAzad,None,Normal,1: Walking
1790274833.0369704,3446,Person 14,-238.9,1534.0,80.0,1730.72,-8.21,True,Active,ArslanAzad,None,Normal,1: Walking
1790274833.1154692,3447,Person 14,-242.9,1577.1,80.0,1747.12,-8.03,True,Active,ArslanAzad,None,Normal,1: Walking
1790274833.1980155,3448,Person 14,-247.4,1616.9,240.0,1759.71,-8.13,True,Active,ArslanAzad,None,Normal,1: Walking
1790274833.2670803,3449,Person 14,-253.5,1653.1,-320.0,1771.39,-8.7,True,Active,ArslanAzad,None,Normal,1: Walking
1790274833.414236,3450,Person 14,-259.8,1681.6,160.0,1781.3,-9.08,True,Active,ArslanAzad,None,Normal,1: Walking
1790274833.4676194,3451,Person 14,-263.7,1704.2,390.0,1783.09,-9.23,True,Active,ArslanAzad,None,Normal,1: Walking
1790274833.5520887,3452,Person 14,-265.1,1720.8,480.0,1777.51,-9.13,True,Active,ArslanAzad,None,Normal,1: Walking
1790274833.6302087,3453,Person 14,-265.7,1732.3,320.0,1777.51,-9.13,True,Active,ArslanAzad,None,Normal,1: Walking
1790274833.7148416,3454,Person 14,-267.2,1740.9,480.0,1774.23,-9.08,True,Active,ArslanAzad,None,Normal,1: Walking
1790274833.799592,3455,Person 14,-269.2,1746.2,640.0,1766.23,-8.89,True,Active,ArslanAzad,None,Normal,1: Walking
1790274833.9155102,3456,Person 14,-271.2,1748.5,560.0,1756.41,-8.74,True,Active,ArslanAzad,None,Normal,1: Walking
1790274834.0001385,3457,Person 14,-273.2,1748.2,560.0,1747.06,-8.69,True,Active,ArslanAzad,None,Normal,1: Walking
1790274834.068886,3458,Person 14,-274.7,1745.5,480.0,1735.2,-8.75,True,Active,ArslanAzad,None,Normal,1: Walking
1790274834.1691327,3459,Person 14,-274.4,1740.6,480.0,1722.51,-8.85,True,Active,ArslanAzad,None,Normal,1: Walking
1790274834.3384807,3460,Person 14,-273.0,1730.9,480.0,1683.31,-9.13,True,Active,ArslanAzad,None,Normal,1: Walking
1790274834.4009814,3461,Person 14,-271.5,1717.3,480.0,1646.46,-9.47,True,Active,ArslanAzad,None,Normal,1: Walking
1790274834.4699872,3462,Person 14,-271.1,1700.8,390.0,1614.12,-9.92,True,Active,ArslanAzad,None,Normal,1: Walking
1790274834.5296655,3463,Person 14,-271.8,1680.6,560.0,1579.66,-10.54,True,Active,ArslanAzad,None,Normal,1: Walking
1790274834.6011724,3464,Person 14,-272.8,1657.0,560.0,1543.49,-10.83,True,Active,ArslanAzad,None,Normal,1: Walking
1790274834.7170873,3465,Person 14,-275.1,1630.3,480.0,1507.35,-11.32,True,Active,ArslanAzad,None,Normal,1: Walking
1790274834.8017173,3466,Person 14,-277.4,1600.7,390.0,1468.91,-11.39,True,Active,ArslanAzad,None,Normal,1: Walking
1790274834.886369,3467,Person 14,-280.0,1568.5,480.0,1434.62,-11.66,True,Active,ArslanAzad,None,Normal,1: Walking
1790274834.9710512,3468,Person 14,-283.2,1534.4,480.0,1405.52,-12.16,True,Active,ArslanAzad,None,Normal,1: Walking
1790274835.0556688,3469,Person 14,-286.8,1498.2,390.0,1373.39,-12.66,True,Active,ArslanAzad,None,Normal,1: Walking
1790274835.140315,3470,Person 14,-289.9,1463.3,160.0,1346.39,-12.79,True,Active,ArslanAzad,None,Normal,1: Walking
1790274835.2405646,3471,Person 14,-291.2,1429.5,240.0,1316.99,-12.45,True,Active,ArslanAzad,None,Normal,1: Walking
1790274835.334311,3472,Person 14,-289.9,1396.2,160.0,1284.63,-11.9,True,Active,ArslanAzad,None,Normal,1: Walking
1790274835.418943,3473,Person 14,-284.7,1363.5,160.0,1248.7,-10.94,True,Active,ArslanAzad,None,Normal,1: Walking
1790274835.5036912,3474,Person 14,-275.6,1328.8,80.0,1185.82,-9.66,True,Active,ArslanAzad,None,Normal,1: Walking
1790274835.603668,3475,Person 14,-264.6,1293.3,160.0,1138.3,-9.4,True,Active,ArslanAzad,None,Normal,1: Walking
1790274835.6726618,3476,Person 14,-253.0,1259.6,80.0,1116.64,-8.96,True,Active,ArslanAzad,None,Normal,1: Walking
1790274835.7572997,3477,Person 14,-240.0,1227.5,160.0,1095.74,-8.4,True,Active,ArslanAzad,None,Normal,1: Walking
1790274835.8419263,3478,Person 14,-225.8,1196.6,0.0,1076.08,-8.23,True,Active,ArslanAzad,None,Normal,1: Walking
1790274835.9421823,3479,Person 14,-210.8,1167.3,80.0,1057.83,-8.21,True,Active,ArslanAzad,None,Normal,1: Walking
1790274836.0736675,3480,Person 14,-195.6,1138.9,0.0,1039.31,-8.08,True,Active,ArslanAzad,None,Normal,1: Walking
1790274836.1426706,3481,Person 14,-181.8,1111.3,-80.0,1020.5,-8.23,True,Active,ArslanAzad,None,Normal,1: Walking
1790274836.2207973,3482,Person 14,-170.0,1085.2,-80.0,1006.79,-8.4,True,Active,ArslanAzad,None,Normal,1: Walking
1790274836.3054278,3483,Person 14,-162.4,1061.0,-160.0,997.08,-9.29,True,Active,ArslanAzad,None,Normal,1: Walking
1790274836.4213538,3484,Person 14,-159.8,1041.7,-160.0,991.21,-10.05,True,Active,ArslanAzad,None,Normal,1: Walking
1790274836.4747567,3485,Person 14,-159.3,1026.7,-320.0,989.69,-10.54,True,Active,ArslanAzad,None,Normal,1: Walking
1790274836.5748754,3486,Person 14,-160.7,1013.7,-480.0,991.0,-10.94,True,Active,ArslanAzad,None,Normal,1: Walking
1790274836.659501,3487,Person 14,-163.3,1002.7,-480.0,991.6,-10.81,True,Active,ArslanAzad,None,Normal,1: Walking
1790274836.744167,3488,Person 14,-166.7,993.8,-480.0,993.94,-10.9,True,Active,ArslanAzad,None,Normal,1: Walking
1790274836.8223114,3489,Person 14,-170.5,987.1,-390.0,998.06,-10.92,True,Active,ArslanAzad,None,Normal,1: Walking
1790274836.9446983,3490,Person 14,-174.5,982.8,-390.0,1003.39,-10.68,True,Active,ArslanAzad,None,Normal,1: Walking
1790274837.0263908,3491,Person 14,-178.4,981.1,-390.0,1010.09,-10.55,True,Active,ArslanAzad,None,Normal,1: Walking
1790274837.123168,3492,Person 14,-182.5,981.4,-390.0,1016.54,-10.66,True,Active,ArslanAzad,None,Normal,1: Walking
1790274837.1765752,3493,Person 14,-186.0,983.3,-480.0,1021.97,-11.06,True,Active,ArslanAzad,None,Normal,1: Walking
1790274837.2768698,3494,Person 14,-189.1,986.7,-720.0,1030.4,-11.42,True,Active,ArslanAzad,None,Normal,1: Walking
1790274837.4083848,3495,Person 14,-192.5,993.5,-640.0,1062.97,-11.67,True,Active,ArslanAzad,None,Normal,1: Walking
1790274837.461747,3496,Person 14,-195.0,1003.9,-640.0,1097.86,-11.19,True,Active,ArslanAzad,None,Normal,1: Walking
1790274837.5619192,3497,Person 14,-197.7,1018.0,-480.0,1135.16,-10.81,True,Active,ArslanAzad,None,Normal,1: Walking
1790274837.6244178,3498,Person 14,-200.5,1035.6,-480.0,1172.08,-10.62,True,Active,ArslanAzad,None,Normal,1: Walking
1790274837.7090724,3499,Person 14,-203.7,1056.7,-480.0,1211.33,-10.51,True,Active,ArslanAzad,None,Normal,1: Walking
1790274837.8094454,3500,Person 14,-208.8,1081.0,-480.0,1251.64,-10.91,True,Active,ArslanAzad,None,Normal,1: Walking
1790274837.9097586,3501,Person 14,-218.5,1112.6,-560.0,1339.03,-12.16,True,Active,ArslanAzad,None,Normal,1: Walking
1790274838.010031,3502,Person 14,-230.8,1150.4,-390.0,1411.68,-12.73,True,Active,ArslanAzad,None,Normal,1: Walking
1790274838.0788057,3503,Person 14,-243.5,1194.0,-390.0,1474.81,-12.65,True,Active,ArslanAzad,None,Normal,1: Walking
1790274838.1634748,3504,Person 14,-256.3,1242.2,-320.0,1528.49,-12.55,True,Active,ArslanAzad,None,Normal,1: Walking
1790274838.2793515,3505,Person 14,-270.6,1291.6,-160.0,1576.19,-13.13,True,Active,ArslanAzad,None,Normal,1: Walking
1790274838.3483543,3506,Person 14,-285.7,1341.2,-160.0,1614.57,-13.03,True,Active,ArslanAzad,None,Normal,1: Walking
1790274838.442102,3507,Person 14,-299.4,1390.3,-160.0,1643.7,-12.29,True,Active,ArslanAzad,None,Normal,1: Walking
1790274838.5111103,3508,Person 14,-312.7,1437.9,-80.0,1664.99,-12.1,True,Active,ArslanAzad,None,Normal,1: Walking
1790274838.6423059,3509,Person 14,-324.6,1483.5,80.0,1681.73,-11.66,True,Active,ArslanAzad,None,Normal,1: Walking
1790274838.7491114,3510,Person 14,-333.4,1527.0,160.0,1695.44,-11.05,True,Active,ArslanAzad,None,Normal,1: Walking
1790274838.795986,3511,Person 14,-337.0,1563.8,160.0,1706.88,-10.74,True,Active,ArslanAzad,None,Normal,1: Walking
1790274838.9118814,3512,Person 14,-337.4,1594.6,240.0,1714.19,-10.59,True,Active,ArslanAzad,None,Normal,1: Walking
1790274838.9652493,3513,Person 14,-337.4,1619.7,390.0,1720.59,-10.82,True,Active,ArslanAzad,None,Normal,1: Walking
1790274839.0496502,3514,Person 14,-336.5,1639.6,320.0,1721.57,-10.81,True,Active,ArslanAzad,None,Normal,1: Walking
1790274839.149944,3515,Person 14,-332.4,1655.1,390.0,1719.47,-10.62,True,Active,ArslanAzad,None,Normal,1: Walking
1790274839.2436907,3516,Person 14,-327.3,1666.7,320.0,1717.76,-10.5,True,Active,ArslanAzad,None,Normal,1: Walking
1790274839.3283217,3517,Person 14,-323.3,1674.6,480.0,1713.28,-10.42,True,Active,ArslanAzad,None,Normal,1: Walking
1790274839.4129925,3518,Person 14,-319.4,1679.8,560.0,1708.36,-10.45,True,Active,ArslanAzad,None,Normal,1: Walking
1790274839.5445516,3519,Person 14,-316.4,1682.7,640.0,1704.43,-10.48,True,Active,ArslanAzad,None,Normal,1: Walking
1790274839.5977247,3520,Person 14,-314.6,1683.4,560.0,1698.97,-10.41,True,Active,ArslanAzad,None,Normal,1: Walking
1790274839.6823752,3521,Person 14,-312.9,1682.2,480.0,1691.99,-10.25,True,Active,ArslanAzad,None,Normal,1: Walking
1790274839.7826266,3522,Person 14,-311.0,1679.4,390.0,1683.23,-10.13,True,Active,ArslanAzad,None,Normal,1: Walking
1790274839.851633,3523,Person 14,-307.5,1675.5,480.0,1675.93,-9.9,True,Active,ArslanAzad,None,Normal,1: Walking
1790274839.9675844,3524,Person 14,-303.1,1670.7,390.0,1666.52,-9.64,True,Active,ArslanAzad,None,Normal,1: Walking
1790274840.0300598,3525,Person 14,-298.2,1665.3,390.0,1657.81,-9.3,True,Active,ArslanAzad,None,Normal,1: Walking
1790274840.1299052,3526,Person 14,-292.8,1659.1,390.0,1647.49,-9.04,True,Active,ArslanAzad,None,Normal,1: Walking
1790274840.230171,3527,Person 14,-286.9,1652.0,560.0,1633.4,-8.84,True,Active,ArslanAzad,None,Normal,1: Walking
1790274840.2993174,3528,Person 14,-280.2,1643.9,390.0,1617.36,-8.64,True,Active,ArslanAzad,None,Normal,1: Walking
1790274840.415248,3529,Person 14,-272.1,1632.2,320.0,1575.73,-8.36,True,Active,ArslanAzad,None,Normal,1: Walking
1790274840.4842625,3530,Person 14,-264.6,1617.0,320.0,1536.61,-8.68,True,Active,ArslanAzad,None,Normal,1: Walking
1790274840.5718892,3531,Person 14,-257.6,1598.2,320.0,1494.95,-8.89,True,Active,ArslanAzad,None,Normal,1: Walking
1790274840.668663,3532,Person 14,-249.5,1576.4,390.0,1454.97,-8.5,True,Active,ArslanAzad,None,Normal,1: Walking
1790274840.746784,3533,Person 14,-239.9,1551.5,390.0,1415.09,-7.8,True,Active,ArslanAzad,None,Normal,1: Walking
1790274840.8535547,3534,Person 14,-228.7,1524.2,320.0,1380.14,-6.95,True,Active,ArslanAzad,None,Normal,1: Walking
1790274840.9316828,3535,Person 14,-215.7,1493.8,390.0,1339.13,-5.91,True,Active,ArslanAzad,None,Normal,1: Walking
1790274841.0163317,3536,Person 14,-200.5,1460.8,240.0,1301.41,-4.72,True,Active,ArslanAzad,None,Normal,1: Walking
1790274841.1058106,3537,Person 14,-180.2,1422.8,160.0,1234.93,-2.23,True,Active,ArslanAzad,None,Normal,1: Walking
1790274841.1854632,3538,Person 14,-155.8,1380.3,80.0,1174.0,0.05,True,Active,ArslanAzad,None,Normal,1: Walking
1790274841.2857146,3539,Person 14,-128.2,1336.1,80.0,1117.99,2.41,True,Active,ArslanAzad,None,Normal,1: Walking
1790274841.3703504,3540,Person 14,-96.7,1291.8,-80.0,1079.2,4.41,True,Active,ArslanAzad,None,Normal,1: Walking
1790274841.4862223,3541,Person 14,-63.0,1248.8,-320.0,1052.35,5.78,True,Active,ArslanAzad,None,Normal,1: Walking
1790274841.563188,3542,Person 14,-28.8,1208.7,80.0,1045.74,6.98,True,Active,ArslanAzad,None,Normal,1: Walking
1790274841.6413114,3543,Person 14,4.1,1172.0,-640.0,1044.03,7.54,True,Active,ArslanAzad,None,Normal,1: Walking
1790274841.7713108,3544,Person 14,36.6,1138.4,-80.0,1046.0,8.69,True,Active,ArslanAzad,None,Normal,1: Walking
1790274841.8181834,3545,Person 14,67.4,1109.1,-640.0,1052.82,9.29,True,Active,ArslanAzad,None,Normal,1: Walking
1790274841.90282,3546,Person 14,95.7,1083.9,-320.0,1059.72,9.56,True,Active,ArslanAzad,None,Normal,1: Walking
1790274842.0186975,3547,Person 14,118.9,1065.6,-320.0,1066.99,9.93,True,Active,ArslanAzad,None,Normal,1: Walking
1790274842.1288073,3548,Person 14,137.3,1054.4,-390.0,1077.99,9.88,True,Active,ArslanAzad,None,Normal,1: Walking
1790274842.188179,3549,Person 14,150.8,1049.4,-480.0,1082.41,9.68,True,Active,ArslanAzad,None,Normal,1: Walking
1790274842.2572227,3550,Person 14,160.3,1049.3,-240.0,1089.64,9.4,True,Active,ArslanAzad,None,Normal,1: Walking
1790274842.3574815,3551,Person 14,165.9,1054.9,-480.0,1114.83,8.36,True,Active,ArslanAzad,None,Normal,1: Walking
1790274842.4512286,3552,Person 14,167.8,1063.9,-160.0,1137.41,7.37,True,Active,ArslanAzad,None,Normal,1: Walking
1790274842.5293689,3553,Person 14,166.4,1075.5,-160.0,1157.55,6.1,True,Active,ArslanAzad,None,Normal,1: Walking
1790274842.63045,3554,Person 14,159.6,1089.1,-160.0,1173.46,4.4,True,Active,ArslanAzad,None,Normal,1: Walking
1790274842.708573,3555,Person 14,148.4,1103.6,80.0,1185.42,2.8,True,Active,ArslanAzad,None,Normal,1: Walking
1790274842.802331,3556,Person 14,128.9,1119.5,-80.0,1204.15,-0.9,True,Active,ArslanAzad,None,Normal,1: Walking
1790274842.8960536,3557,Person 14,99.1,1135.0,240.0,1211.38,-5.4,True,Active,ArslanAzad,None,Normal,1: Walking
1790274842.9741948,3558,Person 14,61.2,1149.0,-320.0,1217.55,-9.17,True,Active,ArslanAzad,None,Normal,1: Walking
1790274843.0522945,3559,Person 14,15.8,1162.5,-160.0,1232.39,-12.75,True,Active,ArslanAzad,None,Normal,1: Walking
1790274843.1495597,3560,Person 14,-35.9,1176.1,-320.0,1257.55,-15.64,True,Active,ArslanAzad,None,Normal,1: Walking
1790274843.2432806,3561,Person 14,-92.6,1188.3,-390.0,1290.21,-18.29,True,Active,ArslanAzad,None,Normal,1: Walking
1790274843.3214006,3562,Person 14,-153.7,1198.4,-80.0,1314.03,-20.72,True,Active,ArslanAzad,None,Normal,1: Walking
1790274843.4151454,3563,Person 14,-219.1,1206.2,-560.0,1338.81,-23.37,True,Active,ArslanAzad,None,Normal,1: Walking
1790274843.524513,3564,Person 14,-288.2,1212.7,-720.0,1373.47,-25.95,True,Active,ArslanAzad,None,Normal,1: Walking
1790274843.5898232,3565,Person 14,-361.8,1216.8,-1040.0,1400.11,-28.96,True,Active,ArslanAzad,None,Normal,1: Walking
1790274843.6835701,3566,Person 14,-434.6,1219.5,-1440.0,1439.92,-31.25,True,Active,ArslanAzad,None,Normal,1: Walking
1790274843.7773147,3567,Person 14,-503.7,1226.8,-1280.0,1511.25,-32.19,True,Active,ArslanAzad,None,Normal,1: Walking
1790274843.8677776,3568,Person 14,-571.3,1240.5,-1040.0,1596.82,-33.01,True,Active,ArslanAzad,None,Normal,5: Lying down (controlled)
1790274843.9542348,3569,Person 14,-636.3,1260.3,-1360.0,1676.33,-33.37,True,Active,ArslanAzad,None,Normal,5: Lying down (controlled)
1790274844.0455182,3570,Person 14,-699.5,1286.7,-80.0,1765.92,-33.36,True,Active,ArslanAzad,None,Normal,5: Lying down (controlled)
1790274844.1410077,3571,Person 14,-759.3,1335.5,-1360.0,1985.04,-30.35,True,Active,ArslanAzad,None,Normal,5: Lying down (controlled)
1790274844.2191298,3572,Person 14,-816.8,1396.2,-1440.0,2110.09,-29.53,True,Active,ArslanAzad,None,Normal,5: Lying down (controlled)
1790274844.2972682,3573,Person 14,-870.7,1464.6,-1280.0,2191.91,-29.22,True,Active,ArslanAzad,None,Normal,5: Lying down (controlled)
1790274844.3910103,3574,Person 14,-920.3,1536.9,-1280.0,2244.36,-29.26,True,Active,ArslanAzad,None,Normal,5: Lying down (controlled)
1790274844.5003588,3575,Person 14,-964.5,1612.7,-1280.0,2277.43,-29.46,True,Active,ArslanAzad,None,Normal,5: Lying down (controlled)
1790274844.5784771,3576,Person 14,-1003.9,1689.1,-1280.0,2298.24,-29.77,True,Active,ArslanAzad,None,Normal,5: Lying down (controlled)
1790274844.6599967,3577,Person 14,-1038.4,1760.8,-1280.0,2303.59,-29.95,True,Active,ArslanAzad,None,Normal,5: Lying down (controlled)
1790274844.7537405,3578,Person 14,-1067.3,1826.7,-1280.0,2309.82,-30.12,True,Active,ArslanAzad,None,Normal,5: Lying down (controlled)
1790274844.831862,3579,Person 14,-1091.8,1886.7,-1280.0,2315.58,-30.26,True,Active,ArslanAzad,None,Normal,5: Lying down (controlled)
1790274844.9568524,3580,Person 14,-1112.0,1939.3,-1280.0,2319.47,-30.38,True,Active,ArslanAzad,None,Normal,5: Lying down (controlled)
1790274845.0193481,3581,Person 14,-1129.7,1968.2,-1280.0,2323.88,-30.52,True,Active,ArslanAzad,None,Normal,5: Lying down (controlled)
1790274845.11309,3582,Person 14,-1144.2,1984.9,-1280.0,2327.28,-30.61,True,Active,ArslanAzad,None,Normal,5: Lying down (controlled)
1790274845.19121,3583,Person 14,-1156.8,1994.7,-240.0,2339.77,-30.74,True,Active,ArslanAzad,None,Normal,5: Lying down (controlled)
1790274845.3162007,3584,Person 14,-1167.8,2000.9,-240.0,2353.14,-30.86,True,Active,ArslanAzad,None,Normal,5: Lying down (controlled)
1790274845.378696,3585,Person 14,-1177.6,2007.0,-80.0,2379.38,-30.79,True,Active,ArslanAzad,None,Normal,5: Lying down (controlled)
1790274845.4724405,3586,Person 14,-1186.4,2014.5,-80.0,2407.35,-30.7,True,Active,ArslanAzad,None,Normal,5: Lying down (controlled)
1790274845.578288,3587,Person 14,-1195.2,2024.4,-80.0,2433.45,-30.58,True,Active,ArslanAzad,None,Normal,5: Lying down (controlled)
1790274845.6583936,3588,Person 14,-1204.0,2036.2,-80.0,2456.11,-30.51,True,Active,ArslanAzad,None,Normal,5: Lying down (controlled)
1790274845.736511,3589,Person 14,-1212.8,2049.8,-80.0,2477.4,-30.44,True,Active,ArslanAzad,None,Normal,5: Lying down (controlled)
1790274845.8146317,3590,Person 14,-1221.2,2064.0,-80.0,2484.45,-30.39,True,Active,ArslanAzad,None,Normal,5: Lying down (controlled)
1790274845.9239993,3591,Person 14,-1229.2,2078.7,-80.0,2491.14,-30.38,True,Active,ArslanAzad,None,Normal,5: Lying down (controlled)
1790274846.0177453,3592,Person 14,-1236.9,2093.9,-80.0,2497.33,-30.35,True,Active,ArslanAzad,None,Normal,5: Lying down (controlled)
1790274846.1225078,3593,Person 14,-1243.7,2108.8,-80.0,2502.66,-30.34,True,Active,ArslanAzad,None,Normal,5: Lying down (controlled)
1790274846.2070062,3594,Person 14,-1249.7,2123.4,-80.0,2509.35,-30.33,True,Active,ArslanAzad,None,Normal,5: Lying down (controlled)
1790274846.2695017,3595,Person 14,-1254.8,2136.1,-80.0,2514.68,-30.31,True,Active,ArslanAzad,None,Normal,5: Lying down (controlled)
1790274846.3788695,3596,Person 14,-1259.0,2146.7,-80.0,2520.0,-30.29,True,Active,ArslanAzad,None,Normal,5: Lying down (controlled)
1790274846.4569874,3597,Person 14,-1262.5,2155.3,-80.0,2525.33,-30.27,True,Active,ArslanAzad,None,Normal,5: Lying down (controlled)
1790274846.5351295,3598,Person 14,-1265.3,2162.3,-80.0,2530.66,-30.25,True,Active,ArslanAzad,None,Normal,5: Lying down (controlled)
1790274846.6489992,3599,Person 14,-1267.4,2167.8,-80.0,2535.48,-30.22,True,Active,ArslanAzad,None,Normal,5: Lying down (controlled)
1790274846.7114952,3600,Person 14,-1269.5,2173.0,-80.0,2539.94,-30.21,True,Active,ArslanAzad,None,Normal,5: Lying down (controlled)
1790274846.8052192,3601,Person 14,-1271.3,2177.6,0.0,2539.94,-30.21,True,Active,ArslanAzad,None,Normal,5: Lying down (controlled)
1790274846.8989613,3602,Person 14,-1272.9,2181.6,0.0,2539.94,-30.21,True,Active,ArslanAzad,None,Normal,5: Lying down (controlled)
1790274846.9771013,3603,Person 14,-1274.3,2185.1,0.0,2539.94,-30.21,True,Active,ArslanAzad,None,Normal,5: Lying down (controlled)
1790274847.0864494,3604,Person 14,-1275.4,2188.0,0.0,2539.94,-30.21,True,Active,ArslanAzad,None,Normal,5: Lying down (controlled)
1790274847.151573,3605,Person 14,-1276.3,2190.4,0.0,2539.94,-30.21,True,Active,ArslanAzad,None,Normal,5: Lying down (controlled)
1790274847.276562,3606,Person 14,-1277.0,2192.3,0.0,2539.94,-30.21,True,Active,ArslanAzad,None,Normal,5: Lying down (controlled)
1790274847.323435,3607,Person 14,-1277.5,2193.7,0.0,2539.94,-30.21,True,Active,ArslanAzad,None,Normal,5: Lying down (controlled)
1790274847.4328015,3608,Person 14,-1277.8,2194.6,0.0,2539.94,-30.21,True,Active,ArslanAzad,None,Normal,5: Lying down (controlled)
1790274847.526547,3609,Person 14,-1278.0,2195.0,0.0,2539.94,-30.21,True,Active,ArslanAzad,None,Normal,5: Lying down (controlled)
1790274847.589041,3610,Person 14,-1278.0,2195.0,0.0,2539.94,-30.21,True,Active,ArslanAzad,None,Normal,5: Lying down (controlled)
1790274847.6887774,3611,Person 14,-1278.0,2195.0,0.0,2539.94,-30.21,True,Active,ArslanAzad,None,Normal,5: Lying down (controlled)
1790274847.766897,3612,Person 14,-1278.0,2195.0,0.0,2539.94,-30.21,True,Active,ArslanAzad,None,Normal,5: Lying down (controlled)
1790274847.891907,3613,Person 14,-1278.0,2195.0,0.0,2539.94,-30.21,True,Active,ArslanAzad,None,Normal,5: Lying down (controlled)
1790274847.954405,3614,Person 14,-1278.0,2195.0,0.0,2539.94,-30.21,True,Active,ArslanAzad,None,Normal,5: Lying down (controlled)
1790274848.048146,3615,Person 14,-1278.0,2195.0,0.0,2539.94,-30.21,True,Active,ArslanAzad,None,Normal,5: Lying down (controlled)
1790274848.1451547,3616,Person 14,-1278.0,2195.0,0.0,2539.94,-30.21,True,Active,ArslanAzad,None,Normal,5: Lying down (controlled)
1790274848.223279,3617,Person 14,-1278.0,2195.0,0.0,2539.94,-30.21,True,Active,ArslanAzad,None,Normal,5: Lying down (controlled)
1790274848.3326464,3618,Person 14,-1278.0,2195.0,0.0,2539.94,-30.21,True,Active,ArslanAzad,None,Normal,5: Lying down (controlled)
1790274848.395142,3619,Person 14,-1278.0,2195.0,0.0,2539.94,-30.21,True,Active,ArslanAzad,None,Normal,5: Lying down (controlled)
1790274848.488885,3620,Person 14,-1278.0,2195.0,0.0,2539.94,-30.21,True,Active,ArslanAzad,None,Normal,5: Lying down (controlled)
1790274848.567005,3621,Person 14,-1278.0,2195.0,0.0,2539.94,-30.21,True,Active,ArslanAzad,None,Normal,5: Lying down (controlled)
1790274848.7002544,3622,Person 14,-1278.0,2195.0,0.0,2539.94,-30.21,True,Active,ArslanAzad,None,Normal,5: Lying down (controlled)
1790274848.747127,3623,Person 14,-1278.0,2195.0,0.0,2539.94,-30.21,True,Active,ArslanAzad,None,Normal,5: Lying down (controlled)
1790274848.8408692,3624,Person 14,-1278.0,2195.0,0.0,2539.94,-30.21,True,Active,ArslanAzad,None,Normal,5: Lying down (controlled)
1790274848.9658585,3625,Person 14,-1278.0,2195.0,0.0,2539.94,-30.21,True,Active,ArslanAzad,None,Normal,5: Lying down (controlled)
1790274849.0283577,3626,Person 14,-1278.0,2195.0,0.0,2539.94,-30.21,True,Active,ArslanAzad,None,Normal,5: Lying down (controlled)
1790274849.1064756,3627,Person 14,-1278.0,2195.0,0.0,2539.94,-30.21,True,Active,ArslanAzad,None,Normal,5: Lying down (controlled)
1790274849.2437146,3628,Person 14,-1278.0,2195.0,0.0,2539.94,-30.21,True,Active,ArslanAzad,None,Normal,5: Lying down (controlled)
1790274849.290606,3629,Person 14,-1278.0,2195.0,0.0,2539.94,-30.21,True,Active,ArslanAzad,None,Normal,5: Lying down (controlled)
1790274849.3843317,3630,Person 14,-1278.0,2195.0,0.0,2539.94,-30.21,True,Active,ArslanAzad,None,Normal,5: Lying down (controlled)
1790274849.4936984,3631,Person 14,-1278.0,2195.0,0.0,2539.94,-30.21,True,Active,ArslanAzad,None,Normal,5: Lying down (controlled)
1790274849.5561922,3632,Person 14,-1278.0,2195.0,0.0,2539.94,-30.21,True,Active,ArslanAzad,None,Normal,5: Lying down (controlled)
1790274849.6696427,3633,Person 14,-1278.0,2195.0,0.0,2539.94,-30.21,True,Active,ArslanAzad,None,Normal,5: Lying down (controlled)
1790274849.7321432,3634,Person 14,-1278.0,2195.0,0.0,2539.94,-30.21,True,Active,ArslanAzad,None,Normal,5: Lying down (controlled)
1790274849.8415103,3635,Person 14,-1278.0,2195.0,0.0,2539.94,-30.21,True,Active,ArslanAzad,None,Normal,5: Lying down (controlled)
1790274849.935254,3636,Person 14,-1278.0,2195.0,0.0,2539.94,-30.21,True,Active,ArslanAzad,None,Normal,5: Lying down (controlled)
1790274849.9977496,3637,Person 14,-1278.0,2195.0,0.0,2539.94,-30.21,True,Active,ArslanAzad,None,Normal,5: Lying down (controlled)
1790274850.1071174,3638,Person 14,-1278.0,2195.0,0.0,2539.94,-30.21,True,Active,ArslanAzad,None,Normal,5: Lying down (controlled)
1790274850.2044702,3639,Person 14,-1278.0,2195.0,0.0,2539.94,-30.21,True,Active,ArslanAzad,None,Normal,5: Lying down (controlled)
1790274850.2669713,3640,Person 14,-1278.0,2195.0,0.0,2539.94,-30.21,True,Active,ArslanAzad,None,Normal,5: Lying down (controlled)
1790274850.3450909,3641,Person 14,-1278.0,2195.0,0.0,2539.94,-30.21,True,Active,ArslanAzad,None,Normal,5: Lying down (controlled)
1790274850.4388356,3642,Person 14,-1278.0,2195.0,0.0,2539.94,-30.21,True,Active,ArslanAzad,None,Normal,5: Lying down (controlled)
1790274850.5482013,3643,Person 14,-1278.0,2195.0,0.0,2539.94,-30.21,True,Active,ArslanAzad,None,Normal,5: Lying down (controlled)
1790274850.6263402,3644,Person 14,-1278.0,2195.0,0.0,2539.94,-30.21,True,Active,ArslanAzad,None,Normal,5: Lying down (controlled)
1790274850.7090619,3645,Person 14,-1278.0,2195.0,0.0,2539.94,-30.21,True,Active,ArslanAzad,None,Normal,5: Lying down (controlled)
1790274850.8184345,3646,Person 14,-1278.0,2195.0,0.0,2539.94,-30.21,True,Active,ArslanAzad,None,Normal,5: Lying down (controlled)
1790274850.8809307,3647,Person 14,-1278.0,2195.0,0.0,2539.94,-30.21,True,Active,ArslanAzad,None,Normal,5: Lying down (controlled)
1790274851.0059426,3648,Person 14,-1278.0,2195.0,0.0,2539.94,-30.21,True,Active,ArslanAzad,None,Normal,5: Lying down (controlled)
1790274851.0684373,3649,Person 14,-1278.0,2195.0,0.0,2539.94,-30.21,True,Active,ArslanAzad,None,Normal,5: Lying down (controlled)
1790274851.1934276,3650,Person 14,-1278.0,2195.0,0.0,2539.94,-30.21,True,Active,ArslanAzad,None,Normal,5: Lying down (controlled)
1790274851.2587228,3651,Person 14,-1278.0,2195.0,0.0,2539.94,-30.21,True,Active,ArslanAzad,None,Normal,5: Lying down (controlled)
1790274851.3212185,3652,Person 14,-1278.0,2195.0,0.0,2539.94,-30.21,True,Active,ArslanAzad,None,Normal,5: Lying down (controlled)
1790274851.4462092,3653,Person 14,-1278.0,2195.0,0.0,2539.94,-30.21,True,Active,ArslanAzad,None,Normal,5: Lying down (controlled)
1790274851.5087044,3654,Person 14,-1278.0,2195.0,0.0,2539.94,-30.21,True,Active,ArslanAzad,None,Normal,5: Lying down (controlled)
1790274851.6337154,3655,Person 14,-1278.0,2195.0,0.0,2539.94,-30.21,True,Active,ArslanAzad,None,Normal,5: Lying down (controlled)
1790274851.6805882,3656,Person 14,-1278.0,2195.0,0.0,2539.94,-30.21,True,Active,ArslanAzad,None,Normal,5: Lying down (controlled)
1790274851.7773788,3657,Person 14,-1278.0,2195.0,0.0,2539.94,-30.21,True,Active,ArslanAzad,None,Normal,5: Lying down (controlled)
1790274851.9023697,3658,Person 14,-1278.0,2195.0,0.0,2539.94,-30.21,True,Active,ArslanAzad,None,Normal,5: Lying down (controlled)
1790274851.949242,3659,Person 14,-1278.0,2195.0,0.0,2539.94,-30.21,True,Active,ArslanAzad,None,Normal,5: Lying down (controlled)
1790274852.0429845,3660,Person 14,-1278.0,2195.0,0.0,2539.94,-30.21,True,Active,ArslanAzad,None,Normal,5: Lying down (controlled)
1790274852.1367483,3661,Person 14,-1278.0,2195.0,0.0,2539.94,-30.21,True,Active,ArslanAzad,None,Normal,5: Lying down (controlled)
1790274852.249307,3662,Person 14,-1278.0,2195.0,0.0,2539.94,-30.21,True,Active,ArslanAzad,None,Normal,5: Lying down (controlled)
1790274852.311782,3663,Person 14,-1278.0,2195.0,0.0,2539.94,-30.21,True,Active,ArslanAzad,None,Normal,5: Lying down (controlled)
1790274852.3899012,3664,Person 14,-1278.0,2195.0,0.0,2539.94,-30.21,True,Active,ArslanAzad,None,Normal,5: Lying down (controlled)
1790274852.4836464,3665,Person 14,-1278.0,2195.0,0.0,2539.94,-30.21,True,Active,ArslanAzad,None,Normal,5: Lying down (controlled)
1790274852.5773892,3666,Person 14,-1278.0,2195.0,0.0,2539.94,-30.21,True,Active,ArslanAzad,None,Normal,5: Lying down (controlled)
1790274852.671152,3667,Person 14,-1278.0,2195.0,0.0,2539.94,-30.21,True,Active,ArslanAzad,None,Normal,5: Lying down (controlled)
1790274852.7596705,3668,Person 14,-1278.0,2195.0,0.0,2539.94,-30.21,True,Active,ArslanAzad,None,Normal,5: Lying down (controlled)
1790274852.8690627,3669,Person 14,-1278.0,2195.0,0.0,2539.94,-30.21,True,Active,ArslanAzad,None,Normal,5: Lying down (controlled)
1790274852.931537,3670,Person 14,-1278.0,2195.0,0.0,2539.94,-30.21,True,Active,ArslanAzad,None,Normal,5: Lying down (controlled)
1790274853.0721734,3671,Person 14,-1278.0,2195.0,0.0,2539.94,-30.21,True,Active,ArslanAzad,None,Normal,5: Lying down (controlled)
1790274853.1190448,3672,Person 14,-1278.0,2195.0,0.0,2539.94,-30.21,True,Active,ArslanAzad,None,Normal,5: Lying down (controlled)
1790274853.2251356,3673,Person 14,-1278.0,2195.0,0.0,2539.94,-30.21,True,Active,ArslanAzad,None,Normal,5: Lying down (controlled)
1790274853.287657,3674,Person 14,-1278.0,2195.0,0.0,2539.94,-30.21,True,Active,ArslanAzad,None,Normal,5: Lying down (controlled)
1790274853.3970032,3675,Person 14,-1278.0,2195.0,0.0,2539.94,-30.21,True,Active,ArslanAzad,None,Normal,5: Lying down (controlled)
1790274853.45952,3676,Person 14,-1278.0,2195.0,0.0,2539.94,-30.21,True,Active,ArslanAzad,None,Normal,5: Lying down (controlled)
1790274853.5532424,3677,Person 14,-1278.0,2195.0,0.0,2539.94,-30.21,True,Active,ArslanAzad,None,Normal,5: Lying down (controlled)
1790274853.6648185,3678,Person 14,-1278.0,2195.0,0.0,2539.94,-30.21,True,Active,ArslanAzad,None,Normal,5: Lying down (controlled)
1790274853.7436683,3679,Person 14,-1278.0,2195.0,0.0,2539.94,-30.21,True,Active,ArslanAzad,None,Normal,5: Lying down (controlled)
1790274853.824781,3680,Person 14,-1278.0,2195.0,0.0,2539.94,-30.21,True,Active,ArslanAzad,None,Normal,5: Lying down (controlled)
1790274853.9185228,3681,Person 14,-1278.0,2195.0,0.0,2539.94,-30.21,True,Active,ArslanAzad,None,Normal,5: Lying down (controlled)
1790274854.043514,3682,Person 14,-1278.0,2195.0,0.0,2539.94,-30.21,True,Active,ArslanAzad,None,Normal,5: Lying down (controlled)
1790274854.090386,3683,Person 14,-1278.0,2195.0,0.0,2539.94,-30.21,True,Active,ArslanAzad,None,Normal,5: Lying down (controlled)
1790274854.215381,3684,Person 14,-1278.0,2195.0,0.0,2539.94,-30.21,True,Active,ArslanAzad,None,Normal,5: Lying down (controlled)
1790274854.2958562,3685,Person 14,-1278.0,2195.0,0.0,2539.94,-30.21,True,Active,ArslanAzad,None,Normal,5: Lying down (controlled)
1790274854.3739753,3686,Person 14,-1278.0,2195.0,0.0,2539.94,-30.21,True,Active,ArslanAzad,None,Normal,5: Lying down (controlled)
1790274854.4520953,3687,Person 14,-1278.0,2195.0,0.0,2539.94,-30.21,True,Active,ArslanAzad,None,Normal,5: Lying down (controlled)
1790274854.530215,3688,Person 14,-1278.0,2195.0,0.0,2539.94,-30.21,True,Active,ArslanAzad,None,Normal,5: Lying down (controlled)
1790274854.6239598,3689,Person 14,-1278.0,2195.0,0.0,2539.94,-30.21,True,Active,ArslanAzad,None,Normal,5: Lying down (controlled)
1790274854.7177017,3690,Person 14,-1278.0,2195.0,0.0,2539.94,-30.21,True,Active,ArslanAzad,None,Normal,5: Lying down (controlled)
1790274854.8002777,3691,Person 14,-1278.0,2195.0,0.0,2539.94,-30.21,True,Active,ArslanAzad,None,Normal,5: Lying down (controlled)
1790274854.8940213,3692,Person 14,-1278.0,2195.0,0.0,2539.94,-30.21,True,Active,ArslanAzad,None,Normal,5: Lying down (controlled)
1790274854.9721408,3693,Person 14,-1278.0,2195.0,0.0,2539.94,-30.21,True,Active,ArslanAzad,None,Normal,5: Lying down (controlled)
1790274855.0815284,3694,Person 14,-1278.0,2195.0,0.0,2539.94,-30.21,True,Active,ArslanAzad,None,Normal,5: Lying down (controlled)
1790274855.1596472,3695,Person 14,-1278.0,2195.0,0.0,2539.94,-30.21,True,Active,ArslanAzad,None,Normal,5: Lying down (controlled)
1790274855.305639,3696,Person 14,-1278.0,2195.0,0.0,2539.94,-30.21,True,Active,ArslanAzad,None,Normal,5: Lying down (controlled)
1790274855.3524904,3697,Person 14,-1278.0,2195.0,0.0,2539.94,-30.21,True,Active,ArslanAzad,None,Normal,5: Lying down (controlled)
1790274855.508728,3698,Person 14,-1278.0,2195.0,0.0,2539.94,-30.21,True,Active,ArslanAzad,None,Normal,5: Lying down (controlled)
1790274855.5399754,3699,Person 14,-1278.0,2195.0,0.0,2539.94,-30.21,True,Active,ArslanAzad,None,Normal,5: Lying down (controlled)
1790274855.6180947,3700,Person 14,-1278.0,2195.0,0.0,2539.94,-30.21,True,Active,ArslanAzad,None,Normal,5: Lying down (controlled)
1790274855.696214,3701,Person 14,-1278.0,2195.0,0.0,2539.94,-30.21,True,Active,ArslanAzad,None,Normal,5: Lying down (controlled)
1790274855.7772298,3702,Person 14,-1278.0,2195.0,0.0,2539.94,-30.21,True,Active,ArslanAzad,None,Normal,5: Lying down (controlled)
1790274855.8709714,3703,Person 14,-1278.0,2195.0,0.0,2539.94,-30.21,True,Active,ArslanAzad,None,Normal,5: Lying down (controlled)
1790274855.9647365,3704,Person 14,-1278.0,2195.0,0.0,2539.94,-30.21,True,Active,ArslanAzad,None,Normal,5: Lying down (controlled)
1790274856.1053321,3705,Person 14,-1278.0,2195.0,0.0,2539.94,-30.21,True,Active,ArslanAzad,None,Normal,5: Lying down (controlled)
1790274856.1522226,3706,Person 14,-1278.0,2195.0,0.0,2539.94,-30.21,True,Active,ArslanAzad,None,Normal,5: Lying down (controlled)
1790274856.2303429,3707,Person 14,-1278.0,2195.0,0.0,2539.94,-30.21,True,Active,ArslanAzad,None,Normal,5: Lying down (controlled)
1790274856.3777993,3708,Person 14,-1278.0,2195.0,0.0,2539.94,-30.21,True,Active,ArslanAzad,None,Normal,5: Lying down (controlled)
1790274856.4246705,3709,Person 14,-1278.0,2195.0,0.0,2539.94,-30.21,True,Active,ArslanAzad,None,Normal,5: Lying down (controlled)
1790274856.502809,3710,Person 14,-1278.0,2195.0,0.0,2539.94,-30.21,True,Active,ArslanAzad,None,Normal,5: Lying down (controlled)
1790274856.6746712,3711,Person 14,-1278.0,2195.0,0.0,2539.94,-30.21,True,Active,ArslanAzad,None,Normal,5: Lying down (controlled)
1790274856.7215428,3712,Person 14,-1278.0,2195.0,0.0,2539.94,-30.21,True,Active,ArslanAzad,None,Normal,5: Lying down (controlled)
1790274856.7997582,3713,Person 14,-1278.0,2195.0,0.0,2539.94,-30.21,True,Active,ArslanAzad,None,Normal,5: Lying down (controlled)
1790274856.8646734,3714,Person 14,-1276.8,2196.9,240.0,2550.4,-29.76,True,Active,ArslanAzad,None,Normal,5: Lying down (controlled)
1790274856.9740214,3715,Person 14,-1274.5,2200.7,240.0,2561.51,-29.34,True,Active,ArslanAzad,None,Normal,5: Lying down (controlled)
1790274857.0677648,3716,Person 14,-1271.1,2206.3,240.0,2571.87,-28.93,True,Active,ArslanAzad,None,Normal,5: Lying down (controlled)
1790274857.1302795,3717,Person 14,-1266.6,2213.6,240.0,2581.49,-28.53,True,Active,ArslanAzad,None,Normal,5: Lying down (controlled)
1790274857.2737465,3718,Person 14,-1261.0,2222.6,240.0,2591.24,-28.14,True,Active,ArslanAzad,None,Normal,5: Lying down (controlled)
1790274857.3362663,3719,Person 14,-1254.4,2233.2,240.0,2600.68,-27.78,True,Active,ArslanAzad,None,Normal,5: Lying down (controlled)
1790274857.4768808,3720,Person 14,-1246.9,2245.4,240.0,2610.69,-27.44,True,Active,ArslanAzad,None,Normal,5: Lying down (controlled)
1790274857.5237339,3721,Person 14,-1238.4,2259.1,240.0,2619.44,-27.09,True,Active,ArslanAzad,None,Normal,5: Lying down (controlled)
1790274857.5706062,3722,Person 14,-1229.0,2274.2,240.0,2627.85,-26.78,True,Active,ArslanAzad,None,Normal,5: Lying down (controlled)
1790274857.6643484,3723,Person 14,-1218.7,2290.7,240.0,2636.33,-26.47,True,Active,ArslanAzad,None,Normal,5: Lying down (controlled)
1790274857.7924895,3724,Person 14,-1208.8,2306.7,240.0,2645.33,-26.18,True,Active,ArslanAzad,None,Normal,5: Lying down (controlled)
1790274857.8393612,3725,Person 14,-1199.2,2322.1,240.0,2653.5,-25.9,True,Active,ArslanAzad,None,Normal,5: Lying down (controlled)
1790274857.933107,3726,Person 14,-1189.9,2336.9,240.0,2660.83,-25.63,True,Active,ArslanAzad,None,Normal,5: Lying down (controlled)
1790274858.0112476,3727,Person 14,-1181.0,2351.2,240.0,2668.64,-25.38,True,Active,ArslanAzad,None,Normal,5: Lying down (controlled)
1790274858.0893674,3728,Person 14,-1172.4,2365.0,240.0,2676.08,-25.12,True,Active,ArslanAzad,None,Normal,5: Lying down (controlled)
1790274858.1830895,3729,Person 14,-1164.1,2378.3,240.0,2683.09,-24.88,True,Active,ArslanAzad,None,Normal,5: Lying down (controlled)
1790274858.2809863,3730,Person 14,-1164.1,2378.3,240.0,2683.09,-24.88,True,Predicted,ArslanAzad,None,Normal,5: Lying down (controlled)
1790274858.405984,3731,Person 14,-1164.1,2378.3,240.0,2683.09,-24.88,True,Predicted,ArslanAzad,None,Normal,5: Lying down (controlled)
1790274858.468477,3732,Person 14,-1164.1,2378.3,240.0,2683.09,-24.88,True,Predicted,ArslanAzad,None,Normal,5: Lying down (controlled)
1790274858.546617,3733,Person 14,-1164.1,2378.3,240.0,2683.09,-24.88,True,Predicted,ArslanAzad,None,Normal,5: Lying down (controlled)
1790274858.6247168,3734,Person 14,-1164.1,2378.3,240.0,2683.09,-24.88,True,Predicted,ArslanAzad,None,Normal,5: Lying down (controlled)
1790274858.7184606,3735,Person 14,-1164.1,2378.3,240.0,2683.09,-24.88,True,Predicted,ArslanAzad,None,Normal,5: Lying down (controlled)
1790274858.8411462,3736,Person 14,-1164.1,2378.3,240.0,2683.09,-24.88,True,Predicted,ArslanAzad,None,Normal,5: Lying down (controlled)
1790274858.8880188,3737,Person 14,-1164.1,2378.3,240.0,2683.09,-24.88,True,Predicted,ArslanAzad,None,Normal,5: Lying down (controlled)
1790274858.9817612,3738,Person 14,-1164.1,2378.3,240.0,2683.09,-24.88,True,Predicted,ArslanAzad,None,Normal,5: Lying down (controlled)
1790274859.0755026,3739,Person 14,-1164.1,2378.3,240.0,2683.09,-24.88,True,Predicted,ArslanAzad,None,Normal,5: Lying down (controlled)
1790274859.200494,3740,Person 14,-1164.1,2378.3,240.0,2683.09,-24.88,True,Predicted,ArslanAzad,None,Normal,5: Lying down (controlled)
1790274859.2786343,3741,Person 14,-1164.1,2378.3,240.0,2683.09,-24.88,True,Predicted,ArslanAzad,None,Normal,5: Lying down (controlled)
1790274859.3458805,3742,Person 14,-1164.1,2378.3,240.0,2683.09,-24.88,True,Predicted,ArslanAzad,None,Normal,5: Lying down (controlled)
1790274859.4552476,3743,Person 14,-1164.1,2378.3,240.0,2683.09,-24.88,True,Predicted,ArslanAzad,None,Normal,5: Lying down (controlled)
1790274859.5177438,3744,Person 14,-1164.1,2378.3,240.0,2683.09,-24.88,True,Predicted,ArslanAzad,None,Normal,5: Lying down (controlled)
1790274859.6114671,3745,Person 14,-1164.1,2378.3,240.0,2683.09,-24.88,True,Searching,ArslanAzad,None,Normal,5: Lying down (controlled)
1790274859.736457,3746,Person 14,-1164.1,2378.3,240.0,2683.09,-24.88,True,Searching,ArslanAzad,None,Normal,5: Lying down (controlled)
1790274859.8186421,3747,Person 14,-1164.1,2378.3,240.0,2683.09,-24.88,True,Searching,ArslanAzad,None,Normal,5: Lying down (controlled)
1790274859.9436133,3748,Person 14,-1164.1,2378.3,240.0,2683.09,-24.88,True,Searching,ArslanAzad,None,Normal,5: Lying down (controlled)
1790274859.990506,3749,Person 14,-1164.1,2378.3,240.0,2683.09,-24.88,True,Searching,ArslanAzad,None,Normal,5: Lying down (controlled)
1790274860.0529826,3750,Person 14,-1164.1,2378.3,240.0,2683.09,-24.88,True,Searching,ArslanAzad,None,Normal,5: Lying down (controlled)
1790274860.146744,3751,Person 14,-1164.1,2378.3,240.0,2683.09,-24.88,True,Searching,ArslanAzad,None,Normal,5: Lying down (controlled)
1790274860.2560902,3752,Person 14,-1164.1,2378.3,240.0,2683.09,-24.88,True,Searching,ArslanAzad,None,Normal,5: Lying down (controlled)
1790274860.3214157,3753,Person 14,-1164.1,2378.3,240.0,2683.09,-24.88,True,Searching,ArslanAzad,None,Normal,5: Lying down (controlled)
1790274860.4464262,3754,Person 14,-1164.1,2378.3,240.0,2683.09,-24.88,True,Searching,ArslanAzad,None,Normal,5: Lying down (controlled)
1790274860.5089011,3755,Person 14,-1164.1,2378.3,240.0,2683.09,-24.88,True,Searching,ArslanAzad,None,Normal,5: Lying down (controlled)
1790274860.5870197,3756,Person 14,-1164.1,2378.3,240.0,2683.09,-24.88,True,Searching,ArslanAzad,None,Normal,5: Lying down (controlled)
1790274860.6751256,3757,Person 14,-1164.1,2378.3,240.0,2683.09,-24.88,True,Searching,ArslanAzad,None,Normal,5: Lying down (controlled)
1790274860.7688692,3758,Person 14,-1164.1,2378.3,240.0,2683.09,-24.88,True,Searching,ArslanAzad,None,Normal,5: Lying down (controlled)
1790274860.8714607,3759,Person 14,-1164.1,2378.3,240.0,2683.09,-24.88,True,Searching,ArslanAzad,None,Normal,5: Lying down (controlled)
1790274860.9495802,3760,Person 14,-1164.1,2378.3,240.0,2683.09,-24.88,True,Searching,ArslanAzad,None,Normal,5: Lying down (controlled)
1790274861.0276997,3761,Person 14,-1164.1,2378.3,240.0,2683.09,-24.88,True,Searching,ArslanAzad,None,Normal,5: Lying down (controlled)
1790274861.1214244,3762,Person 14,-1164.1,2378.3,240.0,2683.09,-24.88,True,Searching,ArslanAzad,None,Normal,5: Lying down (controlled)
1790274861.2151685,3763,Person 14,-1164.1,2378.3,240.0,2683.09,-24.88,True,Searching,ArslanAzad,None,Normal,5: Lying down (controlled)
1790274861.2932868,3764,Person 14,-1164.1,2378.3,240.0,2683.09,-24.88,True,Searching,ArslanAzad,None,Normal,5: Lying down (controlled)
1790274861.3900177,3765,Person 14,-1164.1,2378.3,240.0,2683.09,-24.88,True,Searching,ArslanAzad,None,Normal,5: Lying down (controlled)
1790274861.499367,3766,Person 14,-1164.1,2378.3,240.0,2683.09,-24.88,True,Searching,ArslanAzad,None,Normal,5: Lying down (controlled)
1790274861.561881,3767,Person 14,-1164.1,2378.3,240.0,2683.09,-24.88,True,Searching,ArslanAzad,None,Normal,5: Lying down (controlled)
1790274861.6868532,3768,Person 14,-1164.1,2378.3,240.0,2683.09,-24.88,True,Searching,ArslanAzad,None,Normal,5: Lying down (controlled)
1790274861.7493672,3769,Person 14,-1164.1,2378.3,240.0,2683.09,-24.88,True,Searching,ArslanAzad,None,Normal,5: Lying down (controlled)
1790274861.8459008,3770,Person 14,-1164.1,2378.3,240.0,2683.09,-24.88,True,Searching,ArslanAzad,None,Normal,5: Lying down (controlled)
1790274861.9240413,3771,Person 14,-1164.1,2378.3,240.0,2683.09,-24.88,True,Searching,ArslanAzad,None,Normal,5: Lying down (controlled)
1790274862.0333862,3772,Person 14,-1164.1,2378.3,240.0,2683.09,-24.88,True,Searching,ArslanAzad,None,Normal,5: Lying down (controlled)
1790274862.095903,3773,Person 14,-1164.1,2378.3,240.0,2683.09,-24.88,True,Searching,ArslanAzad,None,Normal,5: Lying down (controlled)
1790274862.2365012,3774,Person 14,-1164.1,2378.3,240.0,2683.09,-24.88,True,Searching,ArslanAzad,None,Normal,5: Lying down (controlled)
1790274862.3369565,3775,Person 14,-1164.1,2378.3,240.0,2683.09,-24.88,True,Searching,ArslanAzad,None,Normal,5: Lying down (controlled)
1790274862.3838239,3776,Person 14,-1164.1,2378.3,240.0,2683.09,-24.88,True,Searching,ArslanAzad,None,Normal,5: Lying down (controlled)
1790274862.4619424,3777,Person 14,-1164.1,2378.3,240.0,2683.09,-24.88,True,Searching,ArslanAzad,None,Normal,5: Lying down (controlled)
1790274862.5713098,3778,Person 14,-1164.1,2378.3,240.0,2683.09,-24.88,True,Searching,ArslanAzad,None,Normal,5: Lying down (controlled)
1790274862.6338058,3779,Person 14,-1164.1,2378.3,240.0,2683.09,-24.88,True,Searching,ArslanAzad,None,Normal,5: Lying down (controlled)
1790274862.7275503,3780,Person 14,-1164.1,2378.3,240.0,2683.09,-24.88,True,Searching,ArslanAzad,None,Normal,5: Lying down (controlled)
1790274862.8653822,3781,Person 14,173.0,3439.0,320.0,3443.35,2.88,True,Active,ArslanAzad,None,Normal,5: Lying down (controlled)
1790274862.912277,3782,Person 14,172.0,3439.5,320.0,3444.25,2.85,True,Active,ArslanAzad,None,Normal,5: Lying down (controlled)
1790274863.021619,3783,Person 14,171.67,3440.0,240.0,3445.25,2.84,True,Active,ArslanAzad,None,Normal,5: Lying down (controlled)
1790274863.0841367,3784,Person 14,172.75,3440.25,320.0,3445.5,2.93,True,Active,ArslanAzad,None,Normal,5: Lying down (controlled)
1790274863.1622362,3785,Person 14,173.6,3440.4,320.0,3445.55,2.94,True,Active,ArslanAzad,None,Normal,5: Lying down (controlled)
1790274863.271602,3786,Person 14,175.0,3440.5,240.0,3445.81,3.03,True,Active,ArslanAzad,None,Normal,5: Lying down (controlled)
1790274863.3497214,3787,Person 14,176.29,3440.43,240.0,3444.92,3.06,True,Active,ArslanAzad,None,Normal,5: Lying down (controlled)
1790274863.4278626,3788,Person 14,177.88,3440.62,320.0,3447.19,3.14,True,Active,ArslanAzad,None,Normal,5: Lying down (controlled)
1790274863.5215862,3789,Person 14,179.78,3440.78,240.0,3447.52,3.24,True,Active,ArslanAzad,None,Normal,5: Lying down (controlled)
1790274863.6153486,3790,Person 14,181.6,3441.0,320.0,3448.69,3.29,True,Active,ArslanAzad,None,Normal,5: Lying down (controlled)
1790274863.7090719,3791,Person 14,184.7,3441.6,320.0,3451.03,3.39,True,Active,ArslanAzad,None,Normal,5: Lying down (controlled)
1790274863.8028166,3792,Person 14,188.3,3442.2,240.0,3452.21,3.44,True,Active,ArslanAzad,None,Normal,5: Lying down (controlled)
1790274863.8840847,3793,Person 14,191.3,3442.3,-160.0,3447.86,3.34,True,Active,ArslanAzad,None,Normal,5: Lying down (controlled)
1790274863.9621851,3794,Person 14,193.4,3442.2,240.0,3445.64,3.28,True,Active,ArslanAzad,None,Normal,5: Lying down (controlled)
1790274864.0559273,3795,Person 14,194.7,3442.0,240.0,3444.24,3.16,True,Active,ArslanAzad,None,Normal,5: Lying down (controlled)
1790274864.1652932,3796,Person 14,195.1,3441.7,320.0,3443.03,3.1,True,Active,ArslanAzad,None,Normal,5: Lying down (controlled)
1790274864.2590578,3797,Person 14,195.2,3441.7,240.0,3444.97,3.08,True,Active,ArslanAzad,None,Normal,5: Lying down (controlled)
1790274864.321554,3798,Person 14,194.9,3441.4,240.0,3444.03,3.1,True,Active,ArslanAzad,None,Normal,5: Lying down (controlled)
1790274864.4181426,3799,Person 14,194.1,3441.2,320.0,3445.08,3.11,True,Active,ArslanAzad,None,Normal,5: Lying down (controlled)
1790274864.4962618,3800,Person 14,193.7,3440.9,240.0,3445.47,3.23,True,Active,ArslanAzad,None,Normal,5: Lying down (controlled)
1790274864.6212516,3801,Person 14,193.1,3440.4,320.0,3445.69,3.29,True,Active,ArslanAzad,None,Normal,5: Lying down (controlled)
1790274864.6837683,3802,Person 14,192.6,3440.0,320.0,3447.92,3.36,True,Active,ArslanAzad,None,Normal,5: Lying down (controlled)
1790274864.8087616,3803,Person 14,193.2,3440.1,240.0,3449.22,3.44,True,Active,ArslanAzad,None,Normal,5: Lying down (controlled)
1790274864.858377,3804,Person 14,194.6,3440.5,240.0,3450.46,3.51,True,Active,ArslanAzad,None,Normal,5: Lying down (controlled)
1790274864.9833493,3805,Person 14,196.8,3441.0,320.0,3450.52,3.52,True,Active,ArslanAzad,None,Normal,5: Lying down (controlled)
1790274865.0302453,3806,Person 14,199.1,3441.7,240.0,3451.33,3.47,True,Active,ArslanAzad,None,Normal,5: Lying down (controlled)
1790274865.1239824,3807,Person 14,200.5,3442.3,240.0,3451.74,3.31,True,Active,ArslanAzad,None,Normal,5: Lying down (controlled)
1790274865.233332,3808,Person 14,200.8,3443.0,320.0,3451.18,3.14,True,Active,ArslanAzad,None,Normal,5: Lying down (controlled)
1790274865.2958457,3809,Person 14,199.8,3443.6,240.0,3450.54,2.94,True,Active,ArslanAzad,None,Normal,5: Lying down (controlled)
1790274865.4239209,3810,Person 14,197.1,3444.1,320.0,3449.05,2.78,True,Active,ArslanAzad,None,Normal,5: Lying down (controlled)
1790274865.4864385,3811,Person 14,193.4,3444.7,320.0,3449.76,2.67,True,Active,ArslanAzad,None,Normal,5: Lying down (controlled)
1790274865.5957856,3812,Person 14,189.7,3444.9,240.0,3447.95,2.74,True,Active,ArslanAzad,None,Normal,5: Lying down (controlled)
1790274865.6583025,3813,Person 14,185.9,3444.9,320.0,3447.15,2.81,True,Active,ArslanAzad,None,Normal,5: Lying down (controlled)
1790274865.7676487,3814,Person 14,182.4,3444.8,320.0,3447.5,2.93,True,Active,ArslanAzad,None,Normal,5: Lying down (controlled)
1790274865.8301444,3815,Person 14,179.2,3444.7,240.0,3447.7,2.99,True,Active,ArslanAzad,None,Normal,5: Lying down (controlled)
1790274865.926852,3816,Person 14,176.0,3444.3,320.0,3445.55,2.94,True,Active,ArslanAzad,None,Normal,5: Lying down (controlled)
1790274866.0205963,3817,Person 14,173.6,3443.8,240.0,3445.45,2.91,True,Active,ArslanAzad,None,Normal,5: Lying down (controlled)
1790274866.0987148,3818,Person 14,171.4,3443.1,240.0,3443.05,2.78,True,Active,ArslanAzad,None,Normal,5: Lying down (controlled)
1790274866.1924584,3819,Person 14,169.9,3442.4,320.0,3442.81,2.7,True,Active,ArslanAzad,None,Normal,5: Lying down (controlled)
1790274866.3174522,3820,Person 14,169.0,3441.9,240.0,3443.63,2.63,True,Active,ArslanAzad,None,Normal,5: Lying down (controlled)
1790274866.3867025,3821,Person 14,168.0,3441.2,240.0,3442.31,2.51,True,Active,ArslanAzad,None,Normal,5: Lying down (controlled)
1790274866.4960692,3822,Person 14,166.2,3440.6,320.0,3441.14,2.45,True,Active,ArslanAzad,None,Normal,5: Lying down (controlled)
1790274866.5429418,3823,Person 14,165.2,3440.1,240.0,3441.67,2.65,True,Active,ArslanAzad,None,Normal,5: Lying down (controlled)
1790274866.6366856,3824,Person 14,164.8,3439.5,160.0,3441.3,2.86,True,Active,ArslanAzad,None,Normal,5: Lying down (controlled)
1790274866.761696,3825,Person 14,165.3,3439.0,320.0,3442.97,3.08,True,Active,ArslanAzad,None,Normal,5: Lying down (controlled)
1790274866.8241925,3826,Person 14,166.9,3438.8,240.0,3444.41,3.21,True,Active,ArslanAzad,None,Normal,5: Lying down (controlled)
1790274866.9055629,3827,Person 14,168.5,3438.6,240.0,3444.3,3.18,True,Active,ArslanAzad,None,Normal,5: Lying down (controlled)
1790274867.014912,3828,Person 14,170.7,3438.7,320.0,3445.19,3.14,True,Active,ArslanAzad,None,Normal,5: Lying down (controlled)
1790274867.0774262,3829,Person 14,173.1,3438.7,560.0,3444.03,3.1,True,Active,ArslanAzad,None,Normal,5: Lying down (controlled)
1790274867.1711507,3830,Person 14,175.7,3438.7,320.0,3444.92,3.06,True,Active,ArslanAzad,None,Normal,5: Lying down (controlled)
1790274867.2648928,3831,Person 14,178.9,3439.1,320.0,3447.86,3.04,True,Active,ArslanAzad,None,Normal,5: Lying down (controlled)
1790274867.3615687,3832,Person 14,182.0,3439.8,240.0,3449.6,2.96,True,Active,ArslanAzad,None,Normal,5: Lying down (controlled)
1790274867.4396913,3833,Person 14,183.7,3440.7,320.0,3451.49,2.92,True,Active,ArslanAzad,None,Normal,5: Lying down (controlled)
1790274867.5490613,3834,Person 14,184.5,3442.0,240.0,3454.69,2.99,True,Active,ArslanAzad,None,Normal,5: Lying down (controlled)
1790274867.6115549,3835,Person 14,184.3,3443.4,240.0,3456.85,3.03,True,Active,ArslanAzad,None,Normal,5: Lying down (controlled)
1790274867.720924,3836,Person 14,183.6,3444.6,320.0,3456.01,3.09,True,Active,ArslanAzad,None,Normal,5: Lying down (controlled)
1790274867.7990432,3837,Person 14,183.8,3445.9,240.0,3457.39,3.2,True,Active,ArslanAzad,None,Normal,5: Lying down (controlled)
1790274867.892832,3838,Person 14,184.7,3447.0,240.0,3456.68,3.28,True,Active,ArslanAzad,None,Normal,5: Lying down (controlled)
1790274868.0178056,3839,Person 14,186.5,3448.3,320.0,3458.02,3.38,True,Active,ArslanAzad,None,Normal,5: Lying down (controlled)
1790274868.0646741,3840,Person 14,189.0,3449.5,240.0,3458.32,3.46,True,Active,ArslanAzad,None,Normal,5: Lying down (controlled)
1790274868.1584167,3841,Person 14,191.7,3450.3,320.0,3457.38,3.48,True,Active,ArslanAzad,None,Normal,5: Lying down (controlled)
1790274868.267785,3842,Person 14,193.9,3450.9,390.0,3456.79,3.32,True,Active,ArslanAzad,None,Normal,5: Lying down (controlled)
1790274868.3302813,3843,Person 14,195.5,3451.4,240.0,3457.34,3.18,True,Active,ArslanAzad,None,Normal,5: Lying down (controlled)
1790274868.4118462,3844,Person 14,195.2,3451.3,240.0,3453.54,2.94,True,Active,ArslanAzad,None,Normal,5: Lying down (controlled)
1790274868.5055892,3845,Person 14,193.3,3450.9,320.0,3451.9,2.72,True,Active,ArslanAzad,None,Normal,5: Lying down (controlled)
1790274868.5993326,3846,Person 14,187.1,3450.5,240.0,3449.23,2.06,True,Active,ArslanAzad,None,Normal,5: Lying down (controlled)
1790274868.6930776,3847,Person 14,177.4,3450.0,240.0,3448.34,1.6,True,Active,ArslanAzad,None,Normal,5: Lying down (controlled)
1790274868.7711957,3848,Person 14,165.6,3449.7,320.0,3448.93,1.33,True,Active,ArslanAzad,None,Normal,5: Lying down (controlled)
1790274868.8654737,3849,Person 14,153.0,3449.2,560.0,3447.88,1.3,True,Active,ArslanAzad,None,Normal,5: Lying down (controlled)
1790274868.9771392,3850,Person 14,139.4,3448.6,320.0,3446.77,1.21,True,Active,ArslanAzad,None,Normal,5: Lying down (controlled)
1790274869.0708811,3851,Person 14,125.6,3448.2,320.0,3447.75,1.2,True,Active,ArslanAzad,None,Normal,5: Lying down (controlled)
1790274869.1490006,3852,Person 14,112.7,3447.6,240.0,3445.73,1.18,True,Active,ArslanAzad,None,Normal,5: Lying down (controlled)
1790274869.2271407,3853,Person 14,100.2,3446.7,320.0,3443.65,1.11,True,Active,ArslanAzad,None,Normal,5: Lying down (controlled)
1790274869.3052409,3854,Person 14,89.0,3446.1,240.0,3443.61,1.08,True,Active,ArslanAzad,None,Normal,5: Lying down (controlled)
1790274869.4267542,3855,Person 14,79.1,3445.6,240.0,3443.61,1.08,True,Active,ArslanAzad,None,Normal,5: Lying down (controlled)
1790274869.504874,3856,Person 14,73.3,3445.2,240.0,3443.63,1.1,True,Active,ArslanAzad,None,Normal,5: Lying down (controlled)
1790274869.5986369,3857,Person 14,70.9,3444.8,240.0,3443.75,1.2,True,Active,ArslanAzad,None,Normal,5: Lying down (controlled)
1790274869.6767385,3858,Person 14,70.7,3444.1,240.0,3441.88,1.3,True,Active,ArslanAzad,None,Normal,5: Lying down (controlled)
1790274869.7548566,3859,Person 14,71.1,3443.4,320.0,3440.98,1.37,True,Active,ArslanAzad,None,Normal,5: Lying down (controlled)
1790274869.8642235,3860,Person 14,72.7,3442.5,240.0,3438.15,1.48,True,Active,ArslanAzad,None,Normal,5: Lying down (controlled)
1790274869.9625375,3861,Person 14,74.6,3441.2,240.0,3435.21,1.52,True,Active,ArslanAzad,None,Normal,5: Lying down (controlled)
1790274870.0406349,3862,Person 14,76.4,3439.9,320.0,3433.15,1.49,True,Active,ArslanAzad,None,Normal,5: Lying down (controlled)
1790274870.1187541,3863,Person 14,78.5,3438.9,240.0,3434.13,1.47,True,Active,ArslanAzad,None,Normal,5: Lying down (controlled)
1790274870.2281423,3864,Person 14,80.7,3437.9,240.0,3434.1,1.45,True,Active,ArslanAzad,None,Normal,5: Lying down (controlled)
1790274870.3531146,3865,Person 14,83.1,3436.9,320.0,3434.15,1.49,True,Active,ArslanAzad,None,Normal,5: Lying down (controlled)
1790274870.419738,3866,Person 14,86.1,3436.0,240.0,3435.34,1.6,True,Active,ArslanAzad,None,Normal,5: Lying down (controlled)
1790274870.4978583,3867,Person 14,89.1,3435.2,240.0,3436.51,1.7,True,Active,ArslanAzad,None,Normal,5: Lying down (controlled)
1790274870.5603538,3868,Person 14,92.0,3434.7,320.0,3437.67,1.78,True,Active,ArslanAzad,None,Normal,5: Lying down (controlled)
1790274870.6384745,3869,Person 14,94.8,3434.4,240.0,3438.76,1.83,True,Active,ArslanAzad,None,Normal,5: Lying down (controlled)
1790274870.732219,3870,Person 14,96.7,3434.5,320.0,3439.7,1.8,True,Active,ArslanAzad,None,Normal,5: Lying down (controlled)
1790274870.8103373,3871,Person 14,98.5,3435.0,320.0,3440.73,1.82,True,Active,ArslanAzad,None,Normal,5: Lying down (controlled)
1790274870.907943,3872,Person 14,101.4,3435.9,240.0,3443.02,1.96,True,Active,ArslanAzad,None,Normal,5: Lying down (controlled)
1790274871.0173132,3873,Person 14,105.1,3436.8,240.0,3444.27,2.08,True,Active,ArslanAzad,None,Normal,5: Lying down (controlled)
1790274871.0954518,3874,Person 14,109.1,3437.6,320.0,3443.34,2.11,True,Active,ArslanAzad,None,Normal,5: Lying down (controlled)
1790274871.1735513,3875,Person 14,113.3,3438.4,240.0,3443.49,2.18,True,Active,ArslanAzad,None,Normal,5: Lying down (controlled)
1790274871.2672946,3876,Person 14,117.0,3439.1,240.0,3443.57,2.21,True,Active,ArslanAzad,None,Normal,5: Lying down (controlled)
1790274871.3766606,3877,Person 14,120.6,3439.7,320.0,3443.77,2.3,True,Active,ArslanAzad,None,Normal,5: Lying down (controlled)
1790274871.4422133,3878,Person 14,123.8,3440.1,240.0,3442.81,2.31,True,Active,ArslanAzad,None,Normal,5: Lying down (controlled)
1790274871.5359342,3879,Person 14,126.4,3440.3,320.0,3441.69,2.26,True,Active,ArslanAzad,None,Normal,5: Lying down (controlled)
1790274871.614056,3880,Person 14,129.1,3440.4,320.0,3441.65,2.25,True,Active,ArslanAzad,None,Normal,5: Lying down (controlled)
1790274871.7390454,3881,Person 14,132.7,3440.3,240.0,3441.06,2.42,True,Active,ArslanAzad,None,Normal,5: Lying down (controlled)
1790274871.8015623,3882,Person 14,136.3,3440.0,320.0,3441.45,2.56,True,Active,ArslanAzad,None,Normal,5: Lying down (controlled)
1790274871.9140363,3883,Person 14,139.4,3439.6,320.0,3441.54,2.6,True,Active,ArslanAzad,None,Normal,5: Lying down (controlled)
1790274871.9765325,3884,Person 14,142.8,3439.5,240.0,3443.77,2.68,True,Active,ArslanAzad,None,Normal,5: Lying down (controlled)
1790274872.0702946,3885,Person 14,146.1,3439.5,240.0,3444.91,2.73,True,Active,ArslanAzad,None,Normal,5: Lying down (controlled)
1790274872.1640165,3886,Person 14,149.7,3439.6,320.0,3446.15,2.81,True,Active,ArslanAzad,None,Normal,5: Lying down (controlled)
1790274872.2421572,3887,Person 14,153.0,3439.8,240.0,3447.24,2.84,True,Active,ArslanAzad,None,Normal,5: Lying down (controlled)
1790274872.3358812,3888,Person 14,156.2,3440.0,320.0,3446.25,2.84,True,Active,ArslanAzad,None,Normal,5: Lying down (controlled)
1790274872.4532034,3889,Person 14,159.8,3440.4,320.0,3447.29,2.86,True,Active,ArslanAzad,None,Normal,5: Lying down (controlled)
1790274872.5000758,3890,Person 14,164.0,3440.7,240.0,3446.55,2.94,True,Active,ArslanAzad,None,Normal,5: Lying down (controlled)
1790274872.625064,3891,Person 14,167.4,3441.1,320.0,3446.65,2.98,True,Active,ArslanAzad,None,Normal,5: Lying down (controlled)
1790274872.6875806,3892,Person 14,169.8,3441.6,320.0,3447.6,2.96,True,Active,ArslanAzad,None,Normal,5: Lying down (controlled)
1790274872.7813053,3893,Person 14,171.7,3442.1,240.0,3447.44,2.91,True,Active,ArslanAzad,None,Normal,5: Lying down (controlled)
1790274872.8906722,3894,Person 14,172.4,3442.3,240.0,3446.1,2.79,True,Active,ArslanAzad,None,Normal,5: Lying down (controlled)
1790274872.9565728,3895,Person 14,172.1,3442.5,320.0,3446.76,2.68,True,Active,ArslanAzad,None,Normal,5: Lying down (controlled)
1790274873.1128113,3896,Person 14,170.8,3442.6,240.0,3446.53,2.59,True,Active,ArslanAzad,None,Normal,5: Lying down (controlled)
1790274873.1596825,3897,Person 14,169.4,3442.7,320.0,3447.58,2.61,True,Active,ArslanAzad,None,Normal,5: Lying down (controlled)
1790274873.2221768,3898,Person 14,168.0,3443.2,320.0,3450.57,2.61,True,Active,ArslanAzad,None,Normal,5: Lying down (controlled)
1790274873.3315458,3899,Person 14,166.6,3443.6,240.0,3450.62,2.62,True,Active,ArslanAzad,None,Normal,5: Lying down (controlled)
1790274873.4545572,3900,Person 14,165.1,3444.1,320.0,3450.8,2.69,True,Active,ArslanAzad,None,Normal,5: Lying down (controlled)
1790274873.4857855,3901,Person 14,164.2,3444.7,240.0,3452.19,2.82,True,Active,ArslanAzad,None,Normal,5: Lying down (controlled)
1790274873.595151,3902,Person 14,163.9,3445.4,240.0,3454.44,2.9,True,Active,ArslanAzad,None,Normal,5: Lying down (controlled)
1790274873.6732917,3903,Person 14,163.9,3445.9,320.0,3452.44,2.91,True,Active,ArslanAzad,None,Normal,5: Lying down (controlled)
1790274873.7826395,3904,Person 14,164.8,3446.6,240.0,3453.54,2.94,True,Active,ArslanAzad,None,Normal,5: Lying down (controlled)
1790274873.8451562,3905,Person 14,166.2,3447.2,240.0,3453.44,2.9,True,Active,ArslanAzad,None,Normal,5: Lying down (controlled)
1790274873.961497,3906,Person 14,167.9,3447.8,320.0,3453.34,2.87,True,Active,ArslanAzad,None,Normal,5: Lying down (controlled)
1790274874.0239913,3907,Person 14,169.7,3448.6,320.0,3456.43,2.9,True,Active,ArslanAzad,None,Normal,5: Lying down (controlled)
1790274874.133361,3908,Person 14,171.6,3449.2,240.0,3457.48,2.92,True,Active,ArslanAzad,None,Normal,5: Lying down (controlled)
1790274874.2114985,3909,Person 14,173.6,3449.8,390.0,3457.58,2.95,True,Active,ArslanAzad,None,Normal,5: Lying down (controlled)
1790274874.3677208,3910,Person 14,175.9,3450.4,240.0,3457.95,3.07,True,Active,ArslanAzad,None,Normal,5: Lying down (controlled)
1790274874.4346836,3911,Person 14,177.8,3450.7,560.0,3456.17,3.13,True,Active,ArslanAzad,None,Normal,5: Lying down (controlled)
1790274874.512806,3912,Person 14,179.4,3450.7,320.0,3455.28,3.17,True,Active,ArslanAzad,None,Normal,5: Lying down (controlled)
1790274874.5753233,3913,Person 14,181.0,3451.0,240.0,3456.28,3.17,True,Active,ArslanAzad,None,Normal,5: Lying down (controlled)
1790274874.6542454,3914,Person 14,181.9,3451.3,240.0,3457.01,3.08,True,Active,ArslanAzad,None,Normal,5: Lying down (controlled)
1790274874.7323642,3915,Person 14,182.7,3451.8,320.0,3458.84,3.03,True,Active,ArslanAzad,None,Normal,5: Lying down (controlled)
1790274874.8417106,3916,Person 14,182.9,3452.4,240.0,3459.43,2.9,True,Active,ArslanAzad,None,Normal,5: Lying down (controlled)
1790274874.9354103,3917,Person 14,182.1,3452.7,320.0,3459.03,2.77,True,Active,ArslanAzad,None,Normal,5: Lying down (controlled)
1790274875.002019,3918,Person 14,180.7,3452.9,320.0,3458.8,2.68,True,Active,ArslanAzad,None,Normal,5: Lying down (controlled)
1790274875.1114082,3919,Person 14,179.7,3453.2,240.0,3460.08,2.78,True,Active,ArslanAzad,None,Normal,5: Lying down (controlled)
1790274875.1738849,3920,Person 14,178.7,3453.5,320.0,3460.43,2.9,True,Active,ArslanAzad,None,Normal,5: Lying down (controlled)
1790274875.2676253,3921,Person 14,177.7,3454.0,320.0,3460.63,2.96,True,Active,ArslanAzad,None,Normal,5: Lying down (controlled)
1790274875.3613684,3922,Person 14,176.5,3454.7,240.0,3461.63,2.96,True,Active,ArslanAzad,None,Normal,5: Lying down (controlled)
1790274875.4442625,3923,Person 14,174.8,3455.1,240.0,3459.38,2.88,True,Active,ArslanAzad,None,Normal,5: Lying down (controlled)
1790274875.5380106,3924,Person 14,173.2,3455.3,320.0,3458.18,2.82,True,Active,ArslanAzad,None,Normal,5: Lying down (controlled)
1790274875.6473758,3925,Person 14,171.4,3455.2,240.0,3456.94,2.74,True,Active,ArslanAzad,None,Normal,5: Lying down (controlled)
1790274875.725495,3926,Person 14,169.8,3455.0,320.0,3456.66,2.64,True,Active,ArslanAzad,None,Normal,5: Lying down (controlled)
1790274875.81926,3927,Person 14,168.7,3455.0,320.0,3458.52,2.59,True,Active,ArslanAzad,None,Normal,5: Lying down (controlled)
1790274875.8973799,3928,Person 14,168.3,3454.8,240.0,3456.61,2.62,True,Active,ArslanAzad,None,Normal,5: Lying down (controlled)
1790274876.0162582,3929,Person 14,167.3,3454.5,320.0,3456.61,2.62,True,Active,ArslanAzad,None,Normal,5: Lying down (controlled)
1790274876.078757,3930,Person 14,166.2,3454.3,320.0,3457.89,2.72,True,Active,ArslanAzad,None,Normal,5: Lying down (controlled)
1790274876.1725166,3931,Person 14,165.1,3454.2,240.0,3459.08,2.78,True,Active,ArslanAzad,None,Normal,5: Lying down (controlled)
1790274876.2662592,3932,Person 14,163.8,3453.9,320.0,3457.99,2.75,True,Active,ArslanAzad,None,Normal,5: Lying down (controlled)
1790274876.3756077,3933,Person 14,163.1,3454.0,240.0,3460.03,2.77,True,Active,ArslanAzad,None,Normal,5: Lying down (controlled)
1790274876.42248,3934,Person 14,162.4,3454.2,240.0,3459.84,2.7,True,Active,ArslanAzad,None,Normal,5: Lying down (controlled)
1790274876.5200815,3935,Person 14,161.8,3454.6,320.0,3460.65,2.63,True,Active,ArslanAzad,None,Normal,5: Lying down (controlled)
1790274876.5982025,3936,Person 14,161.6,3455.1,240.0,3461.56,2.6,True,Active,ArslanAzad,None,Normal,5: Lying down (controlled)
1790274876.6919425,3937,Person 14,161.5,3455.2,240.0,3459.47,2.57,True,Active,ArslanAzad,None,Normal,5: Lying down (controlled)
1790274876.816956,3938,Person 14,161.3,3455.3,320.0,3457.52,2.59,True,Active,ArslanAzad,None,Normal,5: Lying down (controlled)
1790274876.8638084,3939,Person 14,162.0,3455.4,240.0,3457.94,2.73,True,Active,ArslanAzad,None,Normal,5: Lying down (controlled)
1790274876.960307,3940,Person 14,163.1,3455.2,240.0,3456.43,2.9,True,Active,ArslanAzad,None,Normal,5: Lying down (controlled)
1790274877.0696788,3941,Person 14,163.7,3454.9,320.0,3456.38,2.89,True,Active,ArslanAzad,None,Normal,5: Lying down (controlled)
1790274877.1321964,3942,Person 14,164.7,3454.8,240.0,3457.48,2.92,True,Active,ArslanAzad,None,Normal,5: Lying down (controlled)
1790274877.2415621,3943,Person 14,165.5,3454.6,240.0,3458.43,2.9,True,Active,ArslanAzad,None,Normal,5: Lying down (controlled)
1790274877.3196595,3944,Person 14,166.8,3454.5,320.0,3459.48,2.92,True,Active,ArslanAzad,None,Normal,5: Lying down (controlled)
1790274877.4290266,3945,Person 14,168.3,3454.3,560.0,3459.38,2.88,True,Active,ArslanAzad,None,Normal,5: Lying down (controlled)
1790274877.5115242,3946,Person 14,169.2,3453.9,320.0,3457.99,2.75,True,Active,ArslanAzad,None,Normal,5: Lying down (controlled)
1790274877.5896425,3947,Person 14,169.7,3453.6,320.0,3456.7,2.65,True,Active,ArslanAzad,None,Normal,5: Lying down (controlled)
1790274877.6833858,3948,Person 14,170.2,3453.3,240.0,3454.75,2.67,True,Active,ArslanAzad,None,Normal,5: Lying down (controlled)
1790274877.7615263,3949,Person 14,169.8,3452.9,320.0,3453.75,2.67,True,Active,ArslanAzad,None,Normal,5: Lying down (controlled)
1790274877.8865175,3950,Person 14,168.8,3452.6,320.0,3452.94,2.74,True,Active,ArslanAzad,None,Normal,5: Lying down (controlled)
1790274877.9646158,3951,Person 14,168.0,3452.3,240.0,3452.99,2.76,True,Active,ArslanAzad,None,Normal,5: Lying down (controlled)
1790274878.0739834,3952,Person 14,166.9,3451.8,320.0,3451.95,2.74,True,Active,ArslanAzad,None,Normal,5: Lying down (controlled)
1790274878.1208556,3953,Person 14,166.1,3451.0,240.0,3450.04,2.77,True,Active,ArslanAzad,None,Normal,5: Lying down (controlled)
1790274878.2145998,3954,Person 14,165.2,3449.9,240.0,3448.05,2.78,True,Active,ArslanAzad,None,Normal,5: Lying down (controlled)
1790274878.2927396,3955,Person 14,164.6,3448.7,320.0,3447.1,2.79,True,Active,ArslanAzad,None,Normal,5: Lying down (controlled)
1790274878.3864632,3956,Person 14,165.2,3447.7,240.0,3448.29,2.86,True,Active,ArslanAzad,None,Normal,5: Lying down (controlled)
1790274878.518592,3957,Person 14,166.6,3446.9,320.0,3449.39,2.89,True,Active,ArslanAzad,None,Normal,5: Lying down (controlled)
1790274878.5810933,3958,Person 14,168.5,3446.6,320.0,3452.7,2.99,True,Active,ArslanAzad,None,Normal,5: Lying down (controlled)
1790274878.6592126,3959,Person 14,171.0,3446.5,240.0,3454.01,3.09,True,Active,ArslanAzad,None,Normal,5: Lying down (controlled)
1790274878.7685812,3960,Person 14,173.4,3446.4,560.0,3453.18,3.14,True,Active,ArslanAzad,None,Normal,5: Lying down (controlled)
1790274878.831076,3961,Person 14,175.9,3446.2,320.0,3452.29,3.17,True,Active,ArslanAzad,None,Normal,5: Lying down (controlled)
1790274878.9404404,3962,Person 14,178.6,3446.2,240.0,3453.34,3.19,True,Active,ArslanAzad,None,Normal,5: Lying down (controlled)
1790274879.0067353,3963,Person 14,180.7,3446.4,240.0,3453.12,3.12,True,Active,ArslanAzad,None,Normal,5: Lying down (controlled)
1790274879.1004817,3964,Person 14,182.6,3446.8,320.0,3453.01,3.09,True,Active,ArslanAzad,None,Normal,5: Lying down (controlled)
1790274879.178604,3965,Person 14,184.0,3447.3,560.0,3452.8,3.02,True,Active,ArslanAzad,None,Normal,5: Lying down (controlled)
1790274879.2723446,3966,Person 14,183.9,3447.7,320.0,3452.24,2.84,True,Active,ArslanAzad,None,Normal,5: Lying down (controlled)
1790274879.3973358,3967,Person 14,182.8,3448.0,390.0,3451.85,2.71,True,Active,ArslanAzad,None,Normal,5: Lying down (controlled)
1790274879.4598527,3968,Person 14,180.9,3447.8,240.0,3449.76,2.67,True,Active,ArslanAzad,None,Normal,5: Lying down (controlled)
1790274879.5407925,3969,Person 14,178.0,3447.6,320.0,3450.57,2.61,True,Active,ArslanAzad,None,Normal,5: Lying down (controlled)
1790274879.6501606,3970,Person 14,174.8,3447.5,320.0,3450.57,2.61,True,Active,ArslanAzad,None,Normal,5: Lying down (controlled)
1790274879.7439017,3971,Person 14,171.1,3447.6,240.0,3451.44,2.56,True,Active,ArslanAzad,None,Normal,5: Lying down (controlled)
1790274879.8063977,3972,Person 14,166.6,3447.4,320.0,3449.13,2.44,True,Active,ArslanAzad,None,Normal,5: Lying down (controlled)
1790274879.9157655,3973,Person 14,162.1,3447.1,320.0,3447.97,2.38,True,Active,ArslanAzad,None,Normal,5: Lying down (controlled)
1790274879.9939058,3974,Person 14,157.1,3446.6,560.0,3445.68,2.26,True,Active,ArslanAzad,None,Normal,5: Lying down (controlled)
1790274880.0754502,3975,Person 14,152.2,3446.2,320.0,3446.57,2.21,True,Active,ArslanAzad,None,Normal,5: Lying down (controlled)
1790274880.2160664,3976,Person 14,148.4,3446.1,320.0,3449.56,2.21,True,Active,ArslanAzad,None,Normal,5: Lying down (controlled)
1790274880.2785633,3977,Person 14,145.4,3446.2,240.0,3451.56,2.21,True,Active,ArslanAzad,None,Normal,5: Lying down (controlled)
1790274880.3410785,3978,Person 14,142.2,3446.6,390.0,3452.41,2.14,True,Active,ArslanAzad,None,Normal,5: Lying down (controlled)
1790274880.450426,3979,Person 14,139.4,3447.0,240.0,3453.41,2.14,True,Active,ArslanAzad,None,Normal,5: Lying down (controlled)
1790274880.5157251,3980,Person 14,136.2,3447.2,560.0,3451.26,2.08,True,Active,ArslanAzad,None,Normal,5: Lying down (controlled)
1790274880.6250958,3981,Person 14,133.1,3447.2,320.0,3450.19,2.04,True,Active,ArslanAzad,None,Normal,5: Lying down (controlled)
1790274880.7188592,3982,Person 14,130.9,3447.4,240.0,3450.27,2.08,True,Active,ArslanAzad,None,Normal,5: Lying down (controlled)
1790274880.796958,3983,Person 14,129.1,3447.6,240.0,3449.27,2.08,True,Active,ArslanAzad,None,Normal,5: Lying down (controlled)
1790274880.8907032,3984,Person 14,128.3,3448.1,320.0,3450.38,2.13,True,Active,ArslanAzad,None,Normal,5: Lying down (controlled)
1790274880.9688227,3985,Person 14,128.2,3448.6,240.0,3451.53,2.19,True,Active,ArslanAzad,None,Normal,5: Lying down (controlled)
1790274881.0663667,3986,Person 14,128.3,3448.8,320.0,3451.6,2.22,True,Active,ArslanAzad,None,Normal,5: Lying down (controlled)
1790274881.1601114,3987,Person 14,128.9,3449.1,320.0,3454.8,2.31,True,Active,ArslanAzad,None,Normal,5: Lying down (controlled)
1790274881.2382271,3988,Person 14,130.4,3449.3,240.0,3455.0,2.39,True,Active,ArslanAzad,None,Normal,5: Lying down (controlled)
1790274881.3475943,3989,Person 14,131.9,3449.1,-240.0,3452.0,2.39,True,Active,ArslanAzad,None,Normal,5: Lying down (controlled)
1790274881.4100933,3990,Person 14,133.9,3449.0,320.0,3451.05,2.41,True,Active,ArslanAzad,None,Normal,5: Lying down (controlled)
1790274881.5038352,3991,Person 14,136.1,3449.1,240.0,3452.05,2.41,True,Active,ArslanAzad,None,Normal,5: Lying down (controlled)
1790274881.6209147,3992,Person 14,137.8,3449.1,320.0,3450.92,2.36,True,Active,ArslanAzad,None,Normal,5: Lying down (controlled)
1790274881.687177,3993,Person 14,139.3,3449.3,320.0,3451.84,2.32,True,Active,ArslanAzad,None,Normal,5: Lying down (controlled)
1790274881.780926,3994,Person 14,140.4,3449.2,240.0,3449.8,2.31,True,Active,ArslanAzad,None,Normal,5: Lying down (controlled)
1790274881.8590603,3995,Person 14,140.4,3448.9,320.0,3448.53,2.19,True,Active,ArslanAzad,None,Normal,5: Lying down (controlled)
1790274881.952782,3996,Person 14,139.7,3448.5,320.0,3447.34,2.11,True,Active,ArslanAzad,None,Normal,5: Lying down (controlled)
1790274882.0589797,3997,Person 14,138.7,3447.5,240.0,3444.42,2.15,True,Active,ArslanAzad,None,Normal,5: Lying down (controlled)
1790274882.1214733,3998,Person 14,137.3,3446.5,320.0,3444.45,2.16,True,Active,ArslanAzad,None,Normal,5: Lying down (controlled)
1790274882.215218,3999,Person 14,136.5,3445.9,240.0,3445.68,2.26,True,Active,ArslanAzad,None,Normal,5: Lying down (controlled)
1790274882.3245835,4000,Person 14,136.0,3445.5,240.0,3446.84,2.33,True,Active,ArslanAzad,None,Normal,5: Lying down (controlled)
1790274882.387082,4001,Person 14,135.3,3444.9,320.0,3445.76,2.3,True,Active,ArslanAzad,None,Normal,5: Lying down (controlled)
1790274882.5432165,4002,Person 14,134.9,3444.6,240.0,3447.76,2.29,True,Active,ArslanAzad,None,Normal,5: Lying down (controlled)
1790274882.6255836,4003,Person 14,134.4,3444.2,240.0,3447.64,2.24,True,Active,ArslanAzad,None,Normal,5: Lying down (controlled)
1790274882.6880784,4004,Person 14,134.1,3444.1,320.0,3448.68,2.26,True,Active,ArslanAzad,None,Normal,5: Lying down (controlled)
1790274882.7505739,4005,Person 14,134.4,3444.4,240.0,3451.64,2.24,True,Active,ArslanAzad,None,Normal,5: Lying down (controlled)
1790274882.8443155,4006,Person 14,134.6,3444.9,320.0,3452.41,2.14,True,Active,ArslanAzad,None,Normal,5: Lying down (controlled)
1790274882.922454,4007,Person 14,134.4,3445.9,390.0,3454.34,2.11,True,Active,ArslanAzad,None,Normal,5: Lying down (controlled)
1790274883.0161798,4008,Person 14,134.7,3446.9,240.0,3454.56,2.21,True,Active,ArslanAzad,None,Normal,5: Lying down (controlled)
1790274883.1334736,4009,Person 14,134.8,3447.6,-240.0,3452.72,2.27,True,Active,ArslanAzad,None,Normal,5: Lying down (controlled)
1790274883.1959703,4010,Person 14,135.1,3447.9,-240.0,3449.96,2.38,True,Active,ArslanAzad,None,Normal,5: Lying down (controlled)
1790274883.3053155,4011,Person 14,136.3,3448.5,240.0,3452.26,2.49,True,Active,ArslanAzad,None,Normal,5: Lying down (controlled)
1790274883.3990812,4012,Person 14,138.0,3449.1,320.0,3454.48,2.57,True,Active,ArslanAzad,None,Normal,5: Lying down (controlled)
1790274883.4615567,4013,Person 14,140.6,3449.9,320.0,3456.75,2.67,True,Active,ArslanAzad,None,Normal,5: Lying down (controlled)
1790274883.5865674,4014,Person 14,143.4,3450.6,560.0,3456.89,2.72,True,Active,ArslanAzad,None,Normal,5: Lying down (controlled)
1790274883.6478882,4015,Person 14,146.3,3451.1,320.0,3457.89,2.72,True,Active,ArslanAzad,None,Normal,5: Lying down (controlled)
1790274883.74161,4016,Person 14,149.5,3451.7,320.0,3459.75,2.67,True,Active,ArslanAzad,None,Normal,5: Lying down (controlled)
1790274883.8197515,4017,Person 14,152.2,3452.2,240.0,3460.43,2.55,True,Active,ArslanAzad,None,Normal,5: Lying down (controlled)
1790274883.8978696,4018,Person 14,153.7,3452.9,320.0,3462.16,2.45,True,Active,ArslanAzad,None,Normal,5: Lying down (controlled)
1790274884.007218,4019,Person 14,154.6,3453.9,240.0,3463.08,2.42,True,Active,ArslanAzad,None,Normal,5: Lying down (controlled)
1790274884.0697145,4020,Person 14,154.5,3455.2,240.0,3462.91,2.35,True,Active,ArslanAzad,None,Normal,5: Lying down (controlled)
1790274884.187735,4021,Person 14,153.6,3456.2,320.0,3461.87,2.33,True,Active,ArslanAzad,None,Normal,5: Lying down (controlled)
1790274884.2658536,4022,Person 14,152.5,3457.2,240.0,3463.99,2.38,True,Active,ArslanAzad,None,Normal,5: Lying down (controlled)
1790274884.3752239,4023,Person 14,151.0,3457.9,240.0,3463.08,2.42,True,Active,ArslanAzad,None,Normal,5: Lying down (controlled)
1790274884.437718,4024,Person 14,149.6,3458.6,320.0,3463.25,2.48,True,Active,ArslanAzad,None,Normal,5: Lying down (controlled)
1790274884.8213553,4025,Person 14,148.9,3459.4,240.0,3465.56,2.6,True,Active,ArslanAzad,None,Normal,5: Lying down (controlled)
1790274884.8838491,4026,Person 14,148.9,3460.0,320.0,3465.74,2.66,True,Active,ArslanAzad,None,Normal,5: Lying down (controlled)
1790274884.9619699,4027,Person 14,149.6,3460.7,390.0,3467.74,2.66,True,Active,ArslanAzad,None,Normal,5: Lying down (controlled)
1790274885.0400913,4028,Person 14,151.1,3461.1,240.0,3466.83,2.69,True,Active,ArslanAzad,None,Normal,5: Lying down (controlled)
1790274885.1240642,4029,Person 14,152.6,3461.3,-240.0,3465.74,2.66,True,Active,ArslanAzad,None,Normal,5: Lying down (controlled)
1790274885.170938,4030,Person 14,154.5,3461.5,320.0,3465.74,2.66,True,Active,ArslanAzad,None,Normal,5: Lying down (controlled)
1790274885.2490554,4031,Person 14,156.2,3461.6,560.0,3463.61,2.61,True,Active,ArslanAzad,None,Normal,5: Lying down (controlled)
1790274885.3271751,4032,Person 14,157.4,3461.3,320.0,3461.52,2.58,True,Active,ArslanAzad,None,Normal,5: Lying down (controlled)
1790274885.4052942,4033,Person 14,158.5,3461.0,390.0,3460.56,2.6,True,Active,ArslanAzad,None,Normal,5: Lying down (controlled)
1790274885.4521873,4034,Person 14,159.0,3460.5,560.0,3458.48,2.57,True,Active,ArslanAzad,None,Normal,5: Lying down (controlled)
1790274885.4990406,4035,Person 14,158.5,3459.8,320.0,3458.34,2.52,True,Active,ArslanAzad,None,Normal,5: Lying down (controlled)
1790274885.561535,4036,Person 14,157.7,3459.4,240.0,3461.38,2.53,True,Active,ArslanAzad,None,Normal,5: Lying down (controlled)
1790274885.6280804,4037,Person 14,157.1,3458.8,240.0,3461.47,2.57,True,Active,ArslanAzad,None,Normal,5: Lying down (controlled)
1790274885.7374694,4038,Person 14,156.4,3458.5,320.0,3463.51,2.58,True,Active,ArslanAzad,None,Normal,5: Lying down (controlled)
1790274885.78432,4039,Person 14,156.3,3458.5,240.0,3465.7,2.65,True,Active,ArslanAzad,None,Normal,5: Lying down (controlled)
1790274885.8624604,4040,Person 14,156.7,3458.4,240.0,3464.93,2.73,True,Active,ArslanAzad,None,Normal,5: Lying down (controlled)
1790274885.9718268,4041,Person 14,157.4,3458.4,320.0,3463.93,2.73,True,Active,ArslanAzad,None,Normal,5: Lying down (controlled)
1790274886.0499284,4042,Person 14,158.7,3458.6,240.0,3464.12,2.8,True,Active,ArslanAzad,None,Normal,5: Lying down (controlled)
1790274886.130815,4043,Person 14,159.9,3458.7,240.0,3462.13,2.8,True,Active,ArslanAzad,None,Normal,5: Lying down (controlled)
1790274886.2401829,4044,Person 14,161.1,3459.1,320.0,3463.03,2.76,True,Active,ArslanAzad,None,Normal,5: Lying down (controlled)
1790274886.3026788,4045,Person 14,162.8,3459.5,240.0,3463.13,2.8,True,Active,ArslanAzad,None,Normal,5: Lying down (controlled)
1790274886.412047,4046,Person 14,164.2,3459.5,320.0,3462.03,2.76,True,Active,ArslanAzad,None,Normal,5: Lying down (controlled)
1790274886.505789,4047,Person 14,165.4,3459.5,390.0,3462.03,2.76,True,Active,ArslanAzad,None,Normal,5: Lying down (controlled)
1790274886.568285,4048,Person 14,166.6,3459.3,240.0,3462.08,2.78,True,Active,ArslanAzad,None,Normal,5: Lying down (controlled)
1790274886.6651495,4049,Person 14,167.2,3458.9,320.0,3461.98,2.75,True,Active,ArslanAzad,None,Normal,5: Lying down (controlled)
1790274886.758872,4050,Person 14,167.4,3458.7,320.0,3463.03,2.76,True,Active,ArslanAzad,None,Normal,5: Lying down (controlled)
1790274886.8526173,4051,Person 14,167.5,3458.7,240.0,3463.98,2.75,True,Active,ArslanAzad,None,Normal,5: Lying down (controlled)
1790274886.946358,4052,Person 14,166.7,3458.6,320.0,3462.74,2.66,True,Active,ArslanAzad,None,Normal,5: Lying down (controlled)
1790274887.0244787,4053,Person 14,165.4,3458.5,320.0,3460.52,2.58,True,Active,ArslanAzad,None,Normal,5: Lying down (controlled)
1790274887.1026187,4054,Person 14,163.4,3457.9,560.0,3456.13,2.44,True,Active,ArslanAzad,None,Normal,5: Lying down (controlled)
1790274887.2616878,4055,Person 14,160.4,3457.2,320.0,3454.8,2.31,True,Active,ArslanAzad,None,Normal,5: Lying down (controlled)
1790274887.3398068,4056,Person 14,157.2,3456.6,320.0,3454.64,2.24,True,Active,ArslanAzad,None,Normal,5: Lying down (controlled)
1790274887.4023,4057,Person 14,153.4,3455.9,240.0,3453.41,2.14,True,Active,ArslanAzad,None,Normal,5: Lying down (controlled)
1790274887.4804192,4058,Person 14,149.2,3455.3,320.0,3454.3,2.09,True,Active,ArslanAzad,None,Normal,5: Lying down (controlled)
1790274887.5585592,4059,Person 14,145.5,3454.9,240.0,3456.41,2.14,True,Active,ArslanAzad,None,Normal,5: Lying down (controlled)
1790274887.681125,4060,Person 14,141.8,3454.6,560.0,3458.44,2.15,True,Active,ArslanAzad,None,Normal,5: Lying down (controlled)
1790274887.7436204,4061,Person 14,138.2,3454.1,320.0,3457.44,2.15,True,Active,ArslanAzad,None,Normal,5: Lying down (controlled)
1790274887.8217416,4062,Person 14,135.4,3453.9,240.0,3459.56,2.2,True,Active,ArslanAzad,None,Normal,5: Lying down (controlled)
1790274887.9155052,4063,Person 14,133.2,3453.8,240.0,3458.6,2.22,True,Active,ArslanAzad,None,Normal,5: Lying down (controlled)
1790274888.2991617,4064,Person 14,132.0,3454.1,320.0,3458.64,2.24,True,Active,ArslanAzad,None,Normal,5: Lying down (controlled)
1790274888.3460333,4065,Person 14,132.1,3454.5,240.0,3458.83,2.32,True,Active,ArslanAzad,None,Normal,5: Lying down (controlled)
1790274888.392903,4066,Person 14,132.9,3454.9,320.0,3458.96,2.37,True,Active,ArslanAzad,None,Normal,5: Lying down (controlled)
1790274888.4554007,4067,Person 14,135.0,3455.5,320.0,3460.25,2.48,True,Active,ArslanAzad,None,Normal,5: Lying down (controlled)
1790274888.517895,4068,Person 14,138.2,3456.0,240.0,3460.61,2.62,True,Active,ArslanAzad,None,Normal,5: Lying down (controlled)
1790274888.5647666,4069,Person 14,141.6,3456.2,320.0,3459.84,2.7,True,Active,ArslanAzad,None,Normal,5: Lying down (controlled)
1790274888.6272614,4070,Person 14,145.5,3456.2,320.0,3460.13,2.8,True,Active,ArslanAzad,None,Normal,5: Lying down (controlled)
1790274888.6784205,4071,Person 14,149.5,3456.2,240.0,3459.18,2.82,True,Active,ArslanAzad,None,Normal,5: Lying down (controlled)
1790274888.7565408,4072,Person 14,152.6,3455.8,320.0,3456.89,2.72,True,Active,ArslanAzad,None,Normal,5: Lying down (controlled)
1790274888.8190374,4073,Person 14,155.1,3455.5,240.0,3456.66,2.64,True,Active,ArslanAzad,None,Normal,5: Lying down (controlled)
1790274888.8971767,4074,Person 14,156.8,3455.1,240.0,3455.34,2.52,True,Active,ArslanAzad,None,Normal,5: Lying down (controlled)
1790274888.9752948,4075,Person 14,157.5,3454.6,320.0,3454.13,2.44,True,Active,ArslanAzad,None,Normal,5: Lying down (controlled)
1790274889.0846412,4076,Person 14,157.2,3454.5,320.0,3457.84,2.32,True,Active,ArslanAzad,None,Normal,5: Lying down (controlled)
1790274889.1672072,4077,Person 14,155.5,3454.4,320.0,3458.56,2.2,True,Active,ArslanAzad,None,Normal,5: Lying down (controlled)
1790274889.3078241,4078,Person 14,152.6,3454.5,320.0,3460.41,2.14,True,Active,ArslanAzad,None,Normal,5: Lying down (controlled)
1790274889.3547158,4079,Person 14,149.2,3454.8,240.0,3461.4,2.14,True,Active,ArslanAzad,None,Normal,5: Lying down (controlled)
1790274889.4171915,4080,Person 14,145.0,3454.9,-240.0,3459.33,2.1,True,Active,ArslanAzad,None,Normal,5: Lying down (controlled)
1790274889.510935,4081,Person 14,140.9,3455.0,320.0,3458.41,2.14,True,Active,ArslanAzad,None,Normal,5: Lying down (controlled)
1790274889.6359274,4082,Person 14,137.7,3455.3,240.0,3458.52,2.19,True,Active,ArslanAzad,None,Normal,5: Lying down (controlled)
1790274889.7012858,4083,Person 14,135.3,3455.5,320.0,3457.64,2.24,True,Active,ArslanAzad,None,Normal,5: Lying down (controlled)
1790274889.7794247,4084,Person 14,133.7,3455.8,320.0,3457.68,2.25,True,Active,ArslanAzad,None,Normal,5: Lying down (controlled)
1790274889.8887737,4085,Person 14,133.0,3456.2,240.0,3457.84,2.32,True,Active,ArslanAzad,None,Normal,5: Lying down (controlled)
1790274890.076257,4086,Person 14,133.3,3456.3,320.0,3458.96,2.37,True,Active,ArslanAzad,None,Normal,5: Lying down (controlled)
1790274890.123129,4087,Person 14,134.5,3456.4,240.0,3460.04,2.4,True,Active,ArslanAzad,None,Normal,5: Lying down (controlled)
1790274890.1762433,4088,Person 14,136.5,3456.2,240.0,3459.21,2.47,True,Active,ArslanAzad,None,Normal,5: Lying down (controlled)
1790274890.2231152,4089,Person 14,138.5,3455.9,320.0,3459.21,2.47,True,Active,ArslanAzad,None,Normal,5: Lying down (controlled)
1790274890.3325014,4090,Person 14,141.1,3455.9,240.0,3460.38,2.53,True,Active,ArslanAzad,None,Normal,5: Lying down (controlled)
1790274890.3949974,4091,Person 14,143.7,3456.1,320.0,3461.47,2.57,True,Active,ArslanAzad,None,Normal,5: Lying down (controlled)
1790274890.504343,4092,Person 14,145.8,3456.3,320.0,3461.38,2.53,True,Active,ArslanAzad,None,Normal,5: Lying down (controlled)
1790274890.582484,4093,Person 14,147.5,3456.5,240.0,3460.34,2.52,True,Active,ArslanAzad,None,Normal,5: Lying down (controlled)
1790274890.711303,4094,Person 14,148.6,3456.5,240.0,3458.13,2.44,True,Active,ArslanAzad,None,Normal,5: Lying down (controlled)
1790274890.7581928,4095,Person 14,149.2,3456.4,320.0,3457.08,2.42,True,Active,ArslanAzad,None,Normal,5: Lying down (controlled)
1790274890.867539,4096,Person 14,149.5,3456.2,240.0,3457.08,2.42,True,Active,ArslanAzad,None,Normal,5: Lying down (controlled)
1790274890.9769082,4097,Person 14,149.2,3455.9,320.0,3456.92,2.35,True,Active,ArslanAzad,None,Normal,5: Lying down (controlled)
1790274891.0394027,4098,Person 14,148.5,3455.7,390.0,3456.92,2.35,True,Active,ArslanAzad,None,Normal,5: Lying down (controlled)
1790274891.1487718,4099,Person 14,148.1,3455.4,240.0,3456.04,2.4,True,Active,ArslanAzad,None,Normal,5: Lying down (controlled)
1790274891.1994596,4100,Person 14,147.4,3454.7,-240.0,3453.09,2.42,True,Active,ArslanAzad,None,Normal,5: Lying down (controlled)
1790274891.308806,4101,Person 14,147.1,3453.8,240.0,3452.35,2.52,True,Active,ArslanAzad,None,Normal,5: Lying down (controlled)
1790274891.3869283,4102,Person 14,147.2,3452.8,240.0,3451.44,2.56,True,Active,ArslanAzad,None,Normal,5: Lying down (controlled)
1790274891.4962964,4103,Person 14,147.6,3451.8,320.0,3450.53,2.59,True,Active,ArslanAzad,None,Normal,5: Lying down (controlled)
1790274891.5900402,4104,Person 14,148.6,3451.2,240.0,3452.57,2.61,True,Active,ArslanAzad,None,Normal,5: Lying down (controlled)
1790274891.652533,4105,Person 14,149.6,3450.6,240.0,3451.53,2.59,True,Active,ArslanAzad,None,Normal,5: Lying down (controlled)
1790274891.7503295,4106,Person 14,150.6,3449.9,320.0,3450.53,2.59,True,Active,ArslanAzad,None,Normal,5: Lying down (controlled)
1790274891.8440733,4107,Person 14,152.4,3449.3,240.0,3451.71,2.66,True,Active,ArslanAzad,None,Normal,5: Lying down (controlled)
1790274891.9065711,4108,Person 14,154.5,3448.6,320.0,3450.85,2.71,True,Active,ArslanAzad,None,Normal,5: Lying down (controlled)
1790274892.0159388,4109,Person 14,156.6,3448.3,320.0,3453.99,2.75,True,Active,ArslanAzad,None,Normal,5: Lying down (controlled)
1790274892.0940769,4110,Person 14,158.8,3448.3,240.0,3454.09,2.79,True,Active,ArslanAzad,None,Normal,5: Lying down (controlled)
1790274892.1878002,4111,Person 14,161.0,3448.5,320.0,3455.38,2.89,True,Active,ArslanAzad,None,Normal,5: Lying down (controlled)
1790274892.2815638,4112,Person 14,163.2,3448.8,320.0,3455.49,2.92,True,Active,ArslanAzad,None,Normal,5: Lying down (controlled)
1790274892.422158,4113,Person 14,165.3,3449.3,240.0,3456.53,2.94,True,Active,ArslanAzad,None,Normal,5: Lying down (controlled)
1790274892.4690292,4114,Person 14,167.3,3449.5,320.0,3455.54,2.94,True,Active,ArslanAzad,None,Normal,5: Lying down (controlled)
1790274892.5471706,4115,Person 14,169.7,3449.8,320.0,3455.69,2.99,True,Active,ArslanAzad,None,Normal,5: Lying down (controlled)
1790274892.6565168,4116,Person 14,171.9,3450.2,160.0,3455.59,2.95,True,Active,ArslanAzad,None,Normal,5: Lying down (controlled)
1790274892.7419825,4117,Person 14,173.1,3450.6,320.0,3456.28,2.85,True,Active,ArslanAzad,None,Normal,5: Lying down (controlled)
1790274892.8200827,4118,Person 14,173.6,3451.3,390.0,3458.08,2.78,True,Active,ArslanAzad,None,Normal,5: Lying down (controlled)
1790274892.8984566,4119,Person 14,173.8,3451.8,320.0,3459.08,2.78,True,Active,ArslanAzad,None,Normal,5: Lying down (controlled)
1790274892.9765553,4120,Person 14,174.0,3452.4,390.0,3460.18,2.82,True,Active,ArslanAzad,None,Normal,5: Lying down (controlled)
1790274893.0859253,4121,Person 14,173.9,3453.0,240.0,3461.33,2.86,True,Active,ArslanAzad,None,Normal,5: Lying down (controlled)
1790274893.229391,4122,Person 14,173.6,3453.7,320.0,3462.32,2.86,True,Active,ArslanAzad,None,Normal,5: Lying down (controlled)
1790274893.2918668,4123,Person 14,173.6,3454.4,320.0,3463.53,2.93,True,Active,ArslanAzad,None,Normal,5: Lying down (controlled)
1790274893.4012535,4124,Person 14,173.9,3454.9,0.0,3460.68,2.98,True,Active,ArslanAzad,None,Normal,5: Lying down (controlled)
1790274893.448107,4125,Person 14,173.7,3455.1,320.0,3457.58,2.95,True,Active,ArslanAzad,None,Normal,5: Lying down (controlled)
1790274893.5262241,4126,Person 14,173.8,3455.3,320.0,3457.64,2.97,True,Active,ArslanAzad,None,Normal,5: Lying down (controlled)
1790274893.6199677,4127,Person 14,174.6,3455.3,240.0,3456.69,2.98,True,Active,ArslanAzad,None,Normal,5: Lying down (controlled)
1790274893.6853065,4128,Person 14,175.9,3455.1,320.0,3456.74,3.0,True,Active,ArslanAzad,None,Normal,5: Lying down (controlled)
1790274893.7946782,4129,Person 14,177.6,3455.0,390.0,3458.95,3.07,True,Active,ArslanAzad,None,Normal,5: Lying down (controlled)
1790274893.872796,4130,Person 14,179.3,3454.8,240.0,3459.06,3.1,True,Active,ArslanAzad,None,Normal,5: Lying down (controlled)
1790274893.966539,4131,Person 14,180.7,3454.6,390.0,3460.06,3.1,True,Active,ArslanAzad,None,Normal,5: Lying down (controlled)
1790274894.0602834,4132,Person 14,182.4,3454.3,240.0,3460.22,3.15,True,Active,ArslanAzad,None,Normal,5: Lying down (controlled)
1790274894.1384246,4133,Person 14,184.1,3454.0,320.0,3461.44,3.21,True,Active,ArslanAzad,None,Normal,5: Lying down (controlled)
1790274894.2213042,4134,Person 14,185.9,3454.0,320.0,3461.67,3.28,True,Active,ArslanAzad,None,Normal,5: Lying down (controlled)
1790274894.3619251,4135,Person 14,188.4,3454.4,240.0,3462.96,3.36,True,Active,ArslanAzad,None,Normal,5: Lying down (controlled)
1790274894.4244153,4136,Person 14,190.9,3454.7,320.0,3462.02,3.38,True,Active,ArslanAzad,None,Normal,5: Lying down (controlled)
1790274894.5025344,4137,Person 14,193.2,3455.4,320.0,3464.95,3.36,True,Active,ArslanAzad,None,Normal,5: Lying down (controlled)
1790274894.580654,4138,Person 14,194.7,3456.2,560.0,3465.55,3.24,True,Active,ArslanAzad,None,Normal,5: Lying down (controlled)
1790274894.6743994,4139,Person 14,195.3,3456.9,320.0,3466.27,3.16,True,Active,ArslanAzad,None,Normal,5: Lying down (controlled)
1790274894.7871213,4140,Person 14,195.6,3457.8,320.0,3468.21,3.14,True,Active,ArslanAzad,None,Normal,5: Lying down (controlled)
1790274894.8652394,4141,Person 14,195.5,3458.5,240.0,3466.99,3.08,True,Active,ArslanAzad,None,Normal,5: Lying down (controlled)
1790274894.9589841,4142,Person 14,194.5,3459.1,390.0,3465.68,2.98,True,Active,ArslanAzad,None,Normal,5: Lying down (controlled)
1790274895.0214775,4143,Person 14,192.8,3459.6,240.0,3465.52,2.93,True,Active,ArslanAzad,None,Normal,5: Lying down (controlled)
1790274895.1464703,4144,Person 14,190.1,3459.8,-240.0,3462.23,2.83,True,Active,ArslanAzad,None,Normal,5: Lying down (controlled)
1790274895.2117727,4145,Person 14,186.4,3459.8,320.0,3460.98,2.75,True,Active,ArslanAzad,None,Normal,5: Lying down (controlled)
1790274895.3054972,4146,Person 14,182.4,3459.9,240.0,3460.89,2.72,True,Active,ArslanAzad,None,Normal,5: Lying down (controlled)
1790274895.3992434,4147,Person 14,178.1,3459.5,240.0,3458.7,2.65,True,Active,ArslanAzad,None,Normal,5: Lying down (controlled)
1790274895.5086105,4148,Person 14,174.5,3458.9,320.0,3457.7,2.65,True,Active,ArslanAzad,None,Normal,5: Lying down (controlled)
1790274895.6023545,4149,Person 14,171.2,3458.0,240.0,3455.61,2.62,True,Active,ArslanAzad,None,Normal,5: Lying down (controlled)
1790274895.6804752,4150,Person 14,167.8,3456.8,320.0,3454.52,2.59,True,Active,ArslanAzad,None,Normal,5: Lying down (controlled)
1790274895.7471926,4151,Person 14,164.9,3455.8,240.0,3455.57,2.6,True,Active,ArslanAzad,None,Normal,5: Lying down (controlled)
1790274895.8253126,4152,Person 14,162.8,3454.8,240.0,3454.66,2.64,True,Active,ArslanAzad,None,Normal,5: Lying down (controlled)
1790274895.9190557,4153,Person 14,161.5,3453.8,320.0,3454.89,2.72,True,Active,ArslanAzad,None,Normal,5: Lying down (controlled)
1790274896.0128212,4154,Person 14,161.7,3453.2,240.0,3456.33,2.87,True,Active,ArslanAzad,None,Normal,5: Lying down (controlled)
1790274896.1065426,4155,Person 14,163.3,3452.7,560.0,3456.79,3.02,True,Active,ArslanAzad,None,Normal,5: Lying down (controlled)
1790274896.2052295,4156,Person 14,166.1,3452.1,320.0,3456.34,3.18,True,Active,ArslanAzad,None,Normal,5: Lying down (controlled)
1790274896.283353,4157,Person 14,169.9,3451.6,240.0,3455.68,3.28,True,Active,ArslanAzad,None,Normal,5: Lying down (controlled)
1790274896.3614733,4158,Person 14,173.5,3450.9,240.0,3452.57,3.25,True,Active,ArslanAzad,None,Normal,5: Lying down (controlled)
1790274896.4708407,4159,Person 14,177.2,3450.3,320.0,3451.51,3.24,True,Active,ArslanAzad,None,Normal,5: Lying down (controlled)
1790274896.5333555,4160,Person 14,181.1,3449.8,240.0,3451.51,3.24,True,Active,ArslanAzad,None,Normal,5: Lying down (controlled)
1790274896.642703,4161,Person 14,185.0,3449.2,320.0,3451.57,3.26,True,Active,ArslanAzad,None,Normal,5: Lying down (controlled)
1790274896.7249835,4162,Person 14,188.4,3448.9,320.0,3453.4,3.2,True,Active,ArslanAzad,None,Normal,5: Lying down (controlled)
1790274896.8031244,4163,Person 14,190.5,3448.6,240.0,3452.96,3.07,True,Active,ArslanAzad,None,Normal,5: Lying down (controlled)
1790274896.8968484,4164,Person 14,190.9,3448.2,320.0,3452.54,2.94,True,Active,ArslanAzad,None,Normal,5: Lying down (controlled)
1790274896.9749663,4165,Person 14,190.3,3447.9,320.0,3453.49,2.92,True,Active,ArslanAzad,None,Normal,5: Lying down (controlled)
1790274897.0999784,4166,Person 14,188.4,3447.7,240.0,3453.34,2.87,True,Active,ArslanAzad,None,Normal,5: Lying down (controlled)
1790274897.178098,4167,Person 14,186.0,3447.6,320.0,3453.39,2.89,True,Active,ArslanAzad,None,Normal,5: Lying down (controlled)
1790274897.2439406,4168,Person 14,183.8,3448.0,240.0,3455.38,2.89,True,Active,ArslanAzad,None,Normal,5: Lying down (controlled)
1790274897.3376844,4169,Person 14,181.7,3448.4,240.0,3454.39,2.89,True,Active,ArslanAzad,None,Normal,5: Lying down (controlled)
1790274897.4470513,4170,Person 14,179.3,3448.7,320.0,3453.24,2.84,True,Active,ArslanAzad,None,Normal,5: Lying down (controlled)
1790274897.5251687,4171,Person 14,176.9,3448.9,240.0,3452.29,2.86,True,Active,ArslanAzad,None,Normal,5: Lying down (controlled)
1790274897.6189132,4172,Person 14,175.3,3448.9,320.0,3452.54,2.94,True,Active,ArslanAzad,None,Normal,5: Lying down (controlled)
1790274897.6970537,4173,Person 14,174.7,3449.0,320.0,3453.64,2.97,True,Active,ArslanAzad,None,Normal,5: Lying down (controlled)
1790274897.8094594,4174,Person 14,175.3,3449.2,240.0,3454.85,3.04,True,Active,ArslanAzad,None,Normal,5: Lying down (controlled)
1790274897.918846,4175,Person 14,176.1,3449.3,320.0,3454.9,3.05,True,Active,ArslanAzad,None,Normal,5: Lying down (controlled)
1790274897.9657164,4176,Person 14,177.1,3449.3,320.0,3453.85,3.04,True,Active,ArslanAzad,None,Normal,5: Lying down (controlled)
1790274898.0594392,4177,Person 14,177.8,3449.2,240.0,3452.75,3.0,True,Active,ArslanAzad,None,Normal,5: Lying down (controlled)
1790274898.1531835,4178,Person 14,178.1,3448.6,320.0,3449.54,2.94,True,Active,ArslanAzad,None,Normal,5: Lying down (controlled)
1790274898.2340603,4179,Person 14,178.3,3448.0,240.0,3448.49,2.93,True,Active,ArslanAzad,None,Normal,5: Lying down (controlled)
1790274898.3746777,4180,Person 14,178.2,3447.2,240.0,3445.2,2.83,True,Active,ArslanAzad,None,Normal,5: Lying down (controlled)
1790274898.405926,4181,Person 14,177.6,3446.5,320.0,3445.0,2.76,True,Active,ArslanAzad,None,Normal,5: Lying down (controlled)
1790274898.515312,4182,Person 14,176.4,3446.1,240.0,3447.95,2.74,True,Active,ArslanAzad,None,Normal,5: Lying down (controlled)
1790274898.6246805,4183,Person 14,174.6,3445.8,320.0,3449.76,2.67,True,Active,ArslanAzad,None,Normal,5: Lying down (controlled)
1790274898.6715515,4184,Person 14,172.4,3445.7,320.0,3452.76,2.67,True,Active,ArslanAzad,None,Normal,5: Lying down (controlled)
1790274898.783964,4185,Person 14,170.2,3445.9,240.0,3455.8,2.69,True,Active,ArslanAzad,None,Normal,5: Lying down (controlled)
1790274898.8621016,4186,Person 14,167.9,3446.3,-240.0,3456.7,2.65,True,Active,ArslanAzad,None,Normal,5: Lying down (controlled)
1790274898.940202,4187,Person 14,166.0,3446.7,320.0,3455.8,2.69,True,Active,ArslanAzad,None,Normal,5: Lying down (controlled)
1790274899.0339453,4188,Person 14,164.4,3447.2,240.0,3453.75,2.67,True,Active,ArslanAzad,None,Normal,5: Lying down (controlled)
1790274899.1120646,4189,Person 14,162.9,3447.5,320.0,3450.76,2.67,True,Active,ArslanAzad,None,Normal,5: Lying down (controlled)
1790274899.2400582,4190,Person 14,161.9,3448.0,320.0,3449.71,2.66,True,Active,ArslanAzad,None,Normal,5: Lying down (controlled)
1790274899.2869298,4191,Person 14,161.0,3448.4,240.0,3448.58,2.61,True,Active,ArslanAzad,None,Normal,5: Lying down (controlled)
1790274899.4119196,4192,Person 14,160.3,3448.4,320.0,3447.62,2.63,True,Active,ArslanAzad,None,Normal,5: Lying down (controlled)
1790274899.4900427,4193,Person 14,160.0,3448.4,240.0,3449.62,2.63,True,Active,ArslanAzad,None,Normal,5: Lying down (controlled)
1790274899.59941,4194,Person 14,159.5,3448.1,320.0,3449.53,2.59,True,Active,ArslanAzad,None,Normal,5: Lying down (controlled)
1790274899.6619022,4195,Person 14,158.6,3447.6,320.0,3450.39,2.54,True,Active,ArslanAzad,None,Normal,5: Lying down (controlled)
1790274899.7428398,4196,Person 14,158.1,3447.1,240.0,3451.48,2.57,True,Active,ArslanAzad,None,Normal,5: Lying down (controlled)
1790274899.867831,4197,Person 14,158.2,3446.7,320.0,3451.85,2.71,True,Active,ArslanAzad,None,Normal,5: Lying down (controlled)
1790274899.9147034,4198,Person 14,159.0,3446.5,320.0,3452.14,2.81,True,Active,ArslanAzad,None,Normal,5: Lying down (controlled)
1790274900.008447,4199,Person 14,160.7,3446.6,240.0,3452.59,2.96,True,Active,ArslanAzad,None,Normal,5: Lying down (controlled)
1790274900.1334379,4200,Person 14,163.1,3446.8,320.0,3452.91,3.05,True,Active,ArslanAzad,None,Normal,5: Lying down (controlled)
1790274900.195933,4201,Person 14,166.5,3447.2,320.0,3454.28,3.17,True,Active,ArslanAzad,None,Normal,5: Lying down (controlled)
1790274900.3151379,4202,Person 14,170.2,3447.7,240.0,3454.51,3.24,True,Active,ArslanAzad,None,Normal,5: Lying down (controlled)
1790274900.377633,4203,Person 14,173.6,3448.0,320.0,3454.34,3.19,True,Active,ArslanAzad,None,Normal,5: Lying down (controlled)
1790274900.4869988,4204,Person 14,176.9,3448.4,240.0,3455.17,3.14,True,Active,ArslanAzad,None,Normal,5: Lying down (controlled)
1790274900.5495152,4205,Person 14,180.4,3448.7,320.0,3455.12,3.12,True,Active,ArslanAzad,None,Normal,5: Lying down (controlled)
1790274900.658862,4206,Person 14,184.1,3449.1,320.0,3457.34,3.18,True,Active,ArslanAzad,None,Normal,5: Lying down (controlled)
1790274900.721379,4207,Person 14,187.5,3449.8,240.0,3460.61,3.26,True,Active,ArslanAzad,None,Normal,5: Lying down (controlled)
1790274900.8339145,4208,Person 14,190.6,3450.7,-240.0,3462.78,3.31,True,Active,ArslanAzad,None,Normal,5: Lying down (controlled)
1790274900.8964102,4209,Person 14,193.4,3451.6,320.0,3463.13,3.41,True,Active,ArslanAzad,None,Normal,5: Lying down (controlled)
1790274901.0057588,4210,Person 14,195.8,3452.5,240.0,3463.25,3.44,True,Active,ArslanAzad,None,Normal,5: Lying down (controlled)
1790274901.0682724,4211,Person 14,197.4,3453.1,320.0,3461.2,3.43,True,Active,ArslanAzad,None,Normal,5: Lying down (controlled)
1790274901.2088666,4212,Person 14,198.6,3453.8,240.0,3462.19,3.43,True,Active,ArslanAzad,None,Normal,5: Lying down (controlled)
1790274901.2585328,4213,Person 14,199.6,3454.5,240.0,3461.9,3.35,True,Active,ArslanAzad,None,Normal,5: Lying down (controlled)
1790274901.3679,4214,Person 14,200.7,3455.0,320.0,3460.78,3.31,True,Active,ArslanAzad,None,Normal,5: Lying down (controlled)
1790274901.430376,4215,Person 14,202.0,3455.7,240.0,3462.84,3.33,True,Active,ArslanAzad,None,Normal,5: Lying down (controlled)
1790274901.5241392,4216,Person 14,203.0,3456.2,320.0,3462.9,3.34,True,Active,ArslanAzad,None,Normal,5: Lying down (controlled)
1790274901.6334863,4217,Person 14,203.2,3456.5,320.0,3463.72,3.29,True,Active,ArslanAzad,None,Normal,5: Lying down (controlled)
1790274901.6960018,4218,Person 14,203.1,3456.8,240.0,3465.72,3.29,True,Active,ArslanAzad,None,Normal,5: Lying down (controlled)
1790274901.7928622,4219,Person 14,202.0,3457.1,-240.0,3465.49,3.23,True,Active,ArslanAzad,None,Normal,5: Lying down (controlled)
1790274901.8710032,4220,Person 14,200.9,3457.3,320.0,3464.61,3.26,True,Active,ArslanAzad,None,Normal,5: Lying down (controlled)
1790274901.9647472,4221,Person 14,199.7,3457.6,240.0,3463.49,3.23,True,Active,ArslanAzad,None,Normal,5: Lying down (controlled)
1790274902.0584686,4222,Person 14,198.0,3457.6,320.0,3461.22,3.15,True,Active,ArslanAzad,None,Normal,5: Lying down (controlled)
1790274902.1365905,4223,Person 14,196.6,3457.5,240.0,3460.11,3.11,True,Active,ArslanAzad,None,Normal,5: Lying down (controlled)
1790274902.2303321,4224,Person 14,194.6,3457.4,240.0,3458.69,2.98,True,Active,ArslanAzad,None,Normal,5: Lying down (controlled)
1790274902.3584273,4225,Person 14,192.1,3457.0,320.0,3457.48,2.92,True,Active,ArslanAzad,None,Normal,5: Lying down (controlled)
1790274902.4365664,4226,Person 14,188.8,3456.8,240.0,3459.13,2.8,True,Active,ArslanAzad,None,Normal,5: Lying down (controlled)
1790274902.499061,4227,Person 14,185.0,3456.5,320.0,3458.75,2.67,True,Active,ArslanAzad,None,Normal,5: Lying down (controlled)
1790274902.6240525,4228,Person 14,180.7,3456.1,320.0,3459.52,2.58,True,Active,ArslanAzad,None,Normal,5: Lying down (controlled)
1790274902.6865482,4229,Person 14,176.5,3455.7,240.0,3459.39,2.53,True,Active,ArslanAzad,None,Normal,5: Lying down (controlled)
1790274902.7835956,4230,Person 14,172.0,3455.2,320.0,3457.34,2.52,True,Active,ArslanAzad,None,Normal,5: Lying down (controlled)
1790274902.8617153,4231,Person 14,168.0,3454.7,320.0,3456.48,2.57,True,Active,ArslanAzad,None,Normal,5: Lying down (controlled)
1790274902.9710631,4232,Person 14,164.6,3454.4,240.0,3456.52,2.59,True,Active,ArslanAzad,None,Normal,5: Lying down (controlled)
1790274903.0335567,4233,Person 14,161.5,3454.0,320.0,3454.57,2.6,True,Active,ArslanAzad,None,Normal,5: Lying down (controlled)
1790274903.111679,4234,Person 14,159.6,3453.8,240.0,3455.75,2.67,True,Active,ArslanAzad,None,Normal,5: Lying down (controlled)
1790274903.2366695,4235,Person 14,158.3,3453.6,240.0,3454.85,2.7,True,Active,ArslanAzad,None,Normal,5: Lying down (controlled)
1790274903.30192,4236,Person 14,157.8,3453.3,320.0,3455.89,2.72,True,Active,ArslanAzad,None,Normal,5: Lying down (controlled)
1790274903.426912,4237,Person 14,158.6,3453.2,240.0,3458.13,2.8,True,Active,ArslanAzad,None,Normal,5: Lying down (controlled)
1790274903.4737842,4238,Person 14,160.2,3453.0,320.0,3458.28,2.85,True,Active,ArslanAzad,None,Normal,5: Lying down (controlled)
1790274903.5987763,4239,Person 14,162.0,3452.9,390.0,3459.23,2.83,True,Active,ArslanAzad,None,Normal,5: Lying down (controlled)
1790274903.6925397,4240,Person 14,163.9,3453.0,240.0,3459.23,2.83,True,Active,ArslanAzad,None,Normal,5: Lying down (controlled)
1790274903.774827,4241,Person 14,165.4,3453.3,320.0,3460.18,2.82,True,Active,ArslanAzad,None,Normal,5: Lying down (controlled)
1790274903.8529289,4242,Person 14,166.9,3453.8,320.0,3462.23,2.83,True,Active,ArslanAzad,None,Normal,5: Lying down (controlled)
1790274903.9310455,4243,Person 14,167.9,3454.4,560.0,3461.03,2.77,True,Active,ArslanAzad,None,Normal,5: Lying down (controlled)
1790274904.024811,4244,Person 14,168.5,3454.8,320.0,3460.03,2.77,True,Active,ArslanAzad,None,Normal,5: Lying down (controlled)
1790274904.1029296,4245,Person 14,169.4,3455.4,240.0,3461.28,2.85,True,Active,ArslanAzad,None,Normal,5: Lying down (controlled)
1790274904.2122781,4246,Person 14,170.6,3455.9,240.0,3461.48,2.91,True,Active,ArslanAzad,None,Normal,5: Lying down (controlled)
1790274904.310427,4247,Person 14,171.8,3456.4,320.0,3463.73,3.0,True,Active,ArslanAzad,None,Normal,5: Lying down (controlled)
1790274904.3729205,4248,Person 14,172.7,3457.0,560.0,3464.73,2.99,True,Active,ArslanAzad,None,Normal,5: Lying down (controlled)
1790274904.482289,4249,Person 14,173.7,3457.4,320.0,3463.73,3.0,True,Active,ArslanAzad,None,Normal,5: Lying down (controlled)
1790274904.544786,4250,Person 14,174.9,3457.9,390.0,3464.84,3.03,True,Active,ArslanAzad,None,Normal,5: Lying down (controlled)
1790274904.6385264,4251,Person 14,176.1,3458.1,240.0,3462.79,3.01,True,Active,ArslanAzad,None,Normal,5: Lying down (controlled)
1790274904.747915,4252,Person 14,176.9,3458.1,390.0,3462.63,2.96,True,Active,ArslanAzad,None,Normal,5: Lying down (controlled)
1790274904.8137891,4253,Person 14,178.1,3458.1,240.0,3461.63,2.96,True,Active,ArslanAzad,None,Normal,5: Lying down (controlled)
1790274904.9387825,4254,Person 14,178.8,3458.0,560.0,3459.38,2.88,True,Active,ArslanAzad,None,Normal,5: Lying down (controlled)
1790274905.0012808,4255,Person 14,178.9,3457.5,320.0,3456.33,2.87,True,Active,ArslanAzad,None,Normal,5: Lying down (controlled)
1790274905.0950193,4256,Person 14,178.0,3456.9,560.0,3455.04,2.77,True,Active,ArslanAzad,None,Normal,5: Lying down (controlled)
1790274905.1731381,4257,Person 14,175.9,3455.8,320.0,3451.71,2.66,True,Active,ArslanAzad,None,Normal,5: Lying down (controlled)
1790274905.2512593,4258,Person 14,173.4,3454.6,320.0,3451.53,2.59,True,Active,ArslanAzad,None,Normal,5: Lying down (controlled)
1790274905.3491507,4259,Person 14,170.3,3453.4,560.0,3450.26,2.49,True,Active,ArslanAzad,None,Normal,5: Lying down (controlled)
1790274905.4585183,4260,Person 14,166.9,3452.2,320.0,3451.22,2.47,True,Active,ArslanAzad,None,Normal,5: Lying down (controlled)
1790274905.5366385,4261,Person 14,164.1,3451.6,320.0,3455.43,2.55,True,Active,ArslanAzad,None,Normal,5: Lying down (controlled)
1790274905.614755,4262,Person 14,162.2,3451.3,320.0,3458.7,2.65,True,Active,ArslanAzad,None,Normal,5: Lying down (controlled)
1790274905.7117805,4263,Person 14,160.5,3451.3,390.0,3460.79,2.68,True,Active,ArslanAzad,None,Normal,5: Lying down (controlled)
1790274905.7896428,4264,Person 14,159.8,3451.5,240.0,3461.03,2.77,True,Active,ArslanAzad,None,Normal,5: Lying down (controlled)
1790274905.9146144,4265,Person 14,159.3,3451.7,-240.0,3458.08,2.78,True,Active,ArslanAzad,None,Normal,5: Lying down (controlled)
1790274905.977108,4266,Person 14,159.9,3451.8,320.0,3456.33,2.87,True,Active,ArslanAzad,None,Normal,5: Lying down (controlled)
1790274906.070854,4267,Person 14,161.3,3451.9,560.0,3453.39,2.89,True,Active,ArslanAzad,None,Normal,5: Lying down (controlled)
1790274906.148974,4268,Person 14,163.2,3451.8,320.0,3451.44,2.91,True,Active,ArslanAzad,None,Normal,5: Lying down (controlled)
1790274906.2427173,4269,Person 14,165.6,3452.0,390.0,3453.39,2.89,True,Active,ArslanAzad,None,Normal,5: Lying down (controlled)
1790274906.3250954,4270,Person 14,167.8,3452.1,320.0,3453.24,2.84,True,Active,ArslanAzad,None,Normal,5: Lying down (controlled)
1790274906.434483,4271,Person 14,169.1,3452.0,390.0,3455.04,2.77,True,Active,ArslanAzad,None,Normal,5: Lying down (controlled)
1790274906.5125866,4272,Person 14,169.3,3451.5,560.0,3453.8,2.69,True,Active,ArslanAzad,None,Normal,5: Lying down (controlled)
1790274906.5907207,4273,Person 14,168.4,3450.6,480.0,3451.39,2.54,True,Active,ArslanAzad,None,Normal,5: Lying down (controlled)
1790274906.700069,4274,Person 14,166.1,3449.2,-160.0,3446.01,2.39,True,Active,ArslanAzad,None,Normal,5: Lying down (controlled)
1790274906.7791767,4275,Person 14,163.0,3447.4,560.0,3438.73,2.28,True,Active,ArslanAzad,None,Normal,5: Lying down (controlled)
1790274906.8759756,4276,Person 14,158.2,3445.0,-160.0,3430.28,2.09,True,Active,ArslanAzad,None,Normal,5: Lying down (controlled)
1790274906.9540951,4277,Person 14,152.3,3442.2,240.0,3422.93,1.93,True,Active,ArslanAzad,None,Normal,5: Lying down (controlled)
1790274907.0322163,4278,Person 14,144.9,3438.3,560.0,3409.5,1.7,True,Active,ArslanAzad,None,Normal,5: Lying down (controlled)
1790274907.1259577,4279,Person 14,137.8,3434.2,320.0,3409.56,1.73,True,Active,ArslanAzad,None,Normal,5: Lying down (controlled)
1790274907.2509508,4280,Person 14,131.4,3430.4,240.0,3412.68,1.8,True,Active,ArslanAzad,None,Normal,5: Lying down (controlled)
1790274907.3183694,4281,Person 14,125.7,3426.5,320.0,3413.77,1.85,True,Active,ArslanAzad,None,Normal,5: Lying down (controlled)
1790274907.4121132,4282,Person 14,121.1,3423.1,320.0,3417.97,1.94,True,Active,ArslanAzad,None,Normal,5: Lying down (controlled)
1790274907.4902341,4283,Person 14,117.8,3420.2,560.0,3421.11,2.01,True,Active,ArslanAzad,None,Normal,5: Lying down (controlled)
1790274907.5683548,4284,Person 14,115.0,3418.1,320.0,3423.97,1.94,True,Active,ArslanAzad,None,Normal,5: Lying down (controlled)
1790274907.6777189,4285,Person 14,112.6,3417.2,320.0,3428.86,1.89,True,Active,ArslanAzad,None,Normal,5: Lying down (controlled)
1790274907.7869763,4286,Person 14,111.1,3417.2,560.0,3429.76,1.84,True,Active,ArslanAzad,None,Normal,5: Lying down (controlled)
1790274907.862887,4287,Person 14,110.6,3418.0,390.0,3430.76,1.84,True,Active,ArslanAzad,None,Normal,5: Lying down (controlled)
1790274907.94101,4288,Person 14,111.4,3420.2,240.0,3431.73,1.82,True,Active,ArslanAzad,None,Normal,5: Lying down (controlled)
1790274908.019147,4289,Person 14,111.5,3422.3,-240.0,3430.58,1.74,True,Active,ArslanAzad,None,Normal,5: Lying down (controlled)
1790274908.1284957,4290,Person 14,111.1,3424.0,320.0,3429.55,1.72,True,Active,ArslanAzad,None,Normal,5: Lying down (controlled)
1790274908.2222395,4291,Person 14,110.3,3425.8,240.0,3431.52,1.7,True,Active,ArslanAzad,None,Normal,5: Lying down (controlled)
1790274908.3148055,4292,Person 14,109.0,3427.2,320.0,3431.55,1.72,True,Active,ArslanAzad,None,Normal,5: Lying down (controlled)
1790274908.3773253,4293,Person 14,107.6,3428.6,320.0,3434.64,1.77,True,Active,ArslanAzad,None,Normal,5: Lying down (controlled)
1790274908.486674,4294,Person 14,106.9,3429.9,240.0,3436.73,1.82,True,Active,ArslanAzad,None,Normal,5: Lying down (controlled)
1790274908.5491884,4295,Person 14,106.2,3430.8,320.0,3437.63,1.77,True,Active,ArslanAzad,None,Normal,5: Lying down (controlled)
1790274908.6429126,4296,Person 14,105.8,3431.7,240.0,3438.63,1.77,True,Active,ArslanAzad,None,Normal,5: Lying down (controlled)
1790274908.7522776,4297,Person 14,104.8,3432.5,320.0,3438.45,1.67,True,Active,ArslanAzad,None,Normal,5: Lying down (controlled)
1790274908.817785,4298,Person 14,103.6,3433.3,320.0,3439.37,1.62,True,Active,ArslanAzad,None,Normal,5: Lying down (controlled)
1790274908.9740474,4299,Person 14,102.6,3434.0,240.0,3437.29,1.57,True,Active,ArslanAzad,None,Normal,5: Lying down (controlled)
1790274909.02092,4300,Person 14,101.8,3434.8,320.0,3437.31,1.58,True,Active,ArslanAzad,None,Normal,5: Lying down (controlled)
1790274909.0833938,4301,Person 14,101.5,3435.7,240.0,3440.42,1.65,True,Active,ArslanAzad,None,Normal,5: Lying down (controlled)
1790274909.1927845,4302,Person 14,101.4,3436.7,560.0,3441.51,1.7,True,Active,ArslanAzad,None,Normal,5: Lying down (controlled)
1790274909.2552783,4303,Person 14,101.4,3437.3,320.0,3440.63,1.77,True,Active,ArslanAzad,None,Normal,5: Lying down (controlled)
1790274909.3935907,4304,Person 14,101.5,3437.7,240.0,3440.76,1.83,True,Active,ArslanAzad,None,Normal,5: Lying down (controlled)
1790274909.4404442,4305,Person 14,102.1,3437.7,320.0,3437.82,1.87,True,Active,ArslanAzad,None,Normal,5: Lying down (controlled)
1790274909.534185,4306,Person 14,102.7,3437.7,320.0,3438.82,1.87,True,Active,ArslanAzad,None,Normal,5: Lying down (controlled)
1790274909.6279302,4307,Person 14,104.0,3437.6,240.0,3437.86,1.88,True,Active,ArslanAzad,None,Normal,5: Lying down (controlled)
1790274909.7060506,4308,Person 14,105.3,3437.5,320.0,3438.76,1.83,True,Active,ArslanAzad,None,Normal,5: Lying down (controlled)
1790274909.799793,4309,Person 14,106.9,3437.8,240.0,3440.76,1.83,True,Active,ArslanAzad,None,Normal,5: Lying down (controlled)
1790274909.896755,4310,Person 14,107.9,3438.0,240.0,3439.6,1.75,True,Active,ArslanAzad,None,Normal,5: Lying down (controlled)
1790274909.9904935,4311,Person 14,108.4,3438.0,320.0,3440.57,1.73,True,Active,ArslanAzad,None,Normal,5: Lying down (controlled)
1790274910.099863,4312,Person 14,108.7,3438.1,240.0,3442.6,1.75,True,Active,ArslanAzad,None,Normal,5: Lying down (controlled)
1790274910.193606,4313,Person 14,108.3,3438.4,320.0,3443.51,1.7,True,Active,ArslanAzad,None,Normal,5: Lying down (controlled)
1790274910.271725,4314,Person 14,107.6,3438.7,320.0,3443.54,1.71,True,Active,ArslanAzad,None,Normal,5: Lying down (controlled)
1790274910.3535063,4315,Person 14,106.6,3439.4,240.0,3444.51,1.7,True,Active,ArslanAzad,None,Normal,5: Lying down (controlled)
1790274910.4628766,4316,Person 14,105.4,3439.9,320.0,3443.45,1.66,True,Active,ArslanAzad,None,Normal,5: Lying down (controlled)
1790274910.5566185,4317,Person 14,103.9,3440.6,320.0,3444.39,1.63,True,Active,ArslanAzad,None,Normal,5: Lying down (controlled)
1790274910.6347363,4318,Person 14,102.8,3441.2,240.0,3444.42,1.65,True,Active,ArslanAzad,None,Normal,5: Lying down (controlled)
1790274910.7128563,4319,Person 14,101.9,3441.7,320.0,3445.48,1.68,True,Active,ArslanAzad,None,Normal,5: Lying down (controlled)
1790274910.7909765,4320,Person 14,102.2,3442.6,320.0,3448.69,1.79,True,Active,ArslanAzad,None,Normal,5: Lying down (controlled)
1790274910.8734703,4321,Person 14,103.2,3443.7,240.0,3451.88,1.89,True,Active,ArslanAzad,None,Normal,5: Lying down (controlled)
1790274910.9672134,4322,Person 14,104.2,3444.8,390.0,3453.92,1.91,True,Active,ArslanAzad,None,Normal,5: Lying down (controlled)
1790274911.0453143,4323,Person 14,105.5,3445.9,240.0,3454.91,1.91,True,Active,ArslanAzad,None,Normal,5: Lying down (controlled)
1790274911.1234307,4324,Person 14,106.3,3447.0,-240.0,3454.78,1.84,True,Active,ArslanAzad,None,Normal,5: Lying down (controlled)
1790274911.2640462,4325,Person 14,107.1,3447.9,320.0,3453.75,1.83,True,Active,ArslanAzad,None,Normal,5: Lying down (controlled)
1790274911.3451571,4326,Person 14,108.2,3449.0,240.0,3454.78,1.84,True,Active,ArslanAzad,None,Normal,5: Lying down (controlled)
1790274911.407656,4327,Person 14,109.4,3450.0,320.0,3454.75,1.82,True,Active,ArslanAzad,None,Normal,5: Lying down (controlled)
1790274911.5014012,4328,Person 14,110.8,3451.2,240.0,3456.85,1.87,True,Active,ArslanAzad,None,Normal,5: Lying down (controlled)
1790274911.595146,4329,Person 14,112.1,3452.3,240.0,3456.88,1.89,True,Active,ArslanAzad,None,Normal,5: Lying down (controlled)
1790274911.688886,4330,Person 14,112.9,3453.2,320.0,3457.95,1.92,True,Active,ArslanAzad,None,Normal,5: Lying down (controlled)
1790274911.7982566,4331,Person 14,112.9,3453.9,240.0,3458.88,1.89,True,Active,ArslanAzad,None,Normal,5: Lying down (controlled)
1790274911.8763776,4332,Person 14,112.5,3454.3,320.0,3457.78,1.84,True,Active,ArslanAzad,None,Normal,5: Lying down (controlled)
1790274911.9388702,4333,Person 14,111.9,3454.5,320.0,3456.72,1.81,True,Active,ArslanAzad,None,Normal,5: Lying down (controlled)
1790274912.0326152,4334,Person 14,112.2,3454.5,240.0,3454.88,1.89,True,Active,ArslanAzad,None,Normal,5: Lying down (controlled)
1790274912.141979,4335,Person 14,113.2,3454.4,320.0,3453.09,1.99,True,Active,ArslanAzad,None,Normal,5: Lying down (controlled)
1790274912.2513466,4336,Person 14,114.8,3454.2,320.0,3453.34,2.11,True,Active,ArslanAzad,None,Normal,5: Lying down (controlled)
1790274912.3138418,4337,Person 14,116.7,3453.9,240.0,3452.41,2.14,True,Active,ArslanAzad,None,Normal,5: Lying down (controlled)
1790274912.3891568,4338,Person 14,118.3,3453.3,320.0,3451.41,2.14,True,Active,ArslanAzad,None,Normal,5: Lying down (controlled)
1790274912.514148,4339,Person 14,120.1,3452.8,240.0,3452.52,2.19,True,Active,ArslanAzad,None,Normal,5: Lying down (controlled)
1790274912.561019,4340,Person 14,122.0,3452.1,240.0,3451.64,2.24,True,Active,ArslanAzad,None,Normal,5: Lying down (controlled)
1790274912.654744,4341,Person 14,124.0,3451.3,320.0,3451.6,2.22,True,Active,ArslanAzad,None,Normal,5: Lying down (controlled)
1790274912.7641304,4342,Person 14,126.5,3450.7,240.0,3452.68,2.26,True,Active,ArslanAzad,None,Normal,5: Lying down (controlled)
1790274912.8422303,4343,Person 14,129.3,3450.1,320.0,3451.72,2.27,True,Active,ArslanAzad,None,Normal,5: Lying down (controlled)
1790274912.9078324,4344,Person 14,131.9,3449.8,320.0,3452.84,2.32,True,Active,ArslanAzad,None,Normal,5: Lying down (controlled)
1790274913.0328023,4345,Person 14,134.6,3449.6,240.0,3452.13,2.44,True,Active,ArslanAzad,None,Normal,5: Lying down (controlled)
1790274913.126567,4346,Person 14,137.2,3449.2,-240.0,3450.39,2.54,True,Active,ArslanAzad,None,Normal,5: Lying down (controlled)
1790274913.1890433,4347,Person 14,140.5,3448.8,320.0,3449.81,2.69,True,Active,ArslanAzad,None,Normal,5: Lying down (controlled)
1790274913.267162,4348,Person 14,144.3,3448.3,240.0,3448.05,2.78,True,Active,ArslanAzad,None,Normal,5: Lying down (controlled)
1790274913.3961005,4349,Person 14,147.7,3447.5,320.0,3446.0,2.76,True,Active,ArslanAzad,None,Normal,5: Lying down (controlled)
1790274913.4585958,4350,Person 14,150.8,3446.6,240.0,3444.0,2.76,True,Active,ArslanAzad,None,Normal,5: Lying down (controlled)
1790274913.5367155,4351,Person 14,153.5,3445.5,240.0,3441.77,2.68,True,Active,ArslanAzad,None,Normal,5: Lying down (controlled)
1790274913.6655495,4352,Person 14,155.7,3444.2,320.0,3440.63,2.63,True,Active,ArslanAzad,None,Normal,5: Lying down (controlled)
1790274913.7436903,4353,Person 14,158.0,3443.0,240.0,3440.72,2.67,True,Active,ArslanAzad,None,Normal,5: Lying down (controlled)
1790274913.8061652,4354,Person 14,160.4,3441.7,320.0,3440.91,2.73,True,Active,ArslanAzad,None,Normal,5: Lying down (controlled)
1790274913.924065,4355,Person 14,162.4,3440.8,320.0,3444.05,2.78,True,Active,ArslanAzad,None,Normal,5: Lying down (controlled)
1790274913.970957,4356,Person 14,164.1,3440.2,240.0,3445.2,2.83,True,Active,ArslanAzad,None,Normal,5: Lying down (controlled)
1790274914.0646799,4357,Person 14,165.4,3439.9,320.0,3447.44,2.91,True,Active,ArslanAzad,None,Normal,5: Lying down (controlled)
1790274914.174048,4358,Person 14,166.4,3440.0,320.0,3449.54,2.94,True,Active,ArslanAzad,None,Normal,5: Lying down (controlled)
1790274914.268043,4359,Person 14,167.7,3440.4,240.0,3450.65,2.97,True,Active,ArslanAzad,None,Normal,5: Lying down (controlled)
1790274914.3305178,4360,Person 14,169.1,3441.0,320.0,3450.7,2.99,True,Active,ArslanAzad,None,Normal,5: Lying down (controlled)
1790274914.4274995,4361,Person 14,171.5,3442.0,240.0,3452.96,3.07,True,Active,ArslanAzad,None,Normal,5: Lying down (controlled)
1790274914.5212438,4362,Person 14,174.4,3443.1,240.0,3453.07,3.1,True,Active,ArslanAzad,None,Normal,5: Lying down (controlled)
1790274914.5993838,4363,Person 14,176.3,3444.3,320.0,3453.64,2.97,True,Active,ArslanAzad,None,Normal,5: Lying down (controlled)
1790274914.7087514,4364,Person 14,177.1,3445.7,240.0,3455.28,2.85,True,Active,ArslanAzad,None,Normal,5: Lying down (controlled)
1790274914.7868512,4365,Person 14,177.5,3446.8,320.0,3455.23,2.84,True,Active,ArslanAzad,None,Normal,5: Lying down (controlled)
1790274914.881595,4366,Person 14,177.7,3448.1,320.0,3458.28,2.85,True,Active,ArslanAzad,None,Normal,5: Lying down (controlled)
1790274914.9928176,4367,Person 14,177.8,3449.3,240.0,3459.48,2.92,True,Active,ArslanAzad,None,Normal,5: Lying down (controlled)
1790274915.0553346,4368,Person 14,177.9,3450.5,320.0,3461.58,2.95,True,Active,ArslanAzad,None,Normal,5: Lying down (controlled)
1790274915.1334546,4369,Person 14,177.9,3451.7,320.0,3462.63,2.96,True,Active,ArslanAzad,None,Normal,5: Lying down (controlled)
1790274915.2271967,4370,Person 14,178.1,3453.0,240.0,3463.78,3.01,True,Active,ArslanAzad,None,Normal,5: Lying down (controlled)
1790274915.3521667,4371,Person 14,177.7,3454.0,240.0,3462.73,3.0,True,Active,ArslanAzad,None,Normal,5: Lying down (controlled)
1790274915.4031818,4372,Person 14,177.4,3455.1,320.0,3463.89,3.04,True,Active,ArslanAzad,None,Normal,5: Lying down (controlled)
1790274915.5281942,4373,Person 14,178.2,3456.0,240.0,3463.05,3.1,True,Active,ArslanAzad,None,Normal,5: Lying down (controlled)
1790274915.5750473,4374,Person 14,179.6,3456.6,320.0,3462.0,3.08,True,Active,ArslanAzad,None,Normal,5: Lying down (controlled)
1790274915.6688087,4375,Person 14,181.1,3457.6,320.0,3465.99,3.08,True,Active,ArslanAzad,None,Normal,5: Lying down (controlled)
1790274915.809562,4376,Person 14,182.2,3458.4,240.0,3466.83,3.03,True,Active,ArslanAzad,None,Normal,5: Lying down (controlled)
1790274915.9042695,4377,Person 14,182.9,3459.2,320.0,3467.83,3.02,True,Active,ArslanAzad,None,Normal,5: Lying down (controlled)
1790274915.9584594,4378,Person 14,184.2,3460.0,240.0,3470.26,3.16,True,Active,ArslanAzad,None,Normal,5: Lying down (controlled)
1790274916.0209556,4379,Person 14,186.2,3460.8,240.0,3471.71,3.29,True,Active,ArslanAzad,None,Normal,5: Lying down (controlled)
1790274916.1147,4380,Person 14,188.4,3461.5,320.0,3472.0,3.37,True,Active,ArslanAzad,None,Normal,5: Lying down (controlled)
1790274916.2240446,4381,Person 14,190.7,3462.4,240.0,3473.0,3.37,True,Active,ArslanAzad,None,Normal,5: Lying down (controlled)
1790274916.2865617,4382,Person 14,192.2,3463.1,240.0,3471.71,3.29,True,Active,ArslanAzad,None,Normal,5: Lying down (controlled)
1790274916.39593,4383,Person 14,192.9,3463.9,320.0,3471.43,3.2,True,Active,ArslanAzad,None,Normal,5: Lying down (controlled)
1790274916.4768872,4384,Person 14,193.3,3464.6,560.0,3469.21,3.14,True,Active,ArslanAzad,None,Normal,5: Lying down (controlled)
1790274916.5862331,4385,Person 14,193.4,3464.8,320.0,3468.05,3.09,True,Active,ArslanAzad,None,Normal,5: Lying down (controlled)
1790274916.6643534,4386,Person 14,193.6,3465.0,390.0,3468.94,3.06,True,Active,ArslanAzad,None,Normal,5: Lying down (controlled)
1790274916.7580955,4387,Person 14,193.4,3465.0,240.0,3467.73,2.99,True,Active,ArslanAzad,None,Normal,5: Lying down (controlled)
1790274916.8362365,4388,Person 14,191.9,3464.8,390.0,3467.47,2.91,True,Active,ArslanAzad,None,Normal,5: Lying down (controlled)
1790274916.933272,4389,Person 14,189.3,3464.5,320.0,3467.32,2.86,True,Active,ArslanAzad,None,Normal,5: Lying down (controlled)
1790274917.03076,4390,Person 14,185.7,3463.9,560.0,3464.08,2.78,True,Active,ArslanAzad,None,Normal,5: Lying down (controlled)
1790274917.103266,4391,Person 14,181.8,3463.1,320.0,3462.93,2.73,True,Active,ArslanAzad,None,Normal,5: Lying down (controlled)
1790274917.212634,4392,Person 14,178.3,3462.5,240.0,3463.88,2.71,True,Active,ArslanAzad,None,Normal,5: Lying down (controlled)
1790274917.2907526,4393,Person 14,175.2,3461.7,240.0,3461.84,2.7,True,Active,ArslanAzad,None,Normal,5: Lying down (controlled)
1790274917.3688927,4394,Person 14,172.3,3461.2,320.0,3462.74,2.66,True,Active,ArslanAzad,None,Normal,5: Lying down (controlled)
1790274917.4912674,4395,Person 14,169.9,3460.8,240.0,3462.84,2.7,True,Active,ArslanAzad,None,Normal,5: Lying down (controlled)
1790274917.5537663,4396,Person 14,167.8,3460.2,320.0,3461.89,2.72,True,Active,ArslanAzad,None,Normal,5: Lying down (controlled)
1790274917.6475275,4397,Person 14,166.5,3459.8,320.0,3463.08,2.78,True,Active,ArslanAzad,None,Normal,5: Lying down (controlled)
1790274917.7256467,4398,Person 14,166.0,3459.0,240.0,3459.23,2.83,True,Active,ArslanAzad,None,Normal,5: Lying down (controlled)
1790274917.8193698,4399,Person 14,165.8,3458.0,390.0,3457.23,2.84,True,Active,ArslanAzad,None,Normal,5: Lying down (controlled)
1790274917.8974884,4400,Person 14,166.5,3457.1,240.0,3455.43,2.9,True,Active,ArslanAzad,None,Normal,5: Lying down (controlled)
1790274918.0096788,4401,Person 14,167.2,3456.0,240.0,3452.29,2.86,True,Active,ArslanAzad,None,Normal,5: Lying down (controlled)
1790274918.0877974,4402,Person 14,168.1,3454.7,320.0,3451.34,2.87,True,Active,ArslanAzad,None,Normal,5: Lying down (controlled)
1790274918.3065302,4403,Person 14,169.0,3453.7,240.0,3452.29,2.86,True,Active,ArslanAzad,None,Normal,5: Lying down (controlled)
1790274918.3534021,4404,Person 14,170.0,3452.4,320.0,3450.24,2.84,True,Active,ArslanAzad,None,Normal,5: Lying down (controlled)
1790274918.400274,4405,Person 14,170.7,3451.3,320.0,3452.19,2.82,True,Active,ArslanAzad,None,Normal,5: Lying down (controlled)
1790274918.4669156,4406,Person 14,170.8,3450.3,560.0,3451.95,2.74,True,Active,ArslanAzad,None,Normal,5: Lying down (controlled)
1790274918.5606592,4407,Person 14,170.2,3449.2,320.0,3451.8,2.69,True,Active,ArslanAzad,None,Normal,5: Lying down (controlled)
1790274918.6387787,4408,Person 14,169.5,3448.7,240.0,3453.9,2.72,True,Active,ArslanAzad,None,Normal,5: Lying down (controlled)
