timestamp,sequence_id,target_id,x_mm,y_mm,speed_mms,distance_mm,angle_deg,valid,status,volunteer_id,fall_subtype,pace_variant,action_label
1789752216.9184494,3619,Person B,1512.1,2924.7,390.0,3296.55,27.09,True,Active,Arslan,None,Normal,5: Lying down (controlled)
1789752216.9996936,3620,Person B,1511.8,2925.5,320.0,3294.79,27.14,True,Active,Arslan,None,Normal,5: Lying down (controlled)
1789752217.077833,3621,Person B,1511.0,2926.3,80.0,3290.34,27.18,True,Active,Arslan,None,Normal,5: Lying down (controlled)
1789752217.1559522,3622,Person B,1510.2,2927.1,390.0,3290.39,27.26,True,Active,Arslan,None,Normal,5: Lying down (controlled)
1789752217.2251842,3623,Person B,1509.0,2927.9,160.0,3289.96,27.28,True,Active,Arslan,None,Normal,5: Lying down (controlled)
1789752217.3189085,3624,Person B,1507.4,2928.7,-80.0,3290.36,27.22,True,Active,Arslan,None,Normal,5: Lying down (controlled)
1789752217.4339507,3625,Person B,1506.2,2929.1,390.0,3292.14,27.2,True,Active,Arslan,None,Normal,5: Lying down (controlled)
1789752217.533483,3626,Person B,1505.1,2929.1,-390.0,3293.01,27.16,True,Active,Arslan,None,Normal,5: Lying down (controlled)
1789752217.650288,3627,Person B,1504.1,2929.5,-80.0,3295.66,27.09,True,Active,Arslan,None,Normal,5: Lying down (controlled)
1789752217.751687,3628,Person B,1503.8,2929.7,390.0,3297.89,27.09,True,Active,Arslan,None,Normal,5: Lying down (controlled)
1789752217.8836403,3629,Person B,1504.1,2929.4,320.0,3295.25,27.16,True,Active,Arslan,None,Normal,5: Lying down (controlled)
1789752217.9675822,3630,Person B,1504.3,2929.1,-80.0,3293.03,27.2,True,Active,Arslan,None,Normal,5: Lying down (controlled)
1789752218.033678,3631,Person B,1504.8,2929.0,390.0,3291.74,27.27,True,Active,Arslan,None,Normal,5: Lying down (controlled)
1789752218.11831,3632,Person B,1504.9,2929.1,160.0,3291.74,27.27,True,Active,Arslan,None,Normal,5: Lying down (controlled)
1789752218.2504733,3633,Person B,1505.4,2929.3,480.0,3294.03,27.34,True,Active,Arslan,None,Normal,5: Lying down (controlled)
1789752218.3504622,3634,Person B,1506.6,2929.4,390.0,3296.76,27.4,True,Active,Arslan,None,Normal,5: Lying down (controlled)
1789752218.4676201,3635,Person B,1508.1,2929.3,-160.0,3298.14,27.44,True,Active,Arslan,None,Normal,5: Lying down (controlled)
1789752218.5338674,3636,Person B,1509.8,2929.5,-80.0,3302.58,27.4,True,Active,Arslan,None,Normal,5: Lying down (controlled)
1789752218.616884,3637,Person B,1511.8,2929.5,390.0,3304.81,27.4,True,Active,Arslan,None,Normal,5: Lying down (controlled)
1789752218.700681,3638,Person B,1513.8,2929.3,-160.0,3305.27,27.42,True,Active,Arslan,None,Normal,5: Lying down (controlled)
1789752218.7845945,3639,Person B,1515.4,2929.5,0.0,3304.35,27.39,True,Active,Arslan,None,Normal,5: Lying down (controlled)
1789752218.8688524,3640,Person B,1516.9,2929.6,390.0,3300.8,27.42,True,Active,Arslan,None,Normal,5: Lying down (controlled)
1789752218.950863,3641,Person B,1518.0,2930.0,160.0,3300.34,27.4,True,Active,Arslan,None,Normal,5: Lying down (controlled)
1789752219.02178,3642,Person B,1519.5,2930.3,480.0,3301.3,27.47,True,Active,Arslan,None,Normal,5: Lying down (controlled)
1789752219.0999024,3643,Person B,1520.6,2930.6,160.0,3301.76,27.49,True,Active,Arslan,None,Normal,5: Lying down (controlled)
1789752219.1936424,3644,Person B,1521.0,2931.3,-80.0,3304.81,27.4,True,Active,Arslan,None,Normal,5: Lying down (controlled)
1789752219.2943575,3645,Person B,1521.0,2932.4,390.0,3307.91,27.36,True,Active,Arslan,None,Normal,5: Lying down (controlled)
1789752219.3568738,3646,Person B,1521.1,2932.8,390.0,3306.59,27.39,True,Active,Arslan,None,Normal,5: Lying down (controlled)
1789752219.4349737,3647,Person B,1520.8,2933.0,-320.0,3305.21,27.34,True,Active,Arslan,None,Normal,5: Lying down (controlled)
1789752219.513111,3648,Person B,1520.5,2933.0,390.0,3303.89,27.37,True,Active,Arslan,None,Normal,5: Lying down (controlled)
1789752219.591211,3649,Person B,1520.4,2932.9,-80.0,3303.01,27.38,True,Active,Arslan,None,Normal,5: Lying down (controlled)
1789752219.669335,3650,Person B,1520.2,2933.1,80.0,3301.66,27.37,True,Active,Arslan,None,Normal,5: Lying down (controlled)
1789752219.7676618,3651,Person B,1520.4,2933.2,390.0,3302.15,27.43,True,Active,Arslan,None,Normal,5: Lying down (controlled)
1789752219.8301382,3652,Person B,1520.1,2933.4,160.0,3301.69,27.41,True,Active,Arslan,None,Normal,5: Lying down (controlled)
1789752219.908278,3653,Person B,1519.6,2933.8,-80.0,3303.01,27.38,True,Active,Arslan,None,Normal,5: Lying down (controlled)
1789752219.986381,3654,Person B,1519.6,2933.7,390.0,3303.93,27.41,True,Active,Arslan,None,Normal,5: Lying down (controlled)
1789752220.0957453,3655,Person B,1520.2,2933.0,-160.0,3304.46,27.5,True,Active,Arslan,None,Normal,5: Lying down (controlled)
1789752220.1738844,3656,Person B,1520.9,2932.4,-80.0,3304.49,27.54,True,Active,Arslan,None,Normal,5: Lying down (controlled)
1789752220.240077,3657,Person B,1522.3,2931.7,390.0,3305.46,27.61,True,Active,Arslan,None,Normal,5: Lying down (controlled)
1789752220.3181796,3658,Person B,1523.8,2930.7,320.0,3301.96,27.68,True,Active,Arslan,None,Normal,5: Lying down (controlled)
1789752220.3962967,3659,Person B,1525.3,2929.7,80.0,3301.07,27.69,True,Active,Arslan,None,Normal,5: Lying down (controlled)
1789752220.5369146,3660,Person B,1527.1,2928.5,390.0,3299.35,27.75,True,Active,Arslan,None,Normal,5: Lying down (controlled)
1789752220.6306577,3661,Person B,1528.4,2927.4,160.0,3298.42,27.71,True,Active,Arslan,None,Normal,5: Lying down (controlled)
1789752220.7087755,3662,Person B,1529.9,2926.5,480.0,3300.65,27.71,True,Active,Arslan,None,Normal,5: Lying down (controlled)
1789752220.777293,3663,Person B,1531.8,2925.3,640.0,3301.16,27.77,True,Active,Arslan,None,Normal,5: Lying down (controlled)
1789752220.8553932,3664,Person B,1533.5,2924.1,-160.0,3301.16,27.77,True,Active,Arslan,None,Normal,5: Lying down (controlled)
1789752220.9647605,3665,Person B,1534.3,2923.4,-80.0,3301.96,27.68,True,Active,Arslan,None,Normal,5: Lying down (controlled)
1789752221.0272753,3666,Person B,1534.7,2923.0,390.0,3302.8,27.64,True,Active,Arslan,None,Normal,5: Lying down (controlled)
1789752221.105396,3667,Person B,1534.9,2922.3,320.0,3300.19,27.7,True,Active,Arslan,None,Normal,5: Lying down (controlled)
1789752221.1834958,3668,Person B,1535.7,2921.6,390.0,3299.49,27.86,True,Active,Arslan,None,Normal,5: Lying down (controlled)
1789752221.2616148,3669,Person B,1537.2,2920.5,390.0,3298.35,28.01,True,Active,Arslan,None,Normal,5: Lying down (controlled)
1789752221.3241105,3670,Person B,1538.4,2919.8,160.0,3298.77,27.99,True,Active,Arslan,None,Normal,5: Lying down (controlled)
1789752221.4178536,3671,Person B,1540.1,2919.4,480.0,3302.83,28.01,True,Active,Arslan,None,Normal,5: Lying down (controlled)
1789752221.4959939,3672,Person B,1541.4,2919.2,160.0,3304.95,27.93,True,Active,Arslan,None,Normal,5: Lying down (controlled)
1789752221.5741124,3673,Person B,1542.5,2919.7,-80.0,3310.72,27.9,True,Active,Arslan,None,Normal,5: Lying down (controlled)
1789752221.6522117,3674,Person B,1543.7,2920.6,480.0,3314.72,27.88,True,Active,Arslan,None,Normal,5: Lying down (controlled)
1789752221.737422,3675,Person B,1545.4,2921.0,390.0,3313.42,27.91,True,Active,Arslan,None,Normal,5: Lying down (controlled)
1789752221.8057725,3676,Person B,1547.4,2921.3,-80.0,3314.78,27.92,True,Active,Arslan,None,Normal,5: Lying down (controlled)
1789752221.883891,3677,Person B,1549.5,2921.8,390.0,3314.42,27.98,True,Active,Arslan,None,Normal,5: Lying down (controlled)
1789752221.9620132,3678,Person B,1551.1,2922.2,320.0,3310.53,28.07,True,Active,Arslan,None,Normal,5: Lying down (controlled)
1789752222.055754,3679,Person B,1552.2,2922.7,160.0,3307.94,28.14,True,Active,Arslan,None,Normal,5: Lying down (controlled)
1789752222.1494982,3680,Person B,1553.8,2922.9,390.0,3308.07,28.22,True,Active,Arslan,None,Normal,5: Lying down (controlled)
1789752222.227622,3681,Person B,1555.2,2922.8,160.0,3308.54,28.23,True,Active,Arslan,None,Normal,5: Lying down (controlled)
1789752222.290113,3682,Person B,1556.3,2923.0,-80.0,3311.88,28.08,True,Active,Arslan,None,Normal,5: Lying down (controlled)
1789752222.3838594,3683,Person B,1556.8,2923.3,390.0,3315.71,27.95,True,Active,Arslan,None,Normal,5: Lying down (controlled)
1789752222.4619756,3684,Person B,1556.5,2923.6,160.0,3315.98,27.81,True,Active,Arslan,None,Normal,5: Lying down (controlled)
1789752222.5244718,3685,Person B,1555.9,2924.2,-80.0,3315.93,27.77,True,Active,Arslan,None,Normal,5: Lying down (controlled)
1789752222.6026118,3686,Person B,1555.4,2924.6,390.0,3315.98,27.81,True,Active,Arslan,None,Normal,5: Lying down (controlled)
1789752222.680711,3687,Person B,1554.9,2924.9,-160.0,3314.72,27.88,True,Active,Arslan,None,Normal,5: Lying down (controlled)
1789752222.7665527,3688,Person B,1554.2,2925.7,80.0,3314.31,27.9,True,Active,Arslan,None,Normal,5: Lying down (controlled)
1789752222.8602939,3689,Person B,1553.7,2926.5,390.0,3312.65,28.0,True,Active,Arslan,None,Normal,5: Lying down (controlled)
1789752222.9384167,3690,Person B,1552.9,2927.2,160.0,3310.47,28.04,True,Active,Arslan,None,Normal,5: Lying down (controlled)
1789752223.000912,3691,Person B,1552.6,2927.7,480.0,3311.53,28.14,True,Active,Arslan,None,Normal,5: Lying down (controlled)
1789752223.094655,3692,Person B,1553.3,2927.3,390.0,3311.66,28.22,True,Active,Arslan,None,Normal,5: Lying down (controlled)
1789752223.1571507,3693,Person B,1554.3,2926.2,-320.0,3310.71,28.19,True,Active,Arslan,None,Normal,5: Lying down (controlled)
1789752223.2560506,3694,Person B,1555.5,2925.2,-80.0,3312.76,28.07,True,Active,Arslan,None,Normal,5: Lying down (controlled)
1789752223.334178,3695,Person B,1556.4,2924.5,390.0,3313.95,27.96,True,Active,Arslan,None,Normal,5: Lying down (controlled)
1789752223.4279187,3696,Person B,1557.0,2924.0,-160.0,3314.36,27.94,True,Active,Arslan,None,Normal,5: Lying down (controlled)
1789752223.5060399,3697,Person B,1557.6,2923.8,390.0,3315.77,27.99,True,Active,Arslan,None,Normal,5: Lying down (controlled)
1789752223.58418,3698,Person B,1558.4,2923.4,390.0,3314.53,28.06,True,Active,Arslan,None,Normal,5: Lying down (controlled)
1789752223.6935253,3699,Person B,1558.8,2923.3,160.0,3313.65,28.07,True,Active,Arslan,None,Normal,5: Lying down (controlled)
1789752223.776705,3700,Person B,1559.6,2923.3,480.0,3314.24,28.16,True,Active,Arslan,None,Normal,5: Lying down (controlled)
1789752223.854843,3701,Person B,1559.8,2923.4,160.0,3313.36,28.17,True,Active,Arslan,None,Normal,5: Lying down (controlled)
1789752223.9173386,3702,Person B,1559.2,2923.9,-320.0,3313.24,28.09,True,Active,Arslan,None,Normal,5: Lying down (controlled)
1789752224.0110626,3703,Person B,1558.5,2924.4,480.0,3311.82,28.04,True,Active,Arslan,None,Normal,5: Lying down (controlled)
1789752224.0891817,3704,Person B,1558.1,2924.3,390.0,3310.0,28.02,True,Active,Arslan,None,Normal,5: Lying down (controlled)
1789752224.1829445,3705,Person B,1558.1,2923.8,-160.0,3309.53,28.01,True,Active,Arslan,None,Normal,5: Lying down (controlled)
1789752224.26489,3706,Person B,1557.8,2923.4,0.0,3309.42,27.93,True,Active,Arslan,None,Normal,5: Lying down (controlled)
1789752224.343033,3707,Person B,1556.6,2923.3,160.0,3309.27,27.81,True,Active,Arslan,None,Normal,5: Lying down (controlled)
1789752224.4211338,3708,Person B,1554.9,2924.1,160.0,3313.65,27.73,True,Active,Arslan,None,Normal,5: Lying down (controlled)
1789752224.4992568,3709,Person B,1553.4,2925.4,480.0,3318.12,27.73,True,Active,Arslan,None,Normal,5: Lying down (controlled)
1789752224.592997,3710,Person B,1551.4,2927.3,160.0,3321.66,27.7,True,Active,Arslan,None,Normal,5: Lying down (controlled)
1789752224.702366,3711,Person B,1549.2,2929.6,-80.0,3323.39,27.64,True,Active,Arslan,None,Normal,5: Lying down (controlled)
1789752224.8334649,3712,Person B,1547.5,2931.8,390.0,3324.74,27.65,True,Active,Arslan,None,Normal,5: Lying down (controlled)
1789752224.9115794,3713,Person B,1546.0,2934.2,-80.0,3326.04,27.62,True,Active,Arslan,None,Normal,5: Lying down (controlled)
1789752224.9896977,3714,Person B,1544.5,2937.0,-80.0,3327.78,27.57,True,Active,Arslan,None,Normal,5: Lying down (controlled)
1789752225.0834408,3715,Person B,1543.2,2939.8,390.0,3328.24,27.58,True,Active,Arslan,None,Normal,5: Lying down (controlled)
1789752225.145941,3716,Person B,1542.1,2942.5,-80.0,3328.2,27.54,True,Active,Arslan,None,Normal,5: Lying down (controlled)
1789752225.2084332,3717,Person B,1541.2,2945.3,80.0,3329.9,27.45,True,Active,Arslan,None,Normal,5: Lying down (controlled)
1789752225.3081956,3718,Person B,1540.2,2947.8,390.0,3331.18,27.38,True,Active,Arslan,None,Normal,5: Lying down (controlled)
1789752225.3706942,3719,Person B,1538.5,2950.1,160.0,3330.66,27.29,True,Active,Arslan,None,Normal,5: Lying down (controlled)
1789752225.464458,3720,Person B,1536.1,2951.9,80.0,3326.57,27.19,True,Active,Arslan,None,Normal,5: Lying down (controlled)
1789752225.5581825,3721,Person B,1533.4,2953.1,640.0,3321.62,27.14,True,Active,Arslan,None,Normal,5: Lying down (controlled)
1789752225.636302,3722,Person B,1530.2,2954.0,160.0,3318.02,27.09,True,Active,Arslan,None,Normal,5: Lying down (controlled)
1789752225.7144265,3723,Person B,1526.9,2954.8,-80.0,3318.0,27.05,True,Active,Arslan,None,Normal,5: Lying down (controlled)
1789752225.792544,3724,Person B,1524.1,2955.1,390.0,3317.58,27.11,True,Active,Arslan,None,Normal,5: Lying down (controlled)
1789752225.9956734,3725,Person B,1521.3,2955.4,-390.0,3318.04,27.13,True,Active,Arslan,None,Normal,5: Lying down (controlled)
1789752226.073791,3726,Person B,1519.2,2955.5,-80.0,3319.43,27.21,True,Active,Arslan,None,Normal,5: Lying down (controlled)
1789752226.1519115,3727,Person B,1518.0,2954.8,390.0,3318.17,27.32,True,Active,Arslan,None,Normal,5: Lying down (controlled)
1789752226.214407,3728,Person B,1517.4,2953.6,160.0,3317.77,27.38,True,Active,Arslan,None,Normal,5: Lying down (controlled)
1789752226.3338127,3729,Person B,1517.9,2951.8,560.0,3316.98,27.51,True,Active,Arslan,None,Normal,5: Lying down (controlled)
1789752226.4275553,3730,Person B,1519.6,2949.6,390.0,3314.87,27.62,True,Active,Arslan,None,Normal,5: Lying down (controlled)
1789752226.4900484,3731,Person B,1521.7,2947.6,-320.0,3313.52,27.62,True,Active,Arslan,None,Normal,5: Lying down (controlled)
1789752226.568187,3732,Person B,1524.4,2945.4,560.0,3310.9,27.68,True,Active,Arslan,None,Normal,5: Lying down (controlled)
1789752226.646306,3733,Person B,1527.3,2942.8,390.0,3308.25,27.7,True,Active,Arslan,None,Normal,5: Lying down (controlled)
1789752226.708783,3734,Person B,1529.5,2940.5,80.0,3307.27,27.63,True,Active,Arslan,None,Normal,5: Lying down (controlled)
1789752226.8248878,3735,Person B,1531.1,2938.3,0.0,3305.84,27.55,True,Active,Arslan,None,Normal,5: Lying down (controlled)
1789752226.8873913,3736,Person B,1532.1,2936.0,720.0,3303.61,27.55,True,Active,Arslan,None,Normal,5: Lying down (controlled)
1789752226.9655113,3737,Person B,1532.1,2934.4,160.0,3303.96,27.45,True,Active,Arslan,None,Normal,5: Lying down (controlled)
1789752227.0436306,3738,Person B,1531.8,2933.3,480.0,3306.62,27.43,True,Active,Arslan,None,Normal,5: Lying down (controlled)
1789752227.1217484,3739,Person B,1530.7,2932.6,160.0,3305.7,27.39,True,Active,Arslan,None,Normal,5: Lying down (controlled)
1789752227.2154908,3740,Person B,1529.0,2932.9,-80.0,3309.68,27.34,True,Active,Arslan,None,Normal,5: Lying down (controlled)
1789752227.29363,3741,Person B,1527.5,2933.4,480.0,3311.03,27.35,True,Active,Arslan,None,Normal,5: Lying down (controlled)
1789752227.4067497,3742,Person B,1525.9,2934.2,390.0,3310.6,27.37,True,Active,Arslan,None,Normal,5: Lying down (controlled)
1789752227.4848685,3743,Person B,1524.4,2935.2,-160.0,3310.17,27.39,True,Active,Arslan,None,Normal,5: Lying down (controlled)
1789752227.5786102,3744,Person B,1522.9,2936.1,0.0,3308.34,27.33,True,Active,Arslan,None,Normal,5: Lying down (controlled)
1789752227.6567266,3745,Person B,1521.8,2936.6,390.0,3305.21,27.34,True,Active,Arslan,None,Normal,5: Lying down (controlled)
1789752227.750474,3746,Person B,1520.5,2937.3,160.0,3303.83,27.29,True,Active,Arslan,None,Normal,5: Lying down (controlled)
1789752227.8129861,3747,Person B,1519.9,2937.7,480.0,3304.75,27.32,True,Active,Arslan,None,Normal,5: Lying down (controlled)
1789752227.957323,3748,Person B,1519.1,2937.9,160.0,3304.72,27.29,True,Active,Arslan,None,Normal,5: Lying down (controlled)
1789752228.0354612,3749,Person B,1517.9,2938.6,-80.0,3306.42,27.15,True,Active,Arslan,None,Normal,5: Lying down (controlled)
1789752228.1291862,3750,Person B,1516.2,2939.3,390.0,3308.14,27.02,True,Active,Arslan,None,Normal,5: Lying down (controlled)
1789752228.2073076,3751,Person B,1515.0,2939.4,720.0,3306.42,27.15,True,Active,Arslan,None,Normal,5: Lying down (controlled)
1789752228.2854264,3752,Person B,1514.4,2939.0,80.0,3304.29,27.31,True,Active,Arslan,None,Normal,5: Lying down (controlled)
1789752228.3692784,3753,Person B,1514.3,2938.4,390.0,3304.39,27.43,True,Active,Arslan,None,Normal,5: Lying down (controlled)
1789752228.4942732,3754,Person B,1514.6,2937.7,160.0,3303.5,27.43,True,Active,Arslan,None,Normal,5: Lying down (controlled)
1789752228.57239,3755,Person B,1514.7,2937.8,160.0,3306.56,27.35,True,Active,Arslan,None,Normal,5: Lying down (controlled)
1789752228.666133,3756,Person B,1514.9,2938.5,480.0,3310.97,27.27,True,Active,Arslan,None,Normal,5: Lying down (controlled)
1789752228.7286482,3757,Person B,1514.3,2939.5,160.0,3310.9,27.15,True,Active,Arslan,None,Normal,5: Lying down (controlled)
1789752228.8223734,3758,Person B,1513.6,2940.7,480.0,3312.2,27.08,True,Active,Arslan,None,Normal,5: Lying down (controlled)
1789752228.9004917,3759,Person B,1514.0,2941.2,390.0,3312.7,27.18,True,Active,Arslan,None,Normal,5: Lying down (controlled)
1789752228.9942384,3760,Person B,1515.5,2941.0,-390.0,3313.21,27.27,True,Active,Arslan,None,Normal,5: Lying down (controlled)
1789752229.0723758,3761,Person B,1517.2,2940.9,-80.0,3313.33,27.42,True,Active,Arslan,None,Normal,5: Lying down (controlled)
1789752229.1973512,3762,Person B,1518.7,2941.2,390.0,3313.86,27.52,True,Active,Arslan,None,Normal,5: Lying down (controlled)
1789752229.3067157,3763,Person B,1519.8,2941.4,320.0,3311.24,27.58,True,Active,Arslan,None,Normal,5: Lying down (controlled)
1789752229.4259973,3764,Person B,1521.0,2941.5,160.0,3309.93,27.61,True,Active,Arslan,None,Normal,5: Lying down (controlled)
1789752229.5197399,3765,Person B,1522.8,2940.9,390.0,3309.55,27.67,True,Active,Arslan,None,Normal,5: Lying down (controlled)
1789752229.5822353,3766,Person B,1524.8,2939.6,160.0,3308.67,27.68,True,Active,Arslan,None,Normal,5: Lying down (controlled)
1789752229.6759815,3767,Person B,1526.8,2938.3,-80.0,3308.54,27.56,True,Active,Arslan,None,Normal,5: Lying down (controlled)
1789752229.7384758,3768,Person B,1528.8,2937.0,390.0,3309.82,27.49,True,Active,Arslan,None,Normal,5: Lying down (controlled)
1789752229.8322184,3769,Person B,1530.2,2935.8,-160.0,3308.47,27.49,True,Active,Arslan,None,Normal,5: Lying down (controlled)
1789752229.934961,3770,Person B,1530.9,2935.0,-80.0,3309.32,27.44,True,Active,Arslan,None,Normal,5: Lying down (controlled)
1789752229.9974754,3771,Person B,1531.0,2934.5,390.0,3309.35,27.48,True,Active,Arslan,None,Normal,5: Lying down (controlled)
1789752230.0755775,3772,Person B,1530.8,2933.8,320.0,3306.73,27.54,True,Active,Arslan,None,Normal,5: Lying down (controlled)
1789752230.1537147,3773,Person B,1530.6,2933.4,160.0,3306.77,27.58,True,Active,Arslan,None,Normal,5: Lying down (controlled)
1789752230.2318141,3774,Person B,1530.6,2932.9,390.0,3305.5,27.65,True,Active,Arslan,None,Normal,5: Lying down (controlled)
1789752230.32556,3775,Person B,1530.4,2932.5,160.0,3305.08,27.67,True,Active,Arslan,None,Normal,5: Lying down (controlled)
1789752230.420797,3776,Person B,1530.7,2932.1,480.0,3306.52,27.76,True,Active,Arslan,None,Normal,5: Lying down (controlled)
1789752230.498937,3777,Person B,1532.0,2931.4,390.0,3308.39,27.82,True,Active,Arslan,None,Normal,5: Lying down (controlled)
1789752230.5770562,3778,Person B,1533.6,2930.5,-160.0,3309.27,27.81,True,Active,Arslan,None,Normal,5: Lying down (controlled)
1789752230.6707802,3779,Person B,1535.4,2930.2,-80.0,3314.16,27.79,True,Active,Arslan,None,Normal,5: Lying down (controlled)
1789752230.7801669,3780,Person B,1537.5,2929.9,390.0,3316.39,27.79,True,Active,Arslan,None,Normal,5: Lying down (controlled)
1789752230.8638334,3781,Person B,1539.6,2929.5,320.0,3315.56,27.83,True,Active,Arslan,None,Normal,5: Lying down (controlled)
1789752230.9419596,3782,Person B,1541.7,2929.4,-80.0,3315.61,27.87,True,Active,Arslan,None,Normal,5: Lying down (controlled)
1789752231.0200782,3783,Person B,1543.7,2929.1,390.0,3313.42,27.91,True,Active,Arslan,None,Normal,5: Lying down (controlled)
1789752231.1138198,3784,Person B,1545.1,2929.1,160.0,3312.02,27.86,True,Active,Arslan,None,Normal,5: Lying down (controlled)
1789752231.2075667,3785,Person B,1546.4,2929.2,480.0,3312.02,27.86,True,Active,Arslan,None,Normal,5: Lying down (controlled)
1789752231.2856863,3786,Person B,1546.7,2929.5,160.0,3310.57,27.78,True,Active,Arslan,None,Normal,5: Lying down (controlled)
1789752231.3637695,3787,Person B,1546.3,2930.2,-80.0,3312.72,27.7,True,Active,Arslan,None,Normal,5: Lying down (controlled)
1789752231.4615107,3788,Person B,1545.2,2931.2,0.0,3313.01,27.56,True,Active,Arslan,None,Normal,5: Lying down (controlled)
1789752231.5396106,3789,Person B,1543.6,2931.8,390.0,3312.05,27.49,True,Active,Arslan,None,Normal,5: Lying down (controlled)
1789752231.6333508,3790,Person B,1541.7,2932.5,-80.0,3313.79,27.44,True,Active,Arslan,None,Normal,5: Lying down (controlled)
1789752231.7114904,3791,Person B,1539.8,2933.5,0.0,3315.6,27.46,True,Active,Arslan,None,Normal,5: Lying down (controlled)
1789752231.7895908,3792,Person B,1537.9,2934.4,390.0,3314.75,27.51,True,Active,Arslan,None,Normal,5: Lying down (controlled)
1789752231.8713374,3793,Person B,1535.9,2935.5,80.0,3313.86,27.52,True,Active,Arslan,None,Normal,5: Lying down (controlled)
1789752231.9494612,3794,Person B,1534.5,2936.4,480.0,3313.48,27.58,True,Active,Arslan,None,Normal,5: Lying down (controlled)
1789752232.0432072,3795,Person B,1533.2,2937.2,160.0,3313.05,27.6,True,Active,Arslan,None,Normal,5: Lying down (controlled)
1789752232.1213446,3796,Person B,1532.2,2938.3,-80.0,3315.67,27.54,True,Active,Arslan,None,Normal,5: Lying down (controlled)
1789752232.215068,3797,Person B,1531.5,2939.3,390.0,3318.33,27.51,True,Active,Arslan,None,Normal,5: Lying down (controlled)
1789752232.3088307,3798,Person B,1531.5,2939.7,390.0,3316.56,27.53,True,Active,Arslan,None,Normal,5: Lying down (controlled)
1789752232.4232092,3799,Person B,1532.1,2939.9,-80.0,3316.6,27.57,True,Active,Arslan,None,Normal,5: Lying down (controlled)
1789752232.5169544,3800,Person B,1533.2,2939.4,390.0,3314.44,27.65,True,Active,Arslan,None,Normal,5: Lying down (controlled)
1789752232.5950923,3801,Person B,1534.5,2938.2,320.0,3310.99,27.76,True,Active,Arslan,None,Normal,5: Lying down (controlled)
1789752232.6732118,3802,Person B,1535.9,2936.8,160.0,3308.85,27.84,True,Active,Arslan,None,Normal,5: Lying down (controlled)
1789752232.7669373,3803,Person B,1537.8,2935.2,390.0,3308.54,27.94,True,Active,Arslan,None,Normal,5: Lying down (controlled)
1789752232.8606834,3804,Person B,1539.5,2933.7,160.0,3308.12,27.96,True,Active,Arslan,None,Normal,5: Lying down (controlled)
1789752232.9276075,3805,Person B,1541.7,2932.3,-80.0,3310.94,28.05,True,Active,Arslan,None,Normal,5: Lying down (controlled)
1789752233.021354,3806,Person B,1544.5,2930.4,390.0,3311.94,28.12,True,Active,Arslan,None,Normal,5: Lying down (controlled)
1789752233.0994906,3807,Person B,1547.5,2928.1,-160.0,3312.0,28.16,True,Active,Arslan,None,Normal,5: Lying down (controlled)
1789752233.1932337,3808,Person B,1550.3,2926.2,-80.0,3312.82,28.11,True,Active,Arslan,None,Normal,5: Lying down (controlled)
1789752233.3025825,3809,Person B,1552.8,2924.5,390.0,3313.24,28.09,True,Active,Arslan,None,Normal,5: Lying down (controlled)
1789752233.386911,3810,Person B,1554.4,2923.5,-390.0,3313.06,27.97,True,Active,Arslan,None,Normal,5: Lying down (controlled)
1789752233.5275357,3811,Person B,1555.2,2923.3,390.0,3312.96,27.9,True,Active,Arslan,None,Normal,5: Lying down (controlled)
1789752233.6368992,3812,Person B,1555.6,2923.3,390.0,3310.72,27.9,True,Active,Arslan,None,Normal,5: Lying down (controlled)
1789752233.7150373,3813,Person B,1555.3,2923.6,160.0,3309.79,27.87,True,Active,Arslan,None,Normal,5: Lying down (controlled)
1789752233.793141,3814,Person B,1554.6,2924.3,-80.0,3311.04,27.8,True,Active,Arslan,None,Normal,5: Lying down (controlled)
1789752233.8900986,3815,Person B,1553.2,2925.1,390.0,3311.46,27.77,True,Active,Arslan,None,Normal,5: Lying down (controlled)
1789752233.9541602,3816,Person B,1551.5,2925.9,-160.0,3311.04,27.8,True,Active,Arslan,None,Normal,5: Lying down (controlled)
1789752234.0322814,3817,Person B,1550.0,2926.9,390.0,3313.79,27.85,True,Active,Arslan,None,Normal,5: Lying down (controlled)
1789752234.1103985,3818,Person B,1549.0,2927.6,390.0,3314.31,27.9,True,Active,Arslan,None,Normal,5: Lying down (controlled)
1789752234.2041616,3819,Person B,1548.4,2928.0,-160.0,3313.95,27.96,True,Active,Arslan,None,Normal,5: Lying down (controlled)
1789752234.3291364,3820,Person B,1548.5,2928.2,0.0,3315.3,27.97,True,Active,Arslan,None,Normal,5: Lying down (controlled)
1789752234.4132571,3821,Person B,1549.0,2928.1,390.0,3314.42,27.98,True,Active,Arslan,None,Normal,5: Lying down (controlled)
1789752234.4913757,3822,Person B,1549.4,2928.3,160.0,3314.36,27.94,True,Active,Arslan,None,Normal,5: Lying down (controlled)
1789752234.5695133,3823,Person B,1550.0,2928.5,480.0,3314.36,27.94,True,Active,Arslan,None,Normal,5: Lying down (controlled)
1789752234.6476161,3824,Person B,1550.4,2928.4,80.0,3312.02,27.86,True,Active,Arslan,None,Normal,5: Lying down (controlled)
1789752234.7570004,3825,Person B,1550.7,2928.3,-160.0,3311.97,27.83,True,Active,Arslan,None,Normal,5: Lying down (controlled)
1789752234.8351004,3826,Person B,1551.0,2928.4,560.0,3313.32,27.83,True,Active,Arslan,None,Normal,5: Lying down (controlled)
1789752234.919292,3827,Person B,1550.8,2928.3,160.0,3311.97,27.83,True,Active,Arslan,None,Normal,5: Lying down (controlled)
1789752234.9974096,3828,Person B,1550.4,2928.3,-160.0,3312.44,27.84,True,Active,Arslan,None,Normal,5: Lying down (controlled)
1789752235.1067955,3829,Person B,1550.1,2928.2,390.0,3311.66,27.93,True,Active,Arslan,None,Normal,5: Lying down (controlled)
1789752235.2005403,3830,Person B,1550.0,2927.6,320.0,3309.53,28.01,True,Active,Arslan,None,Normal,5: Lying down (controlled)
1789752235.2786589,3831,Person B,1550.1,2927.1,160.0,3310.47,28.04,True,Active,Arslan,None,Normal,5: Lying down (controlled)
1789752235.3411558,3832,Person B,1550.8,2926.4,390.0,3311.47,28.11,True,Active,Arslan,None,Normal,5: Lying down (controlled)
1789752235.42304,3833,Person B,1551.5,2925.7,160.0,3311.47,28.11,True,Active,Arslan,None,Normal,5: Lying down (controlled)
1789752235.5167632,3834,Person B,1552.1,2925.6,-80.0,3313.95,27.96,True,Active,Arslan,None,Normal,5: Lying down (controlled)
1789752235.6105094,3835,Person B,1552.3,2926.0,390.0,3316.44,27.82,True,Active,Arslan,None,Normal,5: Lying down (controlled)
1789752235.673003,3836,Person B,1551.9,2926.3,160.0,3314.11,27.75,True,Active,Arslan,None,Normal,5: Lying down (controlled)
1789752235.7667506,3837,Person B,1551.4,2926.6,-80.0,3312.3,27.73,True,Active,Arslan,None,Normal,5: Lying down (controlled)
1789752235.8605094,3838,Person B,1551.3,2926.6,390.0,3311.97,27.83,True,Active,Arslan,None,Normal,5: Lying down (controlled)
1789752235.9759407,3839,Person B,1551.2,2926.4,320.0,3309.42,27.93,True,Active,Arslan,None,Normal,5: Lying down (controlled)
1789752236.069684,3840,Person B,1551.3,2926.3,160.0,3309.12,28.03,True,Active,Arslan,None,Normal,5: Lying down (controlled)
1789752236.1478055,3841,Person B,1551.7,2925.9,390.0,3308.83,28.13,True,Active,Arslan,None,Normal,5: Lying down (controlled)
1789752236.2259421,3842,Person B,1551.9,2925.5,160.0,3308.89,28.17,True,Active,Arslan,None,Normal,5: Lying down (controlled)
1789752236.3196702,3843,Person B,1552.7,2925.1,-80.0,3311.72,28.26,True,Active,Arslan,None,Normal,5: Lying down (controlled)
1789752236.3977888,3844,Person B,1554.4,2924.0,390.0,3312.26,28.31,True,Active,Arslan,None,Normal,5: Lying down (controlled)
1789752236.5166824,3845,Person B,1556.5,2922.4,160.0,3312.2,28.27,True,Active,Arslan,None,Normal,5: Lying down (controlled)
1789752236.5948186,3846,Person B,1559.1,2920.8,-80.0,3312.2,28.27,True,Active,Arslan,None,Normal,5: Lying down (controlled)
1789752236.688562,3847,Person B,1562.0,2919.2,390.0,3311.79,28.3,True,Active,Arslan,None,Normal,5: Lying down (controlled)
1789752236.7662408,3848,Person B,1564.4,2917.9,160.0,3311.79,28.3,True,Active,Arslan,None,Normal,5: Lying down (controlled)
1789752236.8443627,3849,Person B,1566.1,2917.7,80.0,3315.66,28.2,True,Active,Arslan,None,Normal,5: Lying down (controlled)
1789752236.939539,3850,Person B,1567.1,2918.2,390.0,3318.24,28.14,True,Active,Arslan,None,Normal,5: Lying down (controlled)
1789752237.017662,3851,Person B,1567.1,2919.3,160.0,3318.53,28.04,True,Active,Arslan,None,Normal,5: Lying down (controlled)
1789752237.111405,3852,Person B,1566.7,2920.9,560.0,3321.12,27.98,True,Active,Arslan,None,Normal,5: Lying down (controlled)
1789752237.2051497,3853,Person B,1565.7,2922.4,640.0,3320.24,27.99,True,Active,Arslan,None,Normal,5: Lying down (controlled)
1789752237.3145325,3854,Person B,1564.2,2923.9,160.0,3318.42,27.96,True,Active,Arslan,None,Normal,5: Lying down (controlled)
1789752237.392636,3855,Person B,1562.6,2925.6,-80.0,3319.66,27.89,True,Active,Arslan,None,Normal,5: Lying down (controlled)
1789752237.4925272,3856,Person B,1560.8,2927.2,390.0,3317.84,27.87,True,Active,Arslan,None,Normal,5: Lying down (controlled)
1789752237.5706654,3857,Person B,1558.8,2928.9,390.0,3317.38,27.86,True,Active,Arslan,None,Normal,5: Lying down (controlled)
1789752237.758137,3858,Person B,1557.3,2930.3,390.0,3317.07,27.96,True,Active,Arslan,None,Normal,5: Lying down (controlled)
1789752237.8518772,3859,Person B,1556.4,2930.8,390.0,3315.82,28.03,True,Active,Arslan,None,Normal,5: Lying down (controlled)
1789752237.9299996,3860,Person B,1555.7,2930.9,160.0,3315.82,28.03,True,Active,Arslan,None,Normal,5: Lying down (controlled)
1789752238.0146687,3861,Person B,1555.3,2930.4,0.0,3312.24,28.02,True,Active,Arslan,None,Normal,5: Lying down (controlled)
1789752238.077163,3862,Person B,1554.8,2929.2,320.0,3308.18,28.0,True,Active,Arslan,None,Normal,5: Lying down (controlled)
1789752238.1709077,3863,Person B,1553.8,2928.0,-320.0,3304.95,27.93,True,Active,Arslan,None,Normal,5: Lying down (controlled)
1789752238.2646546,3864,Person B,1552.9,2926.8,480.0,3303.6,27.92,True,Active,Arslan,None,Normal,5: Lying down (controlled)
1789752238.3583946,3865,Person B,1552.3,2925.1,390.0,3301.83,27.94,True,Active,Arslan,None,Normal,5: Lying down (controlled)
1789752238.440214,3866,Person B,1551.9,2923.5,-80.0,3301.83,27.94,True,Active,Arslan,None,Normal,5: Lying down (controlled)
1789752238.5183575,3867,Person B,1551.9,2921.9,390.0,3303.24,27.98,True,Active,Arslan,None,Normal,5: Lying down (controlled)
1789752238.5964577,3868,Person B,1551.6,2920.4,390.0,3302.41,28.03,True,Active,Arslan,None,Normal,5: Lying down (controlled)
1789752238.690204,3869,Person B,1551.0,2919.1,80.0,3301.53,28.04,True,Active,Arslan,None,Normal,5: Lying down (controlled)
1789752238.7839637,3870,Person B,1550.8,2917.7,480.0,3302.53,28.11,True,Active,Arslan,None,Normal,5: Lying down (controlled)
1789752238.8776906,3871,Person B,1550.9,2916.6,160.0,3303.0,28.12,True,Active,Arslan,None,Normal,5: Lying down (controlled)
1789752238.944793,3872,Person B,1550.9,2916.3,-80.0,3305.53,28.02,True,Active,Arslan,None,Normal,5: Lying down (controlled)
1789752239.0229177,3873,Person B,1551.1,2916.5,390.0,3307.66,27.94,True,Active,Arslan,None,Normal,5: Lying down (controlled)
1789752239.1010375,3874,Person B,1551.0,2917.4,-80.0,3311.09,27.83,True,Active,Arslan,None,Normal,5: Lying down (controlled)
1789752239.1947808,3875,Person B,1550.7,2919.1,-80.0,3315.46,27.76,True,Active,Arslan,None,Normal,5: Lying down (controlled)
1789752239.2729013,3876,Person B,1550.4,2921.2,390.0,3319.0,27.72,True,Active,Arslan,None,Normal,5: Lying down (controlled)
1789752239.3666635,3877,Person B,1549.9,2922.9,320.0,3315.93,27.77,True,Active,Arslan,None,Normal,5: Lying down (controlled)
1789752239.429159,3878,Person B,1549.3,2924.3,80.0,3311.97,27.83,True,Active,Arslan,None,Normal,5: Lying down (controlled)
1789752239.5298858,3879,Person B,1549.1,2925.5,390.0,3311.19,27.91,True,Active,Arslan,None,Normal,5: Lying down (controlled)
1789752239.6236296,3880,Person B,1548.4,2926.6,160.0,3308.95,27.91,True,Active,Arslan,None,Normal,5: Lying down (controlled)
1789752239.7017517,3881,Person B,1547.8,2927.7,-80.0,3309.89,27.94,True,Active,Arslan,None,Normal,5: Lying down (controlled)
1789752239.7955115,3882,Person B,1547.8,2928.3,390.0,3310.83,27.97,True,Active,Arslan,None,Normal,5: Lying down (controlled)
1789752239.8736148,3883,Person B,1547.9,2928.5,160.0,3309.89,27.94,True,Active,Arslan,None,Normal,5: Lying down (controlled)
1789752239.960424,3884,Person B,1548.2,2928.5,-80.0,3312.49,27.88,True,Active,Arslan,None,Normal,5: Lying down (controlled)
1789752240.054174,3885,Person B,1548.6,2928.1,390.0,3313.79,27.85,True,Active,Arslan,None,Normal,5: Lying down (controlled)
1789752240.1479177,3886,Person B,1549.0,2927.3,-160.0,3313.79,27.85,True,Active,Arslan,None,Normal,5: Lying down (controlled)
1789752240.2260382,3887,Person B,1549.0,2927.2,-80.0,3315.04,27.78,True,Active,Arslan,None,Normal,5: Lying down (controlled)
1789752240.30416,3888,Person B,1549.0,2927.7,390.0,3316.39,27.79,True,Active,Arslan,None,Normal,5: Lying down (controlled)
1789752240.4291682,3889,Person B,1548.2,2928.7,160.0,3316.3,27.71,True,Active,Arslan,None,Normal,5: Lying down (controlled)
1789752240.4960752,3890,Person B,1547.0,2930.2,-80.0,3316.64,27.61,True,Active,Arslan,None,Normal,5: Lying down (controlled)
1789752240.5741916,3891,Person B,1545.3,2931.8,390.0,3316.14,27.55,True,Active,Arslan,None,Normal,5: Lying down (controlled)
1789752240.7148323,3892,Person B,1543.4,2933.4,-160.0,3316.14,27.55,True,Active,Arslan,None,Normal,5: Lying down (controlled)
1789752240.792946,3893,Person B,1542.1,2935.2,-80.0,3319.76,27.6,True,Active,Arslan,None,Normal,5: Lying down (controlled)
1789752240.8710456,3894,Person B,1541.5,2936.5,390.0,3321.19,27.68,True,Active,Arslan,None,Normal,5: Lying down (controlled)
1789752240.9687314,3895,Person B,1541.2,2937.4,-80.0,3320.35,27.73,True,Active,Arslan,None,Normal,5: Lying down (controlled)
1789752241.0468743,3896,Person B,1541.5,2937.9,-80.0,3319.61,27.85,True,Active,Arslan,None,Normal,5: Lying down (controlled)
1789752241.1406198,3897,Person B,1542.5,2937.6,390.0,3317.07,27.96,True,Active,Arslan,None,Normal,5: Lying down (controlled)
1789752241.2031147,3898,Person B,1543.4,2936.9,160.0,3314.42,27.98,True,Active,Arslan,None,Normal,5: Lying down (controlled)
1789752241.3124623,3899,Person B,1545.0,2935.9,480.0,3314.94,28.03,True,Active,Arslan,None,Normal,5: Lying down (controlled)
1789752241.421849,3900,Person B,1546.9,2934.7,160.0,3314.89,28.0,True,Active,Arslan,None,Normal,5: Lying down (controlled)
1789752241.5062923,3901,Person B,1548.7,2933.4,-320.0,3313.01,27.93,True,Active,Arslan,None,Normal,5: Lying down (controlled)
1789752241.5687876,3902,Person B,1550.5,2932.4,-80.0,3315.66,27.91,True,Active,Arslan,None,Normal,5: Lying down (controlled)
1789752241.6625156,3903,Person B,1551.5,2931.8,-80.0,3319.1,27.8,True,Active,Arslan,None,Normal,5: Lying down (controlled)
1789752241.7562745,3904,Person B,1551.8,2931.9,-160.0,3323.47,27.72,True,Active,Arslan,None,Normal,5: Lying down (controlled)
1789752241.8968744,3905,Person B,1551.5,2932.3,0.0,3322.5,27.65,True,Active,Arslan,None,Normal,5: Lying down (controlled)
1789752242.012169,3906,Person B,1550.5,2932.8,320.0,3319.38,27.66,True,Active,Arslan,None,Normal,5: Lying down (controlled)
1789752242.105912,3907,Person B,1549.0,2933.7,160.0,3318.03,27.65,True,Active,Arslan,None,Normal,5: Lying down (controlled)
1789752242.1684082,3908,Person B,1548.0,2934.6,390.0,3317.7,27.75,True,Active,Arslan,None,Normal,5: Lying down (controlled)
1789752242.293383,3909,Person B,1546.9,2935.3,160.0,3315.98,27.81,True,Active,Arslan,None,Normal,5: Lying down (controlled)
1789752242.387123,3910,Person B,1545.7,2935.9,-320.0,3314.58,27.76,True,Active,Arslan,None,Normal,5: Lying down (controlled)
1789752242.4652631,3911,Person B,1544.9,2936.3,390.0,3312.81,27.78,True,Active,Arslan,None,Normal,5: Lying down (controlled)
1789752242.548456,3912,Person B,1544.5,2936.0,720.0,3311.14,27.87,True,Active,Arslan,None,Normal,5: Lying down (controlled)
1789752242.6265733,3913,Person B,1544.8,2934.8,-80.0,3309.89,27.94,True,Active,Arslan,None,Normal,5: Lying down (controlled)
1789752242.7203164,3914,Person B,1545.5,2932.9,390.0,3309.95,27.98,True,Active,Arslan,None,Normal,5: Lying down (controlled)
1789752242.7984397,3915,Person B,1547.1,2930.5,720.0,3308.76,28.09,True,Active,Arslan,None,Normal,5: Lying down (controlled)
1789752242.8765554,3916,Person B,1549.1,2928.2,80.0,3308.42,28.15,True,Active,Arslan,None,Normal,5: Lying down (controlled)
1789752242.9546945,3917,Person B,1551.6,2925.7,390.0,3307.66,28.24,True,Active,Arslan,None,Normal,5: Lying down (controlled)
1789752243.0263479,3918,Person B,1553.8,2923.3,160.0,3306.85,28.29,True,Active,Arslan,None,Normal,5: Lying down (controlled)
1789752243.135696,3919,Person B,1556.1,2921.2,-80.0,3308.27,28.33,True,Active,Arslan,None,Normal,5: Lying down (controlled)
1789752243.2138152,3920,Person B,1559.0,2919.2,390.0,3310.57,28.37,True,Active,Arslan,None,Normal,5: Lying down (controlled)
1789752243.2919374,3921,Person B,1561.9,2917.2,240.0,3308.81,28.39,True,Active,Arslan,None,Normal,5: Lying down (controlled)
1789752243.3700554,3922,Person B,1564.0,2915.9,-80.0,3309.56,28.3,True,Active,Arslan,None,Normal,5: Lying down (controlled)
1789752243.4481738,3923,Person B,1565.7,2914.9,390.0,3309.08,28.28,True,Active,Arslan,None,Normal,5: Lying down (controlled)
1789752243.560518,3924,Person B,1567.2,2913.7,320.0,3306.44,28.31,True,Active,Arslan,None,Normal,5: Lying down (controlled)
1789752243.6542618,3925,Person B,1568.1,2912.9,160.0,3305.97,28.29,True,Active,Arslan,None,Normal,5: Lying down (controlled)
1789752243.7480245,3926,Person B,1569.0,2912.1,390.0,3305.63,28.36,True,Active,Arslan,None,Normal,5: Lying down (controlled)
1789752243.8105192,3927,Person B,1569.6,2911.5,160.0,3305.22,28.38,True,Active,Arslan,None,Normal,5: Lying down (controlled)
1789752243.9042635,3928,Person B,1569.3,2911.3,80.0,3303.66,28.26,True,Active,Arslan,None,Normal,5: Lying down (controlled)
1789752243.982364,3929,Person B,1568.2,2911.3,390.0,3303.06,28.16,True,Active,Arslan,None,Normal,5: Lying down (controlled)
1789752244.0664952,3930,Person B,1566.5,2911.1,390.0,3300.77,28.13,True,Active,Arslan,None,Normal,5: Lying down (controlled)
1789752244.1446154,3931,Person B,1564.7,2911.4,-80.0,3302.94,28.09,True,Active,Arslan,None,Normal,5: Lying down (controlled)
1789752244.2383761,3932,Person B,1563.2,2911.6,390.0,3304.24,28.05,True,Active,Arslan,None,Normal,5: Lying down (controlled)
1789752244.3164766,3933,Person B,1561.7,2911.6,320.0,3302.0,28.06,True,Active,Arslan,None,Normal,5: Lying down (controlled)
1789752244.4414701,3934,Person B,1560.0,2911.8,80.0,3300.18,28.03,True,Active,Arslan,None,Normal,5: Lying down (controlled)
1789752244.5289152,3935,Person B,1558.6,2911.7,390.0,3298.47,28.09,True,Active,Arslan,None,Normal,5: Lying down (controlled)
1789752244.6070325,3936,Person B,1556.8,2911.7,160.0,3297.12,28.08,True,Active,Arslan,None,Normal,5: Lying down (controlled)
1789752244.6851537,3937,Person B,1554.3,2912.3,-80.0,3298.71,27.95,True,Active,Arslan,None,Normal,5: Lying down (controlled)
1789752244.7632904,3938,Person B,1551.8,2913.2,390.0,3299.86,27.8,True,Active,Arslan,None,Normal,5: Lying down (controlled)
1789752244.8570144,3939,Person B,1549.4,2914.8,-80.0,3305.97,27.67,True,Active,Arslan,None,Normal,5: Lying down (controlled)
1789752244.9663815,3940,Person B,1547.0,2917.0,-80.0,3309.0,27.58,True,Active,Arslan,None,Normal,5: Lying down (controlled)
1789752245.0500245,3941,Person B,1544.7,2919.2,390.0,3311.66,27.56,True,Active,Arslan,None,Normal,5: Lying down (controlled)
1789752245.1281283,3942,Person B,1542.6,2920.9,320.0,3309.47,27.59,True,Active,Arslan,None,Normal,5: Lying down (controlled)
1789752245.221888,3943,Person B,1540.6,2922.5,80.0,3306.81,27.62,True,Active,Arslan,None,Normal,5: Lying down (controlled)
1789752245.3156137,3944,Person B,1539.2,2923.8,390.0,3305.12,27.71,True,Active,Arslan,None,Normal,5: Lying down (controlled)
1789752245.3937316,3945,Person B,1537.9,2925.0,160.0,3302.98,27.79,True,Active,Arslan,None,Normal,5: Lying down (controlled)
1789752245.4718547,3946,Person B,1537.2,2926.4,480.0,3306.2,27.86,True,Active,Arslan,None,Normal,5: Lying down (controlled)
1789752245.5537183,3947,Person B,1537.7,2927.1,390.0,3307.24,27.97,True,Active,Arslan,None,Normal,5: Lying down (controlled)
1789752245.741189,3948,Person B,1539.0,2927.1,390.0,3305.94,28.0,True,Active,Arslan,None,Normal,5: Lying down (controlled)
1789752245.8505526,3949,Person B,1540.3,2926.2,80.0,3304.07,27.94,True,Active,Arslan,None,Normal,5: Lying down (controlled)
1789752245.9599206,3950,Person B,1541.7,2924.8,390.0,3303.13,27.91,True,Active,Arslan,None,Normal,5: Lying down (controlled)
1789752246.03804,3951,Person B,1542.9,2922.8,320.0,3299.54,27.9,True,Active,Arslan,None,Normal,5: Lying down (controlled)
1789752246.1161783,3952,Person B,1543.7,2921.1,160.0,3298.14,27.85,True,Active,Arslan,None,Normal,5: Lying down (controlled)
1789752246.1786745,3953,Person B,1544.7,2919.5,390.0,3297.31,27.9,True,Active,Arslan,None,Normal,5: Lying down (controlled)
1789752246.272398,3954,Person B,1545.3,2918.2,160.0,3296.43,27.91,True,Active,Arslan,None,Normal,5: Lying down (controlled)
1789752246.3661458,3955,Person B,1545.0,2917.7,-80.0,3297.16,27.79,True,Active,Arslan,None,Normal,5: Lying down (controlled)
1789752246.4442816,3956,Person B,1543.9,2917.5,390.0,3299.3,27.71,True,Active,Arslan,None,Normal,5: Lying down (controlled)
1789752246.5223844,3957,Person B,1542.4,2917.4,-160.0,3299.35,27.75,True,Active,Arslan,None,Normal,5: Lying down (controlled)
1789752246.5947435,3958,Person B,1541.0,2917.5,-80.0,3300.28,27.78,True,Active,Arslan,None,Normal,5: Lying down (controlled)
1789752246.6884863,3959,Person B,1540.3,2917.4,390.0,3299.91,27.84,True,Active,Arslan,None,Normal,5: Lying down (controlled)
1789752246.7978354,3960,Person B,1539.8,2917.1,160.0,3298.14,27.85,True,Active,Arslan,None,Normal,5: Lying down (controlled)
1789752246.8759542,3961,Person B,1539.3,2917.3,80.0,3298.98,27.81,True,Active,Arslan,None,Normal,5: Lying down (controlled)
1789752246.9540744,3962,Person B,1539.1,2917.6,390.0,3299.86,27.8,True,Active,Arslan,None,Normal,5: Lying down (controlled)
1789752247.035904,3963,Person B,1538.4,2918.2,160.0,3299.35,27.75,True,Active,Arslan,None,Normal,5: Lying down (controlled)
1789752247.1296515,3964,Person B,1537.2,2919.5,-80.0,3302.34,27.62,True,Active,Arslan,None,Normal,5: Lying down (controlled)
1789752247.2390203,3965,Person B,1536.4,2920.9,390.0,3305.84,27.55,True,Active,Arslan,None,Normal,5: Lying down (controlled)
1789752247.3171387,3966,Person B,1536.0,2921.9,-160.0,3306.31,27.56,True,Active,Arslan,None,Normal,5: Lying down (controlled)
1789752247.3952613,3967,Person B,1535.6,2923.0,-80.0,3307.23,27.6,True,Active,Arslan,None,Normal,5: Lying down (controlled)
1789752247.4733777,3968,Person B,1535.3,2924.0,390.0,3307.74,27.65,True,Active,Arslan,None,Normal,5: Lying down (controlled)
1789752247.573086,3969,Person B,1535.0,2924.8,320.0,3305.59,27.73,True,Active,Arslan,None,Normal,5: Lying down (controlled)
1789752247.6668289,3970,Person B,1534.9,2925.2,320.0,3301.21,27.81,True,Active,Arslan,None,Normal,5: Lying down (controlled)
1789752247.744969,3971,Person B,1535.6,2924.9,390.0,3299.6,27.94,True,Active,Arslan,None,Normal,5: Lying down (controlled)
1789752247.8230884,3972,Person B,1536.6,2924.3,160.0,3299.24,28.0,True,Active,Arslan,None,Normal,5: Lying down (controlled)
1789752247.901191,3973,Person B,1537.3,2924.2,-80.0,3301.73,27.86,True,Active,Arslan,None,Normal,5: Lying down (controlled)
1789752247.9793088,3974,Person B,1537.9,2924.2,390.0,3305.12,27.71,True,Active,Arslan,None,Normal,5: Lying down (controlled)
1789752248.0958822,3975,Person B,1538.0,2924.3,-80.0,3307.19,27.56,True,Active,Arslan,None,Normal,5: Lying down (controlled)
1789752248.1583972,3976,Person B,1537.7,2924.7,-80.0,3308.47,27.49,True,Active,Arslan,None,Normal,5: Lying down (controlled)
1789752248.3423016,3977,Person B,1537.3,2925.1,390.0,3308.93,27.5,True,Active,Arslan,None,Normal,5: Lying down (controlled)
1789752248.4048138,3978,Person B,1536.8,2925.2,320.0,3306.31,27.56,True,Active,Arslan,None,Normal,5: Lying down (controlled)
1789752248.514161,3979,Person B,1536.3,2925.1,320.0,3302.38,27.66,True,Active,Arslan,None,Normal,5: Lying down (controlled)
1789752248.6018212,3980,Person B,1536.1,2925.0,390.0,3299.39,27.78,True,Active,Arslan,None,Normal,5: Lying down (controlled)
1789752248.6643167,3981,Person B,1535.5,2925.2,160.0,3298.56,27.83,True,Active,Arslan,None,Normal,5: Lying down (controlled)
1789752248.7580807,3982,Person B,1534.1,2926.1,-80.0,3300.65,27.71,True,Active,Arslan,None,Normal,5: Lying down (controlled)
1789752248.8361993,3983,Person B,1532.8,2927.1,390.0,3304.53,27.58,True,Active,Arslan,None,Normal,5: Lying down (controlled)
1789752248.9143004,3984,Person B,1531.8,2927.2,390.0,3301.37,27.55,True,Active,Arslan,None,Normal,5: Lying down (controlled)
1789752249.023669,3985,Person B,1531.8,2926.6,-80.0,3301.87,27.6,True,Active,Arslan,None,Normal,5: Lying down (controlled)
1789752249.10733,3986,Person B,1532.6,2925.4,390.0,3301.54,27.71,True,Active,Arslan,None,Normal,5: Lying down (controlled)
1789752249.1854694,3987,Person B,1533.6,2924.1,-80.0,3302.05,27.76,True,Active,Arslan,None,Normal,5: Lying down (controlled)
1789752249.2635896,3988,Person B,1534.4,2923.6,160.0,3305.59,27.73,True,Active,Arslan,None,Normal,5: Lying down (controlled)
1789752249.3729382,3989,Person B,1535.2,2923.9,390.0,3308.76,27.76,True,Active,Arslan,None,Normal,5: Lying down (controlled)
1789752249.4510567,3990,Person B,1535.2,2925.0,160.0,3309.13,27.7,True,Active,Arslan,None,Normal,5: Lying down (controlled)
1789752249.5448034,3991,Person B,1534.8,2926.7,-80.0,3311.74,27.63,True,Active,Arslan,None,Normal,5: Lying down (controlled)
1789752249.6110103,3992,Person B,1535.1,2928.0,560.0,3313.56,27.66,True,Active,Arslan,None,Normal,5: Lying down (controlled)
1789752249.689113,3993,Person B,1535.7,2928.5,160.0,3311.74,27.63,True,Active,Arslan,None,Normal,5: Lying down (controlled)
1789752249.798481,3994,Person B,1536.5,2929.5,-80.0,3313.94,27.59,True,Active,Arslan,None,Normal,5: Lying down (controlled)
1789752249.9234731,3995,Person B,1537.2,2930.6,390.0,3314.87,27.62,True,Active,Arslan,None,Normal,5: Lying down (controlled)
1789752250.0172148,3996,Person B,1537.6,2931.5,320.0,3311.37,27.69,True,Active,Arslan,None,Normal,5: Lying down (controlled)
1789752250.1004333,3997,Person B,1537.9,2932.1,160.0,3308.76,27.76,True,Active,Arslan,None,Normal,5: Lying down (controlled)
1789752250.178552,3998,Person B,1538.6,2932.1,390.0,3308.85,27.84,True,Active,Arslan,None,Normal,5: Lying down (controlled)
1789752250.287922,3999,Person B,1539.0,2931.8,160.0,3307.97,27.84,True,Active,Arslan,None,Normal,5: Lying down (controlled)
1789752250.3816833,4000,Person B,1539.1,2931.8,-80.0,3309.6,27.71,True,Active,Arslan,None,Normal,5: Lying down (controlled)
1789752250.4597833,4001,Person B,1538.8,2931.9,390.0,3311.24,27.58,True,Active,Arslan,None,Normal,5: Lying down (controlled)
1789752250.5222988,4002,Person B,1537.7,2932.1,160.0,3310.24,27.47,True,Active,Arslan,None,Normal,5: Lying down (controlled)
1789752250.6198564,4003,Person B,1536.4,2932.6,-80.0,3310.17,27.39,True,Active,Arslan,None,Normal,5: Lying down (controlled)
1789752250.6979747,4004,Person B,1535.4,2932.8,390.0,3311.09,27.42,True,Active,Arslan,None,Normal,5: Lying down (controlled)
1789752250.8073623,4005,Person B,1534.3,2933.1,160.0,3312.44,27.43,True,Active,Arslan,None,Normal,5: Lying down (controlled)
1789752250.885481,4006,Person B,1532.7,2934.3,80.0,3314.61,27.35,True,Active,Arslan,None,Normal,5: Lying down (controlled)
1789752250.9635851,4007,Person B,1530.9,2936.1,390.0,3316.39,27.34,True,Active,Arslan,None,Normal,5: Lying down (controlled)
1789752251.0417006,4008,Person B,1528.1,2938.3,160.0,3315.42,27.23,True,Active,Arslan,None,Normal,5: Lying down (controlled)
1789752251.1413448,4009,Person B,1524.5,2941.0,-80.0,3315.33,27.08,True,Active,Arslan,None,Normal,5: Lying down (controlled)
1789752251.219466,4010,Person B,1520.8,2943.4,390.0,3313.93,26.95,True,Active,Arslan,None,Normal,5: Lying down (controlled)
1789752251.297603,4011,Person B,1517.6,2945.3,-160.0,3313.48,26.94,True,Active,Arslan,None,Normal,5: Lying down (controlled)
1789752251.3913298,4012,Person B,1514.8,2947.2,-80.0,3314.35,26.89,True,Active,Arslan,None,Normal,5: Lying down (controlled)
1789752251.48507,4013,Person B,1512.4,2948.7,390.0,3312.57,26.91,True,Active,Arslan,None,Normal,5: Lying down (controlled)
1789752251.5631914,4014,Person B,1509.9,2950.0,-160.0,3311.24,26.94,True,Active,Arslan,None,Normal,5: Lying down (controlled)
1789752251.6569338,4015,Person B,1507.9,2950.8,480.0,3310.4,27.06,True,Active,Arslan,None,Normal,5: Lying down (controlled)
1789752251.7194486,4016,Person B,1506.6,2950.8,390.0,3308.66,27.15,True,Active,Arslan,None,Normal,5: Lying down (controlled)
1789752251.813192,4017,Person B,1505.3,2950.4,160.0,3306.88,27.17,True,Active,Arslan,None,Normal,5: Lying down (controlled)
1789752251.8912966,4018,Person B,1504.9,2949.9,480.0,3309.14,27.21,True,Active,Arslan,None,Normal,5: Lying down (controlled)
1789752251.9850402,4019,Person B,1505.6,2948.8,390.0,3308.74,27.27,True,Active,Arslan,None,Normal,5: Lying down (controlled)
1789752252.0631588,4020,Person B,1507.2,2947.8,-80.0,3312.32,27.28,True,Active,Arslan,None,Normal,5: Lying down (controlled)
1789752252.1514368,4021,Person B,1509.3,2946.9,560.0,3315.04,27.33,True,Active,Arslan,None,Normal,5: Lying down (controlled)
1789752252.229558,4022,Person B,1511.8,2945.5,390.0,3313.3,27.38,True,Active,Arslan,None,Normal,5: Lying down (controlled)
1789752252.3232815,4023,Person B,1514.5,2944.2,-160.0,3313.33,27.42,True,Active,Arslan,None,Normal,5: Lying down (controlled)
1789752252.432648,4024,Person B,1517.6,2942.7,390.0,3312.09,27.53,True,Active,Arslan,None,Normal,5: Lying down (controlled)
1789752252.5263922,4025,Person B,1520.5,2941.1,390.0,3309.51,27.63,True,Active,Arslan,None,Normal,5: Lying down (controlled)
1789752252.6082706,4026,Person B,1523.1,2939.9,160.0,3309.97,27.65,True,Active,Arslan,None,Normal,5: Lying down (controlled)
1789752252.7020128,4027,Person B,1526.1,2938.8,390.0,3310.95,27.72,True,Active,Arslan,None,Normal,5: Lying down (controlled)
1789752252.7801313,4028,Person B,1528.8,2937.6,160.0,3310.95,27.72,True,Active,Arslan,None,Normal,5: Lying down (controlled)
1789752252.8738735,4029,Person B,1531.4,2936.7,-80.0,3312.76,27.74,True,Active,Arslan,None,Normal,5: Lying down (controlled)
1789752252.9519975,4030,Person B,1534.0,2935.5,390.0,3313.69,27.77,True,Active,Arslan,None,Normal,5: Lying down (controlled)
1789752253.0301144,4031,Person B,1536.2,2934.2,390.0,3313.69,27.77,True,Active,Arslan,None,Normal,5: Lying down (controlled)
1789752253.1296248,4032,Person B,1538.2,2933.3,-80.0,3314.58,27.76,True,Active,Arslan,None,Normal,5: Lying down (controlled)
1789752253.238988,4033,Person B,1540.2,2932.3,720.0,3313.74,27.81,True,Active,Arslan,None,Normal,5: Lying down (controlled)
1789752253.332734,4034,Person B,1541.9,2931.4,320.0,3312.02,27.86,True,Active,Arslan,None,Normal,5: Lying down (controlled)
1789752253.426494,4035,Person B,1543.2,2930.9,-80.0,3311.14,27.87,True,Active,Arslan,None,Normal,5: Lying down (controlled)
1789752253.5046139,4036,Person B,1544.6,2930.1,390.0,3309.42,27.93,True,Active,Arslan,None,Normal,5: Lying down (controlled)
1789752253.5827165,4037,Person B,1545.5,2929.3,160.0,3308.07,27.92,True,Active,Arslan,None,Normal,5: Lying down (controlled)
1789752253.6651926,4038,Person B,1546.7,2928.4,560.0,3308.59,27.97,True,Active,Arslan,None,Normal,5: Lying down (controlled)
1789752253.758933,4039,Person B,1547.9,2927.3,390.0,3308.65,28.01,True,Active,Arslan,None,Normal,5: Lying down (controlled)
1789752253.8526793,4040,Person B,1548.9,2926.4,-80.0,3310.41,28.0,True,Active,Arslan,None,Normal,5: Lying down (controlled)
1789752253.9307992,4041,Person B,1549.3,2926.2,-80.0,3313.79,27.85,True,Active,Arslan,None,Normal,5: Lying down (controlled)
1789752254.055792,4042,Person B,1549.2,2926.4,390.0,3315.88,27.73,True,Active,Arslan,None,Normal,5: Lying down (controlled)
1789752254.173628,4043,Person B,1548.9,2926.9,-160.0,3316.77,27.72,True,Active,Arslan,None,Normal,5: Lying down (controlled)
1789752254.251747,4044,Person B,1548.9,2927.5,480.0,3317.33,27.82,True,Active,Arslan,None,Normal,5: Lying down (controlled)
1789752254.3611152,4045,Person B,1549.1,2927.8,390.0,3314.72,27.88,True,Active,Arslan,None,Normal,5: Lying down (controlled)
1789752254.439234,4046,Person B,1549.4,2927.9,390.0,3311.71,27.97,True,Active,Arslan,None,Normal,5: Lying down (controlled)
1789752254.5173702,4047,Person B,1550.3,2927.7,390.0,3310.53,28.07,True,Active,Arslan,None,Normal,5: Lying down (controlled)
1789752254.5954707,4048,Person B,1551.1,2927.5,160.0,3310.59,28.11,True,Active,Arslan,None,Normal,5: Lying down (controlled)
1789752254.7092867,4049,Person B,1551.4,2927.9,-80.0,3313.59,28.03,True,Active,Arslan,None,Normal,5: Lying down (controlled)
1789752254.803029,4050,Person B,1551.5,2928.6,390.0,3317.07,27.96,True,Active,Arslan,None,Normal,5: Lying down (controlled)
1789752254.881152,4051,Person B,1552.0,2928.7,390.0,3317.01,27.92,True,Active,Arslan,None,Normal,5: Lying down (controlled)
1789752254.9436646,4052,Person B,1552.4,2928.5,-80.0,3315.98,27.81,True,Active,Arslan,None,Normal,5: Lying down (controlled)
1789752255.0374088,4053,Person B,1552.5,2928.3,390.0,3315.46,27.76,True,Active,Arslan,None,Normal,5: Lying down (controlled)
1789752255.115509,4054,Person B,1551.9,2928.0,320.0,3311.88,27.75,True,Active,Arslan,None,Normal,5: Lying down (controlled)
1789752255.2149625,4055,Person B,1551.3,2927.7,-80.0,3309.27,27.81,True,Active,Arslan,None,Normal,5: Lying down (controlled)
1789752255.2930984,4056,Person B,1550.8,2927.5,390.0,3307.6,27.91,True,Active,Arslan,None,Normal,5: Lying down (controlled)
1789752255.3868253,4057,Person B,1549.8,2927.6,160.0,3306.72,27.91,True,Active,Arslan,None,Normal,5: Lying down (controlled)
1789752255.4649627,4058,Person B,1549.1,2927.8,560.0,3309.06,27.99,True,Active,Arslan,None,Normal,5: Lying down (controlled)
1789752255.5586865,4059,Person B,1548.9,2927.5,160.0,3310.0,28.02,True,Active,Arslan,None,Normal,5: Lying down (controlled)
1789752255.6368053,4060,Person B,1549.0,2926.8,-160.0,3311.35,28.03,True,Active,Arslan,None,Normal,5: Lying down (controlled)
1789752255.7190917,4061,Person B,1549.0,2926.4,-80.0,3313.48,27.95,True,Active,Arslan,None,Normal,5: Lying down (controlled)
1789752255.8128524,4062,Person B,1549.4,2926.0,390.0,3314.31,27.9,True,Active,Arslan,None,Normal,5: Lying down (controlled)
1789752255.8909724,4063,Person B,1550.0,2925.6,-160.0,3314.72,27.88,True,Active,Arslan,None,Normal,5: Lying down (controlled)
1789752256.000323,4064,Person B,1550.2,2925.7,0.0,3313.69,27.77,True,Active,Arslan,None,Normal,5: Lying down (controlled)
1789752256.0940828,4065,Person B,1550.0,2926.2,390.0,3312.76,27.74,True,Active,Arslan,None,Normal,5: Lying down (controlled)
1789752256.1780474,4066,Person B,1549.2,2927.4,160.0,3314.49,27.69,True,Active,Arslan,None,Normal,5: Lying down (controlled)
1789752256.2405431,4067,Person B,1548.6,2928.8,390.0,3316.3,27.71,True,Active,Arslan,None,Normal,5: Lying down (controlled)
1789752256.3342707,4068,Person B,1547.5,2930.4,160.0,3318.07,27.69,True,Active,Arslan,None,Normal,5: Lying down (controlled)
1789752256.4123905,4069,Person B,1545.5,2932.6,-80.0,3320.14,27.54,True,Active,Arslan,None,Normal,5: Lying down (controlled)
1789752256.5217566,4070,Person B,1542.7,2935.4,390.0,3323.13,27.37,True,Active,Arslan,None,Normal,5: Lying down (controlled)
1789752256.5998785,4071,Person B,1539.5,2938.0,160.0,3321.69,27.25,True,Active,Arslan,None,Normal,5: Lying down (controlled)
1789752256.6840634,4072,Person B,1536.3,2940.7,-80.0,3323.45,27.2,True,Active,Arslan,None,Normal,5: Lying down (controlled)
1789752256.777807,4073,Person B,1533.3,2943.2,390.0,3323.01,27.22,True,Active,Arslan,None,Normal,5: Lying down (controlled)
1789752256.855924,4074,Person B,1531.3,2945.2,-160.0,3322.18,27.31,True,Active,Arslan,None,Normal,5: Lying down (controlled)
1789752256.965291,4075,Person B,1529.7,2947.0,-80.0,3321.32,27.35,True,Active,Arslan,None,Normal,5: Lying down (controlled)
1789752257.0434332,4076,Person B,1528.6,2948.3,390.0,3320.93,27.41,True,Active,Arslan,None,Normal,5: Lying down (controlled)
1789752257.1371741,4077,Person B,1527.3,2949.5,160.0,3320.93,27.41,True,Active,Arslan,None,Normal,5: Lying down (controlled)
1789752257.219178,4078,Person B,1526.3,2950.8,560.0,3324.97,27.44,True,Active,Arslan,None,Normal,5: Lying down (controlled)
1789752257.312923,4079,Person B,1526.2,2951.5,390.0,3325.89,27.47,True,Active,Arslan,None,Normal,5: Lying down (controlled)
1789752257.4378963,4080,Person B,1526.8,2951.8,-80.0,3328.55,27.44,True,Active,Arslan,None,Normal,5: Lying down (controlled)
1789752257.5003893,4081,Person B,1528.3,2952.0,560.0,3330.36,27.47,True,Active,Arslan,None,Normal,5: Lying down (controlled)
1789752257.5941532,4082,Person B,1530.2,2951.6,390.0,3328.63,27.52,True,Active,Arslan,None,Normal,5: Lying down (controlled)
1789752257.676032,4083,Person B,1532.1,2951.0,-160.0,3326.43,27.56,True,Active,Arslan,None,Normal,5: Lying down (controlled)
1789752257.7697814,4084,Person B,1534.0,2950.4,390.0,3325.62,27.64,True,Active,Arslan,None,Normal,5: Lying down (controlled)
1789752257.8479044,4085,Person B,1536.0,2949.5,320.0,3322.59,27.73,True,Active,Arslan,None,Normal,5: Lying down (controlled)
1789752257.9416625,4086,Person B,1537.9,2948.5,160.0,3320.87,27.78,True,Active,Arslan,None,Normal,5: Lying down (controlled)
1789752258.028451,4087,Person B,1540.2,2947.4,390.0,3321.85,27.85,True,Active,Arslan,None,Normal,5: Lying down (controlled)
1789752258.1055217,4088,Person B,1542.3,2946.1,160.0,3323.2,27.86,True,Active,Arslan,None,Normal,5: Lying down (controlled)
1789752258.2392085,4089,Person B,1544.2,2945.4,560.0,3328.5,27.81,True,Active,Arslan,None,Normal,5: Lying down (controlled)
1789752258.3642092,4090,Person B,1546.2,2944.9,390.0,3333.39,27.79,True,Active,Arslan,None,Normal,5: Lying down (controlled)
1789752258.4483728,4091,Person B,1547.7,2944.5,160.0,3333.77,27.73,True,Active,Arslan,None,Normal,5: Lying down (controlled)
1789752258.5264935,4092,Person B,1549.1,2944.6,-80.0,3336.0,27.72,True,Active,Arslan,None,Normal,5: Lying down (controlled)
1789752258.6046112,4093,Person B,1550.7,2944.7,390.0,3334.75,27.79,True,Active,Arslan,None,Normal,5: Lying down (controlled)
1789752258.7172027,4094,Person B,1552.1,2944.8,-160.0,3333.03,27.85,True,Active,Arslan,None,Normal,5: Lying down (controlled)
1789752258.779677,4095,Person B,1553.0,2945.2,-80.0,3330.32,27.83,True,Active,Arslan,None,Normal,5: Lying down (controlled)
1789752258.8734214,4096,Person B,1553.6,2945.7,390.0,3328.09,27.84,True,Active,Arslan,None,Normal,5: Lying down (controlled)
1789752258.9515417,4097,Person B,1553.4,2946.3,160.0,3326.22,27.77,True,Active,Arslan,None,Normal,5: Lying down (controlled)
1789752259.0296602,4098,Person B,1553.0,2947.0,480.0,3327.53,27.74,True,Active,Arslan,None,Normal,5: Lying down (controlled)
1789752259.1234045,4099,Person B,1552.7,2947.0,390.0,3327.11,27.77,True,Active,Arslan,None,Normal,5: Lying down (controlled)
1789752259.2074637,4100,Person B,1552.2,2946.6,-80.0,3327.53,27.74,True,Active,Arslan,None,Normal,5: Lying down (controlled)
1789752259.2855892,4101,Person B,1551.4,2946.1,0.0,3325.62,27.64,True,Active,Arslan,None,Normal,5: Lying down (controlled)
1789752259.363727,4102,Person B,1550.2,2945.3,390.0,3323.35,27.61,True,Active,Arslan,None,Normal,5: Lying down (controlled)
1789752259.4574533,4103,Person B,1548.3,2944.9,-80.0,3322.38,27.54,True,Active,Arslan,None,Normal,5: Lying down (controlled)
1789752259.5668185,4104,Person B,1546.2,2944.8,390.0,3322.38,27.54,True,Active,Arslan,None,Normal,5: Lying down (controlled)
1789752259.6605642,4105,Person B,1544.4,2944.6,390.0,3320.18,27.58,True,Active,Arslan,None,Normal,5: Lying down (controlled)
1789752259.742597,4106,Person B,1542.8,2944.8,160.0,3322.42,27.58,True,Active,Arslan,None,Normal,5: Lying down (controlled)
1789752259.8207176,4107,Person B,1542.1,2945.0,390.0,3324.74,27.65,True,Active,Arslan,None,Normal,5: Lying down (controlled)
1789752259.8988202,4108,Person B,1541.8,2945.1,160.0,3327.02,27.69,True,Active,Arslan,None,Normal,5: Lying down (controlled)
1789752260.008206,4109,Person B,1541.3,2945.5,-160.0,3328.32,27.66,True,Active,Arslan,None,Normal,5: Lying down (controlled)
1789752260.101929,4110,Person B,1541.1,2946.0,390.0,3331.02,27.67,True,Active,Arslan,None,Normal,5: Lying down (controlled)
1789752260.1800504,4111,Person B,1541.6,2946.4,-160.0,3331.49,27.69,True,Active,Arslan,None,Normal,5: Lying down (controlled)
1789752260.264034,4112,Person B,1542.1,2947.1,-80.0,3331.87,27.63,True,Active,Arslan,None,Normal,5: Lying down (controlled)
1789752260.3421535,4113,Person B,1543.1,2947.7,390.0,3332.33,27.64,True,Active,Arslan,None,Normal,5: Lying down (controlled)
1789752260.4358776,4114,Person B,1544.1,2948.0,320.0,3329.67,27.67,True,Active,Arslan,None,Normal,5: Lying down (controlled)
1789752260.5296226,4115,Person B,1545.1,2948.3,-80.0,3327.48,27.7,True,Active,Arslan,None,Normal,5: Lying down (controlled)
1789752260.623369,4116,Person B,1546.1,2948.2,390.0,3326.17,27.74,True,Active,Arslan,None,Normal,5: Lying down (controlled)
1789752260.701488,4117,Person B,1546.5,2948.0,160.0,3324.82,27.73,True,Active,Arslan,None,Normal,5: Lying down (controlled)
1789752260.7848651,4118,Person B,1546.8,2947.8,560.0,3326.64,27.75,True,Active,Arslan,None,Normal,5: Lying down (controlled)
1789752260.8786085,4119,Person B,1547.2,2947.5,390.0,3327.53,27.74,True,Active,Arslan,None,Normal,5: Lying down (controlled)
1789752260.987995,4120,Person B,1547.5,2947.1,-160.0,3328.88,27.75,True,Active,Arslan,None,Normal,5: Lying down (controlled)
1789752261.050491,4121,Person B,1547.8,2946.8,560.0,3330.23,27.76,True,Active,Arslan,None,Normal,5: Lying down (controlled)
1789752261.144218,4122,Person B,1548.5,2946.1,390.0,3328.92,27.79,True,Active,Arslan,None,Normal,5: Lying down (controlled)
1789752261.2260473,4123,Person B,1549.3,2945.2,-160.0,3328.09,27.84,True,Active,Arslan,None,Normal,5: Lying down (controlled)
1789752261.3197951,4124,Person B,1549.9,2944.5,0.0,3326.27,27.81,True,Active,Arslan,None,Normal,5: Lying down (controlled)
1789752261.4135413,4125,Person B,1550.4,2943.9,390.0,3324.5,27.83,True,Active,Arslan,None,Normal,5: Lying down (controlled)
1789752261.5073023,4126,Person B,1550.6,2943.6,160.0,3324.45,27.79,True,Active,Arslan,None,Normal,5: Lying down (controlled)
1789752261.5854218,4127,Person B,1551.2,2943.8,480.0,3329.39,27.8,True,Active,Arslan,None,Normal,5: Lying down (controlled)
1789752261.6635218,4128,Person B,1551.5,2944.4,160.0,3333.35,27.75,True,Active,Arslan,None,Normal,5: Lying down (controlled)
1789752261.7786918,4129,Person B,1551.3,2945.6,-80.0,3337.22,27.62,True,Active,Arslan,None,Normal,5: Lying down (controlled)
1789752261.8724358,4130,Person B,1550.6,2947.2,560.0,3339.8,27.52,True,Active,Arslan,None,Normal,5: Lying down (controlled)
1789752261.9349296,4131,Person B,1549.2,2948.8,160.0,3337.92,27.42,True,Active,Arslan,None,Normal,5: Lying down (controlled)
1789752262.0130677,4132,Person B,1547.6,2950.4,-80.0,3335.69,27.42,True,Active,Arslan,None,Normal,5: Lying down (controlled)
1789752262.1380584,4133,Person B,1546.2,2951.7,390.0,3333.1,27.52,True,Active,Arslan,None,Normal,5: Lying down (controlled)
1789752262.2161596,4134,Person B,1545.3,2952.5,320.0,3329.17,27.61,True,Active,Arslan,None,Normal,5: Lying down (controlled)
1789752262.3140554,4135,Person B,1544.7,2953.1,160.0,3327.02,27.69,True,Active,Arslan,None,Normal,5: Lying down (controlled)
1789752262.4546754,4136,Person B,1544.7,2953.4,390.0,3327.11,27.77,True,Active,Arslan,None,Normal,5: Lying down (controlled)
1789752262.564043,4137,Person B,1544.5,2953.2,160.0,3326.69,27.79,True,Active,Arslan,None,Normal,5: Lying down (controlled)
1789752262.6421778,4138,Person B,1544.7,2952.5,560.0,3328.09,27.84,True,Active,Arslan,None,Normal,5: Lying down (controlled)
1789752262.739918,4139,Person B,1545.6,2951.2,390.0,3329.91,27.86,True,Active,Arslan,None,Normal,5: Lying down (controlled)
1789752262.8185506,4140,Person B,1546.7,2949.8,-80.0,3332.51,27.8,True,Active,Arslan,None,Normal,5: Lying down (controlled)
1789752262.916173,4141,Person B,1547.8,2949.2,-80.0,3337.69,27.63,True,Active,Arslan,None,Normal,5: Lying down (controlled)
1789752262.9786677,4142,Person B,1548.2,2949.5,-80.0,3340.19,27.45,True,Active,Arslan,None,Normal,5: Lying down (controlled)
1789752263.056767,4143,Person B,1547.8,2950.7,-160.0,3341.9,27.36,True,Active,Arslan,None,Normal,5: Lying down (controlled)
1789752263.1661377,4144,Person B,1546.2,2953.0,0.0,3342.22,27.19,True,Active,Arslan,None,Normal,5: Lying down (controlled)
1789752263.2466779,4145,Person B,1543.7,2956.0,390.0,3342.16,27.07,True,Active,Arslan,None,Normal,5: Lying down (controlled)
1789752263.3417244,4146,Person B,1540.1,2959.5,160.0,3341.65,26.94,True,Active,Arslan,None,Normal,5: Lying down (controlled)
1789752263.4198232,4147,Person B,1536.3,2963.4,480.0,3343.87,26.9,True,Active,Arslan,None,Normal,5: Lying down (controlled)
1789752263.4979453,4148,Person B,1531.9,2967.4,160.0,3343.41,26.85,True,Active,Arslan,None,Normal,5: Lying down (controlled)
1789752263.576066,4149,Person B,1527.3,2971.5,-80.0,3345.19,26.83,True,Active,Arslan,None,Normal,5: Lying down (controlled)
1789752263.6698055,4150,Person B,1523.4,2975.2,390.0,3347.45,26.91,True,Active,Arslan,None,Normal,5: Lying down (controlled)
1789752263.7505531,4151,Person B,1520.3,2977.7,390.0,3345.69,26.96,True,Active,Arslan,None,Normal,5: Lying down (controlled)
1789752263.828696,4152,Person B,1518.3,2979.3,-80.0,3345.27,27.02,True,Active,Arslan,None,Normal,5: Lying down (controlled)
1789752263.92244,4153,Person B,1517.2,2980.1,390.0,3343.98,27.13,True,Active,Arslan,None,Normal,5: Lying down (controlled)
1789752264.0161645,4154,Person B,1517.0,2980.0,-80.0,3340.42,27.16,True,Active,Arslan,None,Normal,5: Lying down (controlled)
1789752264.10991,4155,Person B,1517.2,2979.9,160.0,3342.18,27.11,True,Active,Arslan,None,Normal,5: Lying down (controlled)
1789752264.1880293,4156,Person B,1518.0,2979.6,390.0,3342.61,27.09,True,Active,Arslan,None,Normal,5: Lying down (controlled)
1789752264.2505226,4157,Person B,1518.3,2979.2,160.0,3341.67,26.98,True,Active,Arslan,None,Normal,5: Lying down (controlled)
1789752264.3442664,4158,Person B,1518.0,2979.1,-80.0,3341.16,26.81,True,Active,Arslan,None,Normal,5: Lying down (controlled)
1789752264.4536335,4159,Person B,1517.0,2979.2,390.0,3341.59,26.67,True,Active,Arslan,None,Normal,5: Lying down (controlled)
1789752264.5317543,4160,Person B,1515.4,2979.3,-160.0,3341.14,26.66,True,Active,Arslan,None,Normal,5: Lying down (controlled)
1789752264.6098757,4161,Person B,1513.8,2979.8,-80.0,3342.93,26.68,True,Active,Arslan,None,Normal,5: Lying down (controlled)
1789752264.7036211,4162,Person B,1512.3,2980.1,390.0,3341.15,26.77,True,Active,Arslan,None,Normal,5: Lying down (controlled)
1789752264.7749343,4163,Person B,1510.8,2980.4,-160.0,3339.84,26.88,True,Active,Arslan,None,Normal,5: Lying down (controlled)
1789752264.8842824,4164,Person B,1509.5,2980.7,80.0,3337.18,26.94,True,Active,Arslan,None,Normal,5: Lying down (controlled)
1789752264.9936705,4165,Person B,1508.8,2980.2,390.0,3334.54,27.04,True,Active,Arslan,None,Normal,5: Lying down (controlled)
1789752265.056166,4166,Person B,1508.4,2979.3,160.0,3332.78,27.1,True,Active,Arslan,None,Normal,5: Lying down (controlled)
1789752265.1342664,4167,Person B,1508.9,2978.2,480.0,3334.15,27.14,True,Active,Arslan,None,Normal,5: Lying down (controlled)
1789752265.2280283,4168,Person B,1510.4,2976.7,80.0,3334.6,27.16,True,Active,Arslan,None,Normal,5: Lying down (controlled)
1789752265.3286057,4169,Person B,1512.3,2974.8,160.0,3333.23,27.11,True,Active,Arslan,None,Normal,5: Lying down (controlled)
1789752265.437991,4170,Person B,1514.3,2972.9,560.0,3333.23,27.11,True,Active,Arslan,None,Normal,5: Lying down (controlled)
1789752265.5161102,4171,Person B,1516.2,2970.6,390.0,3331.02,27.15,True,Active,Arslan,None,Normal,5: Lying down (controlled)
1789752265.594213,4172,Person B,1518.0,2968.5,-160.0,3330.61,27.21,True,Active,Arslan,None,Normal,5: Lying down (controlled)
1789752265.6723497,4173,Person B,1519.9,2966.3,390.0,3328.92,27.34,True,Active,Arslan,None,Normal,5: Lying down (controlled)
1789752265.7876399,4174,Person B,1522.1,2964.1,390.0,3327.67,27.45,True,Active,Arslan,None,Normal,5: Lying down (controlled)
1789752265.8657608,4175,Person B,1524.1,2962.3,80.0,3327.7,27.49,True,Active,Arslan,None,Normal,5: Lying down (controlled)
1789752265.9438832,4176,Person B,1526.3,2960.7,390.0,3328.66,27.56,True,Active,Arslan,None,Normal,5: Lying down (controlled)
1789752266.022002,4177,Person B,1528.2,2959.0,160.0,3327.78,27.57,True,Active,Arslan,None,Normal,5: Lying down (controlled)
1789752266.1157627,4178,Person B,1529.6,2957.7,-80.0,3329.48,27.47,True,Active,Arslan,None,Normal,5: Lying down (controlled)
1789752266.2094898,4179,Person B,1531.0,2956.8,390.0,3331.64,27.4,True,Active,Arslan,None,Normal,5: Lying down (controlled)
1789752266.3188667,4180,Person B,1532.0,2956.1,-390.0,3331.58,27.32,True,Active,Arslan,None,Normal,5: Lying down (controlled)
1789752266.3969889,4181,Person B,1533.0,2955.9,-80.0,3333.82,27.32,True,Active,Arslan,None,Normal,5: Lying down (controlled)
1789752266.490749,4182,Person B,1534.1,2955.6,390.0,3332.99,27.4,True,Active,Arslan,None,Normal,5: Lying down (controlled)
1789752266.6782196,4183,Person B,1534.7,2955.6,160.0,3331.68,27.43,True,Active,Arslan,None,Normal,5: Lying down (controlled)
1789752266.7841384,4184,Person B,1534.5,2956.2,80.0,3332.07,27.37,True,Active,Arslan,None,Normal,5: Lying down (controlled)
1789752266.862263,4185,Person B,1534.0,2957.0,390.0,3332.5,27.35,True,Active,Arslan,None,Normal,5: Lying down (controlled)
1789752266.9560068,4186,Person B,1532.8,2958.1,160.0,3332.9,27.29,True,Active,Arslan,None,Normal,5: Lying down (controlled)
1789752267.0185034,4187,Person B,1531.5,2959.4,560.0,3333.33,27.26,True,Active,Arslan,None,Normal,5: Lying down (controlled)
1789752267.112266,4188,Person B,1531.1,2959.7,640.0,3330.3,27.39,True,Active,Arslan,None,Normal,5: Lying down (controlled)
1789752267.2059932,4189,Person B,1531.3,2959.1,160.0,3327.24,27.47,True,Active,Arslan,None,Normal,5: Lying down (controlled)
1789752267.2997334,4190,Person B,1532.0,2958.2,560.0,3326.81,27.5,True,Active,Arslan,None,Normal,5: Lying down (controlled)
1789752267.3622284,4191,Person B,1532.9,2956.7,390.0,3324.65,27.57,True,Active,Arslan,None,Normal,5: Lying down (controlled)
1789752267.440348,4192,Person B,1533.8,2955.4,-80.0,3325.62,27.64,True,Active,Arslan,None,Normal,5: Lying down (controlled)
1789752267.5184681,4193,Person B,1534.6,2954.4,0.0,3326.51,27.64,True,Active,Arslan,None,Normal,5: Lying down (controlled)
1789752267.612211,4194,Person B,1535.7,2953.0,390.0,3324.74,27.65,True,Active,Arslan,None,Normal,5: Lying down (controlled)
1789752267.705954,4195,Person B,1536.7,2951.7,160.0,3325.58,27.61,True,Active,Arslan,None,Normal,5: Lying down (controlled)
1789752267.7684522,4196,Person B,1538.1,2950.5,480.0,3328.7,27.6,True,Active,Arslan,None,Normal,5: Lying down (controlled)
1789752267.8577201,4197,Person B,1539.3,2949.3,160.0,3328.2,27.54,True,Active,Arslan,None,Normal,5: Lying down (controlled)
1789752267.93584,4198,Person B,1539.9,2949.1,-80.0,3331.29,27.5,True,Active,Arslan,None,Normal,5: Lying down (controlled)
1789752268.0451891,4199,Person B,1540.3,2949.5,560.0,3332.64,27.5,True,Active,Arslan,None,Normal,5: Lying down (controlled)
1789752268.1244352,4200,Person B,1540.4,2949.9,240.0,3330.82,27.48,True,Active,Arslan,None,Normal,5: Lying down (controlled)
1789752268.2025745,4201,Person B,1540.0,2950.8,-80.0,3330.79,27.44,True,Active,Arslan,None,Normal,5: Lying down (controlled)
1789752268.2650535,4202,Person B,1539.4,2951.6,390.0,3329.94,27.49,True,Active,Arslan,None,Normal,5: Lying down (controlled)
1789752268.3776388,4203,Person B,1538.6,2952.4,160.0,3329.9,27.45,True,Active,Arslan,None,Normal,5: Lying down (controlled)
1789752268.4401343,4204,Person B,1537.6,2953.5,160.0,3329.87,27.41,True,Active,Arslan,None,Normal,5: Lying down (controlled)
1789752268.5495026,4205,Person B,1537.0,2954.4,390.0,3330.79,27.44,True,Active,Arslan,None,Normal,5: Lying down (controlled)
1789752268.627622,4206,Person B,1536.2,2955.1,160.0,3331.22,27.42,True,Active,Arslan,None,Normal,5: Lying down (controlled)
1789752268.7057438,4207,Person B,1535.8,2956.0,560.0,3334.34,27.41,True,Active,Arslan,None,Normal,5: Lying down (controlled)
1789752268.7838802,4208,Person B,1535.7,2956.4,640.0,3334.37,27.45,True,Active,Arslan,None,Normal,5: Lying down (controlled)
1789752268.8831532,4209,Person B,1535.6,2956.7,-160.0,3334.84,27.46,True,Active,Arslan,None,Normal,5: Lying down (controlled)
1789752268.9769,4210,Person B,1535.8,2957.4,-80.0,3337.96,27.46,True,Active,Arslan,None,Normal,5: Lying down (controlled)
1789752269.0550363,4211,Person B,1536.4,2958.0,390.0,3338.88,27.49,True,Active,Arslan,None,Normal,5: Lying down (controlled)
1789752269.133156,4212,Person B,1536.9,2958.7,-160.0,3338.46,27.51,True,Active,Arslan,None,Normal,5: Lying down (controlled)
1789752269.2268984,4213,Person B,1537.3,2959.3,0.0,3337.07,27.46,True,Active,Arslan,None,Normal,5: Lying down (controlled)
1789752269.32826,4214,Person B,1537.9,2959.5,390.0,3334.41,27.49,True,Active,Arslan,None,Normal,5: Lying down (controlled)
1789752269.4220064,4215,Person B,1538.0,2959.7,160.0,3333.03,27.44,True,Active,Arslan,None,Normal,5: Lying down (controlled)
1789752269.5001428,4216,Person B,1538.4,2959.7,480.0,3333.06,27.48,True,Active,Arslan,None,Normal,5: Lying down (controlled)
1789752269.5938697,4217,Person B,1538.3,2959.4,160.0,3331.22,27.42,True,Active,Arslan,None,Normal,5: Lying down (controlled)
1789752269.6720064,4218,Person B,1537.6,2959.3,-320.0,3330.26,27.35,True,Active,Arslan,None,Normal,5: Lying down (controlled)
1789752269.7813535,4219,Person B,1536.8,2959.1,390.0,3329.38,27.36,True,Active,Arslan,None,Normal,5: Lying down (controlled)
1789752269.8639624,4220,Person B,1535.9,2958.3,390.0,3326.71,27.38,True,Active,Arslan,None,Normal,5: Lying down (controlled)
1789752269.9420848,4221,Person B,1535.0,2957.3,-160.0,3325.86,27.43,True,Active,Arslan,None,Normal,5: Lying down (controlled)
1789752270.03583,4222,Person B,1533.8,2956.2,0.0,3323.16,27.41,True,Active,Arslan,None,Normal,5: Lying down (controlled)
1789752270.1608167,4223,Person B,1532.7,2954.7,390.0,3318.69,27.41,True,Active,Arslan,None,Normal,5: Lying down (controlled)
1789752270.2389371,4224,Person B,1531.3,2953.4,80.0,3316.42,27.38,True,Active,Arslan,None,Normal,5: Lying down (controlled)
1789752270.3230858,4225,Person B,1530.2,2952.0,480.0,3315.53,27.38,True,Active,Arslan,None,Normal,5: Lying down (controlled)
1789752270.4168339,4226,Person B,1528.5,2950.9,160.0,3315.47,27.31,True,Active,Arslan,None,Normal,5: Lying down (controlled)
1789752270.4949539,4227,Person B,1527.1,2950.3,-80.0,3319.46,27.25,True,Active,Arslan,None,Normal,5: Lying down (controlled)
1789752270.901759,4228,Person B,1526.3,2949.9,390.0,3323.04,27.26,True,Active,Arslan,None,Normal,5: Lying down (controlled)
1789752270.9798753,4229,Person B,1525.5,2949.5,160.0,3322.15,27.27,True,Active,Arslan,None,Normal,5: Lying down (controlled)
1789752271.0892444,4230,Person B,1524.7,2949.3,-80.0,3321.26,27.27,True,Active,Arslan,None,Normal,5: Lying down (controlled)
1789752271.198611,4231,Person B,1523.8,2949.3,390.0,3321.72,27.29,True,Active,Arslan,None,Normal,5: Lying down (controlled)
1789752271.2923539,4232,Person B,1523.0,2949.3,-80.0,3319.49,27.29,True,Active,Arslan,None,Normal,5: Lying down (controlled)
1789752271.4262064,4233,Person B,1522.1,2950.0,80.0,3320.78,27.22,True,Active,Arslan,None,Normal,5: Lying down (controlled)
1789752271.504308,4234,Person B,1521.5,2950.9,480.0,3321.67,27.21,True,Active,Arslan,None,Normal,5: Lying down (controlled)
1789752271.5824268,4235,Person B,1520.3,2952.0,160.0,3319.82,27.11,True,Active,Arslan,None,Normal,5: Lying down (controlled)
1789752271.6605437,4236,Person B,1518.9,2953.6,-80.0,3323.33,26.97,True,Active,Arslan,None,Normal,5: Lying down (controlled)
1789752271.7386637,4237,Person B,1517.2,2955.2,560.0,3325.97,26.87,True,Active,Arslan,None,Normal,5: Lying down (controlled)
1789752271.801162,4238,Person B,1515.0,2956.4,240.0,3323.73,26.83,True,Active,Arslan,None,Normal,5: Lying down (controlled)
1789752271.9007955,4239,Person B,1513.0,2957.6,-80.0,3323.74,26.87,True,Active,Arslan,None,Normal,5: Lying down (controlled)
1789752271.9789138,4240,Person B,1511.7,2958.2,390.0,3320.67,27.03,True,Active,Arslan,None,Normal,5: Lying down (controlled)
1789752272.0570345,4241,Person B,1510.8,2958.1,320.0,3316.71,27.16,True,Active,Arslan,None,Normal,5: Lying down (controlled)
1789752272.135154,4242,Person B,1510.3,2957.7,80.0,3313.64,27.25,True,Active,Arslan,None,Normal,5: Lying down (controlled)
1789752272.2132735,4243,Person B,1510.5,2956.6,390.0,3311.92,27.34,True,Active,Arslan,None,Normal,5: Lying down (controlled)
1789752272.3382645,4244,Person B,1510.6,2955.3,160.0,3310.57,27.33,True,Active,Arslan,None,Normal,5: Lying down (controlled)
1789752272.4067028,4245,Person B,1510.8,2954.4,-80.0,3312.72,27.21,True,Active,Arslan,None,Normal,5: Lying down (controlled)
1789752272.4848197,4246,Person B,1511.1,2953.4,390.0,3315.78,27.09,True,Active,Arslan,None,Normal,5: Lying down (controlled)
1789752272.5473151,4247,Person B,1511.5,2951.8,160.0,3313.53,27.05,True,Active,Arslan,None,Normal,5: Lying down (controlled)
1789752272.625435,4248,Person B,1511.7,2950.3,80.0,3311.25,26.98,True,Active,Arslan,None,Normal,5: Lying down (controlled)
1789752272.7348056,4249,Person B,1511.6,2948.8,390.0,3309.91,26.97,True,Active,Arslan,None,Normal,5: Lying down (controlled)
1789752272.8285458,4250,Person B,1510.6,2948.1,160.0,3309.89,26.93,True,Active,Arslan,None,Normal,5: Lying down (controlled)
1789752272.8910613,4251,Person B,1509.0,2948.7,160.0,3314.79,26.87,True,Active,Arslan,None,Normal,5: Lying down (controlled)
1789752272.9692097,4252,Person B,1507.3,2950.2,390.0,3319.27,26.87,True,Active,Arslan,None,Normal,5: Lying down (controlled)
1789752273.0473087,4253,Person B,1505.0,2952.4,160.0,3321.04,26.81,True,Active,Arslan,None,Normal,5: Lying down (controlled)
1789752273.156678,4254,Person B,1502.4,2955.2,-80.0,3323.7,26.71,True,Active,Arslan,None,Normal,5: Lying down (controlled)
1789752273.2191753,4255,Person B,1500.2,2957.7,390.0,3325.04,26.68,True,Active,Arslan,None,Normal,5: Lying down (controlled)
1789752273.3129354,4256,Person B,1498.3,2959.4,160.0,3322.35,26.67,True,Active,Arslan,None,Normal,5: Lying down (controlled)
1789752273.3754113,4257,Person B,1496.7,2961.1,-80.0,3321.46,26.67,True,Active,Arslan,None,Normal,5: Lying down (controlled)
1789752273.4613283,4258,Person B,1496.0,2962.5,390.0,3320.58,26.76,True,Active,Arslan,None,Normal,5: Lying down (controlled)
1789752273.5550716,4259,Person B,1495.7,2963.5,320.0,3317.47,26.84,True,Active,Arslan,None,Normal,5: Lying down (controlled)
1789752273.648815,4260,Person B,1496.0,2963.9,-80.0,3314.82,26.94,True,Active,Arslan,None,Normal,5: Lying down (controlled)
1789752273.726955,4261,Person B,1496.8,2963.3,390.0,3313.07,27.04,True,Active,Arslan,None,Normal,5: Lying down (controlled)
1789752273.805074,4262,Person B,1497.6,2962.0,160.0,3311.31,27.09,True,Active,Arslan,None,Normal,5: Lying down (controlled)
1789752273.883174,4263,Person B,1498.0,2960.8,-80.0,3312.15,26.97,True,Active,Arslan,None,Normal,5: Lying down (controlled)
1789752273.9513621,4264,Person B,1498.1,2959.4,390.0,3311.65,26.84,True,Active,Arslan,None,Normal,5: Lying down (controlled)
1789752274.0294812,4265,Person B,1498.2,2957.9,-160.0,3312.09,26.81,True,Active,Arslan,None,Normal,5: Lying down (controlled)
1789752274.107598,4266,Person B,1498.8,2956.5,-80.0,3312.56,26.87,True,Active,Arslan,None,Normal,5: Lying down (controlled)
1789752274.1857202,4267,Person B,1500.0,2954.9,720.0,3312.6,26.98,True,Active,Arslan,None,Normal,5: Lying down (controlled)
1789752274.263841,4268,Person B,1501.2,2953.3,-160.0,3311.74,27.07,True,Active,Arslan,None,Normal,5: Lying down (controlled)
1789752274.3419566,4269,Person B,1502.2,2952.3,80.0,3313.09,27.08,True,Active,Arslan,None,Normal,5: Lying down (controlled)
1789752274.441366,4270,Person B,1503.1,2951.7,720.0,3313.57,27.13,True,Active,Arslan,None,Normal,5: Lying down (controlled)
1789752274.5195038,4271,Person B,1503.3,2951.5,160.0,3312.2,27.08,True,Active,Arslan,None,Normal,5: Lying down (controlled)
1789752274.597607,4272,Person B,1503.4,2951.7,480.0,3313.55,27.09,True,Active,Arslan,None,Normal,5: Lying down (controlled)
1789752274.6757276,4273,Person B,1504.7,2950.9,640.0,3310.95,27.23,True,Active,Arslan,None,Normal,5: Lying down (controlled)
1789752274.7694695,4274,Person B,1507.1,2949.4,160.0,3309.22,27.32,True,Active,Arslan,None,Normal,5: Lying down (controlled)
1789752274.831963,4275,Person B,1509.1,2948.3,-80.0,3311.38,27.21,True,Active,Arslan,None,Normal,5: Lying down (controlled)
1789752274.9163702,4276,Person B,1510.3,2947.7,390.0,3312.65,27.1,True,Active,Arslan,None,Normal,5: Lying down (controlled)
1789752274.9944942,4277,Person B,1511.0,2947.5,-160.0,3314.0,27.11,True,Active,Arslan,None,Normal,5: Lying down (controlled)
1789752275.1507385,4278,Person B,1511.4,2947.7,-80.0,3315.35,27.11,True,Active,Arslan,None,Normal,5: Lying down (controlled)
1789752275.260101,4279,Person B,1512.0,2947.6,390.0,3314.94,27.18,True,Active,Arslan,None,Normal,5: Lying down (controlled)
1789752275.322597,4280,Person B,1512.4,2947.4,160.0,3313.61,27.21,True,Active,Arslan,None,Normal,5: Lying down (controlled)
1789752275.4163399,4281,Person B,1513.7,2946.8,560.0,3312.81,27.33,True,Active,Arslan,None,Normal,5: Lying down (controlled)
1789752275.4889374,4282,Person B,1515.3,2945.7,390.0,3311.09,27.42,True,Active,Arslan,None,Normal,5: Lying down (controlled)
1789752275.5514338,4283,Person B,1516.7,2945.0,-80.0,3311.16,27.5,True,Active,Arslan,None,Normal,5: Lying down (controlled)
1789752275.660785,4284,Person B,1517.6,2944.7,0.0,3310.7,27.49,True,Active,Arslan,None,Normal,5: Lying down (controlled)
1789752275.7389019,4285,Person B,1518.8,2943.8,390.0,3308.89,27.46,True,Active,Arslan,None,Normal,5: Lying down (controlled)
1789752275.8170235,4286,Person B,1520.3,2942.5,-80.0,3307.97,27.43,True,Active,Arslan,None,Normal,5: Lying down (controlled)
1789752275.89516,4287,Person B,1521.9,2941.2,480.0,3309.78,27.46,True,Active,Arslan,None,Normal,5: Lying down (controlled)
1789752275.9865448,4288,Person B,1523.7,2939.4,390.0,3307.62,27.53,True,Active,Arslan,None,Normal,5: Lying down (controlled)
1789752276.0646644,4289,Person B,1525.3,2937.6,160.0,3306.31,27.56,True,Active,Arslan,None,Normal,5: Lying down (controlled)
1789752276.158407,4290,Person B,1527.5,2935.8,480.0,3307.78,27.69,True,Active,Arslan,None,Normal,5: Lying down (controlled)
1789752276.2365317,4291,Person B,1529.5,2934.3,160.0,3308.76,27.76,True,Active,Arslan,None,Normal,5: Lying down (controlled)
1789752276.3146663,4292,Person B,1531.4,2933.7,-80.0,3314.58,27.76,True,Active,Arslan,None,Normal,5: Lying down (controlled)
1789752276.3771625,4293,Person B,1533.4,2933.6,390.0,3319.56,27.82,True,Active,Arslan,None,Normal,5: Lying down (controlled)
1789752276.475793,4294,Person B,1535.8,2933.3,390.0,3319.2,27.88,True,Active,Arslan,None,Normal,5: Lying down (controlled)
1789752276.5539095,4295,Person B,1538.6,2933.2,-80.0,3321.02,27.9,True,Active,Arslan,None,Normal,5: Lying down (controlled)
1789752276.6476557,4296,Person B,1541.9,2932.9,0.0,3320.65,27.96,True,Active,Arslan,None,Normal,5: Lying down (controlled)
1789752276.7257938,4297,Person B,1545.2,2932.0,390.0,3317.18,28.03,True,Active,Arslan,None,Normal,5: Lying down (controlled)
1789752276.803913,4298,Person B,1548.0,2931.3,160.0,3314.47,28.02,True,Active,Arslan,None,Normal,5: Lying down (controlled)
1789752276.897636,4299,Person B,1550.9,2930.9,480.0,3316.29,28.04,True,Active,Arslan,None,Normal,5: Lying down (controlled)
1789752277.0138319,4300,Person B,1552.9,2930.6,80.0,3314.47,28.02,True,Active,Arslan,None,Normal,5: Lying down (controlled)
1789752277.091936,4301,Person B,1554.3,2930.8,-80.0,3317.07,27.96,True,Active,Arslan,None,Normal,5: Lying down (controlled)
1789752277.1544306,4302,Person B,1555.5,2930.8,480.0,3320.18,27.95,True,Active,Arslan,None,Normal,5: Lying down (controlled)
1789752277.2481742,4303,Person B,1556.3,2930.3,390.0,3318.89,27.98,True,Active,Arslan,None,Normal,5: Lying down (controlled)
1789752277.3419178,4304,Person B,1557.0,2929.9,-160.0,3318.94,28.02,True,Active,Arslan,None,Normal,5: Lying down (controlled)
1789752277.4409516,4305,Person B,1557.8,2929.2,390.0,3318.59,28.08,True,Active,Arslan,None,Normal,5: Lying down (controlled)
1789752277.5190814,4306,Person B,1558.5,2928.4,390.0,3316.88,28.13,True,Active,Arslan,None,Normal,5: Lying down (controlled)
1789752277.5971992,4307,Person B,1558.8,2928.1,160.0,3315.94,28.1,True,Active,Arslan,None,Normal,5: Lying down (controlled)
1789752277.722207,4308,Person B,1559.6,2928.0,480.0,3317.36,28.15,True,Active,Arslan,None,Normal,5: Lying down (controlled)
1789752277.8159301,4309,Person B,1560.3,2927.6,390.0,3316.06,28.18,True,Active,Arslan,None,Normal,5: Lying down (controlled)
1789752277.8940513,4310,Person B,1561.3,2927.6,480.0,3319.18,28.17,True,Active,Arslan,None,Normal,5: Lying down (controlled)
1789752277.9721696,4311,Person B,1562.8,2927.2,480.0,3320.6,28.22,True,Active,Arslan,None,Normal,5: Lying down (controlled)
1789752278.0659325,4312,Person B,1564.8,2926.1,720.0,3319.92,28.34,True,Active,Arslan,None,Normal,5: Lying down (controlled)
1789752278.144034,4313,Person B,1567.1,2924.9,-80.0,3319.18,28.43,True,Active,Arslan,None,Normal,5: Lying down (controlled)
1789752278.2377787,4314,Person B,1569.2,2923.4,0.0,3315.66,28.46,True,Active,Arslan,None,Normal,5: Lying down (controlled)
1789752278.3158956,4315,Person B,1570.6,2922.1,160.0,3313.76,28.4,True,Active,Arslan,None,Normal,5: Lying down (controlled)
1789752278.4096603,4316,Person B,1570.9,2921.8,80.0,3315.66,28.2,True,Active,Arslan,None,Normal,5: Lying down (controlled)
1789752278.4821422,4317,Person B,1570.7,2922.1,390.0,3317.65,28.05,True,Active,Arslan,None,Normal,5: Lying down (controlled)
1789752278.5915096,4318,Person B,1569.3,2922.8,160.0,3316.96,27.88,True,Active,Arslan,None,Normal,5: Lying down (controlled)
1789752278.6696086,4319,Person B,1567.2,2923.8,-320.0,3315.04,27.78,True,Active,Arslan,None,Normal,5: Lying down (controlled)
1789752278.7633553,4320,Person B,1564.8,2924.4,390.0,3313.23,27.76,True,Active,Arslan,None,Normal,5: Lying down (controlled)
1789752278.841475,4321,Person B,1561.9,2924.8,390.0,3310.53,27.74,True,Active,Arslan,None,Normal,5: Lying down (controlled)
1789752278.935236,4322,Person B,1558.0,2925.7,-320.0,3309.55,27.67,True,Active,Arslan,None,Normal,5: Lying down (controlled)
1789752279.0176873,4323,Person B,1553.5,2926.9,-80.0,3308.62,27.64,True,Active,Arslan,None,Normal,5: Lying down (controlled)
1789752279.11141,4324,Person B,1549.1,2928.1,320.0,3305.54,27.69,True,Active,Arslan,None,Normal,5: Lying down (controlled)
1789752279.220782,4325,Person B,1545.3,2928.9,320.0,3302.93,27.75,True,Active,Arslan,None,Normal,5: Lying down (controlled)
1789752279.361398,4326,Person B,1542.7,2928.7,390.0,3301.68,27.82,True,Active,Arslan,None,Normal,5: Lying down (controlled)
1789752279.4556508,4327,Person B,1540.9,2927.9,160.0,3302.15,27.84,True,Active,Arslan,None,Normal,5: Lying down (controlled)
1789752279.5371375,4328,Person B,1539.3,2927.1,-80.0,3302.42,27.7,True,Active,Arslan,None,Normal,5: Lying down (controlled)
1789752279.6152549,4329,Person B,1537.6,2926.7,390.0,3303.61,27.55,True,Active,Arslan,None,Normal,5: Lying down (controlled)
1789752279.7246413,4330,Person B,1535.5,2926.9,-80.0,3305.27,27.42,True,Active,Arslan,None,Normal,5: Lying down (controlled)
1789752279.7871377,4331,Person B,1533.3,2927.5,-80.0,3305.67,27.36,True,Active,Arslan,None,Normal,5: Lying down (controlled)
1789752279.88088,4332,Person B,1531.5,2928.1,480.0,3306.56,27.35,True,Active,Arslan,None,Normal,5: Lying down (controlled)
1789752279.9589534,4333,Person B,1530.0,2928.4,320.0,3304.35,27.39,True,Active,Arslan,None,Normal,5: Lying down (controlled)
1789752280.0429075,4334,Person B,1528.3,2929.1,80.0,3303.89,27.37,True,Active,Arslan,None,Normal,5: Lying down (controlled)
1789752280.1210263,4335,Person B,1526.7,2929.8,390.0,3301.72,27.45,True,Active,Arslan,None,Normal,5: Lying down (controlled)
1789752280.1991467,4336,Person B,1524.8,2930.6,160.0,3299.95,27.47,True,Active,Arslan,None,Normal,5: Lying down (controlled)
1789752280.2772713,4337,Person B,1523.2,2931.4,480.0,3301.8,27.53,True,Active,Arslan,None,Normal,5: Lying down (controlled)
1789752280.3710124,4338,Person B,1522.7,2931.7,390.0,3302.76,27.6,True,Active,Arslan,None,Normal,5: Lying down (controlled)
1789752280.4707346,4339,Person B,1523.0,2931.6,-320.0,3304.11,27.6,True,Active,Arslan,None,Normal,5: Lying down (controlled)
1789752280.5488586,4340,Person B,1523.7,2931.6,-80.0,3308.5,27.53,True,Active,Arslan,None,Normal,5: Lying down (controlled)
1789752280.6426225,4341,Person B,1524.7,2931.9,390.0,3312.94,27.49,True,Active,Arslan,None,Normal,5: Lying down (controlled)
1789752280.7207246,4342,Person B,1525.8,2931.8,320.0,3310.74,27.52,True,Active,Arslan,None,Normal,5: Lying down (controlled)
1789752280.7988613,4343,Person B,1526.8,2931.5,320.0,3306.31,27.56,True,Active,Arslan,None,Normal,5: Lying down (controlled)
1789752280.9238346,4344,Person B,1528.1,2930.8,390.0,3303.69,27.63,True,Active,Arslan,None,Normal,5: Lying down (controlled)
1789752281.0019524,4345,Person B,1529.0,2930.4,160.0,3302.34,27.62,True,Active,Arslan,None,Normal,5: Lying down (controlled)
1789752281.0800915,4346,Person B,1530.3,2930.1,560.0,3303.31,27.69,True,Active,Arslan,None,Normal,5: Lying down (controlled)
1789752281.1582122,4347,Person B,1531.4,2929.7,390.0,3303.35,27.73,True,Active,Arslan,None,Normal,5: Lying down (controlled)
1789752281.236331,4348,Person B,1532.0,2929.6,-80.0,3304.66,27.7,True,Active,Arslan,None,Normal,5: Lying down (controlled)
1789752281.3456786,4349,Person B,1531.6,2929.9,0.0,3304.92,27.52,True,Active,Arslan,None,Normal,5: Lying down (controlled)
1789752281.455066,4350,Person B,1530.5,2930.1,390.0,3305.21,27.34,True,Active,Arslan,None,Normal,5: Lying down (controlled)
1789752281.5283904,4351,Person B,1528.3,2930.8,-80.0,3309.07,27.09,True,Active,Arslan,None,Normal,5: Lying down (controlled)
1789752281.6064937,4352,Person B,1526.2,2931.9,480.0,3310.87,27.11,True,Active,Arslan,None,Normal,5: Lying down (controlled)
1789752281.6846128,4353,Person B,1524.3,2933.2,390.0,3309.12,27.17,True,Active,Arslan,None,Normal,5: Lying down (controlled)
1789752281.7939816,4354,Person B,1522.1,2934.9,160.0,3308.66,27.15,True,Active,Arslan,None,Normal,5: Lying down (controlled)
1789752281.8877237,4355,Person B,1520.5,2936.7,480.0,3310.95,27.23,True,Active,Arslan,None,Normal,5: Lying down (controlled)
1789752281.9658597,4356,Person B,1518.6,2938.6,160.0,3311.4,27.25,True,Active,Arslan,None,Normal,5: Lying down (controlled)
1789752282.0479379,4357,Person B,1516.5,2941.2,-80.0,3316.74,27.2,True,Active,Arslan,None,Normal,5: Lying down (controlled)
1789752282.1416645,4358,Person B,1514.7,2944.0,390.0,3321.21,27.2,True,Active,Arslan,None,Normal,5: Lying down (controlled)
1789752282.235405,4359,Person B,1513.6,2946.7,-80.0,3323.86,27.14,True,Active,Arslan,None,Normal,5: Lying down (controlled)
1789752282.329148,4360,Person B,1513.1,2949.2,-80.0,3325.16,27.07,True,Active,Arslan,None,Normal,5: Lying down (controlled)
1789752282.4228952,4361,Person B,1513.6,2950.8,390.0,3325.6,27.04,True,Active,Arslan,None,Normal,5: Lying down (controlled)
1789752282.5046926,4362,Person B,1514.0,2951.7,320.0,3320.71,27.11,True,Active,Arslan,None,Normal,5: Lying down (controlled)
1789752282.582829,4363,Person B,1514.3,2952.4,80.0,3316.71,27.16,True,Active,Arslan,None,Normal,5: Lying down (controlled)
1789752282.676556,4364,Person B,1515.1,2952.9,390.0,3316.76,27.24,True,Active,Arslan,None,Normal,5: Lying down (controlled)
1789752282.7703,4365,Person B,1515.4,2953.3,160.0,3315.88,27.25,True,Active,Arslan,None,Normal,5: Lying down (controlled)
1789752282.8484192,4366,Person B,1516.1,2953.7,-80.0,3318.17,27.32,True,Active,Arslan,None,Normal,5: Lying down (controlled)
1789752282.942163,4367,Person B,1517.1,2953.7,390.0,3321.32,27.35,True,Active,Arslan,None,Normal,5: Lying down (controlled)
1789752283.0259545,4368,Person B,1517.8,2953.5,160.0,3322.64,27.32,True,Active,Arslan,None,Normal,5: Lying down (controlled)
1789752283.1353228,4369,Person B,1518.7,2953.2,-80.0,3325.3,27.3,True,Active,Arslan,None,Normal,5: Lying down (controlled)
1789752283.2290854,4370,Person B,1520.2,2952.5,390.0,3325.79,27.35,True,Active,Arslan,None,Normal,5: Lying down (controlled)
1789752283.307186,4371,Person B,1522.1,2951.2,320.0,3322.73,27.44,True,Active,Arslan,None,Normal,5: Lying down (controlled)
1789752283.4009337,4372,Person B,1523.9,2950.1,-80.0,3319.18,27.47,True,Active,Arslan,None,Normal,5: Lying down (controlled)
1789752283.557883,4373,Person B,1525.8,2949.2,390.0,3317.45,27.52,True,Active,Arslan,None,Normal,5: Lying down (controlled)
1789752283.6516252,4374,Person B,1527.1,2948.5,160.0,3316.52,27.49,True,Active,Arslan,None,Normal,5: Lying down (controlled)
1789752283.7297463,4375,Person B,1528.6,2947.9,560.0,3317.45,27.52,True,Active,Arslan,None,Normal,5: Lying down (controlled)
1789752283.8235066,4376,Person B,1529.7,2947.3,390.0,3317.91,27.54,True,Active,Arslan,None,Normal,5: Lying down (controlled)
1789752283.9016068,4377,Person B,1530.6,2946.9,-80.0,3321.92,27.52,True,Active,Arslan,None,Normal,5: Lying down (controlled)
1789752283.9797292,4378,Person B,1531.2,2947.0,-80.0,3326.28,27.4,True,Active,Arslan,None,Normal,5: Lying down (controlled)
1789752284.0537407,4379,Person B,1531.4,2947.4,390.0,3329.78,27.3,True,Active,Arslan,None,Normal,5: Lying down (controlled)
1789752284.1474893,4380,Person B,1531.2,2948.0,-160.0,3330.21,27.27,True,Active,Arslan,None,Normal,5: Lying down (controlled)
1789752284.2256083,4381,Person B,1530.8,2949.1,0.0,3330.66,27.29,True,Active,Arslan,None,Normal,5: Lying down (controlled)
1789752284.3037317,4382,Person B,1530.5,2950.3,390.0,3328.46,27.33,True,Active,Arslan,None,Normal,5: Lying down (controlled)
1789752284.3818479,4383,Person B,1530.0,2951.8,160.0,3328.46,27.33,True,Active,Arslan,None,Normal,5: Lying down (controlled)
1789752284.4912157,4384,Person B,1530.0,2953.6,480.0,3332.5,27.35,True,Active,Arslan,None,Normal,5: Lying down (controlled)
1789752284.590602,4385,Person B,1529.8,2955.7,160.0,3335.17,27.33,True,Active,Arslan,None,Normal,5: Lying down (controlled)
1789752284.6687214,4386,Person B,1529.5,2957.8,-160.0,3335.17,27.33,True,Active,Arslan,None,Normal,5: Lying down (controlled)
1789752284.7312145,4387,Person B,1529.5,2959.5,390.0,3337.0,27.39,True,Active,Arslan,None,Normal,5: Lying down (controlled)
1789752284.8093543,4388,Person B,1530.1,2960.2,390.0,3335.26,27.44,True,Active,Arslan,None,Normal,5: Lying down (controlled)
1789752284.9187021,4389,Person B,1531.2,2960.2,-80.0,3334.84,27.46,True,Active,Arslan,None,Normal,5: Lying down (controlled)
1789752285.0124645,4390,Person B,1532.9,2959.7,390.0,3333.6,27.57,True,Active,Arslan,None,Normal,5: Lying down (controlled)
1789752285.0943947,4391,Person B,1534.6,2958.7,320.0,3329.63,27.63,True,Active,Arslan,None,Normal,5: Lying down (controlled)
1789752285.1724944,4392,Person B,1536.3,2957.8,160.0,3328.32,27.66,True,Active,Arslan,None,Normal,5: Lying down (controlled)
1789752285.250614,4393,Person B,1538.4,2956.5,390.0,3326.64,27.75,True,Active,Arslan,None,Normal,5: Lying down (controlled)
1789752285.344358,4394,Person B,1540.3,2954.7,160.0,3325.34,27.78,True,Active,Arslan,None,Normal,5: Lying down (controlled)
1789752285.438104,4395,Person B,1541.7,2953.2,-80.0,3328.32,27.66,True,Active,Arslan,None,Normal,5: Lying down (controlled)
1789752285.5162396,4396,Person B,1542.8,2952.2,560.0,3331.36,27.57,True,Active,Arslan,None,Normal,5: Lying down (controlled)
1789752285.6394713,4397,Person B,1542.9,2951.4,160.0,3330.36,27.47,True,Active,Arslan,None,Normal,5: Lying down (controlled)
1789752285.7175913,4398,Person B,1542.6,2951.2,-80.0,3332.1,27.41,True,Active,Arslan,None,Normal,5: Lying down (controlled)
1789752285.8113382,4399,Person B,1542.3,2951.0,390.0,3331.68,27.43,True,Active,Arslan,None,Normal,5: Lying down (controlled)
1789752285.8738306,4400,Person B,1541.8,2950.7,320.0,3328.63,27.52,True,Active,Arslan,None,Normal,5: Lying down (controlled)
1789752285.9675746,4401,Person B,1541.6,2950.2,320.0,3324.27,27.64,True,Active,Arslan,None,Normal,5: Lying down (controlled)
1789752286.0456939,4402,Person B,1541.7,2949.5,390.0,3322.59,27.73,True,Active,Arslan,None,Normal,5: Lying down (controlled)
1789752286.1432137,4403,Person B,1541.4,2949.1,160.0,3321.7,27.74,True,Active,Arslan,None,Normal,5: Lying down (controlled)
1789752286.2525835,4404,Person B,1541.4,2949.0,480.0,3324.45,27.79,True,Active,Arslan,None,Normal,5: Lying down (controlled)
1789752286.3463268,4405,Person B,1542.1,2948.4,390.0,3326.27,27.81,True,Active,Arslan,None,Normal,5: Lying down (controlled)
1789752286.4088197,4406,Person B,1543.3,2947.3,-160.0,3327.2,27.84,True,Active,Arslan,None,Normal,5: Lying down (controlled)
1789752286.4869428,4407,Person B,1544.9,2946.3,-80.0,3328.92,27.79,True,Active,Arslan,None,Normal,5: Lying down (controlled)
1789752286.6020064,4408,Person B,1546.6,2945.0,390.0,3328.46,27.77,True,Active,Arslan,None,Normal,5: Lying down (controlled)
1789752286.695766,4409,Person B,1548.2,2943.8,-160.0,3328.46,27.77,True,Active,Arslan,None,Normal,5: Lying down (controlled)
1789752286.8051138,4410,Person B,1549.5,2942.9,-160.0,3326.69,27.79,True,Active,Arslan,None,Normal,5: Lying down (controlled)
1789752286.8676102,4411,Person B,1550.7,2942.5,390.0,3326.32,27.85,True,Active,Arslan,None,Normal,5: Lying down (controlled)
1789752286.9457326,4412,Person B,1551.4,2942.5,160.0,3325.85,27.84,True,Active,Arslan,None,Normal,5: Lying down (controlled)
1789752287.0394773,4413,Person B,1552.1,2942.9,560.0,3328.5,27.81,True,Active,Arslan,None,Normal,5: Lying down (controlled)
1789752287.13896,4414,Person B,1552.5,2943.2,640.0,3328.97,27.83,True,Active,Arslan,None,Normal,5: Lying down (controlled)
1789752287.2170832,4415,Person B,1552.8,2943.4,-160.0,3329.44,27.84,True,Active,Arslan,None,Normal,5: Lying down (controlled)
1789752287.3108256,4416,Person B,1552.5,2943.8,-80.0,3329.34,27.77,True,Active,Arslan,None,Normal,5: Lying down (controlled)
1789752287.3889444,4417,Person B,1552.3,2943.8,390.0,3327.99,27.76,True,Active,Arslan,None,Normal,5: Lying down (controlled)
1789752287.4826906,4418,Person B,1552.4,2943.6,-80.0,3327.15,27.81,True,Active,Arslan,None,Normal,5: Lying down (controlled)
1789752287.5764341,4419,Person B,1552.5,2943.4,0.0,3327.15,27.81,True,Active,Arslan,None,Normal,5: Lying down (controlled)
1789752287.7379534,4420,Person B,1552.8,2943.3,390.0,3327.2,27.84,True,Active,Arslan,None,Normal,5: Lying down (controlled)
1789752287.847317,4421,Person B,1552.5,2943.4,160.0,3325.8,27.8,True,Active,Arslan,None,Normal,5: Lying down (controlled)
1789752287.925444,4422,Person B,1552.5,2943.7,480.0,3328.5,27.81,True,Active,Arslan,None,Normal,5: Lying down (controlled)
1789752288.0035594,4423,Person B,1552.3,2944.0,80.0,3330.23,27.76,True,Active,Arslan,None,Normal,5: Lying down (controlled)
1789752288.0973024,4424,Person B,1551.8,2944.4,-160.0,3330.18,27.72,True,Active,Arslan,None,Normal,5: Lying down (controlled)
1789752288.2123468,4425,Person B,1550.7,2945.4,-80.0,3333.17,27.6,True,Active,Arslan,None,Normal,5: Lying down (controlled)
1789752288.290464,4426,Person B,1549.7,2946.5,720.0,3334.45,27.53,True,Active,Arslan,None,Normal,5: Lying down (controlled)
1789752288.368604,4427,Person B,1548.7,2947.8,-160.0,3334.87,27.5,True,Active,Arslan,None,Normal,5: Lying down (controlled)
1789752288.4467232,4428,Person B,1547.4,2949.2,0.0,3333.52,27.5,True,Active,Arslan,None,Normal,5: Lying down (controlled)
1789752288.540447,4429,Person B,1546.1,2950.3,390.0,3330.86,27.52,True,Active,Arslan,None,Normal,5: Lying down (controlled)
1789752288.649819,4430,Person B,1544.4,2951.4,160.0,3329.05,27.5,True,Active,Arslan,None,Normal,5: Lying down (controlled)
1789752288.7123396,4431,Person B,1543.1,2952.7,480.0,3331.29,27.5,True,Active,Arslan,None,Normal,5: Lying down (controlled)
1789752288.8060646,4432,Person B,1541.4,2953.9,160.0,3331.25,27.46,True,Active,Arslan,None,Normal,5: Lying down (controlled)
1789752288.9779317,4433,Person B,1539.5,2955.4,-80.0,3334.74,27.35,True,Active,Arslan,None,Normal,5: Lying down (controlled)
1789752289.0560465,4434,Person B,1537.6,2957.3,390.0,3338.26,27.28,True,Active,Arslan,None,Normal,5: Lying down (controlled)
1789752289.1754434,4435,Person B,1536.1,2958.4,390.0,3336.03,27.28,True,Active,Arslan,None,Normal,5: Lying down (controlled)
1789752289.2535667,4436,Person B,1534.9,2959.0,-160.0,3334.25,27.3,True,Active,Arslan,None,Normal,5: Lying down (controlled)
1789752289.3160796,4437,Person B,1533.4,2959.5,-80.0,3332.42,27.23,True,Active,Arslan,None,Normal,5: Lying down (controlled)
1789752289.3941984,4438,Person B,1531.8,2959.7,390.0,3327.94,27.23,True,Active,Arslan,None,Normal,5: Lying down (controlled)
1789752289.503547,4439,Person B,1529.8,2960.2,80.0,3326.12,27.17,True,Active,Arslan,None,Normal,5: Lying down (controlled)
1789752289.5919347,4440,Person B,1528.0,2960.6,390.0,3324.34,27.19,True,Active,Arslan,None,Normal,5: Lying down (controlled)
1789752289.6637383,4441,Person B,1525.8,2960.6,160.0,3321.19,27.16,True,Active,Arslan,None,Normal,5: Lying down (controlled)
1789752289.7418387,4442,Person B,1523.8,2960.6,-80.0,3322.08,27.15,True,Active,Arslan,None,Normal,5: Lying down (controlled)
1789752289.8199584,4443,Person B,1522.6,2960.0,390.0,3323.9,27.21,True,Active,Arslan,None,Normal,5: Lying down (controlled)
1789752289.929347,4444,Person B,1521.8,2958.6,390.0,3322.15,27.27,True,Active,Arslan,None,Normal,5: Lying down (controlled)
1789752290.007448,4445,Person B,1521.2,2957.5,-80.0,3323.5,27.27,True,Active,Arslan,None,Normal,5: Lying down (controlled)
1789752290.0855672,4446,Person B,1520.3,2956.9,0.0,3324.79,27.2,True,Active,Arslan,None,Normal,5: Lying down (controlled)
