timestamp,sequence_id,target_id,x_mm,y_mm,speed_mms,distance_mm,angle_deg,valid,status,volunteer_id,fall_subtype,pace_variant,action_label
1790412483.224215,16268,Person 8,-1172.4,1317.5,-240.0,1814.86,-39.32,True,Active,hafsa,None,Normal,1: Walking
1790412483.3000891,16269,Person 8,-1163.8,1340.5,-80.0,1838.41,-38.09,True,Active,hafsa,None,Normal,1: Walking
1790412483.3826995,16270,Person 8,-1155.7,1365.7,-80.0,1868.4,-36.91,True,Active,hafsa,None,Normal,1: Walking
1790412483.4859858,16271,Person 8,-1150.6,1393.8,160.0,1918.92,-36.22,True,Active,hafsa,None,Normal,1: Walking
1790412483.5626216,16272,Person 8,-1147.0,1423.0,240.0,1951.91,-35.55,True,Active,hafsa,None,Normal,1: Walking
1790412483.6236064,16273,Person 8,-1141.7,1452.3,240.0,1958.54,-34.45,True,Active,hafsa,None,Normal,1: Walking
1790412483.6923501,16274,Person 8,-1132.0,1480.8,320.0,1939.27,-33.35,True,Active,hafsa,None,Normal,1: Walking
1790412483.770019,16275,Person 8,-1117.5,1508.2,390.0,1912.24,-32.09,True,Active,hafsa,None,Normal,1: Walking
1790412483.8310893,16276,Person 8,-1100.0,1535.5,390.0,1908.09,-30.97,True,Active,hafsa,None,Normal,1: Walking
1790412483.900809,16277,Person 8,-1078.1,1560.8,240.0,1883.84,-29.72,True,Active,hafsa,None,Normal,1: Walking
1790412483.9625804,16278,Person 8,-1051.5,1583.9,240.0,1858.68,-28.4,True,Active,hafsa,None,Normal,1: Walking
1790412484.0417604,16279,Person 8,-1021.3,1603.8,160.0,1844.33,-26.82,True,Active,hafsa,None,Normal,1: Walking
1790412484.1205783,16280,Person 8,-986.6,1619.9,160.0,1827.47,-25.09,True,Active,hafsa,None,Normal,1: Walking
1790412484.2051132,16281,Person 8,-943.8,1632.0,160.0,1812.18,-22.93,True,Active,hafsa,None,Normal,1: Walking
1790412484.2711082,16282,Person 8,-894.9,1641.6,80.0,1803.66,-20.99,True,Active,hafsa,None,Normal,1: Walking
1790412484.335532,16283,Person 8,-845.2,1648.3,80.0,1789.54,-19.96,True,Active,hafsa,None,Normal,1: Walking
1790412484.4227202,16284,Person 8,-794.9,1654.8,80.0,1776.57,-18.48,True,Active,hafsa,None,Normal,1: Walking
1790412484.5181305,16285,Person 8,-744.0,1661.8,80.0,1764.41,-16.7,True,Active,hafsa,None,Normal,1: Walking
1790412484.606253,16286,Person 8,-692.0,1665.8,0.0,1738.51,-15.41,True,Active,hafsa,None,Normal,1: Walking
1790412484.6956117,16287,Person 8,-640.0,1669.2,80.0,1720.55,-13.92,True,Active,hafsa,None,Normal,1: Walking
1790412484.7567773,16288,Person 8,-588.0,1672.6,80.0,1708.23,-12.3,True,Active,hafsa,None,Normal,1: Walking
1790412484.8509104,16289,Person 8,-535.4,1675.3,160.0,1700.75,-10.37,True,Active,hafsa,None,Normal,1: Walking
1790412484.9299223,16290,Person 8,-481.6,1677.1,240.0,1689.7,-8.06,True,Active,hafsa,None,Normal,1: Walking
1790412485.0030587,16291,Person 8,-427.7,1678.0,320.0,1686.29,-5.68,True,Active,hafsa,None,Normal,1: Walking
1790412485.0758824,16292,Person 8,-373.4,1676.4,480.0,1671.18,-3.53,True,Active,hafsa,None,Normal,1: Walking
1790412485.1480148,16293,Person 8,-317.4,1672.3,480.0,1641.79,-1.78,True,Active,hafsa,None,Normal,1: Walking
1790412485.2266357,16294,Person 8,-261.1,1666.0,480.0,1622.0,0.0,True,Active,hafsa,None,Normal,1: Walking
1790412485.3053555,16295,Person 8,-207.1,1655.5,320.0,1585.34,1.19,True,Active,hafsa,None,Normal,1: Walking
1790412485.3908303,16296,Person 8,-152.5,1643.5,320.0,1558.27,3.09,True,Active,hafsa,None,Normal,1: Walking
1790412485.4515147,16297,Person 8,-95.5,1630.5,320.0,1547.88,5.78,True,Active,hafsa,None,Normal,1: Walking
1790412485.5211031,16298,Person 8,-38.5,1615.9,160.0,1536.87,7.7,True,Active,hafsa,None,Normal,1: Walking
1790412485.5902429,16299,Person 8,18.2,1599.6,240.0,1532.39,9.81,True,Active,hafsa,None,Normal,1: Walking
1790412485.6686783,16300,Person 8,71.9,1580.4,240.0,1511.08,11.45,True,Active,hafsa,None,Normal,1: Walking
1790412485.7702153,16301,Person 8,122.4,1558.1,160.0,1493.74,13.08,True,Active,hafsa,None,Normal,1: Walking
1790412485.8431697,16302,Person 8,168.8,1533.9,160.0,1470.99,14.21,True,Active,hafsa,None,Normal,1: Walking
1790412485.9176328,16303,Person 8,211.9,1510.1,320.0,1453.55,15.15,True,Active,hafsa,None,Normal,1: Walking
1790412485.9748132,16304,Person 8,252.4,1485.7,160.0,1436.28,16.38,True,Active,hafsa,None,Normal,1: Walking
1790412486.1122453,16305,Person 8,290.8,1462.8,160.0,1418.67,17.09,True,Active,hafsa,None,Normal,1: Walking
1790412486.1871617,16306,Person 8,326.0,1440.8,240.0,1405.34,18.07,True,Active,hafsa,None,Normal,1: Walking
1790412486.2683215,16307,Person 8,357.7,1416.9,80.0,1384.32,19.98,True,Active,hafsa,None,Normal,1: Walking
1790412486.3329897,16308,Person 8,387.7,1390.7,160.0,1358.73,21.86,True,Active,hafsa,None,Normal,1: Walking
1790412486.442874,16309,Person 8,415.3,1361.8,160.0,1333.87,23.74,True,Active,hafsa,None,Normal,1: Walking
1790412486.5009763,16310,Person 8,441.8,1331.1,160.0,1302.88,25.7,True,Active,hafsa,None,Normal,1: Walking
1790412486.6132972,16311,Person 8,467.0,1298.5,240.0,1273.87,27.59,True,Active,hafsa,None,Normal,1: Walking
1790412486.692497,16312,Person 8,494.5,1264.9,320.0,1261.98,30.26,True,Active,hafsa,None,Normal,1: Walking
1790412486.7636414,16313,Person 8,526.5,1230.6,240.0,1270.28,33.44,True,Active,hafsa,None,Normal,1: Walking
1790412486.8658469,16314,Person 8,560.4,1195.3,160.0,1266.55,35.97,True,Active,hafsa,None,Normal,1: Walking
1790412486.9634416,16315,Person 8,594.4,1159.0,80.0,1248.64,37.32,True,Active,hafsa,None,Normal,1: Walking
1790412487.0548236,16316,Person 8,627.6,1122.4,80.0,1237.22,38.37,True,Active,hafsa,None,Normal,1: Walking
1790412487.1255326,16317,Person 8,657.9,1086.0,0.0,1216.61,39.63,True,Active,hafsa,None,Normal,1: Walking
1790412487.231083,16318,Person 8,686.5,1049.2,-80.0,1193.61,41.57,True,Active,hafsa,None,Normal,1: Walking
1790412487.3164978,16319,Person 8,715.9,1011.0,-80.0,1180.88,44.73,True,Active,hafsa,None,Normal,1: Walking
1790412487.4023068,16320,Person 8,744.9,973.1,-80.0,1167.5,47.08,True,Active,hafsa,None,Normal,1: Walking
1790412487.4896796,16321,Person 8,775.0,936.4,-80.0,1172.4,49.46,True,Active,hafsa,None,Normal,1: Walking
1790412487.564757,16322,Person 8,802.6,902.5,-80.0,1181.42,50.53,True,Active,hafsa,None,Normal,1: Walking
1790412487.66295,16323,Person 8,825.6,871.1,-80.0,1192.23,51.27,True,Active,hafsa,None,Normal,1: Walking
1790412487.758742,16324,Person 8,846.8,844.8,0.0,1222.53,51.44,True,Active,hafsa,None,Normal,1: Walking
1790412487.8561194,16325,Person 8,868.1,822.9,0.0,1240.96,51.41,True,Active,hafsa,None,Normal,1: Walking
1790412487.9430492,16326,Person 8,888.3,804.1,240.0,1245.96,51.12,True,Active,hafsa,None,Normal,1: Walking
1790412488.0415301,16327,Person 8,907.4,788.2,320.0,1241.12,51.18,True,Active,hafsa,None,Normal,1: Walking
1790412488.1048267,16328,Person 8,924.0,776.1,390.0,1230.34,51.14,True,Active,hafsa,None,Normal,1: Walking
1790412488.2042243,16329,Person 8,935.5,768.9,390.0,1217.87,50.97,True,Active,hafsa,None,Normal,1: Walking
1790412488.2937431,16330,Person 8,943.4,764.7,320.0,1199.74,51.12,True,Active,hafsa,None,Normal,1: Walking
1790412488.37586,16331,Person 8,946.4,762.4,160.0,1180.83,51.26,True,Active,hafsa,None,Normal,1: Walking
1790412488.4553783,16332,Person 8,945.7,759.0,320.0,1154.61,51.61,True,Active,hafsa,None,Normal,1: Walking
1790412488.5437565,16333,Person 8,941.5,753.5,320.0,1125.18,52.11,True,Active,hafsa,None,Normal,1: Walking
1790412488.6576385,16334,Person 8,930.9,743.6,160.0,1077.99,52.05,True,Active,hafsa,None,Normal,1: Walking
1790412488.7326508,16335,Person 8,914.8,729.7,320.0,1028.45,51.87,True,Active,hafsa,None,Normal,1: Walking
1790412488.814261,16336,Person 8,894.9,714.6,160.0,996.29,50.7,True,Active,hafsa,None,Normal,1: Walking
1790412488.9079647,16337,Person 8,873.5,699.2,390.0,977.95,50.35,True,Active,hafsa,None,Normal,1: Walking
1790412489.0320344,16338,Person 8,850.9,683.4,480.0,955.42,50.01,True,Active,hafsa,None,Normal,1: Walking
1790412489.129278,16339,Person 8,824.6,665.8,560.0,903.2,49.13,True,Active,hafsa,None,Normal,1: Walking
1790412489.197932,16340,Person 8,794.2,646.8,560.0,844.91,48.21,True,Active,hafsa,None,Normal,1: Walking
1790412489.2702055,16341,Person 8,759.3,626.0,480.0,780.48,47.13,True,Active,hafsa,None,Normal,1: Walking
1790412489.3564975,16342,Person 8,720.2,604.4,390.0,717.77,45.73,True,Active,hafsa,None,Normal,1: Walking
1790412489.443719,16343,Person 8,677.7,582.6,320.0,661.89,44.39,True,Active,hafsa,None,Normal,1: Walking
1790412489.5389895,16344,Person 8,634.1,561.4,240.0,612.21,42.55,True,Active,hafsa,None,Normal,1: Walking
1790412489.615248,16345,Person 8,590.3,541.3,160.0,570.96,40.53,True,Active,hafsa,None,Normal,1: Walking
1790412489.7240381,16346,Person 8,546.0,520.8,-80.0,537.64,37.59,True,Active,hafsa,None,Normal,1: Walking
1790412489.8055608,16347,Person 8,499.0,500.8,-160.0,509.77,33.72,True,Active,hafsa,None,Normal,1: Walking
1790412489.8900876,16348,Person 8,449.5,482.3,-240.0,490.11,28.92,True,Active,hafsa,None,Normal,1: Walking
1790412489.9838269,16349,Person 8,399.9,467.3,-320.0,479.01,22.98,True,Active,hafsa,None,Normal,1: Walking
1790412490.0768807,16350,Person 8,350.3,456.7,-390.0,476.24,16.34,True,Active,hafsa,None,Normal,1: Walking
1790412490.1521454,16351,Person 8,300.5,451.4,-320.0,483.69,8.8,True,Active,hafsa,None,Normal,1: Walking
1790412490.2358713,16352,Person 8,250.4,450.7,-240.0,494.17,1.51,True,Active,hafsa,None,Normal,1: Walking
1790412490.3390422,16353,Person 8,199.6,453.7,-240.0,505.01,-5.11,True,Active,hafsa,None,Normal,1: Walking
1790412490.4343197,16354,Person 8,148.5,460.1,-240.0,524.06,-10.67,True,Active,hafsa,None,Normal,1: Walking
1790412490.563075,16355,Person 8,96.5,469.0,-240.0,543.81,-15.9,True,Active,hafsa,None,Normal,1: Walking
1790412490.638011,16356,Person 8,44.0,479.3,-160.0,564.49,-20.43,True,Active,hafsa,None,Normal,1: Walking
1790412490.7280478,16357,Person 8,-8.5,490.6,-160.0,589.01,-24.26,True,Active,hafsa,None,Normal,1: Walking
1790412490.7913606,16358,Person 8,-61.7,501.2,-320.0,610.94,-28.87,True,Active,hafsa,None,Normal,1: Walking
1790412490.862084,16359,Person 8,-115.8,508.9,-480.0,627.41,-34.35,True,Active,hafsa,None,Normal,1: Walking
1790412490.9899182,16360,Person 8,-169.5,514.4,-320.0,651.58,-38.21,True,Active,hafsa,None,Normal,1: Walking
1790412491.0768735,16361,Person 8,-222.2,515.7,-480.0,668.05,-42.69,True,Active,hafsa,None,Normal,1: Walking
1790412491.1536205,16362,Person 8,-273.3,515.2,-390.0,697.94,-45.52,True,Active,hafsa,None,Normal,1: Walking
1790412491.2233162,16363,Person 8,-324.2,512.8,-480.0,732.36,-49.15,True,Active,hafsa,None,Normal,1: Walking
1790412491.3227253,16364,Person 8,-375.3,508.5,-480.0,769.71,-52.18,True,Active,hafsa,None,Normal,1: Walking
1790412491.3958404,16365,Person 8,-425.9,503.6,-560.0,808.52,-54.11,True,Active,hafsa,None,Normal,1: Walking
1790412491.4967785,16366,Person 8,-475.9,499.2,-560.0,849.14,-55.17,True,Active,hafsa,None,Normal,1: Walking
1790412491.5884283,16367,Person 8,-524.9,496.3,-480.0,891.0,-55.24,True,Active,hafsa,None,Normal,1: Walking
1790412491.6867397,16368,Person 8,-571.5,495.9,-390.0,927.95,-55.09,True,Active,hafsa,None,Normal,1: Walking
1790412491.7810578,16369,Person 8,-615.3,499.0,-320.0,963.67,-55.27,True,Active,hafsa,None,Normal,1: Walking
1790412491.859734,16370,Person 8,-657.2,504.0,-320.0,995.75,-55.64,True,Active,hafsa,None,Normal,1: Walking
1790412491.9353266,16371,Person 8,-697.5,512.2,-390.0,1030.08,-56.2,True,Active,hafsa,None,Normal,1: Walking
1790412492.0294778,16372,Person 8,-736.1,522.3,-390.0,1062.81,-56.28,True,Active,hafsa,None,Normal,1: Walking
1790412492.1036873,16373,Person 8,-771.7,536.2,-390.0,1100.01,-55.82,True,Active,hafsa,None,Normal,1: Walking
1790412492.22264,16374,Person 8,-805.2,553.2,-480.0,1140.79,-55.75,True,Active,hafsa,None,Normal,1: Walking
1790412492.301937,16375,Person 8,-838.5,571.2,-560.0,1184.85,-56.5,True,Active,hafsa,None,Normal,1: Walking
1790412492.3790638,16376,Person 8,-872.4,588.8,-560.0,1228.91,-57.46,True,Active,hafsa,None,Normal,1: Walking
1790412492.469601,16377,Person 8,-907.4,604.7,-480.0,1271.07,-58.35,True,Active,hafsa,None,Normal,1: Walking
1790412492.5476704,16378,Person 8,-944.7,620.8,-390.0,1328.47,-58.61,True,Active,hafsa,None,Normal,1: Walking
1790412492.6454577,16379,Person 8,-981.6,637.3,-240.0,1362.98,-58.41,True,Active,hafsa,None,Normal,1: Walking
1790412492.7358441,16380,Person 8,-1018.0,654.3,-240.0,1393.71,-58.32,True,Active,hafsa,None,Normal,1: Walking
1790412492.8262582,16381,Person 8,-1053.2,671.9,-240.0,1421.36,-58.2,True,Active,hafsa,None,Normal,1: Walking
1790412492.9072225,16382,Person 8,-1087.4,689.4,-240.0,1445.1,-58.04,True,Active,hafsa,None,Normal,1: Walking
1790412492.9936256,16383,Person 8,-1118.8,706.2,-80.0,1454.64,-57.29,True,Active,hafsa,None,Normal,2: Standing / idle
1790412493.0881014,16384,Person 8,-1146.8,722.3,-80.0,1463.06,-56.71,True,Active,hafsa,None,Normal,2: Standing / idle
1790412493.1918213,16385,Person 8,-1170.1,738.0,80.0,1465.8,-56.41,True,Active,hafsa,None,Normal,2: Standing / idle
1790412493.29101,16386,Person 8,-1188.7,753.3,80.0,1468.29,-56.33,True,Active,hafsa,None,Normal,2: Standing / idle
1790412493.3879783,16387,Person 8,-1202.4,769.1,0.0,1471.93,-55.91,True,Active,hafsa,None,Normal,2: Standing / idle
1790412493.4518056,16388,Person 8,-1210.3,783.0,-80.0,1470.35,-55.59,True,Active,hafsa,None,Normal,2: Standing / idle
1790412493.5291204,16389,Person 8,-1216.0,795.5,-80.0,1479.0,-55.44,True,Active,hafsa,None,Normal,2: Standing / idle
1790412493.6605282,16390,Person 8,-1222.0,807.1,-80.0,1507.19,-55.76,True,Active,hafsa,None,Normal,2: Standing / idle
1790412493.7229862,16391,Person 8,-1229.6,817.9,-80.0,1543.73,-56.28,True,Active,hafsa,None,Normal,2: Standing / idle
1790412493.8049533,16392,Person 8,-1238.7,828.0,-80.0,1576.21,-56.67,True,Active,hafsa,None,Normal,2: Standing / idle
1790412493.889405,16393,Person 8,-1251.1,836.8,-80.0,1606.54,-57.04,True,Active,hafsa,None,Normal,2: Standing / idle
1790412494.0277724,16394,Person 8,-1264.6,845.0,-80.0,1620.92,-56.91,True,Active,hafsa,None,Normal,2: Standing / idle
1790412494.1217365,16395,Person 8,-1278.0,852.8,-80.0,1620.6,-56.73,True,Active,hafsa,None,Normal,2: Standing / idle
1790412494.195544,16396,Person 8,-1290.6,860.9,-80.0,1618.06,-56.42,True,Active,hafsa,None,Normal,2: Standing / idle
1790412494.2784138,16397,Person 8,-1302.6,868.4,-80.0,1613.36,-56.09,True,Active,hafsa,None,Normal,2: Standing / idle
1790412494.3431523,16398,Person 8,-1312.7,877.1,-80.0,1602.91,-55.06,True,Active,hafsa,None,Normal,2: Standing / idle
1790412494.4440417,16399,Person 8,-1320.4,886.9,-80.0,1598.43,-54.11,True,Active,hafsa,None,Normal,2: Standing / idle
1790412494.5324242,16400,Person 8,-1324.5,896.8,-80.0,1597.87,-53.65,True,Active,hafsa,None,Normal,2: Standing / idle
1790412494.6337273,16401,Person 8,-1324.3,906.9,0.0,1600.4,-53.23,True,Active,hafsa,None,Normal,2: Standing / idle
1790412494.6998746,16402,Person 8,-1320.6,916.8,0.0,1603.0,-52.99,True,Active,hafsa,None,Normal,2: Standing / idle
1790412494.7778459,16403,Person 8,-1313.4,926.9,0.0,1605.86,-52.62,True,Active,hafsa,None,Normal,2: Standing / idle
1790412494.8721356,16404,Person 8,-1304.4,940.0,0.0,1624.83,-51.3,True,Active,hafsa,None,Normal,2: Standing / idle
1790412494.962646,16405,Person 8,-1295.1,956.4,0.0,1643.61,-50.16,True,Active,hafsa,None,Normal,2: Standing / idle
1790412495.0483496,16406,Person 8,-1286.1,974.6,0.0,1656.05,-49.43,True,Active,hafsa,None,Normal,2: Standing / idle
1790412495.1339853,16407,Person 8,-1278.0,993.9,0.0,1666.5,-49.01,True,Active,hafsa,None,Normal,2: Standing / idle
1790412495.246863,16408,Person 8,-1272.9,1013.2,0.0,1682.11,-48.66,True,Active,hafsa,None,Normal,2: Standing / idle
1790412495.330761,16409,Person 8,-1270.5,1030.6,0.0,1688.12,-48.84,True,Active,hafsa,None,Normal,2: Standing / idle
1790412495.4193454,16410,Person 8,-1269.0,1047.2,0.0,1690.19,-48.81,True,Active,hafsa,None,Normal,2: Standing / idle
1790412495.527686,16411,Person 8,-1267.9,1063.1,0.0,1692.08,-48.69,True,Active,hafsa,None,Normal,2: Standing / idle
1790412495.5927708,16412,Person 8,-1267.0,1078.6,0.0,1694.06,-48.61,True,Active,hafsa,None,Normal,2: Standing / idle
1790412495.664783,16413,Person 8,-1266.6,1093.1,0.0,1694.81,-48.64,True,Active,hafsa,None,Normal,2: Standing / idle
1790412495.785043,16414,Person 8,-1267.3,1103.2,0.0,1695.09,-48.78,True,Active,hafsa,None,Normal,2: Standing / idle
1790412495.8558059,16415,Person 8,-1268.9,1109.6,0.0,1697.34,-48.85,True,Active,hafsa,None,Normal,2: Standing / idle
1790412495.9293509,16416,Person 8,-1271.4,1114.1,0.0,1704.4,-48.83,True,Active,hafsa,None,Normal,2: Standing / idle
1790412496.0208879,16417,Person 8,-1273.9,1118.0,0.0,1711.0,-48.58,True,Active,hafsa,None,Normal,2: Standing / idle
1790412496.1206038,16418,Person 8,-1275.7,1121.1,0.0,1716.14,-48.28,True,Active,hafsa,None,Normal,2: Standing / idle
1790412496.2127366,16419,Person 8,-1276.6,1125.0,0.0,1720.73,-48.06,True,Active,hafsa,None,Normal,2: Standing / idle
1790412496.292497,16420,Person 8,-1277.0,1129.2,0.0,1721.1,-47.85,True,Active,hafsa,None,Normal,2: Standing / idle
1790412496.385188,16421,Person 8,-1277.1,1133.5,0.0,1721.51,-47.64,True,Active,hafsa,None,Normal,2: Standing / idle
1790412496.487474,16422,Person 8,-1276.5,1138.0,0.0,1719.72,-47.36,True,Active,hafsa,None,Normal,2: Standing / idle
1790412496.5559523,16423,Person 8,-1275.0,1143.5,0.0,1720.66,-46.93,True,Active,hafsa,None,Normal,2: Standing / idle
1790412496.6535416,16424,Person 8,-1272.6,1150.6,0.0,1725.21,-46.48,True,Active,hafsa,None,Normal,2: Standing / idle
1790412496.7461195,16425,Person 8,-1269.3,1159.1,0.0,1730.56,-46.01,True,Active,hafsa,None,Normal,2: Standing / idle
1790412496.823758,16426,Person 8,-1265.0,1167.9,0.0,1732.54,-45.7,True,Active,hafsa,None,Normal,2: Standing / idle
1790412496.911345,16427,Person 8,-1260.2,1176.2,0.0,1732.47,-45.47,True,Active,hafsa,None,Normal,2: Standing / idle
1790412497.01137,16428,Person 8,-1255.2,1183.8,0.0,1731.73,-45.3,True,Active,hafsa,None,Normal,2: Standing / idle
1790412497.1037252,16429,Person 8,-1250.0,1190.8,0.0,1731.01,-45.19,True,Active,hafsa,None,Normal,2: Standing / idle
1790412497.1927767,16430,Person 8,-1244.9,1197.4,0.0,1729.59,-45.09,True,Active,hafsa,None,Normal,2: Standing / idle
1790412497.2791033,16431,Person 8,-1239.9,1203.6,0.0,1728.17,-45.0,True,Active,hafsa,None,Normal,2: Standing / idle
1790412497.357375,16432,Person 8,-1235.2,1209.5,0.0,1726.76,-44.86,True,Active,hafsa,None,Normal,2: Standing / idle
1790412497.4437947,16433,Person 8,-1231.1,1214.6,0.0,1726.77,-44.77,True,Active,hafsa,None,Normal,2: Standing / idle
1790412497.5735352,16434,Person 8,-1227.5,1218.6,0.0,1727.49,-44.7,True,Active,hafsa,None,Normal,2: Standing / idle
1790412497.6635082,16435,Person 8,-1224.5,1221.3,0.0,1728.2,-44.67,True,Active,hafsa,None,Normal,2: Standing / idle
1790412497.7468524,16436,Person 8,-1222.2,1223.1,0.0,1728.89,-44.74,True,Active,hafsa,None,Normal,2: Standing / idle
1790412497.8160222,16437,Person 8,-1220.6,1224.2,0.0,1728.88,-44.84,True,Active,hafsa,None,Normal,2: Standing / idle
1790412497.8923743,16438,Person 8,-1219.7,1224.8,0.0,1729.58,-44.95,True,Active,hafsa,None,Normal,2: Standing / idle
1790412497.999498,16439,Person 8,-1219.3,1225.0,0.0,1729.58,-45.05,True,Active,hafsa,None,Normal,2: Standing / idle
1790412498.1012118,16440,Person 8,-1219.5,1224.9,0.0,1730.3,-45.16,True,Active,hafsa,None,Normal,2: Standing / idle
1790412498.1877584,16441,Person 8,-1220.2,1224.5,0.0,1730.31,-45.26,True,Active,hafsa,None,Normal,2: Standing / idle
1790412498.2600386,16442,Person 8,-1221.8,1223.4,0.0,1730.35,-45.49,True,Active,hafsa,None,Normal,2: Standing / idle
1790412498.3412042,16443,Person 8,-1223.8,1221.7,0.0,1728.98,-45.63,True,Active,hafsa,None,Normal,2: Standing / idle
1790412498.442414,16444,Person 8,-1226.2,1219.5,0.0,1729.03,-45.77,True,Active,hafsa,None,Normal,2: Standing / idle
1790412498.532236,16445,Person 8,-1228.8,1216.8,0.0,1727.68,-45.91,True,Active,hafsa,None,Normal,2: Standing / idle
1790412498.6228821,16446,Person 8,-1231.5,1213.9,0.0,1727.75,-46.06,True,Active,hafsa,None,Normal,2: Standing / idle
1790412498.701746,16447,Person 8,-1234.1,1211.0,0.0,1727.09,-46.13,True,Active,hafsa,None,Normal,2: Standing / idle
1790412498.7909327,16448,Person 8,-1236.5,1207.9,0.0,1725.04,-46.24,True,Active,hafsa,None,Normal,2: Standing / idle
1790412498.8983178,16449,Person 8,-1239.0,1204.5,0.0,1723.76,-46.43,True,Active,hafsa,None,Normal,2: Standing / idle
1790412498.9974036,16450,Person 8,-1241.8,1200.7,0.0,1723.99,-46.72,True,Active,hafsa,None,Normal,2: Standing / idle
1790412499.1019475,16451,Person 8,-1244.8,1196.6,0.0,1723.49,-46.93,True,Active,hafsa,None,Normal,2: Standing / idle
1790412499.168111,16452,Person 8,-1247.5,1192.6,0.0,1722.22,-47.07,True,Active,hafsa,None,Normal,2: Standing / idle
1790412499.2485313,16453,Person 8,-1249.8,1188.6,0.0,1718.03,-47.12,True,Active,hafsa,None,Normal,2: Standing / idle
1790412499.3175552,16454,Person 8,-1251.3,1184.1,0.0,1708.93,-47.21,True,Active,hafsa,None,Normal,2: Standing / idle
1790412499.4388385,16455,Person 8,-1251.7,1179.2,0.0,1696.89,-47.2,True,Active,hafsa,None,Normal,2: Standing / idle
1790412499.504849,16456,Person 8,-1251.0,1173.7,0.0,1684.91,-47.24,True,Active,hafsa,None,Normal,2: Standing / idle
1790412499.5844672,16457,Person 8,-1250.1,1167.8,0.0,1680.1,-47.36,True,Active,hafsa,None,Normal,2: Standing / idle
1790412499.669379,16458,Person 8,-1248.9,1162.2,0.0,1677.95,-47.34,True,Active,hafsa,None,Normal,2: Standing / idle
1790412499.7867668,16459,Person 8,-1247.4,1157.1,0.0,1677.95,-47.34,True,Active,hafsa,None,Normal,2: Standing / idle
1790412499.857163,16460,Person 8,-1245.2,1152.4,0.0,1675.86,-47.37,True,Active,hafsa,None,Normal,2: Standing / idle
1790412499.9366894,16461,Person 8,-1242.6,1148.0,0.0,1674.51,-47.42,True,Active,hafsa,None,Normal,2: Standing / idle
1790412500.0420039,16462,Person 8,-1239.8,1143.6,0.0,1671.8,-47.52,True,Active,hafsa,None,Normal,2: Standing / idle
1790412500.1113474,16463,Person 8,-1237.3,1139.2,0.0,1669.84,-47.65,True,Active,hafsa,None,Normal,2: Standing / idle
1790412500.2319906,16464,Person 8,-1235.5,1135.0,0.0,1667.29,-47.84,True,Active,hafsa,None,Normal,2: Standing / idle
1790412500.3510482,16465,Person 8,-1234.9,1131.1,0.0,1666.17,-48.04,True,Active,hafsa,None,Normal,2: Standing / idle
1790412500.4128633,16466,Person 8,-1235.7,1127.5,0.0,1666.64,-48.33,True,Active,hafsa,None,Normal,2: Standing / idle
1790412500.4932663,16467,Person 8,-1237.1,1123.5,0.0,1663.76,-48.7,True,Active,hafsa,None,Normal,2: Standing / idle
1790412500.5660577,16468,Person 8,-1239.9,1117.4,0.0,1658.44,-49.55,True,Active,hafsa,None,Normal,2: Standing / idle
1790412500.6532829,16469,Person 8,-1242.8,1111.1,0.0,1657.9,-49.62,True,Active,hafsa,None,Normal,2: Standing / idle
1790412500.7439954,16470,Person 8,-1245.9,1105.0,0.0,1658.67,-49.65,True,Active,hafsa,None,Normal,2: Standing / idle
1790412500.8264837,16471,Person 8,-1248.9,1099.5,0.0,1660.5,-49.52,True,Active,hafsa,None,Normal,2: Standing / idle
1790412500.9192486,16472,Person 8,-1251.8,1094.5,0.0,1660.39,-49.47,True,Active,hafsa,None,Normal,2: Standing / idle
1790412501.0000093,16473,Person 8,-1254.7,1089.7,0.0,1659.85,-49.54,True,Active,hafsa,None,Normal,2: Standing / idle
1790412501.1144443,16474,Person 8,-1257.5,1085.2,0.0,1658.67,-49.65,True,Active,hafsa,None,Normal,2: Standing / idle
1790412501.1814423,16475,Person 8,-1260.0,1081.0,0.0,1657.37,-49.7,True,Active,hafsa,None,Normal,2: Standing / idle
1790412501.2876236,16476,Person 8,-1261.9,1077.1,0.0,1655.43,-49.78,True,Active,hafsa,None,Normal,2: Standing / idle
1790412501.3740385,16477,Person 8,-1263.4,1073.4,0.0,1651.04,-50.01,True,Active,hafsa,None,Normal,2: Standing / idle
1790412501.4471717,16478,Person 8,-1263.7,1071.4,0.0,1647.84,-50.15,True,Active,hafsa,None,Normal,2: Standing / idle
1790412501.5802104,16479,Person 8,-1263.9,1069.1,0.0,1644.64,-50.28,True,Active,hafsa,None,Normal,2: Standing / idle
1790412501.6643877,16480,Person 8,-1264.0,1066.6,0.0,1643.36,-50.33,True,Active,hafsa,None,Normal,2: Standing / idle
1790412501.7458665,16481,Person 8,-1264.1,1063.7,0.0,1642.59,-50.31,True,Active,hafsa,None,Normal,2: Standing / idle
1790412501.8156621,16482,Person 8,-1264.2,1060.6,0.0,1641.18,-50.32,True,Active,hafsa,None,Normal,2: Standing / idle
1790412501.894005,16483,Person 8,-1264.2,1057.7,0.0,1641.18,-50.32,True,Active,hafsa,None,Normal,2: Standing / idle
1790412502.029067,16484,Person 8,-1264.1,1054.9,0.0,1639.9,-50.37,True,Active,hafsa,None,Normal,2: Standing / idle
1790412502.1147757,16485,Person 8,-1264.1,1051.9,0.0,1638.13,-50.5,True,Active,hafsa,None,Normal,2: Standing / idle
1790412502.184505,16486,Person 8,-1264.1,1048.5,0.0,1633.68,-50.69,True,Active,hafsa,None,Normal,2: Standing / idle
1790412502.2614295,16487,Person 8,-1264.0,1045.3,0.0,1629.89,-50.85,True,Active,hafsa,None,Normal,2: Standing / idle
1790412502.3423505,16488,Person 8,-1263.8,1042.9,0.0,1631.01,-50.75,True,Active,hafsa,None,Normal,2: Standing / idle
1790412502.4687173,16489,Person 8,-1263.8,1041.2,0.0,1633.82,-50.74,True,Active,hafsa,None,Normal,2: Standing / idle
1790412502.5282855,16490,Person 8,-1264.2,1039.8,0.0,1637.55,-50.8,True,Active,hafsa,None,Normal,2: Standing / idle
1790412502.604177,16491,Person 8,-1265.1,1038.5,0.0,1641.29,-50.86,True,Active,hafsa,None,Normal,2: Standing / idle
1790412502.7122967,16492,Person 8,-1266.5,1037.4,0.0,1645.02,-50.92,True,Active,hafsa,None,Normal,2: Standing / idle
1790412502.7856672,16493,Person 8,-1268.3,1036.3,0.0,1648.13,-51.01,True,Active,hafsa,None,Normal,2: Standing / idle
1790412502.8854373,16494,Person 8,-1270.2,1035.4,0.0,1648.91,-51.03,True,Active,hafsa,None,Normal,2: Standing / idle
1790412502.9708745,16495,Person 8,-1271.9,1035.0,0.0,1648.76,-50.98,True,Active,hafsa,None,Normal,2: Standing / idle
1790412503.082945,16496,Person 8,-1273.6,1035.2,0.0,1648.13,-51.01,True,Active,hafsa,None,Normal,2: Standing / idle
1790412503.1477196,16497,Person 8,-1275.3,1035.8,0.0,1646.87,-51.06,True,Active,hafsa,None,Normal,2: Standing / idle
1790412503.2292218,16498,Person 8,-1277.0,1036.2,0.0,1646.72,-51.01,True,Active,hafsa,None,Normal,2: Standing / idle
1790412503.331599,16499,Person 8,-1278.0,1037.2,0.0,1647.9,-50.69,True,Active,hafsa,None,Normal,2: Standing / idle
1790412503.4154556,16500,Person 8,-1278.0,1039.3,0.0,1650.91,-50.23,True,Active,hafsa,None,Normal,2: Standing / idle
1790412503.521482,16501,Person 8,-1277.3,1042.1,0.0,1653.74,-49.95,True,Active,hafsa,None,Normal,2: Standing / idle
1790412503.5925906,16502,Person 8,-1276.0,1044.9,0.0,1652.85,-49.88,True,Active,hafsa,None,Normal,2: Standing / idle
1790412503.6883805,16503,Person 8,-1274.1,1048.1,0.0,1653.91,-49.73,True,Active,hafsa,None,Normal,2: Standing / idle
1790412503.7673478,16504,Person 8,-1271.7,1052.2,0.0,1656.7,-49.41,True,Active,hafsa,None,Normal,2: Standing / idle
1790412503.8677359,16505,Person 8,-1268.8,1057.1,0.0,1658.03,-49.04,True,Active,hafsa,None,Normal,2: Standing / idle
1790412503.9436746,16506,Person 8,-1265.4,1063.0,0.0,1660.19,-48.69,True,Active,hafsa,None,Normal,2: Standing / idle
1790412504.030386,16507,Person 8,-1261.5,1070.0,0.0,1662.4,-48.34,True,Active,hafsa,None,Normal,2: Standing / idle
1790412504.1174932,16508,Person 8,-1257.2,1078.0,0.0,1666.02,-47.94,True,Active,hafsa,None,Normal,2: Standing / idle
1790412504.2463825,16509,Person 8,-1252.9,1086.2,0.0,1669.04,-47.57,True,Active,hafsa,None,Normal,2: Standing / idle
1790412504.3245459,16510,Person 8,-1249.0,1093.8,0.0,1671.62,-47.38,True,Active,hafsa,None,Normal,2: Standing / idle
1790412504.402695,16511,Person 8,-1245.5,1100.3,0.0,1670.33,-47.47,True,Active,hafsa,None,Normal,2: Standing / idle
1790412504.47849,16512,Person 8,-1242.5,1106.1,0.0,1668.5,-47.7,True,Active,hafsa,None,Normal,2: Standing / idle
1790412504.5700955,16513,Person 8,-1240.8,1109.2,0.0,1661.33,-48.54,True,Active,hafsa,None,Normal,2: Standing / idle
1790412504.6791406,16514,Person 8,-1240.6,1109.4,0.0,1656.48,-49.31,True,Active,hafsa,None,Normal,2: Standing / idle
1790412504.7678494,16515,Person 8,-1242.0,1107.2,0.0,1654.38,-49.93,True,Active,hafsa,None,Normal,2: Standing / idle
1790412504.8581996,16516,Person 8,-1244.9,1103.0,0.0,1655.02,-50.44,True,Active,hafsa,None,Normal,2: Standing / idle
1790412504.9561393,16517,Person 8,-1249.7,1097.4,0.0,1662.68,-50.88,True,Active,hafsa,None,Normal,2: Standing / idle
1790412505.0195765,16518,Person 8,-1256.1,1091.0,0.0,1673.11,-51.04,True,Active,hafsa,None,Normal,2: Standing / idle
1790412505.104751,16519,Person 8,-1264.1,1083.1,0.0,1678.56,-51.41,True,Active,hafsa,None,Normal,2: Standing / idle
1790412505.2048159,16520,Person 8,-1272.4,1074.0,0.0,1675.6,-51.59,True,Active,hafsa,None,Normal,2: Standing / idle
1790412505.28615,16521,Person 8,-1280.2,1065.7,0.0,1675.59,-51.37,True,Active,hafsa,None,Normal,2: Standing / idle
1790412505.369972,16522,Person 8,-1287.4,1058.4,0.0,1675.75,-51.2,True,Active,hafsa,None,Normal,2: Standing / idle
1790412505.481316,16523,Person 8,-1292.9,1054.3,0.0,1676.75,-50.83,True,Active,hafsa,None,Normal,2: Standing / idle
1790412505.5905848,16524,Person 8,-1296.1,1053.5,0.0,1675.75,-50.23,True,Active,hafsa,None,Normal,2: Standing / idle
1790412505.6872752,16525,Person 8,-1297.0,1055.4,0.0,1673.52,-49.63,True,Active,hafsa,None,Normal,2: Standing / idle
1790412505.7779474,16526,Person 8,-1296.7,1058.5,0.0,1672.65,-49.56,True,Active,hafsa,None,Normal,2: Standing / idle
1790412505.8475702,16527,Person 8,-1294.8,1061.5,0.0,1667.24,-49.67,True,Active,hafsa,None,Normal,2: Standing / idle
1790412505.9091394,16528,Person 8,-1291.7,1063.7,0.0,1663.24,-49.78,True,Active,hafsa,None,Normal,2: Standing / idle
1790412506.0094523,16529,Person 8,-1286.9,1066.8,0.0,1661.26,-49.54,True,Active,hafsa,None,Normal,2: Standing / idle
1790412506.0798392,16530,Person 8,-1281.3,1071.7,0.0,1663.78,-49.07,True,Active,hafsa,None,Normal,2: Standing / idle
1790412506.1626341,16531,Person 8,-1275.4,1077.5,0.0,1667.73,-48.55,True,Active,hafsa,None,Normal,2: Standing / idle
1790412506.2616048,16532,Person 8,-1269.4,1084.1,0.0,1672.71,-48.15,True,Active,hafsa,None,Normal,2: Standing / idle
1790412506.3406005,16533,Person 8,-1263.7,1090.8,0.0,1677.18,-47.83,True,Active,hafsa,None,Normal,2: Standing / idle
1790412506.4585283,16534,Person 8,-1258.8,1096.9,0.0,1678.93,-47.56,True,Active,hafsa,None,Normal,2: Standing / idle
1790412506.5476658,16535,Person 8,-1254.8,1102.5,0.0,1680.72,-47.29,True,Active,hafsa,None,Normal,2: Standing / idle
1790412506.621827,16536,Person 8,-1250.5,1109.0,0.0,1683.86,-46.93,True,Active,hafsa,None,Normal,2: Standing / idle
1790412506.6896806,16537,Person 8,-1245.8,1116.8,0.0,1684.29,-46.61,True,Active,hafsa,None,Normal,2: Standing / idle
1790412506.7831626,16538,Person 8,-1241.1,1125.3,0.0,1684.94,-46.54,True,Active,hafsa,None,Normal,2: Standing / idle
1790412506.8885272,16539,Person 8,-1237.1,1133.2,0.0,1684.29,-46.61,True,Active,hafsa,None,Normal,2: Standing / idle
1790412506.972055,16540,Person 8,-1234.2,1139.3,0.0,1683.09,-46.85,True,Active,hafsa,None,Normal,2: Standing / idle
1790412507.0696697,16541,Person 8,-1232.0,1143.1,0.0,1676.95,-47.08,True,Active,hafsa,None,Normal,2: Standing / idle
1790412507.1432588,16542,Person 8,-1230.3,1145.0,0.0,1672.92,-47.28,True,Active,hafsa,None,Normal,2: Standing / idle
1790412507.2292938,16543,Person 8,-1229.2,1145.0,0.0,1669.04,-47.57,True,Active,hafsa,None,Normal,2: Standing / idle
1790412507.3493323,16544,Person 8,-1228.7,1143.8,0.0,1667.15,-47.75,True,Active,hafsa,None,Normal,2: Standing / idle
1790412507.4177287,16545,Person 8,-1228.7,1141.7,0.0,1666.55,-47.82,True,Active,hafsa,None,Normal,2: Standing / idle
1790412507.499797,16546,Person 8,-1229.2,1138.7,0.0,1667.22,-47.8,True,Active,hafsa,None,Normal,2: Standing / idle
1790412507.5930188,16547,Person 8,-1230.3,1135.2,0.0,1668.56,-47.74,True,Active,hafsa,None,Normal,2: Standing / idle
1790412507.6759794,16548,Person 8,-1231.5,1131.7,0.0,1669.91,-47.69,True,Active,hafsa,None,Normal,2: Standing / idle
1790412507.7811146,16549,Person 8,-1232.6,1128.6,0.0,1671.26,-47.64,True,Active,hafsa,None,Normal,2: Standing / idle
1790412507.8553817,16550,Person 8,-1233.2,1126.3,0.0,1671.87,-47.57,True,Active,hafsa,None,Normal,2: Standing / idle
1790412507.9712243,16551,Person 8,-1233.7,1125.0,0.0,1671.8,-47.52,True,Active,hafsa,None,Normal,2: Standing / idle
1790412508.0591826,16552,Person 8,-1233.9,1124.6,0.0,1671.68,-47.42,True,Active,hafsa,None,Normal,2: Standing / idle
1790412508.1274347,16553,Person 8,-1233.4,1125.2,0.0,1669.42,-47.31,True,Active,hafsa,None,Normal,2: Standing / idle
1790412508.2256348,16554,Person 8,-1232.6,1126.5,0.0,1670.04,-47.23,True,Active,hafsa,None,Normal,2: Standing / idle
1790412508.3161051,16555,Person 8,-1231.7,1128.0,0.0,1670.04,-47.23,True,Active,hafsa,None,Normal,2: Standing / idle
1790412508.3960052,16556,Person 8,-1230.8,1129.4,0.0,1670.04,-47.23,True,Active,hafsa,None,Normal,2: Standing / idle
1790412508.4926069,16557,Person 8,-1229.8,1130.7,0.0,1669.99,-47.18,True,Active,hafsa,None,Normal,2: Standing / idle
1790412508.5667963,16558,Person 8,-1228.5,1132.1,0.0,1669.83,-47.04,True,Active,hafsa,None,Normal,2: Standing / idle
1790412508.6841576,16559,Person 8,-1226.5,1133.7,0.0,1667.45,-46.77,True,Active,hafsa,None,Normal,2: Standing / idle
1790412508.7959034,16560,Person 8,-1224.0,1135.2,0.0,1663.77,-46.61,True,Active,hafsa,None,Normal,2: Standing / idle
1790412508.859671,16561,Person 8,-1221.5,1136.1,0.0,1659.61,-46.71,True,Active,hafsa,None,Normal,2: Standing / idle
1790412508.9307492,16562,Person 8,-1219.3,1136.1,0.0,1655.55,-46.91,True,Active,hafsa,None,Normal,2: Standing / idle
1790412509.0155942,16563,Person 8,-1217.8,1135.1,0.0,1651.61,-47.21,True,Active,hafsa,None,Normal,2: Standing / idle
1790412509.139871,16564,Person 8,-1216.8,1132.9,0.0,1647.79,-47.56,True,Active,hafsa,None,Normal,2: Standing / idle
1790412509.2195358,16565,Person 8,-1216.0,1130.2,0.0,1645.9,-47.73,True,Active,hafsa,None,Normal,2: Standing / idle
1790412509.311872,16566,Person 8,-1215.4,1127.5,0.0,1647.38,-47.78,True,Active,hafsa,None,Normal,2: Standing / idle
1790412509.3884835,16567,Person 8,-1214.9,1125.3,0.0,1651.41,-47.63,True,Active,hafsa,None,Normal,2: Standing / idle
1790412509.4616084,16568,Person 8,-1214.1,1124.2,0.0,1656.48,-47.13,True,Active,hafsa,None,Normal,2: Standing / idle
1790412509.573802,16569,Person 8,-1213.1,1124.6,0.0,1662.93,-46.44,True,Active,hafsa,None,Normal,2: Standing / idle
1790412509.637236,16570,Person 8,-1212.2,1126.0,0.0,1666.93,-46.05,True,Active,hafsa,None,Normal,2: Standing / idle
1790412509.7301474,16571,Person 8,-1211.0,1128.7,0.0,1669.62,-45.75,True,Active,hafsa,None,Normal,2: Standing / idle
1790412509.8003755,16572,Person 8,-1209.2,1133.1,0.0,1673.05,-45.39,True,Active,hafsa,None,Normal,2: Standing / idle
1790412509.9401605,16573,Person 8,-1206.7,1139.4,0.0,1677.26,-45.05,True,Active,hafsa,None,Normal,2: Standing / idle
1790412510.015834,16574,Person 8,-1203.5,1147.2,0.0,1678.68,-44.86,True,Active,hafsa,None,Normal,2: Standing / idle
1790412510.1058204,16575,Person 8,-1199.9,1155.8,0.0,1679.4,-44.73,True,Active,hafsa,None,Normal,2: Standing / idle
1790412510.1942487,16576,Person 8,-1195.9,1164.9,0.0,1681.55,-44.57,True,Active,hafsa,None,Normal,2: Standing / idle
1790412510.2933967,16577,Person 8,-1191.7,1174.1,0.0,1685.14,-44.35,True,Active,hafsa,None,Normal,2: Standing / idle
1790412510.3513827,16578,Person 8,-1187.9,1182.5,0.0,1688.05,-44.16,True,Active,hafsa,None,Normal,2: Standing / idle
1790412510.452296,16579,Person 8,-1184.4,1190.1,0.0,1691.8,-43.75,True,Active,hafsa,None,Normal,2: Standing / idle
1790412510.5219269,16580,Person 8,-1180.8,1197.9,0.0,1697.09,-43.3,True,Active,hafsa,None,Normal,2: Standing / idle
1790412510.6148837,16581,Person 8,-1177.2,1206.0,0.0,1702.39,-42.95,True,Active,hafsa,None,Normal,2: Standing / idle
1790412510.7037013,16582,Person 8,-1174.2,1213.0,0.0,1702.34,-43.0,True,Active,hafsa,None,Normal,2: Standing / idle
1790412510.8062904,16583,Person 8,-1172.0,1218.4,0.0,1700.69,-43.24,True,Active,hafsa,None,Normal,2: Standing / idle
1790412510.88552,16584,Person 8,-1170.5,1222.6,0.0,1698.35,-43.5,True,Active,hafsa,None,Normal,2: Standing / idle
1790412510.9967134,16585,Person 8,-1169.7,1225.7,0.0,1696.01,-43.81,True,Active,hafsa,None,Normal,2: Standing / idle
1790412511.0736506,16586,Person 8,-1169.6,1227.7,0.0,1695.16,-44.07,True,Active,hafsa,None,Normal,2: Standing / idle
1790412511.153999,16587,Person 8,-1170.3,1228.4,0.0,1695.04,-44.35,True,Active,hafsa,None,Normal,2: Standing / idle
1790412511.2408237,16588,Person 8,-1171.7,1227.8,0.0,1693.55,-44.64,True,Active,hafsa,None,Normal,2: Standing / idle
1790412511.340317,16589,Person 8,-1174.0,1225.6,0.0,1692.11,-44.83,True,Active,hafsa,None,Normal,2: Standing / idle
1790412511.4208565,16590,Person 8,-1177.2,1221.8,0.0,1692.11,-44.98,True,Active,hafsa,None,Normal,2: Standing / idle
1790412511.5039446,16591,Person 8,-1181.2,1216.4,0.0,1691.41,-45.19,True,Active,hafsa,None,Normal,2: Standing / idle
1790412511.59425,16592,Person 8,-1185.4,1210.7,0.0,1690.73,-45.36,True,Active,hafsa,None,Normal,2: Standing / idle
1790412511.701784,16593,Person 8,-1189.4,1205.2,0.0,1689.34,-45.5,True,Active,hafsa,None,Normal,2: Standing / idle
1790412511.770523,16594,Person 8,-1193.2,1200.1,0.0,1688.67,-45.62,True,Active,hafsa,None,Normal,2: Standing / idle
1790412511.8809524,16595,Person 8,-1196.6,1195.6,0.0,1687.99,-45.7,True,Active,hafsa,None,Normal,2: Standing / idle
1790412511.9592686,16596,Person 8,-1199.6,1191.6,0.0,1688.01,-45.74,True,Active,hafsa,None,Normal,2: Standing / idle
1790412512.0478458,16597,Person 8,-1202.0,1188.2,0.0,1688.01,-45.74,True,Active,hafsa,None,Normal,2: Standing / idle
1790412512.1272378,16598,Person 8,-1203.7,1185.9,0.0,1689.37,-45.6,True,Active,hafsa,None,Normal,2: Standing / idle
1790412512.2484515,16599,Person 8,-1205.0,1184.7,0.0,1692.86,-45.43,True,Active,hafsa,None,Normal,2: Standing / idle
1790412512.3243096,16600,Person 8,-1206.1,1184.3,0.0,1697.09,-45.33,True,Active,hafsa,None,Normal,2: Standing / idle
1790412512.3967419,16601,Person 8,-1206.7,1184.7,0.0,1698.49,-45.24,True,Active,hafsa,None,Normal,2: Standing / idle
1790412512.4971757,16602,Person 8,-1206.9,1185.4,0.0,1697.07,-45.24,True,Active,hafsa,None,Normal,2: Standing / idle
1790412512.5804813,16603,Person 8,-1206.8,1186.2,0.0,1694.25,-45.29,True,Active,hafsa,None,Normal,2: Standing / idle
1790412512.672137,16604,Person 8,-1206.5,1187.6,0.0,1696.36,-45.21,True,Active,hafsa,None,Normal,2: Standing / idle
1790412512.7503464,16605,Person 8,-1206.2,1189.6,0.0,1699.89,-45.14,True,Active,hafsa,None,Normal,2: Standing / idle
1790412512.850623,16606,Person 8,-1205.9,1191.7,0.0,1700.6,-45.17,True,Active,hafsa,None,Normal,2: Standing / idle
1790412512.9387121,16607,Person 8,-1206.0,1193.4,0.0,1700.62,-45.36,True,Active,hafsa,None,Normal,2: Standing / idle
1790412513.0160902,16608,Person 8,-1206.5,1194.6,0.0,1701.35,-45.43,True,Active,hafsa,None,Normal,2: Standing / idle
1790412513.1070678,16609,Person 8,-1207.3,1195.1,0.0,1702.07,-45.5,True,Active,hafsa,None,Normal,2: Standing / idle
1790412513.2115703,16610,Person 8,-1208.2,1195.0,0.0,1702.8,-45.57,True,Active,hafsa,None,Normal,2: Standing / idle
1790412513.2994194,16611,Person 8,-1209.4,1194.4,0.0,1702.83,-45.67,True,Active,hafsa,None,Normal,2: Standing / idle
1790412513.3748176,16612,Person 8,-1210.6,1193.7,0.0,1700.72,-45.69,True,Active,hafsa,None,Normal,2: Standing / idle
1790412513.46219,16613,Person 8,-1211.8,1192.8,0.0,1696.51,-45.79,True,Active,hafsa,None,Normal,2: Standing / idle
1790412513.6156342,16614,Person 8,-1212.7,1191.4,0.0,1692.96,-45.77,True,Active,hafsa,None,Normal,2: Standing / idle
1790412513.7385285,16615,Person 8,-1213.1,1190.2,0.0,1694.3,-45.53,True,Active,hafsa,None,Normal,2: Standing / idle
1790412513.837063,16616,Person 8,-1212.9,1189.8,0.0,1696.36,-45.21,True,Active,hafsa,None,Normal,2: Standing / idle
1790412513.8982313,16617,Person 8,-1212.2,1190.4,0.0,1699.89,-45.05,True,Active,hafsa,None,Normal,2: Standing / idle
1790412513.9775941,16618,Person 8,-1211.2,1191.7,0.0,1703.42,-44.88,True,Active,hafsa,None,Normal,2: Standing / idle
1790412514.077091,16619,Person 8,-1209.9,1193.7,0.0,1706.98,-44.72,True,Active,hafsa,None,Normal,2: Standing / idle
1790412514.186444,16620,Person 8,-1208.3,1196.4,0.0,1710.54,-44.55,True,Active,hafsa,None,Normal,2: Standing / idle
1790412514.2622283,16621,Person 8,-1206.4,1199.7,0.0,1712.7,-44.43,True,Active,hafsa,None,Normal,2: Standing / idle
1790412514.3453426,16622,Person 8,-1204.6,1203.4,0.0,1714.13,-44.39,True,Active,hafsa,None,Normal,2: Standing / idle
1790412514.408788,16623,Person 8,-1202.9,1207.2,0.0,1711.27,-44.48,True,Active,hafsa,None,Normal,2: Standing / idle
1790412514.5078533,16624,Person 8,-1201.6,1210.6,0.0,1707.7,-44.64,True,Active,hafsa,None,Normal,2: Standing / idle
1790412514.5864365,16625,Person 8,-1200.7,1212.8,0.0,1703.43,-44.79,True,Active,hafsa,None,Normal,2: Standing / idle
1790412514.6725695,16626,Person 8,-1200.4,1213.7,0.0,1700.59,-44.93,True,Active,hafsa,None,Normal,2: Standing / idle
1790412514.733037,16627,Person 8,-1200.2,1213.4,0.0,1696.35,-45.07,True,Active,hafsa,None,Normal,2: Standing / idle
1790412514.808886,16628,Person 8,-1200.4,1212.3,0.0,1697.07,-45.19,True,Active,hafsa,None,Normal,2: Standing / idle
1790412514.896249,16629,Person 8,-1201.0,1210.3,0.0,1697.09,-45.33,True,Active,hafsa,None,Normal,2: Standing / idle
1790412515.004725,16630,Person 8,-1202.1,1207.4,0.0,1697.83,-45.5,True,Active,hafsa,None,Normal,2: Standing / idle
1790412515.0899858,16631,Person 8,-1203.3,1204.3,0.0,1699.23,-45.45,True,Active,hafsa,None,Normal,2: Standing / idle
1790412515.185788,16632,Person 8,-1204.3,1201.5,0.0,1701.32,-45.29,True,Active,hafsa,None,Normal,2: Standing / idle
1790412515.2681024,16633,Person 8,-1204.9,1199.7,0.0,1702.71,-45.05,True,Active,hafsa,None,Normal,2: Standing / idle
1790412515.357681,16634,Person 8,-1204.9,1199.3,0.0,1704.85,-44.74,True,Active,hafsa,None,Normal,2: Standing / idle
1790412515.4447663,16635,Person 8,-1203.6,1201.2,0.0,1707.91,-44.03,True,Active,hafsa,None,Normal,2: Standing / idle
1790412515.5540543,16636,Person 8,-1201.6,1203.8,0.0,1705.19,-43.84,True,Active,hafsa,None,Normal,2: Standing / idle
1790412515.6350126,16637,Person 8,-1199.5,1206.9,0.0,1703.77,-43.83,True,Active,hafsa,None,Normal,2: Standing / idle
1790412515.7137194,16638,Person 8,-1197.0,1210.1,0.0,1702.36,-43.83,True,Active,hafsa,None,Normal,2: Standing / idle
1790412515.7793543,16639,Person 8,-1194.2,1213.7,0.0,1703.08,-43.81,True,Active,hafsa,None,Normal,2: Standing / idle
1790412515.8932009,16640,Person 8,-1191.3,1217.3,0.0,1703.0,-43.95,True,Active,hafsa,None,Normal,2: Standing / idle
1790412515.9777474,16641,Person 8,-1188.7,1220.4,0.0,1702.93,-44.1,True,Active,hafsa,None,Normal,2: Standing / idle
1790412516.0566552,16642,Person 8,-1186.6,1222.7,0.0,1702.86,-44.24,True,Active,hafsa,None,Normal,2: Standing / idle
1790412516.1302755,16643,Person 8,-1185.3,1224.1,0.0,1703.51,-44.41,True,Active,hafsa,None,Normal,2: Standing / idle
1790412516.2571368,16644,Person 8,-1184.5,1225.0,0.0,1705.66,-44.33,True,Active,hafsa,None,Normal,2: Standing / idle
1790412516.3441095,16645,Person 8,-1184.9,1224.3,0.0,1705.67,-44.29,True,Active,hafsa,None,Normal,2: Standing / idle
1790412516.4090319,16646,Person 8,-1185.9,1223.0,0.0,1702.81,-44.38,True,Active,hafsa,None,Normal,2: Standing / idle
1790412516.4858165,16647,Person 8,-1187.0,1221.7,0.0,1702.1,-44.4,True,Active,hafsa,None,Normal,2: Standing / idle
1790412516.5836475,16648,Person 8,-1188.1,1220.7,0.0,1702.83,-44.33,True,Active,hafsa,None,Normal,2: Standing / idle
1790412516.69265,16649,Person 8,-1189.0,1219.9,0.0,1703.58,-44.22,True,Active,hafsa,None,Normal,2: Standing / idle
1790412516.7647555,16650,Person 8,-1189.3,1219.9,0.0,1705.08,-44.03,True,Active,hafsa,None,Normal,2: Standing / idle
1790412516.8420026,16651,Person 8,-1188.8,1220.9,0.0,1706.66,-43.74,True,Active,hafsa,None,Normal,2: Standing / idle
1790412516.9337962,16652,Person 8,-1186.8,1223.3,0.0,1706.39,-43.2,True,Active,hafsa,None,Normal,2: Standing / idle
1790412517.0209293,16653,Person 8,-1183.0,1226.9,0.0,1703.45,-42.64,True,Active,hafsa,None,Normal,2: Standing / idle
1790412517.1382449,16654,Person 8,-1178.7,1230.5,0.0,1702.27,-42.45,True,Active,hafsa,None,Normal,2: Standing / idle
1790412517.2255285,16655,Person 8,-1174.1,1234.3,0.0,1701.79,-42.29,True,Active,hafsa,None,Normal,2: Standing / idle
1790412517.308602,16656,Person 8,-1169.1,1238.7,0.0,1700.59,-42.14,True,Active,hafsa,None,Normal,2: Standing / idle
1790412517.408924,16657,Person 8,-1163.7,1243.5,0.0,1700.14,-41.97,True,Active,hafsa,None,Normal,2: Standing / idle
1790412517.4754794,16658,Person 8,-1158.0,1248.3,0.0,1698.95,-41.83,True,Active,hafsa,None,Normal,2: Standing / idle
1790412517.569279,16659,Person 8,-1152.3,1252.2,0.0,1693.15,-41.91,True,Active,hafsa,None,Normal,2: Standing / idle
1790412517.6527278,16660,Person 8,-1146.8,1254.7,0.0,1685.79,-42.09,True,Active,hafsa,None,Normal,2: Standing / idle
1790412517.7538376,16661,Person 8,-1141.8,1255.6,0.0,1679.13,-42.3,True,Active,hafsa,None,Normal,2: Standing / idle
1790412517.843644,16662,Person 8,-1137.9,1254.5,0.0,1671.8,-42.48,True,Active,hafsa,None,Normal,2: Standing / idle
1790412517.9138043,16663,Person 8,-1135.3,1251.7,0.0,1665.24,-42.64,True,Active,hafsa,None,Normal,2: Standing / idle
1790412518.0149186,16664,Person 8,-1133.1,1247.8,0.0,1658.68,-42.8,True,Active,hafsa,None,Normal,2: Standing / idle
1790412518.0928285,16665,Person 8,-1131.6,1243.4,0.0,1659.25,-42.92,True,Active,hafsa,None,Normal,2: Standing / idle
1790412518.2016325,16666,Person 8,-1130.6,1239.1,0.0,1662.13,-42.88,True,Active,hafsa,None,Normal,2: Standing / idle
1790412518.2875683,16667,Person 8,-1130.1,1235.1,0.0,1667.21,-42.76,True,Active,hafsa,None,Normal,2: Standing / idle
1790412518.3727505,16668,Person 8,-1129.9,1231.6,0.0,1671.68,-42.58,True,Active,hafsa,None,Normal,2: Standing / idle
1790412518.4608052,16669,Person 8,-1129.9,1229.1,0.0,1674.63,-42.48,True,Active,hafsa,None,Normal,2: Standing / idle
1790412518.5516348,16670,Person 8,-1130.3,1227.6,0.0,1677.39,-42.54,True,Active,hafsa,None,Normal,2: Standing / idle
1790412518.6451185,16671,Person 8,-1130.9,1227.0,0.0,1678.75,-42.59,True,Active,hafsa,None,Normal,2: Standing / idle
1790412518.7155125,16672,Person 8,-1131.9,1227.3,0.0,1680.78,-42.66,True,Active,hafsa,None,Normal,2: Standing / idle
1790412518.8138359,16673,Person 8,-1133.2,1228.3,0.0,1681.4,-42.73,True,Active,hafsa,None,Normal,2: Standing / idle
1790412518.9040868,16674,Person 8,-1134.9,1229.9,0.0,1681.97,-42.86,True,Active,hafsa,None,Normal,2: Standing / idle
1790412518.984829,16675,Person 8,-1136.5,1231.5,0.0,1681.87,-42.95,True,Active,hafsa,None,Normal,2: Standing / idle
1790412519.0718195,16676,Person 8,-1138.2,1232.5,0.0,1681.04,-43.07,True,Active,hafsa,None,Normal,2: Standing / idle
1790412519.1635716,16677,Person 8,-1140.5,1232.4,0.0,1682.19,-43.36,True,Active,hafsa,None,Normal,2: Standing / idle
1790412519.246751,16678,Person 8,-1143.4,1231.3,0.0,1683.45,-43.56,True,Active,hafsa,None,Normal,2: Standing / idle
1790412519.3575685,16679,Person 8,-1146.5,1229.6,0.0,1683.38,-43.65,True,Active,hafsa,None,Normal,2: Standing / idle
1790412519.4324448,16680,Person 8,-1149.3,1227.9,0.0,1684.1,-43.63,True,Active,hafsa,None,Normal,2: Standing / idle
1790412519.5215178,16681,Person 8,-1151.5,1226.9,0.0,1686.43,-43.37,True,Active,hafsa,None,Normal,2: Standing / idle
1790412519.6026158,16682,Person 8,-1153.0,1226.7,0.0,1689.52,-43.08,True,Active,hafsa,None,Normal,2: Standing / idle
1790412519.6920946,16683,Person 8,-1154.2,1227.1,0.0,1692.49,-42.94,True,Active,hafsa,None,Normal,2: Standing / idle
1790412519.824275,16684,Person 8,-1155.1,1228.1,0.0,1695.42,-42.85,True,Active,hafsa,None,Normal,2: Standing / idle
1790412519.90407,16685,Person 8,-1156.0,1229.5,0.0,1698.25,-42.85,True,Active,hafsa,None,Normal,2: Standing / idle
1790412520.003356,16686,Person 8,-1156.8,1231.2,0.0,1698.93,-42.88,True,Active,hafsa,None,Normal,2: Standing / idle
1790412520.0838273,16687,Person 8,-1157.1,1233.2,0.0,1698.83,-42.97,True,Active,hafsa,None,Normal,2: Standing / idle
1790412520.1535614,16688,Person 8,-1157.2,1235.1,0.0,1697.95,-43.14,True,Active,hafsa,None,Normal,2: Standing / idle
1790412520.2387128,16689,Person 8,-1157.4,1236.6,0.0,1695.64,-43.35,True,Active,hafsa,None,Normal,2: Standing / idle
1790412520.3218799,16690,Person 8,-1158.1,1237.0,0.0,1691.83,-43.71,True,Active,hafsa,None,Normal,2: Standing / idle
1790412520.4278479,16691,Person 8,-1159.8,1235.6,0.0,1688.07,-44.11,True,Active,hafsa,None,Normal,2: Standing / idle
1790412520.4995632,16692,Person 8,-1162.7,1232.1,0.0,1684.37,-44.62,True,Active,hafsa,None,Normal,2: Standing / idle
1790412520.5780444,16693,Person 8,-1166.1,1227.6,0.0,1683.63,-44.83,True,Active,hafsa,None,Normal,2: Standing / idle
1790412520.6927493,16694,Person 8,-1169.7,1222.7,0.0,1685.04,-44.88,True,Active,hafsa,None,Normal,2: Standing / idle
1790412520.7622075,16695,Person 8,-1173.1,1218.0,0.0,1687.88,-44.78,True,Active,hafsa,None,Normal,2: Standing / idle
1790412520.8634844,16696,Person 8,-1176.3,1214.0,0.0,1692.15,-44.59,True,Active,hafsa,None,Normal,2: Standing / idle
1790412520.9386575,16697,Person 8,-1179.3,1210.2,0.0,1692.15,-44.59,True,Active,hafsa,None,Normal,2: Standing / idle
1790412521.0607526,16698,Person 8,-1181.9,1206.8,0.0,1691.45,-44.57,True,Active,hafsa,None,Normal,2: Standing / idle
1790412521.1190772,16699,Person 8,-1184.3,1203.8,0.0,1690.73,-44.64,True,Active,hafsa,None,Normal,2: Standing / idle
1790412521.2057085,16700,Person 8,-1186.1,1201.8,0.0,1690.02,-44.62,True,Active,hafsa,None,Normal,2: Standing / idle
1790412521.3037286,16701,Person 8,-1187.2,1201.0,0.0,1690.03,-44.57,True,Active,hafsa,None,Normal,2: Standing / idle
1790412521.3904197,16702,Person 8,-1187.4,1201.7,0.0,1690.76,-44.5,True,Active,hafsa,None,Normal,2: Standing / idle
1790412521.469873,16703,Person 8,-1187.3,1202.8,0.0,1690.75,-44.54,True,Active,hafsa,None,Normal,2: Standing / idle
1790412521.571601,16704,Person 8,-1187.1,1204.0,0.0,1692.16,-44.55,True,Active,hafsa,None,Normal,2: Standing / idle
1790412521.658853,16705,Person 8,-1187.1,1204.8,0.0,1693.56,-44.59,True,Active,hafsa,None,Normal,2: Standing / idle
1790412521.7473485,16706,Person 8,-1187.2,1204.9,0.0,1693.56,-44.59,True,Active,hafsa,None,Normal,2: Standing / idle
1790412521.828285,16707,Person 8,-1187.4,1204.9,0.0,1693.55,-44.64,True,Active,hafsa,None,Normal,2: Standing / idle
1790412521.9390454,16708,Person 8,-1187.7,1204.8,0.0,1692.84,-44.66,True,Active,hafsa,None,Normal,2: Standing / idle
1790412522.005693,16709,Person 8,-1187.8,1204.9,0.0,1692.14,-44.64,True,Active,hafsa,None,Normal,2: Standing / idle
1790412522.124636,16710,Person 8,-1187.8,1205.3,0.0,1692.87,-44.52,True,Active,hafsa,None,Normal,2: Standing / idle
1790412522.1990175,16711,Person 8,-1187.6,1205.9,0.0,1692.91,-44.38,True,Active,hafsa,None,Normal,2: Standing / idle
1790412522.2969737,16712,Person 8,-1187.5,1206.2,0.0,1692.2,-44.4,True,Active,hafsa,None,Normal,2: Standing / idle
1790412522.3741515,16713,Person 8,-1187.4,1206.5,0.0,1692.18,-44.45,True,Active,hafsa,None,Normal,2: Standing / idle
1790412522.4561005,16714,Person 8,-1187.2,1206.8,0.0,1692.9,-44.43,True,Active,hafsa,None,Normal,2: Standing / idle
1790412522.5507317,16715,Person 8,-1186.5,1207.6,0.0,1694.38,-44.23,True,Active,hafsa,None,Normal,2: Standing / idle
1790412522.6311724,16716,Person 8,-1185.4,1209.0,0.0,1695.9,-44.0,True,Active,hafsa,None,Normal,2: Standing / idle
1790412522.7246726,16717,Person 8,-1183.8,1211.1,0.0,1697.45,-43.76,True,Active,hafsa,None,Normal,2: Standing / idle
1790412522.8045387,16718,Person 8,-1181.6,1214.2,0.0,1699.84,-43.4,True,Active,hafsa,None,Normal,2: Standing / idle
1790412522.9136996,16719,Person 8,-1178.9,1218.1,0.0,1701.56,-43.07,True,Active,hafsa,None,Normal,2: Standing / idle
1790412523.0025709,16720,Person 8,-1175.9,1222.6,0.0,1704.74,-42.74,True,Active,hafsa,None,Normal,2: Standing / idle
1790412523.1188493,16721,Person 8,-1172.6,1227.6,0.0,1706.58,-42.41,True,Active,hafsa,None,Normal,2: Standing / idle
1790412523.1838143,16722,Person 8,-1169.1,1233.0,0.0,1707.45,-42.29,True,Active,hafsa,None,Normal,2: Standing / idle
1790412523.2533357,16723,Person 8,-1165.6,1238.3,0.0,1706.64,-42.36,True,Active,hafsa,None,Normal,2: Standing / idle
1790412523.3819458,16724,Person 8,-1162.3,1243.1,0.0,1705.04,-42.5,True,Active,hafsa,None,Normal,2: Standing / idle
1790412523.461842,16725,Person 8,-1159.5,1246.9,0.0,1702.71,-42.67,True,Active,hafsa,None,Normal,2: Standing / idle
1790412523.5594573,16726,Person 8,-1157.3,1249.7,0.0,1701.13,-42.81,True,Active,hafsa,None,Normal,2: Standing / idle
1790412523.6238077,16727,Person 8,-1155.7,1251.7,0.0,1701.02,-42.9,True,Active,hafsa,None,Normal,2: Standing / idle
1790412523.6970196,16728,Person 8,-1154.8,1252.5,0.0,1699.51,-43.0,True,Active,hafsa,None,Normal,2: Standing / idle
1790412523.7939844,16729,Person 8,-1154.5,1252.2,0.0,1697.32,-43.07,True,Active,hafsa,None,Normal,2: Standing / idle
1790412523.8876042,16730,Person 8,-1154.8,1250.6,0.0,1695.08,-43.18,True,Active,hafsa,None,Normal,2: Standing / idle
1790412523.9645727,16731,Person 8,-1155.6,1247.8,0.0,1691.48,-43.25,True,Active,hafsa,None,Normal,2: Standing / idle
1790412524.0532215,16732,Person 8,-1157.2,1244.5,0.0,1694.14,-43.45,True,Active,hafsa,None,Normal,2: Standing / idle
1790412524.1670732,16733,Person 8,-1159.8,1241.5,0.0,1702.45,-43.69,True,Active,hafsa,None,Normal,2: Standing / idle
1790412524.25582,16734,Person 8,-1163.3,1239.0,0.0,1710.79,-43.93,True,Active,hafsa,None,Normal,2: Standing / idle
1790412524.3293746,16735,Person 8,-1166.8,1236.2,0.0,1706.43,-44.17,True,Active,hafsa,None,Normal,2: Standing / idle
1790412524.3993905,16736,Person 8,-1169.9,1232.9,0.0,1698.59,-44.33,True,Active,hafsa,None,Normal,2: Standing / idle
1790412524.4894102,16737,Person 8,-1172.5,1229.1,0.0,1691.48,-44.43,True,Active,hafsa,None,Normal,2: Standing / idle
1790412524.6069663,16738,Person 8,-1174.9,1225.1,0.0,1687.22,-44.52,True,Active,hafsa,None,Normal,2: Standing / idle
1790412524.6951764,16739,Person 8,-1177.4,1221.1,0.0,1685.78,-44.62,True,Active,hafsa,None,Normal,2: Standing / idle
1790412524.788477,16740,Person 8,-1179.9,1217.5,0.0,1686.48,-44.64,True,Active,hafsa,None,Normal,2: Standing / idle
1790412524.8896513,16741,Person 8,-1182.6,1214.5,0.0,1688.61,-44.62,True,Active,hafsa,None,Normal,2: Standing / idle
1790412524.9703186,16742,Person 8,-1184.9,1211.9,0.0,1691.44,-44.62,True,Active,hafsa,None,Normal,2: Standing / idle
1790412525.04228,16743,Person 8,-1186.2,1209.4,0.0,1693.56,-44.59,True,Active,hafsa,None,Normal,2: Standing / idle
1790412525.135824,16744,Person 8,-1186.5,1207.1,0.0,1696.4,-44.55,True,Active,hafsa,None,Normal,2: Standing / idle
1790412525.223142,16745,Person 8,-1186.7,1205.9,0.0,1699.24,-44.5,True,Active,hafsa,None,Normal,2: Standing / idle
1790412525.308352,16746,Person 8,-1187.0,1206.1,0.0,1702.11,-44.36,True,Active,hafsa,None,Normal,2: Standing / idle
1790412525.3873653,16747,Person 8,-1187.7,1207.1,0.0,1703.53,-44.36,True,Active,hafsa,None,Normal,2: Standing / idle
1790412525.4745731,16748,Person 8,-1188.7,1208.3,0.0,1702.78,-44.48,True,Active,hafsa,None,Normal,2: Standing / idle
1790412525.5756245,16749,Person 8,-1189.9,1209.3,0.0,1701.33,-44.67,True,Active,hafsa,None,Normal,2: Standing / idle
1790412525.6665528,16750,Person 8,-1191.2,1210.1,0.0,1701.31,-44.76,True,Active,hafsa,None,Normal,2: Standing / idle
1790412525.7630498,16751,Person 8,-1192.4,1210.8,0.0,1702.02,-44.74,True,Active,hafsa,None,Normal,2: Standing / idle
1790412525.8467593,16752,Person 8,-1193.3,1211.7,0.0,1704.16,-44.62,True,Active,hafsa,None,Normal,2: Standing / idle
1790412525.9341683,16753,Person 8,-1193.8,1213.0,0.0,1706.34,-44.41,True,Active,hafsa,None,Normal,2: Standing / idle
1790412526.0234826,16754,Person 8,-1194.1,1214.3,0.0,1707.79,-44.31,True,Active,hafsa,None,Normal,2: Standing / idle
1790412526.1027293,16755,Person 8,-1194.2,1215.5,0.0,1708.52,-44.24,True,Active,hafsa,None,Normal,2: Standing / idle
1790412526.205213,16756,Person 8,-1194.3,1216.7,0.0,1711.41,-44.1,True,Active,hafsa,None,Normal,2: Standing / idle
1790412526.288685,16757,Person 8,-1194.4,1217.9,0.0,1712.82,-44.1,True,Active,hafsa,None,Normal,2: Standing / idle
1790412526.362863,16758,Person 8,-1194.5,1219.3,0.0,1713.5,-44.17,True,Active,hafsa,None,Normal,2: Standing / idle
1790412526.4978106,16759,Person 8,-1194.6,1221.1,0.0,1714.87,-44.27,True,Active,hafsa,None,Normal,2: Standing / idle
1790412526.5559242,16760,Person 8,-1194.6,1223.4,0.0,1717.72,-44.22,True,Active,hafsa,None,Normal,2: Standing / idle
1790412526.649451,16761,Person 8,-1194.8,1225.5,0.0,1718.4,-44.29,True,Active,hafsa,None,Normal,2: Standing / idle
1790412526.7381296,16762,Person 8,-1195.2,1227.1,0.0,1718.38,-44.34,True,Active,hafsa,None,Normal,2: Standing / idle
1790412526.8099616,16763,Person 8,-1196.2,1228.4,0.0,1722.63,-44.34,True,Active,hafsa,None,Normal,2: Standing / idle
1790412526.9261103,16764,Person 8,-1197.6,1229.9,0.0,1728.3,-44.3,True,Active,hafsa,None,Normal,2: Standing / idle
1790412526.9974592,16765,Person 8,-1199.4,1231.6,0.0,1733.26,-44.28,True,Active,hafsa,None,Normal,2: Standing / idle
1790412527.0845451,16766,Person 8,-1201.7,1232.6,0.0,1734.62,-44.42,True,Active,hafsa,None,Normal,2: Standing / idle
1790412527.1945264,16767,Person 8,-1204.0,1233.0,0.0,1731.76,-44.56,True,Active,hafsa,None,Normal,2: Standing / idle
1790412527.2827113,16768,Person 8,-1206.3,1232.7,0.0,1727.47,-44.79,True,Active,hafsa,None,Normal,2: Standing / idle
1790412527.3707316,16769,Person 8,-1208.7,1231.5,0.0,1723.22,-45.12,True,Active,hafsa,None,Normal,2: Standing / idle
1790412527.443698,16770,Person 8,-1211.4,1229.0,0.0,1719.03,-45.45,True,Active,hafsa,None,Normal,2: Standing / idle
1790412527.5286202,16771,Person 8,-1214.7,1224.5,0.0,1710.12,-46.14,True,Active,hafsa,None,Normal,2: Standing / idle
1790412527.627347,16772,Person 8,-1218.0,1219.8,0.0,1708.77,-46.23,True,Active,hafsa,None,Normal,2: Standing / idle
1790412527.7024553,16773,Person 8,-1221.0,1215.1,0.0,1710.84,-46.16,True,Active,hafsa,None,Normal,2: Standing / idle
1790412527.8028357,16774,Person 8,-1223.6,1210.4,0.0,1713.59,-46.02,True,Active,hafsa,None,Normal,2: Standing / idle
1790412527.895675,16775,Person 8,-1225.9,1205.7,0.0,1716.37,-45.92,True,Active,hafsa,None,Normal,2: Standing / idle
1790412527.9799037,16776,Person 8,-1227.8,1201.6,0.0,1719.15,-45.82,True,Active,hafsa,None,Normal,2: Standing / idle
1790412528.0779424,16777,Person 8,-1229.2,1198.5,0.0,1719.78,-45.61,True,Active,hafsa,None,Normal,2: Standing / idle
1790412528.1470876,16778,Person 8,-1230.1,1196.3,0.0,1718.34,-45.52,True,Active,hafsa,None,Normal,2: Standing / idle
1790412528.2778912,16779,Person 8,-1230.4,1195.1,0.0,1716.91,-45.47,True,Active,hafsa,None,Normal,2: Standing / idle
1790412528.3680038,16780,Person 8,-1230.2,1194.8,0.0,1715.5,-45.47,True,Active,hafsa,None,Normal,2: Standing / idle
1790412528.4372764,16781,Person 8,-1229.4,1196.5,0.0,1716.23,-45.54,True,Active,hafsa,None,Normal,2: Standing / idle
1790412528.5111089,16782,Person 8,-1228.5,1198.9,0.0,1719.03,-45.45,True,Active,hafsa,None,Normal,2: Standing / idle
1790412528.592438,16783,Person 8,-1227.6,1201.4,0.0,1721.84,-45.35,True,Active,hafsa,None,Normal,2: Standing / idle
1790412528.719872,16784,Person 8,-1226.6,1203.5,0.0,1721.12,-45.28,True,Active,hafsa,None,Normal,2: Standing / idle
1790412528.78292,16785,Person 8,-1225.4,1205.2,0.0,1719.7,-45.24,True,Active,hafsa,None,Normal,2: Standing / idle
1790412528.8736773,16786,Person 8,-1223.9,1206.7,0.0,1718.98,-45.12,True,Active,hafsa,None,Normal,2: Standing / idle
1790412528.9824522,16787,Person 8,-1222.5,1207.7,0.0,1716.86,-45.05,True,Active,hafsa,None,Normal,2: Standing / idle
1790412529.0575001,16788,Person 8,-1221.2,1208.6,0.0,1715.44,-45.0,True,Active,hafsa,None,Normal,2: Standing / idle
1790412529.142773,16789,Person 8,-1219.8,1209.5,0.0,1713.32,-44.93,True,Active,hafsa,None,Normal,2: Standing / idle
1790412529.2330945,16790,Person 8,-1218.0,1210.9,0.0,1712.63,-44.72,True,Active,hafsa,None,Normal,2: Standing / idle
1790412529.3068023,16791,Person 8,-1215.3,1213.1,0.0,1712.71,-44.38,True,Active,hafsa,None,Normal,2: Standing / idle
1790412529.3896534,16792,Person 8,-1211.9,1215.5,0.0,1712.13,-44.08,True,Active,hafsa,None,Normal,2: Standing / idle
1790412529.500706,16793,Person 8,-1208.4,1217.7,0.0,1712.87,-44.01,True,Active,hafsa,None,Normal,2: Standing / idle
1790412529.6073234,16794,Person 8,-1205.7,1219.8,0.0,1717.04,-44.15,True,Active,hafsa,None,Normal,2: Standing / idle
1790412529.670446,16795,Person 8,-1203.8,1221.8,0.0,1720.51,-44.32,True,Active,hafsa,None,Normal,2: Standing / idle
1790412529.7556958,16796,Person 8,-1202.6,1223.7,0.0,1724.02,-44.39,True,Active,hafsa,None,Normal,2: Standing / idle
1790412529.8465605,16797,Person 8,-1202.0,1225.3,0.0,1723.98,-44.53,True,Active,hafsa,None,Normal,2: Standing / idle
1790412529.9224982,16798,Person 8,-1201.6,1226.3,0.0,1719.71,-44.67,True,Active,hafsa,None,Normal,2: Standing / idle
1790412530.0552626,16799,Person 8,-1201.7,1226.6,0.0,1716.15,-44.88,True,Active,hafsa,None,Normal,2: Standing / idle
1790412530.1334877,16800,Person 8,-1202.7,1225.3,0.0,1710.51,-45.26,True,Active,hafsa,None,Normal,2: Standing / idle
1790412530.2188716,16801,Person 8,-1204.9,1221.9,0.0,1704.26,-45.71,True,Active,hafsa,None,Normal,2: Standing / idle
1790412530.2775452,16802,Person 8,-1208.3,1216.5,0.0,1698.12,-46.17,True,Active,hafsa,None,Normal,2: Standing / idle
1790412530.369498,16803,Person 8,-1212.3,1209.6,0.0,1692.77,-46.6,True,Active,hafsa,None,Normal,2: Standing / idle
1790412530.4881399,16804,Person 8,-1216.0,1202.0,0.0,1690.16,-46.85,True,Active,hafsa,None,Normal,2: Standing / idle
1790412530.5800729,16805,Person 8,-1219.3,1194.4,0.0,1690.93,-46.92,True,Active,hafsa,None,Normal,2: Standing / idle
1790412530.6701298,16806,Person 8,-1222.3,1186.8,0.0,1692.35,-46.92,True,Active,hafsa,None,Normal,2: Standing / idle
1790412530.7642744,16807,Person 8,-1225.0,1179.8,0.0,1694.4,-46.84,True,Active,hafsa,None,Normal,2: Standing / idle
1790412530.8429565,16808,Person 8,-1227.7,1173.9,0.0,1697.82,-46.72,True,Active,hafsa,None,Normal,2: Standing / idle
1790412530.9265935,16809,Person 8,-1230.1,1169.1,0.0,1699.84,-46.6,True,Active,hafsa,None,Normal,2: Standing / idle
1790412531.0183454,16810,Person 8,-1232.1,1165.8,0.0,1701.9,-46.52,True,Active,hafsa,None,Normal,2: Standing / idle
1790412531.102642,16811,Person 8,-1233.7,1163.9,0.0,1702.63,-46.55,True,Active,hafsa,None,Normal,2: Standing / idle
1790412531.1848443,16812,Person 8,-1234.9,1163.2,0.0,1701.98,-46.62,True,Active,hafsa,None,Normal,2: Standing / idle
1790412531.2653308,16813,Person 8,-1235.7,1163.7,0.0,1702.02,-46.67,True,Active,hafsa,None,Normal,2: Standing / idle
1790412531.3461926,16814,Person 8,-1236.1,1164.9,0.0,1701.29,-46.64,True,Active,hafsa,None,Normal,2: Standing / idle
1790412531.438176,16815,Person 8,-1236.4,1166.2,0.0,1702.02,-46.67,True,Active,hafsa,None,Normal,2: Standing / idle
1790412531.5372577,16816,Person 8,-1236.7,1167.4,0.0,1702.75,-46.69,True,Active,hafsa,None,Normal,2: Standing / idle
1790412531.6143816,16817,Person 8,-1237.1,1168.1,0.0,1702.1,-46.76,True,Active,hafsa,None,Normal,2: Standing / idle
1790412531.7200654,16818,Person 8,-1237.6,1168.2,0.0,1702.15,-46.81,True,Active,hafsa,None,Normal,2: Standing / idle
1790412531.79681,16819,Person 8,-1238.2,1167.8,0.0,1701.46,-46.83,True,Active,hafsa,None,Normal,2: Standing / idle
1790412531.900486,16820,Person 8,-1238.8,1167.2,0.0,1702.15,-46.81,True,Active,hafsa,None,Normal,2: Standing / idle
1790412531.9835696,16821,Person 8,-1239.2,1166.6,0.0,1701.42,-46.79,True,Active,hafsa,None,Normal,2: Standing / idle
1790412532.066124,16822,Person 8,-1239.4,1166.2,0.0,1700.69,-46.76,True,Active,hafsa,None,Normal,2: Standing / idle
1790412532.146984,16823,Person 8,-1239.4,1165.8,0.0,1699.28,-46.76,True,Active,hafsa,None,Normal,2: Standing / idle
1790412532.2537205,16824,Person 8,-1239.4,1165.6,0.0,1699.92,-46.69,True,Active,hafsa,None,Normal,2: Standing / idle
1790412532.3445385,16825,Person 8,-1239.4,1165.6,0.0,1702.02,-46.67,True,Active,hafsa,None,Normal,2: Standing / idle
1790412532.4260013,16826,Person 8,-1239.6,1165.9,0.0,1706.26,-46.66,True,Active,hafsa,None,Normal,2: Standing / idle
1790412532.5287204,16827,Person 8,-1240.0,1166.7,0.0,1710.5,-46.66,True,Active,hafsa,None,Normal,2: Standing / idle
1790412532.602173,16828,Person 8,-1240.4,1167.7,0.0,1711.91,-46.66,True,Active,hafsa,None,Normal,2: Standing / idle
1790412532.69292,16829,Person 8,-1240.9,1168.3,0.0,1709.22,-46.8,True,Active,hafsa,None,Normal,2: Standing / idle
1790412532.7890203,16830,Person 8,-1241.4,1168.0,0.0,1703.75,-47.0,True,Active,hafsa,None,Normal,2: Standing / idle
1790412532.8871675,16831,Person 8,-1242.0,1166.9,0.0,1698.3,-47.2,True,Active,hafsa,None,Normal,2: Standing / idle
1790412532.970777,16832,Person 8,-1242.6,1165.3,0.0,1694.17,-47.3,True,Active,hafsa,None,Normal,2: Standing / idle
1790412533.0438364,16833,Person 8,-1243.2,1163.7,0.0,1692.76,-47.3,True,Active,hafsa,None,Normal,2: Standing / idle
1790412533.1478384,16834,Person 8,-1243.4,1162.4,0.0,1692.49,-47.06,True,Active,hafsa,None,Normal,2: Standing / idle
1790412533.210488,16835,Person 8,-1243.3,1161.4,0.0,1694.44,-46.89,True,Active,hafsa,None,Normal,2: Standing / idle
1790412533.294126,16836,Person 8,-1242.7,1160.2,-80.0,1693.67,-46.82,True,Active,hafsa,None,Normal,2: Standing / idle
1790412533.3855605,16837,Person 8,-1241.6,1159.0,0.0,1694.26,-46.7,True,Active,hafsa,None,Normal,2: Standing / idle
1790412533.4971607,16838,Person 8,-1240.4,1157.9,0.0,1695.64,-46.65,True,Active,hafsa,None,Normal,2: Standing / idle
1790412533.5737534,16839,Person 8,-1238.7,1157.7,0.0,1695.48,-46.46,True,Active,hafsa,None,Normal,2: Standing / idle
1790412533.6824777,16840,Person 8,-1236.6,1158.7,0.0,1695.35,-46.27,True,Active,hafsa,None,Normal,2: Standing / idle
1790412533.7481883,16841,Person 8,-1234.3,1160.6,0.0,1694.6,-46.2,True,Active,hafsa,None,Normal,2: Standing / idle
1790412533.8281019,16842,Person 8,-1232.1,1162.9,0.0,1693.9,-46.22,True,Active,hafsa,None,Normal,2: Standing / idle
1790412533.9170487,16843,Person 8,-1230.0,1165.3,0.0,1693.9,-46.22,True,Active,hafsa,None,Normal,2: Standing / idle
1790412534.047205,16844,Person 8,-1228.5,1167.4,0.0,1696.01,-46.19,True,Active,hafsa,None,Normal,2: Standing / idle
1790412534.1070101,16845,Person 8,-1227.1,1169.2,0.0,1696.67,-46.12,True,Active,hafsa,None,Normal,2: Standing / idle
1790412534.2137885,16846,Person 8,-1225.8,1171.2,0.0,1698.04,-46.03,True,Active,hafsa,None,Normal,2: Standing / idle
1790412534.2847989,16847,Person 8,-1224.3,1173.7,0.0,1700.73,-45.74,True,Active,hafsa,None,Normal,2: Standing / idle
1790412534.4091318,16848,Person 8,-1222.5,1176.6,0.0,1702.78,-45.52,True,Active,hafsa,None,Normal,2: Standing / idle
1790412534.4689443,16849,Person 8,-1221.1,1179.3,0.0,1704.19,-45.48,True,Active,hafsa,None,Normal,2: Standing / idle
1790412534.574979,16850,Person 8,-1220.0,1181.9,0.0,1705.58,-45.38,True,Active,hafsa,None,Normal,2: Standing / idle
1790412534.6589475,16851,Person 8,-1219.1,1184.3,0.0,1704.88,-45.4,True,Active,hafsa,None,Normal,2: Standing / idle
1790412534.729197,16852,Person 8,-1218.4,1186.3,0.0,1702.8,-45.57,True,Active,hafsa,None,Normal,2: Standing / idle
1790412534.8181546,16853,Person 8,-1217.9,1187.8,0.0,1700.73,-45.74,True,Active,hafsa,None,Normal,2: Standing / idle
1790412534.9587882,16854,Person 8,-1217.4,1188.8,0.0,1699.36,-45.83,True,Active,hafsa,None,Normal,2: Standing / idle
1790412535.044387,16855,Person 8,-1217.1,1189.2,0.0,1697.29,-45.95,True,Active,hafsa,None,Normal,2: Standing / idle
1790412535.1360853,16856,Person 8,-1217.0,1189.0,0.0,1695.93,-46.05,True,Active,hafsa,None,Normal,2: Standing / idle
1790412535.2062922,16857,Person 8,-1217.3,1187.8,0.0,1694.54,-46.1,True,Active,hafsa,None,Normal,2: Standing / idle
1790412535.2765622,16858,Person 8,-1217.8,1186.2,0.0,1695.21,-46.03,True,Active,hafsa,None,Normal,2: Standing / idle
1790412535.3538117,16859,Person 8,-1218.4,1184.7,0.0,1698.01,-45.98,True,Active,hafsa,None,Normal,2: Standing / idle
1790412535.4564154,16860,Person 8,-1219.5,1182.9,0.0,1700.89,-46.07,True,Active,hafsa,None,Normal,2: Standing / idle
1790412535.5457118,16861,Person 8,-1221.2,1181.1,0.0,1704.52,-46.24,True,Active,hafsa,None,Normal,2: Standing / idle
1790412535.6260495,16862,Person 8,-1223.2,1179.7,0.0,1707.45,-46.38,True,Active,hafsa,None,Normal,2: Standing / idle
1790412535.7068725,16863,Person 8,-1225.5,1178.7,0.0,1710.38,-46.52,True,Active,hafsa,None,Normal,2: Standing / idle
1790412535.8280797,16864,Person 8,-1228.2,1177.9,0.0,1713.33,-46.66,True,Active,hafsa,None,Normal,2: Standing / idle
1790412535.926445,16865,Person 8,-1231.0,1177.2,0.0,1712.73,-46.77,True,Active,hafsa,None,Normal,2: Standing / idle
1790412536.0059955,16866,Person 8,-1233.5,1176.8,0.0,1711.27,-46.73,True,Active,hafsa,None,Normal,2: Standing / idle
1790412536.0761485,16867,Person 8,-1235.2,1177.0,0.0,1708.21,-46.45,True,Active,hafsa,None,Normal,2: Standing / idle
1790412536.1639318,16868,Person 8,-1236.2,1177.5,0.0,1705.88,-46.14,True,Active,hafsa,None,Normal,2: Standing / idle
1790412536.2613008,16869,Person 8,-1236.8,1178.1,0.0,1706.49,-45.97,True,Active,hafsa,None,Normal,2: Standing / idle
1790412536.3501785,16870,Person 8,-1237.0,1178.6,0.0,1705.8,-46.0,True,Active,hafsa,None,Normal,2: Standing / idle
1790412536.4478943,16871,Person 8,-1236.9,1179.0,0.0,1706.57,-46.12,True,Active,hafsa,None,Normal,2: Standing / idle
1790412536.542585,16872,Person 8,-1236.6,1179.3,0.0,1707.35,-46.23,True,Active,hafsa,None,Normal,2: Standing / idle
1790412536.6022828,16873,Person 8,-1235.6,1180.0,0.0,1707.99,-46.11,True,Active,hafsa,None,Normal,2: Standing / idle
1790412536.69591,16874,Person 8,-1233.9,1181.2,0.0,1709.32,-45.97,True,Active,hafsa,None,Normal,2: Standing / idle
1790412536.7890162,16875,Person 8,-1231.7,1183.2,0.0,1710.65,-45.78,True,Active,hafsa,None,Normal,2: Standing / idle
1790412536.8911548,16876,Person 8,-1229.0,1186.5,0.0,1714.76,-45.31,True,Active,hafsa,None,Normal,2: Standing / idle
1790412536.9834788,16877,Person 8,-1226.8,1190.1,0.0,1717.56,-45.07,True,Active,hafsa,None,Normal,2: Standing / idle
1790412537.055952,16878,Person 8,-1225.3,1193.4,0.0,1718.27,-45.0,True,Active,hafsa,None,Normal,2: Standing / idle
1790412537.1466184,16879,Person 8,-1224.2,1196.4,0.0,1719.68,-45.0,True,Active,hafsa,None,Normal,2: Standing / idle
1790412537.2290866,16880,Person 8,-1223.2,1199.5,0.0,1720.39,-45.02,True,Active,hafsa,None,Normal,2: Standing / idle
1790412537.3481734,16881,Person 8,-1221.9,1203.1,0.0,1722.51,-44.95,True,Active,hafsa,None,Normal,2: Standing / idle
1790412537.4316201,16882,Person 8,-1220.4,1206.9,-80.0,1723.22,-44.98,True,Active,hafsa,None,Normal,2: Standing / idle
1790412537.501304,16883,Person 8,-1219.2,1210.2,0.0,1722.51,-45.05,True,Active,hafsa,None,Normal,2: Standing / idle
1790412537.591659,16884,Person 8,-1218.3,1212.7,0.0,1720.4,-45.16,True,Active,hafsa,None,Normal,2: Standing / idle
1790412537.67952,16885,Person 8,-1217.8,1214.6,0.0,1720.4,-45.21,True,Active,hafsa,None,Normal,2: Standing / idle
1790412537.7661068,16886,Person 8,-1217.9,1215.3,0.0,1720.4,-45.16,True,Active,hafsa,None,Normal,2: Standing / idle
1790412537.8722088,16887,Person 8,-1218.3,1215.4,0.0,1721.1,-45.14,True,Active,hafsa,None,Normal,2: Standing / idle
1790412537.9428897,16888,Person 8,-1218.8,1215.3,0.0,1721.1,-45.14,True,Active,hafsa,None,Normal,2: Standing / idle
1790412538.0569034,16889,Person 8,-1219.3,1214.7,0.0,1718.99,-45.26,True,Active,hafsa,None,Normal,2: Standing / idle
1790412538.117431,16890,Person 8,-1220.0,1213.7,0.0,1718.32,-45.42,True,Active,hafsa,None,Normal,2: Standing / idle
1790412538.2012832,16891,Person 8,-1220.8,1211.9,0.0,1715.52,-45.57,True,Active,hafsa,None,Normal,2: Standing / idle
1790412538.2882195,16892,Person 8,-1221.6,1209.7,0.0,1713.44,-45.69,True,Active,hafsa,None,Normal,2: Standing / idle
1790412538.3773985,16893,Person 8,-1222.2,1207.8,0.0,1713.43,-45.64,True,Active,hafsa,None,Normal,2: Standing / idle
1790412538.4950662,16894,Person 8,-1222.4,1206.7,0.0,1714.09,-45.47,True,Active,hafsa,None,Normal,2: Standing / idle
1790412538.5624564,16895,Person 8,-1222.3,1206.1,0.0,1715.47,-45.33,True,Active,hafsa,None,Normal,2: Standing / idle
1790412538.6531732,16896,Person 8,-1222.1,1205.9,0.0,1717.57,-45.17,True,Active,hafsa,None,Normal,2: Standing / idle
1790412538.7352436,16897,Person 8,-1221.7,1205.8,0.0,1717.56,-45.07,True,Active,hafsa,None,Normal,2: Standing / idle
1790412538.8373706,16898,Person 8,-1221.3,1205.4,0.0,1715.45,-45.14,True,Active,hafsa,None,Normal,2: Standing / idle
1790412538.9136755,16899,Person 8,-1220.9,1205.0,0.0,1713.34,-45.26,True,Active,hafsa,None,Normal,2: Standing / idle
1790412539.012529,16900,Person 8,-1220.2,1204.7,0.0,1711.23,-45.33,True,Active,hafsa,None,Normal,2: Standing / idle
1790412539.10016,16901,Person 8,-1219.3,1204.8,0.0,1709.81,-45.33,True,Active,hafsa,None,Normal,2: Standing / idle
1790412539.1902044,16902,Person 8,-1218.2,1205.2,0.0,1708.4,-45.33,True,Active,hafsa,None,Normal,2: Standing / idle
1790412539.277878,16903,Person 8,-1217.2,1205.5,0.0,1708.4,-45.33,True,Active,hafsa,None,Normal,2: Standing / idle
1790412539.3741004,16904,Person 8,-1216.3,1205.4,0.0,1706.98,-45.28,True,Active,hafsa,None,Normal,2: Standing / idle
1790412539.4512923,16905,Person 8,-1215.4,1205.1,0.0,1706.97,-45.19,True,Active,hafsa,None,Normal,2: Standing / idle
1790412539.534258,16906,Person 8,-1214.4,1204.3,0.0,1704.84,-45.12,True,Active,hafsa,None,Normal,2: Standing / idle
1790412539.6309917,16907,Person 8,-1213.4,1203.3,0.0,1703.42,-45.07,True,Active,hafsa,None,Normal,2: Standing / idle
1790412539.7114227,16908,Person 8,-1212.3,1202.5,0.0,1702.01,-45.07,True,Active,hafsa,None,Normal,2: Standing / idle
1790412539.81415,16909,Person 8,-1210.8,1202.4,0.0,1702.01,-44.93,True,Active,hafsa,None,Normal,2: Standing / idle
1790412539.9021015,16910,Person 8,-1209.0,1203.0,0.0,1702.73,-44.76,True,Active,hafsa,None,Normal,2: Standing / idle
1790412540.0075853,16911,Person 8,-1207.1,1204.2,0.0,1704.88,-44.6,True,Active,hafsa,None,Normal,2: Standing / idle
1790412540.0894916,16912,Person 8,-1205.1,1205.8,0.0,1705.61,-44.48,True,Active,hafsa,None,Normal,2: Standing / idle
1790412540.160241,16913,Person 8,-1203.0,1207.4,0.0,1704.91,-44.45,True,Active,hafsa,None,Normal,2: Standing / idle
1790412540.263971,16914,Person 8,-1201.2,1209.0,0.0,1705.61,-44.48,True,Active,hafsa,None,Normal,2: Standing / idle
1790412540.3361545,16915,Person 8,-1199.8,1210.0,0.0,1704.16,-44.62,True,Active,hafsa,None,Normal,2: Standing / idle
1790412540.4345937,16916,Person 8,-1199.1,1210.7,0.0,1704.85,-44.79,True,Active,hafsa,None,Normal,2: Standing / idle
1790412540.512827,16917,Person 8,-1198.8,1211.5,0.0,1706.97,-44.81,True,Active,hafsa,None,Normal,2: Standing / idle
1790412540.601644,16918,Person 8,-1198.8,1212.7,0.0,1710.5,-44.79,True,Active,hafsa,None,Normal,2: Standing / idle
1790412540.701984,16919,Person 8,-1199.0,1213.8,0.0,1711.22,-44.72,True,Active,hafsa,None,Normal,2: Standing / idle
1790412540.7889218,16920,Person 8,-1199.5,1214.6,0.0,1711.93,-44.69,True,Active,hafsa,None,Normal,2: Standing / idle
1790412540.8795094,16921,Person 8,-1200.2,1214.9,0.0,1711.93,-44.69,True,Active,hafsa,None,Normal,2: Standing / idle
1790412540.9572127,16922,Person 8,-1201.0,1215.0,0.0,1711.94,-44.65,True,Active,hafsa,None,Normal,2: Standing / idle
1790412541.0572865,16923,Person 8,-1201.9,1215.2,0.0,1712.65,-44.62,True,Active,hafsa,None,Normal,2: Standing / idle
1790412541.1456616,16924,Person 8,-1202.7,1215.3,0.0,1711.94,-44.65,True,Active,hafsa,None,Normal,2: Standing / idle
1790412541.2348528,16925,Person 8,-1203.4,1215.5,0.0,1710.51,-44.74,True,Active,hafsa,None,Normal,2: Standing / idle
1790412541.3149853,16926,Person 8,-1203.7,1215.8,0.0,1709.09,-44.79,True,Active,hafsa,None,Normal,2: Standing / idle
1790412541.4032915,16927,Person 8,-1203.7,1216.2,0.0,1709.81,-44.72,True,Active,hafsa,None,Normal,2: Standing / idle
1790412541.5084226,16928,Person 8,-1203.4,1216.7,0.0,1711.95,-44.6,True,Active,hafsa,None,Normal,2: Standing / idle
1790412541.595399,16929,Person 8,-1203.0,1217.4,0.0,1713.4,-44.46,True,Active,hafsa,None,Normal,2: Standing / idle
1790412541.6765957,16930,Person 8,-1202.3,1218.5,0.0,1714.87,-44.27,True,Active,hafsa,None,Normal,2: Standing / idle
1790412541.7650242,16931,Person 8,-1201.3,1219.8,0.0,1714.22,-44.15,True,Active,hafsa,None,Normal,2: Standing / idle
1790412541.855469,16932,Person 8,-1200.4,1220.7,0.0,1712.06,-44.22,True,Active,hafsa,None,Normal,2: Standing / idle
1790412541.9475749,16933,Person 8,-1199.7,1221.0,0.0,1709.88,-44.38,True,Active,hafsa,None,Normal,2: Standing / idle
1790412542.0425205,16934,Person 8,-1199.2,1220.8,0.0,1707.0,-44.57,True,Active,hafsa,None,Normal,2: Standing / idle
1790412542.1279738,16935,Person 8,-1198.9,1220.5,0.0,1706.27,-44.74,True,Active,hafsa,None,Normal,2: Standing / idle
1790412542.2304351,16936,Person 8,-1198.7,1220.0,0.0,1704.13,-44.86,True,Active,hafsa,None,Normal,2: Standing / idle
1790412542.3102634,16937,Person 8,-1198.5,1219.3,0.0,1703.43,-44.83,True,Active,hafsa,None,Normal,2: Standing / idle
1790412542.3863091,16938,Person 8,-1198.1,1218.0,0.0,1699.89,-44.81,True,Active,hafsa,None,Normal,2: Standing / idle
1790412542.487919,16939,Person 8,-1197.6,1216.6,0.0,1699.91,-44.67,True,Active,hafsa,None,Normal,2: Standing / idle
1790412542.591255,16940,Person 8,-1197.1,1214.8,0.0,1698.52,-44.57,True,Active,hafsa,None,Normal,2: Standing / idle
1790412542.7183504,16941,Person 8,-1196.6,1213.1,0.0,1698.56,-44.43,True,Active,hafsa,None,Normal,2: Standing / idle
1790412542.7951636,16942,Person 8,-1195.8,1212.1,0.0,1699.32,-44.26,True,Active,hafsa,None,Normal,2: Standing / idle
1790412542.8647625,16943,Person 8,-1194.5,1211.9,0.0,1699.38,-44.12,True,Active,hafsa,None,Normal,2: Standing / idle
1790412542.9768057,16944,Person 8,-1192.7,1212.5,0.0,1698.73,-44.0,True,Active,hafsa,None,Normal,2: Standing / idle
1790412543.05668,16945,Person 8,-1190.4,1213.7,0.0,1698.78,-43.9,True,Active,hafsa,None,Normal,2: Standing / idle
1790412543.131579,16946,Person 8,-1187.9,1215.6,0.0,1700.25,-43.81,True,Active,hafsa,None,Normal,2: Standing / idle
1790412543.19912,16947,Person 8,-1185.5,1217.6,0.0,1700.97,-43.79,True,Active,hafsa,None,Normal,2: Standing / idle
1790412543.2768285,16948,Person 8,-1183.5,1219.8,0.0,1701.67,-43.81,True,Active,hafsa,None,Normal,2: Standing / idle
1790412543.3721156,16949,Person 8,-1181.8,1221.2,0.0,1698.06,-43.93,True,Active,hafsa,None,Normal,2: Standing / idle
1790412543.4946535,16950,Person 8,-1180.3,1222.0,0.0,1693.77,-44.02,True,Active,hafsa,None,Normal,2: Standing / idle
1790412543.5561607,16951,Person 8,-1178.8,1222.5,0.0,1691.69,-43.95,True,Active,hafsa,None,Normal,2: Standing / idle
1790412543.6392457,16952,Person 8,-1177.2,1223.2,0.0,1693.24,-43.71,True,Active,hafsa,None,Normal,2: Standing / idle
1790412543.7227294,16953,Person 8,-1175.6,1224.3,0.0,1696.25,-43.47,True,Active,hafsa,None,Normal,2: Standing / idle
1790412543.8310444,16954,Person 8,-1173.7,1226.4,0.0,1700.87,-43.05,True,Active,hafsa,None,Normal,2: Standing / idle
1790412543.9176655,16955,Person 8,-1171.5,1229.4,0.0,1705.54,-42.67,True,Active,hafsa,None,Normal,2: Standing / idle
1790412544.007751,16956,Person 8,-1169.4,1231.8,0.0,1703.33,-42.74,True,Active,hafsa,None,Normal,2: Standing / idle
1790412544.1015046,16957,Person 8,-1167.4,1233.7,0.0,1701.08,-42.86,True,Active,hafsa,None,Normal,2: Standing / idle
1790412544.2139986,16958,Person 8,-1165.4,1235.3,0.0,1699.56,-42.95,True,Active,hafsa,None,Normal,2: Standing / idle
1790412544.2891817,16959,Person 8,-1163.9,1237.0,0.0,1700.05,-43.16,True,Active,hafsa,None,Normal,2: Standing / idle
1790412544.3816552,16960,Person 8,-1163.2,1238.6,0.0,1700.49,-43.48,True,Active,hafsa,None,Normal,2: Standing / idle
1790412544.4456494,16961,Person 8,-1163.5,1239.7,0.0,1701.7,-43.76,True,Active,hafsa,None,Normal,2: Standing / idle
1790412544.5193276,16962,Person 8,-1164.4,1239.5,0.0,1698.04,-43.97,True,Active,hafsa,None,Normal,2: Standing / idle
1790412544.6082408,16963,Person 8,-1165.8,1238.1,0.0,1695.83,-44.14,True,Active,hafsa,None,Normal,2: Standing / idle
1790412544.7353501,16964,Person 8,-1168.1,1235.3,0.0,1696.49,-44.26,True,Active,hafsa,None,Normal,2: Standing / idle
1790412544.8048456,16965,Person 8,-1171.2,1231.7,0.0,1700.73,-44.26,True,Active,hafsa,None,Normal,2: Standing / idle
1790412544.8840897,16966,Person 8,-1174.6,1229.1,0.0,1707.84,-44.17,True,Active,hafsa,None,Normal,2: Standing / idle
1790412544.9618833,16967,Person 8,-1178.2,1227.1,0.0,1711.37,-44.2,True,Active,hafsa,None,Normal,2: Standing / idle
1790412545.0803287,16968,Person 8,-1182.0,1225.0,0.0,1710.6,-44.36,True,Active,hafsa,None,Normal,2: Standing / idle
1790412545.1900089,16969,Person 8,-1185.6,1222.4,0.0,1706.28,-44.64,True,Active,hafsa,None,Normal,2: Standing / idle
1790412545.2685502,16970,Person 8,-1188.9,1219.4,0.0,1702.01,-44.98,True,Active,hafsa,None,Normal,2: Standing / idle
1790412545.3560257,16971,Person 8,-1192.5,1214.1,0.0,1689.48,-45.89,True,Active,hafsa,None,Normal,2: Standing / idle
1790412545.4183333,16972,Person 8,-1196.6,1208.3,0.0,1686.21,-46.35,True,Active,hafsa,None,Normal,2: Standing / idle
1790412545.500292,16973,Person 8,-1200.5,1203.2,0.0,1687.59,-46.3,True,Active,hafsa,None,Normal,2: Standing / idle
1790412545.6247356,16974,Person 8,-1204.0,1198.4,0.0,1687.56,-46.25,True,Active,hafsa,None,Normal,2: Standing / idle
1790412545.7142067,16975,Person 8,-1206.9,1193.8,0.0,1688.86,-46.06,True,Active,hafsa,None,Normal,2: Standing / idle
1790412545.792751,16976,Person 8,-1209.0,1189.2,0.0,1690.14,-45.77,True,Active,hafsa,None,Normal,2: Standing / idle
1790412545.8804371,16977,Person 8,-1210.4,1185.2,0.0,1692.87,-45.48,True,Active,hafsa,None,Normal,2: Standing / idle
1790412545.9494786,16978,Person 8,-1211.2,1182.0,0.0,1693.55,-45.31,True,Active,hafsa,None,Normal,2: Standing / idle
1790412546.044501,16979,Person 8,-1211.6,1179.9,0.0,1694.24,-45.24,True,Active,hafsa,None,Normal,2: Standing / idle
1790412546.1239693,16980,Person 8,-1211.6,1178.7,0.0,1693.54,-45.26,True,Active,hafsa,None,Normal,2: Standing / idle
1790412546.2195637,16981,Person 8,-1210.7,1180.0,0.0,1692.14,-45.36,True,Active,hafsa,None,Normal,2: Standing / idle
1790412546.3005645,16982,Person 8,-1209.3,1181.9,0.0,1689.36,-45.55,True,Active,hafsa,None,Normal,2: Standing / idle
1790412546.3853116,16983,Person 8,-1208.1,1182.9,0.0,1685.89,-45.77,True,Active,hafsa,None,Normal,2: Standing / idle
1790412546.5033906,16984,Person 8,-1207.3,1183.2,0.0,1683.87,-45.99,True,Active,hafsa,None,Normal,2: Standing / idle
1790412546.569782,16985,Person 8,-1207.1,1182.5,0.0,1682.56,-46.18,True,Active,hafsa,None,Normal,2: Standing / idle
1790412546.667529,16986,Person 8,-1207.6,1181.0,0.0,1683.32,-46.25,True,Active,hafsa,None,Normal,2: Standing / idle
1790412546.743649,16987,Person 8,-1208.6,1178.9,0.0,1685.42,-46.23,True,Active,hafsa,None,Normal,2: Standing / idle
1790412546.8529453,16988,Person 8,-1210.0,1176.4,0.0,1686.14,-46.25,True,Active,hafsa,None,Normal,2: Standing / idle
1790412546.9232738,16989,Person 8,-1211.6,1173.7,0.0,1686.87,-46.27,True,Active,hafsa,None,Normal,2: Standing / idle
1790412547.0216591,16990,Person 8,-1213.2,1170.8,0.0,1684.79,-46.35,True,Active,hafsa,None,Normal,2: Standing / idle
1790412547.1192281,16991,Person 8,-1214.7,1167.7,0.0,1681.35,-46.47,True,Active,hafsa,None,Normal,2: Standing / idle
1790412547.1938066,16992,Person 8,-1216.0,1164.5,0.0,1676.53,-46.64,True,Active,hafsa,None,Normal,2: Standing / idle
1790412547.2761395,16993,Person 8,-1217.1,1161.4,0.0,1672.42,-46.79,True,Active,hafsa,None,Normal,2: Standing / idle
1790412547.3955173,16994,Person 8,-1217.9,1158.2,0.0,1667.63,-46.97,True,Active,hafsa,None,Normal,2: Standing / idle
1790412547.4854133,16995,Person 8,-1218.5,1155.6,0.0,1669.05,-46.97,True,Active,hafsa,None,Normal,2: Standing / idle
1790412547.5770147,16996,Person 8,-1219.1,1153.4,0.0,1672.56,-46.94,True,Active,hafsa,None,Normal,2: Standing / idle
1790412547.6541715,16997,Person 8,-1219.2,1151.8,0.0,1675.12,-46.64,True,Active,hafsa,None,Normal,2: Standing / idle
1790412547.7298636,16998,Person 8,-1218.7,1151.3,0.0,1679.07,-46.25,True,Active,hafsa,None,Normal,2: Standing / idle
1790412547.828415,16999,Person 8,-1217.6,1151.7,0.0,1681.71,-45.92,True,Active,hafsa,None,Normal,2: Standing / idle
1790412547.9172294,17000,Person 8,-1216.3,1152.8,0.0,1683.07,-45.77,True,Active,hafsa,None,Normal,2: Standing / idle
1790412548.0220962,17001,Person 8,-1214.8,1154.7,0.0,1683.73,-45.65,True,Active,hafsa,None,Normal,2: Standing / idle
1790412548.1124873,17002,Person 8,-1213.1,1157.7,0.0,1685.1,-45.5,True,Active,hafsa,None,Normal,2: Standing / idle
1790412548.173394,17003,Person 8,-1211.1,1161.7,0.0,1685.77,-45.34,True,Active,hafsa,None,Normal,2: Standing / idle
1790412548.2599592,17004,Person 8,-1208.3,1167.0,0.0,1684.33,-45.0,True,Active,hafsa,None,Normal,2: Standing / idle
1790412548.3579898,17005,Person 8,-1204.8,1172.9,0.0,1685.06,-44.69,True,Active,hafsa,None,Normal,2: Standing / idle
1790412548.4473183,17006,Person 8,-1200.8,1179.0,0.0,1686.52,-44.5,True,Active,hafsa,None,Normal,2: Standing / idle
1790412548.5215669,17007,Person 8,-1197.5,1184.0,0.0,1686.48,-44.64,True,Active,hafsa,None,Normal,2: Standing / idle
1790412548.622193,17008,Person 8,-1195.1,1187.5,0.0,1686.46,-44.83,True,Active,hafsa,None,Normal,2: Standing / idle
1790412548.7162514,17009,Person 8,-1192.9,1190.7,0.0,1688.61,-44.62,True,Active,hafsa,None,Normal,2: Standing / idle
1790412548.7978544,17010,Person 8,-1190.6,1194.4,0.0,1692.93,-44.33,True,Active,hafsa,None,Normal,2: Standing / idle
1790412548.8994665,17011,Person 8,-1188.3,1198.5,0.0,1696.55,-44.12,True,Active,hafsa,None,Normal,2: Standing / idle
1790412548.969026,17012,Person 8,-1186.0,1202.8,0.0,1699.48,-43.93,True,Active,hafsa,None,Normal,2: Standing / idle
1790412549.0669029,17013,Person 8,-1183.9,1207.0,0.0,1700.94,-43.83,True,Active,hafsa,None,Normal,2: Standing / idle
1790412549.1718233,17014,Person 8,-1182.6,1210.5,0.0,1700.22,-43.86,True,Active,hafsa,None,Normal,2: Standing / idle
1790412549.241218,17015,Person 8,-1182.2,1212.4,0.0,1695.83,-44.14,True,Active,hafsa,None,Normal,2: Standing / idle
1790412549.3336568,17016,Person 8,-1183.0,1211.5,0.0,1685.74,-44.9,True,Active,hafsa,None,Normal,2: Standing / idle
1790412549.4137597,17017,Person 8,-1184.0,1209.5,0.0,1679.41,-45.36,True,Active,hafsa,None,Normal,2: Standing / idle
1790412549.500107,17018,Person 8,-1185.0,1207.3,0.0,1678.06,-45.6,True,Active,hafsa,None,Normal,2: Standing / idle
1790412549.610837,17019,Person 8,-1186.8,1204.2,0.0,1679.54,-45.8,True,Active,hafsa,None,Normal,2: Standing / idle
1790412549.6822376,17020,Person 8,-1189.1,1200.1,0.0,1680.28,-45.87,True,Active,hafsa,None,Normal,2: Standing / idle
1790412549.785305,17021,Person 8,-1191.8,1195.3,0.0,1681.71,-45.92,True,Active,hafsa,None,Normal,2: Standing / idle
1790412549.8715596,17022,Person 8,-1194.9,1189.9,0.0,1683.15,-45.96,True,Active,hafsa,None,Normal,2: Standing / idle
1790412549.956896,17023,Person 8,-1198.3,1184.1,0.0,1683.9,-46.03,True,Active,hafsa,None,Normal,2: Standing / idle
1790412550.0871882,17024,Person 8,-1201.7,1178.3,0.0,1683.2,-46.06,True,Active,hafsa,None,Normal,2: Standing / idle
1790412550.1676955,17025,Person 8,-1204.8,1173.3,0.0,1682.51,-46.08,True,Active,hafsa,None,Normal,2: Standing / idle
1790412550.2639546,17026,Person 8,-1207.0,1170.3,0.0,1680.43,-46.16,True,Active,hafsa,None,Normal,2: Standing / idle
1790412550.3429883,17027,Person 8,-1208.8,1168.3,0.0,1678.38,-46.28,True,Active,hafsa,None,Normal,2: Standing / idle
1790412550.418217,17028,Person 8,-1210.3,1166.5,0.0,1676.34,-46.4,True,Active,hafsa,None,Normal,2: Standing / idle
1790412550.514538,17029,Person 8,-1211.6,1164.3,0.0,1673.71,-46.65,True,Active,hafsa,None,Normal,2: Standing / idle
1790412550.5949721,17030,Person 8,-1214.8,1159.0,0.0,1667.43,-47.94,True,Active,hafsa,None,Normal,2: Standing / idle
1790412550.6743515,17031,Person 8,-1220.3,1150.5,0.0,1665.05,-49.34,True,Active,hafsa,None,Normal,2: Standing / idle
1790412550.7744308,17032,Person 8,-1231.2,1135.2,0.0,1665.55,-52.37,True,Active,hafsa,None,Normal,2: Standing / idle
1790412550.845999,17033,Person 8,-1247.3,1113.5,0.0,1670.76,-55.26,True,Active,hafsa,None,Normal,2: Standing / idle
1790412550.9653466,17034,Person 8,-1265.4,1089.7,0.0,1674.92,-56.27,True,Active,hafsa,None,Normal,2: Standing / idle
1790412551.027578,17035,Person 8,-1282.6,1066.7,0.0,1671.35,-55.9,True,Active,hafsa,None,Normal,2: Standing / idle
1790412551.106959,17036,Person 8,-1299.4,1044.4,0.0,1670.29,-55.71,True,Active,hafsa,None,Normal,2: Standing / idle
1790412551.197808,17037,Person 8,-1315.7,1022.9,0.0,1669.25,-55.52,True,Active,hafsa,None,Normal,2: Standing / idle
1790412551.2961247,17038,Person 8,-1331.5,1002.3,0.0,1668.8,-55.3,True,Active,hafsa,None,Normal,2: Standing / idle
1790412551.3876464,17039,Person 8,-1346.5,983.4,0.0,1670.42,-54.92,True,Active,hafsa,None,Normal,2: Standing / idle
1790412551.4667916,17040,Person 8,-1359.1,968.9,0.0,1674.9,-54.53,True,Active,hafsa,None,Normal,2: Standing / idle
1790412551.5485208,17041,Person 8,-1369.1,958.4,0.0,1678.74,-54.28,True,Active,hafsa,None,Normal,2: Standing / idle
1790412551.6394715,17042,Person 8,-1373.6,954.7,0.0,1679.55,-54.3,True,Active,hafsa,None,Normal,2: Standing / idle
1790412551.7252781,17043,Person 8,-1372.8,957.5,0.0,1680.36,-54.32,True,Active,hafsa,None,Normal,2: Standing / idle
1790412551.8381157,17044,Person 8,-1370.0,962.7,0.0,1681.53,-54.27,True,Active,hafsa,None,Normal,2: Standing / idle
1790412551.915372,17045,Person 8,-1368.3,967.0,0.0,1681.99,-54.36,True,Active,hafsa,None,Normal,2: Standing / idle
1790412552.0037887,17046,Person 8,-1367.3,970.5,0.0,1682.1,-54.53,True,Active,hafsa,None,Normal,2: Standing / idle
1790412552.0975986,17047,Person 8,-1366.7,973.7,0.0,1682.69,-54.51,True,Active,hafsa,None,Normal,2: Standing / idle
1790412552.1743133,17048,Person 8,-1365.6,977.8,0.0,1683.57,-53.94,True,Active,hafsa,None,Normal,2: Standing / idle
1790412552.2761176,17049,Person 8,-1363.3,983.1,0.0,1683.0,-52.99,True,Active,hafsa,None,Normal,2: Standing / idle
1790412552.3676195,17050,Person 8,-1356.2,993.7,0.0,1683.43,-50.18,True,Active,hafsa,None,Normal,2: Standing / idle
1790412552.458733,17051,Person 8,-1347.2,1007.6,0.0,1694.9,-48.68,True,Active,hafsa,None,Normal,2: Standing / idle
1790412552.53383,17052,Person 8,-1338.0,1022.0,0.0,1697.46,-48.53,True,Active,hafsa,None,Normal,2: Standing / idle
1790412552.617728,17053,Person 8,-1328.3,1036.8,0.0,1697.12,-48.34,True,Active,hafsa,None,Normal,2: Standing / idle
1790412552.7235231,17054,Person 8,-1317.9,1051.9,0.0,1695.23,-48.06,True,Active,hafsa,None,Normal,2: Standing / idle
1790412552.8058712,17055,Person 8,-1306.8,1067.8,240.0,1695.54,-47.8,True,Active,hafsa,None,Normal,2: Standing / idle
1790412552.8955574,17056,Person 8,-1295.6,1084.9,480.0,1702.4,-47.64,True,Active,hafsa,None,Normal,2: Standing / idle
1790412552.9999604,17057,Person 8,-1284.4,1103.1,0.0,1710.51,-47.35,True,Active,hafsa,None,Normal,2: Standing / idle
1790412553.0710442,17058,Person 8,-1273.8,1120.7,0.0,1713.74,-47.08,True,Active,hafsa,None,Normal,2: Standing / idle
1790412553.1571593,17059,Person 8,-1264.9,1136.4,0.0,1715.79,-47.01,True,Active,hafsa,None,Normal,2: Standing / idle
1790412553.251095,17060,Person 8,-1261.4,1146.0,160.0,1720.71,-46.98,True,Active,hafsa,None,Normal,2: Standing / idle
1790412553.353544,17061,Person 8,-1259.9,1151.9,0.0,1723.44,-46.88,True,Active,hafsa,None,Normal,2: Standing / idle
1790412553.4305582,17062,Person 8,-1258.1,1157.9,0.0,1724.64,-46.64,True,Active,hafsa,None,Normal,2: Standing / idle
1790412553.5052218,17063,Person 8,-1256.4,1164.3,0.0,1727.97,-46.38,True,Active,hafsa,None,Normal,2: Standing / idle
1790412553.6187496,17064,Person 8,-1255.1,1171.2,0.0,1732.72,-46.08,True,Active,hafsa,None,Normal,2: Standing / idle
1790412553.7102497,17065,Person 8,-1254.0,1178.5,0.0,1737.52,-45.77,True,Active,hafsa,None,Normal,2: Standing / idle
1790412553.7873182,17066,Person 8,-1252.3,1185.4,0.0,1737.45,-45.58,True,Active,hafsa,None,Normal,2: Standing / idle
1790412553.8717742,17067,Person 8,-1250.1,1190.9,0.0,1732.48,-45.51,True,Active,hafsa,None,Normal,2: Standing / idle
1790412553.950919,17068,Person 8,-1247.9,1195.4,0.0,1728.94,-45.49,True,Active,hafsa,None,Normal,2: Standing / idle
1790412554.0715165,17069,Person 8,-1245.4,1199.2,0.0,1724.0,-45.52,True,Active,hafsa,None,Normal,2: Standing / idle
1790412554.1310472,17070,Person 8,-1242.7,1201.9,0.0,1719.81,-45.71,True,Active,hafsa,None,Normal,2: Standing / idle
1790412554.2367132,17071,Person 8,-1240.1,1203.3,0.0,1714.26,-45.95,True,Active,hafsa,None,Normal,2: Standing / idle
1790412554.3277452,17072,Person 8,-1237.9,1203.2,0.0,1708.01,-46.16,True,Active,hafsa,None,Normal,2: Standing / idle
1790412554.402959,17073,Person 8,-1235.8,1201.5,0.0,1701.04,-46.31,True,Active,hafsa,None,Normal,2: Standing / idle
1790412554.4898124,17074,Person 8,-1233.6,1198.2,0.0,1694.0,-46.36,True,Active,hafsa,None,Normal,2: Standing / idle
1790412554.5895448,17075,Person 8,-1231.2,1193.3,0.0,1686.24,-46.39,True,Active,hafsa,None,Normal,2: Standing / idle
1790412554.6638682,17076,Person 8,-1229.0,1187.4,0.0,1680.66,-46.49,True,Active,hafsa,None,Normal,2: Standing / idle
1790412554.7590668,17077,Person 8,-1227.3,1181.3,80.0,1677.91,-46.59,True,Active,hafsa,None,Normal,2: Standing / idle
1790412554.8517966,17078,Person 8,-1225.9,1175.4,80.0,1677.91,-46.59,True,Active,hafsa,None,Normal,2: Standing / idle
1790412554.9433138,17079,Person 8,-1224.7,1170.0,160.0,1677.87,-46.55,True,Active,hafsa,None,Normal,2: Standing / idle
1790412555.0452917,17080,Person 8,-1223.4,1165.3,160.0,1677.87,-46.55,True,Active,hafsa,None,Normal,2: Standing / idle
1790412555.1455903,17081,Person 8,-1221.7,1161.8,160.0,1677.76,-46.4,True,Active,hafsa,None,Normal,2: Standing / idle
1790412555.223815,17082,Person 8,-1219.5,1159.3,160.0,1674.83,-46.26,True,Active,hafsa,None,Normal,2: Standing / idle
1790412555.29665,17083,Person 8,-1216.9,1157.5,160.0,1669.81,-46.14,True,Active,hafsa,None,Normal,2: Standing / idle
1790412555.3739183,17084,Person 8,-1214.1,1156.3,160.0,1665.49,-46.0,True,Active,hafsa,None,Normal,2: Standing / idle
1790412555.4820833,17085,Person 8,-1211.2,1155.8,80.0,1661.87,-45.83,True,Active,hafsa,None,Normal,2: Standing / idle
1790412555.5702293,17086,Person 8,-1208.0,1156.2,80.0,1660.39,-45.63,True,Active,hafsa,None,Normal,2: Standing / idle
1790412555.6549294,17087,Person 8,-1204.2,1157.2,-80.0,1657.51,-45.44,True,Active,hafsa,None,Normal,1: Walking
1790412555.7296872,17088,Person 8,-1199.7,1158.7,-80.0,1656.05,-45.15,True,Active,hafsa,None,Normal,1: Walking
1790412555.8548217,17089,Person 8,-1194.6,1160.5,-160.0,1653.93,-44.88,True,Active,hafsa,None,Normal,1: Walking
1790412555.9079013,17090,Person 8,-1188.6,1162.7,-160.0,1650.44,-44.56,True,Active,hafsa,None,Normal,1: Walking
1790412555.990397,17091,Person 8,-1182.0,1165.0,-160.0,1647.0,-44.24,True,Active,hafsa,None,Normal,1: Walking
1790412556.093226,17092,Person 8,-1174.8,1167.8,-80.0,1643.67,-43.82,True,Active,hafsa,None,Normal,1: Walking
1790412556.1847537,17093,Person 8,-1167.0,1171.5,-80.0,1641.19,-43.32,True,Active,hafsa,None,Normal,1: Walking
1790412556.2721336,17094,Person 8,-1156.1,1177.4,0.0,1632.35,-41.85,True,Active,hafsa,None,Normal,1: Walking
1790412556.3682907,17095,Person 8,-1142.6,1184.8,0.0,1623.29,-40.63,True,Active,hafsa,None,Normal,1: Walking
1790412556.4447012,17096,Person 8,-1126.3,1193.4,80.0,1613.56,-39.39,True,Active,hafsa,None,Normal,1: Walking
1790412556.5338469,17097,Person 8,-1107.0,1203.8,160.0,1606.68,-37.95,True,Active,hafsa,None,Normal,1: Walking
1790412556.6217883,17098,Person 8,-1084.3,1215.6,160.0,1597.06,-36.37,True,Active,hafsa,None,Normal,1: Walking
1790412556.7190473,17099,Person 8,-1058.1,1228.6,320.0,1585.63,-34.8,True,Active,hafsa,None,Normal,1: Walking
1790412556.8230584,17100,Person 8,-1024.1,1245.4,320.0,1573.36,-31.33,True,Active,hafsa,None,Normal,1: Walking
1790412556.9212584,17101,Person 8,-982.8,1265.6,240.0,1565.76,-28.04,True,Active,hafsa,None,Normal,1: Walking
1790412556.9998853,17102,Person 8,-934.0,1288.7,160.0,1558.97,-24.64,True,Active,hafsa,None,Normal,1: Walking
1790412557.0735126,17103,Person 8,-877.5,1316.0,80.0,1570.61,-20.93,True,Active,hafsa,None,Normal,1: Walking
1790412557.1690543,17104,Person 8,-817.5,1344.3,0.0,1576.74,-18.07,True,Active,hafsa,None,Normal,1: Walking
1790412557.2617671,17105,Person 8,-751.6,1374.6,80.0,1585.76,-14.54,True,Active,hafsa,None,Normal,1: Walking
1790412557.3793597,17106,Person 8,-680.5,1404.5,80.0,1577.37,-11.45,True,Active,hafsa,None,Normal,1: Walking
1790412557.4536371,17107,Person 8,-605.2,1433.1,0.0,1570.68,-8.6,True,Active,hafsa,None,Normal,1: Walking
1790412557.5244026,17108,Person 8,-526.9,1460.3,80.0,1566.61,-6.01,True,Active,hafsa,None,Normal,1: Walking
1790412557.6199126,17109,Person 8,-446.1,1485.8,80.0,1560.02,-3.56,True,Active,hafsa,None,Normal,1: Walking
1790412557.7115066,17110,Person 8,-366.8,1506.8,160.0,1554.2,-0.92,True,Active,hafsa,None,Normal,1: Walking
1790412557.789561,17111,Person 8,-287.9,1524.6,240.0,1560.9,1.95,True,Active,hafsa,None,Normal,1: Walking
1790412557.8668194,17112,Person 8,-210.3,1539.1,240.0,1567.07,4.61,True,Active,hafsa,None,Normal,1: Walking
1790412557.9737742,17113,Person 8,-133.8,1547.7,240.0,1566.34,7.48,True,Active,hafsa,None,Normal,1: Walking
1790412558.069315,17114,Person 8,-57.9,1551.5,320.0,1560.53,9.96,True,Active,hafsa,None,Normal,1: Walking
1790412558.1788754,17115,Person 8,13.4,1548.2,390.0,1534.68,11.84,True,Active,hafsa,None,Normal,1: Walking
1790412558.2471838,17116,Person 8,80.9,1539.9,320.0,1507.12,13.9,True,Active,hafsa,None,Normal,1: Walking
1790412558.3190072,17117,Person 8,145.2,1526.7,240.0,1478.41,16.02,True,Active,hafsa,None,Normal,1: Walking
1790412558.4040806,17118,Person 8,205.6,1508.0,160.0,1439.88,17.79,True,Active,hafsa,None,Normal,1: Walking
1790412558.5029511,17119,Person 8,261.6,1484.9,80.0,1404.51,19.25,True,Active,hafsa,None,Normal,1: Walking
1790412558.5829604,17120,Person 8,313.2,1458.8,0.0,1383.09,20.79,True,Active,hafsa,None,Normal,1: Walking
1790412558.6776044,17121,Person 8,359.4,1429.7,80.0,1369.52,22.09,True,Active,hafsa,None,Normal,1: Walking
1790412558.7675319,17122,Person 8,402.1,1397.7,-80.0,1359.55,24.0,True,Active,hafsa,None,Normal,1: Walking
1790412558.8457322,17123,Person 8,441.5,1363.0,-80.0,1346.12,26.37,True,Active,hafsa,None,Normal,1: Walking
1790412558.9811282,17124,Person 8,478.6,1326.0,0.0,1331.45,28.78,True,Active,hafsa,None,Normal,1: Walking
1790412559.0868278,17125,Person 8,515.3,1287.0,80.0,1304.48,31.52,True,Active,hafsa,None,Normal,1: Walking
1790412559.165856,17126,Person 8,550.0,1247.7,80.0,1283.58,33.53,True,Active,hafsa,None,Normal,1: Walking
1790412559.272162,17127,Person 8,583.3,1211.3,160.0,1290.86,35.03,True,Active,hafsa,None,Normal,1: Walking
1790412559.3329563,17128,Person 8,615.5,1178.1,240.0,1288.47,36.26,True,Active,hafsa,None,Normal,1: Walking
1790412559.407478,17129,Person 8,648.5,1146.3,390.0,1282.54,38.19,True,Active,hafsa,None,Normal,1: Walking
1790412559.4951856,17130,Person 8,680.4,1115.1,320.0,1272.19,39.55,True,Active,hafsa,None,Normal,1: Walking
1790412559.567852,17131,Person 8,712.2,1081.6,320.0,1251.5,41.73,True,Active,hafsa,None,Normal,1: Walking
1790412559.646405,17132,Person 8,740.4,1046.5,320.0,1221.11,43.14,True,Active,hafsa,None,Normal,1: Walking
1790412559.7498217,17133,Person 8,765.7,1011.9,160.0,1209.88,44.7,True,Active,hafsa,None,Normal,1: Walking
1790412559.841293,17134,Person 8,788.0,980.1,160.0,1211.32,45.5,True,Active,hafsa,None,Normal,1: Walking
1790412559.9213686,17135,Person 8,805.1,952.9,80.0,1197.17,45.44,True,Active,hafsa,None,Normal,1: Walking
1790412560.0177565,17136,Person 8,818.6,929.5,160.0,1187.95,45.27,True,Active,hafsa,None,Normal,1: Walking
1790412560.096179,17137,Person 8,828.1,906.0,320.0,1172.42,45.48,True,Active,hafsa,None,Normal,1: Walking
1790412560.179543,17138,Person 8,834.8,882.5,320.0,1154.84,45.88,True,Active,hafsa,None,Normal,1: Walking
1790412560.3018446,17139,Person 8,837.8,861.3,80.0,1144.97,45.96,True,Active,hafsa,None,Normal,1: Walking
1790412560.3778489,17140,Person 8,838.2,841.8,320.0,1131.54,46.0,True,Active,hafsa,None,Normal,1: Walking
1790412560.4864714,17141,Person 8,835.4,826.0,320.0,1118.12,46.05,True,Active,hafsa,None,Normal,1: Walking
1790412560.5590303,17142,Person 8,831.5,813.6,320.0,1105.4,46.06,True,Active,hafsa,None,Normal,1: Walking
1790412560.6275632,17143,Person 8,824.2,802.5,240.0,1079.95,46.09,True,Active,hafsa,None,Normal,1: Walking
1790412560.7530077,17144,Person 8,814.0,789.8,390.0,1049.73,46.54,True,Active,hafsa,None,Normal,1: Walking
1790412560.842577,17145,Person 8,802.9,774.8,160.0,1013.24,47.08,True,Active,hafsa,None,Normal,1: Walking
1790412560.9347892,17146,Person 8,788.7,755.1,80.0,949.28,47.69,True,Active,hafsa,None,Normal,1: Walking
1790412561.012837,17147,Person 8,770.8,733.3,80.0,892.45,47.41,True,Active,hafsa,None,Normal,1: Walking
1790412561.102624,17148,Person 8,749.1,711.2,80.0,845.24,46.39,True,Active,hafsa,None,Normal,1: Walking
1790412561.1785681,17149,Person 8,723.5,688.1,80.0,800.45,45.1,True,Active,hafsa,None,Normal,1: Walking
1790412561.268758,17150,Person 8,694.7,665.3,80.0,766.84,43.31,True,Active,hafsa,None,Normal,1: Walking
1790412561.3498383,17151,Person 8,662.6,643.0,160.0,734.89,41.19,True,Active,hafsa,None,Normal,1: Walking
1790412561.4378226,17152,Person 8,627.5,621.3,160.0,707.48,38.98,True,Active,hafsa,None,Normal,1: Walking
1790412561.5133755,17153,Person 8,590.2,601.1,160.0,680.61,36.52,True,Active,hafsa,None,Normal,1: Walking
1790412561.6335988,17154,Person 8,550.2,583.5,160.0,655.1,33.54,True,Active,hafsa,None,Normal,1: Walking
1790412561.7242005,17155,Person 8,506.8,568.1,80.0,618.19,29.88,True,Active,hafsa,None,Normal,1: Walking
1790412561.8037224,17156,Person 8,462.0,558.3,-80.0,597.66,25.15,True,Active,hafsa,None,Normal,1: Walking
1790412561.9016678,17157,Person 8,416.5,553.2,-80.0,588.74,20.07,True,Active,hafsa,None,Normal,1: Walking
1790412561.977458,17158,Person 8,369.5,551.3,-160.0,581.6,14.13,True,Active,hafsa,None,Normal,1: Walking
1790412562.0636747,17159,Person 8,321.1,552.4,-240.0,581.95,8.2,True,Active,hafsa,None,Normal,1: Walking
1790412562.1569126,17160,Person 8,269.3,553.6,-390.0,570.06,0.8,True,Active,hafsa,None,Normal,1: Walking
1790412562.2405257,17161,Person 8,215.4,555.7,-480.0,576.63,-5.47,True,Active,hafsa,None,Normal,1: Walking
1790412562.3445632,17162,Person 8,159.6,559.4,-560.0,597.78,-10.9,True,Active,hafsa,None,Normal,1: Walking
1790412562.4242666,17163,Person 8,103.4,565.6,-390.0,628.91,-14.46,True,Active,hafsa,None,Normal,1: Walking
1790412562.5064092,17164,Person 8,46.4,574.1,-560.0,664.4,-18.24,True,Active,hafsa,None,Normal,1: Walking
1790412562.6027627,17165,Person 8,-11.2,585.2,-640.0,700.31,-22.5,True,Active,hafsa,None,Normal,1: Walking
1790412562.697323,17166,Person 8,-69.6,597.3,-480.0,739.69,-26.5,True,Active,hafsa,None,Normal,1: Walking
1790412562.7995565,17167,Person 8,-126.0,610.0,-390.0,770.35,-28.03,True,Active,hafsa,None,Normal,1: Walking
1790412562.8585396,17168,Person 8,-180.5,623.3,-480.0,805.12,-30.04,True,Active,hafsa,None,Normal,1: Walking
1790412562.954144,17169,Person 8,-233.8,637.4,-560.0,846.52,-32.11,True,Active,hafsa,None,Normal,1: Walking
1790412563.0453148,17170,Person 8,-284.4,654.3,-640.0,891.14,-33.98,True,Active,hafsa,None,Normal,1: Walking
1790412563.122916,17171,Person 8,-333.8,673.2,-640.0,939.98,-35.74,True,Active,hafsa,None,Normal,1: Walking
1790412563.2212524,17172,Person 8,-382.8,691.6,-560.0,978.8,-38.03,True,Active,hafsa,None,Normal,1: Walking
1790412563.2954812,17173,Person 8,-433.7,708.1,-640.0,1021.09,-40.71,True,Active,hafsa,None,Normal,1: Walking
1790412563.3954399,17174,Person 8,-485.2,724.0,-480.0,1070.9,-42.46,True,Active,hafsa,None,Normal,1: Walking
1790412563.4883308,17175,Person 8,-536.7,740.2,-560.0,1125.86,-44.06,True,Active,hafsa,None,Normal,1: Walking
1790412563.5694578,17176,Person 8,-588.3,756.0,-560.0,1178.18,-45.89,True,Active,hafsa,None,Normal,1: Walking
1790412563.6563816,17177,Person 8,-642.2,771.6,-480.0,1229.1,-47.14,True,Active,hafsa,None,Normal,1: Walking
1790412563.7518067,17178,Person 8,-696.5,788.5,-480.0,1282.53,-47.53,True,Active,hafsa,None,Normal,1: Walking
1790412563.827346,17179,Person 8,-751.2,806.7,-480.0,1342.46,-47.96,True,Active,hafsa,None,Normal,1: Walking
1790412563.9519198,17180,Person 8,-805.2,825.5,-480.0,1391.68,-48.23,True,Active,hafsa,None,Normal,1: Walking
1790412564.0263913,17181,Person 8,-857.2,845.0,-480.0,1435.45,-48.13,True,Active,hafsa,None,Normal,1: Walking
1790412564.1077466,17182,Person 8,-906.3,868.5,-480.0,1486.23,-47.4,True,Active,hafsa,None,Normal,1: Walking
1790412564.191354,17183,Person 8,-950.6,896.8,-320.0,1532.03,-46.38,True,Active,hafsa,None,Normal,1: Walking
1790412564.2962487,17184,Person 8,-988.0,929.1,-320.0,1562.75,-44.59,True,Active,hafsa,None,Normal,1: Walking
1790412564.3670375,17185,Person 8,-1019.2,963.9,-390.0,1593.01,-43.42,True,Active,hafsa,None,Normal,1: Walking
1790412564.4517593,17186,Person 8,-1045.9,1001.0,-390.0,1630.11,-43.06,True,Active,hafsa,None,Normal,1: Walking
1790412564.5626197,17187,Person 8,-1068.9,1039.7,-480.0,1665.8,-42.76,True,Active,hafsa,None,Normal,1: Walking
1790412564.6341765,17188,Person 8,-1088.9,1079.4,-560.0,1705.43,-42.22,True,Active,hafsa,None,Normal,1: Walking
1790412564.7338157,17189,Person 8,-1104.9,1120.2,-480.0,1745.54,-41.52,True,Active,hafsa,None,Normal,1: Walking
1790412564.826426,17190,Person 8,-1117.5,1163.0,-390.0,1786.31,-40.66,True,Active,hafsa,None,Normal,1: Walking
1790412564.916417,17191,Person 8,-1128.7,1207.4,-390.0,1833.13,-40.11,True,Active,hafsa,None,Normal,1: Walking
1790412565.0056279,17192,Person 8,-1137.6,1252.3,-160.0,1875.24,-39.11,True,Active,hafsa,None,Normal,1: Walking
1790412565.0808363,17193,Person 8,-1144.9,1297.6,-160.0,1917.61,-38.05,True,Active,hafsa,None,Normal,1: Walking
1790412565.1790652,17194,Person 8,-1150.3,1340.2,-80.0,1921.8,-36.79,True,Active,hafsa,None,Normal,1: Walking
1790412565.2565966,17195,Person 8,-1152.9,1382.0,-80.0,1933.2,-35.44,True,Active,hafsa,None,Normal,1: Walking
1790412565.3638062,17196,Person 8,-1152.1,1423.9,80.0,1952.72,-34.46,True,Active,hafsa,None,Normal,1: Walking
1790412565.4429858,17197,Person 8,-1147.2,1465.4,80.0,1963.1,-33.45,True,Active,hafsa,None,Normal,1: Walking
1790412565.5399635,17198,Person 8,-1138.0,1506.1,80.0,1974.8,-32.26,True,Active,hafsa,None,Normal,1: Walking
1790412565.6160092,17199,Person 8,-1123.6,1545.9,80.0,1983.23,-30.72,True,Active,hafsa,None,Normal,1: Walking
1790412565.7512789,17200,Person 8,-1104.2,1583.7,80.0,1986.0,-29.24,True,Active,hafsa,None,Normal,1: Walking
1790412565.8136573,17201,Person 8,-1077.2,1621.3,160.0,1997.8,-27.13,True,Active,hafsa,None,Normal,1: Walking
1790412565.8876345,17202,Person 8,-1045.5,1657.1,0.0,2009.21,-25.53,True,Active,hafsa,None,Normal,1: Walking
1790412565.9690964,17203,Person 8,-1009.5,1690.8,0.0,2021.66,-23.99,True,Active,hafsa,None,Normal,1: Walking
1790412566.102752,17204,Person 8,-972.2,1724.5,-80.0,2030.93,-22.52,True,Active,hafsa,None,Normal,1: Walking
1790412566.185758,17205,Person 8,-934.0,1755.7,-80.0,2026.55,-21.39,True,Active,hafsa,None,Normal,1: Walking
1790412566.2834206,17206,Person 8,-894.1,1784.7,-80.0,2026.93,-20.38,True,Active,hafsa,None,Normal,1: Walking
1790412566.3630638,17207,Person 8,-852.7,1812.5,-80.0,2029.11,-19.22,True,Active,hafsa,None,Normal,1: Walking
1790412566.4549847,17208,Person 8,-809.8,1838.3,-80.0,2026.77,-17.96,True,Active,hafsa,None,Normal,1: Walking
1790412566.5134788,17209,Person 8,-766.5,1862.1,0.0,2027.72,-16.62,True,Active,hafsa,None,Normal,1: Walking
1790412566.6039433,17210,Person 8,-721.7,1886.3,160.0,2042.82,-14.8,True,Active,hafsa,None,Normal,1: Walking
1790412566.6988904,17211,Person 8,-675.3,1908.6,160.0,2050.32,-12.59,True,Active,hafsa,None,Normal,1: Walking
1790412566.7903056,17212,Person 8,-625.7,1929.2,160.0,2052.62,-10.38,True,Active,hafsa,None,Normal,1: Walking
1790412566.8621771,17213,Person 8,-573.9,1946.1,320.0,2038.79,-8.58,True,Active,hafsa,None,Normal,1: Walking
1790412566.9576232,17214,Person 8,-521.0,1958.3,390.0,2013.46,-7.1,True,Active,hafsa,None,Normal,1: Walking
1790412567.0678427,17215,Person 8,-466.7,1967.2,390.0,1985.7,-5.66,True,Active,hafsa,None,Normal,1: Walking
1790412567.172437,17216,Person 8,-409.6,1972.6,390.0,1958.66,-3.95,True,Active,hafsa,None,Normal,1: Walking
1790412567.2533615,17217,Person 8,-351.6,1973.9,240.0,1931.01,-2.61,True,Active,hafsa,None,Normal,1: Walking
1790412567.3145041,17218,Person 8,-292.5,1972.4,320.0,1913.3,-1.02,True,Active,hafsa,None,Normal,1: Walking
1790412567.3932438,17219,Person 8,-231.8,1967.9,240.0,1898.19,0.82,True,Active,hafsa,None,Normal,1: Walking
1790412567.494795,17220,Person 8,-171.2,1958.6,320.0,1883.87,2.56,True,Active,hafsa,None,Normal,1: Walking
1790412567.5770628,17221,Person 8,-114.0,1945.4,240.0,1873.18,3.83,True,Active,hafsa,None,Normal,1: Walking
1790412567.6587584,17222,Person 8,-60.8,1929.1,240.0,1863.06,4.99,True,Active,hafsa,None,Normal,1: Walking
1790412567.7551904,17223,Person 8,-8.2,1911.2,390.0,1850.37,6.89,True,Active,hafsa,None,Normal,1: Walking
1790412567.8479054,17224,Person 8,44.2,1891.2,240.0,1818.91,8.7,True,Active,hafsa,None,Normal,1: Walking
1790412567.9380834,17225,Person 8,95.0,1869.2,240.0,1783.5,10.07,True,Active,hafsa,None,Normal,1: Walking
1790412568.0108476,17226,Person 8,142.4,1844.5,240.0,1740.34,11.23,True,Active,hafsa,None,Normal,1: Walking
1790412568.1038263,17227,Person 8,189.2,1818.4,240.0,1710.74,12.83,True,Active,hafsa,None,Normal,1: Walking
1790412568.2059515,17228,Person 8,236.7,1792.7,320.0,1713.71,14.91,True,Active,hafsa,None,Normal,1: Walking
1790412568.2890182,17229,Person 8,282.9,1766.8,390.0,1710.39,16.61,True,Active,hafsa,None,Normal,1: Walking
1790412568.3661678,17230,Person 8,325.6,1737.2,390.0,1666.29,17.86,True,Active,hafsa,None,Normal,1: Walking
1790412568.4589462,17231,Person 8,364.3,1705.0,560.0,1629.53,18.31,True,Active,hafsa,None,Normal,1: Walking
1790412568.5440154,17232,Person 8,400.9,1671.1,480.0,1606.26,19.19,True,Active,hafsa,None,Normal,1: Walking
1790412568.6453776,17233,Person 8,432.5,1635.3,320.0,1573.81,19.99,True,Active,hafsa,None,Normal,1: Walking
1790412568.7400444,17234,Person 8,461.1,1599.2,240.0,1542.62,21.33,True,Active,hafsa,None,Normal,1: Walking
1790412568.8355658,17235,Person 8,487.6,1561.2,240.0,1492.08,22.75,True,Active,hafsa,None,Normal,1: Walking
1790412568.9216418,17236,Person 8,512.9,1521.2,240.0,1434.82,24.37,True,Active,hafsa,None,Normal,1: Walking
1790412568.9940424,17237,Person 8,536.0,1480.9,80.0,1404.83,25.78,True,Active,hafsa,None,Normal,1: Walking
1790412569.079593,17238,Person 8,555.2,1437.5,-80.0,1376.22,27.38,True,Active,hafsa,None,Normal,1: Walking
1790412569.1805284,17239,Person 8,572.3,1392.3,-80.0,1358.15,29.08,True,Active,hafsa,None,Normal,1: Walking
