timestamp,sequence_id,target_id,x_mm,y_mm,speed_mms,distance_mm,angle_deg,valid,status,volunteer_id,fall_subtype,pace_variant,action_label
1790603427.9096768,25201,Person A,-529.2,874.2,-390.0,1091.68,-34.1,True,Active,hafsa,None,Normal,1: Walking
1790603427.9992595,25202,Person A,-555.1,881.6,-390.0,1112.48,-34.12,True,Active,hafsa,None,Normal,1: Walking
1790603428.0750053,25203,Person A,-576.5,889.5,-320.0,1136.33,-34.1,True,Active,hafsa,None,Normal,1: Walking
1790603428.1521266,25204,Person A,-592.4,899.5,-320.0,1159.91,-34.14,True,Active,hafsa,None,Normal,1: Walking
1790603428.2242677,25205,Person A,-607.0,912.1,-240.0,1200.59,-34.79,True,Active,hafsa,None,Normal,1: Walking
1790603428.2937586,25206,Person A,-624.3,925.9,-240.0,1240.13,-35.55,True,Active,hafsa,None,Normal,1: Walking
1790603428.4038625,25207,Person A,-643.3,941.5,-240.0,1277.73,-36.05,True,Active,hafsa,None,Normal,1: Walking
1790603428.5003736,25208,Person A,-664.5,958.2,-320.0,1309.6,-36.77,True,Active,hafsa,None,Normal,1: Walking
1790603428.5751803,25209,Person A,-686.5,977.1,-320.0,1341.0,-36.78,True,Active,hafsa,None,Normal,1: Walking
1790603428.6462805,25210,Person A,-708.4,996.3,-480.0,1357.8,-36.89,True,Active,hafsa,None,Normal,1: Walking
1790603428.7141552,25211,Person A,-730.3,1015.6,-560.0,1376.22,-37.14,True,Active,hafsa,None,Normal,1: Walking
1790603428.7726436,25212,Person A,-753.6,1035.7,-390.0,1411.85,-37.37,True,Active,hafsa,None,Normal,1: Walking
1790603428.8375552,25213,Person A,-776.9,1055.1,-390.0,1430.08,-37.47,True,Active,hafsa,None,Normal,1: Walking
1790603428.915015,25214,Person A,-800.5,1074.3,-320.0,1453.92,-37.6,True,Active,hafsa,None,Normal,1: Walking
1790603428.9761786,25215,Person A,-823.8,1093.1,-240.0,1490.3,-38.02,True,Active,hafsa,None,Normal,1: Walking
1790603429.0438883,25216,Person A,-845.9,1111.7,-240.0,1521.64,-38.25,True,Active,hafsa,None,Normal,1: Walking
1790603429.1279483,25217,Person A,-866.3,1128.8,-160.0,1537.38,-38.45,True,Active,hafsa,None,Normal,1: Walking
1790603429.2069566,25218,Person A,-884.9,1145.4,-240.0,1554.71,-38.6,True,Active,hafsa,None,Normal,1: Walking
1790603429.2878563,25219,Person A,-902.9,1161.4,-160.0,1577.67,-38.54,True,Active,hafsa,None,Normal,1: Walking
1790603429.3486605,25220,Person A,-921.8,1178.5,-240.0,1608.75,-38.62,True,Active,hafsa,None,Normal,1: Walking
1790603429.4109519,25221,Person A,-942.4,1198.9,-240.0,1663.72,-38.56,True,Active,hafsa,None,Normal,1: Walking
1790603429.4825923,25222,Person A,-962.1,1219.8,-240.0,1697.79,-38.38,True,Active,hafsa,None,Normal,1: Walking
1790603429.5417595,25223,Person A,-980.2,1241.5,-160.0,1712.46,-37.86,True,Active,hafsa,None,Normal,1: Walking
1790603429.6046267,25224,Person A,-995.6,1262.6,-160.0,1715.07,-37.37,True,Active,hafsa,None,Normal,1: Walking
1790603429.6724405,25225,Person A,-1007.3,1282.6,-80.0,1720.2,-36.99,True,Active,hafsa,None,Normal,1: Walking
1790603429.7502055,25226,Person A,-1016.2,1302.0,-160.0,1729.82,-36.59,True,Active,hafsa,None,Normal,1: Walking
1790603429.8110363,25227,Person A,-1023.6,1321.5,-80.0,1737.27,-36.36,True,Active,hafsa,None,Normal,1: Walking
1790603429.882851,25228,Person A,-1029.7,1340.9,-80.0,1745.92,-36.19,True,Active,hafsa,None,Normal,1: Walking
1790603429.9813914,25229,Person A,-1034.0,1360.0,-80.0,1755.93,-35.75,True,Active,hafsa,None,Normal,1: Walking
1790603430.0698783,25230,Person A,-1035.3,1378.6,-80.0,1765.37,-35.18,True,Active,hafsa,None,Normal,1: Walking
1790603430.132996,25231,Person A,-1032.5,1394.7,-160.0,1776.38,-34.61,True,Active,hafsa,None,Normal,1: Walking
1790603430.2258654,25232,Person A,-1027.1,1409.3,-240.0,1783.68,-34.1,True,Active,hafsa,None,Normal,1: Walking
1790603430.3042135,25233,Person A,-1020.6,1423.5,-240.0,1790.04,-33.42,True,Active,hafsa,None,Normal,1: Walking
1790603430.394875,25234,Person A,-1014.3,1438.9,-390.0,1804.93,-32.81,True,Active,hafsa,None,Normal,1: Walking
1790603430.4575198,25235,Person A,-1008.1,1456.3,-390.0,1828.4,-32.15,True,Active,hafsa,None,Normal,1: Walking
1790603430.5251598,25236,Person A,-1001.9,1478.0,-390.0,1875.69,-31.11,True,Active,hafsa,None,Normal,1: Walking
1790603430.627318,25237,Person A,-995.5,1505.8,-320.0,1935.33,-29.94,True,Active,hafsa,None,Normal,1: Walking
1790603430.7102036,25238,Person A,-989.3,1537.5,-390.0,1979.4,-29.31,True,Active,hafsa,None,Normal,1: Walking
1790603430.7986205,25239,Person A,-983.6,1571.3,-320.0,2011.75,-28.79,True,Active,hafsa,None,Normal,1: Walking
1790603430.85962,25240,Person A,-976.8,1607.6,-160.0,2040.16,-27.72,True,Active,hafsa,None,Normal,1: Walking
1790603430.9407392,25241,Person A,-970.3,1647.4,-240.0,2085.84,-26.91,True,Active,hafsa,None,Normal,1: Walking
1790603431.008516,25242,Person A,-965.1,1688.6,-80.0,2113.53,-26.65,True,Active,hafsa,None,Normal,1: Walking
1790603431.1003067,25243,Person A,-964.7,1730.8,-80.0,2152.99,-27.14,True,Active,hafsa,None,Normal,1: Walking
1790603431.1709788,25244,Person A,-966.6,1772.0,80.0,2171.42,-27.33,True,Active,hafsa,None,Normal,1: Walking
1790603431.2453194,25245,Person A,-968.1,1811.8,80.0,2182.44,-26.92,True,Active,hafsa,None,Normal,1: Walking
1790603431.345237,25246,Person A,-969.3,1847.2,240.0,2191.79,-26.59,True,Active,hafsa,None,Normal,1: Walking
1790603431.4644592,25247,Person A,-969.8,1876.0,240.0,2191.82,-26.3,True,Active,hafsa,None,Normal,1: Walking
1790603431.5627835,25248,Person A,-969.6,1899.5,320.0,2186.46,-26.25,True,Active,hafsa,None,Normal,1: Walking
1790603431.6343102,25249,Person A,-969.2,1918.8,320.0,2181.09,-26.26,True,Active,hafsa,None,Normal,1: Walking
1790603431.710893,25250,Person A,-970.5,1933.3,320.0,2175.28,-26.25,True,Active,hafsa,None,Normal,1: Walking
1790603431.7918708,25251,Person A,-972.0,1942.1,240.0,2171.26,-26.21,True,Active,hafsa,None,Normal,1: Walking
1790603431.9187524,25252,Person A,-972.7,1947.8,240.0,2167.7,-26.14,True,Active,hafsa,None,Normal,1: Walking
1790603431.9756396,25253,Person A,-969.5,1950.8,160.0,2165.51,-26.02,True,Active,hafsa,None,Normal,1: Walking
1790603432.075948,25254,Person A,-963.9,1952.5,80.0,2161.57,-25.81,True,Active,hafsa,None,Normal,1: Walking
1790603432.1557107,25255,Person A,-958.3,1952.5,80.0,2157.67,-25.59,True,Active,hafsa,None,Normal,1: Walking
1790603432.2550497,25256,Person A,-952.4,1951.0,0.0,2152.47,-25.36,True,Active,hafsa,None,Normal,1: Walking
1790603432.3442135,25257,Person A,-946.0,1949.0,80.0,2146.08,-25.0,True,Active,hafsa,None,Normal,1: Walking
1790603432.4333704,25258,Person A,-936.2,1948.1,-80.0,2136.69,-24.0,True,Active,hafsa,None,Normal,1: Walking
1790603432.5317986,25259,Person A,-922.8,1948.5,-80.0,2128.89,-22.98,True,Active,hafsa,None,Normal,1: Walking
1790603432.62253,25260,Person A,-906.3,1950.1,0.0,2122.33,-22.06,True,Active,hafsa,None,Normal,1: Walking
1790603432.6863327,25261,Person A,-887.2,1952.4,-80.0,2115.34,-21.29,True,Active,hafsa,None,Normal,1: Walking
1790603432.7667372,25262,Person A,-865.9,1956.0,80.0,2116.34,-20.52,True,Active,hafsa,None,Normal,1: Walking
1790603432.9138937,25263,Person A,-841.6,1959.8,80.0,2106.21,-19.61,True,Active,hafsa,None,Normal,1: Walking
1790603432.981935,25264,Person A,-814.9,1964.1,160.0,2100.09,-18.72,True,Active,hafsa,None,Normal,1: Walking
1790603433.0679698,25265,Person A,-785.8,1967.6,160.0,2082.12,-17.93,True,Active,hafsa,None,Normal,1: Walking
1790603433.1393986,25266,Person A,-754.4,1970.0,160.0,2060.73,-17.16,True,Active,hafsa,None,Normal,1: Walking
1790603433.220875,25267,Person A,-720.8,1971.0,390.0,2036.68,-16.28,True,Active,hafsa,None,Normal,1: Walking
1790603433.3235164,25268,Person A,-687.4,1970.3,390.0,2017.24,-15.38,True,Active,hafsa,None,Normal,1: Walking
1790603433.4151192,25269,Person A,-654.4,1967.6,390.0,1996.87,-14.53,True,Active,hafsa,None,Normal,1: Walking
1790603433.5055418,25270,Person A,-620.8,1962.8,390.0,1973.6,-13.51,True,Active,hafsa,None,Normal,1: Walking
1790603433.6047795,25271,Person A,-585.5,1956.1,390.0,1948.7,-12.3,True,Active,hafsa,None,Normal,1: Walking
1790603433.7125943,25272,Person A,-544.3,1946.1,390.0,1910.71,-9.95,True,Active,hafsa,None,Normal,1: Walking
1790603433.7967093,25273,Person A,-499.5,1934.8,320.0,1888.84,-7.88,True,Active,hafsa,None,Normal,1: Walking
1790603433.8868132,25274,Person A,-453.0,1921.8,240.0,1870.71,-6.41,True,Active,hafsa,None,Normal,1: Walking
1790603433.967152,25275,Person A,-405.8,1908.8,160.0,1858.7,-5.22,True,Active,hafsa,None,Normal,1: Walking
1790603434.0525064,25276,Person A,-360.1,1895.4,240.0,1841.2,-4.7,True,Active,hafsa,None,Normal,1: Walking
1790603434.1400208,25277,Person A,-317.0,1882.3,80.0,1829.36,-4.39,True,Active,hafsa,None,Normal,1: Walking
1790603434.2180967,25278,Person A,-276.3,1869.3,80.0,1819.51,-4.03,True,Active,hafsa,None,Normal,1: Walking
1790603434.3096688,25279,Person A,-236.7,1856.6,240.0,1809.05,-3.33,True,Active,hafsa,None,Normal,1: Walking
1790603434.3846734,25280,Person A,-198.9,1844.6,-80.0,1800.91,-2.64,True,Active,hafsa,None,Normal,1: Walking
1790603434.4575279,25281,Person A,-162.4,1833.1,160.0,1789.7,-1.6,True,Active,hafsa,None,Normal,1: Walking
1790603434.5637534,25282,Person A,-131.4,1823.4,-240.0,1785.11,-0.64,True,Active,hafsa,None,Normal,1: Walking
1790603434.6504965,25283,Person A,-103.1,1814.9,-240.0,1786.16,0.77,True,Active,hafsa,None,Normal,1: Walking
1790603434.7470634,25284,Person A,-77.6,1807.8,-240.0,1788.59,1.47,True,Active,hafsa,None,Normal,1: Walking
1790603434.8283458,25285,Person A,-53.1,1800.9,-80.0,1783.62,2.44,True,Active,hafsa,None,Normal,1: Walking
1790603434.9076378,25286,Person A,-24.8,1795.6,-160.0,1786.88,4.24,True,Active,hafsa,None,Normal,1: Walking
1790603435.011563,25287,Person A,8.6,1793.7,-160.0,1815.4,6.13,True,Active,hafsa,None,Normal,3: Sitting down (controlled)
1790603435.1192672,25288,Person A,45.8,1795.0,-240.0,1844.21,7.6,True,Active,hafsa,None,Normal,3: Sitting down (controlled)
1790603435.2306283,25289,Person A,83.8,1800.1,-240.0,1877.25,8.42,True,Active,hafsa,None,Normal,3: Sitting down (controlled)
1790603435.331302,25290,Person A,120.6,1807.5,-160.0,1894.56,8.65,True,Active,hafsa,None,Normal,3: Sitting down (controlled)
1790603435.3932867,25291,Person A,153.8,1815.3,-80.0,1888.18,8.59,True,Active,hafsa,None,Normal,3: Sitting down (controlled)
1790603435.4649756,25292,Person A,184.0,1822.7,-160.0,1880.27,8.63,True,Active,hafsa,None,Normal,3: Sitting down (controlled)
1790603435.5501876,25293,Person A,209.9,1829.7,-240.0,1877.45,8.67,True,Active,hafsa,None,Normal,3: Sitting down (controlled)
1790603435.6060543,25294,Person A,233.5,1836.2,-240.0,1874.34,8.65,True,Active,hafsa,None,Normal,3: Sitting down (controlled)
1790603435.6892776,25295,Person A,254.2,1842.8,-320.0,1869.54,8.71,True,Active,hafsa,None,Normal,3: Sitting down (controlled)
1790603435.7799976,25296,Person A,269.6,1849.3,-320.0,1869.01,8.8,True,Active,hafsa,None,Normal,3: Sitting down (controlled)
1790603435.9190786,25297,Person A,279.0,1853.3,-390.0,1867.34,8.87,True,Active,hafsa,None,Normal,3: Sitting down (controlled)
1790603435.966982,25298,Person A,283.8,1855.2,-320.0,1869.94,8.98,True,Active,hafsa,None,Normal,3: Sitting down (controlled)
1790603436.045896,25299,Person A,286.0,1854.5,-640.0,1873.69,9.12,True,Active,hafsa,None,Normal,3: Sitting down (controlled)
1790603436.1532354,25300,Person A,289.5,1854.4,-480.0,1899.15,9.7,True,Active,hafsa,None,Normal,3: Sitting down (controlled)
1790603436.2456608,25301,Person A,297.4,1857.7,-390.0,1933.99,10.76,True,Active,hafsa,None,Normal,3: Sitting down (controlled)
1790603436.3565133,25302,Person A,311.7,1867.9,-320.0,2006.53,12.23,True,Active,hafsa,None,Normal,3: Sitting down (controlled)
1790603436.4258413,25303,Person A,330.4,1884.6,-160.0,2076.88,13.08,True,Active,hafsa,None,Normal,3: Sitting down (controlled)
1790603436.5078192,25304,Person A,351.9,1904.9,-160.0,2115.22,13.59,True,Active,hafsa,None,Normal,3: Sitting down (controlled)
1790603436.6037886,25305,Person A,376.4,1928.4,0.0,2148.88,14.22,True,Active,hafsa,None,Normal,3: Sitting down (controlled)
1790603436.6857798,25306,Person A,401.6,1954.1,0.0,2171.7,14.34,True,Active,hafsa,None,Normal,3: Sitting down (controlled)
1790603436.836488,25307,Person A,427.7,1980.4,80.0,2178.32,14.6,True,Active,hafsa,None,Normal,3: Sitting down (controlled)
1790603436.9487486,25308,Person A,453.1,2006.9,80.0,2181.44,14.49,True,Active,hafsa,None,Normal,3: Sitting down (controlled)
1790603437.033489,25309,Person A,478.4,2033.5,80.0,2186.31,14.57,True,Active,hafsa,None,Normal,3: Sitting down (controlled)
1790603437.0953722,25310,Person A,502.4,2058.7,0.0,2196.58,14.77,True,Active,hafsa,None,Normal,3: Sitting down (controlled)
1790603437.1774826,25311,Person A,522.9,2082.3,0.0,2209.72,14.84,True,Active,hafsa,None,Normal,3: Sitting down (controlled)
1790603437.2529676,25312,Person A,537.7,2100.2,80.0,2215.38,14.99,True,Active,hafsa,None,Normal,3: Sitting down (controlled)
1790603437.34454,25313,Person A,548.2,2111.8,0.0,2214.94,15.05,True,Active,hafsa,None,Normal,3: Sitting down (controlled)
1790603437.4108815,25314,Person A,555.8,2120.1,0.0,2214.42,15.0,True,Active,hafsa,None,Normal,3: Sitting down (controlled)
1790603437.5006862,25315,Person A,560.3,2125.9,0.0,2216.35,14.98,True,Active,hafsa,None,Normal,3: Sitting down (controlled)
1790603437.5740416,25316,Person A,564.3,2129.8,0.0,2219.58,15.09,True,Active,hafsa,None,Normal,3: Sitting down (controlled)
1790603437.6989875,25317,Person A,567.7,2133.2,0.0,2219.92,15.23,True,Active,hafsa,None,Normal,3: Sitting down (controlled)
1790603437.7764468,25318,Person A,571.4,2136.2,0.0,2219.92,15.23,True,Active,hafsa,None,Normal,3: Sitting down (controlled)
1790603437.8547978,25319,Person A,574.5,2138.9,-80.0,2220.36,15.17,True,Active,hafsa,None,Normal,3: Sitting down (controlled)
1790603437.9346662,25320,Person A,576.5,2140.7,0.0,2219.14,15.15,True,Active,hafsa,None,Normal,3: Sitting down (controlled)
1790603438.032352,25321,Person A,577.6,2141.2,0.0,2217.39,15.08,True,Active,hafsa,None,Normal,3: Sitting down (controlled)
1790603438.1284397,25322,Person A,577.7,2141.1,-80.0,2214.68,15.02,True,Active,hafsa,None,Normal,3: Sitting down (controlled)
1790603438.2014234,25323,Person A,577.5,2141.0,-80.0,2213.45,15.0,True,Active,hafsa,None,Normal,3: Sitting down (controlled)
1790603438.3149307,25324,Person A,577.5,2140.8,-160.0,2212.49,15.01,True,Active,hafsa,None,Normal,3: Sitting down (controlled)
1790603438.3974311,25325,Person A,577.6,2140.5,0.0,2213.71,15.03,True,Active,hafsa,None,Normal,3: Sitting down (controlled)
1790603438.467662,25326,Person A,577.0,2140.0,-160.0,2213.19,14.98,True,Active,hafsa,None,Normal,3: Sitting down (controlled)
1790603438.5568511,25327,Person A,576.1,2139.6,-80.0,2213.71,15.03,True,Active,hafsa,None,Normal,3: Sitting down (controlled)
1790603438.6596892,25328,Person A,575.7,2139.6,-80.0,2218.87,15.13,True,Active,hafsa,None,Normal,3: Sitting down (controlled)
1790603438.7327764,25329,Person A,575.7,2139.8,-160.0,2222.29,15.16,True,Active,hafsa,None,Normal,3: Sitting down (controlled)
1790603438.8350344,25330,Person A,576.0,2140.1,-80.0,2222.82,15.21,True,Active,hafsa,None,Normal,3: Sitting down (controlled)
1790603438.9165738,25331,Person A,577.1,2140.3,-80.0,2222.2,15.34,True,Active,hafsa,None,Normal,3: Sitting down (controlled)
1790603439.0272186,25332,Person A,578.8,2140.6,80.0,2222.04,15.42,True,Active,hafsa,None,Normal,3: Sitting down (controlled)
1790603439.1160476,25333,Person A,581.0,2140.9,-160.0,2222.14,15.53,True,Active,hafsa,None,Normal,3: Sitting down (controlled)
1790603439.179674,25334,Person A,583.4,2141.2,-390.0,2221.71,15.59,True,Active,hafsa,None,Normal,3: Sitting down (controlled)
1790603439.2696798,25335,Person A,585.5,2141.4,-80.0,2221.18,15.54,True,Active,hafsa,None,Normal,3: Sitting down (controlled)
1790603439.3496623,25336,Person A,587.9,2141.8,0.0,2223.37,15.55,True,Active,hafsa,None,Normal,3: Sitting down (controlled)
1790603439.4806788,25337,Person A,590.3,2142.7,80.0,2228.72,15.56,True,Active,hafsa,None,Normal,3: Sitting down (controlled)
1790603439.5386984,25338,Person A,592.0,2143.5,80.0,2231.08,15.49,True,Active,hafsa,None,Normal,3: Sitting down (controlled)
1790603439.6342294,25339,Person A,593.5,2144.2,0.0,2233.01,15.48,True,Active,hafsa,None,Normal,3: Sitting down (controlled)
1790603439.7311308,25340,Person A,594.5,2145.1,0.0,2234.14,15.39,True,Active,hafsa,None,Normal,3: Sitting down (controlled)
1790603439.7985613,25341,Person A,594.2,2146.4,0.0,2233.96,15.18,True,Active,hafsa,None,Normal,3: Sitting down (controlled)
1790603439.894353,25342,Person A,593.0,2148.0,-80.0,2234.32,15.02,True,Active,hafsa,None,Normal,3: Sitting down (controlled)
1790603439.9811342,25343,Person A,591.0,2150.3,-80.0,2239.09,14.88,True,Active,hafsa,None,Normal,3: Sitting down (controlled)
1790603440.0615838,25344,Person A,588.5,2153.3,-80.0,2244.12,14.77,True,Active,hafsa,None,Normal,3: Sitting down (controlled)
1790603440.1516252,25345,Person A,586.1,2156.7,-80.0,2247.74,14.72,True,Active,hafsa,None,Normal,3: Sitting down (controlled)
1790603440.2399704,25346,Person A,583.6,2160.2,-80.0,2250.64,14.7,True,Active,hafsa,None,Normal,3: Sitting down (controlled)
1790603440.3605337,25347,Person A,581.3,2163.4,0.0,2253.59,14.78,True,Active,hafsa,None,Normal,3: Sitting down (controlled)
1790603440.4509306,25348,Person A,579.4,2166.4,-80.0,2255.07,14.83,True,Active,hafsa,None,Normal,3: Sitting down (controlled)
1790603440.537338,25349,Person A,578.2,2169.1,-80.0,2255.9,15.0,True,Active,hafsa,None,Normal,3: Sitting down (controlled)
1790603440.5951638,25350,Person A,577.9,2171.8,0.0,2259.39,15.14,True,Active,hafsa,None,Normal,3: Sitting down (controlled)
1790603440.6802657,25351,Person A,579.1,2174.8,-80.0,2266.05,15.28,True,Active,hafsa,None,Normal,3: Sitting down (controlled)
1790603440.8135026,25352,Person A,581.3,2178.0,-240.0,2270.97,15.35,True,Active,hafsa,None,Normal,3: Sitting down (controlled)
1790603440.88839,25353,Person A,584.1,2180.7,0.0,2272.46,15.39,True,Active,hafsa,None,Normal,3: Sitting down (controlled)
1790603440.9724395,25354,Person A,587.1,2183.3,-80.0,2277.02,15.33,True,Active,hafsa,None,Normal,3: Sitting down (controlled)
1790603441.0518723,25355,Person A,590.2,2186.2,0.0,2283.77,15.28,True,Active,hafsa,None,Normal,3: Sitting down (controlled)
1790603441.131062,25356,Person A,593.3,2189.1,0.0,2286.67,15.26,True,Active,hafsa,None,Normal,3: Sitting down (controlled)
1790603441.2473114,25357,Person A,595.9,2191.5,0.0,2283.51,15.26,True,Active,hafsa,None,Normal,3: Sitting down (controlled)
1790603441.3072987,25358,Person A,598.5,2193.6,0.0,2282.11,15.32,True,Active,hafsa,None,Normal,3: Sitting down (controlled)
1790603441.3854775,25359,Person A,600.4,2195.7,0.0,2281.14,15.33,True,Active,hafsa,None,Normal,3: Sitting down (controlled)
1790603441.5105124,25360,Person A,601.8,2197.7,0.0,2282.37,15.35,True,Active,hafsa,None,Normal,3: Sitting down (controlled)
1790603441.5831888,25361,Person A,602.8,2199.6,0.0,2287.02,15.39,True,Active,hafsa,None,Normal,3: Sitting down (controlled)
1790603441.680425,25362,Person A,603.8,2201.1,0.0,2288.09,15.49,True,Active,hafsa,None,Normal,3: Sitting down (controlled)
1790603441.7768204,25363,Person A,605.3,2202.2,-80.0,2287.08,15.68,True,Active,hafsa,None,Normal,3: Sitting down (controlled)
1790603441.8754525,25364,Person A,607.3,2202.6,0.0,2286.24,15.79,True,Active,hafsa,None,Normal,3: Sitting down (controlled)
1790603441.9512413,25365,Person A,609.3,2202.2,0.0,2285.28,15.79,True,Active,hafsa,None,Normal,3: Sitting down (controlled)
1790603442.025212,25366,Person A,610.8,2201.7,0.0,2285.85,15.66,True,Active,hafsa,None,Normal,3: Sitting down (controlled)
1790603442.1181085,25367,Person A,612.1,2202.0,0.0,2289.85,15.55,True,Active,hafsa,None,Normal,3: Sitting down (controlled)
1790603442.2000585,25368,Person A,613.3,2202.7,0.0,2292.05,15.56,True,Active,hafsa,None,Normal,3: Sitting down (controlled)
1790603442.2986598,25369,Person A,614.7,2203.5,0.0,2292.59,15.61,True,Active,hafsa,None,Normal,3: Sitting down (controlled)
1790603442.3759854,25370,Person A,616.4,2204.1,0.0,2292.7,15.72,True,Active,hafsa,None,Normal,3: Sitting down (controlled)
1790603442.4804368,25371,Person A,618.0,2204.2,0.0,2292.28,15.77,True,Active,hafsa,None,Normal,3: Sitting down (controlled)
1790603442.5663176,25372,Person A,619.5,2204.1,0.0,2291.18,15.86,True,Active,hafsa,None,Normal,3: Sitting down (controlled)
1790603442.6654196,25373,Person A,620.6,2204.2,0.0,2291.04,15.94,True,Active,hafsa,None,Normal,3: Sitting down (controlled)
1790603442.7432544,25374,Person A,621.8,2204.2,0.0,2289.53,16.08,True,Active,hafsa,None,Normal,3: Sitting down (controlled)
1790603442.8225093,25375,Person A,623.7,2204.0,0.0,2288.6,16.27,True,Active,hafsa,None,Normal,3: Sitting down (controlled)
1790603442.9116323,25376,Person A,626.9,2203.6,0.0,2290.85,16.46,True,Active,hafsa,None,Normal,3: Sitting down (controlled)
1790603443.056121,25377,Person A,630.8,2202.8,0.0,2292.95,16.55,True,Active,hafsa,None,Normal,3: Sitting down (controlled)
1790603443.120872,25378,Person A,634.8,2201.7,0.0,2292.56,16.6,True,Active,hafsa,None,Normal,3: Sitting down (controlled)
1790603443.1910207,25379,Person A,638.7,2200.6,0.0,2292.85,16.63,True,Active,hafsa,None,Normal,3: Sitting down (controlled)
1790603443.266541,25380,Person A,642.5,2199.4,0.0,2291.79,16.71,True,Active,hafsa,None,Normal,3: Sitting down (controlled)
1790603443.3552468,25381,Person A,646.2,2198.6,0.0,2294.95,16.71,True,Active,hafsa,None,Normal,3: Sitting down (controlled)
1790603443.4880557,25382,Person A,650.1,2198.4,0.0,2300.22,16.8,True,Active,hafsa,None,Normal,3: Sitting down (controlled)
1790603443.5415175,25383,Person A,654.6,2198.1,0.0,2300.93,17.03,True,Active,hafsa,None,Normal,3: Sitting down (controlled)
1790603443.612362,25384,Person A,659.3,2198.1,0.0,2302.99,17.2,True,Active,hafsa,None,Normal,3: Sitting down (controlled)
1790603443.7161803,25385,Person A,664.1,2198.3,0.0,2304.41,17.4,True,Active,hafsa,None,Normal,3: Sitting down (controlled)
1790603443.808654,25386,Person A,669.1,2198.0,0.0,2302.66,17.67,True,Active,hafsa,None,Normal,3: Sitting down (controlled)
1790603443.88763,25387,Person A,674.4,2197.3,0.0,2301.94,17.86,True,Active,hafsa,None,Normal,3: Sitting down (controlled)
1790603443.994177,25388,Person A,679.9,2196.2,0.0,2298.41,17.99,True,Active,hafsa,None,Normal,3: Sitting down (controlled)
1790603444.07646,25389,Person A,685.8,2194.9,0.0,2298.06,18.13,True,Active,hafsa,None,Normal,3: Sitting down (controlled)
1790603444.1566439,25390,Person A,692.0,2193.6,0.0,2298.04,18.29,True,Active,hafsa,None,Normal,3: Sitting down (controlled)
1790603444.243856,25391,Person A,698.2,2192.1,0.0,2299.3,18.3,True,Active,hafsa,None,Normal,3: Sitting down (controlled)
1790603444.3491912,25392,Person A,703.7,2190.6,0.0,2302.47,18.22,True,Active,hafsa,None,Normal,3: Sitting down (controlled)
1790603444.4452348,25393,Person A,708.1,2189.5,80.0,2303.75,18.16,True,Active,hafsa,None,Normal,3: Sitting down (controlled)
1790603444.532754,25394,Person A,710.9,2188.5,80.0,2301.91,17.94,True,Active,hafsa,None,Normal,3: Sitting down (controlled)
1790603444.6087167,25395,Person A,712.2,2187.5,0.0,2298.81,17.78,True,Active,hafsa,None,Normal,3: Sitting down (controlled)
1790603444.7038817,25396,Person A,712.8,2186.6,0.0,2295.92,17.88,True,Active,hafsa,None,Normal,3: Sitting down (controlled)
1790603444.794871,25397,Person A,712.5,2185.5,0.0,2290.55,17.87,True,Active,hafsa,None,Normal,3: Sitting down (controlled)
1790603444.8987625,25398,Person A,711.1,2184.8,0.0,2287.46,17.71,True,Active,hafsa,None,Normal,3: Sitting down (controlled)
1790603444.989979,25399,Person A,708.8,2184.4,0.0,2287.2,17.61,True,Active,hafsa,None,Normal,3: Sitting down (controlled)
1790603445.0489206,25400,Person A,704.9,2184.1,-80.0,2283.24,17.38,True,Active,hafsa,None,Normal,3: Sitting down (controlled)
1790603445.1479692,25401,Person A,700.4,2183.5,-80.0,2279.84,17.27,True,Active,hafsa,None,Normal,3: Sitting down (controlled)
1790603445.2384388,25402,Person A,695.5,2182.2,-80.0,2275.2,17.15,True,Active,hafsa,None,Normal,3: Sitting down (controlled)
1790603445.3194907,25403,Person A,690.5,2180.5,0.0,2272.4,17.1,True,Active,hafsa,None,Normal,3: Sitting down (controlled)
1790603445.424458,25404,Person A,685.9,2178.5,80.0,2269.02,16.99,True,Active,hafsa,None,Normal,3: Sitting down (controlled)
1790603445.5228555,25405,Person A,681.0,2176.5,80.0,2265.16,16.75,True,Active,hafsa,None,Normal,3: Sitting down (controlled)
1790603445.598332,25406,Person A,674.9,2174.8,0.0,2261.63,16.54,True,Active,hafsa,None,Normal,3: Sitting down (controlled)
1790603445.68849,25407,Person A,668.8,2173.6,0.0,2261.06,16.5,True,Active,hafsa,None,Normal,3: Sitting down (controlled)
1790603445.7811022,25408,Person A,663.0,2172.6,0.0,2260.89,16.39,True,Active,hafsa,None,Normal,3: Sitting down (controlled)
1790603445.8716414,25409,Person A,657.0,2171.2,0.0,2256.32,16.27,True,Active,hafsa,None,Normal,3: Sitting down (controlled)
1790603445.9489343,25410,Person A,651.7,2169.8,0.0,2254.52,16.2,True,Active,hafsa,None,Normal,3: Sitting down (controlled)
1790603446.028217,25411,Person A,646.3,2168.7,0.0,2253.82,16.05,True,Active,hafsa,None,Normal,3: Sitting down (controlled)
1790603446.1212485,25412,Person A,640.5,2168.1,0.0,2253.0,15.79,True,Active,hafsa,None,Normal,3: Sitting down (controlled)
1790603446.2123244,25413,Person A,634.2,2167.9,0.0,2252.76,15.58,True,Active,hafsa,None,Normal,3: Sitting down (controlled)
1790603446.3099842,25414,Person A,628.5,2167.9,0.0,2253.03,15.6,True,Active,hafsa,None,Normal,3: Sitting down (controlled)
1790603446.413927,25415,Person A,624.3,2167.7,0.0,2251.49,15.75,True,Active,hafsa,None,Normal,3: Sitting down (controlled)
1790603446.4701183,25416,Person A,621.3,2167.3,0.0,2249.42,15.84,True,Active,hafsa,None,Normal,3: Sitting down (controlled)
1790603446.5795264,25417,Person A,618.5,2167.1,0.0,2251.34,15.83,True,Active,hafsa,None,Normal,3: Sitting down (controlled)
1790603446.6667602,25418,Person A,615.9,2167.0,0.0,2252.72,15.76,True,Active,hafsa,None,Normal,3: Sitting down (controlled)
1790603446.7806935,25419,Person A,613.9,2167.5,0.0,2255.61,15.74,True,Active,hafsa,None,Normal,3: Sitting down (controlled)
1790603446.883528,25420,Person A,612.5,2168.1,0.0,2256.43,15.82,True,Active,hafsa,None,Normal,3: Sitting down (controlled)
1790603446.9506798,25421,Person A,612.3,2168.5,0.0,2257.11,15.97,True,Active,hafsa,None,Normal,3: Sitting down (controlled)
1790603447.016903,25422,Person A,613.7,2168.7,0.0,2258.77,16.12,True,Active,hafsa,None,Normal,3: Sitting down (controlled)
1790603447.1145368,25423,Person A,616.6,2168.6,0.0,2259.76,16.29,True,Active,hafsa,None,Normal,3: Sitting down (controlled)
1790603447.2073612,25424,Person A,620.8,2168.3,0.0,2261.81,16.65,True,Active,hafsa,None,Normal,3: Sitting down (controlled)
1790603447.3011498,25425,Person A,625.6,2168.3,0.0,2264.99,16.91,True,Active,hafsa,None,Normal,3: Sitting down (controlled)
1790603447.36938,25426,Person A,630.1,2169.1,0.0,2269.77,16.88,True,Active,hafsa,None,Normal,3: Sitting down (controlled)
1790603447.4645417,25427,Person A,633.8,2170.2,0.0,2272.25,16.65,True,Active,hafsa,None,Normal,3: Sitting down (controlled)
1790603447.5402215,25428,Person A,636.8,2171.5,0.0,2273.53,16.4,True,Active,hafsa,None,Normal,3: Sitting down (controlled)
1790603447.6314902,25429,Person A,639.8,2172.4,0.0,2272.57,16.41,True,Active,hafsa,None,Normal,3: Sitting down (controlled)
1790603447.736754,25430,Person A,642.2,2173.4,0.0,2272.68,16.33,True,Active,hafsa,None,Normal,3: Sitting down (controlled)
1790603447.8219123,25431,Person A,644.0,2174.6,0.0,2273.64,16.32,True,Active,hafsa,None,Normal,3: Sitting down (controlled)
1790603447.908706,25432,Person A,645.2,2175.8,0.0,2273.64,16.32,True,Active,hafsa,None,Normal,3: Sitting down (controlled)
1790603447.992302,25433,Person A,646.1,2177.2,0.0,2275.73,16.41,True,Active,hafsa,None,Normal,3: Sitting down (controlled)
1790603448.084579,25434,Person A,646.2,2179.0,0.0,2279.35,16.54,True,Active,hafsa,None,Normal,3: Sitting down (controlled)
1790603448.161697,25435,Person A,645.6,2180.8,0.0,2280.49,16.64,True,Active,hafsa,None,Normal,3: Sitting down (controlled)
1790603448.2498002,25436,Person A,645.5,2181.7,0.0,2278.1,16.79,True,Active,hafsa,None,Normal,3: Sitting down (controlled)
1790603448.3531685,25437,Person A,646.8,2181.8,0.0,2276.97,16.95,True,Active,hafsa,None,Normal,3: Sitting down (controlled)
1790603448.4371855,25438,Person A,649.5,2181.5,0.0,2278.43,17.07,True,Active,hafsa,None,Normal,3: Sitting down (controlled)
1790603448.5230765,25439,Person A,652.6,2181.2,0.0,2278.65,17.18,True,Active,hafsa,None,Normal,3: Sitting down (controlled)
1790603448.6054108,25440,Person A,656.3,2180.7,0.0,2278.59,17.26,True,Active,hafsa,None,Normal,3: Sitting down (controlled)
1790603448.7409956,25441,Person A,660.6,2180.0,0.0,2279.42,17.41,True,Active,hafsa,None,Normal,3: Sitting down (controlled)
1790603448.8411639,25442,Person A,666.1,2178.9,0.0,2279.23,17.73,True,Active,hafsa,None,Normal,3: Sitting down (controlled)
1790603448.917599,25443,Person A,672.2,2177.5,0.0,2280.39,17.98,True,Active,hafsa,None,Normal,3: Sitting down (controlled)
1790603449.0020583,25444,Person A,678.3,2175.8,0.0,2281.3,18.13,True,Active,hafsa,None,Normal,3: Sitting down (controlled)
1790603449.062218,25445,Person A,684.1,2174.0,0.0,2280.66,18.16,True,Active,hafsa,None,Normal,3: Sitting down (controlled)
1790603449.139428,25446,Person A,689.4,2173.0,0.0,2284.46,18.13,True,Active,hafsa,None,Normal,3: Sitting down (controlled)
1790603449.2530813,25447,Person A,693.8,2172.4,0.0,2284.48,18.05,True,Active,hafsa,None,Normal,3: Sitting down (controlled)
1790603449.334044,25448,Person A,697.5,2171.7,0.0,2282.91,18.01,True,Active,hafsa,None,Normal,3: Sitting down (controlled)
1790603449.4302835,25449,Person A,700.8,2170.7,0.0,2279.11,18.05,True,Active,hafsa,None,Normal,3: Sitting down (controlled)
1790603449.5192785,25450,Person A,703.7,2169.6,0.0,2276.89,18.04,True,Active,hafsa,None,Normal,3: Sitting down (controlled)
1790603449.58666,25451,Person A,705.9,2168.6,0.0,2276.59,18.01,True,Active,hafsa,None,Normal,3: Sitting down (controlled)
1790603449.698365,25452,Person A,707.1,2168.0,0.0,2277.2,18.06,True,Active,hafsa,None,Normal,3: Sitting down (controlled)
1790603449.7769365,25453,Person A,707.4,2167.3,0.0,2274.66,18.11,True,Active,hafsa,None,Normal,3: Sitting down (controlled)
1790603449.8672802,25454,Person A,707.2,2166.4,0.0,2272.12,18.16,True,Active,hafsa,None,Normal,3: Sitting down (controlled)
1790603449.9503138,25455,Person A,707.1,2165.7,0.0,2273.7,18.2,True,Active,hafsa,None,Normal,3: Sitting down (controlled)
1790603450.030001,25456,Person A,707.0,2164.9,80.0,2276.55,18.17,True,Active,hafsa,None,Normal,3: Sitting down (controlled)
1790603450.1387012,25457,Person A,707.0,2164.4,0.0,2279.73,18.09,True,Active,hafsa,None,Normal,3: Sitting down (controlled)
1790603450.2269242,25458,Person A,706.8,2164.2,0.0,2280.39,17.98,True,Active,hafsa,None,Normal,3: Sitting down (controlled)
1790603450.3079524,25459,Person A,706.4,2164.5,0.0,2280.72,17.93,True,Active,hafsa,None,Normal,3: Sitting down (controlled)
1790603450.3848937,25460,Person A,706.0,2165.1,0.0,2281.37,17.89,True,Active,hafsa,None,Normal,3: Sitting down (controlled)
1790603450.489116,25461,Person A,705.3,2166.0,0.0,2283.0,17.78,True,Active,hafsa,None,Normal,3: Sitting down (controlled)
1790603450.5806592,25462,Person A,704.4,2166.8,0.0,2282.05,17.78,True,Active,hafsa,None,Normal,3: Sitting down (controlled)
1790603450.68268,25463,Person A,703.3,2167.8,0.0,2280.79,17.77,True,Active,hafsa,None,Normal,3: Sitting down (controlled)
1790603450.78108,25464,Person A,701.6,2168.9,0.0,2277.36,17.66,True,Active,hafsa,None,Normal,3: Sitting down (controlled)
1790603450.8451653,25465,Person A,699.6,2169.8,0.0,2276.11,17.65,True,Active,hafsa,None,Normal,3: Sitting down (controlled)
1790603450.9307323,25466,Person A,697.3,2170.2,0.0,2273.29,17.59,True,Active,hafsa,None,Normal,3: Sitting down (controlled)
1790603451.0255468,25467,Person A,695.0,2170.0,0.0,2270.78,17.56,True,Active,hafsa,None,Normal,3: Sitting down (controlled)
1790603451.114932,25468,Person A,693.2,2169.4,0.0,2269.18,17.6,True,Active,hafsa,None,Normal,3: Sitting down (controlled)
1790603451.1920824,25469,Person A,691.7,2168.7,0.0,2269.48,17.62,True,Active,hafsa,None,Normal,3: Sitting down (controlled)
1790603451.291031,25470,Person A,690.0,2167.6,0.0,2265.71,17.57,True,Active,hafsa,None,Normal,3: Sitting down (controlled)
1790603451.3654075,25471,Person A,688.1,2166.0,0.0,2262.0,17.44,True,Active,hafsa,None,Normal,3: Sitting down (controlled)
1790603451.4689126,25472,Person A,685.7,2164.1,0.0,2256.69,17.35,True,Active,hafsa,None,Normal,3: Sitting down (controlled)
1790603451.5677056,25473,Person A,682.8,2162.1,0.0,2253.0,17.22,True,Active,hafsa,None,Normal,3: Sitting down (controlled)
1790603451.6647944,25474,Person A,679.8,2160.4,0.0,2252.18,17.07,True,Active,hafsa,None,Normal,3: Sitting down (controlled)
1790603451.7373693,25475,Person A,676.9,2159.6,0.0,2259.83,17.01,True,Active,hafsa,None,Normal,3: Sitting down (controlled)
1790603451.8162227,25476,Person A,674.9,2159.7,0.0,2268.28,17.1,True,Active,hafsa,None,Normal,3: Sitting down (controlled)
1790603451.9444067,25477,Person A,674.6,2159.8,0.0,2270.83,17.48,True,Active,hafsa,None,Normal,3: Sitting down (controlled)
1790603452.0224829,25478,Person A,675.8,2159.8,0.0,2272.83,17.88,True,Active,hafsa,None,Normal,3: Sitting down (controlled)
1790603452.0959315,25479,Person A,677.5,2159.6,0.0,2272.78,18.04,True,Active,hafsa,None,Normal,3: Sitting down (controlled)
1790603452.1768222,25480,Person A,679.5,2159.7,0.0,2272.78,18.04,True,Active,hafsa,None,Normal,3: Sitting down (controlled)
1790603452.2600462,25481,Person A,681.9,2160.4,-80.0,2275.97,17.97,True,Active,hafsa,None,Normal,3: Sitting down (controlled)
1790603452.360666,25482,Person A,684.5,2161.6,0.0,2276.0,17.89,True,Active,hafsa,None,Normal,3: Sitting down (controlled)
1790603452.469167,25483,Person A,687.3,2163.4,0.0,2278.58,17.76,True,Active,hafsa,None,Normal,3: Sitting down (controlled)
1790603452.5818782,25484,Person A,690.3,2165.4,80.0,2280.22,17.64,True,Active,hafsa,None,Normal,3: Sitting down (controlled)
1790603452.651798,25485,Person A,693.2,2167.0,0.0,2283.73,17.59,True,Active,hafsa,None,Normal,3: Sitting down (controlled)
1790603452.7260768,25486,Person A,695.4,2168.4,-80.0,2288.2,17.52,True,Active,hafsa,None,Normal,3: Sitting down (controlled)
1790603452.7969515,25487,Person A,696.2,2170.2,0.0,2290.41,17.53,True,Active,hafsa,None,Normal,3: Sitting down (controlled)
1790603452.894846,25488,Person A,695.3,2172.1,0.0,2288.2,17.52,True,Active,hafsa,None,Normal,3: Sitting down (controlled)
1790603452.995091,25489,Person A,693.3,2173.9,0.0,2283.83,17.43,True,Active,hafsa,None,Normal,3: Sitting down (controlled)
1790603453.0889277,25490,Person A,690.8,2175.5,0.0,2280.43,17.32,True,Active,hafsa,None,Normal,3: Sitting down (controlled)
1790603453.179112,25491,Person A,688.2,2176.5,0.0,2277.63,17.27,True,Active,hafsa,None,Normal,3: Sitting down (controlled)
1790603453.2943273,25492,Person A,685.4,2177.2,0.0,2274.24,17.16,True,Active,hafsa,None,Normal,3: Sitting down (controlled)
1790603453.3718333,25493,Person A,682.8,2177.3,0.0,2271.74,17.13,True,Active,hafsa,None,Normal,3: Sitting down (controlled)
1790603453.4400988,25494,Person A,680.4,2176.9,0.0,2269.24,17.09,True,Active,hafsa,None,Normal,3: Sitting down (controlled)
1790603453.4988544,25495,Person A,678.2,2176.0,0.0,2268.58,17.13,True,Active,hafsa,None,Normal,3: Sitting down (controlled)
1790603453.587436,25496,Person A,675.9,2174.4,0.0,2266.08,17.09,True,Active,hafsa,None,Normal,3: Sitting down (controlled)
1790603453.7200198,25497,Person A,672.8,2172.5,0.0,2263.07,16.93,True,Active,hafsa,None,Normal,3: Sitting down (controlled)
1790603453.779122,25498,Person A,669.1,2170.7,0.0,2260.09,16.77,True,Active,hafsa,None,Normal,3: Sitting down (controlled)
1790603453.8473454,25499,Person A,665.7,2169.3,0.0,2260.47,16.71,True,Active,hafsa,None,Normal,3: Sitting down (controlled)
1790603453.9428306,25500,Person A,662.8,2168.0,0.0,2259.51,16.72,True,Active,hafsa,None,Normal,3: Sitting down (controlled)
1790603454.0451987,25501,Person A,659.9,2166.9,0.0,2258.65,16.65,True,Active,hafsa,None,Normal,3: Sitting down (controlled)
1790603454.1206062,25502,Person A,657.2,2165.7,0.0,2254.92,16.59,True,Active,hafsa,None,Normal,3: Sitting down (controlled)
1790603454.2389193,25503,Person A,654.6,2164.6,0.0,2253.67,16.58,True,Active,hafsa,None,Normal,3: Sitting down (controlled)
1790603454.3037694,25504,Person A,652.1,2163.7,0.0,2253.39,16.55,True,Active,hafsa,None,Normal,3: Sitting down (controlled)
1790603454.3802934,25505,Person A,649.3,2163.1,0.0,2254.74,16.49,True,Active,hafsa,None,Normal,3: Sitting down (controlled)
1790603454.4750955,25506,Person A,646.1,2162.6,0.0,2252.08,16.35,True,Active,hafsa,None,Normal,3: Sitting down (controlled)
1790603454.608811,25507,Person A,643.2,2162.3,-80.0,2251.92,16.25,True,Active,hafsa,None,Normal,3: Sitting down (controlled)
1790603454.666157,25508,Person A,640.9,2162.5,0.0,2255.48,16.19,True,Active,hafsa,None,Normal,3: Sitting down (controlled)
1790603454.7772362,25509,Person A,638.9,2162.8,0.0,2257.68,16.2,True,Active,hafsa,None,Normal,3: Sitting down (controlled)
1790603454.8675537,25510,Person A,636.8,2163.7,-80.0,2262.2,16.14,True,Active,hafsa,None,Normal,3: Sitting down (controlled)
1790603454.9353468,25511,Person A,634.9,2165.1,0.0,2266.73,16.08,True,Active,hafsa,None,Normal,3: Sitting down (controlled)
1790603455.0284564,25512,Person A,633.2,2167.8,0.0,2276.07,15.99,True,Active,hafsa,None,Normal,3: Sitting down (controlled)
1790603455.1071851,25513,Person A,632.1,2171.9,0.0,2289.94,16.02,True,Active,hafsa,None,Normal,3: Sitting down (controlled)
1790603455.21081,25514,Person A,631.5,2177.0,80.0,2300.66,16.05,True,Active,hafsa,None,Normal,3: Sitting down (controlled)
1790603455.3061893,25515,Person A,631.2,2182.1,0.0,2302.85,16.06,True,Active,hafsa,None,Normal,3: Sitting down (controlled)
1790603455.3839943,25516,Person A,631.5,2187.0,0.0,2299.97,16.08,True,Active,hafsa,None,Normal,3: Sitting down (controlled)
1790603455.4602716,25517,Person A,631.8,2191.6,80.0,2296.94,16.0,True,Active,hafsa,None,Normal,3: Sitting down (controlled)
1790603455.5770667,25518,Person A,632.1,2195.2,0.0,2290.9,16.01,True,Active,hafsa,None,Normal,3: Sitting down (controlled)
1790603455.6548772,25519,Person A,632.3,2198.3,0.0,2288.02,16.03,True,Active,hafsa,None,Normal,3: Sitting down (controlled)
1790603455.7334619,25520,Person A,632.8,2200.8,0.0,2287.61,16.09,True,Active,hafsa,None,Normal,3: Sitting down (controlled)
1790603455.8137999,25521,Person A,633.6,2202.7,0.0,2287.2,16.14,True,Active,hafsa,None,Normal,3: Sitting down (controlled)
1790603455.930662,25522,Person A,634.8,2203.4,0.0,2286.12,16.23,True,Active,hafsa,None,Normal,3: Sitting down (controlled)
1790603456.0052094,25523,Person A,635.7,2202.5,0.0,2283.8,16.3,True,Active,hafsa,None,Normal,3: Sitting down (controlled)
1790603456.0969896,25524,Person A,636.3,2200.3,0.0,2281.2,16.35,True,Active,hafsa,None,Normal,3: Sitting down (controlled)
1790603456.1756074,25525,Person A,636.7,2197.9,0.0,2280.92,16.32,True,Active,hafsa,None,Normal,3: Sitting down (controlled)
1790603456.2588665,25526,Person A,636.9,2195.7,0.0,2279.4,16.28,True,Active,hafsa,None,Normal,3: Sitting down (controlled)
1790603456.3791347,25527,Person A,637.3,2193.6,0.0,2277.88,16.24,True,Active,hafsa,None,Normal,3: Sitting down (controlled)
1790603456.4670491,25528,Person A,637.4,2192.6,0.0,2281.57,16.11,True,Active,hafsa,None,Normal,3: Sitting down (controlled)
1790603456.5436964,25529,Person A,637.3,2192.1,0.0,2282.94,16.05,True,Active,hafsa,None,Normal,3: Sitting down (controlled)
1790603456.6162546,25530,Person A,637.5,2191.7,0.0,2284.32,16.17,True,Active,hafsa,None,Normal,3: Sitting down (controlled)
1790603456.689349,25531,Person A,637.8,2191.3,0.0,2284.2,16.25,True,Active,hafsa,None,Normal,3: Sitting down (controlled)
1790603456.8294575,25532,Person A,638.1,2191.1,-80.0,2285.04,16.32,True,Active,hafsa,None,Normal,3: Sitting down (controlled)
1790603456.8913605,25533,Person A,638.1,2190.9,-480.0,2281.88,16.31,True,Active,hafsa,None,Normal,3: Sitting down (controlled)
1790603456.98999,25534,Person A,637.7,2190.6,-320.0,2277.2,16.27,True,Active,hafsa,None,Normal,3: Sitting down (controlled)
1790603457.0624428,25535,Person A,636.9,2189.9,0.0,2271.96,16.18,True,Active,hafsa,None,Normal,3: Sitting down (controlled)
1790603457.1490548,25536,Person A,635.9,2189.2,0.0,2269.89,16.09,True,Active,hafsa,None,Normal,3: Sitting down (controlled)
1790603457.2559638,25537,Person A,634.9,2188.2,-160.0,2265.49,16.07,True,Active,hafsa,None,Normal,3: Sitting down (controlled)
1790603457.348171,25538,Person A,634.3,2186.7,-160.0,2265.49,16.07,True,Active,hafsa,None,Normal,3: Sitting down (controlled)
1790603457.4369063,25539,Person A,634.5,2185.1,-80.0,2268.12,16.21,True,Active,hafsa,None,Normal,3: Sitting down (controlled)
1790603457.5328588,25540,Person A,634.7,2183.5,0.0,2269.52,16.33,True,Active,hafsa,None,Normal,3: Sitting down (controlled)
1790603457.6037695,25541,Person A,635.0,2182.2,0.0,2272.57,16.41,True,Active,hafsa,None,Normal,3: Sitting down (controlled)
1790603457.6978474,25542,Person A,635.3,2180.7,80.0,2271.5,16.5,True,Active,hafsa,None,Normal,3: Sitting down (controlled)
1790603457.7780213,25543,Person A,635.9,2179.4,0.0,2271.11,16.55,True,Active,hafsa,None,Normal,3: Sitting down (controlled)
1790603457.8843956,25544,Person A,637.2,2178.5,0.0,2272.25,16.65,True,Active,hafsa,None,Normal,3: Sitting down (controlled)
1790603457.970914,25545,Person A,639.4,2178.2,-80.0,2275.32,16.73,True,Active,hafsa,None,Normal,3: Sitting down (controlled)
1790603458.041475,25546,Person A,642.7,2178.2,0.0,2279.26,16.88,True,Active,hafsa,None,Normal,3: Sitting down (controlled)
1790603458.1386912,25547,Person A,646.6,2178.9,-80.0,2283.29,16.96,True,Active,hafsa,None,Normal,3: Sitting down (controlled)
1790603458.224697,25548,Person A,650.9,2179.7,0.0,2285.42,17.05,True,Active,hafsa,None,Normal,3: Sitting down (controlled)
1790603458.3128777,25549,Person A,655.0,2180.1,0.0,2283.73,17.17,True,Active,hafsa,None,Normal,3: Sitting down (controlled)
1790603458.394411,25550,Person A,658.6,2180.2,0.0,2280.86,17.19,True,Active,hafsa,None,Normal,3: Sitting down (controlled)
1790603458.5149736,25551,Person A,661.3,2180.0,0.0,2278.43,17.07,True,Active,hafsa,None,Normal,3: Sitting down (controlled)
1790603458.5883613,25552,Person A,663.2,2179.6,0.0,2273.14,16.98,True,Active,hafsa,None,Normal,3: Sitting down (controlled)
1790603458.678861,25553,Person A,665.0,2179.0,0.0,2270.57,17.03,True,Active,hafsa,None,Normal,3: Sitting down (controlled)
1790603458.778811,25554,Person A,667.0,2177.8,0.0,2266.6,17.22,True,Active,hafsa,None,Normal,3: Sitting down (controlled)
1790603458.8622155,25555,Person A,669.3,2176.0,0.0,2264.86,17.42,True,Active,hafsa,None,Normal,3: Sitting down (controlled)
1790603458.9313526,25556,Person A,671.2,2173.8,0.0,2263.86,17.51,True,Active,hafsa,None,Normal,3: Sitting down (controlled)
1790603459.0611172,25557,Person A,672.8,2171.4,0.0,2265.11,17.52,True,Active,hafsa,None,Normal,3: Sitting down (controlled)
1790603459.1413393,25558,Person A,673.8,2168.7,0.0,2262.6,17.49,True,Active,hafsa,None,Normal,3: Sitting down (controlled)
1790603459.2289333,25559,Person A,674.1,2166.2,0.0,2260.75,17.43,True,Active,hafsa,None,Normal,3: Sitting down (controlled)
1790603459.3114748,25560,Person A,674.3,2163.9,0.0,2259.49,17.41,True,Active,hafsa,None,Normal,3: Sitting down (controlled)
1790603459.387393,25561,Person A,675.3,2161.4,0.0,2257.53,17.5,True,Active,hafsa,None,Normal,3: Sitting down (controlled)
1790603459.4683359,25562,Person A,677.1,2159.3,0.0,2258.44,17.58,True,Active,hafsa,None,Normal,3: Sitting down (controlled)
1790603459.5852911,25563,Person A,678.8,2157.6,0.0,2259.39,17.57,True,Active,hafsa,None,Normal,3: Sitting down (controlled)
1790603459.6489522,25564,Person A,680.2,2156.6,80.0,2261.25,17.63,True,Active,hafsa,None,Normal,3: Sitting down (controlled)
1790603459.734088,25565,Person A,681.2,2155.9,80.0,2261.21,17.71,True,Active,hafsa,None,Normal,3: Sitting down (controlled)
1790603459.8223798,25566,Person A,682.5,2155.4,0.0,2263.04,17.86,True,Active,hafsa,None,Normal,3: Sitting down (controlled)
1790603459.918342,25567,Person A,684.2,2154.6,0.0,2262.68,17.99,True,Active,hafsa,None,Normal,3: Sitting down (controlled)
1790603460.0057185,25568,Person A,686.3,2153.9,0.0,2262.34,18.05,True,Active,hafsa,None,Normal,3: Sitting down (controlled)
1790603460.0892518,25569,Person A,688.7,2153.2,0.0,2261.39,18.06,True,Active,hafsa,None,Normal,3: Sitting down (controlled)
1790603460.1896093,25570,Person A,690.7,2152.5,0.0,2258.9,17.95,True,Active,hafsa,None,Normal,3: Sitting down (controlled)
1790603460.2644129,25571,Person A,691.6,2152.6,0.0,2261.21,17.71,True,Active,hafsa,None,Normal,3: Sitting down (controlled)
1790603460.3612838,25572,Person A,691.7,2153.0,0.0,2262.55,17.57,True,Active,hafsa,None,Normal,3: Sitting down (controlled)
1790603460.4586706,25573,Person A,691.7,2153.6,0.0,2265.11,17.52,True,Active,hafsa,None,Normal,3: Sitting down (controlled)
1790603460.563169,25574,Person A,692.0,2154.1,0.0,2266.92,17.67,True,Active,hafsa,None,Normal,3: Sitting down (controlled)
1790603460.6588168,25575,Person A,692.5,2154.5,0.0,2266.54,17.8,True,Active,hafsa,None,Normal,3: Sitting down (controlled)
1790603460.7247138,25576,Person A,692.7,2154.9,0.0,2267.46,17.88,True,Active,hafsa,None,Normal,3: Sitting down (controlled)
1790603460.8106823,25577,Person A,692.6,2155.4,0.0,2267.12,17.93,True,Active,hafsa,None,Normal,3: Sitting down (controlled)
1790603460.906143,25578,Person A,692.2,2156.0,0.0,2266.82,17.91,True,Active,hafsa,None,Normal,3: Sitting down (controlled)
1790603461.0115259,25579,Person A,691.5,2156.9,0.0,2267.8,17.82,True,Active,hafsa,None,Normal,3: Sitting down (controlled)
1790603461.0957885,25580,Person A,691.2,2157.9,0.0,2267.49,17.8,True,Active,hafsa,None,Normal,3: Sitting down (controlled)
1790603461.1643524,25581,Person A,691.6,2158.5,0.0,2268.14,17.76,True,Active,hafsa,None,Normal,3: Sitting down (controlled)
1790603461.2481852,25582,Person A,692.6,2158.6,0.0,2266.54,17.8,True,Active,hafsa,None,Normal,3: Sitting down (controlled)
1790603461.3508618,25583,Person A,694.0,2158.1,0.0,2264.61,17.9,True,Active,hafsa,None,Normal,3: Sitting down (controlled)
1790603461.4335034,25584,Person A,695.0,2157.3,0.0,2262.37,17.97,True,Active,hafsa,None,Normal,3: Sitting down (controlled)
1790603461.530411,25585,Person A,695.8,2156.4,0.0,2260.44,18.07,True,Active,hafsa,None,Normal,3: Sitting down (controlled)
1790603461.6089165,25586,Person A,696.6,2155.5,0.0,2261.38,18.14,True,Active,hafsa,None,Normal,3: Sitting down (controlled)
1790603461.7077098,25587,Person A,697.1,2154.6,0.0,2260.11,18.12,True,Active,hafsa,None,Normal,3: Sitting down (controlled)
1790603461.7979877,25588,Person A,697.8,2153.2,0.0,2255.67,18.19,True,Active,hafsa,None,Normal,3: Sitting down (controlled)
1790603461.8788047,25589,Person A,698.7,2151.4,0.0,2253.46,18.18,True,Active,hafsa,None,Normal,3: Sitting down (controlled)
1790603461.9545379,25590,Person A,700.0,2149.2,0.0,2250.6,18.28,True,Active,hafsa,None,Normal,3: Sitting down (controlled)
1790603462.0509443,25591,Person A,702.1,2146.5,0.0,2249.01,18.48,True,Active,hafsa,None,Normal,3: Sitting down (controlled)
1790603462.149819,25592,Person A,705.0,2143.5,0.0,2247.15,18.74,True,Active,hafsa,None,Normal,3: Sitting down (controlled)
1790603462.2464502,25593,Person A,708.2,2140.5,0.0,2246.24,18.91,True,Active,hafsa,None,Normal,3: Sitting down (controlled)
1790603462.3074281,25594,Person A,711.5,2137.5,0.0,2244.38,19.01,True,Active,hafsa,None,Normal,3: Sitting down (controlled)
1790603462.3950071,25595,Person A,714.4,2134.7,0.0,2243.11,18.99,True,Active,hafsa,None,Normal,3: Sitting down (controlled)
1790603462.4890153,25596,Person A,717.3,2131.9,0.0,2244.09,19.06,True,Active,hafsa,None,Normal,3: Sitting down (controlled)
1790603462.593039,25597,Person A,720.1,2129.2,0.0,2243.44,19.02,True,Active,hafsa,None,Normal,3: Sitting down (controlled)
1790603462.6782486,25598,Person A,723.0,2127.4,0.0,2247.87,19.03,True,Active,hafsa,None,Normal,3: Sitting down (controlled)
1790603462.7860875,25599,Person A,726.1,2126.3,0.0,2252.92,19.01,True,Active,hafsa,None,Normal,3: Sitting down (controlled)
1790603462.8725157,25600,Person A,729.2,2125.9,0.0,2256.74,19.06,True,Active,hafsa,None,Normal,3: Sitting down (controlled)
1790603462.9382963,25601,Person A,731.9,2126.1,0.0,2259.61,19.12,True,Active,hafsa,None,Normal,3: Sitting down (controlled)
1790603463.0607839,25602,Person A,733.6,2127.1,0.0,2262.12,19.07,True,Active,hafsa,None,Normal,3: Sitting down (controlled)
1790603463.1475067,25603,Person A,734.6,2128.4,0.0,2261.79,19.04,True,Active,hafsa,None,Normal,3: Sitting down (controlled)
1790603463.2148921,25604,Person A,735.2,2129.9,0.0,2260.52,19.03,True,Active,hafsa,None,Normal,3: Sitting down (controlled)
1790603463.2791538,25605,Person A,735.6,2131.3,0.0,2257.65,18.97,True,Active,hafsa,None,Normal,3: Sitting down (controlled)
1790603463.3659844,25606,Person A,735.5,2132.8,0.0,2257.95,18.92,True,Active,hafsa,None,Normal,3: Sitting down (controlled)
1790603463.5047305,25607,Person A,735.4,2134.3,0.0,2257.3,18.87,True,Active,hafsa,None,Normal,3: Sitting down (controlled)
1790603463.5499508,25608,Person A,734.8,2135.5,0.0,2257.28,18.79,True,Active,hafsa,None,Normal,3: Sitting down (controlled)
1790603463.6572945,25609,Person A,733.9,2136.2,0.0,2256.63,18.74,True,Active,hafsa,None,Normal,3: Sitting down (controlled)
1790603463.7588062,25610,Person A,733.1,2136.7,0.0,2258.87,18.83,True,Active,hafsa,None,Normal,3: Sitting down (controlled)
1790603463.8347754,25611,Person A,732.2,2137.2,0.0,2261.41,18.86,True,Active,hafsa,None,Normal,3: Sitting down (controlled)
1790603463.9161956,25612,Person A,731.7,2137.6,0.0,2264.27,18.92,True,Active,hafsa,None,Normal,3: Sitting down (controlled)
1790603464.0141046,25613,Person A,731.0,2138.2,0.0,2265.19,18.83,True,Active,hafsa,None,Normal,3: Sitting down (controlled)
1790603464.0891912,25614,Person A,729.8,2139.1,0.0,2265.16,18.67,True,Active,hafsa,None,Normal,3: Sitting down (controlled)
1790603464.1785617,25615,Person A,727.9,2140.2,0.0,2261.98,18.43,True,Active,hafsa,None,Normal,3: Sitting down (controlled)
1790603464.2829015,25616,Person A,725.4,2141.0,0.0,2257.56,18.25,True,Active,hafsa,None,Normal,3: Sitting down (controlled)
1790603464.3787436,25617,Person A,722.5,2142.0,0.0,2257.59,18.09,True,Active,hafsa,None,Normal,3: Sitting down (controlled)
1790603464.4687433,25618,Person A,719.7,2143.5,0.0,2262.68,17.99,True,Active,hafsa,None,Normal,3: Sitting down (controlled)
1790603464.5534651,25619,Person A,717.2,2145.4,0.0,2266.79,17.99,True,Active,hafsa,None,Normal,3: Sitting down (controlled)
1790603464.6341763,25620,Person A,714.3,2147.3,0.0,2267.74,17.98,True,Active,hafsa,None,Normal,3: Sitting down (controlled)
1790603464.7227252,25621,Person A,710.8,2149.3,0.0,2269.36,17.86,True,Active,hafsa,None,Normal,3: Sitting down (controlled)
1790603464.8446553,25622,Person A,706.7,2151.1,0.0,2268.45,17.79,True,Active,hafsa,None,Normal,3: Sitting down (controlled)
1790603464.9218147,25623,Person A,702.3,2153.2,0.0,2271.39,17.61,True,Active,hafsa,None,Normal,3: Sitting down (controlled)
1790603465.0662053,25624,Person A,698.4,2155.3,0.0,2272.99,17.57,True,Active,hafsa,None,Normal,3: Sitting down (controlled)
1790603465.1373248,25625,Person A,695.4,2157.4,0.0,2272.69,17.54,True,Active,hafsa,None,Normal,3: Sitting down (controlled)
1790603465.2441318,25626,Person A,693.2,2159.5,0.0,2270.78,17.56,True,Active,hafsa,None,Normal,3: Sitting down (controlled)
1790603465.319425,25627,Person A,691.4,2161.6,0.0,2272.09,17.49,True,Active,hafsa,None,Normal,3: Sitting down (controlled)
1790603465.4224184,25628,Person A,689.6,2163.3,0.0,2273.39,17.43,True,Active,hafsa,None,Normal,3: Sitting down (controlled)
1790603465.4845848,25629,Person A,687.5,2164.5,0.0,2271.84,17.39,True,Active,hafsa,None,Normal,3: Sitting down (controlled)
1790603465.5408993,25630,Person A,685.3,2165.4,0.0,2269.63,17.38,True,Active,hafsa,None,Normal,3: Sitting down (controlled)
1790603465.5995915,25631,Person A,683.5,2165.7,80.0,2266.77,17.4,True,Active,hafsa,None,Normal,3: Sitting down (controlled)
1790603465.722486,25632,Person A,682.0,2166.1,0.0,2267.73,17.4,True,Active,hafsa,None,Normal,3: Sitting down (controlled)
1790603465.810481,25633,Person A,681.4,2166.0,0.0,2268.62,17.47,True,Active,hafsa,None,Normal,3: Sitting down (controlled)
1790603465.8963995,25634,Person A,681.1,2165.5,0.0,2267.32,17.53,True,Active,hafsa,None,Normal,3: Sitting down (controlled)
1790603465.9647536,25635,Person A,681.1,2164.8,0.0,2266.02,17.6,True,Active,hafsa,None,Normal,3: Sitting down (controlled)
1790603466.0489569,25636,Person A,681.1,2164.2,0.0,2265.06,17.6,True,Active,hafsa,None,Normal,3: Sitting down (controlled)
1790603466.1652067,25637,Person A,681.2,2162.8,0.0,2259.04,17.62,True,Active,hafsa,None,Normal,3: Sitting down (controlled)
1790603466.2762344,25638,Person A,681.4,2160.8,0.0,2254.93,17.63,True,Active,hafsa,None,Normal,3: Sitting down (controlled)
1790603466.3394642,25639,Person A,681.8,2158.5,0.0,2251.11,17.66,True,Active,hafsa,None,Normal,3: Sitting down (controlled)
1790603466.3968637,25640,Person A,682.5,2156.0,0.0,2247.91,17.74,True,Active,hafsa,None,Normal,3: Sitting down (controlled)
1790603466.4799452,25641,Person A,683.4,2153.6,0.0,2246.62,17.81,True,Active,hafsa,None,Normal,3: Sitting down (controlled)
1790603466.6258857,25642,Person A,684.7,2150.9,0.0,2245.94,17.92,True,Active,hafsa,None,Normal,3: Sitting down (controlled)
1790603466.7049873,25643,Person A,686.1,2148.1,0.0,2246.22,18.02,True,Active,hafsa,None,Normal,3: Sitting down (controlled)
1790603466.7941935,25644,Person A,687.3,2145.3,0.0,2244.32,18.04,True,Active,hafsa,None,Normal,3: Sitting down (controlled)
1790603466.8784027,25645,Person A,688.3,2142.8,0.0,2245.27,18.03,True,Active,hafsa,None,Normal,3: Sitting down (controlled)
1790603466.9675665,25646,Person A,689.3,2140.5,0.0,2246.22,18.02,True,Active,hafsa,None,Normal,3: Sitting down (controlled)
1790603467.0823863,25647,Person A,690.0,2138.8,0.0,2244.99,17.93,True,Active,hafsa,None,Normal,3: Sitting down (controlled)
1790603467.1685216,25648,Person A,690.6,2137.6,0.0,2245.33,17.87,True,Active,hafsa,None,Normal,3: Sitting down (controlled)
1790603467.236872,25649,Person A,691.3,2136.7,0.0,2244.68,17.9,True,Active,hafsa,None,Normal,3: Sitting down (controlled)
1790603467.3069959,25650,Person A,691.6,2136.3,0.0,2245.02,17.85,True,Active,hafsa,None,Normal,3: Sitting down (controlled)
1790603467.3972833,25651,Person A,691.3,2136.4,0.0,2246.65,17.73,True,Active,hafsa,None,Normal,3: Sitting down (controlled)
1790603467.4890082,25652,Person A,689.9,2137.5,0.0,2252.16,17.49,True,Active,hafsa,None,Normal,3: Sitting down (controlled)
1790603467.5814054,25653,Person A,686.7,2139.7,0.0,2257.55,17.08,True,Active,hafsa,None,Normal,3: Sitting down (controlled)
1790603467.6682284,25654,Person A,679.4,2144.8,0.0,2271.81,15.89,True,Active,hafsa,None,Normal,3: Sitting down (controlled)
1790603467.7494996,25655,Person A,671.9,2150.8,0.0,2280.88,15.77,True,Active,hafsa,None,Normal,3: Sitting down (controlled)
1790603467.8375666,25656,Person A,666.2,2156.9,0.0,2287.76,16.19,True,Active,hafsa,None,Normal,3: Sitting down (controlled)
1790603467.9295976,25657,Person A,662.0,2162.9,0.0,2289.89,16.46,True,Active,hafsa,None,Normal,3: Sitting down (controlled)
1790603468.0148814,25658,Person A,659.0,2168.4,80.0,2288.92,16.73,True,Active,hafsa,None,Normal,3: Sitting down (controlled)
1790603468.1277857,25659,Person A,657.3,2173.0,0.0,2283.43,17.14,True,Active,hafsa,None,Normal,3: Sitting down (controlled)
1790603468.1975198,25660,Person A,655.9,2177.7,0.0,2285.64,17.15,True,Active,hafsa,None,Normal,3: Sitting down (controlled)
1790603468.2706258,25661,Person A,654.8,2182.4,0.0,2288.21,17.1,True,Active,hafsa,None,Normal,3: Sitting down (controlled)
1790603468.371971,25662,Person A,653.9,2186.1,0.0,2284.83,17.0,True,Active,hafsa,None,Normal,3: Sitting down (controlled)
1790603468.4609804,25663,Person A,653.7,2188.6,0.0,2280.88,16.85,True,Active,hafsa,None,Normal,3: Sitting down (controlled)
1790603468.5488179,25664,Person A,657.4,2188.6,0.0,2282.22,16.78,True,Active,hafsa,None,Normal,3: Sitting down (controlled)
1790603468.6425433,25665,Person A,661.1,2187.7,0.0,2282.6,16.73,True,Active,hafsa,None,Normal,3: Sitting down (controlled)
1790603468.728106,25666,Person A,663.2,2186.5,0.0,2282.22,16.78,True,Active,hafsa,None,Normal,3: Sitting down (controlled)
1790603468.8155718,25667,Person A,664.5,2185.2,-80.0,2281.17,16.87,True,Active,hafsa,None,Normal,3: Sitting down (controlled)
1790603468.9277122,25668,Person A,664.9,2184.0,-80.0,2278.59,16.92,True,Active,hafsa,None,Normal,3: Sitting down (controlled)
1790603468.9986715,25669,Person A,663.5,2183.4,0.0,2273.6,16.85,True,Active,hafsa,None,Normal,3: Sitting down (controlled)
1790603469.076789,25670,Person A,661.7,2182.4,0.0,2270.82,16.79,True,Active,hafsa,None,Normal,3: Sitting down (controlled)
1790603469.1685028,25671,Person A,659.5,2181.4,0.0,2272.25,16.65,True,Active,hafsa,None,Normal,3: Sitting down (controlled)
1790603469.2959943,25672,Person A,657.2,2180.7,0.0,2271.5,16.5,True,Active,hafsa,None,Normal,3: Sitting down (controlled)
1790603469.3647692,25673,Person A,655.5,2180.0,0.0,2269.3,16.49,True,Active,hafsa,None,Normal,3: Sitting down (controlled)
1790603469.4480634,25674,Person A,654.3,2179.4,0.0,2273.03,16.54,True,Active,hafsa,None,Normal,3: Sitting down (controlled)
1790603469.5204086,25675,Person A,653.6,2179.2,0.0,2278.67,16.57,True,Active,hafsa,None,Normal,3: Sitting down (controlled)
1790603469.608602,25676,Person A,653.1,2179.5,0.0,2283.65,16.64,True,Active,hafsa,None,Normal,3: Sitting down (controlled)
1790603469.7450173,25677,Person A,652.6,2180.3,0.0,2287.38,16.69,True,Active,hafsa,None,Normal,3: Sitting down (controlled)
1790603469.8255742,25678,Person A,652.1,2181.6,0.0,2289.59,16.7,True,Active,hafsa,None,Normal,3: Sitting down (controlled)
1790603469.924903,25679,Person A,651.8,2183.2,0.0,2288.06,16.66,True,Active,hafsa,None,Normal,3: Sitting down (controlled)
1790603470.0030649,25680,Person A,651.8,2184.8,0.0,2286.14,16.68,True,Active,hafsa,None,Normal,3: Sitting down (controlled)
1790603470.0742779,25681,Person A,652.9,2186.0,0.0,2286.91,16.83,True,Active,hafsa,None,Normal,3: Sitting down (controlled)
1790603470.1436956,25682,Person A,654.9,2186.8,0.0,2284.91,16.92,True,Active,hafsa,None,Normal,3: Sitting down (controlled)
1790603470.2443023,25683,Person A,656.8,2187.6,0.0,2282.42,16.89,True,Active,hafsa,None,Normal,3: Sitting down (controlled)
1790603470.3190005,25684,Person A,657.7,2188.3,0.0,2282.31,16.7,True,Active,hafsa,None,Normal,3: Sitting down (controlled)
1790603470.4073858,25685,Person A,657.9,2188.9,-80.0,2285.0,16.58,True,Active,hafsa,None,Normal,3: Sitting down (controlled)
1790603470.514494,25686,Person A,657.5,2189.2,0.0,2285.38,16.52,True,Active,hafsa,None,Normal,3: Sitting down (controlled)
1790603470.6037638,25687,Person A,656.7,2188.8,-80.0,2281.26,16.53,True,Active,hafsa,None,Normal,3: Sitting down (controlled)
1790603470.6872683,25688,Person A,655.2,2187.6,0.0,2273.81,16.43,True,Active,hafsa,None,Normal,3: Sitting down (controlled)
1790603470.7883935,25689,Person A,653.7,2185.9,160.0,2267.49,16.42,True,Active,hafsa,None,Normal,3: Sitting down (controlled)
1790603470.8676164,25690,Person A,652.0,2184.1,80.0,2264.05,16.39,True,Active,hafsa,None,Normal,3: Sitting down (controlled)
1790603470.9435825,25691,Person A,650.2,2182.3,160.0,2264.5,16.52,True,Active,hafsa,None,Normal,3: Sitting down (controlled)
1790603471.074087,25692,Person A,648.3,2180.7,0.0,2264.11,16.58,True,Active,hafsa,None,Normal,3: Sitting down (controlled)
1790603471.161567,25693,Person A,646.3,2179.1,-80.0,2261.34,16.52,True,Active,hafsa,None,Normal,3: Sitting down (controlled)
1790603471.2418573,25694,Person A,645.0,2177.2,-80.0,2260.38,16.53,True,Active,hafsa,None,Normal,3: Sitting down (controlled)
1790603471.3080912,25695,Person A,643.7,2174.6,0.0,2256.37,16.45,True,Active,hafsa,None,Normal,3: Sitting down (controlled)
1790603471.3969371,25696,Person A,642.2,2171.9,0.0,2255.24,16.35,True,Active,hafsa,None,Normal,3: Sitting down (controlled)
1790603471.4902277,25697,Person A,640.9,2169.6,0.0,2255.52,16.38,True,Active,hafsa,None,Normal,3: Sitting down (controlled)
1790603471.5828795,25698,Person A,640.1,2168.2,0.0,2258.12,16.33,True,Active,hafsa,None,Normal,3: Sitting down (controlled)
1790603471.6570897,25699,Person A,639.0,2167.9,0.0,2261.52,16.18,True,Active,hafsa,None,Normal,3: Sitting down (controlled)
1790603471.7571387,25700,Person A,637.3,2169.0,0.0,2269.88,15.9,True,Active,hafsa,None,Normal,3: Sitting down (controlled)
1790603471.84534,25701,Person A,634.0,2171.4,0.0,2278.45,15.56,True,Active,hafsa,None,Normal,3: Sitting down (controlled)
1790603471.9349644,25702,Person A,629.4,2174.8,0.0,2284.21,15.23,True,Active,hafsa,None,Normal,3: Sitting down (controlled)
1790603472.0256667,25703,Person A,624.7,2178.7,80.0,2286.06,15.11,True,Active,hafsa,None,Normal,3: Sitting down (controlled)
1790603472.0981092,25704,Person A,619.8,2182.5,0.0,2283.61,15.08,True,Active,hafsa,None,Normal,3: Sitting down (controlled)
1790603472.1957421,25705,Person A,615.0,2186.4,0.0,2280.9,15.02,True,Active,hafsa,None,Normal,3: Sitting down (controlled)
1790603472.2817607,25706,Person A,610.4,2190.1,0.0,2278.45,14.98,True,Active,hafsa,None,Normal,3: Sitting down (controlled)
1790603472.383412,25707,Person A,606.0,2193.9,0.0,2280.19,15.05,True,Active,hafsa,None,Normal,3: Sitting down (controlled)
1790603472.4765058,25708,Person A,602.0,2197.3,0.0,2280.01,15.13,True,Active,hafsa,None,Normal,3: Sitting down (controlled)
1790603472.5997612,25709,Person A,598.5,2200.0,80.0,2278.08,15.14,True,Active,hafsa,None,Normal,3: Sitting down (controlled)
1790603472.677943,25710,Person A,595.7,2201.5,80.0,2276.85,15.12,True,Active,hafsa,None,Normal,3: Sitting down (controlled)
1790603472.7647393,25711,Person A,593.8,2201.5,0.0,2273.43,15.09,True,Active,hafsa,None,Normal,3: Sitting down (controlled)
1790603472.8858707,25712,Person A,592.8,2200.6,0.0,2272.91,15.05,True,Active,hafsa,None,Normal,3: Sitting down (controlled)
1790603473.0274682,25713,Person A,591.7,2199.9,0.0,2276.45,14.89,True,Active,hafsa,None,Normal,3: Sitting down (controlled)
1790603473.115489,25714,Person A,590.5,2200.1,0.0,2282.45,14.77,True,Active,hafsa,None,Normal,3: Sitting down (controlled)
1790603473.1929073,25715,Person A,590.0,2201.3,-80.0,2291.21,14.82,True,Active,hafsa,None,Normal,3: Sitting down (controlled)
1790603473.2625377,25716,Person A,590.1,2203.0,0.0,2295.13,14.9,True,Active,hafsa,None,Normal,3: Sitting down (controlled)
1790603473.3200834,25717,Person A,590.9,2204.6,0.0,2297.72,15.14,True,Active,hafsa,None,Normal,3: Sitting down (controlled)
1790603473.3858943,25718,Person A,592.1,2206.2,80.0,2298.59,15.31,True,Active,hafsa,None,Normal,3: Sitting down (controlled)
1790603473.4458892,25719,Person A,593.8,2207.6,-80.0,2296.06,15.46,True,Active,hafsa,None,Normal,3: Sitting down (controlled)
1790603473.5202193,25720,Person A,595.7,2208.7,0.0,2292.48,15.51,True,Active,hafsa,None,Normal,3: Sitting down (controlled)
1790603473.6111286,25721,Person A,597.2,2209.7,80.0,2287.02,15.39,True,Active,hafsa,None,Normal,3: Sitting down (controlled)
1790603473.717797,25722,Person A,598.5,2210.3,-80.0,2282.11,15.32,True,Active,hafsa,None,Normal,3: Sitting down (controlled)
1790603473.7942207,25723,Person A,601.0,2209.7,-80.0,2277.22,15.54,True,Active,hafsa,None,Normal,3: Sitting down (controlled)
1790603473.8786728,25724,Person A,604.5,2208.0,0.0,2275.26,15.73,True,Active,hafsa,None,Normal,3: Sitting down (controlled)
1790603473.9673839,25725,Person A,608.9,2205.3,80.0,2276.89,16.06,True,Active,hafsa,None,Normal,3: Sitting down (controlled)
1790603474.0570683,25726,Person A,614.0,2202.1,-80.0,2278.04,16.34,True,Active,hafsa,None,Normal,3: Sitting down (controlled)
1790603474.1896214,25727,Person A,618.8,2198.7,0.0,2278.1,16.53,True,Active,hafsa,None,Normal,3: Sitting down (controlled)
1790603474.247089,25728,Person A,623.4,2195.1,0.0,2276.66,16.67,True,Active,hafsa,None,Normal,3: Sitting down (controlled)
1790603474.3172069,25729,Person A,628.0,2191.7,0.0,2276.18,16.8,True,Active,hafsa,None,Normal,3: Sitting down (controlled)
1790603474.4023058,25730,Person A,632.6,2188.6,0.0,2275.51,16.83,True,Active,hafsa,None,Normal,3: Sitting down (controlled)
1790603474.5127878,25731,Person A,638.2,2185.4,0.0,2271.89,16.97,True,Active,hafsa,None,Normal,3: Sitting down (controlled)
1790603474.6082797,25732,Person A,644.2,2182.4,0.0,2269.98,16.98,True,Active,hafsa,None,Normal,3: Sitting down (controlled)
1790603474.6781962,25733,Person A,649.7,2179.8,0.0,2267.7,17.05,True,Active,hafsa,None,Normal,3: Sitting down (controlled)
1790603474.7794971,25734,Person A,655.3,2177.4,0.0,2268.15,17.26,True,Active,hafsa,None,Normal,3: Sitting down (controlled)
1790603474.8686945,25735,Person A,660.3,2174.7,0.0,2265.46,17.47,True,Active,hafsa,None,Normal,3: Sitting down (controlled)
1790603474.9540932,25736,Person A,664.4,2171.6,0.0,2260.34,17.56,True,Active,hafsa,None,Normal,3: Sitting down (controlled)
1790603475.077291,25737,Person A,667.7,2168.3,0.0,2256.23,17.57,True,Active,hafsa,None,Normal,3: Sitting down (controlled)
1790603475.1643698,25738,Person A,669.7,2166.3,0.0,2263.37,17.3,True,Active,hafsa,None,Normal,3: Sitting down (controlled)
1790603475.2563071,25739,Person A,670.4,2165.7,0.0,2272.48,17.02,True,Active,hafsa,None,Normal,3: Sitting down (controlled)
1790603475.3329768,25740,Person A,670.7,2165.8,0.0,2277.34,16.9,True,Active,hafsa,None,Normal,3: Sitting down (controlled)
1790603475.4092386,25741,Person A,670.4,2166.8,0.0,2280.59,16.82,True,Active,hafsa,None,Normal,3: Sitting down (controlled)
1790603475.499385,25742,Person A,670.4,2168.2,0.0,2283.37,16.88,True,Active,hafsa,None,Normal,3: Sitting down (controlled)
1790603475.587109,25743,Person A,671.0,2170.1,0.0,2287.62,17.06,True,Active,hafsa,None,Normal,3: Sitting down (controlled)
1790603475.687656,25744,Person A,671.6,2172.3,0.0,2290.94,17.24,True,Active,hafsa,None,Normal,3: Sitting down (controlled)
1790603475.7747748,25745,Person A,672.4,2175.0,0.0,2293.62,17.46,True,Active,hafsa,None,Normal,3: Sitting down (controlled)
1790603475.8447266,25746,Person A,673.5,2177.8,0.0,2290.36,17.61,True,Active,hafsa,None,Normal,3: Sitting down (controlled)
1790603475.9406698,25747,Person A,674.6,2180.6,0.0,2286.24,17.62,True,Active,hafsa,None,Normal,3: Sitting down (controlled)
1790603476.032328,25748,Person A,676.1,2181.9,0.0,2280.27,17.56,True,Active,hafsa,None,Normal,3: Sitting down (controlled)
1790603476.1163766,25749,Person A,678.0,2181.6,0.0,2275.25,17.5,True,Active,hafsa,None,Normal,3: Sitting down (controlled)
1790603476.180925,25750,Person A,679.8,2180.2,0.0,2269.28,17.44,True,Active,hafsa,None,Normal,3: Sitting down (controlled)
1790603476.2680595,25751,Person A,681.6,2178.4,0.0,2268.68,17.39,True,Active,hafsa,None,Normal,3: Sitting down (controlled)
1790603476.4103992,25752,Person A,683.1,2176.6,0.0,2270.59,17.37,True,Active,hafsa,None,Normal,3: Sitting down (controlled)
1790603476.4888904,25753,Person A,683.8,2174.8,0.0,2272.5,17.36,True,Active,hafsa,None,Normal,3: Sitting down (controlled)
1790603476.605056,25754,Person A,683.3,2173.5,0.0,2277.04,17.22,True,Active,hafsa,None,Normal,3: Sitting down (controlled)
1790603476.6763675,25755,Person A,681.9,2172.7,0.0,2281.81,17.18,True,Active,hafsa,None,Normal,3: Sitting down (controlled)
1790603476.7376335,25756,Person A,680.2,2172.8,0.0,2286.23,17.2,True,Active,hafsa,None,Normal,3: Sitting down (controlled)
1790603476.8166142,25757,Person A,678.8,2173.5,0.0,2288.73,17.23,True,Active,hafsa,None,Normal,3: Sitting down (controlled)
1790603476.9159994,25758,Person A,678.2,2174.6,0.0,2288.96,17.33,True,Active,hafsa,None,Normal,3: Sitting down (controlled)
1790603477.0057092,25759,Person A,678.1,2176.0,0.0,2288.31,17.37,True,Active,hafsa,None,Normal,3: Sitting down (controlled)
1790603477.085295,25760,Person A,678.4,2177.8,0.0,2287.35,17.37,True,Active,hafsa,None,Normal,3: Sitting down (controlled)
1790603477.175177,25761,Person A,679.2,2179.2,0.0,2284.43,17.48,True,Active,hafsa,None,Normal,3: Sitting down (controlled)
1790603477.2747207,25762,Person A,680.5,2179.9,0.0,2281.17,17.63,True,Active,hafsa,None,Normal,3: Sitting down (controlled)
1790603477.3634493,25763,Person A,682.3,2179.6,0.0,2275.08,17.81,True,Active,hafsa,None,Normal,3: Sitting down (controlled)
1790603477.444779,25764,Person A,684.7,2178.0,0.0,2269.03,17.92,True,Active,hafsa,None,Normal,3: Sitting down (controlled)
1790603477.5526276,25765,Person A,687.1,2175.2,0.0,2262.37,17.97,True,Active,hafsa,None,Normal,3: Sitting down (controlled)
1790603477.6220818,25766,Person A,688.9,2172.1,0.0,2262.09,17.87,True,Active,hafsa,None,Normal,3: Sitting down (controlled)
1790603477.7247128,25767,Person A,690.2,2168.7,0.0,2260.22,17.8,True,Active,hafsa,None,Normal,3: Sitting down (controlled)
1790603477.8160632,25768,Person A,690.9,2165.6,0.0,2261.51,17.74,True,Active,hafsa,None,Normal,3: Sitting down (controlled)
1790603477.9072256,25769,Person A,691.6,2162.8,0.0,2263.72,17.75,True,Active,hafsa,None,Normal,3: Sitting down (controlled)
1790603477.9777324,25770,Person A,692.2,2160.2,0.0,2264.37,17.71,True,Active,hafsa,None,Normal,3: Sitting down (controlled)
1790603478.061146,25771,Person A,692.8,2158.2,0.0,2267.19,17.77,True,Active,hafsa,None,Normal,3: Sitting down (controlled)
1790603478.1755302,25772,Person A,693.1,2156.9,-80.0,2269.7,17.8,True,Active,hafsa,None,Normal,3: Sitting down (controlled)
1790603478.2637591,25773,Person A,693.3,2156.4,0.0,2270.93,17.9,True,Active,hafsa,None,Normal,3: Sitting down (controlled)
1790603478.3565834,25774,Person A,693.8,2156.6,0.0,2272.47,18.02,True,Active,hafsa,None,Normal,3: Sitting down (controlled)
1790603478.452252,25775,Person A,695.1,2157.1,0.0,2271.16,18.24,True,Active,hafsa,None,Normal,3: Sitting down (controlled)
1790603478.5097344,25776,Person A,697.8,2156.8,0.0,2267.67,18.54,True,Active,hafsa,None,Normal,3: Sitting down (controlled)
1790603478.6420085,25777,Person A,702.3,2155.7,0.0,2263.97,18.97,True,Active,hafsa,None,Normal,3: Sitting down (controlled)
1790603478.7089422,25778,Person A,710.7,2151.8,0.0,2251.83,20.08,True,Active,hafsa,None,Normal,3: Sitting down (controlled)
1790603478.7877426,25779,Person A,719.7,2147.0,0.0,2247.68,20.31,True,Active,hafsa,None,Normal,3: Sitting down (controlled)
1790603478.852104,25780,Person A,728.4,2142.1,0.0,2246.29,20.21,True,Active,hafsa,None,Normal,3: Sitting down (controlled)
1790603478.955938,25781,Person A,736.2,2137.8,-80.0,2251.75,20.0,True,Active,hafsa,None,Normal,3: Sitting down (controlled)
1790603479.0588722,25782,Person A,743.2,2133.8,0.0,2254.4,19.81,True,Active,hafsa,None,Normal,3: Sitting down (controlled)
1790603479.1470785,25783,Person A,749.3,2129.5,-80.0,2249.89,19.72,True,Active,hafsa,None,Normal,3: Sitting down (controlled)
1790603479.241943,25784,Person A,754.3,2124.9,0.0,2245.05,19.6,True,Active,hafsa,None,Normal,3: Sitting down (controlled)
1790603479.3520598,25785,Person A,758.1,2120.6,0.0,2242.77,19.51,True,Active,hafsa,None,Normal,3: Sitting down (controlled)
1790603479.412692,25786,Person A,760.1,2117.4,0.0,2243.88,19.28,True,Active,hafsa,None,Normal,3: Sitting down (controlled)
1790603479.4865406,25787,Person A,759.9,2115.3,80.0,2243.47,19.1,True,Active,hafsa,None,Normal,3: Sitting down (controlled)
1790603479.5899007,25788,Person A,755.6,2116.4,80.0,2247.84,18.95,True,Active,hafsa,None,Normal,3: Sitting down (controlled)
1790603479.6927145,25789,Person A,750.7,2118.6,0.0,2251.95,18.94,True,Active,hafsa,None,Normal,3: Sitting down (controlled)
1790603479.7786117,25790,Person A,746.7,2121.1,0.0,2256.41,19.04,True,Active,hafsa,None,Normal,3: Sitting down (controlled)
1790603479.8668568,25791,Person A,743.8,2123.2,0.0,2261.82,19.12,True,Active,hafsa,None,Normal,3: Sitting down (controlled)
1790603479.9555206,25792,Person A,741.8,2124.9,0.0,2263.75,19.19,True,Active,hafsa,None,Normal,3: Sitting down (controlled)
1790603480.0422187,25793,Person A,740.4,2127.3,0.0,2267.86,19.18,True,Active,hafsa,None,Normal,3: Sitting down (controlled)
1790603480.1292005,25794,Person A,739.9,2130.1,0.0,2269.79,19.24,True,Active,hafsa,None,Normal,3: Sitting down (controlled)
1790603480.215775,25795,Person A,740.1,2133.0,0.0,2270.78,19.31,True,Active,hafsa,None,Normal,3: Sitting down (controlled)
1790603480.286634,25796,Person A,741.4,2135.5,0.0,2271.78,19.38,True,Active,hafsa,None,Normal,3: Sitting down (controlled)
1790603480.4109433,25797,Person A,743.6,2137.8,0.0,2272.44,19.43,True,Active,hafsa,None,Normal,3: Sitting down (controlled)
1790603480.4986646,25798,Person A,746.0,2139.5,0.0,2271.78,19.38,True,Active,hafsa,None,Normal,3: Sitting down (controlled)
1790603480.558591,25799,Person A,747.9,2141.0,0.0,2272.34,19.27,True,Active,hafsa,None,Normal,3: Sitting down (controlled)
1790603480.6307893,25800,Person A,749.3,2142.1,0.0,2271.4,19.28,True,Active,hafsa,None,Normal,3: Sitting down (controlled)
1790603480.720295,25801,Person A,750.3,2142.6,0.0,2269.84,19.32,True,Active,hafsa,None,Normal,3: Sitting down (controlled)
1790603480.8792036,25802,Person A,751.0,2142.9,0.0,2268.89,19.33,True,Active,hafsa,None,Normal,3: Sitting down (controlled)
1790603480.946865,25803,Person A,751.9,2142.5,0.0,2267.06,19.43,True,Active,hafsa,None,Normal,3: Sitting down (controlled)
1790603481.0156243,25804,Person A,752.8,2141.6,0.0,2264.29,19.53,True,Active,hafsa,None,Normal,3: Sitting down (controlled)
1790603481.0856311,25805,Person A,753.6,2140.3,0.0,2261.19,19.61,True,Active,hafsa,None,Normal,3: Sitting down (controlled)
1790603481.1889572,25806,Person A,754.4,2138.6,0.0,2258.43,19.72,True,Active,hafsa,None,Normal,3: Sitting down (controlled)
1790603481.29374,25807,Person A,754.6,2136.9,0.0,2257.09,19.62,True,Active,hafsa,None,Normal,3: Sitting down (controlled)
1790603481.3642552,25808,Person A,754.4,2135.4,0.0,2256.96,19.46,True,Active,hafsa,None,Normal,3: Sitting down (controlled)
1790603481.4428685,25809,Person A,754.0,2133.9,0.0,2256.86,19.3,True,Active,hafsa,None,Normal,3: Sitting down (controlled)
1790603481.5413125,25810,Person A,753.0,2133.0,0.0,2259.61,19.12,True,Active,hafsa,None,Normal,3: Sitting down (controlled)
1790603481.6264713,25811,Person A,751.0,2132.7,0.0,2260.46,18.87,True,Active,hafsa,None,Normal,3: Sitting down (controlled)
1790603481.7258568,25812,Person A,748.1,2132.9,0.0,2261.36,18.62,True,Active,hafsa,None,Normal,3: Sitting down (controlled)
1790603481.852062,25813,Person A,744.5,2133.3,0.0,2259.13,18.53,True,Active,hafsa,None,Normal,3: Sitting down (controlled)
1790603481.9271898,25814,Person A,740.9,2133.6,0.0,2255.35,18.64,True,Active,hafsa,None,Normal,3: Sitting down (controlled)
1790603482.000121,25815,Person A,737.7,2133.6,0.0,2250.65,18.85,True,Active,hafsa,None,Normal,3: Sitting down (controlled)
1790603482.077367,25816,Person A,734.9,2133.4,0.0,2247.25,19.06,True,Active,hafsa,None,Normal,3: Sitting down (controlled)
1790603482.171702,25817,Person A,732.9,2133.0,0.0,2246.67,19.18,True,Active,hafsa,None,Normal,3: Sitting down (controlled)
1790603482.261511,25818,Person A,732.2,2132.6,0.0,2250.87,19.33,True,Active,hafsa,None,Normal,3: Sitting down (controlled)
1790603482.3824308,25819,Person A,732.4,2132.6,0.0,2257.52,19.35,True,Active,hafsa,None,Normal,3: Sitting down (controlled)
1790603482.4663687,25820,Person A,733.5,2132.9,0.0,2266.06,19.35,True,Active,hafsa,None,Normal,3: Sitting down (controlled)
1790603482.5373487,25821,Person A,736.1,2133.0,0.0,2269.94,19.48,True,Active,hafsa,None,Normal,3: Sitting down (controlled)
1790603482.6217408,25822,Person A,740.2,2132.7,0.0,2271.95,19.62,True,Active,hafsa,None,Normal,3: Sitting down (controlled)
1790603482.6961844,25823,Person A,744.8,2132.5,0.0,2272.29,19.65,True,Active,hafsa,None,Normal,3: Sitting down (controlled)
1790603482.776457,25824,Person A,749.2,2132.6,0.0,2270.74,19.69,True,Active,hafsa,None,Normal,3: Sitting down (controlled)
1790603482.8670816,25825,Person A,752.8,2133.4,0.0,2270.07,19.64,True,Active,hafsa,None,Normal,3: Sitting down (controlled)
1790603482.9540782,25826,Person A,755.2,2134.8,0.0,2268.39,19.52,True,Active,hafsa,None,Normal,3: Sitting down (controlled)
1790603483.057922,25827,Person A,757.0,2136.2,0.0,2265.84,19.49,True,Active,hafsa,None,Normal,3: Sitting down (controlled)
1790603483.1422033,25828,Person A,757.7,2137.0,0.0,2260.74,19.43,True,Active,hafsa,None,Normal,3: Sitting down (controlled)
1790603483.221446,25829,Person A,757.9,2136.7,0.0,2255.36,19.42,True,Active,hafsa,None,Normal,3: Sitting down (controlled)
1790603483.3128786,25830,Person A,757.6,2135.5,0.0,2253.75,19.38,True,Active,hafsa,None,Normal,3: Sitting down (controlled)
1790603483.3998888,25831,Person A,756.7,2133.9,0.0,2251.86,19.4,True,Active,hafsa,None,Normal,3: Sitting down (controlled)
1790603483.508078,25832,Person A,755.1,2132.2,0.0,2250.59,19.38,True,Active,hafsa,None,Normal,3: Sitting down (controlled)
1790603483.5775108,25833,Person A,753.5,2130.3,0.0,2249.03,19.43,True,Active,hafsa,None,Normal,3: Sitting down (controlled)
1790603483.6825156,25834,Person A,751.7,2128.5,0.0,2247.76,19.41,True,Active,hafsa,None,Normal,3: Sitting down (controlled)
1790603483.7728682,25835,Person A,750.0,2126.8,0.0,2248.37,19.38,True,Active,hafsa,None,Normal,3: Sitting down (controlled)
1790603483.8870628,25836,Person A,748.7,2125.1,0.0,2248.04,19.35,True,Active,hafsa,None,Normal,3: Sitting down (controlled)
1790603483.9610186,25837,Person A,747.3,2123.6,0.0,2247.04,19.28,True,Active,hafsa,None,Normal,3: Sitting down (controlled)
1790603484.0495453,25838,Person A,746.0,2122.5,0.0,2246.05,19.21,True,Active,hafsa,None,Normal,3: Sitting down (controlled)
1790603484.138322,25839,Person A,745.1,2121.7,0.0,2244.83,19.27,True,Active,hafsa,None,Normal,3: Sitting down (controlled)
1790603484.205927,25840,Person A,744.5,2121.0,0.0,2245.16,19.3,True,Active,hafsa,None,Normal,3: Sitting down (controlled)
1790603484.2893143,25841,Person A,744.2,2120.3,0.0,2244.26,19.39,True,Active,hafsa,None,Normal,3: Sitting down (controlled)
1790603484.4186938,25842,Person A,744.3,2119.5,0.0,2243.37,19.48,True,Active,hafsa,None,Normal,3: Sitting down (controlled)
1790603484.4669302,25843,Person A,744.6,2118.7,0.0,2242.49,19.57,True,Active,hafsa,None,Normal,3: Sitting down (controlled)
1790603484.5628994,25844,Person A,745.6,2117.7,0.0,2241.68,19.74,True,Active,hafsa,None,Normal,3: Sitting down (controlled)
1790603484.6440713,25845,Person A,747.4,2116.3,0.0,2241.24,19.93,True,Active,hafsa,None,Normal,3: Sitting down (controlled)
1790603484.76225,25846,Person A,750.2,2114.6,0.0,2241.51,20.17,True,Active,hafsa,None,Normal,3: Sitting down (controlled)
1790603484.8685358,25847,Person A,754.1,2112.6,0.0,2241.46,20.39,True,Active,hafsa,None,Normal,3: Sitting down (controlled)
1790603484.9459786,25848,Person A,759.1,2110.4,0.0,2242.39,20.6,True,Active,hafsa,None,Normal,3: Sitting down (controlled)
1790603485.0123668,25849,Person A,764.0,2108.2,0.0,2240.87,20.64,True,Active,hafsa,None,Normal,3: Sitting down (controlled)
1790603485.0810187,25850,Person A,768.7,2106.1,-80.0,2241.46,20.61,True,Active,hafsa,None,Normal,3: Sitting down (controlled)
1790603485.1740043,25851,Person A,772.6,2104.6,0.0,2243.45,20.45,True,Active,hafsa,None,Normal,3: Sitting down (controlled)
1790603485.3132536,25852,Person A,775.8,2104.0,0.0,2248.62,20.3,True,Active,hafsa,None,Normal,3: Sitting down (controlled)
1790603485.3942218,25853,Person A,778.1,2104.5,0.0,2254.99,20.07,True,Active,hafsa,None,Normal,3: Sitting down (controlled)
1790603485.4724154,25854,Person A,779.6,2105.5,0.0,2256.19,20.01,True,Active,hafsa,None,Normal,3: Sitting down (controlled)
1790603485.5340488,25855,Person A,780.5,2106.9,0.0,2257.47,20.02,True,Active,hafsa,None,Normal,3: Sitting down (controlled)
1790603485.6127799,25856,Person A,780.0,2108.8,0.0,2257.64,19.89,True,Active,hafsa,None,Normal,3: Sitting down (controlled)
1790603485.7595704,25857,Person A,778.1,2111.3,0.0,2258.43,19.72,True,Active,hafsa,None,Normal,3: Sitting down (controlled)
1790603485.8283806,25858,Person A,774.8,2114.4,0.0,2260.18,19.54,True,Active,hafsa,None,Normal,3: Sitting down (controlled)
1790603485.9189003,25859,Person A,770.8,2118.0,0.0,2261.02,19.37,True,Active,hafsa,None,Normal,3: Sitting down (controlled)
1790603486.0187905,25860,Person A,766.3,2121.8,0.0,2261.86,19.2,True,Active,hafsa,None,Normal,3: Sitting down (controlled)
1790603486.106574,25861,Person A,761.8,2125.2,0.0,2260.22,19.08,True,Active,hafsa,None,Normal,3: Sitting down (controlled)
1790603486.1794357,25862,Person A,757.6,2127.8,0.0,2258.95,19.07,True,Active,hafsa,None,Normal,3: Sitting down (controlled)
1790603486.2467985,25863,Person A,754.0,2129.3,0.0,2257.06,19.09,True,Active,hafsa,None,Normal,3: Sitting down (controlled)
1790603486.351965,25864,Person A,750.3,2130.7,0.0,2257.03,19.0,True,Active,hafsa,None,Normal,3: Sitting down (controlled)
1790603486.4470546,25865,Person A,746.0,2132.5,0.0,2260.14,18.84,True,Active,hafsa,None,Normal,3: Sitting down (controlled)
1790603486.5314653,25866,Person A,741.5,2134.4,0.0,2260.73,18.65,True,Active,hafsa,None,Normal,3: Sitting down (controlled)
1790603486.6046815,25867,Person A,736.8,2136.4,0.0,2261.98,18.43,True,Active,hafsa,None,Normal,3: Sitting down (controlled)
1790603486.7119534,25868,Person A,731.5,2138.7,0.0,2264.87,18.08,True,Active,hafsa,None,Normal,3: Sitting down (controlled)
1790603486.7925107,25869,Person A,725.5,2141.6,0.0,2269.44,17.7,True,Active,hafsa,None,Normal,3: Sitting down (controlled)
1790603486.8842843,25870,Person A,718.9,2145.0,0.0,2273.45,17.35,True,Active,hafsa,None,Normal,3: Sitting down (controlled)
1790603486.9603915,25871,Person A,711.6,2149.2,0.0,2277.55,17.0,True,Active,hafsa,None,Normal,3: Sitting down (controlled)
1790603487.063862,25872,Person A,703.3,2154.3,0.0,2282.02,16.68,True,Active,hafsa,None,Normal,3: Sitting down (controlled)
1790603487.1539872,25873,Person A,694.4,2160.0,0.0,2284.14,16.51,True,Active,hafsa,None,Normal,3: Sitting down (controlled)
1790603487.2410412,25874,Person A,685.4,2165.9,0.0,2285.89,16.39,True,Active,hafsa,None,Normal,3: Sitting down (controlled)
1790603487.3341398,25875,Person A,676.4,2172.0,0.0,2291.2,16.22,True,Active,hafsa,None,Normal,3: Sitting down (controlled)
1790603487.409349,25876,Person A,667.7,2178.1,0.0,2292.97,16.1,True,Active,hafsa,None,Normal,3: Sitting down (controlled)
1790603487.511696,25877,Person A,660.1,2183.6,0.0,2291.88,16.19,True,Active,hafsa,None,Normal,3: Sitting down (controlled)
1790603487.6119242,25878,Person A,653.9,2188.1,0.0,2289.56,16.26,True,Active,hafsa,None,Normal,3: Sitting down (controlled)
1790603487.6842687,25879,Person A,649.4,2191.3,0.0,2286.85,16.38,True,Active,hafsa,None,Normal,3: Sitting down (controlled)
1790603487.7665892,25880,Person A,646.7,2192.9,0.0,2280.88,16.58,True,Active,hafsa,None,Normal,3: Sitting down (controlled)
1790603487.8536756,25881,Person A,645.7,2193.0,0.0,2275.6,16.75,True,Active,hafsa,None,Normal,3: Sitting down (controlled)
1790603487.984719,25882,Person A,646.4,2191.7,0.0,2271.6,16.94,True,Active,hafsa,None,Normal,3: Sitting down (controlled)
1790603488.0638635,25883,Person A,648.0,2189.7,0.0,2269.61,17.04,True,Active,hafsa,None,Normal,3: Sitting down (controlled)
1790603488.1717103,25884,Person A,649.5,2187.9,0.0,2272.93,16.88,True,Active,hafsa,None,Normal,3: Sitting down (controlled)
1790603488.2314882,25885,Person A,651.1,2185.9,0.0,2276.56,16.75,True,Active,hafsa,None,Normal,3: Sitting down (controlled)
1790603488.3001535,25886,Person A,653.5,2183.6,0.0,2277.72,16.84,True,Active,hafsa,None,Normal,3: Sitting down (controlled)
1790603488.3981116,25887,Person A,656.0,2181.4,0.0,2277.92,16.95,True,Active,hafsa,None,Normal,3: Sitting down (controlled)
1790603488.4802656,25888,Person A,658.9,2179.3,0.0,2277.77,17.11,True,Active,hafsa,None,Normal,3: Sitting down (controlled)
1790603488.5658162,25889,Person A,661.9,2177.4,0.0,2277.33,17.24,True,Active,hafsa,None,Normal,3: Sitting down (controlled)
1790603488.6535115,25890,Person A,664.8,2176.0,0.0,2275.96,17.38,True,Active,hafsa,None,Normal,3: Sitting down (controlled)
1790603488.7394402,25891,Person A,667.3,2175.1,0.0,2274.35,17.42,True,Active,hafsa,None,Normal,3: Sitting down (controlled)
1790603488.8492475,25892,Person A,669.1,2174.7,0.0,2273.1,17.41,True,Active,hafsa,None,Normal,3: Sitting down (controlled)
1790603488.9294987,25893,Person A,670.4,2174.6,0.0,2272.5,17.36,True,Active,hafsa,None,Normal,3: Sitting down (controlled)
1790603489.0173304,25894,Person A,672.3,2173.9,0.0,2271.84,17.39,True,Active,hafsa,None,Normal,3: Sitting down (controlled)
1790603489.09791,25895,Person A,674.4,2172.8,0.0,2272.2,17.33,True,Active,hafsa,None,Normal,3: Sitting down (controlled)
1790603489.2030766,25896,Person A,675.9,2171.7,0.0,2271.6,17.29,True,Active,hafsa,None,Normal,3: Sitting down (controlled)
1790603489.2887459,25897,Person A,676.8,2170.8,0.0,2271.97,17.23,True,Active,hafsa,None,Normal,3: Sitting down (controlled)
1790603489.382604,25898,Person A,677.3,2170.1,0.0,2272.56,17.28,True,Active,hafsa,None,Normal,3: Sitting down (controlled)
1790603489.472548,25899,Person A,677.7,2169.6,0.0,2273.75,17.38,True,Active,hafsa,None,Normal,3: Sitting down (controlled)
1790603489.5612736,25900,Person A,678.1,2169.2,0.0,2273.34,17.51,True,Active,hafsa,None,Normal,3: Sitting down (controlled)
1790603489.6223142,25901,Person A,678.7,2169.1,0.0,2275.2,17.57,True,Active,hafsa,None,Normal,3: Sitting down (controlled)
1790603489.7682939,25902,Person A,679.6,2169.2,0.0,2276.76,17.62,True,Active,hafsa,None,Normal,3: Sitting down (controlled)
1790603489.8475864,25903,Person A,680.8,2169.5,0.0,2278.97,17.62,True,Active,hafsa,None,Normal,3: Sitting down (controlled)
1790603489.9204745,25904,Person A,682.1,2169.8,0.0,2278.62,17.68,True,Active,hafsa,None,Normal,3: Sitting down (controlled)
1790603490.0112326,25905,Person A,683.5,2170.1,0.0,2279.27,17.65,True,Active,hafsa,None,Normal,3: Sitting down (controlled)
1790603490.0960164,25906,Person A,685.0,2170.3,0.0,2278.01,17.63,True,Active,hafsa,None,Normal,3: Sitting down (controlled)
1790603490.1849573,25907,Person A,686.7,2170.3,0.0,2277.06,17.64,True,Active,hafsa,None,Normal,3: Sitting down (controlled)
1790603490.2532485,25908,Person A,688.2,2170.0,-80.0,2274.2,17.66,True,Active,hafsa,None,Normal,3: Sitting down (controlled)
1790603490.3692613,25909,Person A,689.6,2169.4,0.0,2272.26,17.76,True,Active,hafsa,None,Normal,3: Sitting down (controlled)
1790603490.4431968,25910,Person A,691.0,2168.6,0.0,2269.98,17.91,True,Active,hafsa,None,Normal,3: Sitting down (controlled)
1790603490.5189447,25911,Person A,692.5,2167.2,0.0,2266.46,18.04,True,Active,hafsa,None,Normal,3: Sitting down (controlled)
1790603490.6205342,25912,Person A,694.0,2165.6,-80.0,2266.13,18.1,True,Active,hafsa,None,Normal,3: Sitting down (controlled)
1790603490.7073944,25913,Person A,695.1,2164.3,0.0,2269.95,17.99,True,Active,hafsa,None,Normal,3: Sitting down (controlled)
1790603490.7881773,25914,Person A,695.6,2163.5,0.0,2272.53,17.86,True,Active,hafsa,None,Normal,3: Sitting down (controlled)
1790603490.8926284,25915,Person A,695.7,2163.2,0.0,2276.71,17.69,True,Active,hafsa,None,Normal,3: Sitting down (controlled)
1790603490.9631145,25916,Person A,696.2,2162.7,0.0,2274.77,17.79,True,Active,hafsa,None,Normal,3: Sitting down (controlled)
1790603491.097876,25917,Person A,697.2,2161.7,0.0,2270.59,17.96,True,Active,hafsa,None,Normal,3: Sitting down (controlled)
1790603491.1576412,25918,Person A,698.2,2160.8,0.0,2268.69,17.97,True,Active,hafsa,None,Normal,3: Sitting down (controlled)
1790603491.231168,25919,Person A,699.3,2160.0,0.0,2268.03,18.08,True,Active,hafsa,None,Normal,3: Sitting down (controlled)
1790603491.3205059,25920,Person A,700.2,2159.5,0.0,2268.01,18.16,True,Active,hafsa,None,Normal,3: Sitting down (controlled)
1790603491.4211802,25921,Person A,700.9,2159.5,0.0,2268.64,18.21,True,Active,hafsa,None,Normal,3: Sitting down (controlled)
1790603491.5145652,25922,Person A,701.1,2159.6,0.0,2267.7,18.14,True,Active,hafsa,None,Normal,3: Sitting down (controlled)
1790603491.6073093,25923,Person A,701.6,2159.3,0.0,2268.65,18.13,True,Active,hafsa,None,Normal,3: Sitting down (controlled)
1790603491.7043653,25924,Person A,702.0,2158.5,0.0,2266.15,18.02,True,Active,hafsa,None,Normal,3: Sitting down (controlled)
1790603491.8090625,25925,Person A,702.7,2156.7,0.0,2261.73,18.0,True,Active,hafsa,None,Normal,3: Sitting down (controlled)
1790603491.8695652,25926,Person A,702.6,2155.1,0.0,2259.23,17.89,True,Active,hafsa,None,Normal,3: Sitting down (controlled)
1790603491.9527833,25927,Person A,701.5,2154.1,0.0,2257.7,17.77,True,Active,hafsa,None,Normal,3: Sitting down (controlled)
1790603492.0369332,25928,Person A,699.2,2154.0,0.0,2260.75,17.43,True,Active,hafsa,None,Normal,3: Sitting down (controlled)
1790603492.1482954,25929,Person A,693.8,2156.0,0.0,2271.01,16.63,True,Active,hafsa,None,Normal,3: Sitting down (controlled)
1790603492.237767,25930,Person A,687.3,2160.3,0.0,2289.84,16.28,True,Active,hafsa,None,Normal,3: Sitting down (controlled)
1790603492.3059695,25931,Person A,680.3,2165.2,-80.0,2294.76,16.17,True,Active,hafsa,None,Normal,3: Sitting down (controlled)
1790603492.4029276,25932,Person A,673.8,2170.4,0.0,2298.2,16.2,True,Active,hafsa,None,Normal,3: Sitting down (controlled)
1790603492.4951077,25933,Person A,667.4,2175.5,0.0,2298.48,16.22,True,Active,hafsa,None,Normal,3: Sitting down (controlled)
1790603492.5854542,25934,Person A,661.8,2180.6,0.0,2298.36,16.3,True,Active,hafsa,None,Normal,3: Sitting down (controlled)
1790603492.6573756,25935,Person A,656.1,2186.4,0.0,2300.4,16.21,True,Active,hafsa,None,Normal,3: Sitting down (controlled)
1790603492.7440417,25936,Person A,650.8,2192.2,0.0,2299.16,16.19,True,Active,hafsa,None,Normal,3: Sitting down (controlled)
1790603492.8753119,25937,Person A,646.3,2197.4,0.0,2294.24,16.3,True,Active,hafsa,None,Normal,3: Sitting down (controlled)
1790603492.9550607,25938,Person A,643.1,2201.2,0.0,2287.8,16.38,True,Active,hafsa,None,Normal,3: Sitting down (controlled)
1790603493.0692105,25939,Person A,643.1,2202.4,0.0,2282.51,16.55,True,Active,hafsa,None,Normal,3: Sitting down (controlled)
1790603493.1444967,25940,Person A,644.6,2200.6,0.0,2276.85,16.77,True,Active,hafsa,None,Normal,3: Sitting down (controlled)
1790603493.2101352,25941,Person A,646.9,2198.0,0.0,2276.38,16.91,True,Active,hafsa,None,Normal,3: Sitting down (controlled)
1790603493.2988234,25942,Person A,649.0,2195.1,0.0,2276.38,16.91,True,Active,hafsa,None,Normal,3: Sitting down (controlled)
1790603493.3948603,25943,Person A,650.9,2192.4,0.0,2278.01,16.87,True,Active,hafsa,None,Normal,3: Sitting down (controlled)
1790603493.4996188,25944,Person A,652.4,2190.0,0.0,2279.63,16.83,True,Active,hafsa,None,Normal,3: Sitting down (controlled)
1790603493.5597556,25945,Person A,653.7,2187.6,0.0,2281.06,16.69,True,Active,hafsa,None,Normal,3: Sitting down (controlled)
1790603493.6387854,25946,Person A,654.6,2185.8,0.0,2284.43,16.53,True,Active,hafsa,None,Normal,3: Sitting down (controlled)
1790603493.7405605,25947,Person A,654.6,2185.0,0.0,2286.56,16.36,True,Active,hafsa,None,Normal,3: Sitting down (controlled)
1790603493.8184307,25948,Person A,654.0,2185.3,0.0,2289.0,16.21,True,Active,hafsa,None,Normal,3: Sitting down (controlled)
1790603493.889014,25949,Person A,652.7,2186.2,0.0,2287.48,16.17,True,Active,hafsa,None,Normal,3: Sitting down (controlled)
1790603493.9774485,25950,Person A,650.5,2187.8,0.0,2285.97,16.13,True,Active,hafsa,None,Normal,3: Sitting down (controlled)
1790603494.0796912,25951,Person A,647.7,2189.3,160.0,2282.81,16.12,True,Active,hafsa,None,Normal,3: Sitting down (controlled)
1790603494.1808438,25952,Person A,644.8,2190.0,0.0,2274.84,16.16,True,Active,hafsa,None,Normal,3: Sitting down (controlled)
1790603494.2931402,25953,Person A,641.9,2189.8,80.0,2267.84,16.18,True,Active,hafsa,None,Normal,3: Sitting down (controlled)
1790603494.4088511,25954,Person A,639.1,2188.6,0.0,2260.16,16.24,True,Active,hafsa,None,Normal,3: Sitting down (controlled)
1790603494.4826763,25955,Person A,637.3,2186.4,0.0,2254.85,16.41,True,Active,hafsa,None,Normal,3: Sitting down (controlled)
1790603494.540877,25956,Person A,636.1,2183.0,0.0,2248.42,16.48,True,Active,hafsa,None,Normal,3: Sitting down (controlled)
1790603494.62911,25957,Person A,635.5,2178.8,0.0,2244.58,16.51,True,Active,hafsa,None,Normal,3: Sitting down (controlled)
1790603494.7076206,25958,Person A,635.2,2173.9,-80.0,2241.14,16.49,True,Active,hafsa,None,Normal,3: Sitting down (controlled)
1790603494.7917795,25959,Person A,634.9,2168.9,0.0,2238.65,16.45,True,Active,hafsa,None,Normal,3: Sitting down (controlled)
1790603494.8844113,25960,Person A,634.7,2163.7,-80.0,2235.49,16.45,True,Active,hafsa,None,Normal,3: Sitting down (controlled)
1790603494.9851928,25961,Person A,634.8,2158.8,-80.0,2236.06,16.5,True,Active,hafsa,None,Normal,3: Sitting down (controlled)
1790603495.072874,25962,Person A,635.5,2154.6,0.0,2236.53,16.63,True,Active,hafsa,None,Normal,3: Sitting down (controlled)
1790603495.1571057,25963,Person A,636.5,2151.0,-80.0,2236.14,16.68,True,Active,hafsa,None,Normal,3: Sitting down (controlled)
1790603495.241615,25964,Person A,637.5,2148.4,0.0,2238.06,16.67,True,Active,hafsa,None,Normal,3: Sitting down (controlled)
1790603495.3354414,25965,Person A,638.2,2146.7,-80.0,2240.55,16.7,True,Active,hafsa,None,Normal,3: Sitting down (controlled)
1790603495.4121027,25966,Person A,638.9,2145.8,0.0,2241.79,16.72,True,Active,hafsa,None,Normal,3: Sitting down (controlled)
1790603495.5156527,25967,Person A,639.4,2145.5,0.0,2243.13,16.66,True,Active,hafsa,None,Normal,3: Sitting down (controlled)
1790603495.6023111,25968,Person A,640.1,2145.9,0.0,2246.97,16.63,True,Active,hafsa,None,Normal,3: Sitting down (controlled)
1790603495.7001107,25969,Person A,640.9,2147.2,0.0,2253.39,16.55,True,Active,hafsa,None,Normal,3: Sitting down (controlled)
1790603495.7876463,25970,Person A,642.1,2149.4,0.0,2260.0,16.58,True,Active,hafsa,None,Normal,3: Sitting down (controlled)
1790603495.8605878,25971,Person A,643.5,2152.2,0.0,2266.89,16.64,True,Active,hafsa,None,Normal,3: Sitting down (controlled)
1790603495.963562,25972,Person A,644.3,2155.2,0.0,2267.56,16.6,True,Active,hafsa,None,Normal,3: Sitting down (controlled)
1790603496.0476384,25973,Person A,644.7,2158.2,0.0,2266.03,16.56,True,Active,hafsa,None,Normal,3: Sitting down (controlled)
1790603496.1469564,25974,Person A,644.8,2160.9,0.0,2264.22,16.5,True,Active,hafsa,None,Normal,3: Sitting down (controlled)
1790603496.215184,25975,Person A,644.6,2163.9,0.0,2268.73,16.44,True,Active,hafsa,None,Normal,3: Sitting down (controlled)
1790603496.3180218,25976,Person A,644.5,2167.3,0.0,2274.09,16.45,True,Active,hafsa,None,Normal,3: Sitting down (controlled)
1790603496.40818,25977,Person A,645.3,2170.8,0.0,2278.96,16.6,True,Active,hafsa,None,Normal,3: Sitting down (controlled)
1790603496.4877768,25978,Person A,647.3,2174.5,0.0,2288.16,16.84,True,Active,hafsa,None,Normal,3: Sitting down (controlled)
1790603496.590775,25979,Person A,652.3,2178.8,0.0,2309.13,17.44,True,Active,hafsa,None,Normal,3: Sitting down (controlled)
1790603496.70236,25980,Person A,657.9,2183.0,0.0,2316.61,17.61,True,Active,hafsa,None,Normal,3: Sitting down (controlled)
1790603496.762535,25981,Person A,662.8,2186.6,0.0,2315.7,17.54,True,Active,hafsa,None,Normal,3: Sitting down (controlled)
1790603496.8539846,25982,Person A,667.3,2190.1,0.0,2314.2,17.42,True,Active,hafsa,None,Normal,3: Sitting down (controlled)
1790603496.9476795,25983,Person A,671.3,2193.7,0.0,2312.11,17.26,True,Active,hafsa,None,Normal,3: Sitting down (controlled)
1790603497.0238354,25984,Person A,675.2,2197.0,0.0,2307.11,17.19,True,Active,hafsa,None,Normal,3: Sitting down (controlled)
1790603497.1206667,25985,Person A,678.6,2199.6,0.0,2303.43,17.07,True,Active,hafsa,None,Normal,3: Sitting down (controlled)
1790603497.1960058,25986,Person A,681.6,2201.3,0.0,2299.02,17.05,True,Active,hafsa,None,Normal,3: Sitting down (controlled)
1790603497.312719,25987,Person A,683.8,2202.3,0.0,2294.9,17.05,True,Active,hafsa,None,Normal,3: Sitting down (controlled)
1790603497.4009075,25988,Person A,684.9,2202.8,0.0,2296.15,17.07,True,Active,hafsa,None,Normal,3: Sitting down (controlled)
1790603497.4882104,25989,Person A,683.2,2201.7,-80.0,2293.58,17.12,True,Active,hafsa,None,Normal,3: Sitting down (controlled)
1790603497.5786138,25990,Person A,681.3,2199.6,0.0,2290.87,17.32,True,Active,hafsa,None,Normal,3: Sitting down (controlled)
1790603497.6478026,25991,Person A,680.2,2197.0,-80.0,2287.6,17.48,True,Active,hafsa,None,Normal,3: Sitting down (controlled)
1790603497.771502,25992,Person A,679.9,2194.0,0.0,2284.68,17.58,True,Active,hafsa,None,Normal,3: Sitting down (controlled)
1790603497.8294585,25993,Person A,680.6,2190.7,0.0,2282.73,17.67,True,Active,hafsa,None,Normal,3: Sitting down (controlled)
1790603497.9100459,25994,Person A,681.6,2187.6,-80.0,2280.52,17.66,True,Active,hafsa,None,Normal,3: Sitting down (controlled)
1790603498.011155,25995,Person A,683.3,2184.7,0.0,2280.83,17.69,True,Active,hafsa,None,Normal,3: Sitting down (controlled)
1790603498.0849507,25996,Person A,685.3,2182.3,0.0,2282.09,17.7,True,Active,hafsa,None,Normal,3: Sitting down (controlled)
1790603498.1793559,25997,Person A,687.4,2180.2,0.0,2281.13,17.71,True,Active,hafsa,None,Normal,3: Sitting down (controlled)
1790603498.2821794,25998,Person A,689.5,2177.8,0.0,2279.53,17.75,True,Active,hafsa,None,Normal,3: Sitting down (controlled)
1790603498.3411486,25999,Person A,691.4,2175.6,0.0,2278.27,17.74,True,Active,hafsa,None,Normal,3: Sitting down (controlled)
1790603498.4276881,26000,Person A,692.0,2174.1,80.0,2278.36,17.58,True,Active,hafsa,None,Normal,3: Sitting down (controlled)
1790603498.5293431,26001,Person A,691.5,2173.4,0.0,2279.42,17.41,True,Active,hafsa,None,Normal,3: Sitting down (controlled)
1790603498.648556,26002,Person A,690.3,2173.2,0.0,2279.18,17.31,True,Active,hafsa,None,Normal,3: Sitting down (controlled)
1790603498.7353065,26003,Person A,688.9,2173.5,0.0,2281.39,17.32,True,Active,hafsa,None,Normal,3: Sitting down (controlled)
1790603498.8155077,26004,Person A,687.7,2173.9,0.0,2280.73,17.35,True,Active,hafsa,None,Normal,3: Sitting down (controlled)
1790603498.894799,26005,Person A,686.4,2174.4,0.0,2281.68,17.34,True,Active,hafsa,None,Normal,3: Sitting down (controlled)
1790603498.9772692,26006,Person A,684.7,2174.6,0.0,2278.88,17.28,True,Active,hafsa,None,Normal,3: Sitting down (controlled)
1790603499.1013353,26007,Person A,683.0,2174.7,-80.0,2276.97,17.3,True,Active,hafsa,None,Normal,3: Sitting down (controlled)
1790603499.1784492,26008,Person A,681.4,2175.2,0.0,2279.48,17.33,True,Active,hafsa,None,Normal,3: Sitting down (controlled)
1790603499.2517476,26009,Person A,679.8,2175.8,0.0,2279.18,17.31,True,Active,hafsa,None,Normal,3: Sitting down (controlled)
1790603499.3402057,26010,Person A,678.3,2176.2,0.0,2277.7,17.19,True,Active,hafsa,None,Normal,3: Sitting down (controlled)
1790603499.417975,26011,Person A,676.9,2176.2,0.0,2275.27,17.07,True,Active,hafsa,None,Normal,3: Sitting down (controlled)
1790603499.5505497,26012,Person A,675.9,2175.9,0.0,2273.36,17.09,True,Active,hafsa,None,Normal,3: Sitting down (controlled)
1790603499.6074827,26013,Person A,674.7,2175.1,-80.0,2270.2,17.09,True,Active,hafsa,None,Normal,3: Sitting down (controlled)
1790603499.7146654,26014,Person A,673.2,2174.2,-80.0,2267.7,17.05,True,Active,hafsa,None,Normal,3: Sitting down (controlled)
1790603499.7951782,26015,Person A,671.6,2173.0,-80.0,2265.49,17.04,True,Active,hafsa,None,Normal,3: Sitting down (controlled)
1790603499.8625467,26016,Person A,670.0,2171.9,-80.0,2263.66,16.98,True,Active,hafsa,None,Normal,3: Sitting down (controlled)
1790603499.9674363,26017,Person A,668.1,2171.3,0.0,2265.65,16.88,True,Active,hafsa,None,Normal,3: Sitting down (controlled)
1790603500.0525374,26018,Person A,665.5,2170.7,-80.0,2266.12,16.75,True,Active,hafsa,None,Normal,3: Sitting down (controlled)
1790603500.1416745,26019,Person A,662.7,2170.3,0.0,2267.18,16.66,True,Active,hafsa,None,Normal,3: Sitting down (controlled)
1790603500.2380834,26020,Person A,660.4,2170.4,0.0,2271.97,16.62,True,Active,hafsa,None,Normal,3: Sitting down (controlled)
1790603500.3227754,26021,Person A,658.6,2170.8,0.0,2273.88,16.61,True,Active,hafsa,None,Normal,3: Sitting down (controlled)
1790603500.412536,26022,Person A,656.6,2171.6,0.0,2275.23,16.55,True,Active,hafsa,None,Normal,3: Sitting down (controlled)
1790603500.4934597,26023,Person A,654.7,2172.8,0.0,2276.19,16.54,True,Active,hafsa,None,Normal,3: Sitting down (controlled)
1790603500.583348,26024,Person A,652.9,2174.1,0.0,2274.94,16.52,True,Active,hafsa,None,Normal,3: Sitting down (controlled)
1790603500.66359,26025,Person A,650.8,2175.5,0.0,2272.85,16.43,True,Active,hafsa,None,Normal,3: Sitting down (controlled)
1790603500.760566,26026,Person A,648.9,2177.2,0.0,2274.49,16.4,True,Active,hafsa,None,Normal,3: Sitting down (controlled)
1790603500.8591852,26027,Person A,646.8,2178.7,0.0,2274.04,16.27,True,Active,hafsa,None,Normal,3: Sitting down (controlled)
1790603500.9484882,26028,Person A,644.5,2180.1,0.0,2273.05,16.09,True,Active,hafsa,None,Normal,3: Sitting down (controlled)
1790603501.0338018,26029,Person A,642.2,2181.4,80.0,2273.18,16.01,True,Active,hafsa,None,Normal,3: Sitting down (controlled)
1790603501.1084752,26030,Person A,639.4,2182.1,0.0,2270.85,15.9,True,Active,hafsa,None,Normal,3: Sitting down (controlled)
1790603501.207016,26031,Person A,636.2,2182.6,0.0,2269.75,15.8,True,Active,hafsa,None,Normal,3: Sitting down (controlled)
1790603501.30335,26032,Person A,633.3,2183.2,0.0,2272.91,15.8,True,Active,hafsa,None,Normal,3: Sitting down (controlled)
1790603501.3970244,26033,Person A,630.4,2183.8,0.0,2273.87,15.8,True,Active,hafsa,None,Normal,3: Sitting down (controlled)
1790603501.4758968,26034,Person A,627.4,2184.4,0.0,2272.37,15.75,True,Active,hafsa,None,Normal,3: Sitting down (controlled)
1790603501.5555298,26035,Person A,624.3,2184.9,0.0,2269.09,15.65,True,Active,hafsa,None,Normal,3: Sitting down (controlled)
1790603501.6461003,26036,Person A,620.8,2185.0,0.0,2265.82,15.54,True,Active,hafsa,None,Normal,3: Sitting down (controlled)
1790603501.750535,26037,Person A,617.4,2184.9,0.0,2263.79,15.45,True,Active,hafsa,None,Normal,3: Sitting down (controlled)
1790603501.82276,26038,Person A,614.4,2184.7,0.0,2262.99,15.38,True,Active,hafsa,None,Normal,3: Sitting down (controlled)
1790603501.9275007,26039,Person A,611.1,2184.7,0.0,2264.3,15.21,True,Active,hafsa,None,Normal,3: Sitting down (controlled)
1790603502.0338407,26040,Person A,607.7,2185.4,0.0,2268.53,15.02,True,Active,hafsa,None,Normal,3: Sitting down (controlled)
1790603502.0944138,26041,Person A,604.3,2186.6,0.0,2272.33,14.89,True,Active,hafsa,None,Normal,3: Sitting down (controlled)
1790603502.1920946,26042,Person A,600.5,2187.8,80.0,2274.46,14.8,True,Active,hafsa,None,Normal,3: Sitting down (controlled)
1790603502.2869759,26043,Person A,596.7,2188.7,0.0,2272.53,14.81,True,Active,hafsa,None,Normal,3: Sitting down (controlled)
1790603502.370811,26044,Person A,593.4,2189.6,0.0,2272.33,14.89,True,Active,hafsa,None,Normal,3: Sitting down (controlled)
1790603502.4556687,26045,Person A,590.7,2190.7,-160.0,2272.58,14.92,True,Active,hafsa,None,Normal,3: Sitting down (controlled)
1790603502.5380108,26046,Person A,588.3,2191.9,0.0,2271.1,14.87,True,Active,hafsa,None,Normal,3: Sitting down (controlled)
1790603502.654474,26047,Person A,586.1,2193.1,0.0,2269.62,14.83,True,Active,hafsa,None,Normal,3: Sitting down (controlled)
1790603502.7055364,26048,Person A,583.5,2194.1,0.0,2265.91,14.67,True,Active,hafsa,None,Normal,3: Sitting down (controlled)
1790603502.7878168,26049,Person A,580.9,2194.7,80.0,2263.43,14.53,True,Active,hafsa,None,Normal,3: Sitting down (controlled)
1790603502.880896,26050,Person A,578.5,2194.6,80.0,2261.46,14.44,True,Active,hafsa,None,Normal,3: Sitting down (controlled)
1790603503.0163474,26051,Person A,576.5,2193.9,0.0,2260.49,14.45,True,Active,hafsa,None,Normal,3: Sitting down (controlled)
1790603503.0720582,26052,Person A,574.7,2192.9,0.0,2260.24,14.42,True,Active,hafsa,None,Normal,3: Sitting down (controlled)
1790603503.200837,26053,Person A,573.2,2192.3,0.0,2262.93,14.48,True,Active,hafsa,None,Normal,3: Sitting down (controlled)
1790603503.278356,26054,Person A,571.5,2191.9,0.0,2264.15,14.5,True,Active,hafsa,None,Normal,3: Sitting down (controlled)
1790603503.380782,26055,Person A,569.8,2191.8,0.0,2267.3,14.51,True,Active,hafsa,None,Normal,3: Sitting down (controlled)
1790603503.4463558,26056,Person A,568.4,2192.0,0.0,2269.49,14.52,True,Active,hafsa,None,Normal,3: Sitting down (controlled)
1790603503.5345955,26057,Person A,567.3,2192.2,0.0,2268.77,14.55,True,Active,hafsa,None,Normal,3: Sitting down (controlled)
1790603503.611122,26058,Person A,566.9,2192.6,0.0,2268.77,14.55,True,Active,hafsa,None,Normal,3: Sitting down (controlled)
1790603503.7064898,26059,Person A,567.2,2193.1,0.0,2269.02,14.58,True,Active,hafsa,None,Normal,3: Sitting down (controlled)
1790603503.788464,26060,Person A,567.9,2193.3,0.0,2265.15,14.6,True,Active,hafsa,None,Normal,3: Sitting down (controlled)
1790603503.8660965,26061,Person A,568.6,2193.5,0.0,2264.18,14.61,True,Active,hafsa,None,Normal,3: Sitting down (controlled)
1790603503.9684715,26062,Person A,569.5,2193.7,0.0,2264.43,14.63,True,Active,hafsa,None,Normal,3: Sitting down (controlled)
1790603504.0549555,26063,Person A,570.2,2193.7,0.0,2264.69,14.66,True,Active,hafsa,None,Normal,3: Sitting down (controlled)
1790603504.1527216,26064,Person A,570.8,2193.4,0.0,2262.75,14.67,True,Active,hafsa,None,Normal,3: Sitting down (controlled)
1790603504.2334619,26065,Person A,571.7,2192.8,0.0,2263.77,14.77,True,Active,hafsa,None,Normal,3: Sitting down (controlled)
1790603504.3126035,26066,Person A,573.0,2191.9,0.0,2264.08,14.9,True,Active,hafsa,None,Normal,3: Sitting down (controlled)
1790603504.4269836,26067,Person A,574.6,2191.1,0.0,2265.11,14.99,True,Active,hafsa,None,Normal,3: Sitting down (controlled)
1790603504.498124,26068,Person A,576.2,2190.1,0.0,2263.18,15.01,True,Active,hafsa,None,Normal,3: Sitting down (controlled)
1790603504.5881524,26069,Person A,577.6,2189.0,0.0,2261.96,14.99,True,Active,hafsa,None,Normal,3: Sitting down (controlled)
1790603504.6675644,26070,Person A,578.7,2188.2,0.0,2260.22,14.92,True,Active,hafsa,None,Normal,3: Sitting down (controlled)
1790603504.7595599,26071,Person A,579.4,2187.4,0.0,2258.22,14.83,True,Active,hafsa,None,Normal,3: Sitting down (controlled)
1790603504.8727503,26072,Person A,579.6,2186.5,0.0,2256.24,14.74,True,Active,hafsa,None,Normal,3: Sitting down (controlled)
1790603504.9424844,26073,Person A,579.6,2185.6,0.0,2255.98,14.71,True,Active,hafsa,None,Normal,3: Sitting down (controlled)
1790603505.0243208,26074,Person A,579.5,2185.1,0.0,2257.66,14.68,True,Active,hafsa,None,Normal,3: Sitting down (controlled)
1790603505.1137369,26075,Person A,578.9,2184.8,0.0,2259.34,14.64,True,Active,hafsa,None,Normal,3: Sitting down (controlled)
1790603505.214963,26076,Person A,577.9,2184.6,0.0,2259.6,14.66,True,Active,hafsa,None,Normal,3: Sitting down (controlled)
1790603505.2995708,26077,Person A,576.6,2184.8,80.0,2263.72,14.66,True,Active,hafsa,None,Normal,3: Sitting down (controlled)
1790603505.3973043,26078,Person A,575.1,2185.3,0.0,2264.18,14.61,True,Active,hafsa,None,Normal,3: Sitting down (controlled)
1790603505.4704359,26079,Person A,573.4,2186.4,0.0,2268.27,14.5,True,Active,hafsa,None,Normal,3: Sitting down (controlled)
1790603505.5575225,26080,Person A,571.5,2187.8,0.0,2268.96,14.37,True,Active,hafsa,None,Normal,3: Sitting down (controlled)
1790603505.658055,26081,Person A,568.8,2189.2,0.0,2265.04,14.08,True,Active,hafsa,None,Normal,3: Sitting down (controlled)
1790603505.7483652,26082,Person A,565.3,2190.6,0.0,2261.18,13.79,True,Active,hafsa,None,Normal,3: Sitting down (controlled)
1790603505.844117,26083,Person A,560.4,2191.8,0.0,2255.71,13.43,True,Active,hafsa,None,Normal,3: Sitting down (controlled)
1790603505.9275253,26084,Person A,555.5,2192.9,0.0,2256.45,13.4,True,Active,hafsa,None,Normal,3: Sitting down (controlled)
1790603506.006644,26085,Person A,550.6,2193.5,0.0,2253.3,13.39,True,Active,hafsa,None,Normal,3: Sitting down (controlled)
1790603506.1081626,26086,Person A,545.3,2194.0,0.0,2251.63,13.33,True,Active,hafsa,None,Normal,3: Sitting down (controlled)
1790603506.196967,26087,Person A,539.8,2194.0,0.0,2250.43,13.31,True,Active,hafsa,None,Normal,3: Sitting down (controlled)
1790603506.2829475,26088,Person A,535.0,2193.9,0.0,2251.58,13.43,True,Active,hafsa,None,Normal,3: Sitting down (controlled)
1790603506.3733158,26089,Person A,531.2,2193.2,0.0,2252.25,13.61,True,Active,hafsa,None,Normal,3: Sitting down (controlled)
1790603506.457231,26090,Person A,528.4,2192.3,0.0,2253.43,13.73,True,Active,hafsa,None,Normal,3: Sitting down (controlled)
1790603506.5388396,26091,Person A,527.3,2191.4,0.0,2253.65,13.86,True,Active,hafsa,None,Normal,3: Sitting down (controlled)
1790603506.6394937,26092,Person A,527.4,2190.7,0.0,2254.62,13.86,True,Active,hafsa,None,Normal,3: Sitting down (controlled)
1790603506.7252347,26093,Person A,528.5,2190.3,0.0,2254.4,13.73,True,Active,hafsa,None,Normal,3: Sitting down (controlled)
1790603506.824261,26094,Person A,529.5,2190.0,0.0,2255.87,13.67,True,Active,hafsa,None,Normal,3: Sitting down (controlled)
1790603506.908541,26095,Person A,530.7,2190.1,-160.0,2257.08,13.69,True,Active,hafsa,None,Normal,3: Sitting down (controlled)
1790603506.9954705,26096,Person A,532.2,2190.2,-80.0,2256.11,13.69,True,Active,hafsa,None,Normal,3: Sitting down (controlled)
1790603507.08656,26097,Person A,533.8,2190.5,0.0,2257.08,13.69,True,Active,hafsa,None,Normal,3: Sitting down (controlled)
1790603507.17839,26098,Person A,535.1,2190.8,0.0,2257.55,13.73,True,Active,hafsa,None,Normal,3: Sitting down (controlled)
1790603507.2671397,26099,Person A,536.0,2191.5,0.0,2261.18,13.79,True,Active,hafsa,None,Normal,3: Sitting down (controlled)
1790603507.353454,26100,Person A,536.6,2192.4,0.0,2263.6,13.83,True,Active,hafsa,None,Normal,3: Sitting down (controlled)
1790603507.4293897,26101,Person A,536.6,2193.7,80.0,2266.27,13.78,True,Active,hafsa,None,Normal,3: Sitting down (controlled)
1790603507.5583882,26102,Person A,536.5,2195.4,0.0,2270.89,13.73,True,Active,hafsa,None,Normal,3: Sitting down (controlled)
1790603507.63847,26103,Person A,536.8,2197.3,0.0,2273.57,13.69,True,Active,hafsa,None,Normal,3: Sitting down (controlled)
1790603507.7384534,26104,Person A,537.5,2199.1,0.0,2275.02,13.73,True,Active,hafsa,None,Normal,3: Sitting down (controlled)
1790603507.8192909,26105,Person A,538.0,2200.6,0.0,2272.84,13.72,True,Active,hafsa,None,Normal,3: Sitting down (controlled)
1790603507.9020152,26106,Person A,538.6,2201.9,0.0,2270.16,13.76,True,Active,hafsa,None,Normal,3: Sitting down (controlled)
1790603507.9849186,26107,Person A,539.7,2202.9,0.0,2269.41,13.9,True,Active,hafsa,None,Normal,3: Sitting down (controlled)
1790603508.0736253,26108,Person A,540.9,2203.8,0.0,2269.16,13.98,True,Active,hafsa,None,Normal,3: Sitting down (controlled)
1790603508.1715245,26109,Person A,542.1,2204.4,0.0,2269.89,14.05,True,Active,hafsa,None,Normal,3: Sitting down (controlled)
1790603508.2446566,26110,Person A,543.5,2204.7,0.0,2269.9,14.15,True,Active,hafsa,None,Normal,3: Sitting down (controlled)
1790603508.3291504,26111,Person A,545.2,2204.8,0.0,2271.35,14.2,True,Active,hafsa,None,Normal,3: Sitting down (controlled)
1790603508.4225655,26112,Person A,547.2,2204.4,80.0,2271.85,14.24,True,Active,hafsa,None,Normal,3: Sitting down (controlled)
1790603508.5035822,26113,Person A,549.4,2203.7,0.0,2272.09,14.27,True,Active,hafsa,None,Normal,3: Sitting down (controlled)
1790603508.5817044,26114,Person A,551.6,2203.2,0.0,2275.49,14.3,True,Active,hafsa,None,Normal,3: Sitting down (controlled)
1790603508.6640942,26115,Person A,554.5,2203.2,0.0,2279.89,14.43,True,Active,hafsa,None,Normal,3: Sitting down (controlled)
1790603508.784561,26116,Person A,557.8,2203.6,0.0,2282.11,14.54,True,Active,hafsa,None,Normal,3: Sitting down (controlled)
1790603508.8486998,26117,Person A,560.9,2204.3,0.0,2283.83,14.61,True,Active,hafsa,None,Normal,3: Sitting down (controlled)
1790603508.9790733,26118,Person A,563.9,2205.1,0.0,2284.33,14.66,True,Active,hafsa,None,Normal,3: Sitting down (controlled)
1790603509.042509,26119,Person A,566.8,2205.7,0.0,2282.91,14.72,True,Active,hafsa,None,Normal,3: Sitting down (controlled)
1790603509.1101933,26120,Person A,569.1,2206.1,0.0,2279.5,14.69,True,Active,hafsa,None,Normal,3: Sitting down (controlled)
1790603509.1997366,26121,Person A,571.0,2206.1,0.0,2276.09,14.66,True,Active,hafsa,None,Normal,3: Sitting down (controlled)
1790603509.3412802,26122,Person A,572.4,2205.9,0.0,2273.4,14.6,True,Active,hafsa,None,Normal,3: Sitting down (controlled)
1790603509.4041474,26123,Person A,573.5,2205.6,0.0,2271.92,14.56,True,Active,hafsa,None,Normal,3: Sitting down (controlled)
1790603509.48297,26124,Person A,574.7,2205.1,0.0,2273.65,14.62,True,Active,hafsa,None,Normal,3: Sitting down (controlled)
1790603509.5635462,26125,Person A,575.7,2204.5,0.0,2276.6,14.71,True,Active,hafsa,None,Normal,3: Sitting down (controlled)
1790603509.6524568,26126,Person A,577.0,2204.0,0.0,2280.57,14.89,True,Active,hafsa,None,Normal,3: Sitting down (controlled)
1790603509.7724626,26127,Person A,578.9,2203.5,0.0,2283.87,15.1,True,Active,hafsa,None,Normal,3: Sitting down (controlled)
1790603509.8459396,26128,Person A,581.1,2203.3,0.0,2288.07,15.2,True,Active,hafsa,None,Normal,3: Sitting down (controlled)
1790603509.91796,26129,Person A,583.2,2203.4,0.0,2289.3,15.22,True,Active,hafsa,None,Normal,3: Sitting down (controlled)
1790603510.019617,26130,Person A,585.8,2204.1,0.0,2292.98,15.27,True,Active,hafsa,None,Normal,3: Sitting down (controlled)
1790603510.0981984,26131,Person A,589.1,2205.4,0.0,2297.2,15.37,True,Active,hafsa,None,Normal,3: Sitting down (controlled)
1790603510.201422,26132,Person A,593.5,2207.5,0.0,2305.11,15.53,True,Active,hafsa,None,Normal,3: Sitting down (controlled)
1790603510.2849252,26133,Person A,599.3,2210.8,0.0,2318.94,15.74,True,Active,hafsa,None,Normal,3: Sitting down (controlled)
1790603510.3643332,26134,Person A,609.1,2217.6,0.0,2365.46,16.5,True,Active,hafsa,None,Normal,3: Sitting down (controlled)
1790603510.4550095,26135,Person A,621.6,2226.6,0.0,2397.39,17.05,True,Active,hafsa,None,Normal,3: Sitting down (controlled)
1790603510.5396745,26136,Person A,633.0,2235.8,0.0,2400.34,16.96,True,Active,hafsa,None,Normal,3: Sitting down (controlled)
1790603510.6400635,26137,Person A,643.1,2245.2,0.0,2402.04,16.84,True,Active,hafsa,None,Normal,3: Sitting down (controlled)
1790603510.7335925,26138,Person A,652.2,2254.2,0.0,2399.64,16.74,True,Active,hafsa,None,Normal,3: Sitting down (controlled)
1790603510.8217766,26139,Person A,660.9,2263.0,0.0,2397.82,16.67,True,Active,hafsa,None,Normal,3: Sitting down (controlled)
1790603510.9028287,26140,Person A,669.0,2271.3,0.0,2395.05,16.62,True,Active,hafsa,None,Normal,3: Sitting down (controlled)
1790603510.986353,26141,Person A,676.3,2278.9,0.0,2390.36,16.58,True,Active,hafsa,None,Normal,3: Sitting down (controlled)
1790603511.0914733,26142,Person A,682.4,2285.7,0.0,2387.3,16.5,True,Active,hafsa,None,Normal,3: Sitting down (controlled)
1790603511.1683044,26143,Person A,686.6,2291.3,0.0,2384.36,16.34,True,Active,hafsa,None,Normal,3: Sitting down (controlled)
1790603511.2938056,26144,Person A,686.0,2293.3,0.0,2382.96,16.23,True,Active,hafsa,None,Normal,3: Sitting down (controlled)
1790603511.3608072,26145,Person A,681.8,2292.7,0.0,2379.65,16.13,True,Active,hafsa,None,Normal,3: Sitting down (controlled)
1790603511.4321797,26146,Person A,677.9,2291.3,0.0,2375.8,16.15,True,Active,hafsa,None,Normal,3: Sitting down (controlled)
1790603511.5500953,26147,Person A,674.1,2289.1,0.0,2370.17,16.12,True,Active,hafsa,None,Normal,3: Sitting down (controlled)
1790603511.6442978,26148,Person A,670.3,2286.6,0.0,2364.94,16.03,True,Active,hafsa,None,Normal,3: Sitting down (controlled)
1790603511.7253678,26149,Person A,666.3,2283.8,0.0,2359.72,15.94,True,Active,hafsa,None,Normal,3: Sitting down (controlled)
1790603511.8147821,26150,Person A,662.4,2281.0,0.0,2357.25,15.91,True,Active,hafsa,None,Normal,3: Sitting down (controlled)
1790603511.8923137,26151,Person A,659.0,2278.7,0.0,2358.76,15.95,True,Active,hafsa,None,Normal,3: Sitting down (controlled)
1790603511.9662335,26152,Person A,656.5,2276.8,0.0,2362.06,16.05,True,Active,hafsa,None,Normal,3: Sitting down (controlled)
1790603512.0754364,26153,Person A,655.4,2275.5,0.0,2368.8,16.18,True,Active,hafsa,None,Normal,3: Sitting down (controlled)
1790603512.174922,26154,Person A,655.5,2274.6,0.0,2374.6,16.31,True,Active,hafsa,None,Normal,3: Sitting down (controlled)
1790603512.2547264,26155,Person A,656.7,2274.3,0.0,2380.13,16.42,True,Active,hafsa,None,Normal,3: Sitting down (controlled)
1790603512.3271995,26156,Person A,658.6,2274.8,0.0,2385.95,16.56,True,Active,hafsa,None,Normal,3: Sitting down (controlled)
1790603512.4499767,26157,Person A,661.4,2276.2,0.0,2391.5,16.67,True,Active,hafsa,None,Normal,3: Sitting down (controlled)
1790603512.5230951,26158,Person A,665.0,2278.0,0.0,2392.36,16.74,True,Active,hafsa,None,Normal,3: Sitting down (controlled)
1790603512.59797,26159,Person A,669.4,2280.0,0.0,2391.31,16.82,True,Active,hafsa,None,Normal,3: Sitting down (controlled)
1790603512.6767042,26160,Person A,674.0,2281.8,0.0,2387.49,16.85,True,Active,hafsa,None,Normal,3: Sitting down (controlled)
1790603512.7704573,26161,Person A,678.2,2283.1,0.0,2383.08,16.83,True,Active,hafsa,None,Normal,3: Sitting down (controlled)
1790603512.8719268,26162,Person A,681.7,2283.7,0.0,2377.71,16.82,True,Active,hafsa,None,Normal,3: Sitting down (controlled)
1790603512.9519188,26163,Person A,684.2,2283.4,0.0,2373.02,16.78,True,Active,hafsa,None,Normal,3: Sitting down (controlled)
1790603513.035937,26164,Person A,685.7,2282.5,0.0,2370.24,16.72,True,Active,hafsa,None,Normal,3: Sitting down (controlled)
1790603513.1238902,26165,Person A,686.3,2281.1,0.0,2368.42,16.66,True,Active,hafsa,None,Normal,3: Sitting down (controlled)
1790603513.210888,26166,Person A,685.9,2279.0,0.0,2364.68,16.61,True,Active,hafsa,None,Normal,3: Sitting down (controlled)
1790603513.3134058,26167,Person A,684.6,2276.2,0.0,2360.95,16.56,True,Active,hafsa,None,Normal,3: Sitting down (controlled)
1790603513.408305,26168,Person A,682.7,2273.1,0.0,2357.22,16.51,True,Active,hafsa,None,Normal,3: Sitting down (controlled)
1790603513.5090432,26169,Person A,679.9,2270.3,0.0,2356.48,16.37,True,Active,hafsa,None,Normal,3: Sitting down (controlled)
1790603513.5902991,26170,Person A,676.5,2268.2,0.0,2357.68,16.21,True,Active,hafsa,None,Normal,3: Sitting down (controlled)
1790603513.6577759,26171,Person A,672.6,2266.8,0.0,2358.62,16.02,True,Active,hafsa,None,Normal,3: Sitting down (controlled)
1790603513.7770934,26172,Person A,668.0,2265.9,0.0,2356.15,15.81,True,Active,hafsa,None,Normal,3: Sitting down (controlled)
1790603513.8423927,26173,Person A,663.1,2265.2,0.0,2352.6,15.68,True,Active,hafsa,None,Normal,3: Sitting down (controlled)
1790603513.9250038,26174,Person A,658.1,2264.3,0.0,2347.67,15.62,True,Active,hafsa,None,Normal,3: Sitting down (controlled)
1790603514.0133767,26175,Person A,653.0,2263.1,0.0,2342.74,15.55,True,Active,hafsa,None,Normal,3: Sitting down (controlled)
1790603514.1127384,26176,Person A,647.8,2261.5,0.0,2334.93,15.5,True,Active,hafsa,None,Normal,3: Sitting down (controlled)
1790603514.1906962,26177,Person A,642.7,2259.4,0.0,2326.68,15.51,True,Active,hafsa,None,Normal,3: Sitting down (controlled)
1790603514.3192356,26178,Person A,638.0,2257.4,0.0,2325.02,15.54,True,Active,hafsa,None,Normal,3: Sitting down (controlled)
1790603514.383185,26179,Person A,634.4,2255.2,0.0,2325.4,15.67,True,Active,hafsa,None,Normal,3: Sitting down (controlled)
1790603514.4573474,26180,Person A,631.7,2252.7,0.0,2326.22,15.74,True,Active,hafsa,None,Normal,3: Sitting down (controlled)
1790603514.5460608,26181,Person A,629.6,2249.8,0.0,2324.98,15.72,True,Active,hafsa,None,Normal,3: Sitting down (controlled)
1790603514.6763766,26182,Person A,628.4,2246.9,0.0,2324.98,15.72,True,Active,hafsa,None,Normal,3: Sitting down (controlled)
1790603514.7419896,26183,Person A,627.5,2244.0,80.0,2322.25,15.66,True,Active,hafsa,None,Normal,3: Sitting down (controlled)
1790603514.8295355,26184,Person A,626.9,2241.5,0.0,2321.98,15.64,True,Active,hafsa,None,Normal,3: Sitting down (controlled)
1790603514.9284637,26185,Person A,626.3,2239.2,0.0,2318.97,15.56,True,Active,hafsa,None,Normal,3: Sitting down (controlled)
1790603515.0075998,26186,Person A,626.0,2237.7,0.0,2319.67,15.53,True,Active,hafsa,None,Normal,3: Sitting down (controlled)
1790603515.0940824,26187,Person A,626.0,2237.4,0.0,2323.79,15.53,True,Active,hafsa,None,Normal,3: Sitting down (controlled)
1790603515.182256,26188,Person A,626.0,2237.8,80.0,2328.88,15.52,True,Active,hafsa,None,Normal,3: Sitting down (controlled)
1790603515.2896838,26189,Person A,625.9,2238.3,80.0,2329.95,15.61,True,Active,hafsa,None,Normal,3: Sitting down (controlled)
1790603515.3738804,26190,Person A,625.5,2238.8,-80.0,2329.95,15.61,True,Active,hafsa,None,Normal,3: Sitting down (controlled)
1790603515.4466789,26191,Person A,625.1,2239.4,0.0,2329.68,15.59,True,Active,hafsa,None,Normal,3: Sitting down (controlled)
1790603515.5555446,26192,Person A,624.2,2239.8,0.0,2326.41,15.48,True,Active,hafsa,None,Normal,3: Sitting down (controlled)
1790603515.6430738,26193,Person A,622.9,2240.2,0.0,2322.63,15.33,True,Active,hafsa,None,Normal,3: Sitting down (controlled)
1790603515.7262297,26194,Person A,620.6,2240.4,0.0,2317.81,15.08,True,Active,hafsa,None,Normal,3: Sitting down (controlled)
1790603515.8104885,26195,Person A,617.8,2240.8,0.0,2315.49,14.86,True,Active,hafsa,None,Normal,3: Sitting down (controlled)
1790603515.883065,26196,Person A,615.2,2241.5,0.0,2319.61,14.86,True,Active,hafsa,None,Normal,3: Sitting down (controlled)
1790603515.9817102,26197,Person A,612.7,2241.9,0.0,2321.09,14.9,True,Active,hafsa,None,Normal,3: Sitting down (controlled)
1790603516.0710125,26198,Person A,609.8,2242.1,0.0,2323.22,14.81,True,Active,hafsa,None,Normal,3: Sitting down (controlled)
1790603516.15353,26199,Person A,606.7,2242.3,0.0,2323.73,14.86,True,Active,hafsa,None,Normal,3: Sitting down (controlled)
1790603516.2377079,26200,Person A,604.2,2242.5,0.0,2325.28,15.0,True,Active,hafsa,None,Normal,3: Sitting down (controlled)
1790603516.329081,26201,Person A,602.5,2242.7,0.0,2327.1,15.17,True,Active,hafsa,None,Normal,3: Sitting down (controlled)
1790603516.4301114,26202,Person A,602.1,2243.0,0.0,2328.24,15.37,True,Active,hafsa,None,Normal,3: Sitting down (controlled)
1790603516.5075672,26203,Person A,603.1,2243.5,0.0,2330.11,15.53,True,Active,hafsa,None,Normal,3: Sitting down (controlled)
1790603516.607712,26204,Person A,605.9,2244.1,0.0,2331.03,15.71,True,Active,hafsa,None,Normal,3: Sitting down (controlled)
1790603516.7012005,26205,Person A,610.2,2244.7,0.0,2332.66,15.85,True,Active,hafsa,None,Normal,3: Sitting down (controlled)
1790603516.7718039,26206,Person A,615.1,2244.9,0.0,2334.58,16.01,True,Active,hafsa,None,Normal,3: Sitting down (controlled)
1790603516.8744552,26207,Person A,620.4,2244.9,0.0,2335.28,16.16,True,Active,hafsa,None,Normal,3: Sitting down (controlled)
1790603516.9654195,26208,Person A,625.9,2244.5,0.0,2334.04,16.14,True,Active,hafsa,None,Normal,3: Sitting down (controlled)
1790603517.0426056,26209,Person A,630.8,2244.0,0.0,2331.97,16.06,True,Active,hafsa,None,Normal,3: Sitting down (controlled)
1790603517.1398659,26210,Person A,634.8,2243.4,0.0,2330.19,15.99,True,Active,hafsa,None,Normal,3: Sitting down (controlled)
1790603517.216635,26211,Person A,638.3,2242.7,0.0,2329.78,16.05,True,Active,hafsa,None,Normal,3: Sitting down (controlled)
1790603517.353766,26212,Person A,641.0,2242.1,0.0,2329.78,16.05,True,Active,hafsa,None,Normal,3: Sitting down (controlled)
1790603517.439058,26213,Person A,642.6,2241.4,0.0,2327.71,15.96,True,Active,hafsa,None,Normal,3: Sitting down (controlled)
1790603517.5335054,26214,Person A,643.0,2240.8,0.0,2326.34,15.84,True,Active,hafsa,None,Normal,3: Sitting down (controlled)
1790603517.6229134,26215,Person A,642.4,2240.3,0.0,2326.22,15.74,True,Active,hafsa,None,Normal,3: Sitting down (controlled)
1790603517.6889656,26216,Person A,640.7,2239.9,0.0,2326.1,15.64,True,Active,hafsa,None,Normal,3: Sitting down (controlled)
1790603517.7788944,26217,Person A,638.2,2239.7,0.0,2326.52,15.58,True,Active,hafsa,None,Normal,3: Sitting down (controlled)
1790603517.8607597,26218,Person A,635.5,2239.9,0.0,2328.61,15.49,True,Active,hafsa,None,Normal,3: Sitting down (controlled)
1790603517.9354813,26219,Person A,633.3,2240.6,0.0,2332.73,15.49,True,Active,hafsa,None,Normal,3: Sitting down (controlled)
1790603518.0177531,26220,Person A,631.2,2241.7,0.0,2335.09,15.42,True,Active,hafsa,None,Normal,3: Sitting down (controlled)
1790603518.127694,26221,Person A,628.6,2243.2,0.0,2337.19,15.33,True,Active,hafsa,None,Normal,3: Sitting down (controlled)
1790603518.2170799,26222,Person A,625.7,2244.9,0.0,2338.32,15.25,True,Active,hafsa,None,Normal,3: Sitting down (controlled)
1790603518.3046436,26223,Person A,622.9,2247.0,0.0,2340.43,15.16,True,Active,hafsa,None,Normal,3: Sitting down (controlled)
1790603518.379499,26224,Person A,620.3,2249.4,0.0,2342.55,15.07,True,Active,hafsa,None,Normal,3: Sitting down (controlled)
1790603518.4524121,26225,Person A,617.7,2251.9,0.0,2343.44,14.96,True,Active,hafsa,None,Normal,3: Sitting down (controlled)
1790603518.5381382,26226,Person A,615.2,2254.3,0.0,2342.67,14.89,True,Active,hafsa,None,Normal,3: Sitting down (controlled)
1790603518.685791,26227,Person A,612.6,2256.5,0.0,2340.93,14.83,True,Active,hafsa,None,Normal,3: Sitting down (controlled)
1790603518.7728055,26228,Person A,610.1,2258.3,0.0,2339.46,14.78,True,Active,hafsa,None,Normal,3: Sitting down (controlled)
1790603518.8369012,26229,Person A,607.2,2259.7,0.0,2338.69,14.71,True,Active,hafsa,None,Normal,3: Sitting down (controlled)
1790603518.906757,26230,Person A,604.3,2260.7,0.0,2337.22,14.67,True,Active,hafsa,None,Normal,3: Sitting down (controlled)
1790603518.9950447,26231,Person A,602.0,2261.1,0.0,2335.08,14.76,True,Active,hafsa,None,Normal,3: Sitting down (controlled)
1790603519.1241589,26232,Person A,600.2,2261.1,0.0,2333.65,14.82,True,Active,hafsa,None,Normal,3: Sitting down (controlled)
1790603519.2017782,26233,Person A,598.9,2260.6,0.0,2332.23,14.88,True,Active,hafsa,None,Normal,3: Sitting down (controlled)
1790603519.2962003,26234,Person A,598.1,2259.6,0.0,2330.82,14.94,True,Active,hafsa,None,Normal,3: Sitting down (controlled)
1790603519.3656666,26235,Person A,597.9,2258.2,0.0,2329.4,15.0,True,Active,hafsa,None,Normal,3: Sitting down (controlled)
1790603519.4403436,26236,Person A,598.4,2256.9,0.0,2331.41,15.09,True,Active,hafsa,None,Normal,3: Sitting down (controlled)
1790603519.5824244,26237,Person A,599.6,2255.8,0.0,2333.41,15.18,True,Active,hafsa,None,Normal,3: Sitting down (controlled)
1790603519.6591396,26238,Person A,601.3,2254.9,0.0,2335.17,15.24,True,Active,hafsa,None,Normal,3: Sitting down (controlled)
1790603519.73578,26239,Person A,603.7,2254.2,0.0,2338.15,15.33,True,Active,hafsa,None,Normal,3: Sitting down (controlled)
1790603519.8051062,26240,Person A,606.4,2253.4,0.0,2336.49,15.36,True,Active,hafsa,None,Normal,3: Sitting down (controlled)
1790603519.8890882,26241,Person A,608.5,2252.8,-80.0,2334.73,15.3,True,Active,hafsa,None,Normal,3: Sitting down (controlled)
1790603520.0183027,26242,Person A,610.1,2252.4,160.0,2333.94,15.23,True,Active,hafsa,None,Normal,3: Sitting down (controlled)
1790603520.0812695,26243,Person A,611.0,2252.4,0.0,2334.56,15.1,True,Active,hafsa,None,Normal,3: Sitting down (controlled)
1790603520.1677735,26244,Person A,611.3,2252.7,0.0,2334.49,14.99,True,Active,hafsa,None,Normal,3: Sitting down (controlled)
1790603520.2416534,26245,Person A,611.1,2253.2,0.0,2333.72,14.92,True,Active,hafsa,None,Normal,3: Sitting down (controlled)
1790603520.345563,26246,Person A,610.1,2253.6,0.0,2332.69,14.83,True,Active,hafsa,None,Normal,3: Sitting down (controlled)
1790603520.4352577,26247,Person A,609.0,2253.7,0.0,2331.53,14.91,True,Active,hafsa,None,Normal,3: Sitting down (controlled)
1790603520.5170374,26248,Person A,609.3,2253.1,0.0,2330.17,15.35,True,Active,hafsa,None,Normal,3: Sitting down (controlled)
1790603520.6121376,26249,Person A,610.9,2251.6,0.0,2327.99,15.8,True,Active,hafsa,None,Normal,3: Sitting down (controlled)
1790603520.686981,26250,Person A,613.2,2250.0,0.0,2327.3,16.01,True,Active,hafsa,None,Normal,3: Sitting down (controlled)
1790603520.7766764,26251,Person A,616.4,2248.4,0.0,2328.0,16.16,True,Active,hafsa,None,Normal,3: Sitting down (controlled)
1790603520.8797617,26252,Person A,619.6,2246.9,0.0,2328.13,16.08,True,Active,hafsa,None,Normal,3: Sitting down (controlled)
1790603520.9709241,26253,Person A,623.1,2245.6,0.0,2331.42,16.01,True,Active,hafsa,None,Normal,3: Sitting down (controlled)
1790603521.04929,26254,Person A,627.1,2244.3,0.0,2332.66,16.03,True,Active,hafsa,None,Normal,3: Sitting down (controlled)
1790603521.1314476,26255,Person A,631.5,2243.0,0.0,2332.94,16.05,True,Active,hafsa,None,Normal,3: Sitting down (controlled)
1790603521.2231877,26256,Person A,636.2,2241.7,0.0,2332.66,16.03,True,Active,hafsa,None,Normal,3: Sitting down (controlled)
1790603521.3289413,26257,Person A,640.7,2240.5,0.0,2331.97,16.06,True,Active,hafsa,None,Normal,3: Sitting down (controlled)
1790603521.4148817,26258,Person A,643.8,2240.2,0.0,2335.69,16.11,True,Active,hafsa,None,Normal,3: Sitting down (controlled)
1790603521.490172,26259,Person A,645.2,2240.9,0.0,2338.57,16.09,True,Active,hafsa,None,Normal,3: Sitting down (controlled)
1790603521.6077921,26260,Person A,645.2,2242.2,0.0,2339.8,15.93,True,Active,hafsa,None,Normal,3: Sitting down (controlled)
1790603521.678776,26261,Person A,643.9,2243.9,0.0,2340.78,15.74,True,Active,hafsa,None,Normal,3: Sitting down (controlled)
1790603521.8011825,26262,Person A,642.4,2246.0,0.0,2344.24,15.59,True,Active,hafsa,None,Normal,3: Sitting down (controlled)
1790603521.8863034,26263,Person A,640.8,2248.2,0.0,2348.25,15.49,True,Active,hafsa,None,Normal,3: Sitting down (controlled)
1790603521.9879618,26264,Person A,638.4,2250.4,-80.0,2347.36,15.32,True,Active,hafsa,None,Normal,3: Sitting down (controlled)
1790603522.0602388,26265,Person A,635.5,2252.5,0.0,2345.34,15.23,True,Active,hafsa,None,Normal,3: Sitting down (controlled)
1790603522.1375043,26266,Person A,632.7,2254.3,0.0,2342.45,15.25,True,Active,hafsa,None,Normal,3: Sitting down (controlled)
1790603522.2268448,26267,Person A,629.9,2255.8,0.0,2338.85,15.3,True,Active,hafsa,None,Normal,3: Sitting down (controlled)
1790603522.3226156,26268,Person A,627.2,2256.9,0.0,2338.95,15.4,True,Active,hafsa,None,Normal,3: Sitting down (controlled)
1790603522.42203,26269,Person A,625.0,2257.8,0.0,2341.24,15.51,True,Active,hafsa,None,Normal,3: Sitting down (controlled)
1790603522.499088,26270,Person A,623.9,2258.6,0.0,2344.51,15.61,True,Active,hafsa,None,Normal,3: Sitting down (controlled)
1790603522.558225,26271,Person A,624.4,2259.4,0.0,2349.83,15.8,True,Active,hafsa,None,Normal,3: Sitting down (controlled)
1790603522.6548312,26272,Person A,626.6,2260.1,0.0,2356.97,16.06,True,Active,hafsa,None,Normal,3: Sitting down (controlled)
1790603522.7450998,26273,Person A,630.7,2260.3,0.0,2361.45,16.43,True,Active,hafsa,None,Normal,3: Sitting down (controlled)
1790603522.837347,26274,Person A,636.7,2260.5,0.0,2365.83,16.7,True,Active,hafsa,None,Normal,3: Sitting down (controlled)
1790603522.931892,26275,Person A,644.4,2260.8,0.0,2369.6,17.0,True,Active,hafsa,None,Normal,3: Sitting down (controlled)
1790603523.0031235,26276,Person A,652.7,2261.7,0.0,2374.23,17.12,True,Active,hafsa,None,Normal,3: Sitting down (controlled)
1790603523.1189008,26277,Person A,660.9,2263.2,0.0,2376.14,17.11,True,Active,hafsa,None,Normal,3: Sitting down (controlled)
1790603523.195276,26278,Person A,668.3,2264.9,0.0,2375.92,17.01,True,Active,hafsa,None,Normal,3: Sitting down (controlled)
1790603523.2690752,26279,Person A,675.1,2266.5,0.0,2375.63,16.99,True,Active,hafsa,None,Normal,3: Sitting down (controlled)
1790603523.3574135,26280,Person A,681.6,2267.8,0.0,2375.26,17.04,True,Active,hafsa,None,Normal,3: Sitting down (controlled)
1790603523.4444833,26281,Person A,687.2,2268.8,0.0,2375.26,17.04,True,Active,hafsa,None,Normal,3: Sitting down (controlled)
1790603523.5737782,26282,Person A,691.4,2269.3,0.0,2373.72,17.0,True,Active,hafsa,None,Normal,3: Sitting down (controlled)
1790603523.6331387,26283,Person A,693.8,2269.8,0.0,2373.13,16.95,True,Active,hafsa,None,Normal,3: Sitting down (controlled)
1790603523.7312484,26284,Person A,694.6,2270.0,0.0,2370.06,16.88,True,Active,hafsa,None,Normal,3: Sitting down (controlled)
1790603523.8221173,26285,Person A,693.8,2270.0,0.0,2367.27,16.82,True,Active,hafsa,None,Normal,3: Sitting down (controlled)
1790603523.8911207,26286,Person A,691.9,2269.9,0.0,2367.75,16.69,True,Active,hafsa,None,Normal,3: Sitting down (controlled)
1790603524.0077362,26287,Person A,689.4,2269.8,0.0,2367.95,16.54,True,Active,hafsa,None,Normal,3: Sitting down (controlled)
1790603524.095621,26288,Person A,686.5,2269.7,0.0,2366.64,16.34,True,Active,hafsa,None,Normal,3: Sitting down (controlled)
1790603524.1753898,26289,Person A,683.3,2269.6,0.0,2365.52,16.25,True,Active,hafsa,None,Normal,3: Sitting down (controlled)
1790603524.246303,26290,Person A,679.1,2269.2,0.0,2359.45,16.09,True,Active,hafsa,None,Normal,3: Sitting down (controlled)
1790603524.3344836,26291,Person A,674.3,2268.3,0.0,2352.99,15.99,True,Active,hafsa,None,Normal,3: Sitting down (controlled)
1790603524.4694433,26292,Person A,669.4,2267.0,0.0,2347.35,15.95,True,Active,hafsa,None,Normal,3: Sitting down (controlled)
1790603524.5480103,26293,Person A,664.4,2265.6,0.0,2345.57,15.88,True,Active,hafsa,None,Normal,3: Sitting down (controlled)
1790603524.639786,26294,Person A,659.6,2264.4,0.0,2345.02,15.84,True,Active,hafsa,None,Normal,3: Sitting down (controlled)
1790603524.7016797,26295,Person A,655.3,2263.6,0.0,2347.49,15.87,True,Active,hafsa,None,Normal,3: Sitting down (controlled)
1790603524.7826629,26296,Person A,651.4,2262.3,0.0,2344.33,15.87,True,Active,hafsa,None,Normal,3: Sitting down (controlled)
1790603524.877861,26297,Person A,647.9,2260.5,0.0,2340.9,15.84,True,Active,hafsa,None,Normal,3: Sitting down (controlled)
1790603524.9694679,26298,Person A,645.0,2258.2,0.0,2336.51,15.82,True,Active,hafsa,None,Normal,3: Sitting down (controlled)
1790603525.0573738,26299,Person A,642.3,2255.7,0.0,2334.04,15.79,True,Active,hafsa,None,Normal,3: Sitting down (controlled)
1790603525.1529222,26300,Person A,640.4,2253.7,0.0,2335.0,15.78,True,Active,hafsa,None,Normal,3: Sitting down (controlled)
1790603525.2235544,26301,Person A,639.1,2252.7,0.0,2339.81,15.75,True,Active,hafsa,None,Normal,3: Sitting down (controlled)
1790603525.343454,26302,Person A,638.6,2252.7,0.0,2345.99,15.83,True,Active,hafsa,None,Normal,3: Sitting down (controlled)
1790603525.4095764,26303,Person A,638.7,2252.9,0.0,2347.77,15.9,True,Active,hafsa,None,Normal,3: Sitting down (controlled)
1790603525.513074,26304,Person A,639.0,2253.1,0.0,2347.77,15.9,True,Active,hafsa,None,Normal,3: Sitting down (controlled)
1790603525.6018066,26305,Person A,639.4,2252.8,0.0,2345.71,15.99,True,Active,hafsa,None,Normal,3: Sitting down (controlled)
1790603525.6712158,26306,Person A,640.3,2252.8,0.0,2346.81,16.08,True,Active,hafsa,None,Normal,3: Sitting down (controlled)
1790603525.80756,26307,Person A,641.2,2253.2,0.0,2347.22,16.03,True,Active,hafsa,None,Normal,3: Sitting down (controlled)
1790603525.8863947,26308,Person A,642.2,2253.9,0.0,2345.98,16.01,True,Active,hafsa,None,Normal,3: Sitting down (controlled)
1790603525.9687147,26309,Person A,643.1,2254.8,0.0,2345.16,15.94,True,Active,hafsa,None,Normal,3: Sitting down (controlled)
1790603526.042681,26310,Person A,643.4,2255.9,0.0,2346.4,15.78,True,Active,hafsa,None,Normal,3: Sitting down (controlled)
1790603526.1193805,26311,Person A,643.0,2256.5,0.0,2344.51,15.61,True,Active,hafsa,None,Normal,3: Sitting down (controlled)
1790603526.2199855,26312,Person A,640.9,2256.8,0.0,2343.24,15.32,True,Active,hafsa,None,Normal,3: Sitting down (controlled)
1790603526.3097365,26313,Person A,637.8,2257.3,-80.0,2344.29,15.13,True,Active,hafsa,None,Normal,3: Sitting down (controlled)
1790603526.390716,26314,Person A,634.3,2257.7,0.0,2342.29,15.04,True,Active,hafsa,None,Normal,3: Sitting down (controlled)
1790603526.4871776,26315,Person A,630.3,2258.0,0.0,2337.91,15.02,True,Active,hafsa,None,Normal,3: Sitting down (controlled)
1790603526.5674999,26316,Person A,626.1,2257.6,0.0,2331.67,15.12,True,Active,hafsa,None,Normal,3: Sitting down (controlled)
1790603526.6629958,26317,Person A,622.1,2256.2,0.0,2322.98,15.17,True,Active,hafsa,None,Normal,3: Sitting down (controlled)
1790603526.756797,26318,Person A,617.3,2254.3,0.0,2314.84,15.0,True,Active,hafsa,None,Normal,3: Sitting down (controlled)
1790603526.8614557,26319,Person A,611.9,2251.9,0.0,2307.7,14.81,True,Active,hafsa,None,Normal,3: Sitting down (controlled)
1790603526.9421763,26320,Person A,606.5,2248.8,0.0,2302.3,14.69,True,Active,hafsa,None,Normal,3: Sitting down (controlled)
1790603527.0186496,26321,Person A,601.7,2245.8,-80.0,2303.01,14.66,True,Active,hafsa,None,Normal,3: Sitting down (controlled)
1790603527.1048367,26322,Person A,598.2,2242.5,0.0,2302.3,14.69,True,Active,hafsa,None,Normal,3: Sitting down (controlled)
1790603527.1903825,26323,Person A,595.2,2239.0,0.0,2302.76,14.64,True,Active,hafsa,None,Normal,3: Sitting down (controlled)
1790603527.2936242,26324,Person A,592.2,2235.5,0.0,2300.79,14.55,True,Active,hafsa,None,Normal,3: Sitting down (controlled)
1790603527.3825989,26325,Person A,589.1,2232.1,-80.0,2297.13,14.5,True,Active,hafsa,None,Normal,3: Sitting down (controlled)
1790603527.4524295,26326,Person A,585.4,2229.1,-80.0,2293.23,14.42,True,Active,hafsa,None,Normal,3: Sitting down (controlled)
1790603527.5546727,26327,Person A,581.0,2226.6,0.0,2287.62,14.27,True,Active,hafsa,None,Normal,3: Sitting down (controlled)
1790603527.6374784,26328,Person A,576.6,2223.9,0.0,2277.65,14.1,True,Active,hafsa,None,Normal,3: Sitting down (controlled)
1790603527.7173924,26329,Person A,572.2,2220.8,0.0,2266.74,13.94,True,Active,hafsa,None,Normal,3: Sitting down (controlled)
1790603527.8237317,26330,Person A,567.9,2217.6,0.0,2260.69,13.85,True,Active,hafsa,None,Normal,3: Sitting down (controlled)
1790603527.9309194,26331,Person A,563.3,2213.8,0.0,2254.88,13.78,True,Active,hafsa,None,Normal,3: Sitting down (controlled)
1790603528.0435257,26332,Person A,558.7,2210.0,0.0,2254.14,13.81,True,Active,hafsa,None,Normal,3: Sitting down (controlled)
1790603528.1219227,26333,Person A,554.7,2205.8,0.0,2252.19,13.93,True,Active,hafsa,None,Normal,3: Sitting down (controlled)
1790603528.1985297,26334,Person A,551.5,2201.8,0.0,2254.13,14.02,True,Active,hafsa,None,Normal,3: Sitting down (controlled)
1790603528.2568622,26335,Person A,549.2,2198.0,0.0,2254.62,14.17,True,Active,hafsa,None,Normal,3: Sitting down (controlled)
1790603528.3593643,26336,Person A,548.2,2194.6,0.0,2257.81,14.39,True,Active,hafsa,None,Normal,3: Sitting down (controlled)
1790603528.4257715,26337,Person A,549.5,2192.2,0.0,2267.64,14.74,True,Active,hafsa,None,Normal,3: Sitting down (controlled)
1790603528.5475857,26338,Person A,553.2,2191.3,80.0,2278.26,15.06,True,Active,hafsa,None,Normal,3: Sitting down (controlled)
1790603528.6176565,26339,Person A,558.0,2191.5,0.0,2280.71,15.1,True,Active,hafsa,None,Normal,3: Sitting down (controlled)
1790603528.725607,26340,Person A,563.3,2192.4,0.0,2282.64,15.08,True,Active,hafsa,None,Normal,3: Sitting down (controlled)
1790603528.793536,26341,Person A,568.9,2194.1,0.0,2285.28,15.04,True,Active,hafsa,None,Normal,3: Sitting down (controlled)
1790603528.8860643,26342,Person A,574.1,2196.1,0.0,2286.43,14.95,True,Active,hafsa,None,Normal,3: Sitting down (controlled)
1790603528.980587,26343,Person A,578.2,2198.2,0.0,2282.7,14.8,True,Active,hafsa,None,Normal,3: Sitting down (controlled)
1790603529.073138,26344,Person A,581.3,2200.1,0.0,2280.21,14.66,True,Active,hafsa,None,Normal,3: Sitting down (controlled)
1790603529.173133,26345,Person A,583.6,2201.9,0.0,2277.77,14.62,True,Active,hafsa,None,Normal,3: Sitting down (controlled)
1790603529.240773,26346,Person A,585.0,2203.4,0.0,2275.84,14.63,True,Active,hafsa,None,Normal,3: Sitting down (controlled)
1790603529.3316627,26347,Person A,584.7,2204.2,0.0,2274.62,14.62,True,Active,hafsa,None,Normal,3: Sitting down (controlled)
1790603529.4386287,26348,Person A,582.8,2204.3,0.0,2274.36,14.59,True,Active,hafsa,None,Normal,3: Sitting down (controlled)
1790603529.5092282,26349,Person A,580.5,2203.9,0.0,2270.96,14.56,True,Active,hafsa,None,Normal,3: Sitting down (controlled)
1790603529.5873978,26350,Person A,578.2,2203.2,0.0,2269.99,14.57,True,Active,hafsa,None,Normal,3: Sitting down (controlled)
1790603529.6633804,26351,Person A,576.0,2202.2,0.0,2269.99,14.57,True,Active,hafsa,None,Normal,3: Sitting down (controlled)
1790603529.814244,26352,Person A,573.8,2200.6,0.0,2265.36,14.52,True,Active,hafsa,None,Normal,3: Sitting down (controlled)
1790603529.8919704,26353,Person A,572.3,2199.0,0.0,2263.43,14.53,True,Active,hafsa,None,Normal,3: Sitting down (controlled)
1790603529.984501,26354,Person A,572.1,2197.5,0.0,2265.19,14.7,True,Active,hafsa,None,Normal,3: Sitting down (controlled)
1790603530.0772023,26355,Person A,572.6,2196.2,0.0,2266.47,14.83,True,Active,hafsa,None,Normal,3: Sitting down (controlled)
1790603530.1641333,26356,Person A,574.3,2195.5,80.0,2273.43,15.09,True,Active,hafsa,None,Normal,3: Sitting down (controlled)
1790603530.2301507,26357,Person A,577.1,2195.2,0.0,2278.95,15.32,True,Active,hafsa,None,Normal,3: Sitting down (controlled)
1790603530.3185935,26358,Person A,579.9,2195.0,0.0,2279.65,15.29,True,Active,hafsa,None,Normal,3: Sitting down (controlled)
1790603530.417003,26359,Person A,582.3,2194.9,0.0,2276.14,15.15,True,Active,hafsa,None,Normal,3: Sitting down (controlled)
1790603530.5148652,26360,Person A,584.1,2194.7,0.0,2272.65,15.02,True,Active,hafsa,None,Normal,3: Sitting down (controlled)
1790603530.5787868,26361,Person A,585.4,2194.3,240.0,2269.43,14.91,True,Active,hafsa,None,Normal,3: Sitting down (controlled)
1790603530.6690824,26362,Person A,586.5,2194.2,80.0,2267.18,14.8,True,Active,hafsa,None,Normal,3: Sitting down (controlled)
1790603530.7607741,26363,Person A,587.5,2194.1,0.0,2264.99,14.78,True,Active,hafsa,None,Normal,3: Sitting down (controlled)
1790603530.8326018,26364,Person A,587.9,2194.0,80.0,2265.25,14.81,True,Active,hafsa,None,Normal,3: Sitting down (controlled)
1790603530.9211645,26365,Person A,587.9,2193.8,0.0,2264.54,14.84,True,Active,hafsa,None,Normal,3: Sitting down (controlled)
1790603531.0090702,26366,Person A,587.0,2193.2,0.0,2265.31,14.91,True,Active,hafsa,None,Normal,3: Sitting down (controlled)
1790603531.1130912,26367,Person A,585.3,2192.1,0.0,2263.89,14.98,True,Active,hafsa,None,Normal,3: Sitting down (controlled)
1790603531.1974728,26368,Person A,583.8,2190.7,0.0,2262.22,15.01,True,Active,hafsa,None,Normal,3: Sitting down (controlled)
1790603531.2978697,26369,Person A,582.8,2189.4,0.0,2260.99,15.0,True,Active,hafsa,None,Normal,3: Sitting down (controlled)
1790603531.3820353,26370,Person A,582.3,2188.3,-80.0,2260.73,14.97,True,Active,hafsa,None,Normal,3: Sitting down (controlled)
1790603531.4596164,26371,Person A,582.5,2187.5,0.0,2262.22,15.01,True,Active,hafsa,None,Normal,3: Sitting down (controlled)
1790603531.5551326,26372,Person A,583.0,2186.9,0.0,2262.66,14.96,True,Active,hafsa,None,Normal,3: Sitting down (controlled)
1790603531.6492062,26373,Person A,583.0,2186.8,0.0,2264.02,14.79,True,Active,hafsa,None,Normal,3: Sitting down (controlled)
1790603531.7292178,26374,Person A,582.4,2186.7,0.0,2262.75,14.67,True,Active,hafsa,None,Normal,3: Sitting down (controlled)
1790603531.8175457,26375,Person A,581.8,2186.6,0.0,2262.04,14.7,True,Active,hafsa,None,Normal,3: Sitting down (controlled)
1790603531.8985999,26376,Person A,581.1,2186.4,0.0,2261.58,14.76,True,Active,hafsa,None,Normal,3: Sitting down (controlled)
1790603532.0329742,26377,Person A,581.0,2186.3,0.0,2262.66,14.96,True,Active,hafsa,None,Normal,3: Sitting down (controlled)
1790603532.1419275,26378,Person A,581.5,2186.3,-80.0,2263.52,15.14,True,Active,hafsa,None,Normal,3: Sitting down (controlled)
1790603532.2288861,26379,Person A,583.3,2186.7,0.0,2269.57,15.41,True,Active,hafsa,None,Normal,3: Sitting down (controlled)
1790603532.2884538,26380,Person A,586.1,2187.5,0.0,2275.83,15.6,True,Active,hafsa,None,Normal,3: Sitting down (controlled)
1790603532.3578308,26381,Person A,588.9,2188.2,0.0,2276.37,15.65,True,Active,hafsa,None,Normal,3: Sitting down (controlled)
1790603532.4565716,26382,Person A,591.8,2189.0,0.0,2278.03,15.61,True,Active,hafsa,None,Normal,3: Sitting down (controlled)
1790603532.5426621,26383,Person A,595.0,2189.6,0.0,2278.18,15.53,True,Active,hafsa,None,Normal,3: Sitting down (controlled)
1790603532.626817,26384,Person A,597.9,2190.7,0.0,2280.88,15.3,True,Active,hafsa,None,Normal,3: Sitting down (controlled)
1790603532.7160482,26385,Person A,599.6,2192.2,0.0,2280.9,15.02,True,Active,hafsa,None,Normal,3: Sitting down (controlled)
1790603532.794116,26386,Person A,600.2,2194.5,0.0,2285.35,14.75,True,Active,hafsa,None,Normal,3: Sitting down (controlled)
1790603532.8947523,26387,Person A,599.2,2197.3,80.0,2287.2,14.53,True,Active,hafsa,None,Normal,3: Sitting down (controlled)
1790603532.9861233,26388,Person A,597.0,2200.5,0.0,2288.85,14.39,True,Active,hafsa,None,Normal,3: Sitting down (controlled)
1790603533.0656173,26389,Person A,593.6,2204.0,80.0,2294.67,14.36,True,Active,hafsa,None,Normal,3: Sitting down (controlled)
1790603533.1564832,26390,Person A,589.4,2207.4,0.0,2297.82,14.36,True,Active,hafsa,None,Normal,3: Sitting down (controlled)
1790603533.237338,26391,Person A,585.6,2211.4,0.0,2305.12,14.47,True,Active,hafsa,None,Normal,3: Sitting down (controlled)
1790603533.331901,26392,Person A,582.4,2215.4,-80.0,2308.31,14.58,True,Active,hafsa,None,Normal,3: Sitting down (controlled)
1790603533.4339914,26393,Person A,579.9,2219.6,0.0,2312.23,14.66,True,Active,hafsa,None,Normal,3: Sitting down (controlled)
1790603533.5266602,26394,Person A,578.3,2223.3,0.0,2312.48,14.68,True,Active,hafsa,None,Normal,3: Sitting down (controlled)
1790603533.5958662,26395,Person A,577.8,2226.4,0.0,2309.58,14.7,True,Active,hafsa,None,Normal,3: Sitting down (controlled)
1790603533.6836193,26396,Person A,578.1,2228.2,80.0,2303.52,14.71,True,Active,hafsa,None,Normal,3: Sitting down (controlled)
1790603533.7870517,26397,Person A,579.1,2229.2,0.0,2299.4,14.71,True,Active,hafsa,None,Normal,3: Sitting down (controlled)
1790603533.8778205,26398,Person A,580.7,2229.7,-80.0,2297.72,14.75,True,Active,hafsa,None,Normal,3: Sitting down (controlled)
1790603533.9671075,26399,Person A,582.4,2229.5,0.0,2297.01,14.78,True,Active,hafsa,None,Normal,3: Sitting down (controlled)
1790603534.0532749,26400,Person A,584.0,2229.0,0.0,2297.01,14.78,True,Active,hafsa,None,Normal,3: Sitting down (controlled)
1790603534.1311142,26401,Person A,585.1,2227.8,0.0,2296.29,14.81,True,Active,hafsa,None,Normal,3: Sitting down (controlled)
1790603534.2296624,26402,Person A,586.3,2226.4,0.0,2297.84,14.96,True,Active,hafsa,None,Normal,3: Sitting down (controlled)
1790603534.3181005,26403,Person A,587.5,2224.5,0.0,2296.94,15.06,True,Active,hafsa,None,Normal,3: Sitting down (controlled)
1790603534.3930693,26404,Person A,588.8,2222.3,0.0,2294.56,15.13,True,Active,hafsa,None,Normal,3: Sitting down (controlled)
1790603534.486221,26405,Person A,590.3,2220.2,0.0,2293.16,15.19,True,Active,hafsa,None,Normal,3: Sitting down (controlled)
1790603534.5814154,26406,Person A,591.9,2218.6,0.0,2292.19,15.2,True,Active,hafsa,None,Normal,3: Sitting down (controlled)
1790603534.674013,26407,Person A,593.3,2217.5,0.0,2292.37,15.12,True,Active,hafsa,None,Normal,3: Sitting down (controlled)
1790603534.7605083,26408,Person A,594.3,2216.5,0.0,2290.63,15.06,True,Active,hafsa,None,Normal,3: Sitting down (controlled)
1790603534.8489048,26409,Person A,594.9,2215.5,0.0,2288.88,14.99,True,Active,hafsa,None,Normal,3: Sitting down (controlled)
1790603534.9264872,26410,Person A,595.5,2214.9,0.0,2292.75,14.96,True,Active,hafsa,None,Normal,3: Sitting down (controlled)
1790603535.0137093,26411,Person A,596.3,2214.4,0.0,2293.52,15.04,True,Active,hafsa,None,Normal,3: Sitting down (controlled)
1790603535.1168106,26412,Person A,597.0,2213.7,0.0,2292.9,15.17,True,Active,hafsa,None,Normal,3: Sitting down (controlled)
1790603535.196931,26413,Person A,598.1,2212.9,0.0,2292.11,15.38,True,Active,hafsa,None,Normal,3: Sitting down (controlled)
1790603535.285294,26414,Person A,599.5,2212.0,0.0,2289.59,15.53,True,Active,hafsa,None,Normal,3: Sitting down (controlled)
1790603535.3832502,26415,Person A,601.1,2211.1,0.0,2288.73,15.64,True,Active,hafsa,None,Normal,3: Sitting down (controlled)
1790603535.4630795,26416,Person A,603.1,2210.1,0.0,2287.89,15.75,True,Active,hafsa,None,Normal,3: Sitting down (controlled)
1790603535.5776646,26417,Person A,605.3,2208.8,0.0,2285.69,15.74,True,Active,hafsa,None,Normal,3: Sitting down (controlled)
1790603535.6652772,26418,Person A,607.7,2207.2,0.0,2281.57,15.74,True,Active,hafsa,None,Normal,3: Sitting down (controlled)
1790603535.7546742,26419,Person A,610.4,2205.6,0.0,2280.61,15.75,True,Active,hafsa,None,Normal,3: Sitting down (controlled)
1790603535.826261,26420,Person A,612.8,2203.2,0.0,2275.95,15.7,True,Active,hafsa,None,Normal,3: Sitting down (controlled)
1790603535.9061167,26421,Person A,615.0,2200.6,0.0,2274.29,15.74,True,Active,hafsa,None,Normal,3: Sitting down (controlled)
1790603536.005015,26422,Person A,617.1,2197.9,0.0,2272.5,15.86,True,Active,hafsa,None,Normal,3: Sitting down (controlled)
1790603536.089717,26423,Person A,619.0,2195.5,0.0,2274.14,16.0,True,Active,hafsa,None,Normal,3: Sitting down (controlled)
1790603536.1976814,26424,Person A,621.2,2194.0,0.0,2281.16,16.16,True,Active,hafsa,None,Normal,3: Sitting down (controlled)
1790603536.2913938,26425,Person A,623.9,2193.1,0.0,2287.52,16.35,True,Active,hafsa,None,Normal,3: Sitting down (controlled)
1790603536.3510513,26426,Person A,627.2,2192.9,0.0,2295.15,16.56,True,Active,hafsa,None,Normal,3: Sitting down (controlled)
1790603536.4554222,26427,Person A,631.5,2193.1,0.0,2299.65,16.76,True,Active,hafsa,None,Normal,3: Sitting down (controlled)
1790603536.54562,26428,Person A,636.4,2193.5,0.0,2299.18,16.89,True,Active,hafsa,None,Normal,3: Sitting down (controlled)
1790603536.6417367,26429,Person A,641.3,2193.7,0.0,2296.31,16.91,True,Active,hafsa,None,Normal,3: Sitting down (controlled)
1790603536.7247908,26430,Person A,646.5,2194.0,0.0,2293.44,16.93,True,Active,hafsa,None,Normal,3: Sitting down (controlled)
1790603536.7954175,26431,Person A,651.6,2194.2,0.0,2290.57,16.96,True,Active,hafsa,None,Normal,3: Sitting down (controlled)
1790603536.9015071,26432,Person A,656.2,2194.4,0.0,2287.41,16.95,True,Active,hafsa,None,Normal,3: Sitting down (controlled)
1790603537.0374298,26433,Person A,660.0,2194.5,0.0,2285.87,16.91,True,Active,hafsa,None,Normal,3: Sitting down (controlled)
1790603537.1449497,26434,Person A,662.4,2194.3,0.0,2286.05,16.75,True,Active,hafsa,None,Normal,3: Sitting down (controlled)
1790603537.2415195,26435,Person A,663.5,2193.9,0.0,2286.81,16.64,True,Active,hafsa,None,Normal,3: Sitting down (controlled)
1790603537.3053033,26436,Person A,663.5,2193.0,0.0,2286.53,16.62,True,Active,hafsa,None,Normal,3: Sitting down (controlled)
1790603537.3942003,26437,Person A,662.6,2192.0,0.0,2287.48,16.61,True,Active,hafsa,None,Normal,3: Sitting down (controlled)
1790603537.47864,26438,Person A,661.3,2191.3,0.0,2288.73,16.63,True,Active,hafsa,None,Normal,3: Sitting down (controlled)
1790603537.5700808,26439,Person A,660.0,2191.1,0.0,2290.64,16.62,True,Active,hafsa,None,Normal,3: Sitting down (controlled)
1790603537.6505792,26440,Person A,658.5,2191.4,0.0,2291.99,16.55,True,Active,hafsa,None,Normal,3: Sitting down (controlled)
1790603537.7316175,26441,Person A,656.7,2192.4,0.0,2294.97,16.45,True,Active,hafsa,None,Normal,3: Sitting down (controlled)
1790603537.807778,26442,Person A,654.7,2194.0,0.0,2297.0,16.36,True,Active,hafsa,None,Normal,3: Sitting down (controlled)
1790603537.916261,26443,Person A,652.6,2196.0,0.0,2299.04,16.27,True,Active,hafsa,None,Normal,3: Sitting down (controlled)
1790603538.0092685,26444,Person A,650.9,2198.1,0.0,2301.36,16.2,True,Active,hafsa,None,Normal,3: Sitting down (controlled)
1790603538.092614,26445,Person A,649.4,2199.9,0.0,2299.84,16.16,True,Active,hafsa,None,Normal,3: Sitting down (controlled)
1790603538.1396823,26446,Person A,648.1,2201.5,0.0,2298.2,16.2,True,Active,hafsa,None,Normal,3: Sitting down (controlled)
1790603538.260713,26447,Person A,647.0,2203.0,0.0,2298.76,16.24,True,Active,hafsa,None,Normal,3: Sitting down (controlled)
1790603538.3374822,26448,Person A,646.1,2204.5,0.0,2300.56,16.31,True,Active,hafsa,None,Normal,3: Sitting down (controlled)
1790603538.4515567,26449,Person A,645.2,2205.9,0.0,2301.52,16.3,True,Active,hafsa,None,Normal,3: Sitting down (controlled)
1790603538.5017662,26450,Person A,644.4,2207.3,0.0,2303.16,16.26,True,Active,hafsa,None,Normal,3: Sitting down (controlled)
1790603538.5643063,26451,Person A,643.7,2208.4,0.0,2303.56,16.21,True,Active,hafsa,None,Normal,3: Sitting down (controlled)
1790603538.7039735,26452,Person A,643.3,2209.2,0.0,2303.56,16.21,True,Active,hafsa,None,Normal,3: Sitting down (controlled)
1790603538.7856257,26453,Person A,643.0,2209.6,0.0,2302.04,16.17,True,Active,hafsa,None,Normal,3: Sitting down (controlled)
1790603538.8675742,26454,Person A,642.6,2209.7,0.0,2301.21,16.1,True,Active,hafsa,None,Normal,3: Sitting down (controlled)
1790603538.9363127,26455,Person A,642.6,2209.9,0.0,2301.76,16.14,True,Active,hafsa,None,Normal,3: Sitting down (controlled)
1790603539.0228243,26456,Person A,642.9,2210.2,0.0,2301.92,16.25,True,Active,hafsa,None,Normal,3: Sitting down (controlled)
1790603539.1170993,26457,Person A,642.9,2210.6,0.0,2302.6,16.22,True,Active,hafsa,None,Normal,3: Sitting down (controlled)
1790603539.1996062,26458,Person A,642.2,2211.0,0.0,2302.45,16.11,True,Active,hafsa,None,Normal,3: Sitting down (controlled)
1790603539.2970722,26459,Person A,641.2,2211.4,0.0,2302.58,16.03,True,Active,hafsa,None,Normal,3: Sitting down (controlled)
1790603539.389527,26460,Person A,640.0,2211.5,0.0,2300.79,15.97,True,Active,hafsa,None,Normal,3: Sitting down (controlled)
1790603539.497073,26461,Person A,638.7,2211.4,0.0,2299.0,15.9,True,Active,hafsa,None,Normal,3: Sitting down (controlled)
1790603539.5805705,26462,Person A,637.2,2211.2,0.0,2297.5,15.86,True,Active,hafsa,None,Normal,3: Sitting down (controlled)
1790603539.6701837,26463,Person A,635.8,2211.2,0.0,2298.18,15.83,True,Active,hafsa,None,Normal,3: Sitting down (controlled)
1790603539.771402,26464,Person A,634.6,2211.3,0.0,2298.87,15.8,True,Active,hafsa,None,Normal,3: Sitting down (controlled)
1790603539.84289,26465,Person A,633.2,2211.5,0.0,2299.84,15.79,True,Active,hafsa,None,Normal,3: Sitting down (controlled)
1790603539.913156,26466,Person A,631.4,2211.9,0.0,2300.8,15.79,True,Active,hafsa,None,Normal,3: Sitting down (controlled)
1790603540.0416486,26467,Person A,629.6,2212.3,0.0,2301.49,15.76,True,Active,hafsa,None,Normal,3: Sitting down (controlled)
1790603540.0972283,26468,Person A,628.2,2212.7,0.0,2302.45,15.75,True,Active,hafsa,None,Normal,3: Sitting down (controlled)
1790603540.1883845,26469,Person A,627.1,2213.1,0.0,2303.41,15.74,True,Active,hafsa,None,Normal,3: Sitting down (controlled)
1790603540.269429,26470,Person A,626.5,2213.6,0.0,2303.96,15.79,True,Active,hafsa,None,Normal,3: Sitting down (controlled)
1790603540.3712943,26471,Person A,626.3,2214.1,0.0,2303.27,15.82,True,Active,hafsa,None,Normal,3: Sitting down (controlled)
1790603540.4577386,26472,Person A,626.4,2214.7,0.0,2303.54,15.85,True,Active,hafsa,None,Normal,3: Sitting down (controlled)
1790603540.5390081,26473,Person A,627.0,2215.2,0.0,2304.64,15.94,True,Active,hafsa,None,Normal,3: Sitting down (controlled)
1790603540.6263587,26474,Person A,628.4,2215.7,0.0,2307.53,16.1,True,Active,hafsa,None,Normal,3: Sitting down (controlled)
1790603540.7152314,26475,Person A,630.5,2216.2,0.0,2310.44,16.26,True,Active,hafsa,None,Normal,3: Sitting down (controlled)
1790603540.801892,26476,Person A,632.9,2216.7,0.0,2312.24,16.33,True,Active,hafsa,None,Normal,3: Sitting down (controlled)
1790603540.898719,26477,Person A,635.5,2217.1,0.0,2312.52,16.35,True,Active,hafsa,None,Normal,3: Sitting down (controlled)
1790603540.9770126,26478,Person A,638.0,2217.3,0.0,2311.28,16.33,True,Active,hafsa,None,Normal,3: Sitting down (controlled)
1790603541.0763571,26479,Person A,640.4,2217.3,0.0,2310.04,16.32,True,Active,hafsa,None,Normal,3: Sitting down (controlled)
1790603541.163214,26480,Person A,642.4,2217.4,0.0,2310.44,16.26,True,Active,hafsa,None,Normal,3: Sitting down (controlled)
1790603541.2424436,26481,Person A,644.3,2217.6,0.0,2310.44,16.26,True,Active,hafsa,None,Normal,3: Sitting down (controlled)
1790603541.3443928,26482,Person A,646.6,2217.9,0.0,2312.8,16.37,True,Active,hafsa,None,Normal,3: Sitting down (controlled)
1790603541.4241142,26483,Person A,649.1,2218.2,0.0,2314.5,16.52,True,Active,hafsa,None,Normal,3: Sitting down (controlled)
1790603541.537841,26484,Person A,651.3,2218.3,0.0,2314.69,16.62,True,Active,hafsa,None,Normal,3: Sitting down (controlled)
1790603541.6270096,26485,Person A,652.9,2218.2,0.0,2314.01,16.65,True,Active,hafsa,None,Normal,3: Sitting down (controlled)
1790603541.6965086,26486,Person A,654.2,2217.8,0.0,2312.1,16.66,True,Active,hafsa,None,Normal,3: Sitting down (controlled)
1790603541.793637,26487,Person A,655.1,2217.1,0.0,2308.36,16.61,True,Active,hafsa,None,Normal,3: Sitting down (controlled)
1790603541.907882,26488,Person A,656.1,2216.6,0.0,2309.32,16.61,True,Active,hafsa,None,Normal,3: Sitting down (controlled)
1790603541.9725895,26489,Person A,657.2,2216.4,0.0,2311.24,16.59,True,Active,hafsa,None,Normal,3: Sitting down (controlled)
1790603542.0439215,26490,Person A,658.5,2216.4,0.0,2314.11,16.57,True,Active,hafsa,None,Normal,3: Sitting down (controlled)
1790603542.1335,26491,Person A,659.8,2216.6,0.0,2316.03,16.56,True,Active,hafsa,None,Normal,3: Sitting down (controlled)
1790603542.2604399,26492,Person A,660.7,2217.0,0.0,2319.19,16.56,True,Active,hafsa,None,Normal,3: Sitting down (controlled)
1790603542.3071308,26493,Person A,661.0,2217.7,0.0,2322.07,16.54,True,Active,hafsa,None,Normal,3: Sitting down (controlled)
1790603542.3999,26494,Person A,661.0,2218.6,0.0,2323.31,16.56,True,Active,hafsa,None,Normal,3: Sitting down (controlled)
1790603542.4877045,26495,Person A,660.9,2219.7,0.0,2324.27,16.55,True,Active,hafsa,None,Normal,3: Sitting down (controlled)
1790603542.593354,26496,Person A,660.8,2221.0,0.0,2324.27,16.55,True,Active,hafsa,None,Normal,3: Sitting down (controlled)
1790603542.6722739,26497,Person A,661.1,2222.7,0.0,2325.51,16.56,True,Active,hafsa,None,Normal,3: Sitting down (controlled)
1790603542.7867544,26498,Person A,661.2,2224.1,0.0,2323.03,16.53,True,Active,hafsa,None,Normal,3: Sitting down (controlled)
1790603542.9191866,26499,Person A,661.4,2225.1,0.0,2321.39,16.57,True,Active,hafsa,None,Normal,3: Sitting down (controlled)
1790603542.979282,26500,Person A,661.9,2225.7,0.0,2321.29,16.65,True,Active,hafsa,None,Normal,3: Sitting down (controlled)
1790603543.0589554,26501,Person A,662.7,2226.1,0.0,2322.15,16.72,True,Active,hafsa,None,Normal,3: Sitting down (controlled)
1790603543.144271,26502,Person A,663.5,2226.3,0.0,2323.4,16.73,True,Active,hafsa,None,Normal,3: Sitting down (controlled)
1790603543.2212687,26503,Person A,664.4,2226.3,0.0,2324.65,16.75,True,Active,hafsa,None,Normal,3: Sitting down (controlled)
1790603543.30176,26504,Person A,665.0,2226.3,0.0,2325.03,16.7,True,Active,hafsa,None,Normal,3: Sitting down (controlled)
1790603543.3924122,26505,Person A,665.4,2225.9,0.0,2321.58,16.67,True,Active,hafsa,None,Normal,3: Sitting down (controlled)
1790603543.4694777,26506,Person A,665.5,2225.2,0.0,2317.85,16.62,True,Active,hafsa,None,Normal,3: Sitting down (controlled)
1790603543.5959008,26507,Person A,665.4,2224.2,0.0,2315.64,16.61,True,Active,hafsa,None,Normal,3: Sitting down (controlled)
1790603543.6531508,26508,Person A,665.7,2223.1,0.0,2313.34,16.68,True,Active,hafsa,None,Normal,3: Sitting down (controlled)
1790603543.7610898,26509,Person A,666.3,2222.0,160.0,2312.58,16.79,True,Active,hafsa,None,Normal,3: Sitting down (controlled)
1790603543.8510592,26510,Person A,666.6,2220.5,160.0,2307.79,16.83,True,Active,hafsa,None,Normal,3: Sitting down (controlled)
1790603543.9184792,26511,Person A,666.5,2218.4,160.0,2301.76,16.84,True,Active,hafsa,None,Normal,3: Sitting down (controlled)
1790603544.0134816,26512,Person A,666.5,2215.5,160.0,2295.64,16.94,True,Active,hafsa,None,Normal,3: Sitting down (controlled)
1790603544.09126,26513,Person A,666.5,2211.9,80.0,2290.2,17.01,True,Active,hafsa,None,Normal,3: Sitting down (controlled)
1790603544.19861,26514,Person A,666.9,2208.0,0.0,2288.87,17.07,True,Active,hafsa,None,Normal,3: Sitting down (controlled)
1790603544.2880864,26515,Person A,667.3,2204.7,0.0,2291.15,17.0,True,Active,hafsa,None,Normal,3: Sitting down (controlled)
1790603544.3561382,26516,Person A,667.7,2202.1,-80.0,2294.1,16.9,True,Active,hafsa,None,Normal,3: Sitting down (controlled)
1790603544.4929385,26517,Person A,668.0,2199.7,-80.0,2293.52,16.85,True,Active,hafsa,None,Normal,3: Sitting down (controlled)
1790603544.5882535,26518,Person A,667.5,2197.5,-80.0,2290.83,16.72,True,Active,hafsa,None,Normal,3: Sitting down (controlled)
1790603544.6543088,26519,Person A,666.1,2195.2,0.0,2286.53,16.62,True,Active,hafsa,None,Normal,3: Sitting down (controlled)
1790603544.7152364,26520,Person A,664.7,2192.8,-80.0,2280.78,16.66,True,Active,hafsa,None,Normal,3: Sitting down (controlled)
1790603544.8026483,26521,Person A,663.1,2190.5,0.0,2275.13,16.63,True,Active,hafsa,None,Normal,3: Sitting down (controlled)
1790603544.9030297,26522,Person A,661.4,2188.7,80.0,2273.5,16.67,True,Active,hafsa,None,Normal,3: Sitting down (controlled)
1790603545.002918,26523,Person A,660.0,2187.3,-80.0,2272.73,16.78,True,Active,hafsa,None,Normal,3: Sitting down (controlled)
1790603545.0865233,26524,Person A,658.9,2185.6,0.0,2269.4,16.93,True,Active,hafsa,None,Normal,3: Sitting down (controlled)
1790603545.1695766,26525,Person A,658.4,2183.1,80.0,2265.78,17.07,True,Active,hafsa,None,Normal,3: Sitting down (controlled)
1790603545.2474372,26526,Person A,658.7,2180.1,80.0,2266.3,17.2,True,Active,hafsa,None,Normal,3: Sitting down (controlled)
1790603545.3462348,26527,Person A,659.5,2176.9,80.0,2265.28,17.28,True,Active,hafsa,None,Normal,3: Sitting down (controlled)
1790603545.4367702,26528,Person A,661.2,2173.7,0.0,2265.22,17.36,True,Active,hafsa,None,Normal,3: Sitting down (controlled)
1790603545.5262015,26529,Person A,663.5,2170.9,-80.0,2266.47,17.38,True,Active,hafsa,None,Normal,3: Sitting down (controlled)
1790603545.6055727,26530,Person A,665.8,2168.9,0.0,2268.38,17.36,True,Active,hafsa,None,Normal,3: Sitting down (controlled)
1790603545.7076077,26531,Person A,668.1,2167.9,0.0,2272.26,17.25,True,Active,hafsa,None,Normal,3: Sitting down (controlled)
1790603545.799684,26532,Person A,669.8,2167.8,0.0,2277.47,17.08,True,Active,hafsa,None,Normal,3: Sitting down (controlled)
1790603545.8785744,26533,Person A,670.5,2168.6,0.0,2282.42,16.89,True,Active,hafsa,None,Normal,3: Sitting down (controlled)
1790603545.9719677,26534,Person A,669.7,2170.4,0.0,2284.32,16.61,True,Active,hafsa,None,Normal,3: Sitting down (controlled)
1790603546.0510838,26535,Person A,667.6,2173.0,0.0,2284.64,16.37,True,Active,hafsa,None,Normal,3: Sitting down (controlled)
1790603546.1375518,26536,Person A,664.9,2175.4,0.0,2281.48,16.37,True,Active,hafsa,None,Normal,3: Sitting down (controlled)
1790603546.2406313,26537,Person A,661.6,2177.7,0.0,2277.76,16.32,True,Active,hafsa,None,Normal,3: Sitting down (controlled)
1790603546.3440878,26538,Person A,657.9,2180.0,0.0,2276.52,16.3,True,Active,hafsa,None,Normal,3: Sitting down (controlled)
1790603546.459858,26539,Person A,654.1,2182.1,0.0,2275.56,16.31,True,Active,hafsa,None,Normal,3: Sitting down (controlled)
1790603546.5226111,26540,Person A,650.3,2184.1,0.0,2276.52,16.3,True,Active,hafsa,None,Normal,3: Sitting down (controlled)
1790603546.595205,26541,Person A,647.0,2185.6,0.0,2277.08,16.35,True,Active,hafsa,None,Normal,3: Sitting down (controlled)
1790603546.6829023,26542,Person A,644.5,2186.4,0.0,2277.93,16.42,True,Active,hafsa,None,Normal,3: Sitting down (controlled)
1790603546.775698,26543,Person A,642.9,2186.5,0.0,2278.78,16.49,True,Active,hafsa,None,Normal,3: Sitting down (controlled)
1790603546.8538692,26544,Person A,642.5,2186.3,0.0,2281.26,16.53,True,Active,hafsa,None,Normal,3: Sitting down (controlled)
1790603546.9394863,26545,Person A,643.3,2185.9,0.0,2283.08,16.59,True,Active,hafsa,None,Normal,3: Sitting down (controlled)
1790603547.0466468,26546,Person A,644.3,2186.0,0.0,2285.28,16.6,True,Active,hafsa,None,Normal,3: Sitting down (controlled)
1790603547.1325989,26547,Person A,645.6,2186.5,0.0,2286.24,16.6,True,Active,hafsa,None,Normal,3: Sitting down (controlled)
1790603547.2239113,26548,Person A,647.0,2187.3,0.0,2288.16,16.58,True,Active,hafsa,None,Normal,3: Sitting down (controlled)
1790603547.305514,26549,Person A,648.3,2188.8,0.0,2293.62,16.52,True,Active,hafsa,None,Normal,3: Sitting down (controlled)
1790603547.3836124,26550,Person A,649.5,2190.5,80.0,2296.22,16.47,True,Active,hafsa,None,Normal,3: Sitting down (controlled)
1790603547.473451,26551,Person A,650.3,2192.3,160.0,2296.61,16.41,True,Active,hafsa,None,Normal,3: Sitting down (controlled)
1790603547.5760546,26552,Person A,651.0,2193.9,0.0,2295.26,16.48,True,Active,hafsa,None,Normal,3: Sitting down (controlled)
1790603547.6641397,26553,Person A,651.7,2195.3,0.0,2294.19,16.56,True,Active,hafsa,None,Normal,3: Sitting down (controlled)
1790603547.7603195,26554,Person A,652.3,2196.6,0.0,2295.44,16.58,True,Active,hafsa,None,Normal,3: Sitting down (controlled)
1790603547.8405936,26555,Person A,652.5,2197.7,0.0,2294.19,16.56,True,Active,hafsa,None,Normal,3: Sitting down (controlled)
1790603547.9176328,26556,Person A,652.7,2198.1,80.0,2289.69,16.62,True,Active,hafsa,None,Normal,3: Sitting down (controlled)
1790603548.0497851,26557,Person A,652.8,2198.0,0.0,2285.57,16.63,True,Active,hafsa,None,Normal,3: Sitting down (controlled)
1790603548.118256,26558,Person A,652.6,2197.4,0.0,2281.83,16.58,True,Active,hafsa,None,Normal,3: Sitting down (controlled)
1790603548.1761572,26559,Person A,652.4,2196.0,0.0,2279.63,16.57,True,Active,hafsa,None,Normal,3: Sitting down (controlled)
1790603548.2634695,26560,Person A,652.4,2194.0,0.0,2277.04,16.61,True,Active,hafsa,None,Normal,3: Sitting down (controlled)
1790603548.3653734,26561,Person A,652.7,2191.7,0.0,2275.41,16.65,True,Active,hafsa,None,Normal,3: Sitting down (controlled)
1790603548.492933,26562,Person A,652.7,2189.4,-80.0,2273.21,16.64,True,Active,hafsa,None,Normal,3: Sitting down (controlled)
1790603548.5624766,26563,Person A,652.7,2187.2,0.0,2273.11,16.72,True,Active,hafsa,None,Normal,3: Sitting down (controlled)
1790603548.6402187,26564,Person A,653.0,2184.7,0.0,2272.35,16.83,True,Active,hafsa,None,Normal,3: Sitting down (controlled)
1790603548.72657,26565,Person A,654.1,2181.9,0.0,2270.57,17.03,True,Active,hafsa,None,Normal,3: Sitting down (controlled)
1790603548.8021357,26566,Person A,655.5,2179.4,0.0,2269.83,17.14,True,Active,hafsa,None,Normal,3: Sitting down (controlled)
1790603548.932999,26567,Person A,656.7,2177.3,0.0,2268.95,17.07,True,Active,hafsa,None,Normal,3: Sitting down (controlled)
1790603548.980416,26568,Person A,658.1,2175.4,0.0,2267.7,17.05,True,Active,hafsa,None,Normal,3: Sitting down (controlled)
1790603549.0856225,26569,Person A,659.5,2173.5,0.0,2265.49,17.04,True,Active,hafsa,None,Normal,3: Sitting down (controlled)
1790603549.1720903,26570,Person A,661.2,2171.6,0.0,2263.8,17.16,True,Active,hafsa,None,Normal,3: Sitting down (controlled)
1790603549.267078,26571,Person A,662.9,2169.6,0.0,2261.23,17.21,True,Active,hafsa,None,Normal,3: Sitting down (controlled)
1790603549.342047,26572,Person A,664.8,2167.6,0.0,2259.62,17.25,True,Active,hafsa,None,Normal,3: Sitting down (controlled)
1790603549.4684815,26573,Person A,666.2,2165.6,0.0,2258.07,17.21,True,Active,hafsa,None,Normal,3: Sitting down (controlled)
1790603549.5396047,26574,Person A,667.2,2163.6,0.0,2256.16,17.22,True,Active,hafsa,None,Normal,3: Sitting down (controlled)
1790603549.6216464,26575,Person A,667.3,2161.6,0.0,2251.75,17.2,True,Active,hafsa,None,Normal,3: Sitting down (controlled)
1790603549.696799,26576,Person A,667.1,2159.8,0.0,2252.04,17.23,True,Active,hafsa,None,Normal,3: Sitting down (controlled)
1790603549.8309667,26577,Person A,667.4,2158.0,0.0,2252.63,17.28,True,Active,hafsa,None,Normal,3: Sitting down (controlled)
1790603549.9175072,26578,Person A,668.2,2156.7,0.0,2257.64,17.34,True,Active,hafsa,None,Normal,3: Sitting down (controlled)
1790603549.982459,26579,Person A,669.7,2156.2,0.0,2265.16,17.44,True,Active,hafsa,None,Normal,3: Sitting down (controlled)
1790603550.068063,26580,Person A,671.5,2156.7,0.0,2273.94,17.56,True,Active,hafsa,None,Normal,3: Sitting down (controlled)
1790603550.142645,26581,Person A,673.5,2158.1,0.0,2280.57,17.58,True,Active,hafsa,None,Normal,3: Sitting down (controlled)
1790603550.275694,26582,Person A,675.9,2159.8,0.0,2283.04,17.7,True,Active,hafsa,None,Normal,3: Sitting down (controlled)
1790603550.3546264,26583,Person A,678.6,2161.7,80.0,2284.29,17.71,True,Active,hafsa,None,Normal,3: Sitting down (controlled)
1790603550.4657717,26584,Person A,681.1,2163.6,0.0,2281.78,17.68,True,Active,hafsa,None,Normal,3: Sitting down (controlled)
1790603550.5458684,26585,Person A,683.8,2165.6,0.0,2278.92,17.7,True,Active,hafsa,None,Normal,3: Sitting down (controlled)
1790603550.612695,26586,Person A,686.4,2167.2,0.0,2275.11,17.73,True,Active,hafsa,None,Normal,3: Sitting down (controlled)
1790603550.68006,26587,Person A,688.5,2168.9,-80.0,2275.15,17.65,True,Active,hafsa,None,Normal,3: Sitting down (controlled)
1790603550.7823074,26588,Person A,689.9,2170.5,-80.0,2277.11,17.56,True,Active,hafsa,None,Normal,3: Sitting down (controlled)
1790603550.8576586,26589,Person A,690.4,2171.3,-80.0,2274.29,17.5,True,Active,hafsa,None,Normal,3: Sitting down (controlled)
1790603550.9500897,26590,Person A,689.8,2171.4,0.0,2273.1,17.41,True,Active,hafsa,None,Normal,3: Sitting down (controlled)
1790603551.0401094,26591,Person A,688.7,2170.7,-80.0,2270.59,17.37,True,Active,hafsa,None,Normal,3: Sitting down (controlled)
1790603551.1366935,26592,Person A,687.6,2169.8,0.0,2271.13,17.5,True,Active,hafsa,None,Normal,3: Sitting down (controlled)
1790603551.2245564,26593,Person A,686.6,2168.8,0.0,2271.74,17.55,True,Active,hafsa,None,Normal,3: Sitting down (controlled)
1790603551.321744,26594,Person A,686.3,2168.1,0.0,2274.2,17.66,True,Active,hafsa,None,Normal,3: Sitting down (controlled)
1790603551.4035807,26595,Person A,686.6,2167.4,0.0,2273.17,17.83,True,Active,hafsa,None,Normal,3: Sitting down (controlled)
1790603551.4788835,26596,Person A,687.2,2166.6,80.0,2269.34,17.94,True,Active,hafsa,None,Normal,3: Sitting down (controlled)
1790603551.580344,26597,Person A,688.4,2165.6,0.0,2269.31,18.02,True,Active,hafsa,None,Normal,3: Sitting down (controlled)
1790603551.683948,26598,Person A,690.1,2164.1,0.0,2268.03,18.08,True,Active,hafsa,None,Normal,3: Sitting down (controlled)
1790603551.772571,26599,Person A,691.8,2162.7,0.0,2266.15,18.02,True,Active,hafsa,None,Normal,3: Sitting down (controlled)
1790603551.8564992,26600,Person A,693.3,2161.3,0.0,2264.3,17.87,True,Active,hafsa,None,Normal,3: Sitting down (controlled)
1790603551.9331694,26601,Person A,694.6,2160.1,0.0,2263.07,17.78,True,Active,hafsa,None,Normal,3: Sitting down (controlled)
1790603552.027772,26602,Person A,694.9,2159.6,0.0,2267.27,17.61,True,Active,hafsa,None,Normal,3: Sitting down (controlled)
1790603552.124308,26603,Person A,694.6,2159.4,0.0,2268.92,17.49,True,Active,hafsa,None,Normal,3: Sitting down (controlled)
1790603552.2139163,26604,Person A,693.2,2159.0,0.0,2266.17,17.36,True,Active,hafsa,None,Normal,3: Sitting down (controlled)
1790603552.3159726,26605,Person A,690.3,2158.9,0.0,2263.51,17.14,True,Active,hafsa,None,Normal,3: Sitting down (controlled)
1790603552.389978,26606,Person A,686.4,2159.4,0.0,2262.41,16.96,True,Active,hafsa,None,Normal,3: Sitting down (controlled)
1790603552.4757912,26607,Person A,681.7,2160.0,0.0,2260.96,16.84,True,Active,hafsa,None,Normal,3: Sitting down (controlled)
1790603552.5664647,26608,Person A,678.1,2160.8,0.0,2264.76,17.15,True,Active,hafsa,None,Normal,3: Sitting down (controlled)
1790603552.6418478,26609,Person A,676.2,2161.7,0.0,2268.92,17.49,True,Active,hafsa,None,Normal,3: Sitting down (controlled)
1790603552.719483,26610,Person A,676.8,2162.8,0.0,2276.61,17.93,True,Active,hafsa,None,Normal,3: Sitting down (controlled)
1790603552.8012183,26611,Person A,683.2,2164.7,0.0,2301.37,19.15,True,Active,hafsa,None,Normal,3: Sitting down (controlled)
1790603552.9184675,26612,Person A,691.4,2166.9,-80.0,2314.15,19.38,True,Active,hafsa,None,Normal,3: Sitting down (controlled)
1790603553.019574,26613,Person A,699.8,2169.1,0.0,2316.32,19.31,True,Active,hafsa,None,Normal,3: Sitting down (controlled)
1790603553.102764,26614,Person A,708.7,2171.8,0.0,2319.77,19.26,True,Active,hafsa,None,Normal,3: Sitting down (controlled)
1790603553.1793613,26615,Person A,718.3,2174.8,0.0,2321.94,19.18,True,Active,hafsa,None,Normal,3: Sitting down (controlled)
1790603553.244977,26616,Person A,728.2,2178.0,0.0,2323.47,19.07,True,Active,hafsa,None,Normal,3: Sitting down (controlled)
1790603553.3844879,26617,Person A,738.0,2181.7,0.0,2326.24,18.89,True,Active,hafsa,None,Normal,3: Sitting down (controlled)
1790603553.4312186,26618,Person A,746.2,2185.5,0.0,2326.22,18.81,True,Active,hafsa,None,Normal,3: Sitting down (controlled)
1790603553.5373435,26619,Person A,752.3,2189.2,80.0,2323.03,18.65,True,Active,hafsa,None,Normal,3: Sitting down (controlled)
1790603553.6028063,26620,Person A,756.3,2192.5,0.0,2320.49,18.62,True,Active,hafsa,None,Normal,3: Sitting down (controlled)
1790603553.7478786,26621,Person A,754.6,2194.9,0.0,2318.59,18.56,True,Active,hafsa,None,Normal,3: Sitting down (controlled)
1790603553.806174,26622,Person A,750.9,2196.3,0.0,2315.42,18.4,True,Active,hafsa,None,Normal,3: Sitting down (controlled)
1790603553.9010801,26623,Person A,746.8,2197.3,0.0,2312.58,18.27,True,Active,hafsa,None,Normal,3: Sitting down (controlled)
1790603553.9876022,26624,Person A,742.3,2198.0,0.0,2311.97,18.14,True,Active,hafsa,None,Normal,3: Sitting down (controlled)
1790603554.0581079,26625,Person A,737.2,2198.8,0.0,2313.3,17.93,True,Active,hafsa,None,Normal,3: Sitting down (controlled)
1790603554.159058,26626,Person A,731.6,2199.8,0.0,2315.31,17.68,True,Active,hafsa,None,Normal,3: Sitting down (controlled)
1790603554.2521887,26627,Person A,725.8,2200.7,0.0,2316.71,17.46,True,Active,hafsa,None,Normal,3: Sitting down (controlled)
1790603554.3294802,26628,Person A,719.9,2201.7,0.0,2317.42,17.35,True,Active,hafsa,None,Normal,3: Sitting down (controlled)
1790603554.4139016,26629,Person A,714.5,2202.8,80.0,2316.82,17.3,True,Active,hafsa,None,Normal,3: Sitting down (controlled)
1790603554.506098,26630,Person A,709.5,2203.9,-80.0,2315.51,17.36,True,Active,hafsa,None,Normal,3: Sitting down (controlled)
1790603554.6180065,26631,Person A,704.8,2205.0,0.0,2314.55,17.37,True,Active,hafsa,None,Normal,3: Sitting down (controlled)
1790603554.6841655,26632,Person A,701.4,2206.2,0.0,2316.35,17.51,True,Active,hafsa,None,Normal,3: Sitting down (controlled)
1790603554.7768474,26633,Person A,698.9,2207.6,0.0,2318.21,17.58,True,Active,hafsa,None,Normal,3: Sitting down (controlled)
1790603554.8716168,26634,Person A,696.7,2208.6,0.0,2314.75,17.55,True,Active,hafsa,None,Normal,3: Sitting down (controlled)
1790603554.9589903,26635,Person A,695.2,2209.0,0.0,2312.54,17.54,True,Active,hafsa,None,Normal,3: Sitting down (controlled)
1790603555.0362213,26636,Person A,694.6,2208.9,0.0,2312.54,17.54,True,Active,hafsa,None,Normal,3: Sitting down (controlled)
1790603555.149655,26637,Person A,694.8,2208.5,0.0,2313.49,17.53,True,Active,hafsa,None,Normal,3: Sitting down (controlled)
1790603555.2351627,26638,Person A,695.5,2208.0,0.0,2314.75,17.55,True,Active,hafsa,None,Normal,3: Sitting down (controlled)
1790603555.313111,26639,Person A,696.4,2207.5,0.0,2314.75,17.55,True,Active,hafsa,None,Normal,3: Sitting down (controlled)
1790603555.3916328,26640,Person A,697.3,2207.2,0.0,2315.35,17.6,True,Active,hafsa,None,Normal,3: Sitting down (controlled)
1790603555.485137,26641,Person A,698.4,2206.8,0.0,2314.05,17.66,True,Active,hafsa,None,Normal,3: Sitting down (controlled)
1790603555.594768,26642,Person A,699.0,2206.3,0.0,2313.4,17.69,True,Active,hafsa,None,Normal,3: Sitting down (controlled)
1790603555.698,26643,Person A,699.2,2205.5,0.0,2311.19,17.68,True,Active,hafsa,None,Normal,3: Sitting down (controlled)
1790603555.7835226,26644,Person A,699.4,2204.7,0.0,2307.73,17.66,True,Active,hafsa,None,Normal,3: Sitting down (controlled)
1790603555.8547564,26645,Person A,699.5,2203.9,0.0,2305.21,17.63,True,Active,hafsa,None,Normal,3: Sitting down (controlled)
1790603555.9259694,26646,Person A,699.5,2202.9,0.0,2303.01,17.62,True,Active,hafsa,None,Normal,3: Sitting down (controlled)
1790603556.0309548,26647,Person A,699.5,2201.4,0.0,2299.19,17.65,True,Active,hafsa,None,Normal,3: Sitting down (controlled)
1790603556.1189048,26648,Person A,699.9,2199.4,0.0,2296.91,17.8,True,Active,hafsa,None,Normal,3: Sitting down (controlled)
1790603556.1987104,26649,Person A,700.8,2197.2,0.0,2296.54,17.93,True,Active,hafsa,None,Normal,3: Sitting down (controlled)
1790603556.2856557,26650,Person A,702.0,2194.9,0.0,2297.13,18.06,True,Active,hafsa,None,Normal,3: Sitting down (controlled)
1790603556.3985522,26651,Person A,703.1,2192.9,0.0,2298.39,18.07,True,Active,hafsa,None,Normal,3: Sitting down (controlled)
1790603556.511414,26652,Person A,704.4,2191.2,0.0,2301.22,18.13,True,Active,hafsa,None,Normal,3: Sitting down (controlled)
1790603556.6326838,26653,Person A,705.7,2189.9,0.0,2302.81,18.09,True,Active,hafsa,None,Normal,3: Sitting down (controlled)
1790603556.7687502,26654,Person A,707.1,2188.7,0.0,2300.6,18.08,True,Active,hafsa,None,Normal,3: Sitting down (controlled)
1790603556.8315856,26655,Person A,708.9,2187.7,0.0,2301.22,18.13,True,Active,hafsa,None,Normal,3: Sitting down (controlled)
1790603556.90123,26656,Person A,710.7,2186.9,0.0,2300.91,18.1,True,Active,hafsa,None,Normal,3: Sitting down (controlled)
1790603556.979545,26657,Person A,712.6,2186.5,0.0,2301.22,18.13,True,Active,hafsa,None,Normal,3: Sitting down (controlled)
1790603557.067314,26658,Person A,713.7,2186.6,0.0,2301.24,18.05,True,Active,hafsa,None,Normal,3: Sitting down (controlled)
1790603557.1356084,26659,Person A,714.2,2186.9,0.0,2300.93,18.03,True,Active,hafsa,None,Normal,3: Sitting down (controlled)
1790603557.1995993,26660,Person A,714.0,2187.0,0.0,2297.46,18.0,True,Active,hafsa,None,Normal,3: Sitting down (controlled)
1790603557.2700336,26661,Person A,713.0,2186.9,0.0,2294.36,17.84,True,Active,hafsa,None,Normal,3: Sitting down (controlled)
1790603557.3757937,26662,Person A,711.5,2186.5,0.0,2292.79,17.8,True,Active,hafsa,None,Normal,3: Sitting down (controlled)
1790603557.4622838,26663,Person A,712.1,2185.0,0.0,2290.44,18.35,True,Active,hafsa,None,Normal,3: Sitting down (controlled)
1790603557.5285628,26664,Person A,714.9,2182.8,0.0,2288.62,18.92,True,Active,hafsa,None,Normal,3: Sitting down (controlled)
1790603557.60696,26665,Person A,718.0,2180.3,0.0,2287.41,19.06,True,Active,hafsa,None,Normal,3: Sitting down (controlled)
1790603557.7083232,26666,Person A,720.8,2177.9,0.0,2287.05,18.96,True,Active,hafsa,None,Normal,3: Sitting down (controlled)
1790603557.8112612,26667,Person A,723.1,2175.4,0.0,2284.81,18.87,True,Active,hafsa,None,Normal,3: Sitting down (controlled)
1790603557.901269,26668,Person A,725.8,2172.3,0.0,2280.41,18.94,True,Active,hafsa,None,Normal,3: Sitting down (controlled)
1790603557.979521,26669,Person A,728.6,2168.8,0.0,2276.62,18.97,True,Active,hafsa,None,Normal,3: Sitting down (controlled)
1790603558.051855,26670,Person A,731.6,2165.6,-80.0,2276.62,18.97,True,Active,hafsa,None,Normal,3: Sitting down (controlled)
1790603558.1717327,26671,Person A,735.4,2162.4,0.0,2276.0,19.0,True,Active,hafsa,None,Normal,3: Sitting down (controlled)
1790603558.2782288,26672,Person A,739.3,2159.3,80.0,2275.68,18.98,True,Active,hafsa,None,Normal,3: Sitting down (controlled)
1790603558.3268158,26673,Person A,740.9,2157.3,80.0,2276.6,18.89,True,Active,hafsa,None,Normal,3: Sitting down (controlled)
1790603558.4054992,26674,Person A,740.0,2155.8,0.0,2271.52,18.83,True,Active,hafsa,None,Normal,3: Sitting down (controlled)
1790603558.4951475,26675,Person A,737.8,2154.4,80.0,2267.05,18.65,True,Active,hafsa,None,Normal,3: Sitting down (controlled)
1790603558.64302,26676,Person A,735.3,2153.1,0.0,2266.72,18.47,True,Active,hafsa,None,Normal,3: Sitting down (controlled)
1790603558.7198675,26677,Person A,732.8,2152.0,-80.0,2266.41,18.36,True,Active,hafsa,None,Normal,3: Sitting down (controlled)
1790603558.7966588,26678,Person A,730.3,2151.6,0.0,2268.62,18.37,True,Active,hafsa,None,Normal,3: Sitting down (controlled)
1790603558.895141,26679,Person A,727.6,2151.8,0.0,2269.89,18.31,True,Active,hafsa,None,Normal,3: Sitting down (controlled)
1790603558.9471102,26680,Person A,724.9,2152.2,0.0,2271.79,18.29,True,Active,hafsa,None,Normal,3: Sitting down (controlled)
1790603559.0460515,26681,Person A,721.6,2152.8,0.0,2271.17,18.16,True,Active,hafsa,None,Normal,3: Sitting down (controlled)
1790603559.1708133,26682,Person A,718.2,2153.1,0.0,2267.7,18.14,True,Active,hafsa,None,Normal,3: Sitting down (controlled)
1790603559.2224553,26683,Person A,714.8,2153.2,0.0,2266.77,18.07,True,Active,hafsa,None,Normal,3: Sitting down (controlled)
1790603559.29667,26684,Person A,711.7,2154.0,0.0,2269.31,18.02,True,Active,hafsa,None,Normal,3: Sitting down (controlled)
1790603559.3866737,26685,Person A,709.4,2155.3,0.0,2272.16,18.0,True,Active,hafsa,None,Normal,3: Sitting down (controlled)
1790603559.4839294,26686,Person A,707.8,2156.5,0.0,2273.11,17.99,True,Active,hafsa,None,Normal,3: Sitting down (controlled)
1790603559.586802,26687,Person A,707.0,2157.6,80.0,2274.35,18.08,True,Active,hafsa,None,Normal,3: Sitting down (controlled)
1790603559.670919,26688,Person A,706.3,2158.6,0.0,2275.92,18.12,True,Active,hafsa,None,Normal,3: Sitting down (controlled)
1790603559.780768,26689,Person A,705.9,2159.2,0.0,2274.34,18.16,True,Active,hafsa,None,Normal,3: Sitting down (controlled)
1790603559.8729448,26690,Person A,705.1,2159.4,0.0,2271.19,18.08,True,Active,hafsa,None,Normal,3: Sitting down (controlled)
1790603559.9567137,26691,Person A,704.7,2159.2,0.0,2268.03,18.08,True,Active,hafsa,None,Normal,3: Sitting down (controlled)
1790603560.0427732,26692,Person A,704.2,2159.1,-80.0,2265.2,18.03,True,Active,hafsa,None,Normal,3: Sitting down (controlled)
1790603560.1342595,26693,Person A,703.9,2158.8,-80.0,2262.99,18.02,True,Active,hafsa,None,Normal,3: Sitting down (controlled)
1790603560.2126162,26694,Person A,703.4,2158.0,0.0,2260.16,17.96,True,Active,hafsa,None,Normal,3: Sitting down (controlled)
1790603560.294263,26695,Person A,702.6,2156.9,0.0,2259.23,17.89,True,Active,hafsa,None,Normal,3: Sitting down (controlled)
1790603560.3804295,26696,Person A,701.4,2155.7,0.0,2258.01,17.79,True,Active,hafsa,None,Normal,3: Sitting down (controlled)
1790603560.5031476,26697,Person A,699.5,2154.0,0.0,2252.33,17.76,True,Active,hafsa,None,Normal,3: Sitting down (controlled)
1790603560.558744,26698,Person A,697.7,2151.8,0.0,2249.44,17.86,True,Active,hafsa,None,Normal,3: Sitting down (controlled)
1790603560.6534078,26699,Person A,696.5,2150.0,0.0,2253.5,18.02,True,Active,hafsa,None,Normal,3: Sitting down (controlled)
1790603560.736241,26700,Person A,696.2,2148.6,0.0,2256.95,18.12,True,Active,hafsa,None,Normal,3: Sitting down (controlled)
1790603560.829804,26701,Person A,696.6,2147.4,0.0,2257.88,18.27,True,Active,hafsa,None,Normal,3: Sitting down (controlled)
1790603560.9238117,26702,Person A,697.5,2146.5,0.0,2259.45,18.31,True,Active,hafsa,None,Normal,3: Sitting down (controlled)
1790603561.0153224,26703,Person A,698.3,2145.4,0.0,2255.03,18.3,True,Active,hafsa,None,Normal,3: Sitting down (controlled)
1790603561.1091092,26704,Person A,699.2,2144.5,80.0,2254.4,18.25,True,Active,hafsa,None,Normal,3: Sitting down (controlled)
1790603561.1812503,26705,Person A,700.1,2143.5,0.0,2252.51,18.19,True,Active,hafsa,None,Normal,3: Sitting down (controlled)
1790603561.2749088,26706,Person A,701.0,2142.3,0.0,2249.37,18.1,True,Active,hafsa,None,Normal,3: Sitting down (controlled)
1790603561.37162,26707,Person A,702.2,2141.6,0.0,2249.37,18.1,True,Active,hafsa,None,Normal,3: Sitting down (controlled)
1790603561.4566154,26708,Person A,703.5,2141.4,0.0,2251.56,18.19,True,Active,hafsa,None,Normal,3: Sitting down (controlled)
1790603561.57349,26709,Person A,704.3,2141.1,0.0,2253.14,18.23,True,Active,hafsa,None,Normal,3: Sitting down (controlled)
1790603561.6494133,26710,Person A,704.5,2140.6,-80.0,2252.82,18.21,True,Active,hafsa,None,Normal,3: Sitting down (controlled)
1790603561.7267928,26711,Person A,704.4,2140.1,-80.0,2252.81,18.29,True,Active,hafsa,None,Normal,3: Sitting down (controlled)
1790603561.8028162,26712,Person A,704.1,2139.5,0.0,2252.81,18.29,True,Active,hafsa,None,Normal,3: Sitting down (controlled)
1790603561.908306,26713,Person A,704.4,2139.4,0.0,2255.02,18.38,True,Active,hafsa,None,Normal,3: Sitting down (controlled)
1790603562.0048149,26714,Person A,705.7,2139.6,0.0,2260.4,18.55,True,Active,hafsa,None,Normal,3: Sitting down (controlled)
1790603562.07653,26715,Person A,707.7,2140.1,0.0,2263.57,18.63,True,Active,hafsa,None,Normal,3: Sitting down (controlled)
1790603562.1549926,26716,Person A,709.6,2141.6,0.0,2269.57,18.44,True,Active,hafsa,None,Normal,3: Sitting down (controlled)
1790603562.2810957,26717,Person A,711.5,2143.9,0.0,2277.16,18.38,True,Active,hafsa,None,Normal,3: Sitting down (controlled)
1790603562.361141,26718,Person A,712.9,2146.3,0.0,2278.74,18.34,True,Active,hafsa,None,Normal,3: Sitting down (controlled)
1790603562.4594147,26719,Person A,713.8,2148.8,0.0,2279.7,18.25,True,Active,hafsa,None,Normal,3: Sitting down (controlled)
1790603562.5236437,26720,Person A,714.2,2151.8,0.0,2282.58,18.07,True,Active,hafsa,None,Normal,3: Sitting down (controlled)
1790603562.6000957,26721,Person A,713.6,2155.0,0.0,2281.37,17.89,True,Active,hafsa,None,Normal,3: Sitting down (controlled)
1790603562.7120163,26722,Person A,712.2,2158.2,0.0,2278.92,17.7,True,Active,hafsa,None,Normal,3: Sitting down (controlled)
1790603562.796962,26723,Person A,710.0,2161.0,0.0,2274.85,17.63,True,Active,hafsa,None,Normal,3: Sitting down (controlled)
1790603562.8675275,26724,Person A,706.6,2163.4,0.0,2272.69,17.54,True,Active,hafsa,None,Normal,3: Sitting down (controlled)
1790603562.9569366,26725,Person A,702.5,2165.7,0.0,2272.74,17.46,True,Active,hafsa,None,Normal,3: Sitting down (controlled)
1790603563.0345104,26726,Person A,698.5,2167.5,0.0,2274.41,17.34,True,Active,hafsa,None,Normal,3: Sitting down (controlled)
1790603563.167658,26727,Person A,694.2,2168.7,0.0,2275.42,17.26,True,Active,hafsa,None,Normal,3: Sitting down (controlled)
1790603563.2192838,26728,Person A,689.7,2169.9,0.0,2276.45,17.17,True,Active,hafsa,None,Normal,3: Sitting down (controlled)
1790603563.3166583,26729,Person A,685.4,2171.3,0.0,2279.97,17.12,True,Active,hafsa,None,Normal,3: Sitting down (controlled)
1790603563.41096,26730,Person A,681.7,2172.3,0.0,2280.93,17.11,True,Active,hafsa,None,Normal,3: Sitting down (controlled)
1790603563.5288591,26731,Person A,678.7,2172.9,0.0,2278.06,17.13,True,Active,hafsa,None,Normal,3: Sitting down (controlled)
1790603563.6054947,26732,Person A,676.6,2173.0,0.0,2273.58,17.19,True,Active,hafsa,None,Normal,3: Sitting down (controlled)
1790603563.6943648,26733,Person A,675.0,2173.4,0.0,2273.88,17.22,True,Active,hafsa,None,Normal,3: Sitting down (controlled)
1790603563.7858386,26734,Person A,674.1,2174.2,0.0,2277.63,17.27,True,Active,hafsa,None,Normal,3: Sitting down (controlled)
1790603563.8729148,26735,Person A,673.8,2175.1,0.0,2280.43,17.32,True,Active,hafsa,None,Normal,3: Sitting down (controlled)
1790603563.955769,26736,Person A,674.2,2175.7,0.0,2281.33,17.39,True,Active,hafsa,None,Normal,3: Sitting down (controlled)
1790603564.0399983,26737,Person A,675.1,2176.5,0.0,2285.74,17.41,True,Active,hafsa,None,Normal,3: Sitting down (controlled)
1790603564.1209023,26738,Person A,676.5,2177.4,0.0,2289.2,17.44,True,Active,hafsa,None,Normal,3: Sitting down (controlled)
1790603564.2144701,26739,Person A,678.1,2177.8,-80.0,2288.55,17.47,True,Active,hafsa,None,Normal,3: Sitting down (controlled)
1790603564.2926505,26740,Person A,679.7,2177.9,0.0,2286.64,17.48,True,Active,hafsa,None,Normal,3: Sitting down (controlled)
1790603564.3773687,26741,Person A,681.0,2178.3,0.0,2285.74,17.41,True,Active,hafsa,None,Normal,3: Sitting down (controlled)
1790603564.5014114,26742,Person A,681.9,2179.2,0.0,2284.85,17.34,True,Active,hafsa,None,Normal,3: Sitting down (controlled)
1790603564.588883,26743,Person A,682.5,2180.2,0.0,2285.21,17.29,True,Active,hafsa,None,Normal,3: Sitting down (controlled)
1790603564.6709826,26744,Person A,682.7,2181.2,0.0,2287.77,17.24,True,Active,hafsa,None,Normal,3: Sitting down (controlled)
1790603564.7603238,26745,Person A,682.7,2182.2,0.0,2289.98,17.25,True,Active,hafsa,None,Normal,3: Sitting down (controlled)
1790603564.8330362,26746,Person A,682.4,2183.5,0.0,2292.85,17.23,True,Active,hafsa,None,Normal,3: Sitting down (controlled)
1790603564.9304056,26747,Person A,681.8,2184.6,0.0,2294.46,17.19,True,Active,hafsa,None,Normal,3: Sitting down (controlled)
1790603565.010283,26748,Person A,681.0,2185.1,0.0,2291.59,17.21,True,Active,hafsa,None,Normal,3: Sitting down (controlled)
1790603565.092433,26749,Person A,679.9,2185.7,0.0,2291.0,17.16,True,Active,hafsa,None,Normal,3: Sitting down (controlled)
1790603565.1840785,26750,Person A,679.0,2186.7,0.0,2293.5,17.19,True,Active,hafsa,None,Normal,3: Sitting down (controlled)
1790603565.295966,26751,Person A,678.5,2188.0,0.0,2296.67,17.2,True,Active,hafsa,None,Normal,3: Sitting down (controlled)
1790603565.3640313,26752,Person A,678.1,2189.3,0.0,2296.08,17.15,True,Active,hafsa,None,Normal,3: Sitting down (controlled)
1790603565.470523,26753,Person A,677.5,2190.8,0.0,2297.77,17.03,True,Active,hafsa,None,Normal,3: Sitting down (controlled)
1790603565.5410979,26754,Person A,676.9,2192.3,0.0,2300.34,16.99,True,Active,hafsa,None,Normal,3: Sitting down (controlled)
1790603565.6263394,26755,Person A,677.3,2193.6,0.0,2303.58,17.25,True,Active,hafsa,None,Normal,3: Sitting down (controlled)
1790603565.7185779,26756,Person A,678.6,2194.4,0.0,2304.36,17.48,True,Active,hafsa,None,Normal,3: Sitting down (controlled)
1790603565.8152661,26757,Person A,680.3,2195.0,0.0,2305.26,17.55,True,Active,hafsa,None,Normal,3: Sitting down (controlled)
1790603565.9028926,26758,Person A,682.3,2195.6,0.0,2303.31,17.64,True,Active,hafsa,None,Normal,3: Sitting down (controlled)
1790603565.9808958,26759,Person A,685.0,2196.3,0.0,2305.78,17.75,True,Active,hafsa,None,Normal,3: Sitting down (controlled)
1790603566.0732667,26760,Person A,688.3,2196.9,0.0,2309.18,17.93,True,Active,hafsa,None,Normal,3: Sitting down (controlled)
1790603566.160661,26761,Person A,691.9,2197.5,0.0,2313.27,18.0,True,Active,hafsa,None,Normal,3: Sitting down (controlled)
1790603566.2671516,26762,Person A,696.6,2198.0,0.0,2315.12,18.22,True,Active,hafsa,None,Normal,3: Sitting down (controlled)
1790603566.347016,26763,Person A,702.1,2198.2,80.0,2316.37,18.32,True,Active,hafsa,None,Normal,3: Sitting down (controlled)
1790603566.4327142,26764,Person A,707.6,2197.9,0.0,2314.16,18.31,True,Active,hafsa,None,Normal,3: Sitting down (controlled)
1790603566.5293512,26765,Person A,712.2,2197.5,-80.0,2313.84,18.36,True,Active,hafsa,None,Normal,3: Sitting down (controlled)
1790603566.6239011,26766,Person A,716.2,2197.3,0.0,2314.79,18.43,True,Active,hafsa,None,Normal,3: Sitting down (controlled)
1790603566.7235963,26767,Person A,720.4,2197.3,0.0,2318.27,18.54,True,Active,hafsa,None,Normal,3: Sitting down (controlled)
1790603566.8123176,26768,Person A,724.7,2197.8,0.0,2321.44,18.61,True,Active,hafsa,None,Normal,3: Sitting down (controlled)
1790603566.883981,26769,Person A,729.2,2198.7,0.0,2328.42,18.74,True,Active,hafsa,None,Normal,3: Sitting down (controlled)
1790603566.961739,26770,Person A,734.2,2200.5,0.0,2342.08,18.96,True,Active,hafsa,None,Normal,3: Sitting down (controlled)
1790603567.0501647,26771,Person A,741.8,2205.1,0.0,2381.22,19.4,True,Active,hafsa,None,Normal,3: Sitting down (controlled)
1790603567.14966,26772,Person A,746.1,2211.4,0.0,2388.5,18.73,True,Active,hafsa,None,Normal,3: Sitting down (controlled)
1790603567.2373035,26773,Person A,748.1,2218.6,0.0,2391.01,18.23,True,Active,hafsa,None,Normal,3: Sitting down (controlled)
1790603567.3313751,26774,Person A,747.4,2225.9,160.0,2381.45,17.6,True,Active,hafsa,None,Normal,3: Sitting down (controlled)
1790603567.4068499,26775,Person A,743.7,2232.3,0.0,2363.57,17.02,True,Active,hafsa,None,Normal,3: Sitting down (controlled)
1790603567.5102878,26776,Person A,736.6,2238.4,0.0,2351.8,16.32,True,Active,hafsa,None,Normal,3: Sitting down (controlled)
1790603567.593471,26777,Person A,724.9,2244.3,0.0,2340.61,15.36,True,Active,hafsa,None,Normal,3: Sitting down (controlled)
1790603567.6782866,26778,Person A,712.5,2250.4,0.0,2343.67,15.26,True,Active,hafsa,None,Normal,3: Sitting down (controlled)
1790603567.7913694,26779,Person A,700.7,2255.5,0.0,2342.31,15.6,True,Active,hafsa,None,Normal,3: Sitting down (controlled)
1790603567.8757956,26780,Person A,687.8,2259.4,160.0,2340.93,15.66,True,Active,hafsa,None,Normal,3: Sitting down (controlled)
1790603567.9462867,26781,Person A,671.6,2260.3,160.0,2341.08,15.59,True,Active,hafsa,None,Normal,3: Sitting down (controlled)
1790603568.044173,26782,Person A,657.5,2259.7,160.0,2341.24,15.51,True,Active,hafsa,None,Normal,3: Sitting down (controlled)
1790603568.1213179,26783,Person A,645.3,2258.1,160.0,2340.28,15.51,True,Active,hafsa,None,Normal,3: Sitting down (controlled)
1790603568.2074988,26784,Person A,636.5,2256.2,80.0,2338.04,15.68,True,Active,hafsa,None,Normal,3: Sitting down (controlled)
1790603568.3148553,26785,Person A,631.2,2254.9,160.0,2336.09,15.87,True,Active,hafsa,None,Normal,3: Sitting down (controlled)
1790603568.3835747,26786,Person A,629.3,2253.5,320.0,2333.07,15.97,True,Active,hafsa,None,Normal,3: Sitting down (controlled)
1790603568.4892602,26787,Person A,631.2,2251.3,390.0,2324.55,15.96,True,Active,hafsa,None,Normal,1: Walking
1790603568.5802722,26788,Person A,632.8,2248.0,480.0,2316.18,15.86,True,Active,hafsa,None,Normal,1: Walking
1790603568.6518974,26789,Person A,632.2,2244.8,240.0,2309.88,15.67,True,Active,hafsa,None,Normal,1: Walking
1790603568.7462966,26790,Person A,630.3,2241.2,720.0,2301.15,15.45,True,Active,hafsa,None,Normal,1: Walking
1790603568.8334966,26791,Person A,625.9,2233.6,720.0,2256.16,15.03,True,Active,hafsa,None,Normal,1: Walking
1790603568.9268537,26792,Person A,619.1,2222.8,480.0,2219.29,14.56,True,Active,hafsa,None,Normal,1: Walking
1790603569.0082724,26793,Person A,610.9,2209.6,320.0,2191.59,14.37,True,Active,hafsa,None,Normal,1: Walking
1790603569.1112735,26794,Person A,600.2,2193.9,480.0,2158.81,14.07,True,Active,hafsa,None,Normal,1: Walking
1790603569.1981356,26795,Person A,586.6,2174.6,480.0,2114.69,13.76,True,Active,hafsa,None,Normal,1: Walking
1790603569.310112,26796,Person A,570.8,2152.5,790.0,2079.12,13.46,True,Active,hafsa,None,Normal,1: Walking
1790603569.368,26797,Person A,554.6,2125.7,390.0,2024.01,13.63,True,Active,hafsa,None,Normal,1: Walking
1790603569.5060663,26798,Person A,539.2,2097.2,960.0,2001.17,13.85,True,Active,hafsa,None,Normal,1: Walking
1790603569.5748172,26799,Person A,524.0,2067.2,720.0,1981.05,13.78,True,Active,hafsa,None,Normal,1: Walking
1790603569.6532245,26800,Person A,509.6,2035.7,560.0,1959.94,13.84,True,Active,hafsa,None,Normal,1: Walking
1790603569.732078,26801,Person A,496.9,2005.6,720.0,1933.04,13.71,True,Active,hafsa,None,Normal,1: Walking
1790603569.825744,26802,Person A,485.3,1975.3,720.0,1897.21,13.47,True,Active,hafsa,None,Normal,1: Walking
1790603569.9149024,26803,Person A,473.3,1943.5,720.0,1854.13,13.22,True,Active,hafsa,None,Normal,1: Walking
1790603570.0196793,26804,Person A,459.6,1906.9,640.0,1771.02,12.66,True,Active,hafsa,None,Normal,1: Walking
1790603570.0976558,26805,Person A,443.8,1867.8,390.0,1698.41,11.72,True,Active,hafsa,None,Normal,1: Walking
1790603570.168884,26806,Person A,426.0,1827.1,390.0,1643.73,10.73,True,Active,hafsa,None,Normal,1: Walking
1790603570.2609828,26807,Person A,405.5,1788.0,390.0,1599.3,9.79,True,Active,hafsa,None,Normal,1: Walking
1790603570.352112,26808,Person A,380.2,1747.6,390.0,1555.51,8.35,True,Active,hafsa,None,Normal,1: Walking
1790603570.4333827,26809,Person A,350.7,1703.9,480.0,1497.5,6.79,True,Active,hafsa,None,Normal,1: Walking
1790603570.5414073,26810,Person A,317.7,1657.3,560.0,1443.71,5.52,True,Active,hafsa,None,Normal,1: Walking
1790603570.6244085,26811,Person A,283.2,1607.5,640.0,1384.62,4.68,True,Active,hafsa,None,Normal,1: Walking
1790603570.6981878,26812,Person A,248.4,1554.9,640.0,1322.35,4.08,True,Active,hafsa,None,Normal,1: Walking
1790603570.8044546,26813,Person A,213.6,1500.7,560.0,1265.28,3.44,True,Active,hafsa,None,Normal,1: Walking
1790603570.902442,26814,Person A,179.5,1447.3,560.0,1194.92,2.25,True,Active,hafsa,None,Normal,1: Walking
1790603570.9852307,26815,Person A,147.3,1395.6,320.0,1146.23,1.15,True,Active,hafsa,None,Normal,1: Walking
1790603571.0587795,26816,Person A,116.4,1343.8,320.0,1097.0,-0.16,True,Active,hafsa,None,Normal,1: Walking
1790603571.161045,26817,Person A,86.7,1290.4,240.0,1042.3,-1.37,True,Active,hafsa,None,Normal,1: Walking
1790603571.2483368,26818,Person A,58.9,1236.8,160.0,1004.35,-2.97,True,Active,hafsa,None,Normal,1: Walking
1790603571.3463502,26819,Person A,32.6,1184.7,80.0,969.82,-5.09,True,Active,hafsa,None,Normal,1: Walking
1790603571.4437716,26820,Person A,8.3,1134.5,160.0,940.77,-6.35,True,Active,hafsa,None,Normal,1: Walking
1790603571.5198534,26821,Person A,-15.6,1086.7,80.0,910.76,-7.95,True,Active,hafsa,None,Normal,1: Walking
1790603571.6145134,26822,Person A,-41.3,1041.7,0.0,884.15,-10.62,True,Active,hafsa,None,Normal,1: Walking
1790603571.7313778,26823,Person A,-67.9,999.3,160.0,860.24,-12.76,True,Active,hafsa,None,Normal,1: Walking
1790603571.7925828,26824,Person A,-95.9,961.3,0.0,846.69,-15.97,True,Active,hafsa,None,Normal,1: Walking
1790603571.8625042,26825,Person A,-125.5,925.3,80.0,832.06,-19.15,True,Active,hafsa,None,Normal,1: Walking
1790603571.944129,26826,Person A,-156.1,891.7,160.0,821.34,-22.1,True,Active,hafsa,None,Normal,1: Walking
1790603572.0737333,26827,Person A,-188.1,860.9,80.0,811.04,-25.17,True,Active,hafsa,None,Normal,1: Walking
1790603572.119686,26828,Person A,-221.4,830.9,-80.0,801.52,-28.71,True,Active,hafsa,None,Normal,1: Walking
1790603572.2135847,26829,Person A,-255.0,801.6,-160.0,794.36,-32.09,True,Active,hafsa,None,Normal,1: Walking
1790603572.3057806,26830,Person A,-290.4,772.6,-240.0,791.07,-35.38,True,Active,hafsa,None,Normal,1: Walking
1790603572.4243324,26831,Person A,-327.4,744.7,-320.0,796.33,-38.52,True,Active,hafsa,None,Normal,1: Walking
1790603572.5066378,26832,Person A,-364.5,718.3,-320.0,806.96,-41.43,True,Active,hafsa,None,Normal,1: Walking
1790603572.581489,26833,Person A,-403.1,693.3,-390.0,823.83,-44.36,True,Active,hafsa,None,Normal,1: Walking
1790603572.672699,26834,Person A,-439.8,670.6,-390.0,839.39,-45.63,True,Active,hafsa,None,Normal,1: Walking
1790603572.7588587,26835,Person A,-473.4,652.6,-390.0,859.14,-45.14,True,Active,hafsa,None,Normal,1: Walking
1790603572.8468122,26836,Person A,-503.9,638.1,-390.0,869.74,-44.91,True,Active,hafsa,None,Normal,1: Walking
1790603572.938965,26837,Person A,-532.1,627.1,-390.0,884.59,-45.14,True,Active,hafsa,None,Normal,1: Walking
1790603573.0144205,26838,Person A,-557.9,620.1,-390.0,902.3,-45.45,True,Active,hafsa,None,Normal,1: Walking
1790603573.107723,26839,Person A,-581.9,617.0,-320.0,922.18,-45.88,True,Active,hafsa,None,Normal,1: Walking
1790603573.195537,26840,Person A,-603.7,618.0,-240.0,941.28,-45.9,True,Active,hafsa,None,Normal,1: Walking
1790603573.3145754,26841,Person A,-623.0,622.7,-160.0,961.05,-45.8,True,Active,hafsa,None,Normal,1: Walking
1790603573.390506,26842,Person A,-639.8,630.5,-240.0,979.44,-45.79,True,Active,hafsa,None,Normal,1: Walking
1790603573.4804237,26843,Person A,-653.8,641.1,-240.0,997.84,-45.85,True,Active,hafsa,None,Normal,1: Walking
1790603573.5613813,26844,Person A,-667.1,653.0,-320.0,1017.71,-46.07,True,Active,hafsa,None,Normal,1: Walking
1790603573.6406453,26845,Person A,-681.4,663.9,-390.0,1037.66,-46.44,True,Active,hafsa,None,Normal,1: Walking
1790603573.725753,26846,Person A,-697.1,675.2,-320.0,1061.08,-46.6,True,Active,hafsa,None,Normal,1: Walking
1790603573.8328862,26847,Person A,-712.6,687.3,-390.0,1080.07,-46.39,True,Active,hafsa,None,Normal,1: Walking
1790603573.921173,26848,Person A,-727.7,700.5,-480.0,1102.57,-46.07,True,Active,hafsa,None,Normal,1: Walking
1790603574.011622,26849,Person A,-742.2,715.1,-480.0,1127.92,-45.68,True,Active,hafsa,None,Normal,1: Walking
1790603574.096675,26850,Person A,-756.8,730.7,-560.0,1154.73,-45.39,True,Active,hafsa,None,Normal,1: Walking
1790603574.1608589,26851,Person A,-773.8,749.2,-480.0,1211.98,-45.13,True,Active,hafsa,None,Normal,1: Walking
1790603574.2966957,26852,Person A,-792.6,770.4,-390.0,1262.19,-44.84,True,Active,hafsa,None,Normal,1: Walking
1790603574.356917,26853,Person A,-813.3,793.9,-320.0,1310.28,-44.78,True,Active,hafsa,None,Normal,1: Walking
1790603574.4354427,26854,Person A,-835.3,819.6,-320.0,1354.84,-44.7,True,Active,hafsa,None,Normal,1: Walking
1790603574.5272715,26855,Person A,-857.8,847.9,-240.0,1396.61,-44.39,True,Active,hafsa,None,Normal,1: Walking
1790603574.6133773,26856,Person A,-880.3,878.0,-240.0,1432.8,-44.04,True,Active,hafsa,None,Normal,1: Walking
1790603574.753358,26857,Person A,-903.7,909.8,-160.0,1470.45,-43.7,True,Active,hafsa,None,Normal,1: Walking
1790603574.8287344,26858,Person A,-927.4,942.8,-160.0,1503.99,-43.28,True,Active,hafsa,None,Normal,1: Walking
1790603574.9239137,26859,Person A,-950.9,976.7,-80.0,1534.89,-42.76,True,Active,hafsa,None,Normal,1: Walking
1790603574.9949398,26860,Person A,-973.3,1012.0,-160.0,1564.93,-41.94,True,Active,hafsa,None,Normal,1: Walking
1790603575.0734427,26861,Person A,-991.3,1047.7,-160.0,1596.39,-40.61,True,Active,hafsa,None,Normal,1: Walking
1790603575.1870055,26862,Person A,-1005.0,1084.8,-160.0,1630.18,-39.05,True,Active,hafsa,None,Normal,1: Walking
1790603575.244001,26863,Person A,-1013.6,1122.6,-80.0,1651.95,-37.65,True,Active,hafsa,None,Normal,1: Walking
1790603575.3362176,26864,Person A,-1017.7,1160.1,-160.0,1666.82,-36.61,True,Active,hafsa,None,Normal,1: Walking
1790603575.4165237,26865,Person A,-1017.8,1196.8,-240.0,1679.2,-35.62,True,Active,hafsa,None,Normal,1: Walking
1790603575.5021777,26866,Person A,-1014.6,1233.0,-240.0,1693.21,-34.7,True,Active,hafsa,None,Normal,1: Walking
1790603575.6383007,26867,Person A,-1008.0,1269.3,-320.0,1713.47,-33.67,True,Active,hafsa,None,Normal,1: Walking
1790603575.7151945,26868,Person A,-998.2,1306.0,-390.0,1734.34,-32.54,True,Active,hafsa,None,Normal,1: Walking
1790603575.775249,26869,Person A,-985.2,1344.4,-390.0,1764.9,-31.11,True,Active,hafsa,None,Normal,1: Walking
1790603575.8626018,26870,Person A,-969.6,1386.2,-390.0,1815.17,-29.36,True,Active,hafsa,None,Normal,1: Walking
1790603575.9788327,26871,Person A,-953.1,1428.9,-480.0,1857.47,-28.07,True,Active,hafsa,None,Normal,1: Walking
1790603576.0667164,26872,Person A,-938.4,1471.9,-560.0,1910.71,-27.42,True,Active,hafsa,None,Normal,1: Walking
1790603576.1584132,26873,Person A,-925.9,1514.8,-320.0,1949.01,-26.97,True,Active,hafsa,None,Normal,1: Walking
1790603576.2470434,26874,Person A,-915.7,1556.8,-320.0,1971.35,-26.9,True,Active,hafsa,None,Normal,1: Walking
1790603576.3201241,26875,Person A,-907.2,1597.1,-240.0,1980.73,-26.8,True,Active,hafsa,None,Normal,1: Walking
1790603576.4237707,26876,Person A,-899.1,1635.9,-160.0,1986.98,-26.38,True,Active,hafsa,None,Normal,1: Walking
1790603576.5127923,26877,Person A,-891.3,1673.0,-160.0,1997.4,-25.89,True,Active,hafsa,None,Normal,1: Walking
1790603576.590671,26878,Person A,-884.5,1707.4,-80.0,2002.46,-25.59,True,Active,hafsa,None,Normal,1: Walking
1790603576.6857839,26879,Person A,-878.7,1738.2,-80.0,2009.5,-25.15,True,Active,hafsa,None,Normal,1: Walking
1790603576.7625198,26880,Person A,-872.9,1764.3,-80.0,2022.1,-24.3,True,Active,hafsa,None,Normal,1: Walking
1790603576.8563995,26881,Person A,-863.7,1789.9,-160.0,2050.01,-22.42,True,Active,hafsa,None,Normal,1: Walking
1790603576.9264944,26882,Person A,-849.5,1813.7,-160.0,2070.02,-20.89,True,Active,hafsa,None,Normal,1: Walking
1790603577.0323892,26883,Person A,-829.5,1839.3,-240.0,2107.11,-18.94,True,Active,hafsa,None,Normal,1: Walking
1790603577.1124022,26884,Person A,-804.4,1867.0,-80.0,2133.57,-17.48,True,Active,hafsa,None,Normal,1: Walking
1790603577.19518,26885,Person A,-773.2,1895.8,-80.0,2136.52,-15.78,True,Active,hafsa,None,Normal,1: Walking
1790603577.2990022,26886,Person A,-738.6,1924.1,-160.0,2131.75,-14.59,True,Active,hafsa,None,Normal,1: Walking
1790603577.4006422,26887,Person A,-702.1,1951.9,-160.0,2136.04,-13.73,True,Active,hafsa,None,Normal,1: Walking
1790603577.4914598,26888,Person A,-663.7,1980.1,-240.0,2142.69,-12.97,True,Active,hafsa,None,Normal,1: Walking
1790603577.5569162,26889,Person A,-624.1,2008.1,-240.0,2148.39,-12.31,True,Active,hafsa,None,Normal,1: Walking
1790603577.6302946,26890,Person A,-582.9,2035.5,-240.0,2158.26,-11.22,True,Active,hafsa,None,Normal,1: Walking
1790603577.7317574,26891,Person A,-541.9,2061.5,-240.0,2186.87,-9.79,True,Active,hafsa,None,Normal,1: Walking
1790603577.861523,26892,Person A,-500.1,2086.4,-240.0,2206.33,-8.34,True,Active,hafsa,None,Normal,1: Walking
1790603577.9180098,26893,Person A,-458.0,2108.8,-160.0,2232.55,-6.77,True,Active,hafsa,None,Normal,1: Walking
1790603578.0056145,26894,Person A,-415.5,2129.3,-80.0,2250.39,-5.51,True,Active,hafsa,None,Normal,1: Walking
1790603578.083423,26895,Person A,-374.4,2149.8,-80.0,2267.38,-4.3,True,Active,hafsa,None,Normal,1: Walking
1790603578.1885734,26896,Person A,-333.4,2171.5,-80.0,2283.53,-3.19,True,Active,hafsa,None,Normal,1: Walking
1790603578.2777162,26897,Person A,-295.1,2192.3,80.0,2286.37,-3.11,True,Active,hafsa,None,Normal,1: Walking
1790603578.3758342,26898,Person A,-258.5,2212.2,80.0,2289.89,-2.88,True,Active,hafsa,None,Normal,1: Walking
1790603578.5271194,26899,Person A,-222.4,2231.4,80.0,2293.05,-2.42,True,Active,hafsa,None,Normal,1: Walking
1790603578.59391,26900,Person A,-187.8,2249.5,0.0,2299.19,-1.84,True,Active,hafsa,None,Normal,1: Walking
1790603578.6789615,26901,Person A,-153.1,2266.1,0.0,2321.13,-0.62,True,Active,hafsa,None,Normal,1: Walking
1790603578.755548,26902,Person A,-117.9,2281.9,-80.0,2341.22,0.78,True,Active,hafsa,None,Normal,1: Walking
1790603578.8370662,26903,Person A,-82.0,2296.2,0.0,2361.95,2.33,True,Active,hafsa,None,Normal,1: Walking
1790603578.8963635,26904,Person A,-45.5,2309.1,-80.0,2373.68,3.6,True,Active,hafsa,None,Normal,1: Walking
1790603578.963179,26905,Person A,-11.4,2320.3,-160.0,2379.15,4.12,True,Active,hafsa,None,Normal,1: Walking
1790603579.055132,26906,Person A,22.1,2331.3,-80.0,2399.03,4.97,True,Active,hafsa,None,Normal,1: Walking
1790603579.1872609,26907,Person A,58.5,2343.8,-160.0,2419.93,5.69,True,Active,hafsa,None,Normal,1: Walking
1790603579.2367384,26908,Person A,97.2,2357.1,-160.0,2435.24,6.41,True,Active,hafsa,None,Normal,1: Walking
1790603579.319207,26909,Person A,137.9,2370.5,-160.0,2444.73,7.28,True,Active,hafsa,None,Normal,1: Walking
1790603579.407431,26910,Person A,181.7,2382.9,-80.0,2449.2,8.55,True,Active,hafsa,None,Normal,1: Walking
1790603579.5349019,26911,Person A,227.5,2394.2,0.0,2472.21,10.09,True,Active,hafsa,None,Normal,1: Walking
1790603579.6205301,26912,Person A,275.1,2404.1,-80.0,2492.32,11.76,True,Active,hafsa,None,Normal,1: Walking
1790603579.6998389,26913,Person A,321.2,2412.3,-80.0,2504.72,12.85,True,Active,hafsa,None,Normal,1: Walking
1790603579.7903738,26914,Person A,364.7,2421.6,0.0,2530.32,13.34,True,Active,hafsa,None,Normal,1: Walking
1790603579.882741,26915,Person A,409.9,2431.4,0.0,2548.33,14.15,True,Active,hafsa,None,Normal,1: Walking
1790603579.9665158,26916,Person A,454.0,2439.7,0.0,2556.74,14.7,True,Active,hafsa,None,Normal,1: Walking
1790603580.0662763,26917,Person A,498.3,2446.7,-80.0,2570.4,15.41,True,Active,hafsa,None,Normal,1: Walking
1790603580.1563241,26918,Person A,539.6,2452.5,0.0,2570.94,15.45,True,Active,hafsa,None,Normal,1: Walking
1790603580.2443645,26919,Person A,576.7,2457.6,0.0,2567.94,15.38,True,Active,hafsa,None,Normal,1: Walking
1790603580.3144739,26920,Person A,606.7,2462.0,80.0,2553.83,15.07,True,Active,hafsa,None,Normal,1: Walking
1790603580.3968568,26921,Person A,629.4,2464.9,0.0,2549.9,15.0,True,Active,hafsa,None,Normal,1: Walking
1790603580.5312998,26922,Person A,644.1,2467.4,0.0,2550.54,14.88,True,Active,hafsa,None,Normal,1: Walking
1790603580.610033,26923,Person A,653.9,2469.7,-80.0,2550.54,14.88,True,Active,hafsa,None,Normal,1: Walking
1790603580.7336204,26924,Person A,661.3,2469.8,-80.0,2549.38,14.96,True,Active,hafsa,None,Normal,1: Walking
1790603580.8435214,26925,Person A,665.2,2468.6,-80.0,2546.55,15.07,True,Active,hafsa,None,Normal,1: Walking
1790603580.932355,26926,Person A,667.2,2466.7,-80.0,2543.56,15.25,True,Active,hafsa,None,Normal,1: Walking
