timestamp,sequence_id,target_id,x_mm,y_mm,speed_mms,distance_mm,angle_deg,valid,status,volunteer_id,fall_subtype,pace_variant,action_label
1790602471.0159414,14450,Person A,-705.7,2291.8,80.0,2368.91,-16.53,True,Active,hafsa,None,Normal,1: Walking
1790602471.1320262,14451,Person A,-699.6,2287.4,80.0,2361.17,-16.41,True,Active,hafsa,None,Normal,1: Walking
1790602471.2461426,14452,Person A,-692.6,2282.9,-80.0,2354.92,-16.15,True,Active,hafsa,None,Normal,1: Walking
1790602471.3291898,14453,Person A,-684.0,2278.8,-80.0,2351.22,-15.74,True,Active,hafsa,None,Normal,1: Walking
1790602471.4017465,14454,Person A,-671.2,2276.0,-160.0,2345.67,-14.59,True,Active,hafsa,None,Normal,1: Walking
1790602471.4862754,14455,Person A,-654.8,2273.8,-160.0,2337.89,-13.53,True,Active,hafsa,None,Normal,1: Walking
1790602471.5669062,14456,Person A,-635.4,2272.7,-160.0,2336.56,-12.63,True,Active,hafsa,None,Normal,1: Walking
1790602471.6405313,14457,Person A,-612.7,2271.9,-160.0,2327.36,-11.7,True,Active,hafsa,None,Normal,1: Walking
1790602471.71997,14458,Person A,-587.0,2271.5,-160.0,2317.01,-10.8,True,Active,hafsa,None,Normal,1: Walking
1790602471.813482,14459,Person A,-558.9,2271.2,-160.0,2307.93,-9.98,True,Active,hafsa,None,Normal,1: Walking
1790602471.8905025,14460,Person A,-529.3,2272.5,-80.0,2315.07,-9.4,True,Active,hafsa,None,Normal,1: Walking
1790602471.951111,14461,Person A,-497.5,2275.1,-160.0,2317.43,-8.66,True,Active,hafsa,None,Normal,1: Walking
1790602472.0371444,14462,Person A,-463.8,2278.1,-80.0,2313.96,-7.9,True,Active,hafsa,None,Normal,1: Walking
1790602472.099097,14463,Person A,-428.7,2281.0,-80.0,2309.9,-7.14,True,Active,hafsa,None,Normal,1: Walking
1790602472.159907,14464,Person A,-394.4,2284.2,0.0,2315.32,-6.15,True,Active,hafsa,None,Normal,1: Walking
1790602472.2318072,14465,Person A,-360.6,2287.7,0.0,2317.44,-5.17,True,Active,hafsa,None,Normal,1: Walking
1790602472.2929459,14466,Person A,-326.7,2290.7,80.0,2316.39,-4.26,True,Active,hafsa,None,Normal,1: Walking
1790602472.363625,14467,Person A,-293.1,2293.9,80.0,2315.0,-3.37,True,Active,hafsa,None,Normal,1: Walking
1790602472.4514208,14468,Person A,-260.0,2297.4,80.0,2313.29,-2.55,True,Active,hafsa,None,Normal,1: Walking
1790602472.5188677,14469,Person A,-227.4,2301.2,80.0,2312.18,-1.83,True,Active,hafsa,None,Normal,1: Walking
1790602472.5864913,14470,Person A,-194.4,2304.0,80.0,2312.5,-1.19,True,Active,hafsa,None,Normal,1: Walking
1790602472.6776688,14471,Person A,-162.3,2305.2,0.0,2303.17,-0.7,True,Active,hafsa,None,Normal,1: Walking
1790602472.7389238,14472,Person A,-132.4,2306.1,0.0,2301.08,-0.47,True,Active,hafsa,None,Normal,1: Walking
1790602472.8174813,14473,Person A,-104.7,2306.7,0.0,2298.02,-0.25,True,Active,hafsa,None,Normal,1: Walking
1790602472.9103715,14474,Person A,-79.8,2306.3,80.0,2298.0,0.02,True,Active,hafsa,None,Normal,1: Walking
1790602472.9798825,14475,Person A,-53.6,2306.1,0.0,2306.61,1.32,True,Active,hafsa,None,Normal,1: Walking
1790602473.0462625,14476,Person A,-25.2,2307.6,0.0,2327.7,2.76,True,Active,hafsa,None,Normal,1: Walking
1790602473.1180847,14477,Person A,13.9,2314.5,0.0,2393.62,6.12,True,Active,hafsa,None,Normal,1: Walking
1790602473.1693938,14478,Person A,62.7,2326.6,-80.0,2462.29,9.0,True,Active,hafsa,None,Normal,1: Walking
1790602473.244968,14479,Person A,111.4,2338.1,-160.0,2460.9,9.66,True,Active,hafsa,None,Normal,1: Walking
1790602473.2992063,14480,Person A,157.9,2346.9,-240.0,2435.96,9.86,True,Active,hafsa,None,Normal,1: Walking
1790602473.3682177,14481,Person A,202.4,2354.9,-160.0,2419.21,9.93,True,Active,hafsa,None,Normal,1: Walking
1790602473.5145879,14482,Person A,246.1,2362.8,-160.0,2416.43,9.96,True,Active,hafsa,None,Normal,1: Walking
1790602473.626755,14483,Person A,289.2,2370.4,-160.0,2411.04,10.06,True,Active,hafsa,None,Normal,1: Walking
1790602473.7049515,14484,Person A,331.9,2377.6,-80.0,2408.34,10.24,True,Active,hafsa,None,Normal,1: Walking
1790602473.7762873,14485,Person A,371.9,2382.9,-80.0,2402.1,10.87,True,Active,hafsa,None,Normal,1: Walking
1790602473.8515663,14486,Person A,406.2,2386.0,80.0,2399.53,10.93,True,Active,hafsa,None,Normal,1: Walking
1790602473.9254832,14487,Person A,426.8,2383.5,160.0,2399.7,11.08,True,Active,hafsa,None,Normal,1: Walking
1790602474.010927,14488,Person A,435.5,2376.0,160.0,2403.8,11.32,True,Active,hafsa,None,Normal,1: Walking
1790602474.1007075,14489,Person A,443.0,2369.6,240.0,2411.88,11.67,True,Active,hafsa,None,Normal,1: Walking
1790602474.192652,14490,Person A,451.6,2366.0,320.0,2416.92,12.01,True,Active,hafsa,None,Normal,1: Walking
1790602474.2687724,14491,Person A,464.6,2363.1,320.0,2416.72,13.08,True,Active,hafsa,None,Normal,1: Walking
1790602474.4020147,14492,Person A,480.3,2358.7,320.0,2405.73,13.83,True,Active,hafsa,None,Normal,1: Walking
1790602474.4806588,14493,Person A,497.4,2353.1,320.0,2392.4,14.33,True,Active,hafsa,None,Normal,1: Walking
1790602474.5747018,14494,Person A,513.8,2345.2,320.0,2366.25,14.49,True,Active,hafsa,None,Normal,1: Walking
1790602474.6387768,14495,Person A,527.8,2335.9,240.0,2342.31,14.67,True,Active,hafsa,None,Normal,1: Walking
1790602474.7138326,14496,Person A,541.0,2324.2,160.0,2314.67,14.69,True,Active,hafsa,None,Normal,1: Walking
1790602474.840373,14497,Person A,552.3,2310.7,160.0,2293.01,14.5,True,Active,hafsa,None,Normal,1: Walking
1790602474.9018557,14498,Person A,561.7,2295.2,160.0,2273.58,14.42,True,Active,hafsa,None,Normal,1: Walking
1790602475.0072622,14499,Person A,569.0,2277.6,160.0,2256.84,14.39,True,Active,hafsa,None,Normal,1: Walking
1790602475.0994232,14500,Person A,575.6,2258.0,160.0,2241.42,14.71,True,Active,hafsa,None,Normal,1: Walking
1790602475.168035,14501,Person A,580.5,2237.9,320.0,2233.97,15.47,True,Active,hafsa,None,Normal,1: Walking
1790602475.2612395,14502,Person A,590.2,2218.3,320.0,2243.03,17.43,True,Active,hafsa,None,Normal,1: Walking
1790602475.3371592,14503,Person A,612.3,2198.0,160.0,2265.88,21.03,True,Active,hafsa,None,Normal,1: Walking
1790602475.4287395,14504,Person A,637.9,2176.4,320.0,2241.59,22.23,True,Active,hafsa,None,Normal,1: Walking
1790602475.5267065,14505,Person A,662.2,2152.9,80.0,2196.33,22.37,True,Active,hafsa,None,Normal,1: Walking
1790602475.6021025,14506,Person A,686.3,2129.8,0.0,2172.01,22.41,True,Active,hafsa,None,Normal,1: Walking
1790602475.7081115,14507,Person A,711.0,2106.0,80.0,2145.31,22.5,True,Active,hafsa,None,Normal,1: Walking
1790602475.7994337,14508,Person A,737.8,2082.5,160.0,2136.5,22.98,True,Active,hafsa,None,Normal,1: Walking
1790602475.8841636,14509,Person A,766.5,2059.0,160.0,2127.32,23.49,True,Active,hafsa,None,Normal,1: Walking
1790602475.9645827,14510,Person A,796.1,2035.5,160.0,2117.71,24.11,True,Active,hafsa,None,Normal,1: Walking
1790602476.0467522,14511,Person A,824.6,2012.0,160.0,2110.66,24.67,True,Active,hafsa,None,Normal,1: Walking
1790602476.1776354,14512,Person A,848.0,1988.8,240.0,2112.18,25.4,True,Active,hafsa,None,Normal,1: Walking
1790602476.2295563,14513,Person A,859.1,1967.7,320.0,2116.36,25.89,True,Active,hafsa,None,Normal,1: Walking
1790602476.3237207,14514,Person A,869.3,1950.5,160.0,2126.95,26.53,True,Active,hafsa,None,Normal,1: Walking
1790602476.396277,14515,Person A,883.5,1936.1,390.0,2125.38,27.4,True,Active,hafsa,None,Normal,1: Walking
1790602476.5178862,14516,Person A,899.8,1922.2,320.0,2115.48,27.93,True,Active,hafsa,None,Normal,1: Walking
1790602476.6040087,14517,Person A,916.3,1908.7,320.0,2093.71,28.1,True,Active,hafsa,None,Normal,1: Walking
1790602476.6934369,14518,Person A,930.6,1893.7,320.0,2063.01,28.27,True,Active,hafsa,None,Normal,1: Walking
1790602476.7687771,14519,Person A,941.8,1877.7,160.0,2032.06,28.19,True,Active,hafsa,None,Normal,1: Walking
1790602476.8496454,14520,Person A,948.9,1861.5,160.0,2003.13,27.86,True,Active,hafsa,None,Normal,1: Walking
1790602476.9513185,14521,Person A,953.1,1845.0,160.0,1981.15,27.77,True,Active,hafsa,None,Normal,1: Walking
1790602477.0435638,14522,Person A,952.4,1828.2,160.0,1958.52,27.32,True,Active,hafsa,None,Normal,1: Walking
1790602477.133125,14523,Person A,948.4,1810.3,160.0,1938.32,27.13,True,Active,hafsa,None,Normal,1: Walking
1790602477.2072773,14524,Person A,940.9,1791.5,160.0,1925.32,27.03,True,Active,hafsa,None,Normal,1: Walking
1790602477.3014145,14525,Person A,930.6,1772.7,240.0,1911.08,27.25,True,Active,hafsa,None,Normal,1: Walking
1790602477.3943672,14526,Person A,919.8,1754.0,320.0,1899.69,27.7,True,Active,hafsa,None,Normal,1: Walking
1790602477.4903538,14527,Person A,910.4,1735.2,390.0,1883.6,28.27,True,Active,hafsa,None,Normal,1: Walking
1790602477.6016755,14528,Person A,902.1,1716.7,320.0,1860.82,28.71,True,Active,hafsa,None,Normal,1: Walking
1790602477.6718135,14529,Person A,895.1,1698.1,320.0,1835.25,29.01,True,Active,hafsa,None,Normal,1: Walking
1790602477.7487686,14530,Person A,889.7,1678.8,240.0,1807.76,29.2,True,Active,hafsa,None,Normal,1: Walking
1790602477.8289118,14531,Person A,884.3,1659.0,160.0,1781.34,29.2,True,Active,hafsa,None,Normal,1: Walking
1790602477.9569876,14532,Person A,880.3,1638.1,160.0,1755.52,29.3,True,Active,hafsa,None,Normal,1: Walking
1790602478.0133445,14533,Person A,876.8,1616.3,160.0,1729.7,29.4,True,Active,hafsa,None,Normal,1: Walking
1790602478.0992374,14534,Person A,873.2,1593.4,80.0,1706.49,29.45,True,Active,hafsa,None,Normal,1: Walking
1790602478.1767676,14535,Person A,869.0,1569.8,160.0,1683.53,29.66,True,Active,hafsa,None,Normal,1: Walking
1790602478.2822976,14536,Person A,863.2,1545.4,160.0,1657.85,29.84,True,Active,hafsa,None,Normal,1: Walking
1790602478.358742,14537,Person A,855.8,1520.7,240.0,1631.83,30.08,True,Active,hafsa,None,Normal,1: Walking
1790602478.4635136,14538,Person A,847.7,1496.7,240.0,1612.03,30.29,True,Active,hafsa,None,Normal,1: Walking
1790602478.5394588,14539,Person A,839.3,1474.1,240.0,1597.27,30.31,True,Active,hafsa,None,Normal,1: Walking
1790602478.6275275,14540,Person A,830.6,1453.2,160.0,1583.09,30.14,True,Active,hafsa,None,Normal,1: Walking
1790602478.7165587,14541,Person A,822.2,1432.6,240.0,1560.78,30.2,True,Active,hafsa,None,Normal,1: Walking
1790602478.8172042,14542,Person A,813.1,1413.0,80.0,1540.15,29.91,True,Active,hafsa,None,Normal,1: Walking
1790602478.9041746,14543,Person A,803.3,1393.7,240.0,1513.47,29.75,True,Active,hafsa,None,Normal,1: Walking
1790602478.9780734,14544,Person A,793.1,1374.1,80.0,1485.69,29.74,True,Active,hafsa,None,Normal,1: Walking
1790602479.0719512,14545,Person A,782.2,1355.0,80.0,1463.61,29.65,True,Active,hafsa,None,Normal,1: Walking
1790602479.1495802,14546,Person A,771.3,1336.1,240.0,1439.67,29.82,True,Active,hafsa,None,Normal,1: Walking
1790602479.2651393,14547,Person A,759.8,1318.4,80.0,1421.07,29.65,True,Active,hafsa,None,Normal,1: Walking
1790602479.349511,14548,Person A,748.1,1300.6,240.0,1399.36,29.83,True,Active,hafsa,None,Normal,1: Walking
1790602479.4399397,14549,Person A,736.2,1281.8,320.0,1374.94,29.98,True,Active,hafsa,None,Normal,1: Walking
1790602479.5352619,14550,Person A,724.8,1261.1,320.0,1346.85,30.37,True,Active,hafsa,None,Normal,1: Walking
1790602479.6066077,14551,Person A,713.0,1239.8,320.0,1317.34,30.42,True,Active,hafsa,None,Normal,1: Walking
1790602479.7284725,14552,Person A,698.6,1216.8,240.0,1269.02,29.45,True,Active,hafsa,None,Normal,1: Walking
1790602479.7903104,14553,Person A,682.9,1192.8,240.0,1227.32,28.95,True,Active,hafsa,None,Normal,1: Walking
1790602479.899595,14554,Person A,666.0,1168.5,240.0,1191.15,28.48,True,Active,hafsa,None,Normal,1: Walking
1790602479.981689,14555,Person A,648.9,1144.3,160.0,1169.06,28.23,True,Active,hafsa,None,Normal,1: Walking
1790602480.0533755,14556,Person A,629.9,1120.6,160.0,1140.53,27.46,True,Active,hafsa,None,Normal,1: Walking
1790602480.1672802,14557,Person A,610.6,1097.7,80.0,1127.89,26.88,True,Active,hafsa,None,Normal,1: Walking
1790602480.2763603,14558,Person A,589.5,1075.6,160.0,1105.11,26.03,True,Active,hafsa,None,Normal,1: Walking
1790602480.3510494,14559,Person A,565.3,1053.7,80.0,1069.02,24.6,True,Active,hafsa,None,Normal,1: Walking
1790602480.4394112,14560,Person A,538.5,1033.9,80.0,1048.74,23.19,True,Active,hafsa,None,Normal,1: Walking
1790602480.5127351,14561,Person A,511.2,1016.9,320.0,1043.26,22.19,True,Active,hafsa,None,Normal,1: Walking
1790602480.6024213,14562,Person A,487.2,1002.9,160.0,1038.6,21.7,True,Active,hafsa,None,Normal,1: Walking
1790602480.6762733,14563,Person A,464.7,991.8,320.0,1031.28,20.97,True,Active,hafsa,None,Normal,1: Walking
1790602480.79335,14564,Person A,444.0,982.8,240.0,1022.82,20.67,True,Active,hafsa,None,Normal,1: Walking
1790602480.8975682,14565,Person A,423.2,974.6,390.0,1008.83,20.0,True,Active,hafsa,None,Normal,1: Walking
1790602480.9694252,14566,Person A,403.7,966.7,320.0,989.97,19.53,True,Active,hafsa,None,Normal,1: Walking
1790602481.0415998,14567,Person A,384.4,957.4,320.0,966.47,19.15,True,Active,hafsa,None,Normal,1: Walking
1790602481.138657,14568,Person A,366.5,947.1,240.0,941.14,18.97,True,Active,hafsa,None,Normal,1: Walking
1790602481.227631,14569,Person A,352.1,937.1,160.0,922.49,19.04,True,Active,hafsa,None,Normal,1: Walking
1790602481.301653,14570,Person A,340.3,926.1,160.0,903.52,19.06,True,Active,hafsa,None,Normal,1: Walking
1790602481.3903837,14571,Person A,329.8,912.9,160.0,882.65,19.11,True,Active,hafsa,None,Normal,1: Walking
1790602481.4888644,14572,Person A,319.8,897.8,80.0,862.12,19.23,True,Active,hafsa,None,Normal,1: Walking
1790602481.568388,14573,Person A,311.1,881.2,0.0,845.42,19.49,True,Active,hafsa,None,Normal,1: Walking
1790602481.6840901,14574,Person A,302.9,863.6,-80.0,829.34,19.66,True,Active,hafsa,None,Normal,1: Walking
1790602481.7608216,14575,Person A,296.2,845.4,-160.0,814.89,19.95,True,Active,hafsa,None,Normal,1: Walking
1790602481.8752694,14576,Person A,291.2,827.6,-240.0,805.6,20.41,True,Active,hafsa,None,Normal,1: Walking
1790602481.959546,14577,Person A,287.2,810.9,-240.0,795.77,20.37,True,Active,hafsa,None,Normal,1: Walking
1790602482.0367002,14578,Person A,284.4,795.8,-320.0,789.56,20.62,True,Active,hafsa,None,Normal,1: Walking
1790602482.1069572,14579,Person A,282.3,782.3,-320.0,788.4,20.8,True,Active,hafsa,None,Normal,1: Walking
1790602482.1896322,14580,Person A,281.1,770.5,-240.0,788.53,21.03,True,Active,hafsa,None,Normal,1: Walking
1790602482.277615,14581,Person A,280.9,760.7,-240.0,789.98,21.3,True,Active,hafsa,None,Normal,1: Walking
1790602482.4141262,14582,Person A,281.8,752.9,-240.0,792.18,21.71,True,Active,hafsa,None,Normal,1: Walking
1790602482.4923277,14583,Person A,283.6,746.8,-240.0,794.79,22.18,True,Active,hafsa,None,Normal,1: Walking
1790602482.6030235,14584,Person A,286.4,742.3,-160.0,797.46,22.64,True,Active,hafsa,None,Normal,1: Walking
1790602482.6705942,14585,Person A,290.0,739.2,-160.0,799.26,23.13,True,Active,hafsa,None,Normal,1: Walking
1790602482.739874,14586,Person A,294.1,737.1,-160.0,801.52,23.69,True,Active,hafsa,None,Normal,1: Walking
1790602482.8249516,14587,Person A,299.4,736.0,0.0,805.68,24.18,True,Active,hafsa,None,Normal,1: Walking
1790602482.916966,14588,Person A,305.5,735.6,-80.0,809.41,24.76,True,Active,hafsa,None,Normal,1: Walking
1790602483.0013814,14589,Person A,312.4,735.4,-80.0,813.65,25.4,True,Active,hafsa,None,Normal,1: Walking
1790602483.0773408,14590,Person A,320.0,735.2,-80.0,817.09,26.06,True,Active,hafsa,None,Normal,1: Walking
1790602483.1674216,14591,Person A,328.2,734.8,0.0,819.75,26.75,True,Active,hafsa,None,Normal,1: Walking
1790602483.2724805,14592,Person A,336.7,734.2,80.0,822.06,27.38,True,Active,hafsa,None,Normal,1: Walking
1790602483.350859,14593,Person A,345.1,733.3,80.0,822.18,27.84,True,Active,hafsa,None,Normal,1: Walking
1790602483.451825,14594,Person A,353.3,732.3,160.0,823.65,28.18,True,Active,hafsa,None,Normal,1: Walking
1790602483.5260239,14595,Person A,361.5,731.1,0.0,824.35,28.71,True,Active,hafsa,None,Normal,1: Walking
1790602483.649604,14596,Person A,369.5,729.7,80.0,824.62,29.18,True,Active,hafsa,None,Normal,1: Walking
1790602483.7295756,14597,Person A,377.1,728.1,80.0,825.71,29.45,True,Active,hafsa,None,Normal,1: Walking
1790602483.8045979,14598,Person A,384.6,726.2,-80.0,827.07,30.04,True,Active,hafsa,None,Normal,1: Walking
1790602483.8828657,14599,Person A,392.3,723.5,-80.0,826.28,31.04,True,Active,hafsa,None,Normal,1: Walking
1790602483.9759088,14600,Person A,401.8,718.8,0.0,823.46,33.46,True,Active,hafsa,None,Normal,1: Walking
1790602484.0658934,14601,Person A,411.8,712.9,0.0,820.3,34.87,True,Active,hafsa,None,Normal,1: Walking
1790602484.1545877,14602,Person A,423.0,705.2,0.0,816.4,36.88,True,Active,hafsa,None,Normal,1: Walking
1790602484.271417,14603,Person A,436.0,696.8,0.0,823.19,38.64,True,Active,hafsa,None,Normal,1: Walking
1790602484.3437836,14604,Person A,450.6,687.8,80.0,831.1,40.07,True,Active,hafsa,None,Normal,1: Walking
1790602484.4143412,14605,Person A,466.3,678.5,80.0,838.28,41.28,True,Active,hafsa,None,Normal,1: Walking
1790602484.504032,14606,Person A,481.7,669.4,0.0,839.51,41.47,True,Active,hafsa,None,Normal,1: Walking
1790602484.638003,14607,Person A,496.8,660.4,0.0,840.17,41.53,True,Active,hafsa,None,Normal,1: Walking
1790602484.718103,14608,Person A,511.1,651.7,0.0,840.17,41.53,True,Active,hafsa,None,Normal,1: Walking
1790602484.8181863,14609,Person A,524.1,644.0,0.0,841.01,41.38,True,Active,hafsa,None,Normal,1: Walking
1790602484.8883123,14610,Person A,534.2,638.5,0.0,841.1,41.29,True,Active,hafsa,None,Normal,2: Standing / idle
1790602484.9890745,14611,Person A,542.8,634.5,80.0,841.85,41.24,True,Active,hafsa,None,Normal,2: Standing / idle
1790602485.0659006,14612,Person A,549.2,632.9,80.0,844.21,41.01,True,Active,hafsa,None,Normal,2: Standing / idle
1790602485.1550195,14613,Person A,552.9,632.7,0.0,845.27,40.68,True,Active,hafsa,None,Normal,2: Standing / idle
1790602485.2657611,14614,Person A,554.3,633.5,0.0,846.25,40.45,True,Active,hafsa,None,Normal,2: Standing / idle
1790602485.3491435,14615,Person A,553.8,635.0,0.0,846.36,40.35,True,Active,hafsa,None,Normal,2: Standing / idle
1790602485.4135706,14616,Person A,552.5,636.6,0.0,843.13,40.09,True,Active,hafsa,None,Normal,2: Standing / idle
1790602485.5064552,14617,Person A,550.5,638.3,0.0,840.05,39.74,True,Active,hafsa,None,Normal,2: Standing / idle
1790602485.5951405,14618,Person A,548.2,640.3,0.0,840.45,39.45,True,Active,hafsa,None,Normal,2: Standing / idle
1790602485.6871858,14619,Person A,546.4,642.4,0.0,845.31,39.53,True,Active,hafsa,None,Normal,2: Standing / idle
1790602485.7830894,14620,Person A,545.3,644.6,0.0,850.68,39.75,True,Active,hafsa,None,Normal,2: Standing / idle
1790602485.8419483,14621,Person A,544.9,646.6,0.0,854.41,40.16,True,Active,hafsa,None,Normal,2: Standing / idle
1790602485.9486375,14622,Person A,544.9,647.8,0.0,853.3,40.48,True,Active,hafsa,None,Normal,2: Standing / idle
1790602486.0288234,14623,Person A,545.4,648.4,0.0,853.08,40.67,True,Active,hafsa,None,Normal,2: Standing / idle
1790602486.1381586,14624,Person A,546.0,648.7,-80.0,852.43,40.62,True,Active,hafsa,None,Normal,2: Standing / idle
1790602486.2135882,14625,Person A,546.6,649.0,-80.0,852.54,40.53,True,Active,hafsa,None,Normal,2: Standing / idle
1790602486.2696686,14626,Person A,547.7,649.3,-80.0,852.54,40.53,True,Active,hafsa,None,Normal,2: Standing / idle
1790602486.4004817,14627,Person A,549.5,649.3,0.0,851.67,40.67,True,Active,hafsa,None,Normal,2: Standing / idle
1790602486.4866025,14628,Person A,551.9,648.7,0.0,851.36,40.95,True,Active,hafsa,None,Normal,2: Standing / idle
1790602486.5807521,14629,Person A,554.1,647.9,0.0,853.43,41.01,True,Active,hafsa,None,Normal,2: Standing / idle
1790602486.658624,14630,Person A,556.0,646.9,0.0,855.4,41.16,True,Active,hafsa,None,Normal,2: Standing / idle
1790602486.730177,14631,Person A,557.4,645.8,0.0,855.21,41.35,True,Active,hafsa,None,Normal,2: Standing / idle
1790602486.841864,14632,Person A,558.7,644.8,0.0,854.29,41.58,True,Active,hafsa,None,Normal,2: Standing / idle
1790602486.9296937,14633,Person A,560.0,643.8,0.0,854.13,41.77,True,Active,hafsa,None,Normal,2: Standing / idle
1790602487.0210032,14634,Person A,561.7,642.3,0.0,852.41,42.15,True,Active,hafsa,None,Normal,2: Standing / idle
1790602487.0919466,14635,Person A,563.7,640.5,0.0,852.28,42.34,True,Active,hafsa,None,Normal,2: Standing / idle
1790602487.172626,14636,Person A,566.2,638.8,0.0,856.39,42.54,True,Active,hafsa,None,Normal,2: Standing / idle
1790602487.299922,14637,Person A,568.8,637.2,0.0,857.01,42.68,True,Active,hafsa,None,Normal,2: Standing / idle
1790602487.3736675,14638,Person A,571.3,635.8,0.0,857.63,42.83,True,Active,hafsa,None,Normal,2: Standing / idle
1790602487.476438,14639,Person A,573.7,634.1,0.0,856.85,42.97,True,Active,hafsa,None,Normal,2: Standing / idle
1790602487.5514417,14640,Person A,575.9,632.3,0.0,856.8,43.06,True,Active,hafsa,None,Normal,2: Standing / idle
1790602487.620649,14641,Person A,578.0,630.5,0.0,856.02,43.2,True,Active,hafsa,None,Normal,2: Standing / idle
1790602487.7529926,14642,Person A,580.1,628.9,0.0,856.66,43.34,True,Active,hafsa,None,Normal,2: Standing / idle
1790602487.8597941,14643,Person A,582.1,627.4,0.0,856.62,43.44,True,Active,hafsa,None,Normal,2: Standing / idle
1790602487.947754,14644,Person A,584.0,626.3,0.0,857.28,43.58,True,Active,hafsa,None,Normal,2: Standing / idle
1790602487.997757,14645,Person A,585.7,625.2,0.0,855.83,43.67,True,Active,hafsa,None,Normal,2: Standing / idle
1790602488.053185,14646,Person A,586.9,623.8,0.0,854.38,43.77,True,Active,hafsa,None,Normal,2: Standing / idle
1790602488.1957042,14647,Person A,587.9,622.4,0.0,853.66,43.81,True,Active,hafsa,None,Normal,2: Standing / idle
1790602488.2525473,14648,Person A,588.6,621.1,0.0,852.97,43.76,True,Active,hafsa,None,Normal,2: Standing / idle
1790602488.3296847,14649,Person A,589.3,620.3,0.0,855.83,43.67,True,Active,hafsa,None,Normal,2: Standing / idle
1790602488.4187071,14650,Person A,589.9,619.6,0.0,855.83,43.67,True,Active,hafsa,None,Normal,2: Standing / idle
1790602488.5047383,14651,Person A,590.1,618.5,0.0,849.42,43.81,True,Active,hafsa,None,Normal,2: Standing / idle
1790602488.6102974,14652,Person A,589.9,616.7,0.0,842.27,44.09,True,Active,hafsa,None,Normal,2: Standing / idle
1790602488.691012,14653,Person A,589.5,614.3,0.0,836.56,44.37,True,Active,hafsa,None,Normal,2: Standing / idle
1790602488.7950006,14654,Person A,588.9,611.5,0.0,832.99,44.61,True,Active,hafsa,None,Normal,2: Standing / idle
1790602488.883866,14655,Person A,588.4,608.7,0.0,832.27,44.76,True,Active,hafsa,None,Normal,2: Standing / idle
1790602488.9780605,14656,Person A,588.1,606.3,0.0,835.1,44.76,True,Active,hafsa,None,Normal,2: Standing / idle
1790602489.0621417,14657,Person A,588.2,604.1,0.0,838.63,44.9,True,Active,hafsa,None,Normal,2: Standing / idle
1790602489.1654124,14658,Person A,588.7,602.3,0.0,843.58,44.86,True,Active,hafsa,None,Normal,2: Standing / idle
1790602489.2363904,14659,Person A,589.5,600.5,0.0,848.53,44.9,True,Active,hafsa,None,Normal,2: Standing / idle
1790602489.3086965,14660,Person A,590.5,598.7,0.0,849.94,45.0,True,Active,hafsa,None,Normal,2: Standing / idle
1790602489.4205832,14661,Person A,591.9,597.2,0.0,848.53,45.19,True,Active,hafsa,None,Normal,2: Standing / idle
1790602489.5046895,14662,Person A,593.8,596.1,0.0,847.86,45.53,True,Active,hafsa,None,Normal,2: Standing / idle
1790602489.5916586,14663,Person A,596.1,595.4,0.0,847.91,45.81,True,Active,hafsa,None,Normal,2: Standing / idle
1790602489.71033,14664,Person A,598.6,594.8,0.0,846.56,46.1,True,Active,hafsa,None,Normal,2: Standing / idle
1790602489.7867029,14665,Person A,601.3,594.0,0.0,845.97,46.44,True,Active,hafsa,None,Normal,2: Standing / idle
1790602489.872435,14666,Person A,604.0,592.7,0.0,845.35,46.68,True,Active,hafsa,None,Normal,2: Standing / idle
1790602489.9588685,14667,Person A,606.6,591.1,0.0,846.17,46.92,True,Active,hafsa,None,Normal,2: Standing / idle
1790602490.0488162,14668,Person A,609.2,589.4,0.0,850.41,46.91,True,Active,hafsa,None,Normal,2: Standing / idle
1790602490.1347148,14669,Person A,611.7,588.2,0.0,858.08,46.65,True,Active,hafsa,None,Normal,2: Standing / idle
1790602490.2346742,14670,Person A,614.3,588.0,0.0,867.14,46.31,True,Active,hafsa,None,Normal,2: Standing / idle
1790602490.30166,14671,Person A,617.0,588.6,0.0,872.04,46.16,True,Active,hafsa,None,Normal,2: Standing / idle
1790602490.3882146,14672,Person A,619.5,589.3,0.0,870.69,46.35,True,Active,hafsa,None,Normal,2: Standing / idle
1790602490.4818463,14673,Person A,621.8,589.7,0.0,867.29,46.68,True,Active,hafsa,None,Normal,2: Standing / idle
1790602490.5688426,14674,Person A,624.0,590.4,0.0,867.33,46.78,True,Active,hafsa,None,Normal,2: Standing / idle
1790602490.6579242,14675,Person A,626.0,590.9,0.0,863.96,47.11,True,Active,hafsa,None,Normal,2: Standing / idle
1790602490.7532322,14676,Person A,627.9,591.2,0.0,861.3,47.4,True,Active,hafsa,None,Normal,2: Standing / idle
1790602490.8597424,14677,Person A,629.7,591.3,0.0,860.08,47.69,True,Active,hafsa,None,Normal,2: Standing / idle
1790602490.938845,14678,Person A,631.3,590.6,0.0,857.46,47.98,True,Active,hafsa,None,Normal,2: Standing / idle
1790602491.023314,14679,Person A,632.8,588.5,0.0,854.95,48.37,True,Active,hafsa,None,Normal,2: Standing / idle
1790602491.100658,14680,Person A,634.3,585.1,0.0,855.21,48.65,True,Active,hafsa,None,Normal,2: Standing / idle
1790602491.1803744,14681,Person A,636.0,582.5,0.0,866.83,48.18,True,Active,hafsa,None,Normal,2: Standing / idle
1790602491.2860405,14682,Person A,637.9,582.6,0.0,885.21,47.15,True,Active,hafsa,None,Normal,2: Standing / idle
1790602491.366737,14683,Person A,640.3,590.3,0.0,938.41,44.27,True,Active,hafsa,None,Normal,2: Standing / idle
1790602491.4657328,14684,Person A,642.6,604.5,0.0,985.25,41.67,True,Active,hafsa,None,Normal,2: Standing / idle
1790602491.5506248,14685,Person A,645.7,626.4,0.0,1045.06,39.45,True,Active,hafsa,None,Normal,2: Standing / idle
1790602491.6390471,14686,Person A,649.1,652.1,0.0,1073.23,38.49,True,Active,hafsa,None,Normal,2: Standing / idle
1790602491.727522,14687,Person A,652.3,682.4,0.0,1106.41,37.14,True,Active,hafsa,None,Normal,2: Standing / idle
1790602491.811003,14688,Person A,656.0,716.2,0.0,1134.03,36.47,True,Active,hafsa,None,Normal,2: Standing / idle
1790602491.8916283,14689,Person A,660.3,753.3,0.0,1160.54,35.99,True,Active,hafsa,None,Normal,2: Standing / idle
1790602491.9752307,14690,Person A,664.9,791.7,0.0,1172.15,35.94,True,Active,hafsa,None,Normal,2: Standing / idle
1790602492.0641925,14691,Person A,668.9,827.6,0.0,1161.28,36.21,True,Active,hafsa,None,Normal,2: Standing / idle
1790602492.1676712,14692,Person A,672.3,859.5,0.0,1146.62,36.56,True,Active,hafsa,None,Normal,2: Standing / idle
1790602492.2528725,14693,Person A,674.9,882.7,0.0,1131.8,36.99,True,Active,hafsa,None,Normal,2: Standing / idle
1790602492.3465247,14694,Person A,677.0,897.5,0.0,1112.85,37.41,True,Active,hafsa,None,Normal,2: Standing / idle
1790602492.4315612,14695,Person A,676.9,899.7,0.0,1061.51,38.65,True,Active,hafsa,None,Normal,2: Standing / idle
1790602492.5456612,14696,Person A,675.5,895.2,0.0,1029.44,39.44,True,Active,hafsa,None,Normal,2: Standing / idle
1790602492.6217444,14697,Person A,673.6,885.1,0.0,1015.46,39.73,True,Active,hafsa,None,Normal,2: Standing / idle
1790602492.7117045,14698,Person A,671.0,871.8,0.0,1013.28,39.75,True,Active,hafsa,None,Normal,2: Standing / idle
1790602492.802014,14699,Person A,667.6,855.7,0.0,1012.52,39.79,True,Active,hafsa,None,Normal,2: Standing / idle
1790602492.874228,14700,Person A,663.7,838.2,0.0,1010.09,39.98,True,Active,hafsa,None,Normal,2: Standing / idle
1790602492.9593332,14701,Person A,660.1,821.3,0.0,1006.14,40.24,True,Active,hafsa,None,Normal,2: Standing / idle
1790602493.0591393,14702,Person A,656.8,805.2,0.0,1000.05,40.54,True,Active,hafsa,None,Normal,2: Standing / idle
1790602493.1423924,14703,Person A,653.5,789.9,0.0,991.92,40.79,True,Active,hafsa,None,Normal,2: Standing / idle
1790602493.2238503,14704,Person A,650.6,775.5,0.0,982.96,41.16,True,Active,hafsa,None,Normal,2: Standing / idle
1790602493.314347,14705,Person A,648.9,765.9,0.0,977.04,41.39,True,Active,hafsa,None,Normal,2: Standing / idle
1790602493.3987532,14706,Person A,648.1,759.4,0.0,974.79,41.51,True,Active,hafsa,None,Normal,2: Standing / idle
1790602493.513568,14707,Person A,647.9,754.2,0.0,974.71,41.59,True,Active,hafsa,None,Normal,2: Standing / idle
1790602493.599164,14708,Person A,647.7,748.7,0.0,970.31,41.74,True,Active,hafsa,None,Normal,2: Standing / idle
1790602493.712892,14709,Person A,647.5,742.7,0.0,965.84,41.98,True,Active,hafsa,None,Normal,2: Standing / idle
1790602493.8027272,14710,Person A,647.1,736.4,0.0,959.97,42.21,True,Active,hafsa,None,Normal,2: Standing / idle
1790602493.8610337,14711,Person A,646.6,730.0,0.0,954.8,42.5,True,Active,hafsa,None,Normal,2: Standing / idle
1790602493.949317,14712,Person A,646.1,723.8,0.0,950.38,42.74,True,Active,hafsa,None,Normal,2: Standing / idle
1790602494.0530536,14713,Person A,645.8,717.9,0.0,945.99,42.99,True,Active,hafsa,None,Normal,2: Standing / idle
1790602494.1510546,14714,Person A,645.5,712.5,0.0,940.92,43.19,True,Active,hafsa,None,Normal,2: Standing / idle
1790602494.2248828,14715,Person A,645.3,707.3,0.0,937.28,43.4,True,Active,hafsa,None,Normal,2: Standing / idle
1790602494.2982886,14716,Person A,645.0,702.0,0.0,933.69,43.52,True,Active,hafsa,None,Normal,2: Standing / idle
1790602494.4189873,14717,Person A,644.6,696.4,0.0,930.79,43.69,True,Active,hafsa,None,Normal,2: Standing / idle
1790602494.5004828,14718,Person A,644.3,691.2,0.0,930.07,43.74,True,Active,hafsa,None,Normal,2: Standing / idle
1790602494.5876698,14719,Person A,644.0,686.9,0.0,932.24,43.61,True,Active,hafsa,None,Normal,2: Standing / idle
1790602494.6639524,14720,Person A,643.9,683.7,0.0,935.83,43.48,True,Active,hafsa,None,Normal,2: Standing / idle
1790602494.7485569,14721,Person A,643.8,681.3,0.0,936.56,43.44,True,Active,hafsa,None,Normal,2: Standing / idle
1790602494.8393629,14722,Person A,643.7,679.1,0.0,933.66,43.61,True,Active,hafsa,None,Normal,2: Standing / idle
1790602494.9328535,14723,Person A,643.5,676.8,0.0,927.91,43.86,True,Active,hafsa,None,Normal,2: Standing / idle
1790602495.0189347,14724,Person A,643.3,674.2,0.0,920.74,44.21,True,Active,hafsa,None,Normal,2: Standing / idle
1790602495.0995219,14725,Person A,642.9,671.4,0.0,914.34,44.42,True,Active,hafsa,None,Normal,2: Standing / idle
1790602495.1795254,14726,Person A,642.5,668.4,0.0,909.36,44.64,True,Active,hafsa,None,Normal,2: Standing / idle
1790602495.2844758,14727,Person A,642.1,665.3,0.0,905.81,44.87,True,Active,hafsa,None,Normal,2: Standing / idle
1790602495.3693686,14728,Person A,641.7,661.8,0.0,902.27,45.09,True,Active,hafsa,None,Normal,2: Standing / idle
1790602495.4757059,14729,Person A,641.5,657.6,0.0,900.87,45.36,True,Active,hafsa,None,Normal,2: Standing / idle
1790602495.5492685,14730,Person A,641.4,652.5,0.0,898.8,45.68,True,Active,hafsa,None,Normal,2: Standing / idle
1790602495.6244998,14731,Person A,641.6,647.2,0.0,900.25,45.86,True,Active,hafsa,None,Normal,2: Standing / idle
1790602495.7567403,14732,Person A,641.8,642.7,0.0,903.04,45.67,True,Active,hafsa,None,Normal,2: Standing / idle
1790602495.8202968,14733,Person A,642.2,639.2,0.0,905.85,45.58,True,Active,hafsa,None,Normal,2: Standing / idle
1790602495.908735,14734,Person A,642.9,636.6,0.0,907.28,45.67,True,Active,hafsa,None,Normal,2: Standing / idle
1790602495.9992547,14735,Person A,644.3,634.7,0.0,910.86,45.89,True,Active,hafsa,None,Normal,2: Standing / idle
1790602496.0696576,14736,Person A,646.3,633.4,0.0,914.46,46.11,True,Active,hafsa,None,Normal,2: Standing / idle
1790602496.1997387,14737,Person A,648.7,632.3,0.0,915.28,46.42,True,Active,hafsa,None,Normal,2: Standing / idle
1790602496.2504075,14738,Person A,651.2,631.4,0.0,913.94,46.6,True,Active,hafsa,None,Normal,2: Standing / idle
1790602496.341841,14739,Person A,653.7,630.8,0.0,914.7,46.73,True,Active,hafsa,None,Normal,2: Standing / idle
1790602496.4128537,14740,Person A,656.2,631.0,0.0,918.22,46.68,True,Active,hafsa,None,Normal,2: Standing / idle
1790602496.527933,14741,Person A,658.5,631.3,0.0,918.95,46.72,True,Active,hafsa,None,Normal,2: Standing / idle
1790602496.6124434,14742,Person A,661.2,631.1,0.0,921.18,46.94,True,Active,hafsa,None,Normal,2: Standing / idle
1790602496.7027912,14743,Person A,664.1,630.3,0.0,921.33,47.2,True,Active,hafsa,None,Normal,2: Standing / idle
1790602496.7860994,14744,Person A,667.3,629.1,0.0,922.3,47.59,True,Active,hafsa,None,Normal,2: Standing / idle
1790602496.8931231,14745,Person A,670.6,627.5,0.0,924.06,48.03,True,Active,hafsa,None,Normal,2: Standing / idle
1790602496.9604042,14746,Person A,674.0,625.5,0.0,925.88,48.46,True,Active,hafsa,None,Normal,2: Standing / idle
1790602497.066163,14747,Person A,677.2,623.8,0.0,927.37,48.54,True,Active,hafsa,None,Normal,2: Standing / idle
1790602497.1555364,14748,Person A,680.2,622.5,0.0,927.29,48.45,True,Active,hafsa,None,Normal,2: Standing / idle
1790602497.22889,14749,Person A,682.9,621.4,0.0,927.2,48.37,True,Active,hafsa,None,Normal,2: Standing / idle
1790602497.3210177,14750,Person A,685.2,620.1,0.0,926.37,48.24,True,Active,hafsa,None,Normal,2: Standing / idle
1790602497.418375,14751,Person A,687.1,619.0,0.0,925.48,48.02,True,Active,hafsa,None,Normal,2: Standing / idle
1790602497.5022905,14752,Person A,688.5,618.3,0.0,926.74,47.84,True,Active,hafsa,None,Normal,2: Standing / idle
1790602497.6112058,14753,Person A,689.4,617.9,0.0,925.26,47.76,True,Active,hafsa,None,Normal,2: Standing / idle
1790602497.6818476,14754,Person A,689.6,617.7,0.0,922.44,47.77,True,Active,hafsa,None,Normal,2: Standing / idle
1790602497.7733696,14755,Person A,688.9,617.6,0.0,918.2,47.78,True,Active,hafsa,None,Normal,2: Standing / idle
1790602497.854973,14756,Person A,687.4,617.6,0.0,914.7,47.84,True,Active,hafsa,None,Normal,2: Standing / idle
1790602497.9624624,14757,Person A,685.5,617.4,0.0,911.88,47.84,True,Active,hafsa,None,Normal,2: Standing / idle
1790602498.0323215,14758,Person A,683.5,616.8,0.0,908.38,47.9,True,Active,hafsa,None,Normal,2: Standing / idle
1790602498.135412,14759,Person A,681.3,615.8,0.0,904.14,47.91,True,Active,hafsa,None,Normal,2: Standing / idle
1790602498.2275138,14760,Person A,679.1,614.5,0.0,901.32,47.92,True,Active,hafsa,None,Normal,2: Standing / idle
1790602498.2958982,14761,Person A,677.1,612.9,0.0,899.91,47.93,True,Active,hafsa,None,Normal,2: Standing / idle
1790602498.398384,14762,Person A,675.1,611.0,0.0,899.17,47.88,True,Active,hafsa,None,Normal,2: Standing / idle
1790602498.484282,14763,Person A,673.2,609.2,0.0,899.1,47.79,True,Active,hafsa,None,Normal,2: Standing / idle
1790602498.5635495,14764,Person A,671.5,607.5,80.0,898.42,47.84,True,Active,hafsa,None,Normal,2: Standing / idle
1790602498.6630871,14765,Person A,670.2,605.8,0.0,897.16,48.03,True,Active,hafsa,None,Normal,2: Standing / idle
1790602498.7401721,14766,Person A,669.1,604.0,0.0,894.49,48.22,True,Active,hafsa,None,Normal,2: Standing / idle
1790602498.843889,14767,Person A,668.2,602.1,0.0,892.49,48.36,True,Active,hafsa,None,Normal,2: Standing / idle
1790602498.9370406,14768,Person A,667.4,600.1,0.0,889.09,48.51,True,Active,hafsa,None,Normal,2: Standing / idle
1790602499.0311365,14769,Person A,666.8,598.2,0.0,887.01,48.56,True,Active,hafsa,None,Normal,2: Standing / idle
1790602499.104128,14770,Person A,666.4,596.3,0.0,885.69,48.66,True,Active,hafsa,None,Normal,2: Standing / idle
1790602499.1863189,14771,Person A,666.2,594.2,0.0,884.47,48.85,True,Active,hafsa,None,Normal,2: Standing / idle
1790602499.2890975,14772,Person A,666.4,592.0,0.0,886.07,49.03,True,Active,hafsa,None,Normal,2: Standing / idle
1790602499.3682714,14773,Person A,667.2,590.1,0.0,892.47,49.04,True,Active,hafsa,None,Normal,2: Standing / idle
1790602499.4712245,14774,Person A,668.6,588.9,0.0,900.93,49.01,True,Active,hafsa,None,Normal,2: Standing / idle
1790602499.5701056,14775,Person A,670.1,588.6,0.0,906.38,48.8,True,Active,hafsa,None,Normal,2: Standing / idle
1790602499.6567984,14776,Person A,671.5,589.0,0.0,907.61,48.62,True,Active,hafsa,None,Normal,2: Standing / idle
1790602499.7438812,14777,Person A,672.7,589.9,0.0,907.44,48.44,True,Active,hafsa,None,Normal,2: Standing / idle
1790602499.8330264,14778,Person A,673.7,591.2,0.0,905.2,48.31,True,Active,hafsa,None,Normal,2: Standing / idle
1790602499.9031668,14779,Person A,674.4,592.8,0.0,902.88,48.1,True,Active,hafsa,None,Normal,2: Standing / idle
1790602499.9985166,14780,Person A,674.9,594.3,0.0,899.39,48.15,True,Active,hafsa,None,Normal,2: Standing / idle
1790602500.0795398,14781,Person A,675.1,595.7,0.0,895.23,48.26,True,Active,hafsa,None,Normal,2: Standing / idle
1790602500.1782207,14782,Person A,674.8,596.8,0.0,891.08,48.37,True,Active,hafsa,None,Normal,2: Standing / idle
1790602500.2615328,14783,Person A,673.9,597.4,0.0,889.67,48.37,True,Active,hafsa,None,Normal,2: Standing / idle
1790602500.3624191,14784,Person A,672.5,597.5,0.0,891.08,48.37,True,Active,hafsa,None,Normal,2: Standing / idle
1790602500.4577923,14785,Person A,671.2,597.2,0.0,894.65,48.4,True,Active,hafsa,None,Normal,2: Standing / idle
1790602500.5261695,14786,Person A,670.2,596.8,0.0,897.47,48.39,True,Active,hafsa,None,Normal,2: Standing / idle
1790602500.6486225,14787,Person A,669.6,596.4,0.0,900.3,48.38,True,Active,hafsa,None,Normal,2: Standing / idle
1790602500.6991167,14788,Person A,669.4,595.9,0.0,900.38,48.47,True,Active,hafsa,None,Normal,2: Standing / idle
1790602500.7742307,14789,Person A,669.6,595.1,0.0,899.06,48.56,True,Active,hafsa,None,Normal,2: Standing / idle
1790602500.8755205,14790,Person A,669.9,594.0,0.0,894.34,48.81,True,Active,hafsa,None,Normal,2: Standing / idle
1790602500.996108,14791,Person A,670.4,592.7,0.0,890.4,49.1,True,Active,hafsa,None,Normal,2: Standing / idle
1790602501.082166,14792,Person A,671.0,591.4,0.0,887.03,49.25,True,Active,hafsa,None,Normal,2: Standing / idle
1790602501.163025,14793,Person A,671.7,589.8,0.0,884.43,49.45,True,Active,hafsa,None,Normal,2: Standing / idle
1790602501.2234905,14794,Person A,672.4,588.1,0.0,885.19,49.49,True,Active,hafsa,None,Normal,2: Standing / idle
1790602501.3101676,14795,Person A,672.8,586.5,0.0,887.14,49.34,True,Active,hafsa,None,Normal,2: Standing / idle
1790602501.415825,14796,Person A,673.1,585.6,0.0,893.78,48.95,True,Active,hafsa,None,Normal,2: Standing / idle
1790602501.5135856,14797,Person A,673.2,585.6,0.0,901.04,48.42,True,Active,hafsa,None,Normal,2: Standing / idle
1790602501.6085792,14798,Person A,673.0,586.4,0.0,904.22,48.0,True,Active,hafsa,None,Normal,2: Standing / idle
1790602501.6853273,14799,Person A,672.6,587.8,0.0,905.42,47.73,True,Active,hafsa,None,Normal,2: Standing / idle
1790602501.783573,14800,Person A,672.3,590.1,0.0,907.44,47.59,True,Active,hafsa,None,Normal,2: Standing / idle
1790602501.857547,14801,Person A,672.5,593.3,0.0,913.15,47.66,True,Active,hafsa,None,Normal,2: Standing / idle
1790602501.983623,14802,Person A,673.2,597.0,0.0,916.79,47.79,True,Active,hafsa,None,Normal,2: Standing / idle
1790602502.0631387,14803,Person A,674.0,601.0,0.0,916.86,47.87,True,Active,hafsa,None,Normal,2: Standing / idle
1790602502.1368694,14804,Person A,674.6,604.8,0.0,914.77,47.92,True,Active,hafsa,None,Normal,2: Standing / idle
1790602502.210725,14805,Person A,675.2,607.9,0.0,912.1,48.11,True,Active,hafsa,None,Normal,2: Standing / idle
1790602502.3039515,14806,Person A,675.7,609.6,0.0,908.77,48.35,True,Active,hafsa,None,Normal,2: Standing / idle
1790602502.3869045,14807,Person A,676.3,609.6,0.0,905.54,48.67,True,Active,hafsa,None,Normal,2: Standing / idle
1790602502.4885058,14808,Person A,677.5,608.9,0.0,908.55,48.84,True,Active,hafsa,None,Normal,2: Standing / idle
1790602502.5972738,14809,Person A,679.3,607.8,0.0,911.56,49.0,True,Active,hafsa,None,Normal,2: Standing / idle
1790602502.7017026,14810,Person A,681.2,606.8,0.0,914.95,48.86,True,Active,hafsa,None,Normal,2: Standing / idle
1790602502.7781932,14811,Person A,682.8,605.8,0.0,918.43,48.8,True,Active,hafsa,None,Normal,2: Standing / idle
1790602502.86431,14812,Person A,684.0,604.7,0.0,918.43,48.8,True,Active,hafsa,None,Normal,2: Standing / idle
1790602502.951552,14813,Person A,685.1,604.0,0.0,920.4,48.66,True,Active,hafsa,None,Normal,2: Standing / idle
1790602503.062862,14814,Person A,686.2,603.3,0.0,918.33,48.71,True,Active,hafsa,None,Normal,2: Standing / idle
1790602503.1334815,14815,Person A,687.3,602.8,0.0,917.01,48.8,True,Active,hafsa,None,Normal,2: Standing / idle
1790602503.201387,14816,Person A,688.3,602.5,0.0,914.29,48.9,True,Active,hafsa,None,Normal,2: Standing / idle
1790602503.2843337,14817,Person A,689.0,602.8,0.0,912.78,48.82,True,Active,hafsa,None,Normal,2: Standing / idle
1790602503.3902686,14818,Person A,689.2,603.1,0.0,912.03,48.78,True,Active,hafsa,None,Normal,2: Standing / idle
1790602503.444132,14819,Person A,688.8,603.3,0.0,909.87,48.74,True,Active,hafsa,None,Normal,2: Standing / idle
1790602503.5307493,14820,Person A,688.1,602.9,0.0,907.04,48.75,True,Active,hafsa,None,Normal,2: Standing / idle
1790602503.6384568,14821,Person A,687.1,602.1,0.0,905.63,48.76,True,Active,hafsa,None,Normal,2: Standing / idle
1790602503.7396321,14822,Person A,686.2,601.3,0.0,906.38,48.8,True,Active,hafsa,None,Normal,2: Standing / idle
1790602503.8205721,14823,Person A,685.5,600.7,0.0,911.19,48.65,True,Active,hafsa,None,Normal,2: Standing / idle
1790602503.9051669,14824,Person A,684.9,600.9,0.0,915.16,48.37,True,Active,hafsa,None,Normal,2: Standing / idle
1790602503.9894245,14825,Person A,684.4,601.9,0.0,919.9,48.13,True,Active,hafsa,None,Normal,2: Standing / idle
1790602504.0788848,14826,Person A,683.9,603.3,0.0,919.83,48.04,True,Active,hafsa,None,Normal,2: Standing / idle
1790602504.205815,14827,Person A,683.3,604.8,0.0,918.27,47.87,True,Active,hafsa,None,Normal,2: Standing / idle
1790602504.3033433,14828,Person A,682.7,606.8,0.0,920.89,47.6,True,Active,hafsa,None,Normal,2: Standing / idle
1790602504.3639324,14829,Person A,682.3,609.3,0.0,923.59,47.41,True,Active,hafsa,None,Normal,2: Standing / idle
1790602504.429675,14830,Person A,682.2,612.0,0.0,924.33,47.46,True,Active,hafsa,None,Normal,2: Standing / idle
1790602504.5401025,14831,Person A,682.2,614.7,0.0,923.65,47.5,True,Active,hafsa,None,Normal,2: Standing / idle
1790602504.630825,14832,Person A,682.2,617.6,0.0,925.74,47.45,True,Active,hafsa,None,Normal,2: Standing / idle
1790602504.7245207,14833,Person A,681.8,620.8,0.0,929.71,47.0,True,Active,hafsa,None,Normal,2: Standing / idle
1790602504.8211083,14834,Person A,681.6,624.2,0.0,936.64,46.73,True,Active,hafsa,None,Normal,2: Standing / idle
1790602504.9127584,14835,Person A,681.6,627.6,0.0,942.94,46.59,True,Active,hafsa,None,Normal,2: Standing / idle
1790602504.976303,14836,Person A,681.8,631.2,0.0,945.73,46.5,True,Active,hafsa,None,Normal,2: Standing / idle
1790602505.072156,14837,Person A,682.7,635.1,0.0,951.38,46.49,True,Active,hafsa,None,Normal,2: Standing / idle
1790602505.1632402,14838,Person A,683.9,638.5,0.0,952.83,46.57,True,Active,hafsa,None,Normal,2: Standing / idle
1790602505.2614858,14839,Person A,685.1,640.8,0.0,948.03,46.88,True,Active,hafsa,None,Normal,2: Standing / idle
1790602505.351068,14840,Person A,686.0,642.5,0.0,942.48,47.06,True,Active,hafsa,None,Normal,2: Standing / idle
1790602505.423017,14841,Person A,686.7,643.7,0.0,936.93,47.25,True,Active,hafsa,None,Normal,2: Standing / idle
1790602505.5401235,14842,Person A,687.1,644.0,0.0,930.72,47.48,True,Active,hafsa,None,Normal,2: Standing / idle
1790602505.6275463,14843,Person A,687.6,643.1,0.0,927.28,47.62,True,Active,hafsa,None,Normal,2: Standing / idle
1790602505.6854227,14844,Person A,687.8,641.1,0.0,924.52,47.72,True,Active,hafsa,None,Normal,2: Standing / idle
1790602505.764946,14845,Person A,687.8,638.8,0.0,927.28,47.62,True,Active,hafsa,None,Normal,2: Standing / idle
1790602505.8550494,14846,Person A,687.5,636.5,0.0,927.83,47.4,True,Active,hafsa,None,Normal,2: Standing / idle
1790602505.9824836,14847,Person A,686.4,633.8,0.0,924.89,47.23,True,Active,hafsa,None,Normal,2: Standing / idle
1790602506.0292416,14848,Person A,684.8,631.3,0.0,924.05,47.02,True,Active,hafsa,None,Normal,2: Standing / idle
1790602506.1391094,14849,Person A,683.3,630.6,0.0,932.31,46.56,True,Active,hafsa,None,Normal,2: Standing / idle
1790602506.2206306,14850,Person A,682.1,631.4,0.0,939.25,46.21,True,Active,hafsa,None,Normal,2: Standing / idle
1790602506.3196783,14851,Person A,681.1,634.0,0.0,947.59,45.68,True,Active,hafsa,None,Normal,2: Standing / idle
1790602506.39905,14852,Person A,680.7,638.9,0.0,961.67,45.17,True,Active,hafsa,None,Normal,2: Standing / idle
1790602506.500865,14853,Person A,680.6,645.6,0.0,973.0,44.67,True,Active,hafsa,None,Normal,2: Standing / idle
1790602506.56724,14854,Person A,680.6,653.2,0.0,977.27,44.42,True,Active,hafsa,None,Normal,2: Standing / idle
1790602506.6603687,14855,Person A,680.6,660.9,0.0,980.83,44.3,True,Active,hafsa,None,Normal,2: Standing / idle
1790602506.7639875,14856,Person A,680.9,668.4,0.0,982.24,44.3,True,Active,hafsa,None,Normal,2: Standing / idle
1790602506.8693345,14857,Person A,681.6,675.6,0.0,980.1,44.42,True,Active,hafsa,None,Normal,2: Standing / idle
1790602506.9205935,14858,Person A,682.6,681.8,0.0,974.4,44.75,True,Active,hafsa,None,Normal,2: Standing / idle
1790602507.0028737,14859,Person A,683.4,685.8,0.0,965.91,45.17,True,Active,hafsa,None,Normal,2: Standing / idle
1790602507.0916529,14860,Person A,683.9,687.9,0.0,957.46,45.51,True,Active,hafsa,None,Normal,2: Standing / idle
1790602507.2066662,14861,Person A,684.0,688.0,0.0,949.0,45.68,True,Active,hafsa,None,Normal,2: Standing / idle
1790602507.2917788,14862,Person A,683.5,686.0,0.0,944.08,45.82,True,Active,hafsa,None,Normal,2: Standing / idle
1790602507.3763084,14863,Person A,682.8,682.9,0.0,946.18,45.69,True,Active,hafsa,None,Normal,2: Standing / idle
1790602507.4784315,14864,Person A,682.3,680.0,0.0,953.21,45.43,True,Active,hafsa,None,Normal,2: Standing / idle
1790602507.5534573,14865,Person A,682.0,677.2,0.0,958.85,45.34,True,Active,hafsa,None,Normal,2: Standing / idle
1790602507.6403508,14866,Person A,681.6,674.2,0.0,958.15,45.38,True,Active,hafsa,None,Normal,2: Standing / idle
1790602507.7444105,14867,Person A,680.9,671.0,0.0,952.5,45.47,True,Active,hafsa,None,Normal,2: Standing / idle
1790602507.8385205,14868,Person A,679.9,667.9,0.0,945.46,45.64,True,Active,hafsa,None,Normal,2: Standing / idle
1790602507.9074447,14869,Person A,678.6,665.2,0.0,937.71,45.78,True,Active,hafsa,None,Normal,2: Standing / idle
1790602508.0188513,14870,Person A,677.3,662.8,0.0,931.4,46.0,True,Active,hafsa,None,Normal,2: Standing / idle
1790602508.1051943,14871,Person A,676.3,660.7,0.0,927.21,46.18,True,Active,hafsa,None,Normal,2: Standing / idle
1790602508.1919649,14872,Person A,675.3,658.7,0.0,923.0,46.27,True,Active,hafsa,None,Normal,2: Standing / idle
1790602508.2803516,14873,Person A,674.2,655.9,0.0,918.83,46.46,True,Active,hafsa,None,Normal,2: Standing / idle
1790602508.3657901,14874,Person A,672.9,651.8,0.0,915.39,46.68,True,Active,hafsa,None,Normal,2: Standing / idle
1790602508.444975,14875,Person A,671.2,646.7,0.0,911.24,46.87,True,Active,hafsa,None,Normal,2: Standing / idle
1790602508.5286648,14876,Person A,669.4,641.2,0.0,907.09,47.05,True,Active,hafsa,None,Normal,2: Standing / idle
1790602508.6478784,14877,Person A,667.7,635.6,0.0,901.55,47.25,True,Active,hafsa,None,Normal,2: Standing / idle
1790602508.7367964,14878,Person A,666.2,630.2,0.0,897.42,47.44,True,Active,hafsa,None,Normal,2: Standing / idle
1790602508.8129928,14879,Person A,665.1,624.7,0.0,892.03,47.82,True,Active,hafsa,None,Normal,2: Standing / idle
1790602508.8865962,14880,Person A,664.3,619.5,0.0,890.09,48.05,True,Active,hafsa,None,Normal,2: Standing / idle
1790602508.9729142,14881,Person A,663.7,614.6,0.0,889.5,48.19,True,Active,hafsa,None,Normal,2: Standing / idle
1790602509.1018455,14882,Person A,663.4,610.0,0.0,889.58,48.28,True,Active,hafsa,None,Normal,2: Standing / idle
1790602509.1807313,14883,Person A,663.2,605.7,0.0,888.25,48.38,True,Active,hafsa,None,Normal,2: Standing / idle
1790602509.2654443,14884,Person A,663.0,601.6,0.0,886.26,48.52,True,Active,hafsa,None,Normal,2: Standing / idle
1790602509.3546045,14885,Person A,662.9,597.9,0.0,885.6,48.57,True,Active,hafsa,None,Normal,2: Standing / idle
1790602509.4375327,14886,Person A,662.7,594.4,0.0,882.12,48.63,True,Active,hafsa,None,Normal,2: Standing / idle
1790602509.532682,14887,Person A,662.5,591.4,0.0,879.96,48.59,True,Active,hafsa,None,Normal,2: Standing / idle
1790602509.6305244,14888,Person A,662.2,588.7,0.0,877.13,48.61,True,Active,hafsa,None,Normal,2: Standing / idle
1790602509.7114606,14889,Person A,661.8,586.6,0.0,875.06,48.66,True,Active,hafsa,None,Normal,2: Standing / idle
1790602509.808022,14890,Person A,661.1,584.9,0.0,873.56,48.57,True,Active,hafsa,None,Normal,2: Standing / idle
1790602509.8715274,14891,Person A,660.1,583.5,0.0,872.73,48.44,True,Active,hafsa,None,Normal,2: Standing / idle
1790602509.9672735,14892,Person A,659.3,582.6,0.0,877.62,48.37,True,Active,hafsa,None,Normal,2: Standing / idle
1790602510.0575566,14893,Person A,658.7,582.0,0.0,879.78,48.41,True,Active,hafsa,None,Normal,2: Standing / idle
1790602510.1439452,14894,Person A,658.1,581.5,0.0,878.46,48.51,True,Active,hafsa,None,Normal,2: Standing / idle
1790602510.2395537,14895,Person A,657.5,580.8,0.0,876.47,48.65,True,Active,hafsa,None,Normal,2: Standing / idle
1790602510.3129718,14896,Person A,657.1,580.0,0.0,873.84,48.85,True,Active,hafsa,None,Normal,2: Standing / idle
1790602510.4138412,14897,Person A,656.8,579.1,0.0,871.77,48.91,True,Active,hafsa,None,Normal,2: Standing / idle
1790602510.5192053,14898,Person A,656.7,578.5,0.0,872.42,48.86,True,Active,hafsa,None,Normal,2: Standing / idle
1790602510.610843,14899,Person A,656.7,578.2,0.0,873.08,48.81,True,Active,hafsa,None,Normal,2: Standing / idle
1790602510.7043402,14900,Person A,656.9,577.9,0.0,873.08,48.81,True,Active,hafsa,None,Normal,2: Standing / idle
1790602510.7751155,14901,Person A,657.2,577.5,0.0,872.33,48.76,True,Active,hafsa,None,Normal,2: Standing / idle
1790602510.858894,14902,Person A,657.2,576.5,0.0,871.01,48.86,True,Active,hafsa,None,Normal,2: Standing / idle
1790602510.9307454,14903,Person A,656.9,575.2,0.0,868.95,48.92,True,Active,hafsa,None,Normal,2: Standing / idle
1790602511.0201547,14904,Person A,656.0,573.9,80.0,863.11,48.76,True,Active,hafsa,None,Normal,2: Standing / idle
1790602511.125384,14905,Person A,654.7,573.0,0.0,860.77,48.53,True,Active,hafsa,None,Normal,2: Standing / idle
1790602511.1956515,14906,Person A,653.4,573.1,0.0,864.75,48.23,True,Active,hafsa,None,Normal,2: Standing / idle
1790602511.2965417,14907,Person A,652.1,574.1,0.0,868.69,47.85,True,Active,hafsa,None,Normal,2: Standing / idle
1790602511.3759196,14908,Person A,650.8,575.5,0.0,872.06,47.6,True,Active,hafsa,None,Normal,2: Standing / idle
1790602511.493375,14909,Person A,649.6,576.7,0.0,872.12,47.7,True,Active,hafsa,None,Normal,2: Standing / idle
1790602511.5862892,14910,Person A,648.4,577.7,0.0,870.78,47.79,True,Active,hafsa,None,Normal,2: Standing / idle
1790602511.6704712,14911,Person A,647.4,578.3,0.0,868.84,48.03,True,Active,hafsa,None,Normal,2: Standing / idle
1790602511.7546632,14912,Person A,646.4,578.9,0.0,867.5,48.13,True,Active,hafsa,None,Normal,2: Standing / idle
1790602511.8306608,14913,Person A,645.5,579.4,0.0,865.5,48.28,True,Active,hafsa,None,Normal,2: Standing / idle
1790602511.9341173,14914,Person A,645.1,579.6,0.0,861.43,48.48,True,Active,hafsa,None,Normal,2: Standing / idle
1790602512.0238154,14915,Person A,644.8,579.1,0.0,855.21,48.65,True,Active,hafsa,None,Normal,2: Standing / idle
1790602512.0952463,14916,Person A,644.2,577.7,0.0,850.98,48.67,True,Active,hafsa,None,Normal,2: Standing / idle
1790602512.192179,14917,Person A,643.6,575.4,0.0,848.91,48.73,True,Active,hafsa,None,Normal,2: Standing / idle
1790602512.2732556,14918,Person A,643.0,572.4,0.0,847.59,48.83,True,Active,hafsa,None,Normal,2: Standing / idle
1790602512.3616662,14919,Person A,642.2,569.3,0.0,845.52,48.88,True,Active,hafsa,None,Normal,2: Standing / idle
1790602512.4434898,14920,Person A,641.4,566.3,0.0,844.86,48.94,True,Active,hafsa,None,Normal,2: Standing / idle
1790602512.5320034,14921,Person A,640.4,563.5,0.0,842.8,48.99,True,Active,hafsa,None,Normal,2: Standing / idle
1790602512.6616523,14922,Person A,639.3,560.9,0.0,842.04,48.95,True,Active,hafsa,None,Normal,2: Standing / idle
1790602512.7412057,14923,Person A,638.2,558.7,0.0,842.7,48.9,True,Active,hafsa,None,Normal,2: Standing / idle
1790602512.8479545,14924,Person A,637.3,557.2,0.0,844.77,48.84,True,Active,hafsa,None,Normal,2: Standing / idle
1790602512.9377968,14925,Person A,636.8,556.5,0.0,846.84,48.78,True,Active,hafsa,None,Normal,2: Standing / idle
1790602513.0076213,14926,Person A,636.9,555.8,0.0,847.13,49.07,True,Active,hafsa,None,Normal,2: Standing / idle
1790602513.078098,14927,Person A,637.4,555.1,0.0,848.09,49.3,True,Active,hafsa,None,Normal,2: Standing / idle
1790602513.1667562,14928,Person A,638.3,554.4,0.0,849.83,49.58,True,Active,hafsa,None,Normal,2: Standing / idle
1790602513.267966,14929,Person A,639.1,553.8,0.0,847.66,49.55,True,Active,hafsa,None,Normal,2: Standing / idle
1790602513.3699765,14930,Person A,639.6,553.6,0.0,847.33,49.26,True,Active,hafsa,None,Normal,2: Standing / idle
1790602513.4302013,14931,Person A,639.6,553.9,0.0,844.77,48.84,True,Active,hafsa,None,Normal,2: Standing / idle
1790602513.5287242,14932,Person A,639.2,554.1,0.0,840.35,48.67,True,Active,hafsa,None,Normal,2: Standing / idle
1790602513.6343327,14933,Person A,638.7,554.1,0.0,838.94,48.67,True,Active,hafsa,None,Normal,2: Standing / idle
1790602513.7011297,14934,Person A,638.1,553.9,0.0,838.94,48.67,True,Active,hafsa,None,Normal,2: Standing / idle
1790602513.7933354,14935,Person A,637.6,553.4,0.0,839.78,48.81,True,Active,hafsa,None,Normal,2: Standing / idle
1790602513.8682013,14936,Person A,637.0,553.1,0.0,840.63,48.96,True,Active,hafsa,None,Normal,2: Standing / idle
1790602513.9861603,14937,Person A,636.3,552.9,0.0,841.48,49.1,True,Active,hafsa,None,Normal,2: Standing / idle
1790602514.075304,14938,Person A,635.3,552.8,0.0,841.59,49.19,True,Active,hafsa,None,Normal,2: Standing / idle
1790602514.1646316,14939,Person A,634.7,552.8,0.0,843.1,49.28,True,Active,hafsa,None,Normal,2: Standing / idle
1790602514.2400925,14940,Person A,634.5,552.5,0.0,843.86,49.33,True,Active,hafsa,None,Normal,2: Standing / idle
1790602514.3117394,14941,Person A,634.9,551.9,0.0,843.86,49.33,True,Active,hafsa,None,Normal,2: Standing / idle
1790602514.4594488,14942,Person A,635.7,551.5,0.0,843.75,49.23,True,Active,hafsa,None,Normal,2: Standing / idle
1790602514.5500748,14943,Person A,636.4,551.0,0.0,840.93,49.24,True,Active,hafsa,None,Normal,2: Standing / idle
1790602514.6406028,14944,Person A,637.1,550.6,0.0,841.59,49.19,True,Active,hafsa,None,Normal,2: Standing / idle
1790602514.7300754,14945,Person A,637.7,550.5,0.0,843.65,49.13,True,Active,hafsa,None,Normal,2: Standing / idle
1790602514.8027096,14946,Person A,638.2,550.6,0.0,845.06,49.13,True,Active,hafsa,None,Normal,2: Standing / idle
1790602514.8958254,14947,Person A,638.5,550.9,0.0,845.72,49.08,True,Active,hafsa,None,Normal,2: Standing / idle
1790602515.0033262,14948,Person A,638.9,551.4,0.0,847.88,49.11,True,Active,hafsa,None,Normal,2: Standing / idle
1790602515.0828106,14949,Person A,639.1,552.1,0.0,849.19,49.01,True,Active,hafsa,None,Normal,2: Standing / idle
1790602515.1721997,14950,Person A,639.2,552.8,0.0,849.19,49.01,True,Active,hafsa,None,Normal,2: Standing / idle
1790602515.2430832,14951,Person A,639.3,553.5,0.0,849.19,49.01,True,Active,hafsa,None,Normal,2: Standing / idle
1790602515.315029,14952,Person A,639.5,554.0,0.0,848.54,49.06,True,Active,hafsa,None,Normal,2: Standing / idle
1790602515.3873568,14953,Person A,640.1,554.8,0.0,850.7,49.1,True,Active,hafsa,None,Normal,2: Standing / idle
1790602515.5118446,14954,Person A,640.9,555.5,0.0,852.22,49.19,True,Active,hafsa,None,Normal,2: Standing / idle
1790602515.5826435,14955,Person A,641.9,555.8,0.0,853.19,49.42,True,Active,hafsa,None,Normal,2: Standing / idle
1790602515.6526835,14956,Person A,643.1,556.0,0.0,855.47,49.55,True,Active,hafsa,None,Normal,2: Standing / idle
1790602515.7399824,14957,Person A,644.7,556.2,0.0,859.16,49.67,True,Active,hafsa,None,Normal,2: Standing / idle
1790602515.8866136,14958,Person A,646.3,556.6,0.0,862.63,49.61,True,Active,hafsa,None,Normal,2: Standing / idle
1790602515.996114,14959,Person A,648.1,556.6,0.0,862.86,49.79,True,Active,hafsa,None,Normal,2: Standing / idle
1790602516.084897,14960,Person A,649.9,556.5,0.0,862.22,49.85,True,Active,hafsa,None,Normal,2: Standing / idle
1790602516.1543357,14961,Person A,651.7,556.3,0.0,861.57,49.9,True,Active,hafsa,None,Normal,2: Standing / idle
1790602516.226243,14962,Person A,653.5,556.2,0.0,861.57,49.9,True,Active,hafsa,None,Normal,2: Standing / idle
1790602516.3247495,14963,Person A,655.0,556.0,0.0,860.81,49.85,True,Active,hafsa,None,Normal,2: Standing / idle
1790602516.3999605,14964,Person A,656.4,555.9,0.0,862.22,49.85,True,Active,hafsa,None,Normal,2: Standing / idle
1790602516.4650936,14965,Person A,657.5,555.9,0.0,861.57,49.9,True,Active,hafsa,None,Normal,2: Standing / idle
1790602516.5412698,14966,Person A,658.5,555.7,0.0,861.82,50.08,True,Active,hafsa,None,Normal,2: Standing / idle
1790602516.6514363,14967,Person A,659.3,555.0,0.0,860.8,50.37,True,Active,hafsa,None,Normal,2: Standing / idle
1790602516.7182987,14968,Person A,660.1,553.5,0.0,859.16,50.72,True,Active,hafsa,None,Normal,2: Standing / idle
1790602516.8306189,14969,Person A,660.9,551.9,0.0,858.82,50.95,True,Active,hafsa,None,Normal,2: Standing / idle
1790602516.938544,14970,Person A,661.8,550.4,0.0,859.6,51.0,True,Active,hafsa,None,Normal,2: Standing / idle
1790602517.0245671,14971,Person A,662.6,549.5,0.0,861.98,50.7,True,Active,hafsa,None,Normal,2: Standing / idle
1790602517.1097164,14972,Person A,663.3,549.4,0.0,866.3,50.25,True,Active,hafsa,None,Normal,2: Standing / idle
1790602517.1865711,14973,Person A,664.1,549.6,0.0,868.22,50.09,True,Active,hafsa,None,Normal,2: Standing / idle
1790602517.2607431,14974,Person A,665.0,549.6,0.0,869.11,50.23,True,Active,hafsa,None,Normal,2: Standing / idle
1790602517.328045,14975,Person A,666.0,549.6,0.0,869.24,50.32,True,Active,hafsa,None,Normal,2: Standing / idle
1790602517.418928,14976,Person A,666.9,549.8,0.0,870.01,50.36,True,Active,hafsa,None,Normal,2: Standing / idle
1790602517.5570202,14977,Person A,667.7,550.3,0.0,870.15,50.46,True,Active,hafsa,None,Normal,2: Standing / idle
1790602517.6081915,14978,Person A,668.4,551.3,0.0,870.92,50.5,True,Active,hafsa,None,Normal,2: Standing / idle
1790602517.6831875,14979,Person A,668.9,552.5,0.0,870.28,50.55,True,Active,hafsa,None,Normal,2: Standing / idle
1790602517.7735608,14980,Person A,669.3,553.5,0.0,869.01,50.65,True,Active,hafsa,None,Normal,2: Standing / idle
1790602517.9078794,14981,Person A,669.7,553.8,0.0,866.97,50.71,True,Active,hafsa,None,Normal,2: Standing / idle
1790602517.9642968,14982,Person A,670.4,553.4,0.0,869.15,50.74,True,Active,hafsa,None,Normal,2: Standing / idle
1790602518.0622025,14983,Person A,671.3,552.3,0.0,868.18,51.03,True,Active,hafsa,None,Normal,2: Standing / idle
1790602518.1586416,14984,Person A,672.0,551.3,0.0,868.18,51.03,True,Active,hafsa,None,Normal,2: Standing / idle
1790602518.2280347,14985,Person A,672.7,550.5,0.0,869.59,51.02,True,Active,hafsa,None,Normal,2: Standing / idle
1790602518.3161337,14986,Person A,673.3,549.6,0.0,868.96,51.07,True,Active,hafsa,None,Normal,2: Standing / idle
1790602518.4373078,14987,Person A,673.9,548.6,0.0,868.48,51.22,True,Active,hafsa,None,Normal,2: Standing / idle
1790602518.4989977,14988,Person A,674.4,547.6,0.0,868.48,51.22,True,Active,hafsa,None,Normal,2: Standing / idle
1790602518.6060057,14989,Person A,674.8,546.5,0.0,866.45,51.28,True,Active,hafsa,None,Normal,2: Standing / idle
1790602518.700413,14990,Person A,674.9,545.4,0.0,862.86,51.26,True,Active,hafsa,None,Normal,2: Standing / idle
1790602518.7695372,14991,Person A,674.9,544.4,0.0,860.68,51.23,True,Active,hafsa,None,Normal,2: Standing / idle
1790602518.8556373,14992,Person A,674.3,543.0,0.0,855.68,51.21,True,Active,hafsa,None,Normal,2: Standing / idle
1790602518.9540637,14993,Person A,673.0,541.8,0.0,850.53,51.11,True,Active,hafsa,None,Normal,2: Standing / idle
1790602519.032705,14994,Person A,671.6,540.5,0.0,849.12,51.12,True,Active,hafsa,None,Normal,2: Standing / idle
1790602519.118413,14995,Person A,670.4,538.9,0.0,850.21,51.35,True,Active,hafsa,None,Normal,2: Standing / idle
1790602519.2060163,14996,Person A,669.2,537.1,0.0,848.34,51.51,True,Active,hafsa,None,Normal,2: Standing / idle
1790602519.310589,14997,Person A,667.9,535.8,0.0,850.21,51.35,True,Active,hafsa,None,Normal,2: Standing / idle
1790602519.415202,14998,Person A,666.6,535.0,0.0,853.34,51.09,True,Active,hafsa,None,Normal,2: Standing / idle
1790602519.5141404,14999,Person A,665.4,534.2,0.0,852.09,51.19,True,Active,hafsa,None,Normal,2: Standing / idle
1790602519.5835986,15000,Person A,664.6,533.1,0.0,849.74,51.5,True,Active,hafsa,None,Normal,2: Standing / idle
1790602519.6632671,15001,Person A,664.0,531.9,0.0,848.5,51.6,True,Active,hafsa,None,Normal,2: Standing / idle
1790602519.7539103,15002,Person A,663.7,530.7,0.0,845.86,51.72,True,Active,hafsa,None,Normal,2: Standing / idle
1790602519.8480642,15003,Person A,663.8,529.3,0.0,842.6,51.89,True,Active,hafsa,None,Normal,2: Standing / idle
1790602519.9504442,15004,Person A,664.1,527.8,0.0,842.15,52.04,True,Active,hafsa,None,Normal,2: Standing / idle
1790602520.038377,15005,Person A,664.3,526.8,0.0,845.57,51.96,True,Active,hafsa,None,Normal,2: Standing / idle
1790602520.1088483,15006,Person A,664.7,527.0,0.0,852.72,51.57,True,Active,hafsa,None,Normal,2: Standing / idle
1790602520.209038,15007,Person A,665.1,527.7,0.0,857.71,51.15,True,Active,hafsa,None,Normal,2: Standing / idle
1790602520.3040042,15008,Person A,665.5,528.8,0.0,863.38,50.69,True,Active,hafsa,None,Normal,2: Standing / idle
1790602520.3976595,15009,Person A,665.6,530.7,0.0,864.89,50.25,True,Active,hafsa,None,Normal,2: Standing / idle
1790602520.4849808,15010,Person A,665.3,533.3,0.0,863.87,50.02,True,Active,hafsa,None,Normal,2: Standing / idle
1790602520.5608804,15011,Person A,664.6,536.2,0.0,861.45,49.8,True,Active,hafsa,None,Normal,2: Standing / idle
1790602520.6416137,15012,Person A,663.7,539.3,0.0,858.52,49.72,True,Active,hafsa,None,Normal,2: Standing / idle
1790602520.7409315,15013,Person A,662.8,543.1,0.0,859.7,49.53,True,Active,hafsa,None,Normal,2: Standing / idle
1790602520.858751,15014,Person A,661.8,547.0,0.0,859.05,49.58,True,Active,hafsa,None,Normal,2: Standing / idle
1790602520.9449816,15015,Person A,660.6,550.4,0.0,857.75,49.68,True,Active,hafsa,None,Normal,2: Standing / idle
1790602521.0149546,15016,Person A,659.4,552.4,0.0,856.06,50.02,True,Active,hafsa,None,Normal,2: Standing / idle
1790602521.0872624,15017,Person A,658.4,553.6,0.0,857.59,50.11,True,Active,hafsa,None,Normal,2: Standing / idle
1790602521.18287,15018,Person A,657.5,553.8,0.0,857.72,50.2,True,Active,hafsa,None,Normal,2: Standing / idle
1790602521.264499,15019,Person A,656.9,553.2,0.0,856.44,50.31,True,Active,hafsa,None,Normal,2: Standing / idle
1790602521.341157,15020,Person A,656.6,552.2,0.0,855.16,50.41,True,Active,hafsa,None,Normal,2: Standing / idle
1790602521.4449575,15021,Person A,656.8,550.8,0.0,854.03,50.61,True,Active,hafsa,None,Normal,2: Standing / idle
1790602521.5382295,15022,Person A,657.3,549.2,0.0,852.13,50.76,True,Active,hafsa,None,Normal,2: Standing / idle
1790602521.6255221,15023,Person A,658.0,547.6,0.0,854.8,50.65,True,Active,hafsa,None,Normal,2: Standing / idle
1790602521.7041225,15024,Person A,658.8,546.8,0.0,860.03,50.33,True,Active,hafsa,None,Normal,2: Standing / idle
1790602521.7929277,15025,Person A,659.8,547.2,0.0,867.97,49.91,True,Active,hafsa,None,Normal,2: Standing / idle
1790602521.8758957,15026,Person A,660.5,548.5,0.0,869.79,49.66,True,Active,hafsa,None,Normal,2: Standing / idle
1790602521.9997115,15027,Person A,660.7,550.2,0.0,870.11,49.33,True,Active,hafsa,None,Normal,2: Standing / idle
1790602522.091388,15028,Person A,660.6,552.3,0.0,870.55,49.1,True,Active,hafsa,None,Normal,2: Standing / idle
1790602522.1587737,15029,Person A,660.3,554.8,0.0,870.36,48.91,True,Active,hafsa,None,Normal,2: Standing / idle
1790602522.2457688,15030,Person A,660.0,557.5,0.0,870.36,48.91,True,Active,hafsa,None,Normal,2: Standing / idle
1790602522.3289273,15031,Person A,660.1,560.2,0.0,872.17,49.28,True,Active,hafsa,None,Normal,2: Standing / idle
1790602522.4327052,15032,Person A,660.6,563.1,0.0,874.56,49.5,True,Active,hafsa,None,Normal,2: Standing / idle
1790602522.526321,15033,Person A,660.9,565.5,0.0,872.5,49.56,True,Active,hafsa,None,Normal,2: Standing / idle
1790602522.6283472,15034,Person A,661.1,566.8,0.0,869.91,49.76,True,Active,hafsa,None,Normal,2: Standing / idle
1790602522.7038124,15035,Person A,661.0,567.0,0.0,868.5,49.76,True,Active,hafsa,None,Normal,2: Standing / idle
1790602522.7653499,15036,Person A,660.9,566.9,0.0,868.38,49.67,True,Active,hafsa,None,Normal,2: Standing / idle
1790602522.894639,15037,Person A,661.2,566.4,0.0,869.14,49.71,True,Active,hafsa,None,Normal,2: Standing / idle
1790602522.9601939,15038,Person A,661.5,565.6,0.0,867.62,49.63,True,Active,hafsa,None,Normal,2: Standing / idle
1790602523.044011,15039,Person A,661.8,564.2,80.0,863.51,49.74,True,Active,hafsa,None,Normal,2: Standing / idle
1790602523.1295483,15040,Person A,662.2,562.3,0.0,861.05,50.04,True,Active,hafsa,None,Normal,2: Standing / idle
1790602523.2253883,15041,Person A,662.2,560.3,0.0,859.26,50.29,True,Active,hafsa,None,Normal,2: Standing / idle
1790602523.3688586,15042,Person A,662.0,558.2,0.0,859.52,50.48,True,Active,hafsa,None,Normal,2: Standing / idle
1790602523.501451,15043,Person A,662.0,556.2,0.0,859.66,50.57,True,Active,hafsa,None,Normal,2: Standing / idle
1790602523.6114614,15044,Person A,662.0,554.6,0.0,859.66,50.57,True,Active,hafsa,None,Normal,2: Standing / idle
1790602523.6860578,15045,Person A,662.1,553.1,0.0,859.66,50.57,True,Active,hafsa,None,Normal,2: Standing / idle
1790602523.7516358,15046,Person A,662.2,551.4,0.0,858.25,50.58,True,Active,hafsa,None,Normal,2: Standing / idle
1790602523.840882,15047,Person A,662.1,549.6,0.0,856.84,50.59,True,Active,hafsa,None,Normal,2: Standing / idle
1790602523.9153967,15048,Person A,662.1,547.8,0.0,856.07,50.55,True,Active,hafsa,None,Normal,2: Standing / idle
1790602523.9975522,15049,Person A,661.9,546.6,0.0,854.26,50.27,True,Active,hafsa,None,Normal,2: Standing / idle
1790602524.062127,15050,Person A,661.1,546.3,0.0,853.0,49.85,True,Active,hafsa,None,Normal,2: Standing / idle
1790602524.1510434,15051,Person A,659.9,546.4,0.0,850.71,49.72,True,Active,hafsa,None,Normal,2: Standing / idle
1790602524.2251916,15052,Person A,658.4,546.8,0.0,850.59,49.63,True,Active,hafsa,None,Normal,2: Standing / idle
1790602524.320387,15053,Person A,656.8,547.4,0.0,851.24,49.57,True,Active,hafsa,None,Normal,2: Standing / idle
1790602524.4217927,15054,Person A,655.0,548.1,0.0,850.37,49.44,True,Active,hafsa,None,Normal,2: Standing / idle
1790602524.535571,15055,Person A,653.2,549.0,0.0,851.67,49.33,True,Active,hafsa,None,Normal,2: Standing / idle
1790602524.6051629,15056,Person A,651.5,550.1,0.0,852.32,49.28,True,Active,hafsa,None,Normal,2: Standing / idle
1790602524.692385,15057,Person A,649.9,551.4,0.0,852.97,49.23,True,Active,hafsa,None,Normal,2: Standing / idle
1790602524.7613714,15058,Person A,648.4,552.3,-80.0,850.37,49.44,True,Active,hafsa,None,Normal,2: Standing / idle
1790602524.8556752,15059,Person A,647.2,552.9,0.0,848.96,49.44,True,Active,hafsa,None,Normal,2: Standing / idle
1790602524.9513726,15060,Person A,646.2,552.9,80.0,845.38,49.41,True,Active,hafsa,None,Normal,2: Standing / idle
1790602525.0256405,15061,Person A,645.4,552.6,0.0,842.67,49.52,True,Active,hafsa,None,Normal,2: Standing / idle
1790602525.086258,15062,Person A,644.7,552.2,0.0,842.67,49.52,True,Active,hafsa,None,Normal,2: Standing / idle
1790602525.1751506,15063,Person A,644.1,551.6,80.0,842.78,49.62,True,Active,hafsa,None,Normal,2: Standing / idle
1790602525.2940776,15064,Person A,643.8,550.8,80.0,842.9,49.72,True,Active,hafsa,None,Normal,2: Standing / idle
1790602525.3596795,15065,Person A,643.6,549.7,0.0,843.01,49.81,True,Active,hafsa,None,Normal,2: Standing / idle
1790602525.4397583,15066,Person A,643.3,548.7,0.0,843.54,49.66,True,Active,hafsa,None,Normal,2: Standing / idle
1790602525.562101,15067,Person A,642.6,547.8,0.0,841.8,49.38,True,Active,hafsa,None,Normal,2: Standing / idle
1790602525.6904805,15068,Person A,641.7,547.4,0.0,840.93,49.24,True,Active,hafsa,None,Normal,2: Standing / idle
1790602525.8007233,15069,Person A,640.8,547.2,0.0,840.83,49.15,True,Active,hafsa,None,Normal,2: Standing / idle
1790602525.883035,15070,Person A,640.3,547.4,0.0,842.9,49.09,True,Active,hafsa,None,Normal,2: Standing / idle
1790602525.9445493,15071,Person A,640.0,548.0,0.0,844.31,49.08,True,Active,hafsa,None,Normal,2: Standing / idle
1790602526.0296314,15072,Person A,639.8,548.6,0.0,845.06,49.13,True,Active,hafsa,None,Normal,2: Standing / idle
1790602526.1078398,15073,Person A,639.4,549.4,0.0,844.96,49.03,True,Active,hafsa,None,Normal,2: Standing / idle
1790602526.1674378,15074,Person A,638.9,550.3,0.0,844.96,49.03,True,Active,hafsa,None,Normal,2: Standing / idle
1790602526.2344902,15075,Person A,638.3,551.3,0.0,844.96,49.03,True,Active,hafsa,None,Normal,2: Standing / idle
1790602526.3131633,15076,Person A,637.8,552.1,0.0,844.96,49.03,True,Active,hafsa,None,Normal,2: Standing / idle
1790602526.456724,15077,Person A,637.8,552.7,0.0,845.72,49.08,True,Active,hafsa,None,Normal,2: Standing / idle
1790602526.5451186,15078,Person A,638.1,553.3,0.0,847.13,49.07,True,Active,hafsa,None,Normal,2: Standing / idle
1790602526.609244,15079,Person A,638.7,553.7,0.0,847.99,49.21,True,Active,hafsa,None,Normal,2: Standing / idle
1790602526.6870563,15080,Person A,639.2,553.5,0.0,845.38,49.41,True,Active,hafsa,None,Normal,2: Standing / idle
1790602526.766727,15081,Person A,640.1,552.7,0.0,845.95,49.89,True,Active,hafsa,None,Normal,2: Standing / idle
1790602526.8773854,15082,Person A,641.2,551.8,0.0,847.61,50.07,True,Active,hafsa,None,Normal,2: Standing / idle
1790602526.969295,15083,Person A,642.3,550.7,0.0,846.2,50.08,True,Active,hafsa,None,Normal,2: Standing / idle
1790602527.0457146,15084,Person A,643.3,549.6,0.0,845.43,50.04,True,Active,hafsa,None,Normal,2: Standing / idle
1790602527.1358752,15085,Person A,644.2,548.4,0.0,844.02,50.05,True,Active,hafsa,None,Normal,2: Standing / idle
1790602527.2201977,15086,Person A,645.1,547.1,80.0,843.38,50.1,True,Active,hafsa,None,Normal,2: Standing / idle
1790602527.314709,15087,Person A,646.0,545.6,0.0,842.87,50.25,True,Active,hafsa,None,Normal,2: Standing / idle
1790602527.4420798,15088,Person A,647.1,543.8,0.0,843.9,50.48,True,Active,hafsa,None,Normal,2: Standing / idle
1790602527.5019293,15089,Person A,647.9,542.3,0.0,844.41,50.33,True,Active,hafsa,None,Normal,2: Standing / idle
1790602527.577235,15090,Person A,648.5,541.2,-80.0,842.87,50.25,True,Active,hafsa,None,Normal,2: Standing / idle
1790602527.661313,15091,Person A,648.6,540.9,0.0,844.79,50.09,True,Active,hafsa,None,Normal,2: Standing / idle
1790602527.7678425,15092,Person A,648.4,541.2,0.0,848.01,49.83,True,Active,hafsa,None,Normal,2: Standing / idle
1790602527.8604665,15093,Person A,648.2,542.0,0.0,849.83,49.58,True,Active,hafsa,None,Normal,2: Standing / idle
1790602527.934415,15094,Person A,648.0,543.0,0.0,850.37,49.44,True,Active,hafsa,None,Normal,2: Standing / idle
1790602528.0171332,15095,Person A,647.8,544.3,0.0,850.91,49.29,True,Active,hafsa,None,Normal,2: Standing / idle
1790602528.1191711,15096,Person A,647.6,545.8,0.0,851.56,49.24,True,Active,hafsa,None,Normal,2: Standing / idle
1790602528.2095308,15097,Person A,647.4,547.5,0.0,852.32,49.28,True,Active,hafsa,None,Normal,2: Standing / idle
1790602528.2950253,15098,Person A,647.2,549.3,0.0,853.95,49.46,True,Active,hafsa,None,Normal,2: Standing / idle
1790602528.393078,15099,Person A,647.1,550.5,0.0,851.35,49.67,True,Active,hafsa,None,Normal,2: Standing / idle
1790602528.482882,15100,Person A,647.2,551.6,0.0,850.71,49.72,True,Active,hafsa,None,Normal,2: Standing / idle
1790602528.5549555,15101,Person A,647.4,552.5,0.0,852.12,49.71,True,Active,hafsa,None,Normal,2: Standing / idle
1790602528.6550868,15102,Person A,647.6,553.0,0.0,852.76,49.66,True,Active,hafsa,None,Normal,2: Standing / idle
1790602528.7405558,15103,Person A,648.0,553.2,0.0,854.17,49.65,True,Active,hafsa,None,Normal,2: Standing / idle
1790602528.833294,15104,Person A,648.5,553.3,0.0,854.82,49.6,True,Active,hafsa,None,Normal,2: Standing / idle
1790602528.9152982,15105,Person A,649.2,553.6,0.0,858.18,49.44,True,Active,hafsa,None,Normal,2: Standing / idle
1790602529.0071926,15106,Person A,650.1,553.9,0.0,860.35,49.48,True,Active,hafsa,None,Normal,2: Standing / idle
1790602529.1280782,15107,Person A,650.8,554.3,0.0,860.24,49.38,True,Active,hafsa,None,Normal,2: Standing / idle
1790602529.2074335,15108,Person A,651.2,554.6,-80.0,858.94,49.49,True,Active,hafsa,None,Normal,2: Standing / idle
1790602529.3047178,15109,Person A,651.7,555.0,0.0,857.75,49.68,True,Active,hafsa,None,Normal,2: Standing / idle
1790602529.3728004,15110,Person A,652.3,555.2,0.0,856.58,49.88,True,Active,hafsa,None,Normal,2: Standing / idle
1790602529.444897,15111,Person A,653.1,555.0,0.0,856.95,50.16,True,Active,hafsa,None,Normal,2: Standing / idle
1790602529.5730026,15112,Person A,654.2,554.8,0.0,859.9,50.24,True,Active,hafsa,None,Normal,2: Standing / idle
1790602529.6270347,15113,Person A,655.6,554.6,80.0,863.61,50.36,True,Active,hafsa,None,Normal,2: Standing / idle
1790602529.6997375,15114,Person A,657.6,554.6,80.0,870.15,50.46,True,Active,hafsa,None,Normal,2: Standing / idle
1790602529.795406,15115,Person A,659.6,554.3,0.0,871.56,50.45,True,Active,hafsa,None,Normal,2: Standing / idle
1790602529.904951,15116,Person A,661.3,554.2,0.0,872.7,50.25,True,Active,hafsa,None,Normal,2: Standing / idle
1790602529.96694,15117,Person A,663.1,553.9,0.0,872.06,50.3,True,Active,hafsa,None,Normal,2: Standing / idle
1790602530.0798752,15118,Person A,664.5,553.5,-80.0,867.07,50.29,True,Active,hafsa,None,Normal,2: Standing / idle
1790602530.1514826,15119,Person A,665.2,553.1,0.0,860.54,50.19,True,Active,hafsa,None,Normal,2: Standing / idle
1790602530.2503526,15120,Person A,665.1,552.5,0.0,851.96,50.14,True,Active,hafsa,None,Normal,2: Standing / idle
1790602530.3328123,15121,Person A,664.6,551.7,0.0,847.99,50.36,True,Active,hafsa,None,Normal,2: Standing / idle
1790602530.4328692,15122,Person A,664.1,550.2,0.0,846.5,50.8,True,Active,hafsa,None,Normal,2: Standing / idle
1790602530.5280573,15123,Person A,663.6,548.2,0.0,847.09,51.18,True,Active,hafsa,None,Normal,2: Standing / idle
1790602530.6244328,15124,Person A,662.7,545.5,0.0,846.15,51.48,True,Active,hafsa,None,Normal,2: Standing / idle
1790602530.6948514,15125,Person A,661.8,542.5,0.0,845.69,51.63,True,Active,hafsa,None,Normal,2: Standing / idle
1790602530.774569,15126,Person A,661.0,539.1,0.0,845.07,51.68,True,Active,hafsa,None,Normal,2: Standing / idle
1790602530.9064097,15127,Person A,660.2,535.7,0.0,844.45,51.73,True,Active,hafsa,None,Normal,2: Standing / idle
1790602530.9836643,15128,Person A,659.8,532.6,0.0,844.45,51.73,True,Active,hafsa,None,Normal,2: Standing / idle
1790602531.0858629,15129,Person A,660.1,529.8,0.0,845.24,51.77,True,Active,hafsa,None,Normal,2: Standing / idle
1790602531.1760256,15130,Person A,661.1,527.5,0.0,845.24,51.77,True,Active,hafsa,None,Normal,2: Standing / idle
1790602531.2621665,15131,Person A,662.2,525.8,0.0,845.86,51.72,True,Active,hafsa,None,Normal,2: Standing / idle
1790602531.3378084,15132,Person A,663.0,524.8,0.0,846.48,51.67,True,Active,hafsa,None,Normal,2: Standing / idle
1790602531.3978379,15133,Person A,663.4,524.9,0.0,850.83,51.3,True,Active,hafsa,None,Normal,2: Standing / idle
1790602531.4978194,15134,Person A,663.5,526.3,0.0,855.72,50.79,True,Active,hafsa,None,Normal,2: Standing / idle
1790602531.5790656,15135,Person A,663.7,528.1,0.0,858.53,50.77,True,Active,hafsa,None,Normal,2: Standing / idle
1790602531.6953669,15136,Person A,664.1,530.1,0.0,860.71,50.8,True,Active,hafsa,None,Normal,2: Standing / idle
1790602531.7660031,15137,Person A,664.8,532.2,0.0,863.04,50.93,True,Active,hafsa,None,Normal,2: Standing / idle
1790602531.8590293,15138,Person A,665.6,534.4,0.0,864.45,50.92,True,Active,hafsa,None,Normal,2: Standing / idle
1790602531.9553287,15139,Person A,666.3,537.0,0.0,866.97,50.71,True,Active,hafsa,None,Normal,2: Standing / idle
1790602532.0407534,15140,Person A,666.9,539.7,0.0,866.83,50.62,True,Active,hafsa,None,Normal,2: Standing / idle
1790602532.1164365,15141,Person A,667.5,542.1,0.0,865.57,50.72,True,Active,hafsa,None,Normal,2: Standing / idle
1790602532.2054691,15142,Person A,668.1,544.5,0.0,866.2,50.67,True,Active,hafsa,None,Normal,2: Standing / idle
1790602532.3002002,15143,Person A,669.1,546.6,80.0,871.83,50.63,True,Active,hafsa,None,Normal,2: Standing / idle
1790602532.38122,15144,Person A,670.3,548.0,0.0,873.87,50.57,True,Active,hafsa,None,Normal,2: Standing / idle
1790602532.4648323,15145,Person A,671.1,549.1,0.0,871.69,50.54,True,Active,hafsa,None,Normal,2: Standing / idle
1790602532.5803046,15146,Person A,671.4,550.2,0.0,870.01,50.36,True,Active,hafsa,None,Normal,2: Standing / idle
1790602532.6633446,15147,Person A,671.1,551.4,0.0,868.35,50.19,True,Active,hafsa,None,Normal,2: Standing / idle
1790602532.7409234,15148,Person A,670.4,552.7,0.0,867.33,49.96,True,Active,hafsa,None,Normal,2: Standing / idle
1790602532.8287954,15149,Person A,669.3,553.9,0.0,866.21,49.64,True,Active,hafsa,None,Normal,2: Standing / idle
1790602532.9121916,15150,Person A,668.3,554.8,80.0,864.92,49.74,True,Active,hafsa,None,Normal,2: Standing / idle
1790602533.0006633,15151,Person A,667.5,556.0,0.0,867.09,49.77,True,Active,hafsa,None,Normal,2: Standing / idle
1790602533.099346,15152,Person A,666.7,557.9,0.0,872.28,49.37,True,Active,hafsa,None,Normal,2: Standing / idle
1790602533.1862524,15153,Person A,665.3,560.7,0.0,879.3,48.64,True,Active,hafsa,None,Normal,2: Standing / idle
1790602533.3065622,15154,Person A,663.5,564.8,0.0,887.05,47.79,True,Active,hafsa,None,Normal,2: Standing / idle
1790602533.3775587,15155,Person A,661.4,570.9,0.0,896.29,46.67,True,Active,hafsa,None,Normal,2: Standing / idle
1790602533.4468772,15156,Person A,656.7,583.1,0.0,920.03,42.62,True,Active,hafsa,None,Normal,2: Standing / idle
1790602533.5585148,15157,Person A,648.4,599.5,0.0,927.07,39.05,True,Active,hafsa,None,Normal,2: Standing / idle
1790602533.6254876,15158,Person A,636.2,620.3,80.0,938.36,35.28,True,Active,hafsa,None,Normal,2: Standing / idle
1790602533.7168763,15159,Person A,623.8,643.5,0.0,957.15,34.06,True,Active,hafsa,None,Normal,2: Standing / idle
1790602533.8099003,15160,Person A,611.8,668.8,80.0,975.16,33.62,True,Active,hafsa,None,Normal,2: Standing / idle
1790602533.8901687,15161,Person A,599.9,695.6,160.0,990.17,33.26,True,Active,hafsa,None,Normal,2: Standing / idle
1790602534.0277684,15162,Person A,589.0,723.0,80.0,1007.36,33.3,True,Active,hafsa,None,Normal,2: Standing / idle
1790602534.1042235,15163,Person A,578.5,749.6,-160.0,1012.64,33.23,True,Active,hafsa,None,Normal,2: Standing / idle
1790602534.181155,15164,Person A,568.5,774.7,0.0,1013.73,33.33,True,Active,hafsa,None,Normal,2: Standing / idle
1790602534.269463,15165,Person A,559.2,798.2,-80.0,1017.34,33.33,True,Active,hafsa,None,Normal,2: Standing / idle
1790602534.3520112,15166,Person A,552.9,816.2,0.0,1023.74,33.16,True,Active,hafsa,None,Normal,2: Standing / idle
1790602534.430498,15167,Person A,550.8,830.9,0.0,1033.76,33.0,True,Active,hafsa,None,Normal,2: Standing / idle
1790602534.528315,15168,Person A,553.1,841.7,0.0,1040.72,32.88,True,Active,hafsa,None,Normal,2: Standing / idle
1790602534.6160576,15169,Person A,556.4,850.0,0.0,1044.58,33.01,True,Active,hafsa,None,Normal,2: Standing / idle
1790602534.7065737,15170,Person A,559.7,856.5,0.0,1047.6,33.16,True,Active,hafsa,None,Normal,2: Standing / idle
1790602534.7887435,15171,Person A,563.0,861.2,0.0,1047.57,33.36,True,Active,hafsa,None,Normal,2: Standing / idle
1790602534.8790603,15172,Person A,565.6,864.2,-80.0,1046.72,33.58,True,Active,hafsa,None,Normal,2: Standing / idle
1790602534.9778042,15173,Person A,568.0,866.1,0.0,1041.73,33.77,True,Active,hafsa,None,Normal,2: Standing / idle
1790602535.0692663,15174,Person A,570.2,867.4,0.0,1036.75,33.95,True,Active,hafsa,None,Normal,2: Standing / idle
1790602535.1628542,15175,Person A,572.2,868.0,-80.0,1033.43,34.07,True,Active,hafsa,None,Normal,2: Standing / idle
1790602535.2375453,15176,Person A,574.0,867.3,-80.0,1027.9,34.22,True,Active,hafsa,None,Normal,2: Standing / idle
1790602535.3188615,15177,Person A,575.6,864.9,0.0,1022.69,34.48,True,Active,hafsa,None,Normal,2: Standing / idle
1790602535.4221842,15178,Person A,577.0,861.0,0.0,1016.1,34.74,True,Active,hafsa,None,Normal,2: Standing / idle
1790602535.5137925,15179,Person A,578.1,856.0,-80.0,1009.29,35.08,True,Active,hafsa,None,Normal,2: Standing / idle
1790602535.5910168,15180,Person A,579.0,849.9,0.0,1002.29,35.5,True,Active,hafsa,None,Normal,2: Standing / idle
1790602535.673786,15181,Person A,580.0,842.9,0.0,995.7,36.05,True,Active,hafsa,None,Normal,2: Standing / idle
1790602535.7995172,15182,Person A,581.2,834.9,80.0,988.2,36.73,True,Active,hafsa,None,Normal,2: Standing / idle
1790602535.87655,15183,Person A,582.8,826.2,80.0,980.24,37.37,True,Active,hafsa,None,Normal,2: Standing / idle
1790602535.9522264,15184,Person A,585.2,815.2,0.0,962.35,38.8,True,Active,hafsa,None,Normal,2: Standing / idle
1790602536.0289943,15185,Person A,587.8,803.8,0.0,957.39,39.19,True,Active,hafsa,None,Normal,2: Standing / idle
1790602536.1151,15186,Person A,590.8,792.0,0.0,951.57,39.71,True,Active,hafsa,None,Normal,2: Standing / idle
1790602536.2315755,15187,Person A,594.0,779.8,0.0,945.07,40.28,True,Active,hafsa,None,Normal,2: Standing / idle
1790602536.3207698,15188,Person A,597.9,767.4,0.0,942.04,41.0,True,Active,hafsa,None,Normal,2: Standing / idle
1790602536.431483,15189,Person A,602.2,755.2,0.0,940.08,41.51,True,Active,hafsa,None,Normal,2: Standing / idle
1790602536.5020974,15190,Person A,606.7,743.7,0.0,940.49,41.81,True,Active,hafsa,None,Normal,2: Standing / idle
1790602536.5580034,15191,Person A,611.0,733.3,0.0,941.83,41.9,True,Active,hafsa,None,Normal,2: Standing / idle
1790602536.6972785,15192,Person A,614.8,723.9,0.0,939.6,42.02,True,Active,hafsa,None,Normal,2: Standing / idle
1790602536.7576604,15193,Person A,618.2,715.4,0.0,936.63,42.19,True,Active,hafsa,None,Normal,2: Standing / idle
1790602536.8384354,15194,Person A,620.8,709.3,0.0,932.93,42.39,True,Active,hafsa,None,Normal,2: Standing / idle
1790602536.9205523,15195,Person A,623.3,703.5,0.0,929.92,42.65,True,Active,hafsa,None,Normal,2: Standing / idle
1790602537.0192015,15196,Person A,625.6,698.2,0.0,926.93,42.9,True,Active,hafsa,None,Normal,2: Standing / idle
1790602537.1083856,15197,Person A,627.7,693.6,0.0,924.69,43.12,True,Active,hafsa,None,Normal,2: Standing / idle
1790602537.1934366,15198,Person A,629.5,689.5,-80.0,923.79,43.51,True,Active,hafsa,None,Normal,2: Standing / idle
1790602537.2876618,15199,Person A,631.0,685.6,0.0,921.56,43.81,True,Active,hafsa,None,Normal,2: Standing / idle
1790602537.3760445,15200,Person A,632.2,681.5,0.0,918.65,44.07,True,Active,hafsa,None,Normal,2: Standing / idle
1790602537.4502304,15201,Person A,633.1,677.3,0.0,917.24,44.07,True,Active,hafsa,None,Normal,2: Standing / idle
1790602537.5531633,15202,Person A,634.0,673.3,0.0,916.52,44.12,True,Active,hafsa,None,Normal,2: Standing / idle
1790602537.6367655,15203,Person A,635.0,669.5,0.0,915.78,44.25,True,Active,hafsa,None,Normal,2: Standing / idle
1790602537.7251189,15204,Person A,635.9,666.1,0.0,914.37,44.25,True,Active,hafsa,None,Normal,2: Standing / idle
1790602537.821131,15205,Person A,636.7,663.2,0.0,914.37,44.25,True,Active,hafsa,None,Normal,2: Standing / idle
1790602537.9026608,15206,Person A,637.4,660.6,-80.0,912.94,44.33,True,Active,hafsa,None,Normal,2: Standing / idle
1790602537.9968667,15207,Person A,637.8,658.4,0.0,911.54,44.24,True,Active,hafsa,None,Normal,2: Standing / idle
1790602538.0913832,15208,Person A,637.6,656.6,0.0,909.43,44.2,True,Active,hafsa,None,Normal,2: Standing / idle
1790602538.17088,15209,Person A,636.9,655.3,80.0,907.34,44.06,True,Active,hafsa,None,Normal,2: Standing / idle
1790602538.2521784,15210,Person A,635.7,654.5,80.0,904.56,43.88,True,Active,hafsa,None,Normal,2: Standing / idle
1790602538.3524244,15211,Person A,634.2,653.9,80.0,902.52,43.65,True,Active,hafsa,None,Normal,2: Standing / idle
1790602538.4572232,15212,Person A,632.5,653.2,-80.0,899.69,43.65,True,Active,hafsa,None,Normal,2: Standing / idle
1790602538.5235538,15213,Person A,630.7,652.5,0.0,898.24,43.74,True,Active,hafsa,None,Normal,2: Standing / idle
1790602538.609656,15214,Person A,628.9,651.8,0.0,896.83,43.73,True,Active,hafsa,None,Normal,2: Standing / idle
1790602538.697188,15215,Person A,626.8,651.2,-80.0,895.48,43.55,True,Active,hafsa,None,Normal,2: Standing / idle
1790602538.7842038,15216,Person A,624.1,651.1,0.0,893.55,43.14,True,Active,hafsa,None,Normal,2: Standing / idle
1790602538.8933256,15217,Person A,621.3,651.1,0.0,892.23,42.96,True,Active,hafsa,None,Normal,2: Standing / idle
1790602538.9828415,15218,Person A,618.8,651.1,0.0,892.18,43.05,True,Active,hafsa,None,Normal,2: Standing / idle
1790602539.0790234,15219,Person A,617.0,650.7,0.0,892.01,43.41,True,Active,hafsa,None,Normal,2: Standing / idle
1790602539.1771195,15220,Person A,616.0,649.9,0.0,891.87,43.77,True,Active,hafsa,None,Normal,2: Standing / idle
1790602539.2364595,15221,Person A,615.6,648.6,0.0,890.37,44.04,True,Active,hafsa,None,Normal,2: Standing / idle
1790602539.3264468,15222,Person A,615.6,647.0,0.0,888.18,44.36,True,Active,hafsa,None,Normal,2: Standing / idle
1790602539.4415433,15223,Person A,615.9,644.9,0.0,885.3,44.82,True,Active,hafsa,None,Normal,2: Standing / idle
1790602539.5596812,15224,Person A,616.4,642.5,0.0,883.18,45.05,True,Active,hafsa,None,Normal,2: Standing / idle
1790602539.6721792,15225,Person A,617.2,639.7,0.0,881.06,45.18,True,Active,hafsa,None,Normal,2: Standing / idle
1790602539.750752,15226,Person A,618.5,636.6,0.0,880.35,45.14,True,Active,hafsa,None,Normal,2: Standing / idle
1790602539.8384228,15227,Person A,620.0,633.5,0.0,880.35,45.05,True,Active,hafsa,None,Normal,2: Standing / idle
1790602539.9008346,15228,Person A,621.3,630.7,0.0,881.06,44.91,True,Active,hafsa,None,Normal,2: Standing / idle
1790602539.9772708,15229,Person A,622.1,628.4,0.0,881.06,44.82,True,Active,hafsa,None,Normal,2: Standing / idle
1790602540.0550764,15230,Person A,622.5,626.6,0.0,881.77,44.77,True,Active,hafsa,None,Normal,2: Standing / idle
1790602540.140717,15231,Person A,622.6,625.0,0.0,879.65,44.82,True,Active,hafsa,None,Normal,2: Standing / idle
1790602540.2257462,15232,Person A,622.4,623.6,0.0,876.81,44.91,True,Active,hafsa,None,Normal,2: Standing / idle
1790602540.2984836,15233,Person A,621.5,622.8,0.0,873.28,44.77,True,Active,hafsa,None,Normal,2: Standing / idle
1790602540.3888965,15234,Person A,620.1,622.7,0.0,872.61,44.44,True,Active,hafsa,None,Normal,2: Standing / idle
1790602540.4817576,15235,Person A,618.6,623.2,0.0,874.06,44.26,True,Active,hafsa,None,Normal,2: Standing / idle
1790602540.5840611,15236,Person A,617.1,623.9,0.0,874.79,44.12,True,Active,hafsa,None,Normal,2: Standing / idle
1790602540.6693864,15237,Person A,615.8,624.4,0.0,874.77,44.21,True,Active,hafsa,None,Normal,2: Standing / idle
1790602540.7637048,15238,Person A,614.5,624.5,0.0,872.64,44.26,True,Active,hafsa,None,Normal,2: Standing / idle
1790602540.8567913,15239,Person A,613.1,624.6,0.0,871.97,44.12,True,Active,hafsa,None,Normal,2: Standing / idle
1790602540.9278803,15240,Person A,611.3,624.6,0.0,869.19,43.93,True,Active,hafsa,None,Normal,2: Standing / idle
1790602541.0172474,15241,Person A,609.2,625.0,0.0,867.86,43.65,True,Active,hafsa,None,Normal,2: Standing / idle
1790602541.1380115,15242,Person A,606.9,625.9,0.0,867.25,43.41,True,Active,hafsa,None,Normal,2: Standing / idle
1790602541.1982965,15243,Person A,604.7,627.2,0.0,867.37,43.13,True,Active,hafsa,None,Normal,2: Standing / idle
1790602541.2843692,15244,Person A,602.8,628.4,0.0,868.15,42.99,True,Active,hafsa,None,Normal,2: Standing / idle
1790602541.3653212,15245,Person A,601.0,629.6,0.0,870.35,42.86,True,Active,hafsa,None,Normal,2: Standing / idle
1790602541.469566,15246,Person A,599.3,630.9,0.0,872.55,42.72,True,Active,hafsa,None,Normal,2: Standing / idle
1790602541.5578198,15247,Person A,597.5,632.5,0.0,874.02,42.64,True,Active,hafsa,None,Normal,2: Standing / idle
1790602541.6356893,15248,Person A,595.7,634.3,0.0,873.34,42.59,True,Active,hafsa,None,Normal,2: Standing / idle
1790602541.7210598,15249,Person A,594.0,636.0,0.0,872.67,42.54,True,Active,hafsa,None,Normal,2: Standing / idle
1790602541.8250115,15250,Person A,592.5,637.7,0.0,871.32,42.44,True,Active,hafsa,None,Normal,2: Standing / idle
1790602541.909211,15251,Person A,590.8,639.0,0.0,865.8,42.24,True,Active,hafsa,None,Normal,2: Standing / idle
1790602542.014686,15252,Person A,588.6,640.2,0.0,861.19,41.8,True,Active,hafsa,None,Normal,2: Standing / idle
1790602542.1243036,15253,Person A,586.1,641.2,0.0,857.95,41.46,True,Active,hafsa,None,Normal,2: Standing / idle
1790602542.1897025,15254,Person A,583.4,642.1,0.0,856.72,41.26,True,Active,hafsa,None,Normal,2: Standing / idle
1790602542.2598388,15255,Person A,580.5,642.7,0.0,855.4,41.16,True,Active,hafsa,None,Normal,2: Standing / idle
1790602542.3455153,15256,Person A,577.4,643.2,0.0,855.59,40.97,True,Active,hafsa,None,Normal,2: Standing / idle
1790602542.4731686,15257,Person A,574.3,643.4,0.0,854.84,41.02,True,Active,hafsa,None,Normal,2: Standing / idle
1790602542.5524251,15258,Person A,571.7,643.3,0.0,855.21,41.35,True,Active,hafsa,None,Normal,2: Standing / idle
1790602542.6361246,15259,Person A,569.4,643.0,0.0,855.04,41.54,True,Active,hafsa,None,Normal,2: Standing / idle
1790602542.6926453,15260,Person A,567.4,642.5,0.0,854.21,41.68,True,Active,hafsa,None,Normal,2: Standing / idle
1790602542.7814949,15261,Person A,566.4,642.2,0.0,856.87,41.88,True,Active,hafsa,None,Normal,2: Standing / idle
1790602542.915061,15262,Person A,566.8,641.9,0.0,861.63,42.13,True,Active,hafsa,None,Normal,2: Standing / idle
1790602543.0131161,15263,Person A,568.7,641.2,0.0,865.49,42.71,True,Active,hafsa,None,Normal,2: Standing / idle
1790602543.0866468,15264,Person A,571.7,640.2,0.0,869.47,43.18,True,Active,hafsa,None,Normal,2: Standing / idle
1790602543.1611345,15265,Person A,574.9,639.1,0.0,868.74,43.23,True,Active,hafsa,None,Normal,2: Standing / idle
1790602543.2350526,15266,Person A,578.0,637.6,0.0,865.23,43.17,True,Active,hafsa,None,Normal,2: Standing / idle
1790602543.36197,15267,Person A,581.1,636.0,0.0,863.77,43.26,True,Active,hafsa,None,Normal,2: Standing / idle
1790602543.4204695,15268,Person A,583.9,634.6,0.0,863.73,43.36,True,Active,hafsa,None,Normal,2: Standing / idle
1790602543.5212898,15269,Person A,586.8,633.5,0.0,866.52,43.46,True,Active,hafsa,None,Normal,2: Standing / idle
1790602543.5996146,15270,Person A,589.7,632.7,0.0,867.93,43.46,True,Active,hafsa,None,Normal,2: Standing / idle
1790602543.6860504,15271,Person A,592.2,632.1,0.0,869.39,43.37,True,Active,hafsa,None,Normal,2: Standing / idle
1790602543.7664287,15272,Person A,593.9,631.4,0.0,868.01,43.27,True,Active,hafsa,None,Normal,2: Standing / idle
1790602543.8895373,15273,Person A,594.3,630.6,0.0,862.36,43.26,True,Active,hafsa,None,Normal,2: Standing / idle
1790602543.96312,15274,Person A,593.4,629.9,0.0,858.21,43.06,True,Active,hafsa,None,Normal,2: Standing / idle
1790602544.046464,15275,Person A,592.0,629.3,0.0,854.8,42.82,True,Active,hafsa,None,Normal,2: Standing / idle
1790602544.1231508,15276,Person A,590.3,629.1,0.0,852.21,42.43,True,Active,hafsa,None,Normal,2: Standing / idle
1790602544.2556174,15277,Person A,588.2,629.4,0.0,851.74,42.1,True,Active,hafsa,None,Normal,2: Standing / idle
1790602544.315895,15278,Person A,585.8,630.1,0.0,852.63,41.86,True,Active,hafsa,None,Normal,2: Standing / idle
1790602544.3930933,15279,Person A,583.1,631.0,0.0,854.87,41.73,True,Active,hafsa,None,Normal,2: Standing / idle
1790602544.4939497,15280,Person A,580.4,632.2,0.0,858.52,41.6,True,Active,hafsa,None,Normal,2: Standing / idle
1790602544.5677843,15281,Person A,577.9,633.5,0.0,862.1,41.57,True,Active,hafsa,None,Normal,2: Standing / idle
1790602544.6809988,15282,Person A,575.8,635.3,0.0,867.17,41.45,True,Active,hafsa,None,Normal,2: Standing / idle
1790602544.779531,15283,Person A,574.3,637.8,0.0,870.74,41.41,True,Active,hafsa,None,Normal,2: Standing / idle
1790602544.9010155,15284,Person A,573.4,640.4,0.0,871.4,41.46,True,Active,hafsa,None,Normal,2: Standing / idle
1790602544.9869747,15285,Person A,573.0,643.1,0.0,872.15,41.42,True,Active,hafsa,None,Normal,2: Standing / idle
1790602545.0566695,15286,Person A,573.0,645.7,0.0,871.58,41.28,True,Active,hafsa,None,Normal,2: Standing / idle
1790602545.1281376,15287,Person A,573.2,648.2,0.0,871.77,41.09,True,Active,hafsa,None,Normal,2: Standing / idle
1790602545.2097325,15288,Person A,573.4,650.7,0.0,872.72,40.86,True,Active,hafsa,None,Normal,2: Standing / idle
1790602545.3093302,15289,Person A,573.3,653.2,0.0,873.04,40.59,True,Active,hafsa,None,Normal,2: Standing / idle
1790602545.4018621,15290,Person A,572.8,655.7,0.0,874.14,40.27,True,Active,hafsa,None,Normal,2: Standing / idle
1790602545.4790487,15291,Person A,572.0,658.3,0.0,876.55,40.05,True,Active,hafsa,None,Normal,2: Standing / idle
1790602545.5726495,15292,Person A,571.0,660.6,0.0,878.08,39.96,True,Active,hafsa,None,Normal,2: Standing / idle
1790602545.6712377,15293,Person A,569.9,662.6,0.0,878.72,40.01,True,Active,hafsa,None,Normal,2: Standing / idle
1790602545.781675,15294,Person A,568.8,664.2,0.0,876.31,40.23,True,Active,hafsa,None,Normal,2: Standing / idle
1790602545.8654487,15295,Person A,567.9,665.5,0.0,876.08,40.42,True,Active,hafsa,None,Normal,2: Standing / idle
1790602545.93705,15296,Person A,567.0,666.7,0.0,874.78,40.32,True,Active,hafsa,None,Normal,2: Standing / idle
1790602546.0139184,15297,Person A,565.9,667.8,0.0,872.97,40.07,True,Active,hafsa,None,Normal,2: Standing / idle
1790602546.1032696,15298,Person A,564.7,668.7,0.0,871.8,39.88,True,Active,hafsa,None,Normal,2: Standing / idle
1790602546.1863644,15299,Person A,563.5,669.3,0.0,869.88,39.73,True,Active,hafsa,None,Normal,2: Standing / idle
1790602546.2769783,15300,Person A,562.2,669.4,0.0,866.56,39.57,True,Active,hafsa,None,Normal,2: Standing / idle
1790602546.3892746,15301,Person A,560.7,669.1,0.0,864.65,39.42,True,Active,hafsa,None,Normal,2: Standing / idle
1790602546.4678693,15302,Person A,559.2,668.8,0.0,866.2,39.33,True,Active,hafsa,None,Normal,2: Standing / idle
1790602546.5573485,15303,Person A,557.6,668.7,0.0,867.75,39.25,True,Active,hafsa,None,Normal,2: Standing / idle
1790602546.6302552,15304,Person A,556.0,669.1,0.0,869.15,39.26,True,Active,hafsa,None,Normal,2: Standing / idle
1790602546.7212882,15305,Person A,554.4,669.9,0.0,871.97,39.28,True,Active,hafsa,None,Normal,2: Standing / idle
1790602546.7986495,15306,Person A,553.3,670.8,0.0,874.64,39.39,True,Active,hafsa,None,Normal,2: Standing / idle
1790602546.9016051,15307,Person A,552.6,671.7,0.0,875.42,39.34,True,Active,hafsa,None,Normal,2: Standing / idle
1790602547.0138288,15308,Person A,552.2,672.7,0.0,876.96,39.26,True,Active,hafsa,None,Normal,2: Standing / idle
1790602547.1045053,15309,Person A,551.9,673.5,0.0,874.15,39.24,True,Active,hafsa,None,Normal,2: Standing / idle
1790602547.2071345,15310,Person A,552.0,674.0,0.0,871.06,39.41,True,Active,hafsa,None,Normal,2: Standing / idle
1790602547.2728298,15311,Person A,552.3,674.1,0.0,867.33,39.53,True,Active,hafsa,None,Normal,2: Standing / idle
1790602547.3426375,15312,Person A,552.7,673.8,0.0,866.43,39.66,True,Active,hafsa,None,Normal,2: Standing / idle
1790602547.433593,15313,Person A,553.1,673.3,0.0,866.43,39.66,True,Active,hafsa,None,Normal,2: Standing / idle
1790602547.5214345,15314,Person A,553.3,672.8,-80.0,866.56,39.57,True,Active,hafsa,None,Normal,2: Standing / idle
1790602547.59967,15315,Person A,553.4,672.0,0.0,866.43,39.66,True,Active,hafsa,None,Normal,2: Standing / idle
1790602547.6961854,15316,Person A,553.3,671.1,80.0,867.07,39.71,True,Active,hafsa,None,Normal,2: Standing / idle
1790602547.7870705,15317,Person A,553.3,670.1,0.0,867.71,39.76,True,Active,hafsa,None,Normal,2: Standing / idle
1790602547.8731446,15318,Person A,553.5,668.7,0.0,867.45,39.95,True,Active,hafsa,None,Normal,2: Standing / idle
1790602547.952336,15319,Person A,554.1,667.3,0.0,867.21,40.14,True,Active,hafsa,None,Normal,2: Standing / idle
1790602548.0538824,15320,Person A,554.8,666.1,0.0,866.33,40.27,True,Active,hafsa,None,Normal,2: Standing / idle
1790602548.1424353,15321,Person A,555.7,665.1,0.0,865.45,40.41,True,Active,hafsa,None,Normal,2: Standing / idle
1790602548.2339287,15322,Person A,556.5,664.0,0.0,863.17,40.54,True,Active,hafsa,None,Normal,2: Standing / idle
1790602548.3226845,15323,Person A,557.2,662.8,0.0,861.76,40.53,True,Active,hafsa,None,Normal,2: Standing / idle
1790602548.4170847,15324,Person A,557.6,661.5,0.0,859.16,40.33,True,Active,hafsa,None,Normal,2: Standing / idle
1790602548.5079646,15325,Person A,557.7,660.4,0.0,858.63,40.18,True,Active,hafsa,None,Normal,2: Standing / idle
1790602548.5764797,15326,Person A,557.6,659.3,0.0,857.99,40.13,True,Active,hafsa,None,Normal,2: Standing / idle
1790602548.6951146,15327,Person A,557.6,657.9,0.0,856.99,40.36,True,Active,hafsa,None,Normal,2: Standing / idle
1790602548.7871802,15328,Person A,557.4,656.6,0.0,856.23,40.41,True,Active,hafsa,None,Normal,2: Standing / idle
1790602548.8588696,15329,Person A,557.0,655.5,0.0,856.23,40.41,True,Active,hafsa,None,Normal,2: Standing / idle
1790602548.941302,15330,Person A,556.5,654.7,0.0,856.99,40.36,True,Active,hafsa,None,Normal,2: Standing / idle
1790602549.019299,15331,Person A,555.9,654.0,0.0,856.23,40.41,True,Active,hafsa,None,Normal,2: Standing / idle
1790602549.1378314,15332,Person A,555.4,653.7,0.0,857.64,40.41,True,Active,hafsa,None,Normal,2: Standing / idle
1790602549.2241793,15333,Person A,555.1,653.4,0.0,857.53,40.51,True,Active,hafsa,None,Normal,2: Standing / idle
1790602549.3064995,15334,Person A,555.3,653.1,0.0,858.18,40.56,True,Active,hafsa,None,Normal,2: Standing / idle
1790602549.3862047,15335,Person A,555.8,652.7,0.0,858.83,40.61,True,Active,hafsa,None,Normal,2: Standing / idle
1790602549.4671013,15336,Person A,556.4,652.4,0.0,859.59,40.57,True,Active,hafsa,None,Normal,2: Standing / idle
1790602549.5832117,15337,Person A,556.8,652.4,0.0,859.59,40.57,True,Active,hafsa,None,Normal,2: Standing / idle
1790602549.6375368,15338,Person A,557.1,652.5,0.0,858.94,40.51,True,Active,hafsa,None,Normal,2: Standing / idle
1790602549.7683566,15339,Person A,557.5,652.7,0.0,860.35,40.52,True,Active,hafsa,None,Normal,2: Standing / idle
1790602549.8528237,15340,Person A,557.9,652.8,0.0,860.35,40.52,True,Active,hafsa,None,Normal,2: Standing / idle
1790602549.954554,15341,Person A,558.4,653.0,0.0,861.0,40.57,True,Active,hafsa,None,Normal,2: Standing / idle
1790602550.0303273,15342,Person A,558.9,653.1,0.0,861.65,40.62,True,Active,hafsa,None,Normal,2: Standing / idle
1790602550.1233838,15343,Person A,559.3,653.3,0.0,861.65,40.62,True,Active,hafsa,None,Normal,2: Standing / idle
1790602550.2036235,15344,Person A,559.8,653.6,-80.0,863.71,40.68,True,Active,hafsa,None,Normal,2: Standing / idle
1790602550.2976487,15345,Person A,560.2,654.0,0.0,864.47,40.64,True,Active,hafsa,None,Normal,2: Standing / idle
1790602550.3755243,15346,Person A,560.6,654.5,0.0,865.99,40.55,True,Active,hafsa,None,Normal,2: Standing / idle
1790602550.460306,15347,Person A,561.1,655.2,0.0,868.16,40.52,True,Active,hafsa,None,Normal,2: Standing / idle
1790602550.5517724,15348,Person A,561.7,656.0,0.0,868.92,40.47,True,Active,hafsa,None,Normal,2: Standing / idle
1790602550.6239278,15349,Person A,562.3,656.8,0.0,870.33,40.48,True,Active,hafsa,None,Normal,2: Standing / idle
1790602550.7328908,15350,Person A,562.9,657.5,0.0,869.57,40.52,True,Active,hafsa,None,Normal,2: Standing / idle
1790602550.804773,15351,Person A,563.5,658.0,0.0,868.7,40.66,True,Active,hafsa,None,Normal,2: Standing / idle
1790602550.8983285,15352,Person A,564.0,658.4,0.0,867.94,40.7,True,Active,hafsa,None,Normal,2: Standing / idle
1790602550.9948695,15353,Person A,564.6,658.7,0.0,867.84,40.79,True,Active,hafsa,None,Normal,2: Standing / idle
1790602551.0892415,15354,Person A,565.1,658.9,0.0,868.49,40.84,True,Active,hafsa,None,Normal,2: Standing / idle
1790602551.1869967,15355,Person A,565.6,658.9,0.0,867.73,40.89,True,Active,hafsa,None,Normal,2: Standing / idle
1790602551.2548935,15356,Person A,566.2,658.6,0.0,867.63,40.98,True,Active,hafsa,None,Normal,2: Standing / idle
1790602551.347104,15357,Person A,566.8,657.9,0.0,866.78,41.12,True,Active,hafsa,None,Normal,2: Standing / idle
1790602551.4276094,15358,Person A,567.5,657.1,0.0,867.44,41.17,True,Active,hafsa,None,Normal,2: Standing / idle
1790602551.5281003,15359,Person A,568.2,656.1,0.0,867.35,41.26,True,Active,hafsa,None,Normal,2: Standing / idle
1790602551.602827,15360,Person A,568.9,655.2,0.0,867.35,41.26,True,Active,hafsa,None,Normal,2: Standing / idle
1790602551.6872487,15361,Person A,569.6,654.4,0.0,867.25,41.35,True,Active,hafsa,None,Normal,2: Standing / idle
1790602551.8178778,15362,Person A,570.4,653.5,0.0,866.42,41.49,True,Active,hafsa,None,Normal,2: Standing / idle
1790602551.8951309,15363,Person A,571.3,652.6,0.0,866.99,41.63,True,Active,hafsa,None,Normal,2: Standing / idle
1790602552.0012336,15364,Person A,572.2,651.6,0.0,866.91,41.73,True,Active,hafsa,None,Normal,2: Standing / idle
1790602552.0759711,15365,Person A,573.1,650.6,0.0,866.17,41.77,True,Active,hafsa,None,Normal,2: Standing / idle
1790602552.133568,15366,Person A,573.9,649.7,0.0,866.17,41.77,True,Active,hafsa,None,Normal,2: Standing / idle
1790602552.247248,15367,Person A,574.4,649.4,0.0,867.83,41.5,True,Active,hafsa,None,Normal,2: Standing / idle
1790602552.3333085,15368,Person A,574.7,649.3,0.0,868.67,41.36,True,Active,hafsa,None,Normal,2: Standing / idle
1790602552.4269235,15369,Person A,575.1,649.6,0.0,872.24,41.33,True,Active,hafsa,None,Normal,2: Standing / idle
1790602552.5241065,15370,Person A,575.5,650.0,0.0,872.99,41.28,True,Active,hafsa,None,Normal,2: Standing / idle
1790602552.5831099,15371,Person A,576.0,650.6,0.0,875.06,41.34,True,Active,hafsa,None,Normal,2: Standing / idle
1790602552.6816347,15372,Person A,576.6,651.4,0.0,876.38,41.44,True,Active,hafsa,None,Normal,2: Standing / idle
1790602552.7688148,15373,Person A,577.4,652.6,-160.0,881.28,41.5,True,Active,hafsa,None,Normal,2: Standing / idle
1790602552.857904,15374,Person A,578.3,654.1,0.0,884.1,41.52,True,Active,hafsa,None,Normal,1: Walking
1790602552.9467661,15375,Person A,579.1,655.9,80.0,884.94,41.38,True,Active,hafsa,None,Normal,1: Walking
1790602553.022639,15376,Person A,579.6,657.8,80.0,883.71,41.19,True,Active,hafsa,None,Normal,1: Walking
1790602553.1336215,15377,Person A,579.8,659.5,80.0,881.94,40.86,True,Active,hafsa,None,Normal,1: Walking
1790602553.2008748,15378,Person A,579.5,661.2,80.0,879.55,40.48,True,Active,hafsa,None,Normal,1: Walking
1790602553.306449,15379,Person A,578.3,662.8,80.0,876.55,40.05,True,Active,hafsa,None,Normal,1: Walking
1790602553.3927798,15380,Person A,576.4,664.5,80.0,873.6,39.61,True,Active,hafsa,None,Normal,1: Walking
1790602553.4957504,15381,Person A,573.6,666.3,0.0,870.7,39.17,True,Active,hafsa,None,Normal,1: Walking
1790602553.574639,15382,Person A,569.8,668.2,0.0,866.45,38.72,True,Active,hafsa,None,Normal,1: Walking
1790602553.6927044,15383,Person A,564.8,670.0,-80.0,863.04,38.22,True,Active,hafsa,None,Normal,1: Walking
1790602553.757053,15384,Person A,558.9,671.9,-160.0,861.1,37.73,True,Active,hafsa,None,Normal,1: Walking
1790602553.8401415,15385,Person A,552.3,674.0,-80.0,859.41,37.15,True,Active,hafsa,None,Normal,1: Walking
1790602553.9136066,15386,Person A,545.1,676.5,-80.0,858.02,36.47,True,Active,hafsa,None,Normal,1: Walking
1790602554.0420554,15387,Person A,537.5,679.5,-240.0,858.38,35.71,True,Active,hafsa,None,Normal,1: Walking
1790602554.0939019,15388,Person A,529.4,682.9,-240.0,856.92,34.88,True,Active,hafsa,None,Normal,1: Walking
1790602554.1948187,15389,Person A,518.6,688.7,-240.0,859.87,32.03,True,Active,hafsa,None,Normal,1: Walking
1790602554.2559705,15390,Person A,505.2,697.1,-160.0,867.17,29.2,True,Active,hafsa,None,Normal,1: Walking
1790602554.368116,15391,Person A,489.3,707.9,-160.0,875.2,26.54,True,Active,hafsa,None,Normal,1: Walking
1790602554.4866242,15392,Person A,471.0,721.1,-160.0,884.16,23.96,True,Active,hafsa,None,Normal,1: Walking
1790602554.5742762,15393,Person A,450.3,736.7,-160.0,895.82,21.41,True,Active,hafsa,None,Normal,1: Walking
1790602554.6460602,15394,Person A,427.6,753.6,-80.0,901.39,19.44,True,Active,hafsa,None,Normal,1: Walking
1790602554.7106416,15395,Person A,402.6,771.1,80.0,901.09,17.37,True,Active,hafsa,None,Normal,1: Walking
1790602554.8024812,15396,Person A,374.9,788.9,0.0,898.73,15.03,True,Active,hafsa,None,Normal,1: Walking
1790602554.9039924,15397,Person A,344.3,806.8,0.0,897.44,12.55,True,Active,hafsa,None,Normal,1: Walking
1790602554.998108,15398,Person A,310.3,824.8,-80.0,895.65,9.64,True,Active,hafsa,None,Normal,1: Walking
1790602555.1049888,15399,Person A,270.3,841.2,-160.0,894.75,3.59,True,Active,hafsa,None,Normal,1: Walking
1790602555.1657448,15400,Person A,224.8,855.5,-240.0,900.57,-2.04,True,Active,hafsa,None,Normal,1: Walking
1790602555.2532675,15401,Person A,174.3,867.9,-390.0,914.14,-7.16,True,Active,hafsa,None,Normal,1: Walking
1790602555.351397,15402,Person A,120.0,878.7,-320.0,934.3,-11.36,True,Active,hafsa,None,Normal,1: Walking
1790602555.4431477,15403,Person A,62.3,887.8,-390.0,958.19,-15.12,True,Active,hafsa,None,Normal,1: Walking
1790602555.5364883,15404,Person A,1.8,895.7,-390.0,977.79,-18.18,True,Active,hafsa,None,Normal,1: Walking
1790602555.6327603,15405,Person A,-59.7,904.1,-390.0,1005.41,-20.13,True,Active,hafsa,None,Normal,1: Walking
1790602555.7236958,15406,Person A,-121.4,913.9,-480.0,1039.52,-21.68,True,Active,hafsa,None,Normal,1: Walking
1790602555.8121984,15407,Person A,-183.3,925.8,-480.0,1081.57,-23.08,True,Active,hafsa,None,Normal,1: Walking
1790602555.9016633,15408,Person A,-244.3,940.4,-390.0,1127.14,-24.09,True,Active,hafsa,None,Normal,1: Walking
1790602555.9793437,15409,Person A,-298.3,957.5,-320.0,1168.91,-24.46,True,Active,hafsa,None,Normal,1: Walking
1790602556.0593152,15410,Person A,-346.6,976.9,-320.0,1209.16,-25.21,True,Active,hafsa,None,Normal,1: Walking
1790602556.1439743,15411,Person A,-390.6,998.0,-320.0,1247.73,-26.36,True,Active,hafsa,None,Normal,1: Walking
1790602556.2373915,15412,Person A,-431.8,1020.2,-390.0,1284.62,-27.64,True,Active,hafsa,None,Normal,1: Walking
1790602556.3356535,15413,Person A,-469.3,1043.7,-390.0,1317.66,-28.32,True,Active,hafsa,None,Normal,1: Walking
1790602556.4134307,15414,Person A,-502.6,1069.1,-390.0,1344.07,-28.34,True,Active,hafsa,None,Normal,1: Walking
1790602556.4937985,15415,Person A,-533.4,1095.0,-560.0,1369.28,-28.53,True,Active,hafsa,None,Normal,1: Walking
1790602556.5714486,15416,Person A,-562.2,1121.4,-480.0,1401.6,-28.65,True,Active,hafsa,None,Normal,1: Walking
1790602556.7198064,15417,Person A,-589.2,1148.0,-480.0,1439.36,-28.83,True,Active,hafsa,None,Normal,1: Walking
1790602556.7789798,15418,Person A,-615.8,1174.2,-480.0,1481.13,-29.35,True,Active,hafsa,None,Normal,1: Walking
1790602556.8615255,15419,Person A,-643.0,1200.4,-390.0,1526.37,-29.69,True,Active,hafsa,None,Normal,1: Walking
1790602556.958753,15420,Person A,-669.4,1227.7,-320.0,1573.38,-29.68,True,Active,hafsa,None,Normal,1: Walking
1790602557.0288105,15421,Person A,-694.0,1257.6,-320.0,1627.23,-29.45,True,Active,hafsa,None,Normal,1: Walking
1790602557.1261673,15422,Person A,-715.5,1288.9,-240.0,1662.26,-29.2,True,Active,hafsa,None,Normal,1: Walking
1790602557.2263525,15423,Person A,-734.6,1321.1,-240.0,1691.8,-28.84,True,Active,hafsa,None,Normal,1: Walking
1790602557.3198886,15424,Person A,-754.6,1352.9,-320.0,1719.08,-29.17,True,Active,hafsa,None,Normal,1: Walking
1790602557.4139967,15425,Person A,-773.2,1385.6,-320.0,1745.42,-28.77,True,Active,hafsa,None,Normal,1: Walking
1790602557.4858396,15426,Person A,-791.8,1420.2,-240.0,1794.42,-28.56,True,Active,hafsa,None,Normal,1: Walking
1790602557.5800755,15427,Person A,-807.8,1455.6,-240.0,1826.89,-27.87,True,Active,hafsa,None,Normal,1: Walking
1790602557.6725714,15428,Person A,-819.5,1490.6,-240.0,1844.87,-27.19,True,Active,hafsa,None,Normal,1: Walking
1790602557.7724442,15429,Person A,-827.0,1524.1,-160.0,1857.28,-26.58,True,Active,hafsa,None,Normal,1: Walking
1790602557.8441637,15430,Person A,-830.7,1555.9,-160.0,1872.19,-25.84,True,Active,hafsa,None,Normal,1: Walking
1790602557.9182441,15431,Person A,-830.1,1584.8,-160.0,1881.72,-24.96,True,Active,hafsa,None,Normal,1: Walking
1790602558.0524797,15432,Person A,-826.2,1613.6,-160.0,1902.66,-23.94,True,Active,hafsa,None,Normal,1: Walking
1790602558.1305869,15433,Person A,-819.5,1642.7,-160.0,1924.72,-22.9,True,Active,hafsa,None,Normal,1: Walking
1790602558.2207928,15434,Person A,-808.9,1671.5,-320.0,1932.96,-22.25,True,Active,hafsa,None,Normal,1: Walking
1790602558.2984288,15435,Person A,-796.9,1700.1,-390.0,1953.52,-21.63,True,Active,hafsa,None,Normal,1: Walking
1790602558.3709013,15436,Person A,-781.7,1726.1,-390.0,1967.06,-21.03,True,Active,hafsa,None,Normal,1: Walking
1790602558.4676712,15437,Person A,-764.9,1752.0,-480.0,1995.61,-20.11,True,Active,hafsa,None,Normal,1: Walking
1790602558.55861,15438,Person A,-747.4,1779.5,-390.0,2029.11,-19.22,True,Active,hafsa,None,Normal,1: Walking
1790602558.6416912,15439,Person A,-729.1,1809.2,-390.0,2062.44,-18.31,True,Active,hafsa,None,Normal,1: Walking
1790602558.719564,15440,Person A,-710.3,1840.9,-320.0,2098.19,-17.42,True,Active,hafsa,None,Normal,1: Walking
1790602558.8053844,15441,Person A,-692.5,1873.9,-240.0,2127.15,-16.83,True,Active,hafsa,None,Normal,1: Walking
1790602558.9098556,15442,Person A,-674.1,1906.2,-80.0,2144.2,-15.92,True,Active,hafsa,None,Normal,1: Walking
1790602558.9908738,15443,Person A,-654.8,1937.3,-80.0,2156.89,-14.94,True,Active,hafsa,None,Normal,1: Walking
1790602559.0847309,15444,Person A,-635.3,1965.7,-80.0,2141.42,-14.52,True,Active,hafsa,None,Normal,1: Walking
1790602559.1735077,15445,Person A,-616.1,1990.4,-80.0,2129.5,-14.36,True,Active,hafsa,None,Normal,1: Walking
1790602559.279953,15446,Person A,-597.5,2013.7,-80.0,2133.35,-14.11,True,Active,hafsa,None,Normal,1: Walking
1790602559.3433666,15447,Person A,-580.1,2036.0,0.0,2158.6,-13.72,True,Active,hafsa,None,Normal,1: Walking
1790602559.4414485,15448,Person A,-562.8,2058.8,0.0,2200.4,-13.0,True,Active,hafsa,None,Normal,1: Walking
1790602559.518009,15449,Person A,-545.5,2083.0,0.0,2250.69,-12.18,True,Active,hafsa,None,Normal,1: Walking
1790602559.6080074,15450,Person A,-528.3,2108.9,0.0,2306.52,-11.4,True,Active,hafsa,None,Normal,1: Walking
1790602559.709399,15451,Person A,-509.4,2133.5,0.0,2321.61,-10.6,True,Active,hafsa,None,Normal,1: Walking
1790602559.8236032,15452,Person A,-488.6,2156.9,80.0,2327.23,-9.4,True,Active,hafsa,None,Normal,1: Walking
1790602559.9031372,15453,Person A,-462.5,2177.2,80.0,2305.95,-7.35,True,Active,hafsa,None,Normal,1: Walking
1790602559.9760244,15454,Person A,-432.3,2198.1,0.0,2294.07,-5.88,True,Active,hafsa,None,Normal,1: Walking
1790602560.0590258,15455,Person A,-401.0,2218.2,-80.0,2274.19,-5.42,True,Active,hafsa,None,Normal,1: Walking
1790602560.146351,15456,Person A,-367.3,2237.2,-80.0,2266.4,-4.63,True,Active,hafsa,None,Normal,1: Walking
1790602560.261478,15457,Person A,-331.0,2255.7,-160.0,2286.86,-3.74,True,Active,hafsa,None,Normal,1: Walking
1790602560.3474286,15458,Person A,-293.0,2271.5,-80.0,2304.87,-2.86,True,Active,hafsa,None,Normal,1: Walking
1790602560.4407866,15459,Person A,-252.5,2285.6,-80.0,2342.05,-1.71,True,Active,hafsa,None,Normal,1: Walking
1790602560.508465,15460,Person A,-209.9,2296.0,-80.0,2365.19,-0.73,True,Active,hafsa,None,Normal,1: Walking
1790602560.592615,15461,Person A,-167.8,2301.6,-80.0,2338.01,-0.15,True,Active,hafsa,None,Normal,1: Walking
1790602560.6906419,15462,Person A,-128.5,2301.9,-80.0,2299.04,0.32,True,Active,hafsa,None,Normal,1: Walking
1790602560.795936,15463,Person A,-96.1,2298.9,-80.0,2257.19,0.74,True,Active,hafsa,None,Normal,1: Walking
1790602560.8952498,15464,Person A,-67.9,2293.5,0.0,2228.5,1.21,True,Active,hafsa,None,Normal,1: Walking
1790602560.9705956,15465,Person A,-34.1,2310.3,0.0,2435.11,2.9,True,Active,hafsa,None,Normal,1: Walking
1790602561.0400581,15466,Person A,4.5,2346.0,80.0,2623.86,4.44,True,Active,hafsa,None,Normal,1: Walking
1790602561.157076,15467,Person A,44.0,2379.8,80.0,2631.52,5.36,True,Active,hafsa,None,Normal,1: Walking
1790602561.2086403,15468,Person A,83.3,2407.6,80.0,2594.93,6.15,True,Active,hafsa,None,Normal,1: Walking
1790602561.299549,15469,Person A,122.5,2427.7,80.0,2562.31,7.22,True,Active,hafsa,None,Normal,1: Walking
1790602561.3759632,15470,Person A,161.2,2438.9,80.0,2502.59,8.2,True,Active,hafsa,None,Normal,1: Walking
1790602561.476519,15471,Person A,202.2,2446.1,160.0,2443.63,9.52,True,Active,hafsa,None,Normal,1: Walking
1790602561.5779433,15472,Person A,246.0,2452.1,80.0,2401.72,10.82,True,Active,hafsa,None,Normal,1: Walking
1790602561.659143,15473,Person A,291.1,2458.3,80.0,2368.16,11.69,True,Active,hafsa,None,Normal,1: Walking
1790602561.7691116,15474,Person A,335.0,2465.1,0.0,2346.87,11.95,True,Active,hafsa,None,Normal,1: Walking
1790602561.8392296,15475,Person A,372.5,2450.7,0.0,2341.57,12.28,True,Active,hafsa,None,Normal,1: Walking
1790602561.927509,15476,Person A,405.4,2418.2,0.0,2351.96,13.07,True,Active,hafsa,None,Normal,1: Walking
1790602562.0209844,15477,Person A,436.8,2385.1,-80.0,2356.51,13.75,True,Active,hafsa,None,Normal,1: Walking
1790602562.1136472,15478,Person A,469.8,2357.4,0.0,2381.91,14.79,True,Active,hafsa,None,Normal,1: Walking
1790602562.2044792,15479,Person A,501.2,2334.3,-80.0,2396.92,15.39,True,Active,hafsa,None,Normal,1: Walking
1790602562.2979321,15480,Person A,531.5,2315.8,-80.0,2385.13,16.06,True,Active,hafsa,None,Normal,1: Walking
1790602562.3651004,15481,Person A,561.4,2301.7,80.0,2375.41,17.21,True,Active,hafsa,None,Normal,1: Walking
1790602562.487627,15482,Person A,596.7,2293.3,80.0,2412.89,19.46,True,Active,hafsa,None,Normal,1: Walking
1790602562.5571241,15483,Person A,637.9,2289.9,80.0,2452.93,21.32,True,Active,hafsa,None,Normal,1: Walking
1790602562.6443877,15484,Person A,679.5,2287.5,80.0,2444.5,21.65,True,Active,hafsa,None,Normal,1: Walking
1790602562.7310739,15485,Person A,722.3,2285.1,240.0,2446.05,22.25,True,Active,hafsa,None,Normal,1: Walking
1790602562.838476,15486,Person A,764.7,2280.4,320.0,2439.15,23.08,True,Active,hafsa,None,Normal,1: Walking
1790602562.925506,15487,Person A,807.0,2273.4,390.0,2426.98,23.89,True,Active,hafsa,None,Normal,1: Walking
1790602563.0160794,15488,Person A,845.1,2262.1,480.0,2402.96,24.3,True,Active,hafsa,None,Normal,1: Walking
1790602563.1160264,15489,Person A,879.6,2246.6,480.0,2368.69,24.47,True,Active,hafsa,None,Normal,1: Walking
1790602563.1852798,15490,Person A,911.3,2229.6,240.0,2336.11,24.72,True,Active,hafsa,None,Normal,1: Walking
1790602563.256363,15491,Person A,942.2,2213.8,240.0,2341.04,25.61,True,Active,hafsa,None,Normal,1: Walking
1790602563.3871841,15492,Person A,964.8,2196.7,240.0,2342.59,26.08,True,Active,hafsa,None,Normal,1: Walking
1790602563.4737368,15493,Person A,977.9,2178.4,160.0,2337.72,25.95,True,Active,hafsa,None,Normal,1: Walking
1790602563.559055,15494,Person A,988.6,2159.6,160.0,2315.41,25.83,True,Active,hafsa,None,Normal,1: Walking
1790602563.629373,15495,Person A,996.4,2139.4,160.0,2293.44,25.96,True,Active,hafsa,None,Normal,1: Walking
1790602563.7080653,15496,Person A,999.9,2117.9,160.0,2258.08,26.03,True,Active,hafsa,None,Normal,1: Walking
1790602563.804546,15497,Person A,999.2,2093.4,240.0,2202.1,26.31,True,Active,hafsa,None,Normal,1: Walking
1790602563.883224,15498,Person A,999.3,2068.1,320.0,2175.33,27.07,True,Active,hafsa,None,Normal,1: Walking
