timestamp,sequence_id,target_id,x_mm,y_mm,speed_mms,distance_mm,angle_deg,valid,status,volunteer_id,fall_subtype,pace_variant,action_label
1790646636.8473816,19410,Person 6,748.7,892.7,-240.0,1413.45,41.9,True,Active,hafsa,None,Normal,1: Walking
1790646636.9081101,19411,Person 6,783.3,926.2,-240.0,1425.79,40.82,True,Active,hafsa,None,Normal,1: Walking
1790646636.9615347,19412,Person 6,814.0,957.8,-240.0,1433.16,39.37,True,Active,hafsa,None,Normal,1: Walking
1790646637.0131097,19413,Person 6,839.2,988.9,-240.0,1437.77,37.74,True,Active,hafsa,None,Normal,1: Walking
1790646637.0856555,19414,Person 6,858.6,1020.6,-240.0,1454.83,36.53,True,Active,hafsa,None,Normal,1: Walking
1790646637.15825,19415,Person 6,872.2,1052.6,-320.0,1466.12,35.34,True,Active,hafsa,None,Normal,1: Walking
1790646637.2387142,19416,Person 6,879.8,1085.4,-320.0,1478.32,34.11,True,Active,hafsa,None,Normal,1: Walking
1790646637.3218033,19417,Person 6,880.9,1118.1,-320.0,1501.05,33.34,True,Active,hafsa,None,Normal,1: Walking
1790646637.3985047,19418,Person 6,877.0,1150.7,-480.0,1522.89,32.67,True,Active,hafsa,None,Normal,1: Walking
1790646637.4825945,19419,Person 6,867.3,1181.6,-480.0,1548.66,31.88,True,Active,hafsa,None,Normal,1: Walking
1790646637.548188,19420,Person 6,855.1,1211.9,-390.0,1584.84,31.24,True,Active,hafsa,None,Normal,1: Walking
1790646637.6124291,19421,Person 6,846.0,1243.9,-240.0,1632.32,31.01,True,Active,hafsa,None,Normal,1: Walking
1790646637.7002804,19422,Person 6,841.2,1276.2,-320.0,1670.05,31.03,True,Active,hafsa,None,Normal,1: Walking
1790646637.8005724,19423,Person 6,843.8,1309.2,-240.0,1724.22,31.7,True,Active,hafsa,None,Normal,1: Walking
1790646637.864139,19424,Person 6,856.0,1343.0,-240.0,1802.0,33.25,True,Active,hafsa,None,Normal,1: Walking
1790646637.9419103,19425,Person 6,877.7,1378.0,-240.0,1877.32,34.56,True,Active,hafsa,None,Normal,1: Walking
1790646638.0162814,19426,Person 6,909.5,1416.4,-320.0,1975.16,35.5,True,Active,hafsa,None,Normal,1: Walking
1790646638.091397,19427,Person 6,949.9,1458.1,-320.0,2074.29,36.33,True,Active,hafsa,None,Normal,1: Walking
1790646638.161255,19428,Person 6,996.5,1504.0,-320.0,2165.65,36.49,True,Active,hafsa,None,Normal,1: Walking
1790646638.2412195,19429,Person 6,1046.4,1552.3,-320.0,2228.74,36.22,True,Active,hafsa,None,Normal,1: Walking
1790646638.3247757,19430,Person 6,1095.7,1601.2,-240.0,2264.85,35.49,True,Active,hafsa,None,Normal,1: Walking
1790646638.4164906,19431,Person 6,1139.1,1651.6,-560.0,2290.64,33.82,True,Active,hafsa,None,Normal,1: Walking
1790646638.4885023,19432,Person 6,1174.3,1701.9,-160.0,2282.92,32.1,True,Active,hafsa,None,Normal,1: Walking
1790646638.5702198,19433,Person 6,1199.9,1750.3,-240.0,2270.82,30.78,True,Active,hafsa,None,Normal,1: Walking
1790646638.6329458,19434,Person 6,1211.1,1795.4,-240.0,2245.83,29.33,True,Active,hafsa,None,Normal,1: Walking
1790646638.7028997,19435,Person 6,1210.1,1838.3,-320.0,2239.12,28.11,True,Active,hafsa,None,Normal,1: Walking
1790646638.8209817,19436,Person 6,1198.0,1876.9,-480.0,2242.48,27.23,True,Active,hafsa,None,Normal,1: Walking
1790646638.8859217,19437,Person 6,1184.9,1913.1,-390.0,2310.56,28.37,True,Active,hafsa,None,Normal,1: Walking
1790646638.956555,19438,Person 6,1176.2,1946.1,-480.0,2394.04,30.11,True,Active,hafsa,None,Normal,1: Walking
1790646639.050433,19439,Person 6,1173.6,1977.5,-240.0,2475.32,31.44,True,Active,hafsa,None,Normal,1: Walking
1790646639.1709738,19440,Person 6,1166.3,2006.3,-320.0,2467.38,30.22,True,Active,hafsa,None,Normal,1: Walking
1790646639.2615516,19441,Person 6,1156.9,2032.5,-160.0,2466.17,28.61,True,Active,hafsa,None,Normal,1: Walking
1790646639.3224277,19442,Person 6,1144.9,2057.5,-80.0,2442.23,26.59,True,Active,hafsa,None,Normal,1: Walking
1790646639.3938107,19443,Person 6,1128.3,2081.3,-80.0,2404.94,24.47,True,Active,hafsa,None,Normal,1: Walking
1790646639.481365,19444,Person 6,1109.9,2106.5,0.0,2392.31,22.51,True,Active,hafsa,None,Normal,1: Walking
1790646639.5936499,19445,Person 6,1090.9,2131.6,80.0,2388.16,21.24,True,Active,hafsa,None,Normal,1: Walking
1790646639.675281,19446,Person 6,1068.4,2155.5,80.0,2372.32,19.73,True,Active,hafsa,None,Normal,1: Walking
1790646639.7591074,19447,Person 6,1030.7,2177.7,80.0,2367.46,17.73,True,Active,hafsa,None,Normal,1: Walking
1790646639.8513637,19448,Person 6,975.5,2196.3,160.0,2348.46,16.04,True,Active,hafsa,None,Normal,1: Walking
1790646639.9349594,19449,Person 6,906.2,2210.1,240.0,2328.11,14.88,True,Active,hafsa,None,Normal,1: Walking
1790646640.0590498,19450,Person 6,836.3,2221.4,80.0,2309.73,13.6,True,Active,hafsa,None,Normal,1: Walking
1790646640.141204,19451,Person 6,768.0,2229.0,80.0,2295.67,12.53,True,Active,hafsa,None,Normal,1: Walking
1790646640.2470324,19452,Person 6,704.4,2233.7,80.0,2277.33,11.58,True,Active,hafsa,None,Normal,1: Walking
1790646640.3352566,19453,Person 6,644.8,2235.6,80.0,2243.94,10.27,True,Active,hafsa,None,Normal,1: Walking
1790646640.4530997,19454,Person 6,587.3,2232.6,80.0,2206.51,8.89,True,Active,hafsa,None,Normal,1: Walking
1790646640.530453,19455,Person 6,529.2,2228.4,80.0,2202.39,7.41,True,Active,hafsa,None,Normal,1: Walking
1790646640.6477418,19456,Person 6,472.0,2224.5,80.0,2205.92,5.96,True,Active,hafsa,None,Normal,1: Walking
1790646640.7375283,19457,Person 6,414.7,2219.8,240.0,2212.95,3.83,True,Active,hafsa,None,Normal,1: Walking
1790646640.8218632,19458,Person 6,359.0,2214.1,-80.0,2201.92,2.39,True,Active,hafsa,None,Normal,1: Walking
1790646640.8886287,19459,Person 6,302.7,2209.5,80.0,2204.28,0.91,True,Active,hafsa,None,Normal,1: Walking
1790646640.9764223,19460,Person 6,244.8,2205.3,240.0,2203.29,-0.94,True,Active,hafsa,None,Normal,1: Walking
1790646641.0600057,19461,Person 6,186.5,2201.2,80.0,2201.64,-2.21,True,Active,hafsa,None,Normal,1: Walking
1790646641.1644254,19462,Person 6,130.0,2197.5,160.0,2196.66,-2.82,True,Active,hafsa,None,Normal,1: Walking
1790646641.2611356,19463,Person 6,75.6,2194.7,320.0,2184.75,-3.78,True,Active,hafsa,None,Normal,1: Walking
1790646641.3566628,19464,Person 6,25.2,2193.6,240.0,2175.12,-4.3,True,Active,hafsa,None,Normal,1: Walking
1790646641.4332442,19465,Person 6,-20.5,2191.5,160.0,2169.91,-4.57,True,Active,hafsa,None,Normal,1: Walking
1790646641.511712,19466,Person 6,-62.1,2187.8,320.0,2165.09,-4.95,True,Active,hafsa,None,Normal,1: Walking
1790646641.5784307,19467,Person 6,-97.3,2181.6,240.0,2155.67,-5.43,True,Active,hafsa,None,Normal,1: Walking
1790646641.6563177,19468,Person 6,-129.9,2174.7,390.0,2143.81,-6.27,True,Active,hafsa,None,Normal,1: Walking
1790646641.7325895,19469,Person 6,-164.2,2163.9,480.0,2118.51,-8.36,True,Active,hafsa,None,Normal,1: Walking
1790646641.816299,19470,Person 6,-198.2,2149.4,320.0,2092.07,-10.35,True,Active,hafsa,None,Normal,1: Walking
1790646641.9030418,19471,Person 6,-232.0,2131.5,160.0,2064.79,-11.82,True,Active,hafsa,None,Normal,1: Walking
1790646642.0025206,19472,Person 6,-266.8,2110.7,80.0,2037.68,-12.93,True,Active,hafsa,None,Normal,1: Walking
1790646642.076378,19473,Person 6,-299.6,2087.2,-80.0,2001.45,-13.64,True,Active,hafsa,None,Normal,1: Walking
1790646642.1596909,19474,Person 6,-331.5,2063.1,-80.0,1987.34,-14.04,True,Active,hafsa,None,Normal,1: Walking
1790646642.3038528,19475,Person 6,-362.3,2041.0,-160.0,2000.68,-13.91,True,Active,hafsa,None,Normal,1: Walking
1790646642.3892858,19476,Person 6,-391.2,2020.0,-240.0,2004.34,-13.74,True,Active,hafsa,None,Normal,1: Walking
1790646642.4893463,19477,Person 6,-417.5,2000.7,-390.0,2008.06,-13.45,True,Active,hafsa,None,Normal,1: Walking
1790646642.5516772,19478,Person 6,-440.0,1983.4,-320.0,2011.08,-13.19,True,Active,hafsa,None,Normal,1: Walking
1790646642.6248298,19479,Person 6,-454.0,1970.3,-240.0,2015.42,-12.84,True,Active,hafsa,None,Normal,1: Walking
1790646642.711999,19480,Person 6,-460.0,1961.5,-160.0,2017.67,-12.48,True,Active,hafsa,None,Normal,1: Walking
1790646642.804512,19481,Person 6,-460.0,1956.6,-160.0,2016.86,-12.11,True,Active,hafsa,None,Normal,1: Walking
1790646642.889392,19482,Person 6,-455.1,1955.4,-160.0,2015.52,-11.65,True,Active,hafsa,None,Normal,1: Walking
1790646642.9781518,19483,Person 6,-446.9,1958.3,-160.0,2012.16,-11.18,True,Active,hafsa,None,Normal,1: Walking
1790646643.0556662,19484,Person 6,-432.5,1963.3,-160.0,2006.67,-9.7,True,Active,hafsa,None,Normal,1: Walking
1790646643.155959,19485,Person 6,-412.4,1968.3,-80.0,2011.58,-8.0,True,Active,hafsa,None,Normal,1: Walking
1790646643.2410445,19486,Person 6,-387.3,1974.6,-160.0,2022.55,-6.39,True,Active,hafsa,None,Normal,1: Walking
1790646643.3362799,19487,Person 6,-353.8,1984.6,-560.0,2057.24,-3.68,True,Active,hafsa,None,Normal,1: Walking
1790646643.4143403,19488,Person 6,-313.0,1996.9,-320.0,2081.62,-1.4,True,Active,hafsa,None,Normal,1: Walking
1790646643.494261,19489,Person 6,-266.2,2010.5,-640.0,2101.1,0.55,True,Active,hafsa,None,Normal,1: Walking
1790646643.6238806,19490,Person 6,-212.9,2026.1,-720.0,2128.21,2.61,True,Active,hafsa,None,Normal,1: Walking
1790646643.6734827,19491,Person 6,-153.6,2044.8,-560.0,2165.68,4.5,True,Active,hafsa,None,Normal,1: Walking
1790646643.7901511,19492,Person 6,-87.4,2066.8,-160.0,2208.77,6.63,True,Active,hafsa,None,Normal,1: Walking
1790646643.8694267,19493,Person 6,-16.1,2092.1,-240.0,2250.3,8.25,True,Active,hafsa,None,Normal,1: Walking
1790646643.9417667,19494,Person 6,56.4,2119.1,-160.0,2281.07,9.77,True,Active,hafsa,None,Normal,1: Walking
1790646644.0477989,19495,Person 6,129.7,2147.2,-80.0,2317.7,11.27,True,Active,hafsa,None,Normal,1: Walking
1790646644.1526973,19496,Person 6,205.2,2176.0,240.0,2358.33,12.99,True,Active,hafsa,None,Normal,1: Walking
1790646644.2353678,19497,Person 6,276.9,2201.2,160.0,2378.08,14.24,True,Active,hafsa,None,Normal,1: Walking
1790646644.3140798,19498,Person 6,344.6,2221.9,240.0,2372.09,15.3,True,Active,hafsa,None,Normal,1: Walking
1790646644.3912213,19499,Person 6,410.5,2239.3,390.0,2374.17,16.62,True,Active,hafsa,None,Normal,1: Walking
1790646644.5062692,19500,Person 6,472.9,2253.1,560.0,2376.03,17.66,True,Active,hafsa,None,Normal,1: Walking
1790646644.5968804,19501,Person 6,530.8,2260.3,80.0,2353.37,18.56,True,Active,hafsa,None,Normal,1: Walking
1790646644.7711923,19502,Person 6,584.3,2260.5,720.0,2333.78,19.79,True,Active,hafsa,None,Normal,1: Walking
1790646644.8415008,19503,Person 6,634.4,2253.4,390.0,2308.1,20.92,True,Active,hafsa,None,Normal,1: Walking
1790646644.9252264,19504,Person 6,682.9,2240.6,480.0,2292.33,22.36,True,Active,hafsa,None,Normal,1: Walking
1790646645.0051315,19505,Person 6,728.9,2223.0,480.0,2287.13,23.53,True,Active,hafsa,None,Normal,1: Walking
1790646645.092531,19506,Person 6,772.7,2201.2,560.0,2294.22,24.96,True,Active,hafsa,None,Normal,1: Walking
1790646645.1635644,19507,Person 6,814.2,2175.1,320.0,2275.51,26.07,True,Active,hafsa,None,Normal,1: Walking
1790646645.2448547,19508,Person 6,857.2,2148.5,480.0,2281.14,27.58,True,Active,hafsa,None,Normal,1: Walking
1790646645.3104403,19509,Person 6,898.1,2121.4,390.0,2280.3,28.5,True,Active,hafsa,None,Normal,1: Walking
1790646645.4115849,19510,Person 6,938.7,2091.4,480.0,2264.38,29.85,True,Active,hafsa,None,Normal,1: Walking
1790646645.4967566,19511,Person 6,977.7,2060.1,480.0,2230.71,30.7,True,Active,hafsa,None,Normal,1: Walking
1790646645.5876348,19512,Person 6,1011.8,2027.4,480.0,2184.56,31.18,True,Active,hafsa,None,Normal,1: Walking
1790646645.6493597,19513,Person 6,1039.4,1993.7,390.0,2125.74,31.16,True,Active,hafsa,None,Normal,1: Walking
1790646645.7228148,19514,Person 6,1060.1,1958.3,390.0,2069.54,31.42,True,Active,hafsa,None,Normal,1: Walking
1790646645.8441477,19515,Person 6,1076.1,1919.9,480.0,2021.31,32.06,True,Active,hafsa,None,Normal,1: Walking
1790646645.9255834,19516,Person 6,1086.1,1878.0,560.0,1974.73,32.74,True,Active,hafsa,None,Normal,1: Walking
1790646646.0184698,19517,Person 6,1093.1,1834.6,640.0,1933.13,33.61,True,Active,hafsa,None,Normal,1: Walking
1790646646.1012766,19518,Person 6,1094.7,1789.1,560.0,1898.6,34.38,True,Active,hafsa,None,Normal,1: Walking
1790646646.1827316,19519,Person 6,1094.1,1740.9,390.0,1867.41,35.41,True,Active,hafsa,None,Normal,1: Walking
1790646646.265283,19520,Person 6,1089.0,1692.8,390.0,1832.23,35.96,True,Active,hafsa,None,Normal,1: Walking
1790646646.3615003,19521,Person 6,1080.8,1645.8,320.0,1792.75,36.13,True,Active,hafsa,None,Normal,1: Walking
1790646646.4576662,19522,Person 6,1071.0,1601.1,240.0,1757.6,36.0,True,Active,hafsa,None,Normal,1: Walking
1790646646.5576067,19523,Person 6,1062.0,1557.6,480.0,1713.35,36.12,True,Active,hafsa,None,Normal,1: Walking
1790646646.6332548,19524,Person 6,1053.2,1515.1,640.0,1667.44,36.46,True,Active,hafsa,None,Normal,1: Walking
1790646646.6885808,19525,Person 6,1042.8,1473.6,640.0,1619.8,36.74,True,Active,hafsa,None,Normal,1: Walking
1790646646.8057227,19526,Person 6,1030.4,1433.5,560.0,1574.4,36.84,True,Active,hafsa,None,Normal,1: Walking
1790646646.8854804,19527,Person 6,1014.7,1393.6,640.0,1516.6,37.01,True,Active,hafsa,None,Normal,1: Walking
1790646646.9720714,19528,Person 6,995.4,1352.7,560.0,1453.82,37.2,True,Active,hafsa,None,Normal,1: Walking
1790646647.070988,19529,Person 6,971.4,1311.8,480.0,1395.61,37.11,True,Active,hafsa,None,Normal,1: Walking
1790646647.1615775,19530,Person 6,943.4,1270.6,390.0,1334.41,36.62,True,Active,hafsa,None,Normal,1: Walking
1790646647.2388537,19531,Person 6,912.5,1228.9,240.0,1273.76,35.96,True,Active,hafsa,None,Normal,1: Walking
1790646647.3427393,19532,Person 6,878.7,1187.3,160.0,1222.73,34.64,True,Active,hafsa,None,Normal,1: Walking
1790646647.4392333,19533,Person 6,842.1,1148.8,80.0,1188.59,32.81,True,Active,hafsa,None,Normal,1: Walking
1790646647.5408108,19534,Person 6,803.9,1113.4,160.0,1159.76,31.68,True,Active,hafsa,None,Normal,1: Walking
1790646647.6136103,19535,Person 6,765.0,1080.7,160.0,1131.04,30.85,True,Active,hafsa,None,Normal,1: Walking
1790646647.702872,19536,Person 6,725.7,1050.2,160.0,1102.55,29.98,True,Active,hafsa,None,Normal,1: Walking
1790646647.7894888,19537,Person 6,687.4,1024.4,-160.0,1090.46,29.08,True,Active,hafsa,None,Normal,1: Walking
1790646647.8686574,19538,Person 6,649.0,1006.3,-160.0,1095.24,26.87,True,Active,hafsa,None,Normal,1: Walking
1790646647.9495232,19539,Person 6,610.6,996.0,-160.0,1108.99,24.39,True,Active,hafsa,None,Normal,1: Walking
1790646648.0507123,19540,Person 6,572.6,990.2,-80.0,1095.09,22.33,True,Active,hafsa,None,Normal,1: Walking
1790646648.1281354,19541,Person 6,534.6,988.5,-80.0,1078.71,19.95,True,Active,hafsa,None,Normal,1: Walking
1790646648.2183194,19542,Person 6,496.5,989.6,-80.0,1064.37,17.16,True,Active,hafsa,None,Normal,1: Walking
1790646648.3024783,19543,Person 6,457.2,991.7,-320.0,1050.43,13.82,True,Active,hafsa,None,Normal,1: Walking
1790646648.391268,19544,Person 6,414.4,995.9,-390.0,1044.8,9.98,True,Active,hafsa,None,Normal,1: Walking
1790646648.486783,19545,Person 6,367.8,1003.1,-390.0,1049.21,6.24,True,Active,hafsa,None,Normal,1: Walking
1790646648.5774617,19546,Person 6,318.4,1013.4,-480.0,1059.53,3.08,True,Active,hafsa,None,Normal,1: Walking
1790646648.6730485,19547,Person 6,266.4,1025.6,-480.0,1075.05,0.53,True,Active,hafsa,None,Normal,1: Walking
1790646648.7579076,19548,Person 6,216.0,1036.8,-390.0,1089.04,-0.47,True,Active,hafsa,None,Normal,1: Walking
1790646648.8531904,19549,Person 6,166.7,1046.6,-320.0,1108.55,-1.81,True,Active,hafsa,None,Normal,1: Walking
1790646648.930129,19550,Person 6,119.6,1057.7,-160.0,1125.34,-2.8,True,Active,hafsa,None,Normal,1: Walking
1790646649.025617,19551,Person 6,74.2,1070.9,-80.0,1149.22,-4.29,True,Active,hafsa,None,Normal,1: Walking
1790646649.1057024,19552,Person 6,30.2,1087.0,160.0,1184.72,-6.11,True,Active,hafsa,None,Normal,1: Walking
1790646649.203014,19553,Person 6,-11.5,1104.2,390.0,1203.5,-7.93,True,Active,hafsa,None,Normal,1: Walking
1790646649.304302,19554,Person 6,-51.3,1120.5,560.0,1211.59,-10.32,True,Active,hafsa,None,Normal,1: Walking
1790646649.417198,19555,Person 6,-89.1,1134.0,560.0,1207.22,-12.63,True,Active,hafsa,None,Normal,1: Walking
1790646649.496247,19556,Person 6,-123.5,1143.2,320.0,1185.27,-14.01,True,Active,hafsa,None,Normal,1: Walking
1790646649.5803668,19557,Person 6,-154.5,1147.8,240.0,1160.45,-14.98,True,Active,hafsa,None,Normal,1: Walking
1790646649.6590564,19558,Person 6,-184.0,1148.5,160.0,1137.38,-15.5,True,Active,hafsa,None,Normal,1: Walking
1790646649.7293434,19559,Person 6,-213.2,1144.8,160.0,1119.81,-16.98,True,Active,hafsa,None,Normal,1: Walking
1790646649.8300438,19560,Person 6,-241.6,1137.9,0.0,1108.13,-17.81,True,Active,hafsa,None,Normal,1: Walking
1790646649.925052,19561,Person 6,-267.3,1127.7,-160.0,1098.9,-18.19,True,Active,hafsa,None,Normal,1: Walking
1790646650.0221856,19562,Person 6,-290.5,1113.0,-160.0,1091.39,-19.15,True,Active,hafsa,None,Normal,1: Walking
1790646650.1219594,19563,Person 6,-314.8,1094.0,-240.0,1082.26,-22.2,True,Active,hafsa,None,Normal,1: Walking
1790646650.183754,19564,Person 6,-340.1,1071.3,-240.0,1073.37,-25.97,True,Active,hafsa,None,Normal,1: Walking
1790646650.277949,19565,Person 6,-367.1,1046.5,-240.0,1072.41,-29.86,True,Active,hafsa,None,Normal,1: Walking
1790646650.3675222,19566,Person 6,-397.9,1020.9,-160.0,1073.9,-33.65,True,Active,hafsa,None,Normal,1: Walking
1790646650.4573247,19567,Person 6,-432.8,994.9,-160.0,1078.2,-37.01,True,Active,hafsa,None,Normal,1: Walking
1790646650.5321047,19568,Person 6,-472.4,968.5,-160.0,1087.3,-40.08,True,Active,hafsa,None,Normal,1: Walking
1790646650.6165862,19569,Person 6,-515.3,940.6,-80.0,1094.9,-43.67,True,Active,hafsa,None,Normal,1: Walking
1790646650.7105749,19570,Person 6,-561.6,911.5,-80.0,1107.66,-46.39,True,Active,hafsa,None,Normal,1: Walking
1790646650.7934577,19571,Person 6,-611.3,880.2,-80.0,1113.54,-48.97,True,Active,hafsa,None,Normal,1: Walking
1790646650.910916,19572,Person 6,-663.1,846.8,-80.0,1119.46,-51.49,True,Active,hafsa,None,Normal,1: Walking
1790646651.0022821,19573,Person 6,-713.0,812.6,80.0,1122.53,-53.99,True,Active,hafsa,None,Normal,1: Walking
1790646651.0918033,19574,Person 6,-759.6,778.5,80.0,1124.93,-56.31,True,Active,hafsa,None,Normal,1: Walking
1790646651.1764085,19575,Person 6,-802.4,744.5,80.0,1128.51,-58.48,True,Active,hafsa,None,Normal,1: Walking
1790646651.2668624,19576,Person 6,-841.3,711.0,80.0,1131.7,-60.4,True,Active,hafsa,None,Normal,1: Walking
1790646651.3672318,19577,Person 6,-841.3,711.0,80.0,1131.7,-60.4,True,Predicted,hafsa,None,Normal,1: Walking
1790646651.4693866,19578,Person 6,-841.3,711.0,80.0,1131.7,-60.4,True,Predicted,hafsa,None,Normal,1: Walking
1790646651.5568998,19579,Person 6,-841.3,711.0,80.0,1131.7,-60.4,True,Predicted,hafsa,None,Normal,1: Walking
1790646651.6431813,19580,Person 6,-841.3,711.0,80.0,1131.7,-60.4,True,Predicted,hafsa,None,Normal,1: Walking
1790646651.7284858,19581,Person 6,-841.3,711.0,80.0,1131.7,-60.4,True,Predicted,hafsa,None,Normal,1: Walking
1790646651.816082,19582,Person 6,-841.3,711.0,80.0,1131.7,-60.4,True,Predicted,hafsa,None,Normal,1: Walking
1790646651.880917,19583,Person 6,-841.3,711.0,80.0,1131.7,-60.4,True,Predicted,hafsa,None,Normal,1: Walking
1790646651.9569502,19584,Person 6,-841.3,711.0,80.0,1131.7,-60.4,True,Predicted,hafsa,None,Normal,1: Walking
1790646652.07849,19585,Person 6,-841.3,711.0,80.0,1131.7,-60.4,True,Predicted,hafsa,None,Normal,1: Walking
1790646652.1425805,19586,Person 6,-841.3,711.0,80.0,1131.7,-60.4,True,Predicted,hafsa,None,Normal,1: Walking
1790646652.240259,19587,Person 6,-841.3,711.0,80.0,1131.7,-60.4,True,Predicted,hafsa,None,Normal,1: Walking
1790646652.3187375,19588,Person 6,-841.3,711.0,80.0,1131.7,-60.4,True,Predicted,hafsa,None,Normal,1: Walking
1790646652.3967543,19589,Person 6,-841.3,711.0,80.0,1131.7,-60.4,True,Predicted,hafsa,None,Normal,1: Walking
1790646652.4990382,19590,Person 6,-841.3,711.0,80.0,1131.7,-60.4,True,Predicted,hafsa,None,Normal,1: Walking
1790646652.5937352,19591,Person 6,-841.3,711.0,80.0,1131.7,-60.4,True,Predicted,hafsa,None,Normal,1: Walking
1790646652.6805398,19592,Person 6,-841.3,711.0,80.0,1131.7,-60.4,True,Searching,hafsa,None,Normal,1: Walking
1790646652.7776606,19593,Person 6,-841.3,711.0,80.0,1131.7,-60.4,True,Searching,hafsa,None,Normal,1: Walking
1790646652.8478692,19594,Person 6,-841.3,711.0,80.0,1131.7,-60.4,True,Searching,hafsa,None,Normal,1: Walking
1790646652.9446313,19595,Person 6,-841.3,711.0,80.0,1131.7,-60.4,True,Searching,hafsa,None,Normal,1: Walking
1790646653.0235195,19596,Person 6,-841.3,711.0,80.0,1131.7,-60.4,True,Searching,hafsa,None,Normal,1: Walking
1790646653.1156049,19597,Person 6,-841.3,711.0,80.0,1131.7,-60.4,True,Searching,hafsa,None,Normal,1: Walking
1790646653.1961424,19598,Person 6,-841.3,711.0,80.0,1131.7,-60.4,True,Searching,hafsa,None,Normal,1: Walking
1790646653.2852533,19599,Person 6,-1130.0,762.0,-320.0,1362.92,-56.01,True,Active,hafsa,None,Normal,1: Walking
1790646653.4157412,19600,Person 6,-1130.5,765.0,-160.0,1367.11,-55.82,True,Active,hafsa,None,Normal,1: Walking
1790646653.5072594,19601,Person 6,-1131.33,767.67,-80.0,1371.58,-55.7,True,Active,hafsa,None,Normal,1: Walking
1790646653.58988,19602,Person 6,-1131.75,770.5,80.0,1374.97,-55.49,True,Active,hafsa,None,Normal,1: Walking
1790646653.6898549,19603,Person 6,-1131.6,773.6,-80.0,1377.3,-55.2,True,Active,hafsa,None,Normal,1: Walking
1790646653.775144,19604,Person 6,-1131.0,776.83,-160.0,1378.85,-54.89,True,Active,hafsa,None,Normal,1: Walking
1790646653.8951933,19605,Person 6,-1130.14,780.29,-80.0,1381.02,-54.55,True,Active,hafsa,None,Normal,1: Walking
1790646653.9759154,19606,Person 6,-1129.0,783.88,-160.0,1382.43,-54.18,True,Active,hafsa,None,Normal,1: Walking
1790646654.0751066,19607,Person 6,-1127.33,788.0,-240.0,1383.85,-53.61,True,Active,hafsa,None,Normal,1: Walking
1790646654.1770043,19608,Person 6,-1125.2,792.9,-160.0,1387.01,-52.88,True,Active,hafsa,None,Normal,1: Walking
1790646654.2762604,19609,Person 6,-1121.0,804.2,-80.0,1396.2,-51.19,True,Active,hafsa,None,Normal,1: Walking
1790646654.355605,19610,Person 6,-1115.0,817.9,-80.0,1402.16,-49.8,True,Active,hafsa,None,Normal,1: Walking
1790646654.4617796,19611,Person 6,-1107.3,833.6,-80.0,1407.14,-48.63,True,Active,hafsa,None,Normal,1: Walking
1790646654.5390356,19612,Person 6,-1098.0,851.0,-80.0,1410.61,-47.5,True,Active,hafsa,None,Normal,1: Walking
1790646654.6051676,19613,Person 6,-1086.7,869.8,-80.0,1408.9,-46.27,True,Active,hafsa,None,Normal,1: Walking
1790646654.6564121,19614,Person 6,-1073.0,890.4,-80.0,1407.15,-44.77,True,Active,hafsa,None,Normal,1: Walking
1790646654.7144732,19615,Person 6,-1056.9,912.6,-160.0,1405.64,-43.3,True,Active,hafsa,None,Normal,1: Walking
1790646654.808095,19616,Person 6,-1038.6,937.6,-80.0,1414.68,-41.53,True,Active,hafsa,None,Normal,1: Walking
1790646654.8992286,19617,Person 6,-1018.3,964.6,-240.0,1421.34,-39.86,True,Active,hafsa,None,Normal,1: Walking
1790646654.987781,19618,Person 6,-993.5,995.3,-320.0,1430.0,-36.87,True,Active,hafsa,None,Normal,1: Walking
1790646655.0635924,19619,Person 6,-965.1,1027.0,-320.0,1437.8,-34.0,True,Active,hafsa,None,Normal,1: Walking
1790646655.1802268,19620,Person 6,-933.4,1061.0,-390.0,1455.52,-31.2,True,Active,hafsa,None,Normal,1: Walking
1790646655.281951,19621,Person 6,-899.6,1097.8,-480.0,1483.35,-28.95,True,Active,hafsa,None,Normal,1: Walking
1790646655.3590918,19622,Person 6,-865.6,1137.1,-560.0,1517.14,-27.48,True,Active,hafsa,None,Normal,1: Walking
1790646655.4582975,19623,Person 6,-832.6,1178.9,-560.0,1552.74,-26.3,True,Active,hafsa,None,Normal,1: Walking
1790646655.5290737,19624,Person 6,-801.0,1222.2,-480.0,1583.11,-25.24,True,Active,hafsa,None,Normal,1: Walking
1790646655.6373906,19625,Person 6,-769.9,1267.5,-320.0,1614.0,-23.87,True,Active,hafsa,None,Normal,1: Walking
1790646655.6926546,19626,Person 6,-740.2,1313.8,-390.0,1651.47,-22.84,True,Active,hafsa,None,Normal,1: Walking
1790646655.784848,19627,Person 6,-710.2,1361.9,-240.0,1686.57,-21.24,True,Active,hafsa,None,Normal,1: Walking
1790646655.8978634,19628,Person 6,-682.3,1409.7,-320.0,1722.24,-19.64,True,Active,hafsa,None,Normal,1: Walking
1790646655.97584,19629,Person 6,-656.6,1457.3,-320.0,1755.4,-18.16,True,Active,hafsa,None,Normal,1: Walking
1790646656.0362933,19630,Person 6,-633.6,1504.5,-240.0,1795.18,-16.97,True,Active,hafsa,None,Normal,1: Walking
1790646656.1746194,19631,Person 6,-610.8,1550.5,-320.0,1825.01,-15.57,True,Active,hafsa,None,Normal,1: Walking
1790646656.2373803,19632,Person 6,-585.4,1595.0,-320.0,1845.7,-13.98,True,Active,hafsa,None,Normal,1: Walking
1790646656.3257084,19633,Person 6,-555.6,1637.6,-240.0,1859.36,-12.11,True,Active,hafsa,None,Normal,1: Walking
1790646656.4068763,19634,Person 6,-522.2,1678.2,-160.0,1869.36,-10.51,True,Active,hafsa,None,Normal,1: Walking
1790646656.5156152,19635,Person 6,-487.2,1717.2,-160.0,1890.44,-9.22,True,Active,hafsa,None,Normal,1: Walking
1790646656.601436,19636,Person 6,-450.3,1754.8,-240.0,1917.39,-8.16,True,Active,hafsa,None,Normal,1: Walking
1790646656.7083511,19637,Person 6,-413.2,1790.6,-240.0,1944.87,-7.09,True,Active,hafsa,None,Normal,1: Walking
1790646656.7900288,19638,Person 6,-375.7,1824.5,-320.0,1971.58,-5.94,True,Active,hafsa,None,Normal,1: Walking
1790646656.887907,19639,Person 6,-337.8,1856.8,-390.0,1998.08,-4.82,True,Active,hafsa,None,Normal,1: Walking
1790646656.948407,19640,Person 6,-298.8,1887.4,-320.0,2027.43,-3.79,True,Active,hafsa,None,Normal,1: Walking
1790646657.0567667,19641,Person 6,-260.4,1915.8,-320.0,2044.75,-2.97,True,Active,hafsa,None,Normal,1: Walking
1790646657.1210124,19642,Person 6,-223.0,1944.7,-240.0,2081.25,-1.98,True,Active,hafsa,None,Normal,1: Walking
1790646657.2167833,19643,Person 6,-188.6,1973.5,-240.0,2106.5,-1.25,True,Active,hafsa,None,Normal,1: Walking
1790646657.2929416,19644,Person 6,-156.8,2002.4,80.0,2127.12,-0.62,True,Active,hafsa,None,Normal,1: Walking
1790646657.3932338,19645,Person 6,-125.5,2030.4,80.0,2146.02,0.27,True,Active,hafsa,None,Normal,1: Walking
1790646657.480028,19646,Person 6,-95.5,2058.1,-80.0,2175.18,0.74,True,Active,hafsa,None,Normal,1: Walking
1790646657.5652044,19647,Person 6,-69.4,2083.7,160.0,2186.1,0.55,True,Active,hafsa,None,Normal,1: Walking
1790646657.6724467,19648,Person 6,-46.1,2107.2,240.0,2196.19,0.76,True,Active,hafsa,None,Normal,1: Walking
1790646657.7583408,19649,Person 6,-25.9,2128.7,240.0,2206.26,0.88,True,Active,hafsa,None,Normal,1: Walking
1790646657.8449295,19650,Person 6,-8.7,2147.5,390.0,2211.33,0.98,True,Active,hafsa,None,Normal,1: Walking
1790646657.9369473,19651,Person 6,5.7,2164.3,320.0,2210.33,0.99,True,Active,hafsa,None,Normal,1: Walking
1790646658.0269096,19652,Person 6,16.1,2177.1,320.0,2208.23,0.83,True,Active,hafsa,None,Normal,1: Walking
1790646658.1178083,19653,Person 6,23.2,2187.1,160.0,2206.14,0.65,True,Active,hafsa,None,Normal,1: Walking
1790646658.2065263,19654,Person 6,27.4,2194.9,160.0,2205.08,0.49,True,Active,hafsa,None,Normal,1: Walking
1790646658.2954519,19655,Person 6,27.3,2200.4,80.0,2201.02,0.23,True,Active,hafsa,None,Normal,1: Walking
1790646658.389968,19656,Person 6,24.6,2202.5,240.0,2196.0,0.03,True,Active,hafsa,None,Normal,1: Walking
1790646658.459658,19657,Person 6,22.1,2202.8,240.0,2189.0,-0.1,True,Active,hafsa,None,Normal,1: Walking
1790646658.5453637,19658,Person 6,18.4,2201.7,240.0,2185.01,-0.21,True,Active,hafsa,None,Normal,1: Walking
1790646658.62288,19659,Person 6,13.8,2199.1,320.0,2180.03,-0.32,True,Active,hafsa,None,Normal,1: Walking
1790646658.7494075,19660,Person 6,8.7,2195.6,480.0,2176.04,-0.34,True,Active,hafsa,None,Normal,1: Walking
1790646658.8398771,19661,Person 6,3.9,2191.6,560.0,2170.02,-0.26,True,Active,hafsa,None,Normal,1: Walking
1790646658.9091678,19662,Person 6,0.0,2186.9,560.0,2161.01,-0.19,True,Active,hafsa,None,Normal,1: Walking
1790646658.9851596,19663,Person 6,-3.2,2181.5,80.0,2152.01,-0.19,True,Active,hafsa,None,Normal,1: Walking
1790646659.0731554,19664,Person 6,-5.4,2175.3,240.0,2143.0,-0.08,True,Active,hafsa,None,Normal,1: Walking
1790646659.1996648,19665,Person 6,-5.9,2168.2,240.0,2130.0,0.11,True,Active,hafsa,None,Normal,1: Walking
1790646659.2567368,19666,Person 6,-4.9,2160.2,160.0,2116.03,0.3,True,Active,hafsa,None,Normal,1: Walking
1790646659.3473434,19667,Person 6,-2.5,2151.3,0.0,2100.1,0.55,True,Active,hafsa,None,Normal,1: Walking
1790646659.4219382,19668,Person 6,3.0,2137.7,80.0,2049.54,1.31,True,Active,hafsa,None,Normal,1: Walking
1790646659.5054345,19669,Person 6,11.4,2120.5,0.0,2009.29,2.05,True,Active,hafsa,None,Normal,1: Walking
1790646659.6510162,19670,Person 6,22.5,2101.5,-80.0,1988.42,2.82,True,Active,hafsa,None,Normal,1: Walking
1790646659.7360198,19671,Person 6,34.4,2081.4,-240.0,1972.01,3.17,True,Active,hafsa,None,Normal,1: Walking
1790646659.8507922,19672,Person 6,46.7,2062.3,-80.0,1973.41,3.37,True,Active,hafsa,None,Normal,1: Walking
1790646659.9166372,19673,Person 6,59.6,2043.8,-80.0,1970.78,3.55,True,Active,hafsa,None,Normal,1: Walking
1790646659.9976716,19674,Person 6,72.7,2025.5,-80.0,1964.18,3.74,True,Active,hafsa,None,Normal,1: Walking
1790646660.0802507,19675,Person 6,85.6,2007.7,0.0,1956.53,3.9,True,Active,hafsa,None,Normal,1: Walking
1790646660.1793725,19676,Person 6,98.4,1990.7,80.0,1950.96,4.09,True,Active,hafsa,None,Normal,1: Walking
1790646660.2874854,19677,Person 6,111.0,1974.8,0.0,1946.48,4.3,True,Active,hafsa,None,Normal,1: Walking
1790646660.4032784,19678,Person 6,121.3,1963.5,80.0,1941.8,4.43,True,Active,hafsa,None,Normal,1: Walking
1790646660.482852,19679,Person 6,129.6,1955.7,80.0,1936.21,4.59,True,Active,hafsa,None,Normal,1: Walking
1790646660.586429,19680,Person 6,135.6,1949.5,160.0,1930.48,4.69,True,Active,hafsa,None,Normal,1: Walking
1790646660.6981864,19681,Person 6,140.9,1944.5,80.0,1925.83,4.83,True,Active,hafsa,None,Normal,1: Walking
1790646660.780517,19682,Person 6,145.4,1938.8,160.0,1919.76,4.81,True,Active,hafsa,None,Normal,1: Walking
1790646660.845005,19683,Person 6,149.2,1932.9,160.0,1914.7,4.79,True,Active,hafsa,None,Normal,1: Walking
1790646660.917819,19684,Person 6,152.5,1927.2,80.0,1909.8,4.84,True,Active,hafsa,None,Normal,1: Walking
1790646660.9805212,19685,Person 6,155.5,1921.9,80.0,1905.98,4.91,True,Active,hafsa,None,Normal,1: Walking
1790646661.0712035,19686,Person 6,158.4,1916.9,80.0,1903.43,5.06,True,Active,hafsa,None,Normal,1: Walking
1790646661.1448483,19687,Person 6,160.7,1912.2,80.0,1901.52,5.1,True,Active,hafsa,None,Normal,1: Walking
1790646661.229957,19688,Person 6,161.9,1907.8,80.0,1898.92,4.89,True,Active,hafsa,None,Normal,1: Walking
1790646661.3048527,19689,Person 6,161.7,1903.7,80.0,1895.19,4.63,True,Active,hafsa,None,Normal,1: Walking
1790646661.380434,19690,Person 6,160.8,1899.9,-80.0,1891.88,4.52,True,Active,hafsa,None,Normal,1: Walking
1790646661.483092,19691,Person 6,159.2,1896.6,-80.0,1891.64,4.43,True,Active,hafsa,None,Normal,3: Sitting down (controlled)
1790646661.5660655,19692,Person 6,157.7,1893.5,-160.0,1887.65,4.44,True,Active,hafsa,None,Normal,3: Sitting down (controlled)
1790646661.6653776,19693,Person 6,156.8,1890.1,-240.0,1880.07,4.61,True,Active,hafsa,None,Normal,3: Sitting down (controlled)
1790646661.7467053,19694,Person 6,156.1,1886.5,-240.0,1873.34,4.72,True,Active,hafsa,None,Normal,3: Sitting down (controlled)
1790646661.8425586,19695,Person 6,155.6,1882.8,-320.0,1868.69,4.85,True,Active,hafsa,None,Normal,3: Sitting down (controlled)
1790646661.9248383,19696,Person 6,154.8,1879.0,-320.0,1864.88,4.92,True,Active,hafsa,None,Normal,3: Sitting down (controlled)
1790646662.028218,19697,Person 6,154.1,1875.0,-320.0,1861.06,4.99,True,Active,hafsa,None,Normal,3: Sitting down (controlled)
1790646662.1150882,19698,Person 6,154.2,1870.9,-240.0,1858.16,5.03,True,Active,hafsa,None,Normal,3: Sitting down (controlled)
1790646662.186631,19699,Person 6,155.5,1866.9,-240.0,1856.44,5.13,True,Active,hafsa,None,Normal,3: Sitting down (controlled)
1790646662.288943,19700,Person 6,158.0,1863.0,-240.0,1855.18,5.38,True,Active,hafsa,None,Normal,3: Sitting down (controlled)
1790646662.363054,19701,Person 6,164.0,1858.6,-160.0,1853.48,6.38,True,Active,hafsa,None,Normal,3: Sitting down (controlled)
1790646662.464816,19702,Person 6,172.5,1853.8,-80.0,1848.49,7.18,True,Active,hafsa,None,Normal,3: Sitting down (controlled)
1790646662.5475402,19703,Person 6,182.2,1850.0,-80.0,1852.67,7.69,True,Active,hafsa,None,Normal,3: Sitting down (controlled)
1790646662.6456716,19704,Person 6,193.7,1846.6,0.0,1852.63,8.35,True,Active,hafsa,None,Normal,3: Sitting down (controlled)
1790646662.7362587,19705,Person 6,207.7,1843.0,0.0,1850.16,9.27,True,Active,hafsa,None,Normal,3: Sitting down (controlled)
1790646662.8197653,19706,Person 6,223.8,1839.9,-80.0,1854.99,9.97,True,Active,hafsa,None,Normal,3: Sitting down (controlled)
1790646662.9113672,19707,Person 6,242.0,1836.4,80.0,1851.24,10.71,True,Active,hafsa,None,Normal,3: Sitting down (controlled)
1790646662.9981515,19708,Person 6,261.7,1833.1,80.0,1853.3,11.2,True,Active,hafsa,None,Normal,3: Sitting down (controlled)
1790646663.074981,19709,Person 6,282.5,1829.5,80.0,1851.17,11.66,True,Active,hafsa,None,Normal,3: Sitting down (controlled)
1790646663.195195,19710,Person 6,303.9,1826.0,80.0,1853.08,12.09,True,Active,hafsa,None,Normal,3: Sitting down (controlled)
1790646663.2936547,19711,Person 6,323.1,1822.4,80.0,1849.34,12.43,True,Active,hafsa,None,Normal,3: Sitting down (controlled)
1790646663.3575573,19712,Person 6,340.9,1819.4,80.0,1849.78,12.77,True,Active,hafsa,None,Normal,3: Sitting down (controlled)
1790646663.421806,19713,Person 6,357.5,1815.9,80.0,1847.97,12.95,True,Active,hafsa,None,Normal,3: Sitting down (controlled)
1790646663.5079103,19714,Person 6,374.1,1812.1,0.0,1846.96,13.62,True,Active,hafsa,None,Normal,3: Sitting down (controlled)
1790646663.657509,19715,Person 6,388.9,1809.0,0.0,1849.58,13.95,True,Active,hafsa,None,Normal,3: Sitting down (controlled)
1790646663.7410102,19716,Person 6,401.5,1807.5,480.0,1866.32,13.86,True,Active,hafsa,None,Normal,3: Sitting down (controlled)
1790646663.845826,19717,Person 6,411.8,1807.2,-80.0,1870.2,13.83,True,Active,hafsa,None,Normal,3: Sitting down (controlled)
1790646663.9228296,19718,Person 6,422.1,1806.4,-80.0,1868.28,14.35,True,Active,hafsa,None,Normal,3: Sitting down (controlled)
1790646663.9924448,19719,Person 6,431.7,1806.1,160.0,1870.03,14.56,True,Active,hafsa,None,Normal,3: Sitting down (controlled)
1790646664.081109,19720,Person 6,440.5,1805.7,-80.0,1869.61,14.75,True,Active,hafsa,None,Normal,3: Sitting down (controlled)
1790646664.1730182,19721,Person 6,448.9,1805.7,-80.0,1869.21,14.94,True,Active,hafsa,None,Normal,3: Sitting down (controlled)
1790646664.2416003,19722,Person 6,456.9,1805.9,0.0,1871.03,15.15,True,Active,hafsa,None,Normal,3: Sitting down (controlled)
1790646664.3241427,19723,Person 6,467.7,1806.8,0.0,1883.77,16.09,True,Active,hafsa,None,Normal,3: Sitting down (controlled)
1790646664.4143472,19724,Person 6,480.8,1810.1,-80.0,1913.62,17.2,True,Active,hafsa,None,Normal,3: Sitting down (controlled)
1790646664.50733,19725,Person 6,499.4,1817.8,-80.0,1975.81,18.66,True,Active,hafsa,None,Normal,3: Sitting down (controlled)
1790646664.5952952,19726,Person 6,524.1,1828.8,-80.0,2043.46,19.85,True,Active,hafsa,None,Normal,3: Sitting down (controlled)
1790646664.674119,19727,Person 6,554.4,1844.5,-80.0,2110.74,20.81,True,Active,hafsa,None,Normal,3: Sitting down (controlled)
1790646664.764869,19728,Person 6,582.2,1864.0,0.0,2137.55,20.28,True,Active,hafsa,None,Normal,3: Sitting down (controlled)
1790646664.8524466,19729,Person 6,606.9,1883.5,0.0,2129.35,19.68,True,Active,hafsa,None,Normal,3: Sitting down (controlled)
1790646664.9872386,19730,Person 6,629.1,1902.7,0.0,2118.3,19.24,True,Active,hafsa,None,Normal,3: Sitting down (controlled)
1790646665.0682638,19731,Person 6,649.0,1921.6,0.0,2108.03,18.85,True,Active,hafsa,None,Normal,3: Sitting down (controlled)
1790646665.1718516,19732,Person 6,668.6,1940.2,0.0,2106.49,18.98,True,Active,hafsa,None,Normal,3: Sitting down (controlled)
1790646665.2328794,19733,Person 6,686.2,1958.2,0.0,2108.86,19.33,True,Active,hafsa,None,Normal,3: Sitting down (controlled)
1790646665.3050933,19734,Person 6,701.1,1974.2,0.0,2112.67,19.78,True,Active,hafsa,None,Normal,3: Sitting down (controlled)
1790646665.4096942,19735,Person 6,710.6,1985.6,0.0,2114.88,20.11,True,Active,hafsa,None,Normal,3: Sitting down (controlled)
1790646665.476423,19736,Person 6,713.3,1991.9,0.0,2111.89,19.96,True,Active,hafsa,None,Normal,3: Sitting down (controlled)
1790646665.5873451,19737,Person 6,709.1,1993.0,0.0,2106.54,19.64,True,Active,hafsa,None,Normal,3: Sitting down (controlled)
1790646665.6709485,19738,Person 6,700.7,1990.9,0.0,2089.95,18.32,True,Active,hafsa,None,Normal,3: Sitting down (controlled)
1790646665.741962,19739,Person 6,691.7,1987.8,0.0,2071.18,17.62,True,Active,hafsa,None,Normal,3: Sitting down (controlled)
1790646665.8584187,19740,Person 6,683.9,1984.8,0.0,2065.26,17.47,True,Active,hafsa,None,Normal,3: Sitting down (controlled)
1790646665.914062,19741,Person 6,676.7,1982.4,0.0,2062.94,17.17,True,Active,hafsa,None,Normal,3: Sitting down (controlled)
1790646665.998293,19742,Person 6,668.4,1980.3,0.0,2060.88,16.98,True,Active,hafsa,None,Normal,3: Sitting down (controlled)
1790646666.0889726,19743,Person 6,658.6,1977.8,0.0,2054.56,16.98,True,Active,hafsa,None,Normal,3: Sitting down (controlled)
1790646666.1846883,19744,Person 6,646.7,1975.4,0.0,2052.44,16.88,True,Active,hafsa,None,Normal,3: Sitting down (controlled)
1790646666.2903059,19745,Person 6,633.0,1973.5,0.0,2053.58,16.7,True,Active,hafsa,None,Normal,3: Sitting down (controlled)
1790646666.3708253,19746,Person 6,619.2,1971.9,0.0,2053.5,16.49,True,Active,hafsa,None,Normal,3: Sitting down (controlled)
1790646666.451151,19747,Person 6,606.0,1970.7,0.0,2054.4,16.28,True,Active,hafsa,None,Normal,3: Sitting down (controlled)
1790646666.5323827,19748,Person 6,597.4,1969.9,0.0,2056.85,16.12,True,Active,hafsa,None,Normal,3: Sitting down (controlled)
1790646666.680242,19749,Person 6,592.3,1970.5,0.0,2062.08,16.22,True,Active,hafsa,None,Normal,3: Sitting down (controlled)
1790646666.7648692,19750,Person 6,589.3,1971.9,0.0,2069.87,16.56,True,Active,hafsa,None,Normal,3: Sitting down (controlled)
1790646666.8678849,19751,Person 6,590.6,1974.2,0.0,2088.76,17.32,True,Active,hafsa,None,Normal,3: Sitting down (controlled)
1790646666.9718654,19752,Person 6,593.7,1977.5,0.0,2101.6,17.53,True,Active,hafsa,None,Normal,3: Sitting down (controlled)
1790646667.0545597,19753,Person 6,598.0,1982.3,0.0,2113.2,17.71,True,Active,hafsa,None,Normal,3: Sitting down (controlled)
1790646667.1187613,19754,Person 6,603.7,1988.1,0.0,2124.83,17.9,True,Active,hafsa,None,Normal,3: Sitting down (controlled)
1790646667.2109487,19755,Person 6,608.8,1993.8,0.0,2123.08,17.57,True,Active,hafsa,None,Normal,3: Sitting down (controlled)
1790646667.2865863,19756,Person 6,614.2,1999.1,0.0,2119.97,17.49,True,Active,hafsa,None,Normal,3: Sitting down (controlled)
1790646667.3867466,19757,Person 6,619.7,2004.1,-80.0,2118.17,17.33,True,Active,hafsa,None,Normal,3: Sitting down (controlled)
1790646667.4520512,19758,Person 6,625.3,2008.7,0.0,2116.98,17.23,True,Active,hafsa,None,Normal,3: Sitting down (controlled)
1790646667.5294018,19759,Person 6,629.6,2012.8,80.0,2113.67,17.03,True,Active,hafsa,None,Normal,3: Sitting down (controlled)
1790646667.6275353,19760,Person 6,632.0,2016.3,80.0,2110.3,16.92,True,Active,hafsa,None,Normal,3: Sitting down (controlled)
1790646667.7209074,19761,Person 6,631.1,2017.8,0.0,2100.44,16.97,True,Active,hafsa,None,Normal,3: Sitting down (controlled)
1790646667.8034613,19762,Person 6,629.0,2017.3,0.0,2090.58,17.02,True,Active,hafsa,None,Normal,3: Sitting down (controlled)
1790646667.902302,19763,Person 6,625.9,2014.7,80.0,2079.11,17.12,True,Active,hafsa,None,Normal,3: Sitting down (controlled)
1790646667.9773457,19764,Person 6,622.0,2010.2,80.0,2070.15,17.25,True,Active,hafsa,None,Normal,3: Sitting down (controlled)
1790646668.0725007,19765,Person 6,619.4,2004.4,80.0,2059.95,17.37,True,Active,hafsa,None,Normal,3: Sitting down (controlled)
1790646668.1468258,19766,Person 6,617.0,1998.1,0.0,2052.67,17.38,True,Active,hafsa,None,Normal,3: Sitting down (controlled)
1790646668.2467036,19767,Person 6,614.9,1991.2,0.0,2046.05,17.35,True,Active,hafsa,None,Normal,3: Sitting down (controlled)
1790646668.328803,19768,Person 6,612.6,1984.2,0.0,2043.31,17.19,True,Active,hafsa,None,Normal,3: Sitting down (controlled)
1790646668.4285016,19769,Person 6,610.1,1977.6,0.0,2043.25,16.9,True,Active,hafsa,None,Normal,3: Sitting down (controlled)
1790646668.5113177,19770,Person 6,607.3,1971.5,80.0,2043.81,16.66,True,Active,hafsa,None,Normal,3: Sitting down (controlled)
1790646668.6093237,19771,Person 6,604.5,1966.3,80.0,2042.57,16.64,True,Active,hafsa,None,Normal,3: Sitting down (controlled)
1790646668.688371,19772,Person 6,601.6,1962.1,80.0,2041.99,16.59,True,Active,hafsa,None,Normal,3: Sitting down (controlled)
1790646668.768112,19773,Person 6,598.3,1959.4,80.0,2043.73,16.46,True,Active,hafsa,None,Normal,3: Sitting down (controlled)
1790646668.8565638,19774,Person 6,594.6,1958.3,0.0,2048.92,16.36,True,Active,hafsa,None,Normal,3: Sitting down (controlled)
1790646668.9779685,19775,Person 6,590.3,1958.7,-80.0,2051.36,16.19,True,Active,hafsa,None,Normal,3: Sitting down (controlled)
1790646669.0256298,19776,Person 6,585.7,1959.9,0.0,2050.93,16.05,True,Active,hafsa,None,Normal,3: Sitting down (controlled)
1790646669.1201842,19777,Person 6,581.0,1962.1,-80.0,2053.68,15.91,True,Active,hafsa,None,Normal,3: Sitting down (controlled)
1790646669.203706,19778,Person 6,576.1,1964.8,-80.0,2055.35,15.67,True,Active,hafsa,None,Normal,3: Sitting down (controlled)
1790646669.3389874,19779,Person 6,571.7,1967.7,0.0,2058.82,15.49,True,Active,hafsa,None,Normal,3: Sitting down (controlled)
1790646669.41769,19780,Person 6,568.0,1970.6,0.0,2061.45,15.45,True,Active,hafsa,None,Normal,3: Sitting down (controlled)
1790646669.5072193,19781,Person 6,564.4,1973.0,0.0,2055.67,15.49,True,Active,hafsa,None,Normal,3: Sitting down (controlled)
1790646669.6102676,19782,Person 6,560.9,1974.8,0.0,2049.62,15.51,True,Active,hafsa,None,Normal,3: Sitting down (controlled)
1790646669.6927235,19783,Person 6,557.6,1976.1,0.0,2047.16,15.47,True,Active,hafsa,None,Normal,3: Sitting down (controlled)
1790646669.7515435,19784,Person 6,554.6,1976.4,0.0,2043.57,15.53,True,Active,hafsa,None,Normal,3: Sitting down (controlled)
1790646669.8793702,19785,Person 6,552.1,1975.9,0.0,2039.71,15.56,True,Active,hafsa,None,Normal,3: Sitting down (controlled)
1790646669.9602754,19786,Person 6,550.3,1974.4,0.0,2031.58,15.68,True,Active,hafsa,None,Normal,3: Sitting down (controlled)
1790646670.0561416,19787,Person 6,549.0,1971.9,0.0,2026.08,15.75,True,Active,hafsa,None,Normal,3: Sitting down (controlled)
1790646670.1352828,19788,Person 6,548.4,1968.0,0.0,2016.18,15.8,True,Active,hafsa,None,Normal,3: Sitting down (controlled)
1790646670.2115717,19789,Person 6,548.0,1962.9,0.0,2008.63,15.77,True,Active,hafsa,None,Normal,3: Sitting down (controlled)
1790646670.3049958,19790,Person 6,546.8,1957.7,0.0,2008.13,15.51,True,Active,hafsa,None,Normal,3: Sitting down (controlled)
1790646670.393891,19791,Person 6,544.2,1953.8,0.0,2011.19,15.07,True,Active,hafsa,None,Normal,3: Sitting down (controlled)
1790646670.4853172,19792,Person 6,541.1,1951.2,0.0,2016.41,14.86,True,Active,hafsa,None,Normal,3: Sitting down (controlled)
1790646670.5682964,19793,Person 6,538.1,1949.0,0.0,2018.08,14.81,True,Active,hafsa,None,Normal,3: Sitting down (controlled)
1790646670.643358,19794,Person 6,534.4,1947.4,0.0,2018.49,14.64,True,Active,hafsa,None,Normal,3: Sitting down (controlled)
1790646670.7451766,19795,Person 6,530.3,1946.3,0.0,2018.45,14.52,True,Active,hafsa,None,Normal,3: Sitting down (controlled)
1790646670.8697097,19796,Person 6,526.1,1945.9,0.0,2016.77,14.56,True,Active,hafsa,None,Normal,3: Sitting down (controlled)
1790646670.9575763,19797,Person 6,521.8,1946.0,0.0,2015.8,14.57,True,Active,hafsa,None,Normal,3: Sitting down (controlled)
1790646671.0473368,19798,Person 6,517.6,1947.1,0.0,2015.8,14.57,True,Active,hafsa,None,Normal,3: Sitting down (controlled)
1790646671.120237,19799,Person 6,514.1,1948.6,-80.0,2013.91,14.7,True,Active,hafsa,None,Normal,3: Sitting down (controlled)
1790646671.219555,19800,Person 6,511.9,1949.5,0.0,2011.06,14.84,True,Active,hafsa,None,Normal,3: Sitting down (controlled)
1790646671.2968826,19801,Person 6,511.3,1949.3,-160.0,2007.71,14.92,True,Active,hafsa,None,Normal,3: Sitting down (controlled)
1790646671.3659334,19802,Person 6,511.3,1948.0,0.0,2003.84,14.95,True,Active,hafsa,None,Normal,3: Sitting down (controlled)
1790646671.444507,19803,Person 6,511.4,1946.0,0.0,1999.01,14.99,True,Active,hafsa,None,Normal,3: Sitting down (controlled)
1790646671.528931,19804,Person 6,512.3,1943.5,0.0,1996.63,15.07,True,Active,hafsa,None,Normal,3: Sitting down (controlled)
1790646671.6534717,19805,Person 6,514.1,1940.7,0.0,1996.01,15.22,True,Active,hafsa,None,Normal,3: Sitting down (controlled)
1790646671.735519,19806,Person 6,516.1,1937.8,-240.0,1993.91,15.33,True,Active,hafsa,None,Normal,3: Sitting down (controlled)
1790646671.8213675,19807,Person 6,518.3,1934.5,0.0,1989.61,15.42,True,Active,hafsa,None,Normal,3: Sitting down (controlled)
1790646671.8948946,19808,Person 6,520.8,1930.4,0.0,1982.71,15.56,True,Active,hafsa,None,Normal,3: Sitting down (controlled)
1790646671.9630542,19809,Person 6,522.9,1926.0,-160.0,1976.93,15.61,True,Active,hafsa,None,Normal,3: Sitting down (controlled)
1790646672.0761178,19810,Person 6,524.9,1921.9,0.0,1976.77,15.7,True,Active,hafsa,None,Normal,3: Sitting down (controlled)
1790646672.1592422,19811,Person 6,526.6,1918.5,-160.0,1979.39,15.65,True,Active,hafsa,None,Normal,3: Sitting down (controlled)
1790646672.2524045,19812,Person 6,528.3,1916.0,0.0,1984.21,15.61,True,Active,hafsa,None,Normal,3: Sitting down (controlled)
1790646672.3457248,19813,Person 6,530.0,1914.2,0.0,1986.13,15.6,True,Active,hafsa,None,Normal,3: Sitting down (controlled)
1790646672.4208035,19814,Person 6,531.6,1912.3,0.0,1982.55,15.66,True,Active,hafsa,None,Normal,3: Sitting down (controlled)
1790646672.531586,19815,Person 6,532.8,1910.2,0.0,1978.97,15.71,True,Active,hafsa,None,Normal,3: Sitting down (controlled)
1790646672.6222262,19816,Person 6,534.0,1907.6,0.0,1972.09,15.86,True,Active,hafsa,None,Normal,3: Sitting down (controlled)
1790646672.7178483,19817,Person 6,535.4,1904.9,0.0,1967.42,16.02,True,Active,hafsa,None,Normal,3: Sitting down (controlled)
1790646672.7979877,19818,Person 6,536.7,1902.7,0.0,1965.09,16.1,True,Active,hafsa,None,Normal,3: Sitting down (controlled)
1790646672.8683445,19819,Person 6,537.9,1900.9,0.0,1962.89,16.09,True,Active,hafsa,None,Normal,3: Sitting down (controlled)
1790646672.9911346,19820,Person 6,538.7,1899.2,0.0,1962.61,16.06,True,Active,hafsa,None,Normal,3: Sitting down (controlled)
1790646673.0804186,19821,Person 6,540.5,1897.3,0.0,1966.08,16.31,True,Active,hafsa,None,Normal,3: Sitting down (controlled)
1790646673.1660128,19822,Person 6,543.3,1894.9,0.0,1968.91,16.58,True,Active,hafsa,None,Normal,3: Sitting down (controlled)
1790646673.2653325,19823,Person 6,547.6,1892.0,0.0,1970.38,17.03,True,Active,hafsa,None,Normal,3: Sitting down (controlled)
1790646673.333704,19824,Person 6,555.7,1888.5,0.0,1972.65,18.2,True,Active,hafsa,None,Normal,3: Sitting down (controlled)
1790646673.446626,19825,Person 6,567.8,1884.3,0.0,1975.45,19.43,True,Active,hafsa,None,Normal,3: Sitting down (controlled)
1790646673.543851,19826,Person 6,579.4,1882.4,0.0,1988.95,19.23,True,Active,hafsa,None,Normal,3: Sitting down (controlled)
1790646673.6431828,19827,Person 6,590.2,1881.8,0.0,1994.25,19.05,True,Active,hafsa,None,Normal,3: Sitting down (controlled)
1790646673.7207122,19828,Person 6,599.4,1882.5,0.0,1999.2,18.58,True,Active,hafsa,None,Normal,3: Sitting down (controlled)
1790646673.7916706,19829,Person 6,603.6,1887.1,0.0,2018.92,16.87,True,Active,hafsa,None,Normal,3: Sitting down (controlled)
1790646673.8688924,19830,Person 6,603.3,1895.1,0.0,2038.81,15.36,True,Active,hafsa,None,Normal,3: Sitting down (controlled)
1790646673.9574904,19831,Person 6,599.0,1905.2,0.0,2052.13,14.36,True,Active,hafsa,None,Normal,3: Sitting down (controlled)
1790646674.0361228,19832,Person 6,594.1,1914.6,0.0,2046.35,14.52,True,Active,hafsa,None,Normal,3: Sitting down (controlled)
1790646674.0994697,19833,Person 6,588.5,1923.1,0.0,2036.76,14.82,True,Active,hafsa,None,Normal,3: Sitting down (controlled)
1790646674.18654,19834,Person 6,579.8,1931.5,0.0,2028.2,15.12,True,Active,hafsa,None,Normal,3: Sitting down (controlled)
1790646674.3205128,19835,Person 6,567.8,1939.9,0.0,2019.7,15.42,True,Active,hafsa,None,Normal,3: Sitting down (controlled)
1790646674.36872,19836,Person 6,556.8,1945.8,0.0,2012.21,15.71,True,Active,hafsa,None,Normal,3: Sitting down (controlled)
1790646674.4695683,19837,Person 6,546.9,1950.0,0.0,2004.5,15.98,True,Active,hafsa,None,Normal,3: Sitting down (controlled)
1790646674.5570114,19838,Person 6,538.9,1953.0,0.0,2003.96,16.14,True,Active,hafsa,None,Normal,3: Sitting down (controlled)
1790646674.6576247,19839,Person 6,536.3,1952.0,0.0,2001.92,16.24,True,Active,hafsa,None,Normal,3: Sitting down (controlled)
1790646674.7485442,19840,Person 6,538.9,1947.0,0.0,1997.85,16.46,True,Active,hafsa,None,Normal,3: Sitting down (controlled)
1790646674.8384914,19841,Person 6,545.2,1939.1,0.0,1992.85,16.68,True,Active,hafsa,None,Normal,3: Sitting down (controlled)
1790646674.9117112,19842,Person 6,551.4,1931.2,0.0,1987.02,16.82,True,Active,hafsa,None,Normal,3: Sitting down (controlled)
1790646675.0170448,19843,Person 6,556.9,1923.7,0.0,1979.65,16.92,True,Active,hafsa,None,Normal,3: Sitting down (controlled)
1790646675.0890653,19844,Person 6,561.8,1916.4,0.0,1971.63,17.05,True,Active,hafsa,None,Normal,3: Sitting down (controlled)
1790646675.1925147,19845,Person 6,566.0,1909.4,0.0,1964.27,17.14,True,Active,hafsa,None,Normal,3: Sitting down (controlled)
1790646675.2746603,19846,Person 6,569.5,1902.6,0.0,1956.93,17.24,True,Active,hafsa,None,Normal,3: Sitting down (controlled)
1790646675.3612347,19847,Person 6,572.7,1896.2,0.0,1952.39,17.4,True,Active,hafsa,None,Normal,3: Sitting down (controlled)
1790646675.4500859,19848,Person 6,576.1,1889.4,0.0,1948.78,17.65,True,Active,hafsa,None,Normal,3: Sitting down (controlled)
1790646675.5323932,19849,Person 6,579.9,1882.3,0.0,1945.2,17.9,True,Active,hafsa,None,Normal,3: Sitting down (controlled)
1790646675.6301687,19850,Person 6,583.7,1875.2,0.0,1941.35,18.13,True,Active,hafsa,None,Normal,3: Sitting down (controlled)
1790646675.7203803,19851,Person 6,587.3,1868.3,0.0,1937.85,18.29,True,Active,hafsa,None,Normal,3: Sitting down (controlled)
1790646675.809785,19852,Person 6,591.0,1861.7,0.0,1935.31,18.43,True,Active,hafsa,None,Normal,3: Sitting down (controlled)
1790646675.886776,19853,Person 6,594.8,1855.6,0.0,1933.1,18.52,True,Active,hafsa,None,Normal,3: Sitting down (controlled)
1790646675.9760156,19854,Person 6,598.6,1850.0,0.0,1929.95,18.61,True,Active,hafsa,None,Normal,3: Sitting down (controlled)
1790646676.1168246,19855,Person 6,602.5,1844.9,0.0,1927.74,18.7,True,Active,hafsa,None,Normal,3: Sitting down (controlled)
1790646676.197837,19856,Person 6,606.7,1840.1,0.0,1924.3,18.86,True,Active,hafsa,None,Normal,3: Sitting down (controlled)
1790646676.2965736,19857,Person 6,610.8,1835.5,0.0,1921.49,18.98,True,Active,hafsa,None,Normal,3: Sitting down (controlled)
1790646676.386872,19858,Person 6,614.4,1831.1,0.0,1918.36,19.08,True,Active,hafsa,None,Normal,3: Sitting down (controlled)
1790646676.4638398,19859,Person 6,617.5,1826.8,0.0,1914.29,19.18,True,Active,hafsa,None,Normal,3: Sitting down (controlled)
1790646676.5228457,19860,Person 6,620.1,1822.7,0.0,1910.84,19.25,True,Active,hafsa,None,Normal,3: Sitting down (controlled)
1790646676.6001413,19861,Person 6,622.5,1818.7,0.0,1907.73,19.35,True,Active,hafsa,None,Normal,3: Sitting down (controlled)
1790646676.7046888,19862,Person 6,624.6,1814.7,0.0,1904.29,19.42,True,Active,hafsa,None,Normal,3: Sitting down (controlled)
1790646676.7998872,19863,Person 6,626.7,1810.6,0.0,1901.18,19.51,True,Active,hafsa,None,Normal,3: Sitting down (controlled)
1790646676.8691714,19864,Person 6,628.7,1806.5,0.0,1897.75,19.58,True,Active,hafsa,None,Normal,3: Sitting down (controlled)
1790646676.9714322,19865,Person 6,630.6,1802.4,0.0,1895.26,19.64,True,Active,hafsa,None,Normal,3: Sitting down (controlled)
1790646677.0625813,19866,Person 6,632.3,1798.4,0.0,1892.16,19.74,True,Active,hafsa,None,Normal,3: Sitting down (controlled)
1790646677.1455476,19867,Person 6,633.8,1794.5,0.0,1889.68,19.8,True,Active,hafsa,None,Normal,3: Sitting down (controlled)
1790646677.2347608,19868,Person 6,635.2,1790.7,0.0,1887.2,19.86,True,Active,hafsa,None,Normal,3: Sitting down (controlled)
1790646677.314883,19869,Person 6,636.5,1787.1,0.0,1884.71,19.92,True,Active,hafsa,None,Normal,3: Sitting down (controlled)
1790646677.4167132,19870,Person 6,637.8,1783.6,0.0,1882.24,19.98,True,Active,hafsa,None,Normal,3: Sitting down (controlled)
1790646677.5078185,19871,Person 6,639.1,1780.3,0.0,1881.04,20.05,True,Active,hafsa,None,Normal,3: Sitting down (controlled)
1790646677.5852778,19872,Person 6,640.6,1777.3,0.0,1881.13,20.15,True,Active,hafsa,None,Normal,3: Sitting down (controlled)
1790646677.6804698,19873,Person 6,642.1,1774.5,0.0,1879.95,20.23,True,Active,hafsa,None,Normal,3: Sitting down (controlled)
1790646677.756087,19874,Person 6,643.7,1772.0,0.0,1879.7,20.3,True,Active,hafsa,None,Normal,3: Sitting down (controlled)
1790646677.8831685,19875,Person 6,645.5,1769.7,0.0,1879.81,20.39,True,Active,hafsa,None,Normal,3: Sitting down (controlled)
1790646677.9728558,19876,Person 6,647.3,1767.6,0.0,1878.63,20.47,True,Active,hafsa,None,Normal,3: Sitting down (controlled)
1790646678.042165,19877,Person 6,649.2,1765.7,0.0,1878.39,20.54,True,Active,hafsa,None,Normal,3: Sitting down (controlled)
1790646678.1149828,19878,Person 6,651.2,1764.0,0.0,1878.16,20.61,True,Active,hafsa,None,Normal,3: Sitting down (controlled)
1790646678.2070196,19879,Person 6,653.3,1762.5,0.0,1877.93,20.67,True,Active,hafsa,None,Normal,3: Sitting down (controlled)
1790646678.3227832,19880,Person 6,655.5,1761.2,0.0,1877.7,20.74,True,Active,hafsa,None,Normal,3: Sitting down (controlled)
1790646678.4096649,19881,Person 6,657.7,1760.0,0.0,1877.48,20.81,True,Active,hafsa,None,Normal,3: Sitting down (controlled)
1790646678.469957,19882,Person 6,659.8,1758.8,0.0,1877.25,20.88,True,Active,hafsa,None,Normal,3: Sitting down (controlled)
1790646678.5462127,19883,Person 6,661.8,1757.7,0.0,1876.67,20.92,True,Active,hafsa,None,Normal,3: Sitting down (controlled)
1790646678.6489413,19884,Person 6,663.8,1756.6,0.0,1876.46,20.98,True,Active,hafsa,None,Normal,3: Sitting down (controlled)
1790646678.7790203,19885,Person 6,665.7,1755.5,0.0,1876.24,21.05,True,Active,hafsa,None,Normal,3: Sitting down (controlled)
1790646678.8616025,19886,Person 6,667.3,1754.5,0.0,1874.95,21.04,True,Active,hafsa,None,Normal,3: Sitting down (controlled)
1790646678.9668806,19887,Person 6,668.5,1753.7,0.0,1875.16,20.97,True,Active,hafsa,None,Normal,3: Sitting down (controlled)
1790646679.0244925,19888,Person 6,669.3,1753.0,0.0,1874.45,20.91,True,Active,hafsa,None,Normal,3: Sitting down (controlled)
1790646679.082237,19889,Person 6,669.6,1752.5,0.0,1874.32,20.81,True,Active,hafsa,None,Normal,3: Sitting down (controlled)
1790646679.2074695,19890,Person 6,669.4,1752.2,0.0,1874.19,20.72,True,Active,hafsa,None,Normal,3: Sitting down (controlled)
1790646679.2970428,19891,Person 6,668.8,1752.1,0.0,1874.42,20.65,True,Active,hafsa,None,Normal,3: Sitting down (controlled)
1790646679.3866496,19892,Person 6,667.8,1752.2,0.0,1874.65,20.58,True,Active,hafsa,None,Normal,3: Sitting down (controlled)
1790646679.4578676,19893,Person 6,666.4,1752.4,0.0,1873.6,20.5,True,Active,hafsa,None,Normal,3: Sitting down (controlled)
1790646679.5354931,19894,Person 6,664.6,1752.8,0.0,1873.83,20.43,True,Active,hafsa,None,Normal,3: Sitting down (controlled)
1790646679.6361444,19895,Person 6,662.4,1753.4,0.0,1874.07,20.36,True,Active,hafsa,None,Normal,3: Sitting down (controlled)
1790646679.724128,19896,Person 6,660.1,1754.2,0.0,1874.32,20.29,True,Active,hafsa,None,Normal,3: Sitting down (controlled)
1790646679.8216486,19897,Person 6,657.8,1754.9,0.0,1873.62,20.23,True,Active,hafsa,None,Normal,3: Sitting down (controlled)
1790646679.9170308,19898,Person 6,655.5,1755.7,0.0,1873.87,20.17,True,Active,hafsa,None,Normal,3: Sitting down (controlled)
1790646680.0030854,19899,Person 6,653.3,1756.5,0.0,1874.12,20.1,True,Active,hafsa,None,Normal,3: Sitting down (controlled)
1790646680.0918028,19900,Person 6,651.2,1757.2,0.0,1873.44,20.04,True,Active,hafsa,None,Normal,3: Sitting down (controlled)
1790646680.1840477,19901,Person 6,649.1,1757.9,0.0,1873.69,19.97,True,Active,hafsa,None,Normal,3: Sitting down (controlled)
1790646680.2834115,19902,Person 6,647.1,1758.5,0.0,1873.35,19.94,True,Active,hafsa,None,Normal,3: Sitting down (controlled)
1790646680.3681734,19903,Person 6,645.2,1759.2,0.0,1873.61,19.88,True,Active,hafsa,None,Normal,3: Sitting down (controlled)
1790646680.4555333,19904,Person 6,643.6,1759.7,0.0,1873.01,19.92,True,Active,hafsa,None,Normal,3: Sitting down (controlled)
1790646680.5409908,19905,Person 6,642.2,1760.0,0.0,1872.07,19.93,True,Active,hafsa,None,Normal,3: Sitting down (controlled)
1790646680.6316748,19906,Person 6,641.0,1760.1,0.0,1871.13,19.94,True,Active,hafsa,None,Normal,3: Sitting down (controlled)
1790646680.7144542,19907,Person 6,639.9,1760.0,0.0,1868.91,19.93,True,Active,hafsa,None,Normal,3: Sitting down (controlled)
1790646680.7885327,19908,Person 6,639.0,1759.7,0.0,1867.97,19.94,True,Active,hafsa,None,Normal,3: Sitting down (controlled)
1790646680.8766253,19909,Person 6,638.3,1759.1,0.0,1866.09,19.96,True,Active,hafsa,None,Normal,3: Sitting down (controlled)
1790646680.9928877,19910,Person 6,637.8,1758.4,0.0,1865.15,19.97,True,Active,hafsa,None,Normal,3: Sitting down (controlled)
1790646681.067132,19911,Person 6,637.5,1757.5,0.0,1864.21,19.98,True,Active,hafsa,None,Normal,3: Sitting down (controlled)
1790646681.1596494,19912,Person 6,637.3,1756.5,0.0,1863.27,19.99,True,Active,hafsa,None,Normal,3: Sitting down (controlled)
1790646681.2331645,19913,Person 6,637.3,1755.3,0.0,1862.33,20.0,True,Active,hafsa,None,Normal,3: Sitting down (controlled)
1790646681.314675,19914,Person 6,637.2,1753.9,0.0,1859.51,20.03,True,Active,hafsa,None,Normal,3: Sitting down (controlled)
1790646681.4340556,19915,Person 6,637.2,1752.3,0.0,1857.04,20.09,True,Active,hafsa,None,Normal,3: Sitting down (controlled)
1790646681.5228484,19916,Person 6,637.2,1750.5,0.0,1854.22,20.13,True,Active,hafsa,None,Normal,3: Sitting down (controlled)
1790646681.6326027,19917,Person 6,637.4,1748.7,0.0,1852.69,20.18,True,Active,hafsa,None,Normal,3: Sitting down (controlled)
1790646681.7035701,19918,Person 6,637.6,1746.7,0.0,1849.87,20.21,True,Active,hafsa,None,Normal,3: Sitting down (controlled)
1790646681.7733784,19919,Person 6,637.8,1744.9,0.0,1849.87,20.21,True,Active,hafsa,None,Normal,3: Sitting down (controlled)
1790646681.8758,19920,Person 6,638.0,1743.1,0.0,1848.93,20.22,True,Active,hafsa,None,Normal,3: Sitting down (controlled)
1790646681.94976,19921,Person 6,638.2,1741.4,0.0,1848.93,20.22,True,Active,hafsa,None,Normal,3: Sitting down (controlled)
1790646682.0438411,19922,Person 6,638.4,1739.9,0.0,1849.87,20.21,True,Active,hafsa,None,Normal,3: Sitting down (controlled)
1790646682.1400259,19923,Person 6,638.6,1738.6,0.0,1850.81,20.2,True,Active,hafsa,None,Normal,3: Sitting down (controlled)
1790646682.2169108,19924,Person 6,638.8,1737.6,0.0,1850.81,20.2,True,Active,hafsa,None,Normal,3: Sitting down (controlled)
1790646682.3237817,19925,Person 6,638.9,1737.0,0.0,1851.75,20.19,True,Active,hafsa,None,Normal,3: Sitting down (controlled)
1790646682.4154267,19926,Person 6,639.1,1736.7,0.0,1852.09,20.22,True,Active,hafsa,None,Normal,3: Sitting down (controlled)
1790646682.48987,19927,Person 6,639.2,1736.7,0.0,1853.03,20.21,True,Active,hafsa,None,Normal,3: Sitting down (controlled)
1790646682.5705101,19928,Person 6,639.3,1737.0,0.0,1853.03,20.21,True,Active,hafsa,None,Normal,3: Sitting down (controlled)
1790646682.6573665,19929,Person 6,639.4,1737.4,0.0,1853.97,20.19,True,Active,hafsa,None,Normal,3: Sitting down (controlled)
1790646682.779586,19930,Person 6,639.5,1737.9,0.0,1853.97,20.19,True,Active,hafsa,None,Normal,3: Sitting down (controlled)
1790646682.8588724,19931,Person 6,639.6,1738.5,0.0,1854.91,20.18,True,Active,hafsa,None,Normal,3: Sitting down (controlled)
1790646682.9572246,19932,Person 6,639.7,1739.0,0.0,1854.91,20.18,True,Active,hafsa,None,Normal,3: Sitting down (controlled)
1790646683.0159588,19933,Person 6,639.9,1739.4,0.0,1855.25,20.21,True,Active,hafsa,None,Normal,3: Sitting down (controlled)
1790646683.0834498,19934,Person 6,640.1,1739.9,0.0,1856.19,20.2,True,Active,hafsa,None,Normal,3: Sitting down (controlled)
1790646683.2290573,19935,Person 6,640.3,1740.3,0.0,1856.19,20.2,True,Active,hafsa,None,Normal,3: Sitting down (controlled)
1790646683.2813146,19936,Person 6,640.4,1740.8,0.0,1857.13,20.19,True,Active,hafsa,None,Normal,3: Sitting down (controlled)
1790646683.3667722,19937,Person 6,640.5,1741.2,0.0,1857.13,20.19,True,Active,hafsa,None,Normal,3: Sitting down (controlled)
1790646683.4410677,19938,Person 6,640.6,1741.6,0.0,1857.13,20.19,True,Active,hafsa,None,Normal,3: Sitting down (controlled)
1790646683.5405242,19939,Person 6,640.7,1741.9,0.0,1857.13,20.19,True,Active,hafsa,None,Normal,3: Sitting down (controlled)
1790646683.6410437,19940,Person 6,640.8,1742.2,0.0,1857.13,20.19,True,Active,hafsa,None,Normal,3: Sitting down (controlled)
1790646683.750108,19941,Person 6,640.8,1742.2,0.0,1854.91,20.18,True,Active,hafsa,None,Normal,3: Sitting down (controlled)
1790646683.826558,19942,Person 6,640.8,1741.9,0.0,1852.09,20.22,True,Active,hafsa,None,Normal,3: Sitting down (controlled)
1790646683.9006977,19943,Person 6,640.6,1741.4,0.0,1849.87,20.21,True,Active,hafsa,None,Normal,3: Sitting down (controlled)
1790646683.9883559,19944,Person 6,640.3,1740.6,0.0,1847.65,20.2,True,Active,hafsa,None,Normal,3: Sitting down (controlled)
1790646684.1034503,19945,Person 6,640.0,1739.6,0.0,1845.77,20.22,True,Active,hafsa,None,Normal,3: Sitting down (controlled)
1790646684.1950982,19946,Person 6,639.6,1738.3,0.0,1843.55,20.21,True,Active,hafsa,None,Normal,3: Sitting down (controlled)
1790646684.267595,19947,Person 6,639.1,1736.8,0.0,1841.33,20.21,True,Active,hafsa,None,Normal,3: Sitting down (controlled)
1790646684.3415844,19948,Person 6,638.6,1735.1,0.0,1839.45,20.23,True,Active,hafsa,None,Normal,3: Sitting down (controlled)
1790646684.437037,19949,Person 6,638.0,1733.2,0.0,1837.23,20.22,True,Active,hafsa,None,Normal,3: Sitting down (controlled)
1790646684.53355,19950,Person 6,637.4,1731.2,0.0,1836.29,20.23,True,Active,hafsa,None,Normal,3: Sitting down (controlled)
1790646684.6158972,19951,Person 6,637.0,1729.3,0.0,1835.7,20.27,True,Active,hafsa,None,Normal,3: Sitting down (controlled)
1790646684.7086573,19952,Person 6,636.6,1727.7,0.0,1835.7,20.27,True,Active,hafsa,None,Normal,3: Sitting down (controlled)
1790646684.787269,19953,Person 6,636.4,1726.3,0.0,1836.04,20.3,True,Active,hafsa,None,Normal,3: Sitting down (controlled)
1790646684.891593,19954,Person 6,636.4,1725.1,0.0,1836.39,20.33,True,Active,hafsa,None,Normal,3: Sitting down (controlled)
1790646684.964778,19955,Person 6,636.5,1724.2,0.0,1837.68,20.35,True,Active,hafsa,None,Normal,3: Sitting down (controlled)
1790646685.0639036,19956,Person 6,636.9,1723.5,0.0,1838.37,20.41,True,Active,hafsa,None,Normal,3: Sitting down (controlled)
1790646685.1528351,19957,Person 6,637.5,1723.0,0.0,1838.72,20.44,True,Active,hafsa,None,Normal,3: Sitting down (controlled)
1790646685.2307186,19958,Person 6,638.2,1722.7,0.0,1839.07,20.46,True,Active,hafsa,None,Normal,3: Sitting down (controlled)
1790646685.3185143,19959,Person 6,639.1,1722.6,0.0,1839.42,20.49,True,Active,hafsa,None,Normal,3: Sitting down (controlled)
1790646685.4596055,19960,Person 6,640.1,1722.6,0.0,1839.77,20.52,True,Active,hafsa,None,Normal,3: Sitting down (controlled)
1790646685.5395143,19961,Person 6,641.1,1722.7,0.0,1840.12,20.55,True,Active,hafsa,None,Normal,3: Sitting down (controlled)
1790646685.6195893,19962,Person 6,642.2,1722.8,0.0,1840.47,20.58,True,Active,hafsa,None,Normal,3: Sitting down (controlled)
1790646685.6799939,19963,Person 6,643.3,1722.9,0.0,1840.82,20.61,True,Active,hafsa,None,Normal,3: Sitting down (controlled)
1790646685.7672026,19964,Person 6,644.4,1723.0,0.0,1841.18,20.64,True,Active,hafsa,None,Normal,3: Sitting down (controlled)
1790646685.8987312,19965,Person 6,645.5,1723.0,0.0,1841.53,20.67,True,Active,hafsa,None,Normal,3: Sitting down (controlled)
1790646685.9786866,19966,Person 6,646.5,1723.0,0.0,1841.88,20.7,True,Active,hafsa,None,Normal,3: Sitting down (controlled)
1790646686.0811834,19967,Person 6,647.5,1723.0,0.0,1842.24,20.73,True,Active,hafsa,None,Normal,3: Sitting down (controlled)
1790646686.1751122,19968,Person 6,648.5,1723.1,0.0,1843.53,20.75,True,Active,hafsa,None,Normal,3: Sitting down (controlled)
1790646686.2860954,19969,Person 6,649.4,1723.2,0.0,1843.53,20.75,True,Active,hafsa,None,Normal,3: Sitting down (controlled)
1790646686.3617635,19970,Person 6,650.2,1723.3,0.0,1843.53,20.75,True,Active,hafsa,None,Normal,3: Sitting down (controlled)
1790646686.4528325,19971,Person 6,650.9,1723.4,0.0,1843.53,20.75,True,Active,hafsa,None,Normal,3: Sitting down (controlled)
1790646686.5189786,19972,Person 6,651.5,1723.5,0.0,1843.53,20.75,True,Active,hafsa,None,Normal,3: Sitting down (controlled)
1790646686.6065276,19973,Person 6,652.0,1723.6,0.0,1843.53,20.75,True,Active,hafsa,None,Normal,3: Sitting down (controlled)
1790646686.6747026,19974,Person 6,652.4,1723.7,0.0,1843.53,20.75,True,Active,hafsa,None,Normal,3: Sitting down (controlled)
1790646686.7610495,19975,Person 6,652.7,1723.8,0.0,1843.53,20.75,True,Active,hafsa,None,Normal,3: Sitting down (controlled)
1790646686.8560095,19976,Person 6,652.9,1723.9,0.0,1843.53,20.75,True,Active,hafsa,None,Normal,3: Sitting down (controlled)
1790646686.9262767,19977,Person 6,653.0,1724.0,0.0,1843.53,20.75,True,Active,hafsa,None,Normal,3: Sitting down (controlled)
1790646687.019803,19978,Person 6,653.0,1724.0,0.0,1843.53,20.75,True,Active,hafsa,None,Normal,3: Sitting down (controlled)
1790646687.1043682,19979,Person 6,653.0,1724.0,0.0,1843.53,20.75,True,Active,hafsa,None,Normal,3: Sitting down (controlled)
1790646687.2031085,19980,Person 6,653.0,1724.0,0.0,1843.53,20.75,True,Active,hafsa,None,Normal,3: Sitting down (controlled)
1790646687.2922955,19981,Person 6,653.0,1724.0,0.0,1843.53,20.75,True,Active,hafsa,None,Normal,3: Sitting down (controlled)
1790646687.367129,19982,Person 6,653.0,1724.0,0.0,1843.53,20.75,True,Active,hafsa,None,Normal,3: Sitting down (controlled)
1790646687.4577212,19983,Person 6,653.0,1724.0,0.0,1843.53,20.75,True,Active,hafsa,None,Normal,3: Sitting down (controlled)
1790646687.553134,19984,Person 6,653.2,1723.9,0.0,1843.3,20.81,True,Active,hafsa,None,Normal,3: Sitting down (controlled)
1790646687.678873,19985,Person 6,653.7,1723.6,0.0,1842.5,20.92,True,Active,hafsa,None,Normal,3: Sitting down (controlled)
1790646687.7578652,19986,Person 6,654.5,1723.0,0.0,1840.77,21.04,True,Active,hafsa,None,Normal,3: Sitting down (controlled)
1790646687.848521,19987,Person 6,655.5,1722.1,0.0,1838.69,21.14,True,Active,hafsa,None,Normal,3: Sitting down (controlled)
1790646687.906338,19988,Person 6,656.4,1721.1,0.0,1837.4,21.12,True,Active,hafsa,None,Normal,3: Sitting down (controlled)
1790646687.9887633,19989,Person 6,657.0,1720.1,0.0,1836.32,21.03,True,Active,hafsa,None,Normal,3: Sitting down (controlled)
1790646688.0947208,19990,Person 6,657.6,1719.1,0.0,1836.32,21.03,True,Active,hafsa,None,Normal,3: Sitting down (controlled)
1790646688.1750004,19991,Person 6,658.4,1718.1,0.0,1837.04,21.09,True,Active,hafsa,None,Normal,3: Sitting down (controlled)
1790646688.2678487,19992,Person 6,659.3,1717.1,0.0,1837.4,21.12,True,Active,hafsa,None,Normal,3: Sitting down (controlled)
1790646688.347613,19993,Person 6,660.2,1716.2,0.0,1838.33,21.11,True,Active,hafsa,None,Normal,3: Sitting down (controlled)
1790646688.4359782,19994,Person 6,660.8,1715.3,0.0,1837.04,21.09,True,Active,hafsa,None,Normal,3: Sitting down (controlled)
1790646688.5344708,19995,Person 6,660.9,1714.5,0.0,1835.39,21.04,True,Active,hafsa,None,Normal,3: Sitting down (controlled)
1790646688.6230278,19996,Person 6,660.6,1713.9,0.0,1834.1,21.02,True,Active,hafsa,None,Normal,3: Sitting down (controlled)
1790646688.7089376,19997,Person 6,660.4,1713.4,0.0,1833.31,21.13,True,Active,hafsa,None,Normal,3: Sitting down (controlled)
1790646688.7928324,19998,Person 6,660.6,1712.6,0.0,1830.66,21.27,True,Active,hafsa,None,Normal,3: Sitting down (controlled)
1790646688.894342,19999,Person 6,661.3,1711.6,0.0,1829.53,21.35,True,Active,hafsa,None,Normal,3: Sitting down (controlled)
1790646688.9668248,20000,Person 6,662.2,1710.5,0.0,1829.33,21.42,True,Active,hafsa,None,Normal,3: Sitting down (controlled)
1790646689.1092389,20001,Person 6,663.1,1709.4,0.0,1830.06,21.48,True,Active,hafsa,None,Normal,3: Sitting down (controlled)
1790646689.1696155,20002,Person 6,663.9,1708.3,0.0,1830.06,21.48,True,Active,hafsa,None,Normal,3: Sitting down (controlled)
1790646689.2391934,20003,Person 6,664.8,1707.1,0.0,1830.42,21.5,True,Active,hafsa,None,Normal,3: Sitting down (controlled)
1790646689.3261814,20004,Person 6,665.8,1706.0,0.0,1830.42,21.5,True,Active,hafsa,None,Normal,3: Sitting down (controlled)
1790646689.4693043,20005,Person 6,667.1,1705.1,0.0,1831.72,21.52,True,Active,hafsa,None,Normal,3: Sitting down (controlled)
1790646689.5503745,20006,Person 6,668.6,1704.4,0.0,1833.02,21.54,True,Active,hafsa,None,Normal,3: Sitting down (controlled)
1790646689.6307652,20007,Person 6,670.0,1704.0,0.0,1834.68,21.59,True,Active,hafsa,None,Normal,3: Sitting down (controlled)
1790646689.6928554,20008,Person 6,671.2,1704.1,0.0,1835.98,21.6,True,Active,hafsa,None,Normal,3: Sitting down (controlled)
1790646689.773247,20009,Person 6,672.3,1704.5,0.0,1837.28,21.62,True,Active,hafsa,None,Normal,3: Sitting down (controlled)
1790646689.8722124,20010,Person 6,673.3,1705.1,0.0,1838.58,21.64,True,Active,hafsa,None,Normal,3: Sitting down (controlled)
1790646689.9661686,20011,Person 6,674.0,1705.8,0.0,1839.14,21.6,True,Active,hafsa,None,Normal,3: Sitting down (controlled)
1790646690.0513492,20012,Person 6,674.7,1706.5,0.0,1839.14,21.6,True,Active,hafsa,None,Normal,3: Sitting down (controlled)
1790646690.138943,20013,Person 6,675.4,1707.2,0.0,1839.51,21.63,True,Active,hafsa,None,Normal,3: Sitting down (controlled)
1790646690.2225797,20014,Person 6,676.1,1707.8,0.0,1838.58,21.64,True,Active,hafsa,None,Normal,3: Sitting down (controlled)
1790646690.3201578,20015,Person 6,676.7,1708.3,0.0,1838.58,21.64,True,Active,hafsa,None,Normal,3: Sitting down (controlled)
1790646690.4160066,20016,Person 6,677.3,1708.7,0.0,1838.95,21.67,True,Active,hafsa,None,Normal,3: Sitting down (controlled)
1790646690.507629,20017,Person 6,677.8,1709.1,0.0,1840.24,21.69,True,Active,hafsa,None,Normal,3: Sitting down (controlled)
1790646690.5945504,20018,Person 6,678.3,1709.5,0.0,1841.54,21.7,True,Active,hafsa,None,Normal,3: Sitting down (controlled)
1790646690.6813998,20019,Person 6,678.7,1709.8,0.0,1841.54,21.7,True,Active,hafsa,None,Normal,3: Sitting down (controlled)
1790646690.7696936,20020,Person 6,679.0,1710.0,0.0,1841.54,21.7,True,Active,hafsa,None,Normal,3: Sitting down (controlled)
1790646690.8456385,20021,Person 6,679.4,1710.1,0.0,1841.54,21.7,True,Active,hafsa,None,Normal,3: Sitting down (controlled)
1790646690.9534025,20022,Person 6,679.8,1710.1,0.0,1840.61,21.71,True,Active,hafsa,None,Normal,3: Sitting down (controlled)
1790646691.0460656,20023,Person 6,680.1,1710.1,0.0,1840.61,21.71,True,Active,hafsa,None,Normal,3: Sitting down (controlled)
1790646691.1150217,20024,Person 6,680.4,1710.1,0.0,1839.69,21.73,True,Active,hafsa,None,Normal,3: Sitting down (controlled)
1790646691.2118547,20025,Person 6,680.7,1710.1,0.0,1839.69,21.73,True,Active,hafsa,None,Normal,3: Sitting down (controlled)
1790646691.3037994,20026,Person 6,680.9,1710.1,0.0,1839.69,21.73,True,Active,hafsa,None,Normal,3: Sitting down (controlled)
1790646691.3964608,20027,Person 6,681.0,1709.9,0.0,1838.76,21.74,True,Active,hafsa,None,Normal,3: Sitting down (controlled)
1790646691.4803045,20028,Person 6,681.0,1709.6,0.0,1838.76,21.74,True,Active,hafsa,None,Normal,3: Sitting down (controlled)
1790646691.5592673,20029,Person 6,681.0,1709.3,0.0,1838.76,21.74,True,Active,hafsa,None,Normal,3: Sitting down (controlled)
1790646691.6571693,20030,Person 6,681.0,1708.9,0.0,1837.83,21.75,True,Active,hafsa,None,Normal,3: Sitting down (controlled)
1790646691.7770908,20031,Person 6,681.0,1708.5,0.0,1837.83,21.75,True,Active,hafsa,None,Normal,3: Sitting down (controlled)
1790646691.8592772,20032,Person 6,681.0,1708.2,0.0,1837.83,21.75,True,Active,hafsa,None,Normal,3: Sitting down (controlled)
1790646691.9420502,20033,Person 6,681.0,1707.8,0.0,1836.9,21.76,True,Active,hafsa,None,Normal,3: Sitting down (controlled)
1790646692.0067022,20034,Person 6,680.9,1707.4,0.0,1835.6,21.74,True,Active,hafsa,None,Normal,3: Sitting down (controlled)
1790646692.1366882,20035,Person 6,680.7,1707.0,0.0,1835.23,21.71,True,Active,hafsa,None,Normal,3: Sitting down (controlled)
1790646692.2451594,20036,Person 6,680.3,1706.5,0.0,1833.56,21.67,True,Active,hafsa,None,Normal,3: Sitting down (controlled)
1790646692.3585374,20037,Person 6,679.7,1706.0,0.0,1831.89,21.62,True,Active,hafsa,None,Normal,3: Sitting down (controlled)
1790646692.4223561,20038,Person 6,678.9,1705.4,0.0,1830.23,21.57,True,Active,hafsa,None,Normal,3: Sitting down (controlled)
1790646692.498524,20039,Person 6,677.9,1704.6,0.0,1827.63,21.54,True,Active,hafsa,None,Normal,3: Sitting down (controlled)
1790646692.5592,20040,Person 6,676.7,1703.8,0.0,1825.97,21.49,True,Active,hafsa,None,Normal,3: Sitting down (controlled)
1790646692.6319885,20041,Person 6,675.3,1702.8,0.0,1823.38,21.46,True,Active,hafsa,None,Normal,3: Sitting down (controlled)
1790646692.729516,20042,Person 6,673.6,1701.7,0.0,1821.35,21.38,True,Active,hafsa,None,Normal,3: Sitting down (controlled)
1790646692.8085148,20043,Person 6,671.7,1700.5,0.0,1818.76,21.35,True,Active,hafsa,None,Normal,3: Sitting down (controlled)
1790646692.8948112,20044,Person 6,669.8,1699.3,0.0,1817.46,21.33,True,Active,hafsa,None,Normal,3: Sitting down (controlled)
1790646693.004145,20045,Person 6,667.8,1698.0,0.0,1815.8,21.28,True,Active,hafsa,None,Normal,3: Sitting down (controlled)
1790646693.0643847,20046,Person 6,665.8,1696.7,0.0,1814.15,21.23,True,Active,hafsa,None,Normal,3: Sitting down (controlled)
1790646693.167968,20047,Person 6,663.8,1695.3,0.0,1811.56,21.2,True,Active,hafsa,None,Normal,3: Sitting down (controlled)
1790646693.2501225,20048,Person 6,661.8,1693.9,0.0,1809.9,21.15,True,Active,hafsa,None,Normal,3: Sitting down (controlled)
1790646693.330432,20049,Person 6,659.9,1692.6,0.0,1808.61,21.13,True,Active,hafsa,None,Normal,3: Sitting down (controlled)
1790646693.428693,20050,Person 6,658.2,1691.4,0.0,1808.61,21.13,True,Active,hafsa,None,Normal,3: Sitting down (controlled)
1790646693.515878,20051,Person 6,656.7,1690.5,0.0,1809.54,21.12,True,Active,hafsa,None,Normal,3: Sitting down (controlled)
1790646693.6054356,20052,Person 6,655.6,1689.7,0.0,1809.9,21.15,True,Active,hafsa,None,Normal,3: Sitting down (controlled)
1790646693.6922293,20053,Person 6,654.6,1689.1,0.0,1809.54,21.12,True,Active,hafsa,None,Normal,3: Sitting down (controlled)
1790646693.7735195,20054,Person 6,653.5,1688.7,0.0,1809.76,21.05,True,Active,hafsa,None,Normal,3: Sitting down (controlled)
1790646693.875567,20055,Person 6,652.4,1688.5,0.0,1809.97,20.98,True,Active,hafsa,None,Normal,3: Sitting down (controlled)
1790646693.9599025,20056,Person 6,651.3,1688.4,0.0,1809.26,20.92,True,Active,hafsa,None,Normal,3: Sitting down (controlled)
1790646694.0489044,20057,Person 6,650.3,1688.6,0.0,1809.84,20.88,True,Active,hafsa,None,Normal,3: Sitting down (controlled)
1790646694.1391401,20058,Person 6,649.3,1689.0,0.0,1810.06,20.81,True,Active,hafsa,None,Normal,3: Sitting down (controlled)
1790646694.251243,20059,Person 6,648.2,1689.5,0.0,1809.35,20.75,True,Active,hafsa,None,Normal,3: Sitting down (controlled)
1790646694.3115115,20060,Person 6,647.0,1690.1,0.0,1809.93,20.71,True,Active,hafsa,None,Normal,3: Sitting down (controlled)
1790646694.4229202,20061,Person 6,645.6,1690.6,0.0,1809.22,20.65,True,Active,hafsa,None,Normal,3: Sitting down (controlled)
1790646694.5015824,20062,Person 6,644.0,1691.2,0.0,1809.81,20.61,True,Active,hafsa,None,Normal,3: Sitting down (controlled)
1790646694.5790687,20063,Person 6,642.3,1691.8,0.0,1809.11,20.55,True,Active,hafsa,None,Normal,3: Sitting down (controlled)
1790646694.667958,20064,Person 6,640.7,1692.4,0.0,1809.69,20.51,True,Active,hafsa,None,Normal,3: Sitting down (controlled)
1790646694.7591176,20065,Person 6,639.2,1692.9,0.0,1809.34,20.48,True,Active,hafsa,None,Normal,3: Sitting down (controlled)
1790646694.8736749,20066,Person 6,637.7,1693.5,0.0,1809.58,20.41,True,Active,hafsa,None,Normal,3: Sitting down (controlled)
1790646694.9464974,20067,Person 6,636.2,1694.0,0.0,1809.23,20.38,True,Active,hafsa,None,Normal,3: Sitting down (controlled)
1790646695.0305822,20068,Person 6,634.8,1694.5,0.0,1809.82,20.34,True,Active,hafsa,None,Normal,3: Sitting down (controlled)
1790646695.1598277,20069,Person 6,633.5,1694.8,0.0,1807.6,20.33,True,Active,hafsa,None,Normal,3: Sitting down (controlled)
1790646695.2372458,20070,Person 6,632.2,1694.8,0.0,1805.37,20.32,True,Active,hafsa,None,Normal,3: Sitting down (controlled)
1790646695.3295457,20071,Person 6,631.0,1694.6,0.0,1803.15,20.31,True,Active,hafsa,None,Normal,3: Sitting down (controlled)
1790646695.395109,20072,Person 6,629.8,1694.2,0.0,1801.87,20.3,True,Active,hafsa,None,Normal,3: Sitting down (controlled)
1790646695.4926016,20073,Person 6,628.8,1693.6,0.0,1799.99,20.32,True,Active,hafsa,None,Normal,3: Sitting down (controlled)
1790646695.5657146,20074,Person 6,627.8,1692.7,0.0,1797.77,20.31,True,Active,hafsa,None,Normal,3: Sitting down (controlled)
1790646695.6601372,20075,Person 6,627.2,1691.7,0.0,1797.87,20.41,True,Active,hafsa,None,Normal,3: Sitting down (controlled)
1790646695.7417824,20076,Person 6,627.2,1690.5,0.0,1798.34,20.54,True,Active,hafsa,None,Normal,3: Sitting down (controlled)
1790646695.8261256,20077,Person 6,627.7,1689.2,0.0,1798.81,20.67,True,Active,hafsa,None,Normal,3: Sitting down (controlled)
1790646695.9114277,20078,Person 6,628.7,1687.7,0.0,1799.29,20.8,True,Active,hafsa,None,Normal,3: Sitting down (controlled)
1790646696.0150957,20079,Person 6,630.2,1686.3,0.0,1799.78,20.93,True,Active,hafsa,None,Normal,3: Sitting down (controlled)
1790646696.103916,20080,Person 6,632.1,1685.0,0.0,1799.92,21.03,True,Active,hafsa,None,Normal,3: Sitting down (controlled)
1790646696.1939018,20081,Person 6,634.5,1683.8,0.0,1800.43,21.16,True,Active,hafsa,None,Normal,3: Sitting down (controlled)
1790646696.2814412,20082,Person 6,637.3,1682.6,0.0,1800.58,21.26,True,Active,hafsa,None,Normal,3: Sitting down (controlled)
1790646696.3539886,20083,Person 6,640.4,1681.5,0.0,1800.74,21.36,True,Active,hafsa,None,Normal,3: Sitting down (controlled)
1790646696.4558082,20084,Person 6,644.0,1680.6,0.0,1802.2,21.48,True,Active,hafsa,None,Normal,3: Sitting down (controlled)
1790646696.551175,20085,Person 6,647.6,1679.7,0.0,1802.37,21.58,True,Active,hafsa,None,Normal,3: Sitting down (controlled)
1790646696.6278105,20086,Person 6,651.0,1678.8,0.0,1802.18,21.65,True,Active,hafsa,None,Normal,3: Sitting down (controlled)
1790646696.722559,20087,Person 6,654.3,1677.9,0.0,1802.36,21.75,True,Active,hafsa,None,Normal,3: Sitting down (controlled)
1790646696.8074346,20088,Person 6,657.5,1677.1,0.0,1803.47,21.84,True,Active,hafsa,None,Normal,3: Sitting down (controlled)
1790646696.9050794,20089,Person 6,660.6,1676.3,0.0,1803.66,21.94,True,Active,hafsa,None,Normal,3: Sitting down (controlled)
1790646697.0028212,20090,Person 6,663.6,1675.5,0.0,1803.49,22.01,True,Active,hafsa,None,Normal,3: Sitting down (controlled)
1790646697.0936797,20091,Person 6,666.2,1674.8,0.0,1803.49,22.01,True,Active,hafsa,None,Normal,3: Sitting down (controlled)
1790646697.2029042,20092,Person 6,668.5,1674.2,0.0,1803.49,22.01,True,Active,hafsa,None,Normal,3: Sitting down (controlled)
1790646697.2740185,20093,Person 6,670.5,1673.7,0.0,1803.49,22.01,True,Active,hafsa,None,Normal,3: Sitting down (controlled)
1790646697.344838,20094,Person 6,672.1,1673.2,0.0,1803.49,22.01,True,Active,hafsa,None,Normal,3: Sitting down (controlled)
1790646697.4497752,20095,Person 6,673.4,1672.8,0.0,1803.49,22.01,True,Active,hafsa,None,Normal,3: Sitting down (controlled)
1790646697.5241926,20096,Person 6,674.5,1672.5,0.0,1803.49,22.01,True,Active,hafsa,None,Normal,3: Sitting down (controlled)
1790646697.6169014,20097,Person 6,675.3,1672.3,0.0,1803.49,22.01,True,Active,hafsa,None,Normal,3: Sitting down (controlled)
1790646697.7068431,20098,Person 6,675.8,1672.1,0.0,1803.49,22.01,True,Active,hafsa,None,Normal,3: Sitting down (controlled)
1790646697.7959688,20099,Person 6,676.0,1672.0,0.0,1803.49,22.01,True,Active,hafsa,None,Normal,3: Sitting down (controlled)
1790646697.8975956,20100,Person 6,676.0,1672.0,0.0,1803.49,22.01,True,Active,hafsa,None,Normal,3: Sitting down (controlled)
1790646697.9627485,20101,Person 6,676.0,1672.0,0.0,1803.49,22.01,True,Active,hafsa,None,Normal,3: Sitting down (controlled)
1790646698.0608594,20102,Person 6,676.0,1672.0,0.0,1803.49,22.01,True,Active,hafsa,None,Normal,3: Sitting down (controlled)
1790646698.1491222,20103,Person 6,676.0,1672.0,0.0,1803.49,22.01,True,Active,hafsa,None,Normal,3: Sitting down (controlled)
1790646698.2228057,20104,Person 6,676.0,1672.0,0.0,1803.49,22.01,True,Active,hafsa,None,Normal,3: Sitting down (controlled)
1790646698.3220305,20105,Person 6,676.0,1672.0,0.0,1803.49,22.01,True,Active,hafsa,None,Normal,3: Sitting down (controlled)
1790646698.407819,20106,Person 6,676.0,1672.0,0.0,1803.49,22.01,True,Active,hafsa,None,Normal,3: Sitting down (controlled)
1790646698.5065572,20107,Person 6,676.0,1672.0,0.0,1803.49,22.01,True,Active,hafsa,None,Normal,3: Sitting down (controlled)
1790646698.5925899,20108,Person 6,676.0,1672.0,0.0,1803.49,22.01,True,Active,hafsa,None,Normal,3: Sitting down (controlled)
1790646698.7032542,20109,Person 6,676.0,1672.0,0.0,1803.49,22.01,True,Active,hafsa,None,Normal,3: Sitting down (controlled)
1790646698.7696521,20110,Person 6,675.4,1672.8,0.0,1808.67,21.74,True,Active,hafsa,None,Normal,3: Sitting down (controlled)
1790646698.866714,20111,Person 6,674.2,1674.4,0.0,1813.9,21.47,True,Active,hafsa,None,Normal,3: Sitting down (controlled)
1790646698.9462116,20112,Person 6,672.4,1676.8,0.0,1819.17,21.2,True,Active,hafsa,None,Normal,3: Sitting down (controlled)
1790646699.0253458,20113,Person 6,670.0,1679.9,0.0,1823.54,20.95,True,Active,hafsa,None,Normal,3: Sitting down (controlled)
1790646699.1226852,20114,Person 6,667.0,1683.8,0.0,1828.89,20.68,True,Active,hafsa,None,Normal,3: Sitting down (controlled)
1790646699.2184174,20115,Person 6,663.4,1688.4,0.0,1833.34,20.43,True,Active,hafsa,None,Normal,3: Sitting down (controlled)
1790646699.294949,20116,Person 6,659.3,1693.6,0.0,1837.23,20.22,True,Active,hafsa,None,Normal,3: Sitting down (controlled)
1790646699.381689,20117,Person 6,654.7,1699.5,0.0,1842.08,20.0,True,Active,hafsa,None,Normal,3: Sitting down (controlled)
1790646699.4698944,20118,Person 6,649.6,1706.0,0.0,1846.02,19.79,True,Active,hafsa,None,Normal,3: Sitting down (controlled)
1790646699.5593994,20119,Person 6,644.0,1713.1,0.0,1849.99,19.58,True,Active,hafsa,None,Normal,3: Sitting down (controlled)
1790646699.6576657,20120,Person 6,638.5,1720.0,0.0,1853.98,19.37,True,Active,hafsa,None,Normal,3: Sitting down (controlled)
1790646699.7432125,20121,Person 6,633.2,1726.7,0.0,1858.32,19.2,True,Active,hafsa,None,Normal,3: Sitting down (controlled)
1790646699.8357906,20122,Person 6,628.1,1733.1,0.0,1861.73,19.03,True,Active,hafsa,None,Normal,3: Sitting down (controlled)
1790646699.9148176,20123,Person 6,623.1,1739.3,0.0,1864.84,18.83,True,Active,hafsa,None,Normal,3: Sitting down (controlled)
1790646700.0030591,20124,Person 6,618.3,1745.2,0.0,1868.29,18.67,True,Active,hafsa,None,Normal,3: Sitting down (controlled)
1790646700.1022651,20125,Person 6,613.8,1750.9,0.0,1872.07,18.53,True,Active,hafsa,None,Normal,3: Sitting down (controlled)
1790646700.1871426,20126,Person 6,609.8,1756.0,0.0,1872.07,18.53,True,Active,hafsa,None,Normal,3: Sitting down (controlled)
1790646700.270713,20127,Person 6,606.3,1760.4,0.0,1872.07,18.53,True,Active,hafsa,None,Normal,3: Sitting down (controlled)
1790646700.364287,20128,Person 6,603.3,1764.2,0.0,1872.07,18.53,True,Active,hafsa,None,Normal,3: Sitting down (controlled)
1790646700.4609087,20129,Person 6,600.8,1767.4,0.0,1872.07,18.53,True,Active,hafsa,None,Normal,3: Sitting down (controlled)
1790646700.5774884,20130,Person 6,598.8,1770.0,0.0,1872.07,18.53,True,Active,hafsa,None,Normal,3: Sitting down (controlled)
1790646700.6603012,20131,Person 6,597.2,1772.0,0.0,1872.07,18.53,True,Active,hafsa,None,Normal,3: Sitting down (controlled)
1790646700.7622097,20132,Person 6,596.0,1773.5,0.0,1872.07,18.53,True,Active,hafsa,None,Normal,3: Sitting down (controlled)
1790646700.842506,20133,Person 6,595.3,1774.5,0.0,1872.07,18.53,True,Active,hafsa,None,Normal,3: Sitting down (controlled)
1790646700.914371,20134,Person 6,595.0,1775.0,0.0,1872.07,18.53,True,Active,hafsa,None,Normal,3: Sitting down (controlled)
1790646700.982649,20135,Person 6,595.0,1775.0,0.0,1872.07,18.53,True,Active,hafsa,None,Normal,3: Sitting down (controlled)
1790646701.0863051,20136,Person 6,594.7,1775.2,0.0,1873.02,18.43,True,Active,hafsa,None,Normal,3: Sitting down (controlled)
1790646701.1878483,20137,Person 6,594.2,1775.5,0.0,1873.33,18.36,True,Active,hafsa,None,Normal,3: Sitting down (controlled)
1790646701.2775843,20138,Person 6,593.6,1776.0,0.0,1874.92,18.31,True,Active,hafsa,None,Normal,3: Sitting down (controlled)
1790646701.3426635,20139,Person 6,593.1,1776.7,0.0,1877.13,18.32,True,Active,hafsa,None,Normal,3: Sitting down (controlled)
1790646701.470005,20140,Person 6,592.6,1777.5,0.0,1878.08,18.31,True,Active,hafsa,None,Normal,3: Sitting down (controlled)
1790646701.5509388,20141,Person 6,592.2,1778.5,0.0,1880.29,18.32,True,Active,hafsa,None,Normal,3: Sitting down (controlled)
1790646701.6304834,20142,Person 6,591.8,1779.7,0.0,1882.19,18.3,True,Active,hafsa,None,Normal,3: Sitting down (controlled)
1790646701.7135093,20143,Person 6,591.5,1781.0,0.0,1883.46,18.32,True,Active,hafsa,None,Normal,3: Sitting down (controlled)
1790646701.7918403,20144,Person 6,591.5,1781.9,0.0,1880.61,18.44,True,Active,hafsa,None,Normal,3: Sitting down (controlled)
1790646701.8875742,20145,Person 6,591.6,1782.3,0.0,1876.18,18.52,True,Active,hafsa,None,Normal,3: Sitting down (controlled)
1790646701.9821799,20146,Person 6,592.0,1782.0,0.0,1871.44,18.57,True,Active,hafsa,None,Normal,3: Sitting down (controlled)
1790646702.072267,20147,Person 6,592.6,1781.0,0.0,1865.75,18.63,True,Active,hafsa,None,Normal,3: Sitting down (controlled)
1790646702.1693234,20148,Person 6,593.4,1779.2,0.0,1860.39,18.72,True,Active,hafsa,None,Normal,3: Sitting down (controlled)
1790646702.2319994,20149,Person 6,594.1,1776.6,0.0,1854.71,18.78,True,Active,hafsa,None,Normal,3: Sitting down (controlled)
1790646702.3329692,20150,Person 6,594.8,1773.7,0.0,1852.82,18.8,True,Active,hafsa,None,Normal,3: Sitting down (controlled)
1790646702.4244492,20151,Person 6,595.4,1770.6,0.0,1852.82,18.8,True,Active,hafsa,None,Normal,3: Sitting down (controlled)
1790646702.4983892,20152,Person 6,596.0,1767.4,0.0,1853.76,18.79,True,Active,hafsa,None,Normal,3: Sitting down (controlled)
1790646702.604264,20153,Person 6,596.4,1764.6,0.0,1858.18,18.71,True,Active,hafsa,None,Normal,3: Sitting down (controlled)
1790646702.6772704,20154,Person 6,596.2,1762.8,0.0,1862.9,18.56,True,Active,hafsa,None,Normal,3: Sitting down (controlled)
1790646702.780702,20155,Person 6,595.7,1762.1,0.0,1867.96,18.44,True,Active,hafsa,None,Normal,3: Sitting down (controlled)
1790646702.8485641,20156,Person 6,594.9,1762.6,0.0,1873.66,18.29,True,Active,hafsa,None,Normal,3: Sitting down (controlled)
1790646702.9440181,20157,Person 6,593.9,1764.3,0.0,1878.73,18.17,True,Active,hafsa,None,Normal,3: Sitting down (controlled)
1790646703.0403488,20158,Person 6,592.6,1767.2,0.0,1883.81,18.06,True,Active,hafsa,None,Normal,3: Sitting down (controlled)
1790646703.1561015,20159,Person 6,591.1,1771.3,0.0,1888.9,17.95,True,Active,hafsa,None,Normal,3: Sitting down (controlled)
1790646703.2149913,20160,Person 6,589.5,1776.2,0.0,1894.3,17.86,True,Active,hafsa,None,Normal,3: Sitting down (controlled)
1790646703.299802,20161,Person 6,587.7,1781.6,0.0,1898.45,17.76,True,Active,hafsa,None,Normal,3: Sitting down (controlled)
1790646703.400132,20162,Person 6,585.7,1787.5,0.0,1903.56,17.64,True,Active,hafsa,None,Normal,3: Sitting down (controlled)
1790646703.4942548,20163,Person 6,583.8,1793.1,0.0,1905.46,17.63,True,Active,hafsa,None,Normal,3: Sitting down (controlled)
1790646703.5641894,20164,Person 6,582.3,1798.3,0.0,1907.67,17.64,True,Active,hafsa,None,Normal,3: Sitting down (controlled)
1790646703.6817422,20165,Person 6,581.1,1803.1,0.0,1909.88,17.65,True,Active,hafsa,None,Normal,3: Sitting down (controlled)
1790646703.7542126,20166,Person 6,580.3,1807.4,0.0,1912.09,17.66,True,Active,hafsa,None,Normal,3: Sitting down (controlled)
1790646703.839097,20167,Person 6,579.8,1811.2,0.0,1913.35,17.68,True,Active,hafsa,None,Normal,3: Sitting down (controlled)
1790646703.9272487,20168,Person 6,579.5,1814.6,0.0,1915.25,17.66,True,Active,hafsa,None,Normal,3: Sitting down (controlled)
1790646704.008407,20169,Person 6,579.5,1817.5,0.0,1916.51,17.68,True,Active,hafsa,None,Normal,3: Sitting down (controlled)
1790646704.1302075,20170,Person 6,579.7,1820.0,0.0,1918.72,17.69,True,Active,hafsa,None,Normal,3: Sitting down (controlled)
1790646704.1921363,20171,Person 6,580.1,1822.1,0.0,1919.67,17.68,True,Active,hafsa,None,Normal,3: Sitting down (controlled)
1790646704.2918165,20172,Person 6,580.8,1823.7,0.0,1920.93,17.7,True,Active,hafsa,None,Normal,3: Sitting down (controlled)
1790646704.3744686,20173,Person 6,581.6,1825.3,0.0,1923.14,17.71,True,Active,hafsa,None,Normal,3: Sitting down (controlled)
1790646704.4649086,20174,Person 6,582.3,1826.8,0.0,1924.09,17.7,True,Active,hafsa,None,Normal,3: Sitting down (controlled)
1790646704.5445154,20175,Person 6,583.0,1828.2,0.0,1925.34,17.72,True,Active,hafsa,None,Normal,3: Sitting down (controlled)
1790646704.6387863,20176,Person 6,583.7,1829.5,0.0,1926.6,17.74,True,Active,hafsa,None,Normal,3: Sitting down (controlled)
1790646704.7203395,20177,Person 6,584.3,1830.8,0.0,1927.55,17.73,True,Active,hafsa,None,Normal,3: Sitting down (controlled)
1790646704.8080046,20178,Person 6,585.0,1832.0,0.0,1928.81,17.75,True,Active,hafsa,None,Normal,3: Sitting down (controlled)
1790646704.89753,20179,Person 6,585.2,1833.7,0.0,1933.31,17.58,True,Active,hafsa,None,Normal,3: Sitting down (controlled)
1790646705.0186508,20180,Person 6,585.1,1835.8,0.0,1938.43,17.47,True,Active,hafsa,None,Normal,3: Sitting down (controlled)
1790646705.111214,20181,Person 6,584.9,1838.6,0.0,1945.77,17.37,True,Active,hafsa,None,Normal,3: Sitting down (controlled)
1790646705.1966069,20182,Person 6,584.4,1842.1,0.0,1952.81,17.25,True,Active,hafsa,None,Normal,3: Sitting down (controlled)
1790646705.3003616,20183,Person 6,584.0,1845.5,0.0,1954.36,17.29,True,Active,hafsa,None,Normal,3: Sitting down (controlled)
1790646705.3600671,20184,Person 6,583.6,1849.0,0.0,1956.27,17.28,True,Active,hafsa,None,Normal,3: Sitting down (controlled)
1790646705.4790773,20185,Person 6,582.8,1852.5,0.0,1956.33,17.18,True,Active,hafsa,None,Normal,3: Sitting down (controlled)
1790646705.5580952,20186,Person 6,581.6,1855.8,0.0,1954.49,17.11,True,Active,hafsa,None,Normal,3: Sitting down (controlled)
1790646705.6419885,20187,Person 6,580.1,1858.9,0.0,1952.66,17.03,True,Active,hafsa,None,Normal,3: Sitting down (controlled)
1790646705.7093003,20188,Person 6,578.3,1861.9,0.0,1952.07,16.98,True,Active,hafsa,None,Normal,3: Sitting down (controlled)
1790646705.7891722,20189,Person 6,576.2,1864.1,0.0,1948.13,16.8,True,Active,hafsa,None,Normal,3: Sitting down (controlled)
1790646705.921372,20190,Person 6,573.8,1865.2,0.0,1941.9,16.7,True,Active,hafsa,None,Normal,3: Sitting down (controlled)
1790646706.0006843,20191,Person 6,571.1,1864.7,0.0,1933.09,16.65,True,Active,hafsa,None,Normal,3: Sitting down (controlled)
1790646706.0786932,20192,Person 6,568.3,1862.7,0.0,1925.52,16.63,True,Active,hafsa,None,Normal,3: Sitting down (controlled)
1790646706.157503,20193,Person 6,565.4,1860.1,0.0,1921.02,16.7,True,Active,hafsa,None,Normal,3: Sitting down (controlled)
1790646706.2322774,20194,Person 6,562.4,1857.2,0.0,1919.77,16.68,True,Active,hafsa,None,Normal,3: Sitting down (controlled)
1790646706.333772,20195,Person 6,560.2,1854.4,0.0,1923.13,16.8,True,Active,hafsa,None,Normal,3: Sitting down (controlled)
1790646706.4166963,20196,Person 6,559.0,1852.1,0.0,1928.99,16.97,True,Active,hafsa,None,Normal,3: Sitting down (controlled)
1790646706.512963,20197,Person 6,558.6,1850.1,0.0,1932.36,17.09,True,Active,hafsa,None,Normal,3: Sitting down (controlled)
1790646706.6033847,20198,Person 6,559.1,1848.2,0.0,1935.39,17.28,True,Active,hafsa,None,Normal,3: Sitting down (controlled)
1790646706.6771781,20199,Person 6,560.3,1846.4,0.0,1934.43,17.29,True,Active,hafsa,None,Normal,3: Sitting down (controlled)
1790646706.7856178,20200,Person 6,561.7,1845.0,0.0,1932.59,17.22,True,Active,hafsa,None,Normal,3: Sitting down (controlled)
1790646706.8912551,20201,Person 6,563.3,1844.2,0.0,1930.09,17.18,True,Active,hafsa,None,Normal,3: Sitting down (controlled)
1790646706.9663613,20202,Person 6,564.9,1844.0,0.0,1928.25,17.1,True,Active,hafsa,None,Normal,3: Sitting down (controlled)
1790646707.0728118,20203,Person 6,566.2,1844.1,0.0,1925.75,17.06,True,Active,hafsa,None,Normal,3: Sitting down (controlled)
1790646707.1386516,20204,Person 6,567.4,1844.2,0.0,1924.21,17.01,True,Active,hafsa,None,Normal,3: Sitting down (controlled)
1790646707.210841,20205,Person 6,567.9,1843.9,0.0,1921.71,16.97,True,Active,hafsa,None,Normal,3: Sitting down (controlled)
1790646707.3222246,20206,Person 6,567.6,1843.7,0.0,1926.2,16.9,True,Active,hafsa,None,Normal,3: Sitting down (controlled)
1790646707.402735,20207,Person 6,566.6,1843.9,0.0,1931.36,16.79,True,Active,hafsa,None,Normal,3: Sitting down (controlled)
1790646707.4838574,20208,Person 6,564.8,1844.6,0.0,1936.82,16.71,True,Active,hafsa,None,Normal,3: Sitting down (controlled)
1790646707.5731318,20209,Person 6,562.9,1845.9,0.0,1941.32,16.64,True,Active,hafsa,None,Normal,3: Sitting down (controlled)
1790646707.6866138,20210,Person 6,561.3,1847.5,0.0,1943.24,16.63,True,Active,hafsa,None,Normal,3: Sitting down (controlled)
1790646707.7520165,20211,Person 6,560.0,1849.4,0.0,1944.48,16.65,True,Active,hafsa,None,Normal,3: Sitting down (controlled)
1790646707.8555646,20212,Person 6,559.2,1851.2,0.0,1943.14,16.72,True,Active,hafsa,None,Normal,3: Sitting down (controlled)
1790646707.9294624,20213,Person 6,559.0,1852.9,0.0,1941.43,16.86,True,Active,hafsa,None,Normal,3: Sitting down (controlled)
1790646708.0126197,20214,Person 6,559.3,1854.4,0.0,1939.43,16.97,True,Active,hafsa,None,Normal,3: Sitting down (controlled)
1790646708.1276803,20215,Person 6,560.1,1855.8,0.0,1937.44,17.08,True,Active,hafsa,None,Normal,3: Sitting down (controlled)
1790646708.197717,20216,Person 6,561.2,1856.4,0.0,1935.16,17.16,True,Active,hafsa,None,Normal,3: Sitting down (controlled)
1790646708.2867346,20217,Person 6,562.8,1856.2,0.0,1934.14,17.26,True,Active,hafsa,None,Normal,3: Sitting down (controlled)
1790646708.393855,20218,Person 6,564.8,1855.1,0.0,1932.17,17.38,True,Active,hafsa,None,Normal,3: Sitting down (controlled)
1790646708.4648116,20219,Person 6,567.1,1853.3,0.0,1930.86,17.45,True,Active,hafsa,None,Normal,3: Sitting down (controlled)
1790646708.5529695,20220,Person 6,569.7,1851.0,0.0,1928.9,17.56,True,Active,hafsa,None,Normal,3: Sitting down (controlled)
1790646708.662125,20221,Person 6,572.4,1848.4,0.0,1927.6,17.64,True,Active,hafsa,None,Normal,3: Sitting down (controlled)
1790646708.7483077,20222,Person 6,575.2,1845.8,0.0,1926.6,17.74,True,Active,hafsa,None,Normal,3: Sitting down (controlled)
1790646708.8211918,20223,Person 6,577.8,1843.3,0.0,1925.31,17.81,True,Active,hafsa,None,Normal,3: Sitting down (controlled)
1790646708.9033737,20224,Person 6,580.3,1840.8,0.0,1923.07,17.9,True,Active,hafsa,None,Normal,3: Sitting down (controlled)
1790646709.0303428,20225,Person 6,582.7,1838.4,0.0,1921.78,17.97,True,Active,hafsa,None,Normal,3: Sitting down (controlled)
1790646709.0929236,20226,Person 6,584.8,1836.7,0.0,1925.28,17.91,True,Active,hafsa,None,Normal,3: Sitting down (controlled)
1790646709.1703444,20227,Person 6,586.2,1836.0,0.0,1931.67,17.72,True,Active,hafsa,None,Normal,3: Sitting down (controlled)
1790646709.2624764,20228,Person 6,586.9,1836.1,0.0,1935.22,17.56,True,Active,hafsa,None,Normal,3: Sitting down (controlled)
1790646709.374746,20229,Person 6,587.1,1836.5,0.0,1935.27,17.47,True,Active,hafsa,None,Normal,3: Sitting down (controlled)
1790646709.4635415,20230,Person 6,586.8,1837.2,0.0,1934.67,17.41,True,Active,hafsa,None,Normal,3: Sitting down (controlled)
1790646709.5572355,20231,Person 6,586.0,1838.1,0.0,1933.78,17.33,True,Active,hafsa,None,Normal,3: Sitting down (controlled)
1790646709.6180198,20232,Person 6,585.0,1839.7,0.0,1938.85,17.31,True,Active,hafsa,None,Normal,3: Sitting down (controlled)
1790646709.7033322,20233,Person 6,583.6,1842.1,0.0,1943.98,17.2,True,Active,hafsa,None,Normal,3: Sitting down (controlled)
1790646709.7923152,20234,Person 6,582.1,1845.1,0.0,1947.15,17.21,True,Active,hafsa,None,Normal,3: Sitting down (controlled)
1790646709.93122,20235,Person 6,580.3,1848.8,0.0,1951.63,17.14,True,Active,hafsa,None,Normal,3: Sitting down (controlled)
1790646710.0126698,20236,Person 6,578.5,1852.6,0.0,1956.11,17.06,True,Active,hafsa,None,Normal,3: Sitting down (controlled)
1790646710.1073089,20237,Person 6,576.9,1856.1,0.0,1960.31,16.97,True,Active,hafsa,None,Normal,3: Sitting down (controlled)
1790646710.1868272,20238,Person 6,575.6,1859.6,0.0,1964.8,16.89,True,Active,hafsa,None,Normal,3: Sitting down (controlled)
1790646710.2572281,20239,Person 6,574.5,1863.5,0.0,1969.3,16.82,True,Active,hafsa,None,Normal,3: Sitting down (controlled)
1790646710.3433323,20240,Person 6,573.4,1867.9,0.0,1973.51,16.73,True,Active,hafsa,None,Normal,3: Sitting down (controlled)
1790646710.4335744,20241,Person 6,572.1,1872.9,0.0,1977.82,16.54,True,Active,hafsa,None,Normal,3: Sitting down (controlled)
1790646710.5067916,20242,Person 6,570.3,1878.0,0.0,1982.44,16.38,True,Active,hafsa,None,Normal,3: Sitting down (controlled)
1790646710.5928814,20243,Person 6,568.5,1883.0,0.0,1986.68,16.28,True,Active,hafsa,None,Normal,3: Sitting down (controlled)
1790646710.691171,20244,Person 6,566.4,1888.1,0.0,1989.96,16.19,True,Active,hafsa,None,Normal,3: Sitting down (controlled)
1790646710.7790148,20245,Person 6,564.2,1893.5,0.0,1997.09,16.08,True,Active,hafsa,None,Normal,3: Sitting down (controlled)
1790646710.8769891,20246,Person 6,561.8,1899.3,0.0,2004.91,15.92,True,Active,hafsa,None,Normal,3: Sitting down (controlled)
1790646710.9613078,20247,Person 6,559.0,1905.3,0.0,2010.02,15.7,True,Active,hafsa,None,Normal,3: Sitting down (controlled)
1790646711.04105,20248,Person 6,555.7,1911.5,0.0,2015.14,15.48,True,Active,hafsa,None,Normal,3: Sitting down (controlled)
1790646711.1383922,20249,Person 6,551.9,1917.9,0.0,2020.3,15.27,True,Active,hafsa,None,Normal,3: Sitting down (controlled)
1790646711.2457085,20250,Person 6,547.8,1924.4,0.0,2024.78,15.09,True,Active,hafsa,None,Normal,3: Sitting down (controlled)
1790646711.3491693,20251,Person 6,543.6,1931.1,0.0,2030.96,14.86,True,Active,hafsa,None,Normal,3: Sitting down (controlled)
1790646711.4763622,20252,Person 6,539.4,1937.8,0.0,2035.74,14.71,True,Active,hafsa,None,Normal,3: Sitting down (controlled)
1790646711.53731,20253,Person 6,535.1,1944.6,0.0,2040.79,14.59,True,Active,hafsa,None,Normal,3: Sitting down (controlled)
1790646711.6374319,20254,Person 6,530.7,1951.5,0.0,2044.88,14.47,True,Active,hafsa,None,Normal,3: Sitting down (controlled)
1790646711.714822,20255,Person 6,526.2,1958.3,0.0,2050.91,14.34,True,Active,hafsa,None,Normal,3: Sitting down (controlled)
1790646711.8040423,20256,Person 6,521.5,1964.7,0.0,2054.53,14.17,True,Active,hafsa,None,Normal,3: Sitting down (controlled)
1790646711.8690662,20257,Person 6,517.1,1970.7,0.0,2056.7,14.07,True,Active,hafsa,None,Normal,3: Sitting down (controlled)
1790646711.9603179,20258,Person 6,513.0,1976.2,0.0,2057.92,13.98,True,Active,hafsa,None,Normal,3: Sitting down (controlled)
1790646712.025669,20259,Person 6,509.2,1981.3,0.0,2060.11,13.87,True,Active,hafsa,None,Normal,3: Sitting down (controlled)
1790646712.1299744,20260,Person 6,505.6,1986.0,0.0,2061.33,13.78,True,Active,hafsa,None,Normal,3: Sitting down (controlled)
1790646712.2126505,20261,Person 6,502.4,1990.1,0.0,2062.8,13.71,True,Active,hafsa,None,Normal,3: Sitting down (controlled)
1790646712.3136718,20262,Person 6,499.3,1993.8,0.0,2064.03,13.62,True,Active,hafsa,None,Normal,3: Sitting down (controlled)
1790646712.417089,20263,Person 6,496.6,1997.1,0.0,2066.21,13.63,True,Active,hafsa,None,Normal,3: Sitting down (controlled)
1790646712.47826,20264,Person 6,494.3,2000.1,0.0,2068.39,13.65,True,Active,hafsa,None,Normal,3: Sitting down (controlled)
1790646712.5551662,20265,Person 6,492.5,2002.6,0.0,2070.81,13.69,True,Active,hafsa,None,Normal,3: Sitting down (controlled)
1790646712.6687222,20266,Person 6,491.3,2004.8,0.0,2072.99,13.7,True,Active,hafsa,None,Normal,3: Sitting down (controlled)
1790646712.764582,20267,Person 6,490.6,2006.9,0.0,2075.4,13.74,True,Active,hafsa,None,Normal,3: Sitting down (controlled)
1790646712.8425374,20268,Person 6,490.3,2008.9,0.0,2076.61,13.76,True,Active,hafsa,None,Normal,3: Sitting down (controlled)
1790646712.927608,20269,Person 6,490.4,2010.8,0.0,2078.79,13.78,True,Active,hafsa,None,Normal,3: Sitting down (controlled)
1790646712.9909484,20270,Person 6,491.0,2012.6,0.0,2080.24,13.82,True,Active,hafsa,None,Normal,3: Sitting down (controlled)
1790646713.1319644,20271,Person 6,491.9,2014.4,0.0,2082.42,13.84,True,Active,hafsa,None,Normal,3: Sitting down (controlled)
1790646713.2107253,20272,Person 6,493.2,2016.1,0.0,2083.63,13.86,True,Active,hafsa,None,Normal,3: Sitting down (controlled)
1790646713.311545,20273,Person 6,494.5,2017.8,0.0,2085.82,13.87,True,Active,hafsa,None,Normal,3: Sitting down (controlled)
1790646713.3605604,20274,Person 6,495.8,2019.4,0.0,2087.03,13.89,True,Active,hafsa,None,Normal,3: Sitting down (controlled)
1790646713.4829013,20275,Person 6,497.0,2021.0,0.0,2089.21,13.9,True,Active,hafsa,None,Normal,3: Sitting down (controlled)
1790646713.5628998,20276,Person 6,498.2,2022.5,0.0,2090.42,13.92,True,Active,hafsa,None,Normal,3: Sitting down (controlled)
1790646713.6282413,20277,Person 6,499.3,2023.9,0.0,2091.63,13.94,True,Active,hafsa,None,Normal,3: Sitting down (controlled)
1790646713.6980484,20278,Person 6,500.4,2025.1,0.0,2090.9,13.98,True,Active,hafsa,None,Normal,3: Sitting down (controlled)
1790646713.790739,20279,Person 6,501.2,2025.5,0.0,2084.6,13.96,True,Active,hafsa,None,Normal,3: Sitting down (controlled)
1790646713.9337876,20280,Person 6,501.9,2025.2,80.0,2079.02,14.03,True,Active,hafsa,None,Normal,3: Sitting down (controlled)
1790646714.012961,20281,Person 6,502.9,2024.1,0.0,2074.17,14.18,True,Active,hafsa,None,Normal,3: Sitting down (controlled)
1790646714.0824878,20282,Person 6,504.2,2022.4,0.0,2070.31,14.32,True,Active,hafsa,None,Normal,3: Sitting down (controlled)
1790646714.1552744,20283,Person 6,506.0,2019.9,0.0,2065.99,14.52,True,Active,hafsa,None,Normal,3: Sitting down (controlled)
1790646714.2295516,20284,Person 6,508.7,2016.8,0.0,2063.69,14.82,True,Active,hafsa,None,Normal,3: Sitting down (controlled)
1790646714.3695834,20285,Person 6,512.2,2012.9,0.0,2060.22,15.11,True,Active,hafsa,None,Normal,3: Sitting down (controlled)
1790646714.4507985,20286,Person 6,516.6,2008.3,0.0,2057.06,15.42,True,Active,hafsa,None,Normal,3: Sitting down (controlled)
1790646714.5617945,20287,Person 6,521.8,2003.0,0.0,2053.7,15.71,True,Active,hafsa,None,Normal,3: Sitting down (controlled)
1790646714.6281283,20288,Person 6,527.9,1997.2,0.0,2050.66,16.02,True,Active,hafsa,None,Normal,3: Sitting down (controlled)
1790646714.699188,20289,Person 6,534.7,1991.9,0.0,2051.08,16.16,True,Active,hafsa,None,Normal,3: Sitting down (controlled)
1790646714.7943914,20290,Person 6,541.5,1987.3,0.0,2052.32,16.18,True,Active,hafsa,None,Normal,3: Sitting down (controlled)
1790646714.8843539,20291,Person 6,547.9,1983.4,0.0,2053.28,16.18,True,Active,hafsa,None,Normal,3: Sitting down (controlled)
1790646714.9734316,20292,Person 6,553.6,1980.2,0.0,2054.37,16.08,True,Active,hafsa,None,Normal,3: Sitting down (controlled)
1790646715.0569966,20293,Person 6,558.4,1977.8,0.0,2055.46,15.98,True,Active,hafsa,None,Normal,3: Sitting down (controlled)
1790646715.131434,20294,Person 6,562.0,1976.1,0.0,2056.84,15.91,True,Active,hafsa,None,Normal,3: Sitting down (controlled)
1790646715.2338617,20295,Person 6,564.5,1975.3,0.0,2059.18,15.84,True,Active,hafsa,None,Normal,3: Sitting down (controlled)
1790646715.31883,20296,Person 6,565.9,1975.3,0.0,2060.83,15.8,True,Active,hafsa,None,Normal,3: Sitting down (controlled)
1790646715.408263,20297,Person 6,566.4,1976.1,0.0,2062.75,15.78,True,Active,hafsa,None,Normal,3: Sitting down (controlled)
1790646715.5038917,20298,Person 6,566.0,1977.6,0.0,2063.99,15.8,True,Active,hafsa,None,Normal,3: Sitting down (controlled)
1790646715.6226387,20299,Person 6,565.2,1978.9,0.0,2061.37,15.85,True,Active,hafsa,None,Normal,3: Sitting down (controlled)
1790646715.6984153,20300,Person 6,564.3,1979.6,0.0,2056.56,15.89,True,Active,hafsa,None,Normal,3: Sitting down (controlled)
1790646715.7898982,20301,Person 6,563.5,1979.7,0.0,2052.03,15.95,True,Active,hafsa,None,Normal,3: Sitting down (controlled)
1790646715.875434,20302,Person 6,563.0,1979.7,0.0,2052.99,15.95,True,Active,hafsa,None,Normal,3: Sitting down (controlled)
1790646715.9598453,20303,Person 6,562.8,1979.8,0.0,2055.88,15.92,True,Active,hafsa,None,Normal,3: Sitting down (controlled)
1790646716.029764,20304,Person 6,562.4,1980.0,0.0,2057.67,15.79,True,Active,hafsa,None,Normal,3: Sitting down (controlled)
1790646716.113807,20305,Person 6,561.9,1979.9,0.0,2056.85,15.71,True,Active,hafsa,None,Normal,3: Sitting down (controlled)
1790646716.2289834,20306,Person 6,561.4,1979.1,0.0,2051.77,15.72,True,Active,hafsa,None,Normal,3: Sitting down (controlled)
1790646716.3195934,20307,Person 6,560.8,1977.8,0.0,2048.61,15.72,True,Active,hafsa,None,Normal,3: Sitting down (controlled)
1790646716.3801131,20308,Person 6,560.1,1976.1,0.0,2045.72,15.74,True,Active,hafsa,None,Normal,3: Sitting down (controlled)
1790646716.474634,20309,Person 6,559.0,1974.5,0.0,2042.99,15.68,True,Active,hafsa,None,Normal,3: Sitting down (controlled)
1790646716.5667422,20310,Person 6,557.9,1973.0,0.0,2039.14,15.71,True,Active,hafsa,None,Normal,3: Sitting down (controlled)
1790646716.6556737,20311,Person 6,556.4,1971.7,0.0,2035.44,15.65,True,Active,hafsa,None,Normal,3: Sitting down (controlled)
1790646716.7335258,20312,Person 6,555.0,1969.9,0.0,2031.86,15.71,True,Active,hafsa,None,Normal,3: Sitting down (controlled)
1790646716.846549,20313,Person 6,553.3,1967.6,0.0,2029.12,15.64,True,Active,hafsa,None,Normal,3: Sitting down (controlled)
1790646716.9164207,20314,Person 6,551.7,1964.7,0.0,2025.42,15.58,True,Active,hafsa,None,Normal,3: Sitting down (controlled)
1790646717.0217497,20315,Person 6,550.4,1961.7,0.0,2024.46,15.59,True,Active,hafsa,None,Normal,3: Sitting down (controlled)
1790646717.100457,20316,Person 6,549.3,1959.2,0.0,2024.73,15.61,True,Active,hafsa,None,Normal,3: Sitting down (controlled)
1790646717.2022016,20317,Person 6,548.5,1957.0,0.0,2025.27,15.67,True,Active,hafsa,None,Normal,3: Sitting down (controlled)
1790646717.2762706,20318,Person 6,547.5,1955.3,0.0,2026.65,15.6,True,Active,hafsa,None,Normal,3: Sitting down (controlled)
1790646717.3558815,20319,Person 6,546.8,1954.0,0.0,2028.58,15.58,True,Active,hafsa,None,Normal,3: Sitting down (controlled)
1790646717.4645164,20320,Person 6,546.4,1953.4,0.0,2032.28,15.64,True,Active,hafsa,None,Normal,3: Sitting down (controlled)
1790646717.5447137,20321,Person 6,546.8,1953.0,0.0,2032.67,15.79,True,Active,hafsa,None,Normal,3: Sitting down (controlled)
1790646717.6336129,20322,Person 6,547.6,1952.8,0.0,2032.11,15.94,True,Active,hafsa,None,Normal,3: Sitting down (controlled)
1790646717.7136557,20323,Person 6,549.3,1952.6,0.0,2031.85,16.12,True,Active,hafsa,None,Normal,3: Sitting down (controlled)
1790646717.7999022,20324,Person 6,551.8,1952.5,0.0,2031.32,16.27,True,Active,hafsa,None,Normal,3: Sitting down (controlled)
1790646717.9343739,20325,Person 6,554.8,1952.4,0.0,2031.77,16.41,True,Active,hafsa,None,Normal,3: Sitting down (controlled)
1790646718.0159268,20326,Person 6,558.2,1952.1,0.0,2031.27,16.56,True,Active,hafsa,None,Normal,3: Sitting down (controlled)
1790646718.1048396,20327,Person 6,561.9,1951.6,0.0,2030.78,16.71,True,Active,hafsa,None,Normal,3: Sitting down (controlled)
1790646718.1708019,20328,Person 6,565.9,1950.3,0.0,2025.33,16.79,True,Active,hafsa,None,Normal,3: Sitting down (controlled)
1790646718.2462134,20329,Person 6,569.7,1948.1,0.0,2018.05,16.79,True,Active,hafsa,None,Normal,3: Sitting down (controlled)
1790646718.359196,20330,Person 6,572.9,1945.0,0.0,2011.44,16.76,True,Active,hafsa,None,Normal,3: Sitting down (controlled)
1790646718.4474845,20331,Person 6,575.5,1941.3,0.0,2004.45,16.79,True,Active,hafsa,None,Normal,3: Sitting down (controlled)
1790646718.5370529,20332,Person 6,577.4,1936.9,0.0,1995.25,16.81,True,Active,hafsa,None,Normal,3: Sitting down (controlled)
1790646718.6077676,20333,Person 6,578.5,1931.9,0.0,1987.02,16.82,True,Active,hafsa,None,Normal,3: Sitting down (controlled)
1790646718.6907713,20334,Person 6,578.9,1926.3,0.0,1978.78,16.83,True,Active,hafsa,None,Normal,3: Sitting down (controlled)
1790646718.8088002,20335,Person 6,578.6,1920.1,0.0,1971.5,16.84,True,Active,hafsa,None,Normal,3: Sitting down (controlled)
1790646718.887628,20336,Person 6,577.7,1913.3,0.0,1963.55,16.88,True,Active,hafsa,None,Normal,3: Sitting down (controlled)
1790646718.9714313,20337,Person 6,576.1,1906.0,0.0,1956.27,16.88,True,Active,hafsa,None,Normal,3: Sitting down (controlled)
1790646719.0530827,20338,Person 6,574.2,1898.6,0.0,1948.99,16.88,True,Active,hafsa,None,Normal,3: Sitting down (controlled)
1790646719.135767,20339,Person 6,572.6,1891.3,0.0,1943.55,16.96,True,Active,hafsa,None,Normal,3: Sitting down (controlled)
1790646719.2698863,20340,Person 6,571.5,1883.9,0.0,1937.44,17.08,True,Active,hafsa,None,Normal,3: Sitting down (controlled)
1790646719.3506658,20341,Person 6,570.6,1876.6,0.0,1932.0,17.16,True,Active,hafsa,None,Normal,3: Sitting down (controlled)
1790646719.4432738,20342,Person 6,570.0,1869.6,0.0,1926.56,17.24,True,Active,hafsa,None,Normal,3: Sitting down (controlled)
1790646719.5041983,20343,Person 6,569.8,1862.8,0.0,1921.43,17.35,True,Active,hafsa,None,Normal,3: Sitting down (controlled)
1790646719.5822682,20344,Person 6,569.9,1856.3,0.0,1916.96,17.42,True,Active,hafsa,None,Normal,3: Sitting down (controlled)
1790646719.720891,20345,Person 6,570.3,1849.9,0.0,1911.53,17.51,True,Active,hafsa,None,Normal,3: Sitting down (controlled)
1790646719.8008726,20346,Person 6,571.0,1843.8,0.0,1907.37,17.61,True,Active,hafsa,None,Normal,3: Sitting down (controlled)
1790646719.8979697,20347,Person 6,572.0,1837.9,0.0,1902.91,17.68,True,Active,hafsa,None,Normal,3: Sitting down (controlled)
1790646719.9684155,20348,Person 6,573.3,1832.2,0.0,1898.45,17.76,True,Active,hafsa,None,Normal,3: Sitting down (controlled)
1790646720.0409036,20349,Person 6,574.6,1826.7,0.0,1894.94,17.82,True,Active,hafsa,None,Normal,3: Sitting down (controlled)
1790646720.120028,20350,Person 6,575.8,1821.4,0.0,1890.49,17.9,True,Active,hafsa,None,Normal,3: Sitting down (controlled)
1790646720.236419,20351,Person 6,577.0,1816.3,0.0,1886.99,17.96,True,Active,hafsa,None,Normal,3: Sitting down (controlled)
1790646720.3063633,20352,Person 6,578.2,1811.4,0.0,1883.5,18.03,True,Active,hafsa,None,Normal,3: Sitting down (controlled)
1790646720.3873553,20353,Person 6,579.3,1806.7,0.0,1880.01,18.1,True,Active,hafsa,None,Normal,3: Sitting down (controlled)
1790646720.4865727,20354,Person 6,580.4,1802.3,0.0,1878.42,18.15,True,Active,hafsa,None,Normal,3: Sitting down (controlled)
1790646720.5817916,20355,Person 6,581.5,1798.4,0.0,1877.78,18.18,True,Active,hafsa,None,Normal,3: Sitting down (controlled)
1790646720.6581082,20356,Person 6,582.3,1794.8,0.0,1875.57,18.17,True,Active,hafsa,None,Normal,3: Sitting down (controlled)
1790646720.739069,20357,Person 6,582.9,1791.7,0.0,1875.25,18.15,True,Active,hafsa,None,Normal,3: Sitting down (controlled)
1790646720.830058,20358,Person 6,583.4,1789.0,0.0,1874.3,18.15,True,Active,hafsa,None,Normal,3: Sitting down (controlled)
1790646720.9151402,20359,Person 6,583.7,1786.6,0.0,1873.04,18.14,True,Active,hafsa,None,Normal,3: Sitting down (controlled)
1790646721.0211148,20360,Person 6,584.0,1784.5,0.0,1871.45,18.18,True,Active,hafsa,None,Normal,3: Sitting down (controlled)
1790646721.1056955,20361,Person 6,584.3,1782.7,0.0,1870.82,18.22,True,Active,hafsa,None,Normal,3: Sitting down (controlled)
1790646721.1915534,20362,Person 6,584.7,1781.1,0.0,1869.54,18.3,True,Active,hafsa,None,Normal,3: Sitting down (controlled)
1790646721.27728,20363,Person 6,585.2,1779.8,0.0,1869.22,18.37,True,Active,hafsa,None,Normal,3: Sitting down (controlled)
1790646721.3671484,20364,Person 6,585.7,1778.5,0.0,1867.64,18.42,True,Active,hafsa,None,Normal,3: Sitting down (controlled)
1790646721.4653027,20365,Person 6,586.3,1777.2,0.0,1867.33,18.48,True,Active,hafsa,None,Normal,3: Sitting down (controlled)
1790646721.5778048,20366,Person 6,587.1,1775.9,0.0,1865.75,18.53,True,Active,hafsa,None,Normal,3: Sitting down (controlled)
1790646721.6589918,20367,Person 6,588.2,1774.5,0.0,1865.44,18.6,True,Active,hafsa,None,Normal,3: Sitting down (controlled)
1790646721.7422829,20368,Person 6,589.4,1773.1,0.0,1864.81,18.64,True,Active,hafsa,None,Normal,3: Sitting down (controlled)
1790646721.8208036,20369,Person 6,590.8,1771.6,0.0,1863.23,18.69,True,Active,hafsa,None,Normal,3: Sitting down (controlled)
1790646721.8962374,20370,Person 6,592.2,1770.2,0.0,1862.61,18.73,True,Active,hafsa,None,Normal,3: Sitting down (controlled)
1790646722.0028205,20371,Person 6,593.7,1768.8,0.0,1862.3,18.79,True,Active,hafsa,None,Normal,3: Sitting down (controlled)
1790646722.1015847,20372,Person 6,595.1,1767.4,0.0,1860.73,18.84,True,Active,hafsa,None,Normal,3: Sitting down (controlled)
1790646722.1757317,20373,Person 6,596.3,1765.9,0.0,1858.84,18.86,True,Active,hafsa,None,Normal,3: Sitting down (controlled)
1790646722.254145,20374,Person 6,597.3,1764.4,0.0,1856.62,18.85,True,Active,hafsa,None,Normal,3: Sitting down (controlled)
1790646722.356442,20375,Person 6,598.0,1762.8,0.0,1854.41,18.85,True,Active,hafsa,None,Normal,3: Sitting down (controlled)
1790646722.4691138,20376,Person 6,598.4,1761.3,0.0,1852.82,18.8,True,Active,hafsa,None,Normal,3: Sitting down (controlled)
1790646722.5295222,20377,Person 6,598.5,1759.7,0.0,1850.6,18.79,True,Active,hafsa,None,Normal,3: Sitting down (controlled)
1790646722.61599,20378,Person 6,598.3,1758.1,0.0,1849.01,18.74,True,Active,hafsa,None,Normal,3: Sitting down (controlled)
1790646722.7001936,20379,Person 6,597.9,1756.5,0.0,1846.79,18.73,True,Active,hafsa,None,Normal,3: Sitting down (controlled)
1790646722.795999,20380,Person 6,597.3,1754.9,0.0,1845.53,18.71,True,Active,hafsa,None,Normal,3: Sitting down (controlled)
1790646722.8828013,20381,Person 6,596.4,1753.2,0.0,1843.31,18.7,True,Active,hafsa,None,Normal,3: Sitting down (controlled)
1790646722.9801757,20382,Person 6,595.3,1751.6,0.0,1842.04,18.68,True,Active,hafsa,None,Normal,3: Sitting down (controlled)
1790646723.0702214,20383,Person 6,594.0,1750.1,0.0,1840.46,18.63,True,Active,hafsa,None,Normal,3: Sitting down (controlled)
1790646723.1423678,20384,Person 6,592.7,1748.6,0.0,1838.24,18.62,True,Active,hafsa,None,Normal,3: Sitting down (controlled)
1790646723.2468834,20385,Person 6,591.4,1747.2,0.0,1836.97,18.6,True,Active,hafsa,None,Normal,3: Sitting down (controlled)
1790646723.3147376,20386,Person 6,590.2,1745.8,0.0,1835.71,18.58,True,Active,hafsa,None,Normal,3: Sitting down (controlled)
1790646723.4130619,20387,Person 6,589.4,1744.4,0.0,1834.77,18.69,True,Active,hafsa,None,Normal,3: Sitting down (controlled)
1790646723.4906194,20388,Person 6,589.2,1743.0,0.0,1835.11,18.82,True,Active,hafsa,None,Normal,3: Sitting down (controlled)
1790646723.624219,20389,Person 6,589.6,1741.7,0.0,1835.78,18.98,True,Active,hafsa,None,Normal,3: Sitting down (controlled)
1790646723.6997046,20390,Person 6,590.6,1740.4,0.0,1836.47,19.14,True,Active,hafsa,None,Normal,3: Sitting down (controlled)
1790646723.7848005,20391,Person 6,592.2,1739.1,0.0,1836.23,19.3,True,Active,hafsa,None,Normal,3: Sitting down (controlled)
1790646723.8680887,20392,Person 6,594.4,1737.8,0.0,1836.95,19.46,True,Active,hafsa,None,Normal,3: Sitting down (controlled)
1790646723.951246,20393,Person 6,597.3,1736.5,0.0,1837.68,19.62,True,Active,hafsa,None,Normal,3: Sitting down (controlled)
1790646724.0448184,20394,Person 6,600.7,1735.3,0.0,1838.08,19.75,True,Active,hafsa,None,Normal,3: Sitting down (controlled)
1790646724.1352062,20395,Person 6,604.6,1734.1,0.0,1838.5,19.87,True,Active,hafsa,None,Normal,3: Sitting down (controlled)
1790646724.2163234,20396,Person 6,609.1,1732.9,0.0,1839.26,20.03,True,Active,hafsa,None,Normal,3: Sitting down (controlled)
1790646724.3039546,20397,Person 6,613.7,1731.8,0.0,1839.7,20.16,True,Active,hafsa,None,Normal,3: Sitting down (controlled)
1790646724.3927896,20398,Person 6,618.2,1730.7,0.0,1839.79,20.26,True,Active,hafsa,None,Normal,3: Sitting down (controlled)
1790646724.4757016,20399,Person 6,622.6,1729.6,0.0,1840.25,20.38,True,Active,hafsa,None,Normal,3: Sitting down (controlled)
1790646724.5785825,20400,Person 6,626.9,1728.6,0.0,1841.64,20.5,True,Active,hafsa,None,Normal,3: Sitting down (controlled)
1790646724.6610773,20401,Person 6,631.0,1727.7,0.0,1841.76,20.6,True,Active,hafsa,None,Normal,3: Sitting down (controlled)
1790646724.7598574,20402,Person 6,635.0,1726.8,0.0,1842.24,20.73,True,Active,hafsa,None,Normal,3: Sitting down (controlled)
1790646724.8509486,20403,Person 6,638.8,1725.9,0.0,1842.37,20.83,True,Active,hafsa,None,Normal,3: Sitting down (controlled)
1790646724.9216783,20404,Person 6,642.2,1725.1,0.0,1842.37,20.83,True,Active,hafsa,None,Normal,3: Sitting down (controlled)
1790646725.0345745,20405,Person 6,645.2,1724.4,0.0,1842.37,20.83,True,Active,hafsa,None,Normal,3: Sitting down (controlled)
1790646725.1043549,20406,Person 6,647.6,1723.2,0.0,1836.4,20.86,True,Active,hafsa,None,Normal,3: Sitting down (controlled)
1790646725.1875298,20407,Person 6,649.5,1721.3,0.0,1828.57,20.92,True,Active,hafsa,None,Normal,3: Sitting down (controlled)
1790646725.2755516,20408,Person 6,650.8,1719.4,0.0,1826.57,20.85,True,Active,hafsa,None,Normal,3: Sitting down (controlled)
1790646725.364582,20409,Person 6,651.6,1717.6,0.0,1826.21,20.82,True,Active,hafsa,None,Normal,3: Sitting down (controlled)
1790646725.4646099,20410,Person 6,652.0,1716.0,0.0,1828.08,20.79,True,Active,hafsa,None,Normal,3: Sitting down (controlled)
1790646725.5512192,20411,Person 6,652.2,1715.2,0.0,1834.98,20.75,True,Active,hafsa,None,Normal,3: Sitting down (controlled)
1790646725.644461,20412,Person 6,652.3,1715.3,0.0,1843.53,20.75,True,Active,hafsa,None,Normal,3: Sitting down (controlled)
1790646725.7214365,20413,Person 6,651.9,1715.9,0.0,1846.56,20.64,True,Active,hafsa,None,Normal,3: Sitting down (controlled)
1790646725.8393555,20414,Person 6,651.2,1716.8,0.0,1848.31,20.52,True,Active,hafsa,None,Normal,3: Sitting down (controlled)
1790646725.9281034,20415,Person 6,650.1,1717.9,0.0,1848.79,20.39,True,Active,hafsa,None,Normal,3: Sitting down (controlled)
1790646726.017875,20416,Person 6,648.7,1719.8,0.0,1849.28,20.25,True,Active,hafsa,None,Normal,3: Sitting down (controlled)
1790646726.095238,20417,Person 6,647.0,1722.6,0.0,1848.84,20.12,True,Active,hafsa,None,Normal,3: Sitting down (controlled)
1790646726.176763,20418,Person 6,645.2,1725.6,0.0,1848.4,19.99,True,Active,hafsa,None,Normal,3: Sitting down (controlled)
1790646726.2589245,20419,Person 6,643.2,1728.8,0.0,1849.26,19.89,True,Active,hafsa,None,Normal,3: Sitting down (controlled)
1790646726.3846605,20420,Person 6,640.8,1731.9,0.0,1848.84,19.76,True,Active,hafsa,None,Normal,3: Sitting down (controlled)
1790646726.4559355,20421,Person 6,638.0,1734.4,0.0,1848.77,19.66,True,Active,hafsa,None,Normal,3: Sitting down (controlled)
1790646726.536633,20422,Person 6,634.9,1736.1,0.0,1848.77,19.66,True,Active,hafsa,None,Normal,3: Sitting down (controlled)
1790646726.6242435,20423,Person 6,632.1,1737.3,0.0,1848.17,19.7,True,Active,hafsa,None,Normal,3: Sitting down (controlled)
1790646726.7162373,20424,Person 6,630.0,1737.8,0.0,1845.76,19.86,True,Active,hafsa,None,Normal,3: Sitting down (controlled)
1790646726.8050287,20425,Person 6,628.7,1737.8,0.0,1844.3,20.01,True,Active,hafsa,None,Normal,3: Sitting down (controlled)
1790646726.8953426,20426,Person 6,628.2,1737.4,0.0,1843.8,20.15,True,Active,hafsa,None,Normal,3: Sitting down (controlled)
1790646726.9923232,20427,Person 6,628.4,1736.7,0.0,1842.96,20.25,True,Active,hafsa,None,Normal,3: Sitting down (controlled)
1790646727.064325,20428,Person 6,629.1,1735.6,0.0,1840.49,20.32,True,Active,hafsa,None,Normal,3: Sitting down (controlled)
1790646727.160713,20429,Person 6,630.1,1734.2,0.0,1839.55,20.33,True,Active,hafsa,None,Normal,3: Sitting down (controlled)
1790646727.2506616,20430,Person 6,631.3,1732.5,0.0,1836.98,20.29,True,Active,hafsa,None,Normal,3: Sitting down (controlled)
1790646727.3337293,20431,Person 6,632.7,1730.6,0.0,1835.7,20.27,True,Active,hafsa,None,Normal,3: Sitting down (controlled)
1790646727.4115212,20432,Person 6,633.9,1728.5,0.0,1833.13,20.23,True,Active,hafsa,None,Normal,3: Sitting down (controlled)
1790646727.504631,20433,Person 6,634.9,1726.4,0.0,1831.84,20.22,True,Active,hafsa,None,Normal,3: Sitting down (controlled)
1790646727.612963,20434,Person 6,635.4,1724.6,0.0,1830.56,20.2,True,Active,hafsa,None,Normal,3: Sitting down (controlled)
1790646727.6689723,20435,Person 6,635.4,1722.9,0.0,1828.34,20.19,True,Active,hafsa,None,Normal,3: Sitting down (controlled)
1790646727.8148623,20436,Person 6,634.8,1721.3,0.0,1826.71,20.14,True,Active,hafsa,None,Normal,3: Sitting down (controlled)
1790646727.8890612,20437,Person 6,633.8,1719.8,0.0,1825.43,20.12,True,Active,hafsa,None,Normal,3: Sitting down (controlled)
1790646727.9696686,20438,Person 6,632.6,1718.5,0.0,1824.14,20.1,True,Active,hafsa,None,Normal,3: Sitting down (controlled)
1790646728.0412908,20439,Person 6,631.3,1717.2,0.0,1822.86,20.09,True,Active,hafsa,None,Normal,3: Sitting down (controlled)
1790646728.1334188,20440,Person 6,630.1,1716.0,0.0,1821.58,20.07,True,Active,hafsa,None,Normal,3: Sitting down (controlled)
1790646728.2488496,20441,Person 6,628.9,1714.8,0.0,1820.3,20.05,True,Active,hafsa,None,Normal,3: Sitting down (controlled)
1790646728.3297515,20442,Person 6,627.9,1713.7,0.0,1819.36,20.06,True,Active,hafsa,None,Normal,3: Sitting down (controlled)
1790646728.4122822,20443,Person 6,627.0,1712.6,0.0,1818.42,20.07,True,Active,hafsa,None,Normal,3: Sitting down (controlled)
1790646728.4910324,20444,Person 6,626.3,1711.7,0.0,1819.7,20.09,True,Active,hafsa,None,Normal,3: Sitting down (controlled)
1790646728.5852692,20445,Person 6,625.9,1711.0,0.0,1820.39,20.15,True,Active,hafsa,None,Normal,3: Sitting down (controlled)
1790646728.6893754,20446,Person 6,626.0,1710.5,0.0,1822.36,20.22,True,Active,hafsa,None,Normal,3: Sitting down (controlled)
1790646728.7539747,20447,Person 6,626.5,1710.2,0.0,1824.34,20.3,True,Active,hafsa,None,Normal,3: Sitting down (controlled)
1790646728.8344958,20448,Person 6,627.3,1710.1,0.0,1825.97,20.35,True,Active,hafsa,None,Normal,3: Sitting down (controlled)
1790646728.9235976,20449,Person 6,628.5,1710.2,0.0,1827.95,20.43,True,Active,hafsa,None,Normal,3: Sitting down (controlled)
1790646729.0447617,20450,Person 6,630.1,1710.5,0.0,1829.94,20.5,True,Active,hafsa,None,Normal,3: Sitting down (controlled)
1790646729.1045237,20451,Person 6,632.0,1711.0,0.0,1831.58,20.55,True,Active,hafsa,None,Normal,3: Sitting down (controlled)
1790646729.2163713,20452,Person 6,634.1,1711.7,0.0,1833.22,20.6,True,Active,hafsa,None,Normal,3: Sitting down (controlled)
1790646729.3047311,20453,Person 6,636.5,1712.6,0.0,1835.21,20.68,True,Active,hafsa,None,Normal,3: Sitting down (controlled)
1790646729.4051478,20454,Person 6,639.0,1713.5,0.0,1836.85,20.72,True,Active,hafsa,None,Normal,3: Sitting down (controlled)
1790646729.4749148,20455,Person 6,641.5,1714.4,0.0,1837.56,20.78,True,Active,hafsa,None,Normal,3: Sitting down (controlled)
1790646729.5636592,20456,Person 6,643.5,1715.4,0.0,1838.72,20.7,True,Active,hafsa,None,Normal,3: Sitting down (controlled)
1790646729.637707,20457,Person 6,645.2,1716.4,0.0,1839.66,20.69,True,Active,hafsa,None,Normal,3: Sitting down (controlled)
1790646729.7281833,20458,Person 6,646.7,1717.5,0.0,1841.53,20.67,True,Active,hafsa,None,Normal,3: Sitting down (controlled)
1790646729.824385,20459,Person 6,647.9,1718.6,0.0,1842.46,20.66,True,Active,hafsa,None,Normal,3: Sitting down (controlled)
1790646729.9239552,20460,Person 6,648.8,1719.8,0.0,1844.34,20.64,True,Active,hafsa,None,Normal,3: Sitting down (controlled)
1790646729.9918356,20461,Person 6,649.5,1721.0,0.0,1845.27,20.63,True,Active,hafsa,None,Normal,3: Sitting down (controlled)
1790646730.0973868,20462,Person 6,650.0,1722.2,0.0,1846.21,20.61,True,Active,hafsa,None,Normal,3: Sitting down (controlled)
1790646730.1875684,20463,Person 6,650.2,1723.5,0.0,1848.08,20.59,True,Active,hafsa,None,Normal,3: Sitting down (controlled)
1790646730.2719843,20464,Person 6,650.3,1724.8,0.0,1849.37,20.61,True,Active,hafsa,None,Normal,3: Sitting down (controlled)
1790646730.384453,20465,Person 6,650.2,1726.2,0.0,1850.3,20.6,True,Active,hafsa,None,Normal,3: Sitting down (controlled)
1790646730.46486,20466,Person 6,650.3,1727.5,0.0,1851.24,20.59,True,Active,hafsa,None,Normal,3: Sitting down (controlled)
1790646730.5848763,20467,Person 6,650.4,1728.8,0.0,1852.18,20.58,True,Active,hafsa,None,Normal,3: Sitting down (controlled)
1790646730.6485827,20468,Person 6,650.5,1730.0,0.0,1853.11,20.57,True,Active,hafsa,None,Normal,3: Sitting down (controlled)
1790646730.7243237,20469,Person 6,650.6,1731.2,0.0,1854.05,20.56,True,Active,hafsa,None,Normal,3: Sitting down (controlled)
1790646730.810628,20470,Person 6,650.7,1732.3,0.0,1854.99,20.55,True,Active,hafsa,None,Normal,3: Sitting down (controlled)
1790646730.9027348,20471,Person 6,650.8,1733.4,0.0,1855.92,20.53,True,Active,hafsa,None,Normal,3: Sitting down (controlled)
1790646730.9921505,20472,Person 6,650.9,1734.5,0.0,1856.86,20.52,True,Active,hafsa,None,Normal,3: Sitting down (controlled)
1790646731.0966153,20473,Person 6,651.0,1735.4,0.0,1856.86,20.52,True,Active,hafsa,None,Normal,3: Sitting down (controlled)
1790646731.16743,20474,Person 6,651.0,1736.2,0.0,1856.86,20.52,True,Active,hafsa,None,Normal,3: Sitting down (controlled)
1790646731.252736,20475,Person 6,651.0,1736.9,0.0,1856.86,20.52,True,Active,hafsa,None,Normal,3: Sitting down (controlled)
1790646731.3461301,20476,Person 6,651.0,1737.5,0.0,1856.86,20.52,True,Active,hafsa,None,Normal,3: Sitting down (controlled)
1790646731.4265516,20477,Person 6,650.9,1737.9,0.0,1855.57,20.51,True,Active,hafsa,None,Normal,3: Sitting down (controlled)
1790646731.518181,20478,Person 6,650.6,1738.0,0.0,1853.0,20.47,True,Active,hafsa,None,Normal,3: Sitting down (controlled)
1790646731.6018934,20479,Person 6,650.1,1737.9,0.0,1851.36,20.42,True,Active,hafsa,None,Normal,3: Sitting down (controlled)
1790646731.7416291,20480,Person 6,649.4,1737.5,0.0,1848.79,20.39,True,Active,hafsa,None,Normal,3: Sitting down (controlled)
1790646731.8062942,20481,Person 6,648.4,1736.9,0.0,1846.81,20.31,True,Active,hafsa,None,Normal,3: Sitting down (controlled)
1790646731.8788176,20482,Person 6,647.2,1736.1,0.0,1845.18,20.26,True,Active,hafsa,None,Normal,3: Sitting down (controlled)
1790646731.9919398,20483,Person 6,645.8,1735.1,0.0,1842.61,20.22,True,Active,hafsa,None,Normal,3: Sitting down (controlled)
1790646732.0656452,20484,Person 6,644.2,1734.0,0.0,1840.98,20.18,True,Active,hafsa,None,Normal,3: Sitting down (controlled)
1790646732.1523361,20485,Person 6,642.4,1732.8,0.0,1839.35,20.13,True,Active,hafsa,None,Normal,3: Sitting down (controlled)
1790646732.2467122,20486,Person 6,640.4,1731.5,0.0,1837.73,20.08,True,Active,hafsa,None,Normal,3: Sitting down (controlled)
1790646732.3542225,20487,Person 6,638.3,1730.2,0.0,1836.1,20.03,True,Active,hafsa,None,Normal,3: Sitting down (controlled)
1790646732.415478,20488,Person 6,636.3,1729.0,0.0,1834.82,20.02,True,Active,hafsa,None,Normal,3: Sitting down (controlled)
1790646732.4894116,20489,Person 6,634.3,1727.7,0.0,1832.26,19.98,True,Active,hafsa,None,Normal,3: Sitting down (controlled)
1790646732.5859194,20490,Person 6,632.3,1726.5,0.0,1830.63,19.93,True,Active,hafsa,None,Normal,3: Sitting down (controlled)
1790646732.669901,20491,Person 6,630.5,1725.3,0.0,1829.35,19.91,True,Active,hafsa,None,Normal,3: Sitting down (controlled)
1790646732.7675576,20492,Person 6,628.7,1724.4,0.0,1830.55,19.83,True,Active,hafsa,None,Normal,3: Sitting down (controlled)
1790646732.8539045,20493,Person 6,627.0,1724.0,0.0,1833.04,19.77,True,Active,hafsa,None,Normal,3: Sitting down (controlled)
1790646732.9281416,20494,Person 6,625.4,1724.0,0.0,1835.52,19.71,True,Active,hafsa,None,Normal,3: Sitting down (controlled)
1790646733.0334208,20495,Person 6,623.9,1724.4,0.0,1838.01,19.65,True,Active,hafsa,None,Normal,3: Sitting down (controlled)
1790646733.1086662,20496,Person 6,622.5,1725.1,0.0,1839.56,19.6,True,Active,hafsa,None,Normal,3: Sitting down (controlled)
1790646733.221653,20497,Person 6,621.1,1726.2,0.0,1841.72,19.51,True,Active,hafsa,None,Normal,3: Sitting down (controlled)
1790646733.3128068,20498,Person 6,619.7,1727.6,0.0,1843.27,19.46,True,Active,hafsa,None,Normal,3: Sitting down (controlled)
1790646733.3812053,20499,Person 6,618.4,1729.5,0.0,1845.77,19.4,True,Active,hafsa,None,Normal,3: Sitting down (controlled)
1790646733.4684286,20500,Person 6,617.2,1731.7,0.0,1847.32,19.35,True,Active,hafsa,None,Normal,3: Sitting down (controlled)
1790646733.5647101,20501,Person 6,616.1,1734.2,0.0,1849.21,19.33,True,Active,hafsa,None,Normal,3: Sitting down (controlled)
1790646733.6405072,20502,Person 6,615.1,1736.7,0.0,1850.76,19.28,True,Active,hafsa,None,Normal,3: Sitting down (controlled)
1790646733.733705,20503,Person 6,614.1,1739.1,0.0,1852.32,19.23,True,Active,hafsa,None,Normal,3: Sitting down (controlled)
1790646733.817543,20504,Person 6,613.1,1741.4,0.0,1853.88,19.18,True,Active,hafsa,None,Normal,3: Sitting down (controlled)
1790646733.9533923,20505,Person 6,612.1,1743.6,0.0,1855.44,19.13,True,Active,hafsa,None,Normal,3: Sitting down (controlled)
1790646734.0323403,20506,Person 6,611.1,1745.8,0.0,1857.01,19.08,True,Active,hafsa,None,Normal,3: Sitting down (controlled)
1790646734.1316822,20507,Person 6,610.3,1747.8,0.0,1857.95,19.07,True,Active,hafsa,None,Normal,3: Sitting down (controlled)
1790646734.193311,20508,Person 6,609.6,1749.6,0.0,1857.95,19.07,True,Active,hafsa,None,Normal,3: Sitting down (controlled)
1790646734.267493,20509,Person 6,609.0,1751.1,0.0,1857.95,19.07,True,Active,hafsa,None,Normal,3: Sitting down (controlled)
1790646734.396368,20510,Person 6,608.5,1752.4,0.0,1857.95,19.07,True,Active,hafsa,None,Normal,3: Sitting down (controlled)
1790646734.4767468,20511,Person 6,608.0,1753.5,0.0,1857.95,19.07,True,Active,hafsa,None,Normal,3: Sitting down (controlled)
1790646734.5485997,20512,Person 6,607.6,1754.4,0.0,1857.95,19.07,True,Active,hafsa,None,Normal,3: Sitting down (controlled)
1790646734.6094036,20513,Person 6,607.3,1755.1,0.0,1857.95,19.07,True,Active,hafsa,None,Normal,3: Sitting down (controlled)
1790646734.703982,20514,Person 6,607.1,1755.6,0.0,1857.95,19.07,True,Active,hafsa,None,Normal,3: Sitting down (controlled)
1790646734.8344831,20515,Person 6,607.0,1755.9,0.0,1857.95,19.07,True,Active,hafsa,None,Normal,3: Sitting down (controlled)
1790646734.8818402,20516,Person 6,607.0,1756.0,0.0,1857.95,19.07,True,Active,hafsa,None,Normal,3: Sitting down (controlled)
1790646735.0014849,20517,Person 6,607.0,1756.0,0.0,1857.95,19.07,True,Active,hafsa,None,Normal,3: Sitting down (controlled)
1790646735.0833158,20518,Person 6,607.0,1756.0,0.0,1857.95,19.07,True,Active,hafsa,None,Normal,3: Sitting down (controlled)
1790646735.155347,20519,Person 6,607.0,1756.0,0.0,1857.95,19.07,True,Active,hafsa,None,Normal,3: Sitting down (controlled)
1790646735.2554724,20520,Person 6,607.0,1756.0,0.0,1857.95,19.07,True,Active,hafsa,None,Normal,3: Sitting down (controlled)
1790646735.343921,20521,Person 6,607.0,1756.0,0.0,1857.95,19.07,True,Active,hafsa,None,Normal,3: Sitting down (controlled)
1790646735.4333436,20522,Person 6,607.0,1756.0,0.0,1857.95,19.07,True,Active,hafsa,None,Normal,3: Sitting down (controlled)
1790646735.509273,20523,Person 6,607.0,1756.0,0.0,1857.95,19.07,True,Active,hafsa,None,Normal,3: Sitting down (controlled)
1790646735.59822,20524,Person 6,607.0,1756.0,0.0,1857.95,19.07,True,Active,hafsa,None,Normal,3: Sitting down (controlled)
1790646735.7167654,20525,Person 6,607.2,1756.4,0.0,1862.39,19.09,True,Active,hafsa,None,Normal,3: Sitting down (controlled)
1790646735.8026211,20526,Person 6,607.7,1757.1,0.0,1866.2,19.14,True,Active,hafsa,None,Normal,3: Sitting down (controlled)
1790646735.875808,20527,Person 6,608.4,1758.2,0.0,1870.64,19.16,True,Active,hafsa,None,Normal,3: Sitting down (controlled)
1790646735.955491,20528,Person 6,609.5,1759.1,0.0,1870.07,19.3,True,Active,hafsa,None,Normal,3: Sitting down (controlled)
1790646736.0538332,20529,Person 6,611.1,1759.5,0.0,1867.01,19.49,True,Active,hafsa,None,Normal,3: Sitting down (controlled)
1790646736.1605678,20530,Person 6,613.2,1759.5,0.0,1864.92,19.68,True,Active,hafsa,None,Normal,3: Sitting down (controlled)
1790646736.2499492,20531,Person 6,615.4,1759.7,0.0,1867.14,19.69,True,Active,hafsa,None,Normal,3: Sitting down (controlled)
1790646736.3340747,20532,Person 6,617.2,1760.6,0.0,1872.39,19.5,True,Active,hafsa,None,Normal,3: Sitting down (controlled)
1790646736.4105227,20533,Person 6,618.3,1762.5,0.0,1879.51,19.2,True,Active,hafsa,None,Normal,3: Sitting down (controlled)
1790646736.494073,20534,Person 6,618.8,1765.3,0.0,1886.05,18.93,True,Active,hafsa,None,Normal,3: Sitting down (controlled)
1790646736.602136,20535,Person 6,618.5,1768.6,0.0,1892.64,18.67,True,Active,hafsa,None,Normal,3: Sitting down (controlled)
1790646736.6891305,20536,Person 6,617.3,1772.5,0.0,1899.26,18.42,True,Active,hafsa,None,Normal,3: Sitting down (controlled)
1790646736.7711132,20537,Person 6,615.3,1776.8,0.0,1904.98,18.17,True,Active,hafsa,None,Normal,3: Sitting down (controlled)
1790646736.84983,20538,Person 6,612.4,1782.1,0.0,1911.03,17.95,True,Active,hafsa,None,Normal,3: Sitting down (controlled)
1790646736.9375837,20539,Person 6,608.5,1788.7,0.0,1917.12,17.74,True,Active,hafsa,None,Normal,3: Sitting down (controlled)
1790646737.040582,20540,Person 6,603.5,1796.4,0.0,1921.97,17.5,True,Active,hafsa,None,Normal,3: Sitting down (controlled)
1790646737.132365,20541,Person 6,597.9,1804.7,0.0,1928.11,17.29,True,Active,hafsa,None,Normal,3: Sitting down (controlled)
1790646737.2228065,20542,Person 6,592.3,1813.0,0.0,1933.61,17.11,True,Active,hafsa,None,Normal,3: Sitting down (controlled)
1790646737.2929077,20543,Person 6,586.9,1820.9,0.0,1937.89,16.92,True,Active,hafsa,None,Normal,3: Sitting down (controlled)
1790646737.3779914,20544,Person 6,581.7,1828.6,0.0,1943.43,16.75,True,Active,hafsa,None,Normal,3: Sitting down (controlled)
1790646737.499683,20545,Person 6,576.6,1836.0,0.0,1947.75,16.56,True,Active,hafsa,None,Normal,3: Sitting down (controlled)
1790646737.5563202,20546,Person 6,571.7,1843.1,0.0,1952.37,16.39,True,Active,hafsa,None,Normal,3: Sitting down (controlled)
1790646737.6625156,20547,Person 6,567.0,1850.0,0.0,1957.0,16.23,True,Active,hafsa,None,Normal,3: Sitting down (controlled)
1790646737.7465234,20548,Person 6,562.8,1856.1,0.0,1957.0,16.23,True,Active,hafsa,None,Normal,3: Sitting down (controlled)
1790646737.8239057,20549,Person 6,559.1,1861.4,0.0,1957.0,16.23,True,Active,hafsa,None,Normal,3: Sitting down (controlled)
1790646737.925059,20550,Person 6,556.0,1866.0,0.0,1957.0,16.23,True,Active,hafsa,None,Normal,3: Sitting down (controlled)
1790646738.0067003,20551,Person 6,553.4,1869.4,0.0,1953.16,16.26,True,Active,hafsa,None,Normal,3: Sitting down (controlled)
1790646738.1010966,20552,Person 6,551.3,1871.4,0.0,1946.72,16.35,True,Active,hafsa,None,Normal,3: Sitting down (controlled)
1790646738.179331,20553,Person 6,549.8,1872.2,0.0,1941.25,16.43,True,Active,hafsa,None,Normal,3: Sitting down (controlled)
1790646738.2680519,20554,Person 6,548.7,1871.6,0.0,1934.54,16.49,True,Active,hafsa,None,Normal,3: Sitting down (controlled)
1790646738.386512,20555,Person 6,548.2,1869.8,0.0,1929.07,16.57,True,Active,hafsa,None,Normal,3: Sitting down (controlled)
1790646738.4569325,20556,Person 6,548.2,1866.9,0.0,1924.56,16.64,True,Active,hafsa,None,Normal,3: Sitting down (controlled)
1790646738.5354402,20557,Person 6,548.6,1862.8,0.0,1918.81,16.69,True,Active,hafsa,None,Normal,3: Sitting down (controlled)
1790646738.6295168,20558,Person 6,549.1,1858.2,0.0,1914.31,16.76,True,Active,hafsa,None,Normal,3: Sitting down (controlled)
1790646738.713442,20559,Person 6,549.6,1853.0,0.0,1908.57,16.81,True,Active,hafsa,None,Normal,3: Sitting down (controlled)
1790646738.8313441,20560,Person 6,550.2,1847.3,0.0,1904.07,16.88,True,Active,hafsa,None,Normal,3: Sitting down (controlled)
1790646738.9192586,20561,Person 6,550.8,1841.6,0.0,1900.25,16.92,True,Active,hafsa,None,Normal,3: Sitting down (controlled)
1790646738.9984686,20562,Person 6,551.4,1836.1,0.0,1895.75,16.99,True,Active,hafsa,None,Normal,3: Sitting down (controlled)
1790646739.0761395,20563,Person 6,551.9,1830.7,0.0,1890.97,17.04,True,Active,hafsa,None,Normal,3: Sitting down (controlled)
1790646739.1588097,20564,Person 6,552.5,1825.6,0.0,1887.44,17.1,True,Active,hafsa,None,Normal,3: Sitting down (controlled)
1790646739.2803664,20565,Person 6,553.0,1820.7,0.0,1883.62,17.14,True,Active,hafsa,None,Normal,3: Sitting down (controlled)
1790646739.3403106,20566,Person 6,553.5,1815.9,0.0,1880.09,17.2,True,Active,hafsa,None,Normal,3: Sitting down (controlled)
1790646739.4268534,20567,Person 6,554.0,1811.7,0.0,1880.09,17.2,True,Active,hafsa,None,Normal,3: Sitting down (controlled)
1790646739.521297,20568,Person 6,554.4,1808.0,0.0,1880.09,17.2,True,Active,hafsa,None,Normal,3: Sitting down (controlled)
1790646739.604272,20569,Person 6,554.8,1804.9,0.0,1880.09,17.2,True,Active,hafsa,None,Normal,3: Sitting down (controlled)
1790646739.725578,20570,Person 6,555.1,1802.3,0.0,1880.09,17.2,True,Active,hafsa,None,Normal,3: Sitting down (controlled)
1790646739.7972243,20571,Person 6,555.4,1800.1,0.0,1880.09,17.2,True,Active,hafsa,None,Normal,3: Sitting down (controlled)
1790646739.8925772,20572,Person 6,555.6,1798.4,0.0,1880.09,17.2,True,Active,hafsa,None,Normal,3: Sitting down (controlled)
1790646739.9760945,20573,Person 6,555.8,1797.2,0.0,1880.09,17.2,True,Active,hafsa,None,Normal,3: Sitting down (controlled)
1790646740.046497,20574,Person 6,555.9,1796.4,0.0,1880.09,17.2,True,Active,hafsa,None,Normal,3: Sitting down (controlled)
1790646740.1673617,20575,Person 6,556.0,1796.0,0.0,1880.09,17.2,True,Active,hafsa,None,Normal,3: Sitting down (controlled)
1790646740.2400298,20576,Person 6,556.0,1796.0,0.0,1880.09,17.2,True,Active,hafsa,None,Normal,3: Sitting down (controlled)
1790646740.314673,20577,Person 6,556.0,1796.0,0.0,1880.09,17.2,True,Active,hafsa,None,Normal,3: Sitting down (controlled)
1790646740.4045486,20578,Person 6,556.0,1796.0,0.0,1880.09,17.2,True,Active,hafsa,None,Normal,3: Sitting down (controlled)
1790646740.5036788,20579,Person 6,556.0,1796.0,0.0,1880.09,17.2,True,Active,hafsa,None,Normal,3: Sitting down (controlled)
1790646740.630376,20580,Person 6,556.0,1796.0,0.0,1880.09,17.2,True,Active,hafsa,None,Normal,3: Sitting down (controlled)
1790646740.713329,20581,Person 6,556.0,1796.0,0.0,1880.09,17.2,True,Active,hafsa,None,Normal,3: Sitting down (controlled)
1790646740.7846897,20582,Person 6,556.0,1796.0,0.0,1880.09,17.2,True,Active,hafsa,None,Normal,3: Sitting down (controlled)
1790646740.8535142,20583,Person 6,556.0,1796.0,0.0,1880.09,17.2,True,Active,hafsa,None,Normal,3: Sitting down (controlled)
1790646740.9388316,20584,Person 6,556.0,1796.0,0.0,1880.09,17.2,True,Active,hafsa,None,Normal,3: Sitting down (controlled)
1790646741.0694106,20585,Person 6,556.0,1796.0,0.0,1880.09,17.2,True,Active,hafsa,None,Normal,3: Sitting down (controlled)
1790646741.1504786,20586,Person 6,556.0,1796.0,0.0,1880.09,17.2,True,Active,hafsa,None,Normal,3: Sitting down (controlled)
1790646741.2396655,20587,Person 6,556.0,1796.0,0.0,1880.09,17.2,True,Active,hafsa,None,Normal,3: Sitting down (controlled)
1790646741.300276,20588,Person 6,556.0,1796.0,0.0,1880.09,17.2,True,Active,hafsa,None,Normal,3: Sitting down (controlled)
1790646741.393319,20589,Person 6,556.0,1796.0,0.0,1880.09,17.2,True,Active,hafsa,None,Normal,3: Sitting down (controlled)
1790646741.4882689,20590,Person 6,556.0,1796.0,0.0,1880.09,17.2,True,Active,hafsa,None,Normal,3: Sitting down (controlled)
1790646741.5780458,20591,Person 6,556.0,1796.0,0.0,1880.09,17.2,True,Active,hafsa,None,Normal,3: Sitting down (controlled)
1790646741.6580193,20592,Person 6,556.0,1796.0,0.0,1880.09,17.2,True,Active,hafsa,None,Normal,3: Sitting down (controlled)
1790646741.7630992,20593,Person 6,556.0,1796.0,0.0,1880.09,17.2,True,Active,hafsa,None,Normal,3: Sitting down (controlled)
1790646741.8309498,20594,Person 6,556.0,1796.0,0.0,1880.09,17.2,True,Active,hafsa,None,Normal,3: Sitting down (controlled)
1790646741.9325807,20595,Person 6,556.0,1796.0,0.0,1880.09,17.2,True,Active,hafsa,None,Normal,3: Sitting down (controlled)
1790646742.0261722,20596,Person 6,556.0,1796.0,0.0,1880.09,17.2,True,Active,hafsa,None,Normal,3: Sitting down (controlled)
1790646742.1071334,20597,Person 6,556.0,1796.0,0.0,1880.09,17.2,True,Active,hafsa,None,Normal,3: Sitting down (controlled)
1790646742.1966467,20598,Person 6,556.0,1796.0,0.0,1880.09,17.2,True,Active,hafsa,None,Normal,3: Sitting down (controlled)
1790646742.2732496,20599,Person 6,556.0,1796.0,0.0,1880.09,17.2,True,Active,hafsa,None,Normal,3: Sitting down (controlled)
1790646742.405922,20600,Person 6,556.0,1796.0,0.0,1880.09,17.2,True,Active,hafsa,None,Normal,3: Sitting down (controlled)
1790646742.4553196,20601,Person 6,556.0,1796.0,0.0,1880.09,17.2,True,Active,hafsa,None,Normal,3: Sitting down (controlled)
1790646742.5409994,20602,Person 6,556.0,1796.0,0.0,1880.09,17.2,True,Active,hafsa,None,Normal,3: Sitting down (controlled)
1790646742.6406345,20603,Person 6,556.3,1795.7,0.0,1878.12,17.32,True,Active,hafsa,None,Normal,3: Sitting down (controlled)
1790646742.7467518,20604,Person 6,556.7,1795.3,0.0,1877.46,17.35,True,Active,hafsa,None,Normal,3: Sitting down (controlled)
1790646742.812917,20605,Person 6,557.3,1795.7,0.0,1885.69,17.34,True,Active,hafsa,None,Normal,3: Sitting down (controlled)
1790646742.9070463,20606,Person 6,558.1,1797.3,0.0,1897.75,17.29,True,Active,hafsa,None,Normal,3: Sitting down (controlled)
1790646742.9856045,20607,Person 6,559.1,1800.1,0.0,1909.8,17.24,True,Active,hafsa,None,Normal,3: Sitting down (controlled)
1790646743.0818083,20608,Person 6,560.3,1804.1,0.0,1921.85,17.19,True,Active,hafsa,None,Normal,3: Sitting down (controlled)
1790646743.1781092,20609,Person 6,561.7,1809.2,0.0,1932.95,17.15,True,Active,hafsa,None,Normal,3: Sitting down (controlled)
1790646743.2595975,20610,Person 6,563.3,1815.3,0.0,1943.1,17.12,True,Active,hafsa,None,Normal,3: Sitting down (controlled)
1790646743.3542159,20611,Person 6,565.1,1821.6,0.0,1945.6,17.16,True,Active,hafsa,None,Normal,3: Sitting down (controlled)
1790646743.43577,20612,Person 6,567.1,1827.8,0.0,1945.24,17.22,True,Active,hafsa,None,Normal,3: Sitting down (controlled)
1790646743.5206702,20613,Person 6,569.1,1834.3,0.0,1946.13,17.31,True,Active,hafsa,None,Normal,3: Sitting down (controlled)
1790646743.624411,20614,Person 6,571.2,1840.8,0.0,1945.77,17.37,True,Active,hafsa,None,Normal,3: Sitting down (controlled)
1790646743.7121067,20615,Person 6,573.3,1846.4,0.0,1945.41,17.44,True,Active,hafsa,None,Normal,3: Sitting down (controlled)
1790646743.7887294,20616,Person 6,575.4,1850.7,0.0,1945.06,17.5,True,Active,hafsa,None,Normal,3: Sitting down (controlled)
1790646743.8922305,20617,Person 6,577.5,1853.7,0.0,1944.71,17.57,True,Active,hafsa,None,Normal,3: Sitting down (controlled)
1790646743.9807146,20618,Person 6,579.6,1855.4,0.0,1944.36,17.63,True,Active,hafsa,None,Normal,3: Sitting down (controlled)
1790646744.053667,20619,Person 6,581.7,1856.0,0.0,1944.97,17.69,True,Active,hafsa,None,Normal,3: Sitting down (controlled)
1790646744.1649344,20620,Person 6,583.8,1855.5,0.0,1944.62,17.75,True,Active,hafsa,None,Normal,3: Sitting down (controlled)
1790646744.2277348,20621,Person 6,585.8,1854.7,0.0,1943.97,17.79,True,Active,hafsa,None,Normal,3: Sitting down (controlled)
1790646744.3480253,20622,Person 6,587.8,1854.0,0.0,1944.59,17.85,True,Active,hafsa,None,Normal,3: Sitting down (controlled)
1790646744.434774,20623,Person 6,589.7,1853.2,0.0,1944.25,17.91,True,Active,hafsa,None,Normal,3: Sitting down (controlled)
1790646744.5078855,20624,Person 6,591.5,1852.4,0.0,1943.61,17.95,True,Active,hafsa,None,Normal,3: Sitting down (controlled)
1790646744.6028812,20625,Person 6,593.3,1851.7,0.0,1944.22,18.01,True,Active,hafsa,None,Normal,3: Sitting down (controlled)
1790646744.6865551,20626,Person 6,595.0,1851.0,0.0,1943.58,18.04,True,Active,hafsa,None,Normal,3: Sitting down (controlled)
1790646744.7557654,20627,Person 6,596.5,1850.4,0.0,1943.58,18.04,True,Active,hafsa,None,Normal,3: Sitting down (controlled)
1790646744.8425837,20628,Person 6,597.8,1849.9,0.0,1943.58,18.04,True,Active,hafsa,None,Normal,3: Sitting down (controlled)
1790646744.9657917,20629,Person 6,598.9,1849.4,0.0,1943.58,18.04,True,Active,hafsa,None,Normal,3: Sitting down (controlled)
1790646745.0562909,20630,Person 6,599.8,1849.0,0.0,1943.58,18.04,True,Active,hafsa,None,Normal,3: Sitting down (controlled)
1790646745.1469288,20631,Person 6,600.6,1848.7,0.0,1943.58,18.04,True,Active,hafsa,None,Normal,3: Sitting down (controlled)
1790646745.2194576,20632,Person 6,601.2,1848.4,0.0,1943.58,18.04,True,Active,hafsa,None,Normal,3: Sitting down (controlled)
1790646745.2871623,20633,Person 6,601.6,1848.2,0.0,1943.58,18.04,True,Active,hafsa,None,Normal,3: Sitting down (controlled)
1790646745.3847091,20634,Person 6,601.9,1848.1,0.0,1943.58,18.04,True,Active,hafsa,None,Normal,3: Sitting down (controlled)
1790646745.5146313,20635,Person 6,602.0,1848.0,0.0,1943.58,18.04,True,Active,hafsa,None,Normal,3: Sitting down (controlled)
1790646745.5936632,20636,Person 6,602.0,1848.0,0.0,1943.58,18.04,True,Active,hafsa,None,Normal,3: Sitting down (controlled)
1790646745.6921597,20637,Person 6,602.0,1848.0,0.0,1943.58,18.04,True,Active,hafsa,None,Normal,3: Sitting down (controlled)
1790646745.7597485,20638,Person 6,602.0,1848.0,0.0,1943.58,18.04,True,Active,hafsa,None,Normal,3: Sitting down (controlled)
1790646745.8257508,20639,Person 6,602.0,1848.0,0.0,1943.58,18.04,True,Active,hafsa,None,Normal,3: Sitting down (controlled)
1790646745.9541504,20640,Person 6,602.0,1848.0,0.0,1943.58,18.04,True,Active,hafsa,None,Normal,3: Sitting down (controlled)
1790646746.005822,20641,Person 6,602.0,1848.0,0.0,1943.58,18.04,True,Active,hafsa,None,Normal,3: Sitting down (controlled)
1790646746.108932,20642,Person 6,602.0,1848.0,0.0,1943.58,18.04,True,Active,hafsa,None,Normal,3: Sitting down (controlled)
1790646746.2126894,20643,Person 6,602.0,1848.0,0.0,1943.58,18.04,True,Active,hafsa,None,Normal,3: Sitting down (controlled)
1790646746.28615,20644,Person 6,602.0,1848.0,0.0,1943.58,18.04,True,Active,hafsa,None,Normal,3: Sitting down (controlled)
1790646746.3769739,20645,Person 6,602.0,1848.0,0.0,1943.58,18.04,True,Active,hafsa,None,Normal,3: Sitting down (controlled)
1790646746.4752705,20646,Person 6,602.0,1848.0,0.0,1943.58,18.04,True,Active,hafsa,None,Normal,3: Sitting down (controlled)
1790646746.5702076,20647,Person 6,602.0,1848.0,0.0,1943.58,18.04,True,Active,hafsa,None,Normal,3: Sitting down (controlled)
1790646746.648737,20648,Person 6,602.0,1848.0,0.0,1943.58,18.04,True,Active,hafsa,None,Normal,3: Sitting down (controlled)
1790646746.72686,20649,Person 6,602.0,1848.0,0.0,1943.58,18.04,True,Active,hafsa,None,Normal,3: Sitting down (controlled)
1790646746.8301616,20650,Person 6,602.0,1848.0,0.0,1943.58,18.04,True,Active,hafsa,None,Normal,3: Sitting down (controlled)
1790646746.9218361,20651,Person 6,602.0,1848.0,0.0,1943.58,18.04,True,Active,hafsa,None,Normal,3: Sitting down (controlled)
1790646747.029098,20652,Person 6,602.0,1848.0,0.0,1943.58,18.04,True,Active,hafsa,None,Normal,3: Sitting down (controlled)
1790646747.091972,20653,Person 6,602.0,1848.0,0.0,1943.58,18.04,True,Active,hafsa,None,Normal,3: Sitting down (controlled)
1790646747.1677363,20654,Person 6,602.0,1848.0,0.0,1943.58,18.04,True,Active,hafsa,None,Normal,3: Sitting down (controlled)
1790646747.301024,20655,Person 6,602.0,1848.0,0.0,1943.58,18.04,True,Active,hafsa,None,Normal,3: Sitting down (controlled)
1790646747.3547614,20656,Person 6,602.0,1848.0,0.0,1943.58,18.04,True,Active,hafsa,None,Normal,3: Sitting down (controlled)
1790646747.4296005,20657,Person 6,602.0,1848.0,0.0,1943.58,18.04,True,Active,hafsa,None,Normal,3: Sitting down (controlled)
1790646747.5139651,20658,Person 6,602.0,1848.0,0.0,1943.58,18.04,True,Active,hafsa,None,Normal,3: Sitting down (controlled)
1790646747.5996351,20659,Person 6,602.0,1848.0,0.0,1943.58,18.04,True,Active,hafsa,None,Normal,3: Sitting down (controlled)
1790646747.7524137,20660,Person 6,602.0,1848.0,0.0,1943.58,18.04,True,Active,hafsa,None,Normal,3: Sitting down (controlled)
1790646747.8319912,20661,Person 6,602.0,1848.0,0.0,1943.58,18.04,True,Active,hafsa,None,Normal,3: Sitting down (controlled)
1790646747.9317837,20662,Person 6,602.0,1848.0,0.0,1943.58,18.04,True,Active,hafsa,None,Normal,3: Sitting down (controlled)
1790646748.0098047,20663,Person 6,602.0,1848.0,0.0,1943.58,18.04,True,Active,hafsa,None,Normal,3: Sitting down (controlled)
1790646748.0802128,20664,Person 6,602.0,1848.0,0.0,1943.58,18.04,True,Active,hafsa,None,Normal,3: Sitting down (controlled)
1790646748.1634598,20665,Person 6,602.0,1848.0,0.0,1943.58,18.04,True,Active,hafsa,None,Normal,3: Sitting down (controlled)
1790646748.2424262,20666,Person 6,602.0,1848.0,0.0,1943.58,18.04,True,Active,hafsa,None,Normal,3: Sitting down (controlled)
1790646748.337463,20667,Person 6,602.0,1848.0,0.0,1943.58,18.04,True,Active,hafsa,None,Normal,3: Sitting down (controlled)
1790646748.4224937,20668,Person 6,602.0,1848.0,0.0,1943.58,18.04,True,Active,hafsa,None,Normal,3: Sitting down (controlled)
1790646748.50301,20669,Person 6,602.0,1848.0,0.0,1943.58,18.04,True,Active,hafsa,None,Normal,3: Sitting down (controlled)
1790646748.646367,20670,Person 6,602.0,1848.0,0.0,1943.58,18.04,True,Active,hafsa,None,Normal,3: Sitting down (controlled)
1790646748.7101512,20671,Person 6,602.0,1848.0,0.0,1943.58,18.04,True,Active,hafsa,None,Normal,3: Sitting down (controlled)
1790646748.8070538,20672,Person 6,602.0,1848.0,0.0,1943.58,18.04,True,Active,hafsa,None,Normal,3: Sitting down (controlled)
1790646748.8945029,20673,Person 6,601.9,1847.3,0.0,1936.62,18.08,True,Active,hafsa,None,Normal,3: Sitting down (controlled)
1790646748.9666753,20674,Person 6,601.6,1845.9,0.0,1929.34,18.09,True,Active,hafsa,None,Normal,3: Sitting down (controlled)
1790646749.0379221,20675,Person 6,601.1,1843.9,0.0,1923.02,18.09,True,Active,hafsa,None,Normal,3: Sitting down (controlled)
1790646749.1371572,20676,Person 6,600.5,1841.2,0.0,1916.05,18.12,True,Active,hafsa,None,Normal,3: Sitting down (controlled)
1790646749.2214274,20677,Person 6,599.7,1837.9,0.0,1909.73,18.12,True,Active,hafsa,None,Normal,3: Sitting down (controlled)
1790646749.3020668,20678,Person 6,598.8,1834.0,0.0,1903.71,18.15,True,Active,hafsa,None,Normal,3: Sitting down (controlled)
1790646749.3929894,20679,Person 6,597.7,1829.5,0.0,1897.39,18.15,True,Active,hafsa,None,Normal,3: Sitting down (controlled)
1790646749.512161,20680,Person 6,596.5,1824.4,0.0,1891.38,18.18,True,Active,hafsa,None,Normal,3: Sitting down (controlled)
1790646749.5734208,20681,Person 6,595.2,1818.8,0.0,1886.32,18.19,True,Active,hafsa,None,Normal,3: Sitting down (controlled)
1790646749.6711333,20682,Person 6,593.7,1812.7,0.0,1880.94,18.18,True,Active,hafsa,None,Normal,3: Sitting down (controlled)
1790646749.7508795,20683,Person 6,592.2,1806.8,0.0,1875.88,18.2,True,Active,hafsa,None,Normal,3: Sitting down (controlled)
1790646749.8800666,20684,Person 6,590.8,1801.1,0.0,1870.82,18.22,True,Active,hafsa,None,Normal,3: Sitting down (controlled)
1790646749.9597168,20685,Person 6,589.5,1795.5,0.0,1865.75,18.24,True,Active,hafsa,None,Normal,3: Sitting down (controlled)
1790646750.051702,20686,Person 6,588.2,1790.1,0.0,1860.69,18.26,True,Active,hafsa,None,Normal,3: Sitting down (controlled)
1790646750.1430516,20687,Person 6,587.0,1784.9,0.0,1856.58,18.27,True,Active,hafsa,None,Normal,3: Sitting down (controlled)
1790646750.23266,20688,Person 6,585.8,1779.9,0.0,1852.47,18.28,True,Active,hafsa,None,Normal,3: Sitting down (controlled)
1790646750.2964377,20689,Person 6,584.4,1775.7,0.0,1853.12,18.14,True,Active,hafsa,None,Normal,3: Sitting down (controlled)
1790646750.3755193,20690,Person 6,583.0,1773.3,0.0,1864.22,18.0,True,Active,hafsa,None,Normal,3: Sitting down (controlled)
1790646750.4912682,20691,Person 6,581.5,1773.2,0.0,1880.73,17.77,True,Active,hafsa,None,Normal,3: Sitting down (controlled)
1790646750.554279,20692,Person 6,580.1,1775.2,0.0,1895.67,17.59,True,Active,hafsa,None,Normal,3: Sitting down (controlled)
1790646750.6391726,20693,Person 6,578.8,1778.8,0.0,1906.16,17.49,True,Active,hafsa,None,Normal,3: Sitting down (controlled)
1790646750.7390642,20694,Person 6,578.0,1783.0,0.0,1908.32,17.6,True,Active,hafsa,None,Normal,3: Sitting down (controlled)
1790646750.8576682,20695,Person 6,577.5,1787.4,0.0,1906.07,17.68,True,Active,hafsa,None,Normal,3: Sitting down (controlled)
1790646750.9395862,20696,Person 6,577.4,1792.2,0.0,1906.03,17.78,True,Active,hafsa,None,Normal,3: Sitting down (controlled)
1790646751.0437393,20697,Person 6,577.6,1797.0,0.0,1902.83,17.87,True,Active,hafsa,None,Normal,3: Sitting down (controlled)
1790646751.134804,20698,Person 6,577.8,1801.5,0.0,1895.87,17.91,True,Active,hafsa,None,Normal,3: Sitting down (controlled)
1790646751.206287,20699,Person 6,578.5,1805.2,0.0,1890.47,17.99,True,Active,hafsa,None,Normal,3: Sitting down (controlled)
1790646751.2925632,20700,Person 6,579.6,1807.5,0.0,1889.49,18.1,True,Active,hafsa,None,Normal,3: Sitting down (controlled)
1790646751.365189,20701,Person 6,581.6,1807.9,0.0,1890.73,18.31,True,Active,hafsa,None,Normal,3: Sitting down (controlled)
1790646751.4461517,20702,Person 6,584.7,1806.5,0.0,1892.0,18.62,True,Active,hafsa,None,Normal,3: Sitting down (controlled)
1790646751.5310955,20703,Person 6,588.5,1803.9,0.0,1893.3,18.83,True,Active,hafsa,None,Normal,3: Sitting down (controlled)
1790646751.619925,20704,Person 6,592.5,1801.1,0.0,1894.3,19.01,True,Active,hafsa,None,Normal,3: Sitting down (controlled)
1790646751.738775,20705,Person 6,596.4,1798.2,0.0,1890.84,19.08,True,Active,hafsa,None,Normal,3: Sitting down (controlled)
1790646751.8280368,20706,Person 6,599.9,1795.1,0.0,1887.68,19.08,True,Active,hafsa,None,Normal,3: Sitting down (controlled)
1790646751.8975832,20707,Person 6,603.2,1792.0,0.0,1883.9,19.12,True,Active,hafsa,None,Normal,3: Sitting down (controlled)
1790646751.9794276,20708,Person 6,606.6,1789.1,0.0,1879.18,19.17,True,Active,hafsa,None,Normal,3: Sitting down (controlled)
1790646752.0635395,20709,Person 6,610.0,1786.3,0.0,1874.79,19.25,True,Active,hafsa,None,Normal,3: Sitting down (controlled)
1790646752.191767,20710,Person 6,613.4,1783.6,0.0,1874.83,19.34,True,Active,hafsa,None,Normal,3: Sitting down (controlled)
1790646752.2703662,20711,Person 6,616.5,1781.1,0.0,1877.11,19.45,True,Active,hafsa,None,Normal,3: Sitting down (controlled)
1790646752.351818,20712,Person 6,619.0,1779.0,0.0,1880.33,19.54,True,Active,hafsa,None,Normal,3: Sitting down (controlled)
1790646752.4155402,20713,Person 6,621.1,1777.2,0.0,1883.22,19.61,True,Active,hafsa,None,Normal,3: Sitting down (controlled)
1790646752.4979808,20714,Person 6,623.0,1775.7,0.0,1886.44,19.7,True,Active,hafsa,None,Normal,3: Sitting down (controlled)
1790646752.6418135,20715,Person 6,625.3,1774.5,0.0,1887.2,19.86,True,Active,hafsa,None,Normal,3: Sitting down (controlled)
1790646752.723077,20716,Person 6,627.9,1773.4,0.0,1886.0,19.93,True,Active,hafsa,None,Normal,3: Sitting down (controlled)
1790646752.8229902,20717,Person 6,630.5,1772.4,0.0,1883.18,19.96,True,Active,hafsa,None,Normal,3: Sitting down (controlled)
1790646752.9070206,20718,Person 6,633.2,1771.7,0.0,1881.64,20.01,True,Active,hafsa,None,Normal,3: Sitting down (controlled)
1790646752.9856663,20719,Person 6,636.2,1771.2,0.0,1880.19,20.16,True,Active,hafsa,None,Normal,3: Sitting down (controlled)
1790646753.0525165,20720,Person 6,639.6,1770.8,0.0,1882.62,20.36,True,Active,hafsa,None,Normal,3: Sitting down (controlled)
1790646753.14249,20721,Person 6,643.6,1770.1,0.0,1884.25,20.67,True,Active,hafsa,None,Normal,3: Sitting down (controlled)
1790646753.2295678,20722,Person 6,647.7,1769.0,0.0,1884.15,20.83,True,Active,hafsa,None,Normal,3: Sitting down (controlled)
1790646753.3221235,20723,Person 6,651.2,1767.5,0.0,1881.22,20.77,True,Active,hafsa,None,Normal,3: Sitting down (controlled)
1790646753.41233,20724,Person 6,654.0,1765.6,0.0,1878.28,20.7,True,Active,hafsa,None,Normal,3: Sitting down (controlled)
1790646753.4998324,20725,Person 6,655.9,1763.9,0.0,1877.81,20.58,True,Active,hafsa,None,Normal,3: Sitting down (controlled)
1790646753.584756,20726,Person 6,657.6,1762.5,0.0,1878.74,20.57,True,Active,hafsa,None,Normal,3: Sitting down (controlled)
1790646753.684321,20727,Person 6,659.9,1761.7,0.0,1883.67,20.71,True,Active,hafsa,None,Normal,3: Sitting down (controlled)
1790646753.7669556,20728,Person 6,662.9,1761.5,0.0,1890.25,20.89,True,Active,hafsa,None,Normal,3: Sitting down (controlled)
1790646753.8406239,20729,Person 6,665.9,1761.5,0.0,1890.74,21.01,True,Active,hafsa,None,Normal,3: Sitting down (controlled)
1790646753.9626691,20730,Person 6,668.0,1761.3,0.0,1888.16,20.98,True,Active,hafsa,None,Normal,3: Sitting down (controlled)
1790646754.0528512,20731,Person 6,668.5,1761.0,0.0,1883.22,20.84,True,Active,hafsa,None,Normal,3: Sitting down (controlled)
1790646754.1250248,20732,Person 6,668.1,1760.4,0.0,1877.12,20.78,True,Active,hafsa,None,Normal,3: Sitting down (controlled)
1790646754.1979086,20733,Person 6,667.8,1759.7,0.0,1873.61,20.76,True,Active,hafsa,None,Normal,3: Sitting down (controlled)
1790646754.2854803,20734,Person 6,667.6,1759.0,0.0,1871.03,20.72,True,Active,hafsa,None,Normal,3: Sitting down (controlled)
1790646754.4156492,20735,Person 6,667.8,1758.1,0.0,1870.09,20.73,True,Active,hafsa,None,Normal,3: Sitting down (controlled)
1790646754.5041828,20736,Person 6,668.1,1756.9,0.0,1868.58,20.78,True,Active,hafsa,None,Normal,3: Sitting down (controlled)
1790646754.5677757,20737,Person 6,667.8,1755.3,0.0,1867.64,20.79,True,Active,hafsa,None,Normal,3: Sitting down (controlled)
1790646754.6447322,20738,Person 6,666.7,1753.2,0.0,1866.71,20.8,True,Active,hafsa,None,Normal,3: Sitting down (controlled)
1790646754.733358,20739,Person 6,665.2,1751.1,0.0,1865.77,20.81,True,Active,hafsa,None,Normal,3: Sitting down (controlled)
1790646754.861851,20740,Person 6,663.9,1749.2,0.0,1865.77,20.81,True,Active,hafsa,None,Normal,3: Sitting down (controlled)
1790646754.941101,20741,Person 6,663.2,1747.5,0.0,1864.84,20.83,True,Active,hafsa,None,Normal,3: Sitting down (controlled)
1790646755.0181904,20742,Person 6,662.8,1746.3,0.0,1864.48,20.8,True,Active,hafsa,None,Normal,3: Sitting down (controlled)
1790646755.0976124,20743,Person 6,662.3,1745.2,0.0,1861.55,20.73,True,Active,hafsa,None,Normal,3: Sitting down (controlled)
1790646755.1704695,20744,Person 6,661.8,1744.1,0.0,1858.97,20.7,True,Active,hafsa,None,Normal,3: Sitting down (controlled)
1790646755.2954085,20745,Person 6,661.2,1743.0,0.0,1857.68,20.68,True,Active,hafsa,None,Normal,3: Sitting down (controlled)
1790646755.354052,20746,Person 6,660.5,1742.0,0.0,1856.75,20.69,True,Active,hafsa,None,Normal,3: Sitting down (controlled)
1790646755.4534674,20747,Person 6,659.9,1741.0,0.0,1856.16,20.73,True,Active,hafsa,None,Normal,3: Sitting down (controlled)
1790646755.5227084,20748,Person 6,659.5,1740.0,0.0,1855.94,20.8,True,Active,hafsa,None,Normal,3: Sitting down (controlled)
1790646755.649748,20749,Person 6,659.5,1739.1,0.0,1857.36,20.91,True,Active,hafsa,None,Normal,3: Sitting down (controlled)
1790646755.7168982,20750,Person 6,659.8,1738.2,0.0,1858.44,21.0,True,Active,hafsa,None,Normal,3: Sitting down (controlled)
1790646755.8103583,20751,Person 6,660.4,1737.3,0.0,1858.58,21.1,True,Active,hafsa,None,Normal,3: Sitting down (controlled)
1790646755.893366,20752,Person 6,661.5,1736.3,0.0,1859.09,21.22,True,Active,hafsa,None,Normal,3: Sitting down (controlled)
1790646755.9780962,20753,Person 6,663.2,1735.4,0.0,1859.25,21.32,True,Active,hafsa,None,Normal,3: Sitting down (controlled)
1790646756.0671551,20754,Person 6,665.4,1734.6,0.0,1859.41,21.42,True,Active,hafsa,None,Normal,3: Sitting down (controlled)
1790646756.1709266,20755,Person 6,667.9,1733.8,0.0,1859.21,21.49,True,Active,hafsa,None,Normal,3: Sitting down (controlled)
1790646756.258425,20756,Person 6,670.4,1732.8,0.0,1856.42,21.52,True,Active,hafsa,None,Normal,3: Sitting down (controlled)
1790646756.3406603,20757,Person 6,672.8,1731.7,0.0,1854.56,21.54,True,Active,hafsa,None,Normal,3: Sitting down (controlled)
1790646756.4513767,20758,Person 6,675.0,1730.6,0.0,1853.63,21.55,True,Active,hafsa,None,Normal,3: Sitting down (controlled)
1790646756.5224202,20759,Person 6,676.8,1729.4,0.0,1852.7,21.57,True,Active,hafsa,None,Normal,3: Sitting down (controlled)
1790646756.6165302,20760,Person 6,678.4,1728.1,0.0,1852.14,21.61,True,Active,hafsa,None,Normal,3: Sitting down (controlled)
1790646756.710361,20761,Person 6,679.8,1726.8,0.0,1851.58,21.65,True,Active,hafsa,None,Normal,3: Sitting down (controlled)
1790646756.7837021,20762,Person 6,680.9,1725.6,0.0,1851.94,21.68,True,Active,hafsa,None,Normal,3: Sitting down (controlled)
1790646756.8960845,20763,Person 6,681.8,1724.4,0.0,1851.38,21.72,True,Active,hafsa,None,Normal,3: Sitting down (controlled)
1790646756.96976,20764,Person 6,682.5,1723.3,0.0,1851.75,21.74,True,Active,hafsa,None,Normal,3: Sitting down (controlled)
1790646757.0603554,20765,Person 6,683.1,1722.2,0.0,1851.2,21.78,True,Active,hafsa,None,Normal,3: Sitting down (controlled)
1790646757.1442947,20766,Person 6,683.7,1721.4,0.0,1851.2,21.78,True,Active,hafsa,None,Normal,3: Sitting down (controlled)
1790646757.227712,20767,Person 6,684.4,1720.7,0.0,1850.64,21.82,True,Active,hafsa,None,Normal,3: Sitting down (controlled)
1790646757.3116574,20768,Person 6,685.2,1720.1,0.0,1851.01,21.85,True,Active,hafsa,None,Normal,3: Sitting down (controlled)
1790646757.4157712,20769,Person 6,686.1,1719.5,0.0,1850.46,21.89,True,Active,hafsa,None,Normal,3: Sitting down (controlled)
1790646757.4936757,20770,Person 6,686.7,1719.0,0.0,1849.71,21.84,True,Active,hafsa,None,Normal,3: Sitting down (controlled)
1790646757.6076992,20771,Person 6,686.9,1718.6,0.0,1848.6,21.75,True,Active,hafsa,None,Normal,3: Sitting down (controlled)
1790646757.674072,20772,Person 6,686.8,1718.2,0.0,1847.86,21.69,True,Active,hafsa,None,Normal,3: Sitting down (controlled)
1790646757.7468398,20773,Person 6,686.3,1717.9,0.0,1846.75,21.61,True,Active,hafsa,None,Normal,3: Sitting down (controlled)
1790646757.849452,20774,Person 6,685.5,1717.6,0.0,1846.02,21.55,True,Active,hafsa,None,Normal,3: Sitting down (controlled)
1790646757.9795732,20775,Person 6,684.6,1717.4,0.0,1846.02,21.55,True,Active,hafsa,None,Normal,3: Sitting down (controlled)
1790646758.0580144,20776,Person 6,683.7,1717.2,0.0,1846.02,21.55,True,Active,hafsa,None,Normal,3: Sitting down (controlled)
1790646758.1406527,20777,Person 6,682.8,1717.1,0.0,1846.38,21.58,True,Active,hafsa,None,Normal,3: Sitting down (controlled)
1790646758.218506,20778,Person 6,681.8,1717.0,0.0,1846.38,21.58,True,Active,hafsa,None,Normal,3: Sitting down (controlled)
1790646758.2906067,20779,Person 6,680.7,1716.8,0.0,1844.52,21.6,True,Active,hafsa,None,Normal,3: Sitting down (controlled)
1790646758.4315202,20780,Person 6,679.7,1716.5,0.0,1843.23,21.58,True,Active,hafsa,None,Normal,3: Sitting down (controlled)
1790646758.5354261,20781,Person 6,679.0,1716.3,0.0,1844.16,21.57,True,Active,hafsa,None,Normal,3: Sitting down (controlled)
1790646758.6149807,20782,Person 6,678.6,1716.2,0.0,1845.45,21.59,True,Active,hafsa,None,Normal,3: Sitting down (controlled)
1790646758.6823652,20783,Person 6,678.5,1716.2,0.0,1846.38,21.58,True,Active,hafsa,None,Normal,3: Sitting down (controlled)
1790646758.7527175,20784,Person 6,678.3,1716.4,0.0,1847.14,21.47,True,Active,hafsa,None,Normal,3: Sitting down (controlled)
1790646758.8259597,20785,Person 6,677.7,1716.8,0.0,1847.55,21.33,True,Active,hafsa,None,Normal,3: Sitting down (controlled)
1790646758.9410017,20786,Person 6,677.1,1717.2,0.0,1847.55,21.33,True,Active,hafsa,None,Normal,3: Sitting down (controlled)
1790646759.0287414,20787,Person 6,676.4,1717.8,0.0,1849.41,21.31,True,Active,hafsa,None,Normal,3: Sitting down (controlled)
1790646759.1156418,20788,Person 6,675.8,1718.7,0.0,1852.57,21.3,True,Active,hafsa,None,Normal,3: Sitting down (controlled)
1790646759.1851037,20789,Person 6,675.4,1719.9,0.0,1854.23,21.35,True,Active,hafsa,None,Normal,3: Sitting down (controlled)
1790646759.2927573,20790,Person 6,675.2,1721.3,0.0,1855.52,21.37,True,Active,hafsa,None,Normal,3: Sitting down (controlled)
1790646759.3598,20791,Person 6,675.1,1722.5,0.0,1854.95,21.41,True,Active,hafsa,None,Normal,3: Sitting down (controlled)
1790646759.4694946,20792,Person 6,675.0,1723.3,0.0,1852.53,21.47,True,Active,hafsa,None,Normal,3: Sitting down (controlled)
1790646759.5575554,20793,Person 6,674.9,1723.6,0.0,1848.81,21.51,True,Active,hafsa,None,Normal,3: Sitting down (controlled)
1790646759.6380484,20794,Person 6,675.1,1723.1,0.0,1843.23,21.58,True,Active,hafsa,None,Normal,3: Sitting down (controlled)
1790646759.7179754,20795,Person 6,675.6,1721.8,0.0,1837.28,21.62,True,Active,hafsa,None,Normal,3: Sitting down (controlled)
1790646759.8165066,20796,Person 6,676.0,1720.3,0.0,1835.05,21.62,True,Active,hafsa,None,Normal,3: Sitting down (controlled)
1790646759.896587,20797,Person 6,676.2,1718.6,0.0,1834.32,21.56,True,Active,hafsa,None,Normal,3: Sitting down (controlled)
1790646759.9720755,20798,Person 6,676.6,1716.4,0.0,1833.56,21.67,True,Active,hafsa,None,Normal,3: Sitting down (controlled)
1790646760.0836413,20799,Person 6,677.3,1713.9,0.0,1833.56,21.84,True,Active,hafsa,None,Normal,3: Sitting down (controlled)
1790646760.1766849,20800,Person 6,678.2,1711.4,80.0,1835.6,21.91,True,Active,hafsa,None,Normal,3: Sitting down (controlled)
1790646760.2627409,20801,Person 6,678.8,1709.2,0.0,1836.71,21.83,True,Active,hafsa,None,Normal,3: Sitting down (controlled)
1790646760.3548322,20802,Person 6,678.6,1707.9,-80.0,1839.7,21.56,True,Active,hafsa,None,Normal,3: Sitting down (controlled)
1790646760.4289567,20803,Person 6,677.6,1707.8,-80.0,1844.23,21.24,True,Active,hafsa,None,Normal,3: Sitting down (controlled)
1790646760.5451343,20804,Person 6,676.0,1709.2,0.0,1850.47,20.96,True,Active,hafsa,None,Normal,3: Sitting down (controlled)
1790646760.6381848,20805,Person 6,674.3,1711.9,0.0,1856.29,20.83,True,Active,hafsa,None,Normal,3: Sitting down (controlled)
1790646760.7197137,20806,Person 6,672.8,1714.6,0.0,1854.78,20.88,True,Active,hafsa,None,Normal,3: Sitting down (controlled)
1790646760.8244164,20807,Person 6,671.5,1717.0,0.0,1851.98,20.91,True,Active,hafsa,None,Normal,3: Sitting down (controlled)
1790646760.9328778,20808,Person 6,669.9,1719.5,0.0,1851.04,20.92,True,Active,hafsa,None,Normal,3: Sitting down (controlled)
1790646761.014303,20809,Person 6,668.3,1721.9,0.0,1850.04,21.1,True,Active,hafsa,None,Normal,3: Sitting down (controlled)
1790646761.1105804,20810,Person 6,667.4,1723.5,0.0,1847.14,21.47,True,Active,hafsa,None,Normal,3: Sitting down (controlled)
1790646761.1899393,20811,Person 6,667.5,1723.6,0.0,1838.01,21.85,True,Active,hafsa,None,Normal,3: Sitting down (controlled)
1790646761.2678406,20812,Person 6,669.0,1720.5,0.0,1816.56,22.36,True,Active,hafsa,None,Normal,3: Sitting down (controlled)
1790646761.348763,20813,Person 6,671.1,1714.2,0.0,1793.62,22.59,True,Active,hafsa,None,Normal,3: Sitting down (controlled)
1790646761.427158,20814,Person 6,672.0,1704.6,0.0,1764.56,22.35,True,Active,hafsa,None,Normal,3: Sitting down (controlled)
1790646761.5213869,20815,Person 6,671.0,1693.3,0.0,1747.39,21.84,True,Active,hafsa,None,Normal,3: Sitting down (controlled)
1790646761.6162689,20816,Person 6,668.4,1682.6,80.0,1745.59,21.33,True,Active,hafsa,None,Normal,3: Sitting down (controlled)
1790646761.688352,20817,Person 6,665.1,1672.4,160.0,1744.93,21.09,True,Active,hafsa,None,Normal,3: Sitting down (controlled)
1790646761.7653837,20818,Person 6,661.5,1662.5,80.0,1745.72,20.98,True,Active,hafsa,None,Normal,1: Walking
1790646761.8585508,20819,Person 6,656.6,1653.1,80.0,1744.74,20.71,True,Active,hafsa,None,Normal,1: Walking
1790646761.9750164,20820,Person 6,650.0,1644.9,80.0,1746.96,20.44,True,Active,hafsa,None,Normal,1: Walking
1790646762.0473766,20821,Person 6,642.2,1638.7,160.0,1752.13,20.23,True,Active,hafsa,None,Normal,1: Walking
1790646762.118852,20822,Person 6,632.9,1635.8,80.0,1755.96,19.91,True,Active,hafsa,None,Normal,1: Walking
1790646762.2107413,20823,Person 6,622.5,1635.8,320.0,1756.29,19.46,True,Active,hafsa,None,Normal,1: Walking
1790646762.3045306,20824,Person 6,610.0,1639.3,480.0,1754.14,18.14,True,Active,hafsa,None,Normal,1: Walking
1790646762.4010627,20825,Person 6,595.5,1644.7,480.0,1750.43,16.77,True,Active,hafsa,None,Normal,1: Walking
1790646762.4959152,20826,Person 6,577.7,1649.5,1040.0,1735.26,15.27,True,Active,hafsa,None,Normal,1: Walking
1790646762.6034606,20827,Person 6,554.3,1651.8,880.0,1697.36,13.42,True,Active,hafsa,None,Normal,1: Walking
1790646762.6682992,20828,Person 6,518.3,1648.0,640.0,1613.9,9.45,True,Active,hafsa,None,Normal,1: Walking
1790646762.7286382,20829,Person 6,471.4,1637.6,560.0,1535.15,5.53,True,Active,hafsa,None,Normal,1: Walking
1790646762.872622,20830,Person 6,414.9,1620.8,390.0,1469.69,1.75,True,Active,hafsa,None,Normal,1: Walking
1790646762.954585,20831,Person 6,350.3,1597.4,390.0,1410.57,-1.62,True,Active,hafsa,None,Normal,1: Walking
1790646763.0557022,20832,Person 6,278.5,1567.1,640.0,1353.33,-5.09,True,Active,hafsa,None,Normal,1: Walking
1790646763.1150835,20833,Person 6,202.3,1531.9,640.0,1315.96,-7.73,True,Active,hafsa,None,Normal,1: Walking
1790646763.176733,20834,Person 6,124.6,1489.8,560.0,1267.23,-10.5,True,Active,hafsa,None,Normal,1: Walking
1790646763.322047,20835,Person 6,45.7,1440.6,390.0,1217.58,-13.49,True,Active,hafsa,None,Normal,1: Walking
1790646763.4070172,20836,Person 6,-35.1,1384.3,240.0,1165.13,-17.53,True,Active,hafsa,None,Normal,1: Walking
1790646763.4937606,20837,Person 6,-116.3,1323.7,0.0,1125.5,-21.8,True,Active,hafsa,None,Normal,1: Walking
1790646763.556153,20838,Person 6,-190.5,1263.5,-160.0,1098.92,-25.73,True,Active,hafsa,None,Normal,1: Walking
1790646763.6351855,20839,Person 6,-258.7,1204.1,-160.0,1075.88,-29.76,True,Active,hafsa,None,Normal,1: Walking
1790646763.7482548,20840,Person 6,-322.1,1145.2,-80.0,1058.92,-33.8,True,Active,hafsa,None,Normal,1: Walking
1790646763.83926,20841,Person 6,-382.5,1086.9,-80.0,1048.17,-37.91,True,Active,hafsa,None,Normal,1: Walking
1790646763.917948,20842,Person 6,-440.2,1031.2,-160.0,1054.27,-41.39,True,Active,hafsa,None,Normal,1: Walking
1790646763.9906068,20843,Person 6,-496.4,977.0,-160.0,1061.49,-44.12,True,Active,hafsa,None,Normal,1: Walking
1790646764.0823238,20844,Person 6,-551.2,925.8,-240.0,1070.33,-46.7,True,Active,hafsa,None,Normal,1: Walking
1790646764.1840763,20845,Person 6,-602.7,880.1,-240.0,1080.25,-47.7,True,Active,hafsa,None,Normal,1: Walking
1790646764.2750359,20846,Person 6,-650.0,839.7,-390.0,1085.74,-49.37,True,Active,hafsa,None,Normal,1: Walking
1790646764.3619356,20847,Person 6,-692.9,804.9,-480.0,1096.91,-50.55,True,Active,hafsa,None,Normal,1: Walking
1790646764.4637475,20848,Person 6,-731.0,775.2,-480.0,1102.91,-51.07,True,Active,hafsa,None,Normal,1: Walking
1790646764.5361161,20849,Person 6,-764.4,750.7,-480.0,1108.22,-51.56,True,Active,hafsa,None,Normal,1: Walking
1790646764.6255395,20850,Person 6,-793.2,731.3,-480.0,1113.43,-51.97,True,Active,hafsa,None,Normal,1: Walking
1790646764.7230573,20851,Person 6,-818.9,717.0,-320.0,1131.22,-52.8,True,Active,hafsa,None,Normal,1: Walking
1790646764.8011734,20852,Person 6,-841.9,705.7,-240.0,1148.48,-53.82,True,Active,hafsa,None,Normal,1: Walking
1790646764.8758547,20853,Person 6,-863.4,696.6,-240.0,1166.34,-54.88,True,Active,hafsa,None,Normal,1: Walking
1790646764.973193,20854,Person 6,-883.4,689.7,-240.0,1183.5,-55.81,True,Active,hafsa,None,Normal,1: Walking
1790646765.067454,20855,Person 6,-904.0,684.5,-80.0,1210.64,-56.11,True,Active,hafsa,None,Normal,1: Walking
1790646765.1454756,20856,Person 6,-924.6,682.8,-80.0,1239.76,-56.18,True,Active,hafsa,None,Normal,1: Walking
1790646765.250153,20857,Person 6,-944.8,682.9,160.0,1260.0,-56.36,True,Active,hafsa,None,Normal,1: Walking
1790646765.3392868,20858,Person 6,-965.3,684.6,80.0,1278.31,-56.26,True,Active,hafsa,None,Normal,1: Walking
1790646765.411146,20859,Person 6,-985.1,687.2,160.0,1283.58,-56.15,True,Active,hafsa,None,Normal,1: Walking
1790646765.548375,20860,Person 6,-1004.3,690.5,240.0,1288.3,-56.08,True,Active,hafsa,None,Normal,1: Walking
1790646765.6309202,20861,Person 6,-1021.4,694.1,240.0,1291.35,-56.11,True,Active,hafsa,None,Normal,1: Walking
1790646765.713164,20862,Person 6,-1036.1,698.2,240.0,1292.45,-56.2,True,Active,hafsa,None,Normal,1: Walking
1790646765.7942226,20863,Person 6,-1047.8,703.2,320.0,1291.08,-56.05,True,Active,hafsa,None,Normal,1: Walking
1790646765.8649642,20864,Person 6,-1056.6,709.1,480.0,1289.44,-55.84,True,Active,hafsa,None,Normal,1: Walking
1790646765.955484,20865,Person 6,-1062.2,714.6,390.0,1287.87,-55.47,True,Active,hafsa,None,Normal,1: Walking
1790646766.0436683,20866,Person 6,-1064.3,719.2,480.0,1283.08,-55.0,True,Active,hafsa,None,Normal,1: Walking
1790646766.1254275,20867,Person 6,-1063.2,724.1,390.0,1278.85,-54.26,True,Active,hafsa,None,Normal,1: Walking
1790646766.2348044,20868,Person 6,-1059.2,728.7,390.0,1272.03,-53.54,True,Active,hafsa,None,Normal,1: Walking
1790646766.315833,20869,Person 6,-1053.1,733.9,240.0,1264.24,-52.65,True,Active,hafsa,None,Normal,1: Walking
1790646766.4039497,20870,Person 6,-1041.3,741.6,240.0,1240.17,-50.07,True,Active,hafsa,None,Normal,1: Walking
1790646766.5408273,20871,Person 6,-1022.4,751.9,160.0,1207.07,-47.01,True,Active,hafsa,None,Normal,1: Walking
1790646766.6479397,20872,Person 6,-989.1,767.3,160.0,1145.08,-40.32,True,Active,hafsa,None,Normal,1: Walking
1790646766.7373457,20873,Person 6,-945.0,784.6,80.0,1093.68,-35.17,True,Active,hafsa,None,Normal,1: Walking
1790646766.8004465,20874,Person 6,-893.6,804.8,80.0,1078.56,-30.85,True,Active,hafsa,None,Normal,1: Walking
1790646766.8852787,20875,Person 6,-837.1,826.5,80.0,1069.03,-27.64,True,Active,hafsa,None,Normal,1: Walking
1790646766.9907446,20876,Person 6,-776.9,848.7,80.0,1058.0,-25.11,True,Active,hafsa,None,Normal,1: Walking
1790646767.0840433,20877,Person 6,-715.4,870.0,160.0,1049.06,-23.78,True,Active,hafsa,None,Normal,1: Walking
1790646767.1621985,20878,Person 6,-651.9,890.8,160.0,1039.15,-21.92,True,Active,hafsa,None,Normal,1: Walking
1790646767.2380817,20879,Person 6,-583.7,909.7,240.0,1009.09,-18.67,True,Active,hafsa,None,Normal,1: Walking
1790646767.3161316,20880,Person 6,-514.3,924.2,320.0,975.46,-15.28,True,Active,hafsa,None,Normal,1: Walking
1790646767.390683,20881,Person 6,-445.0,934.3,160.0,943.33,-11.62,True,Active,hafsa,None,Normal,1: Walking
1790646767.4504328,20882,Person 6,-382.9,937.3,-80.0,910.94,-7.57,True,Active,hafsa,None,Normal,1: Walking
1790646767.5354953,20883,Person 6,-325.0,936.3,-320.0,885.47,-3.3,True,Active,hafsa,None,Normal,1: Walking
1790646767.6483448,20884,Person 6,-267.7,931.8,-390.0,881.23,1.3,True,Active,hafsa,None,Normal,1: Walking
1790646767.7466378,20885,Person 6,-210.0,923.4,-480.0,866.79,5.36,True,Active,hafsa,None,Normal,1: Walking
1790646767.8189402,20886,Person 6,-150.7,913.8,-560.0,873.95,9.48,True,Active,hafsa,None,Normal,1: Walking
1790646767.9061217,20887,Person 6,-88.8,904.9,-480.0,892.78,12.68,True,Active,hafsa,None,Normal,1: Walking
1790646768.0057907,20888,Person 6,-24.2,897.7,-560.0,928.56,16.13,True,Active,hafsa,None,Normal,1: Walking
1790646768.0925498,20889,Person 6,39.6,893.1,-390.0,962.98,19.09,True,Active,hafsa,None,Normal,1: Walking
1790646768.1833496,20890,Person 6,101.1,890.5,-390.0,982.54,21.37,True,Active,hafsa,None,Normal,1: Walking
1790646768.2666867,20891,Person 6,161.1,890.5,-560.0,1010.88,23.93,True,Active,hafsa,None,Normal,1: Walking
1790646768.3700242,20892,Person 6,219.0,894.6,-480.0,1049.67,25.93,True,Active,hafsa,None,Normal,1: Walking
1790646768.4403787,20893,Person 6,275.3,901.6,-640.0,1082.71,28.22,True,Active,hafsa,None,Normal,1: Walking
1790646768.5243807,20894,Person 6,330.3,909.9,-720.0,1119.91,30.6,True,Active,hafsa,None,Normal,1: Walking
1790646768.6421533,20895,Person 6,384.9,921.1,-560.0,1159.2,32.74,True,Active,hafsa,None,Normal,1: Walking
1790646768.7072656,20896,Person 6,437.7,934.4,-320.0,1200.67,34.03,True,Active,hafsa,None,Normal,1: Walking
1790646768.7799654,20897,Person 6,489.8,949.1,-480.0,1245.16,35.16,True,Active,hafsa,None,Normal,1: Walking
1790646768.8788548,20898,Person 6,540.1,964.0,-480.0,1289.5,36.17,True,Active,hafsa,None,Normal,1: Walking
1790646768.9944344,20899,Person 6,588.4,979.5,-390.0,1330.8,36.84,True,Active,hafsa,None,Normal,1: Walking
1790646769.0520587,20900,Person 6,634.2,996.4,-390.0,1356.8,36.97,True,Active,hafsa,None,Normal,1: Walking
1790646769.1648088,20901,Person 6,676.9,1014.5,-390.0,1386.22,37.14,True,Active,hafsa,None,Normal,1: Walking
1790646769.2407973,20902,Person 6,718.1,1034.4,-390.0,1437.04,37.31,True,Active,hafsa,None,Normal,1: Walking
1790646769.3299427,20903,Person 6,759.2,1058.6,-390.0,1510.74,37.66,True,Active,hafsa,None,Normal,1: Walking
1790646769.4186842,20904,Person 6,797.7,1087.1,-390.0,1572.27,37.4,True,Active,hafsa,None,Normal,1: Walking
1790646769.521131,20905,Person 6,830.4,1119.3,-390.0,1610.07,36.34,True,Active,hafsa,None,Normal,1: Walking
1790646769.6121204,20906,Person 6,858.3,1154.6,-320.0,1649.7,35.2,True,Active,hafsa,None,Normal,1: Walking
1790646769.701781,20907,Person 6,878.7,1192.2,-390.0,1670.77,33.45,True,Active,hafsa,None,Normal,1: Walking
1790646769.779341,20908,Person 6,893.1,1232.0,-390.0,1699.93,32.17,True,Active,hafsa,None,Normal,1: Walking
1790646769.8617713,20909,Person 6,903.2,1273.5,-390.0,1731.65,31.28,True,Active,hafsa,None,Normal,1: Walking
1790646769.961624,20910,Person 6,910.7,1316.9,-390.0,1760.17,30.41,True,Active,hafsa,None,Normal,1: Walking
1790646770.0570338,20911,Person 6,917.4,1362.8,-390.0,1806.46,30.03,True,Active,hafsa,None,Normal,1: Walking
1790646770.133929,20912,Person 6,924.0,1410.4,-320.0,1870.6,30.06,True,Active,hafsa,None,Normal,1: Walking
1790646770.225233,20913,Person 6,927.0,1456.7,-240.0,1913.24,29.87,True,Active,hafsa,None,Normal,1: Walking
1790646770.306324,20914,Person 6,927.0,1501.7,-240.0,1949.01,29.34,True,Active,hafsa,None,Normal,1: Walking
1790646770.4030483,20915,Person 6,928.2,1546.2,-320.0,1991.91,29.01,True,Active,hafsa,None,Normal,1: Walking
1790646770.5014238,20916,Person 6,939.3,1591.8,-240.0,2093.38,30.48,True,Active,hafsa,None,Normal,1: Walking
1790646770.588218,20917,Person 6,962.8,1638.7,-160.0,2192.51,31.82,True,Active,hafsa,None,Normal,1: Walking
1790646770.6646805,20918,Person 6,984.8,1682.7,-80.0,2190.04,30.91,True,Active,hafsa,None,Normal,1: Walking
1790646770.750297,20919,Person 6,1002.6,1723.6,-80.0,2174.45,29.69,True,Active,hafsa,None,Normal,1: Walking
1790646770.8836105,20920,Person 6,1015.6,1761.3,-80.0,2152.55,28.32,True,Active,hafsa,None,Normal,1: Walking
1790646770.9637601,20921,Person 6,1023.0,1793.9,-80.0,2128.05,27.36,True,Active,hafsa,None,Normal,1: Walking
1790646771.0582821,20922,Person 6,1023.5,1821.0,-80.0,2111.74,26.49,True,Active,hafsa,None,Normal,1: Walking
1790646771.1441061,20923,Person 6,1015.4,1846.0,-80.0,2098.73,24.55,True,Active,hafsa,None,Normal,1: Walking
1790646771.2478654,20924,Person 6,1001.6,1867.9,-160.0,2084.76,23.07,True,Active,hafsa,None,Normal,1: Walking
1790646771.327191,20925,Person 6,981.8,1886.9,-240.0,2079.05,21.68,True,Active,hafsa,None,Normal,1: Walking
1790646771.4147732,20926,Person 6,947.9,1902.1,-320.0,2085.35,20.29,True,Active,hafsa,None,Normal,1: Walking
1790646771.4793582,20927,Person 6,901.9,1915.1,-320.0,2111.03,19.25,True,Active,hafsa,None,Normal,1: Walking
1790646771.5596092,20928,Person 6,857.5,1931.1,-320.0,2149.72,18.47,True,Active,hafsa,None,Normal,1: Walking
1790646771.644901,20929,Person 6,815.5,1949.6,-240.0,2175.57,17.58,True,Active,hafsa,None,Normal,1: Walking
1790646771.746285,20930,Person 6,776.7,1969.1,-160.0,2183.76,16.85,True,Active,hafsa,None,Normal,1: Walking
1790646771.8387651,20931,Person 6,741.5,1991.0,-80.0,2199.94,16.53,True,Active,hafsa,None,Normal,1: Walking
1790646771.9404042,20932,Person 6,710.7,2014.4,-80.0,2216.6,16.62,True,Active,hafsa,None,Normal,1: Walking
1790646772.0005934,20933,Person 6,687.0,2039.1,160.0,2247.57,16.41,True,Active,hafsa,None,Normal,1: Walking
1790646772.083844,20934,Person 6,662.1,2063.9,160.0,2239.24,14.69,True,Active,hafsa,None,Normal,1: Walking
1790646772.2153983,20935,Person 6,634.4,2087.1,240.0,2219.0,12.78,True,Active,hafsa,None,Normal,1: Walking
1790646772.2957492,20936,Person 6,604.6,2108.2,320.0,2208.28,11.1,True,Active,hafsa,None,Normal,1: Walking
1790646772.3977294,20937,Person 6,572.4,2125.6,320.0,2199.04,9.79,True,Active,hafsa,None,Normal,1: Walking
1790646772.4840302,20938,Person 6,538.2,2137.6,390.0,2185.45,8.92,True,Active,hafsa,None,Normal,1: Walking
1790646772.5548236,20939,Person 6,503.5,2144.7,390.0,2167.29,8.22,True,Active,hafsa,None,Normal,1: Walking
1790646772.6217897,20940,Person 6,468.1,2147.6,320.0,2137.29,7.5,True,Active,hafsa,None,Normal,1: Walking
1790646772.7190652,20941,Person 6,430.6,2145.6,320.0,2104.03,6.85,True,Active,hafsa,None,Normal,1: Walking
1790646772.8126502,20942,Person 6,387.2,2140.9,240.0,2086.61,5.5,True,Active,hafsa,None,Normal,1: Walking
1790646772.8874722,20943,Person 6,338.8,2131.3,160.0,2065.53,4.19,True,Active,hafsa,None,Normal,1: Walking
1790646772.9888546,20944,Person 6,292.7,2118.2,160.0,2037.81,3.01,True,Active,hafsa,None,Normal,1: Walking
1790646773.0798388,20945,Person 6,252.0,2102.6,80.0,2009.76,2.4,True,Active,hafsa,None,Normal,1: Walking
1790646773.155782,20946,Person 6,214.5,2083.2,80.0,1973.63,1.45,True,Active,hafsa,None,Normal,1: Walking
1790646773.26844,20947,Person 6,178.8,2060.1,80.0,1936.07,0.5,True,Active,hafsa,None,Normal,1: Walking
1790646773.3529477,20948,Person 6,143.9,2037.7,80.0,1935.03,-0.3,True,Active,hafsa,None,Normal,1: Walking
