timestamp,sequence_id,target_id,x_mm,y_mm,speed_mms,distance_mm,angle_deg,valid,status,volunteer_id,fall_subtype,pace_variant,action_label
1790365450.9754648,6878,Person A,351.5,553.9,-320.0,771.04,43.42,True,Active,hafsa,None,Normal,1: Walking
1790365451.0970988,6879,Person A,392.2,552.9,-320.0,793.39,45.31,True,Active,hafsa,None,Normal,1: Walking
1790365451.1873515,6880,Person A,431.6,552.0,-320.0,815.86,47.14,True,Active,hafsa,None,Normal,1: Walking
1790365451.256633,6881,Person A,469.2,552.3,-320.0,841.11,47.89,True,Active,hafsa,None,Normal,1: Walking
1790365451.348411,6882,Person A,503.9,554.1,-320.0,859.62,48.02,True,Active,hafsa,None,Normal,1: Walking
1790365451.4438314,6883,Person A,536.0,556.6,-320.0,873.65,48.67,True,Active,hafsa,None,Normal,1: Walking
1790365451.5120313,6884,Person A,567.9,560.3,-320.0,903.69,50.07,True,Active,hafsa,None,Normal,1: Walking
1790365451.5884068,6885,Person A,598.6,567.5,-320.0,941.61,49.78,True,Active,hafsa,None,Normal,1: Walking
1790365451.6537597,6886,Person A,626.4,575.8,-390.0,972.85,49.79,True,Active,hafsa,None,Normal,1: Walking
1790365451.74699,6887,Person A,654.2,587.0,-390.0,1021.96,49.4,True,Active,hafsa,None,Normal,1: Walking
1790365451.8246841,6888,Person A,680.3,600.8,-320.0,1054.93,48.57,True,Active,hafsa,None,Normal,1: Walking
1790365451.8965437,6889,Person A,701.5,618.4,-240.0,1068.14,46.59,True,Active,hafsa,None,Normal,1: Walking
1790365451.9880645,6890,Person A,719.6,639.6,-480.0,1093.22,45.44,True,Active,hafsa,None,Normal,1: Walking
1790365452.0626366,6891,Person A,736.1,664.4,-390.0,1132.19,44.18,True,Active,hafsa,None,Normal,1: Walking
1790365452.1322584,6892,Person A,752.1,692.5,-560.0,1170.96,43.03,True,Active,hafsa,None,Normal,1: Walking
1790365452.2048273,6893,Person A,766.7,724.9,-390.0,1206.24,41.67,True,Active,hafsa,None,Normal,1: Walking
1790365452.2868476,6894,Person A,775.7,761.1,-320.0,1224.93,39.73,True,Active,hafsa,None,Normal,1: Walking
1790365452.3501134,6895,Person A,781.6,798.9,-560.0,1255.98,38.28,True,Active,hafsa,None,Normal,1: Walking
1790365452.4316304,6896,Person A,785.8,838.4,-390.0,1289.48,37.5,True,Active,hafsa,None,Normal,1: Walking
1790365452.5159664,6897,Person A,786.7,878.2,-320.0,1321.44,36.44,True,Active,hafsa,None,Normal,1: Walking
1790365452.604335,6898,Person A,786.9,918.3,-240.0,1355.23,35.81,True,Active,hafsa,None,Normal,1: Walking
1790365452.674625,6899,Person A,790.4,958.2,-240.0,1393.34,35.6,True,Active,hafsa,None,Normal,1: Walking
1790365452.7543871,6900,Person A,796.0,999.7,-320.0,1447.19,35.24,True,Active,hafsa,None,Normal,1: Walking
1790365452.8191183,6901,Person A,801.4,1040.3,-320.0,1481.27,34.69,True,Active,hafsa,None,Normal,1: Walking
1790365452.9219427,6902,Person A,804.5,1079.2,-320.0,1496.3,33.69,True,Active,hafsa,None,Normal,1: Walking
1790365453.000462,6903,Person A,805.0,1115.4,-240.0,1498.81,32.58,True,Active,hafsa,None,Normal,1: Walking
1790365453.0713427,6904,Person A,804.6,1150.0,-160.0,1505.25,31.17,True,Active,hafsa,None,Normal,1: Walking
1790365453.153688,6905,Person A,802.8,1182.7,-240.0,1517.09,30.06,True,Active,hafsa,None,Normal,1: Walking
1790365453.2332003,6906,Person A,799.3,1216.3,-160.0,1552.22,28.89,True,Active,hafsa,None,Normal,1: Walking
1790365453.3077595,6907,Person A,793.2,1249.9,-80.0,1575.24,27.36,True,Active,hafsa,None,Normal,1: Walking
1790365453.3852873,6908,Person A,783.2,1284.7,-160.0,1604.39,25.59,True,Active,hafsa,None,Normal,1: Walking
1790365453.4566872,6909,Person A,768.8,1319.7,-240.0,1626.09,24.22,True,Active,hafsa,None,Normal,1: Walking
1790365453.5210469,6910,Person A,749.6,1352.9,-240.0,1644.88,23.01,True,Active,hafsa,None,Normal,1: Walking
1790365453.6010606,6911,Person A,727.3,1385.3,-240.0,1661.98,21.9,True,Active,hafsa,None,Normal,1: Walking
1790365453.6877885,6912,Person A,703.4,1417.8,-240.0,1677.55,20.63,True,Active,hafsa,None,Normal,1: Walking
1790365453.7530553,6913,Person A,678.4,1451.1,-320.0,1690.4,19.24,True,Active,hafsa,None,Normal,1: Walking
1790365453.8156009,6914,Person A,653.1,1484.9,-240.0,1708.96,17.93,True,Active,hafsa,None,Normal,1: Walking
1790365453.9093604,6915,Person A,628.0,1519.4,-240.0,1734.37,17.07,True,Active,hafsa,None,Normal,1: Walking
1790365453.9877834,6916,Person A,601.8,1552.4,-240.0,1758.09,16.12,True,Active,hafsa,None,Normal,1: Walking
1790365454.0638397,6917,Person A,575.5,1584.2,-160.0,1777.81,15.03,True,Active,hafsa,None,Normal,1: Walking
1790365454.1359425,6918,Person A,548.0,1615.7,-80.0,1810.9,13.35,True,Active,hafsa,None,Normal,1: Walking
1790365454.2026677,6919,Person A,518.8,1647.0,-80.0,1834.73,11.79,True,Active,hafsa,None,Normal,1: Walking
1790365454.2652323,6920,Person A,486.2,1679.5,-80.0,1866.12,9.78,True,Active,hafsa,None,Normal,1: Walking
1790365454.3577847,6921,Person A,450.0,1715.4,-160.0,1918.43,7.73,True,Active,hafsa,None,Normal,1: Walking
1790365454.455799,6922,Person A,411.0,1752.3,-80.0,1949.39,5.92,True,Active,hafsa,None,Normal,1: Walking
1790365454.530629,6923,Person A,369.7,1785.1,-160.0,1929.38,4.28,True,Active,hafsa,None,Normal,1: Walking
1790365454.597694,6924,Person A,324.5,1814.6,-160.0,1922.42,2.21,True,Active,hafsa,None,Normal,1: Walking
1790365454.6581817,6925,Person A,272.9,1840.9,-240.0,1921.01,-0.21,True,Active,hafsa,None,Normal,1: Walking
1790365454.7863,6926,Person A,217.1,1863.6,-320.0,1917.28,-2.09,True,Active,hafsa,None,Normal,1: Walking
1790365454.9384396,6927,Person A,158.4,1882.9,-320.0,1914.15,-3.77,True,Active,hafsa,None,Normal,1: Walking
1790365455.0012662,6928,Person A,98.8,1898.0,-320.0,1921.26,-5.32,True,Active,hafsa,None,Normal,1: Walking
1790365455.077939,6929,Person A,38.0,1911.2,-320.0,1942.03,-6.89,True,Active,hafsa,None,Normal,1: Walking
1790365455.1544743,6930,Person A,-22.9,1920.8,-320.0,1956.91,-8.58,True,Active,hafsa,None,Normal,1: Walking
1790365455.2452257,6931,Person A,-83.4,1925.4,-160.0,1977.68,-10.11,True,Active,hafsa,None,Normal,1: Walking
1790365455.3217325,6932,Person A,-142.9,1926.5,-80.0,1989.41,-11.42,True,Active,hafsa,None,Normal,1: Walking
1790365455.4010854,6933,Person A,-201.1,1929.1,-80.0,1998.59,-12.66,True,Active,hafsa,None,Normal,1: Walking
1790365455.4680555,6934,Person A,-255.9,1931.8,0.0,2004.84,-13.68,True,Active,hafsa,None,Normal,1: Walking
1790365455.5495255,6935,Person A,-307.9,1934.4,240.0,2017.06,-15.15,True,Active,hafsa,None,Normal,1: Walking
1790365455.6242797,6936,Person A,-359.6,1937.2,240.0,2030.69,-16.8,True,Active,hafsa,None,Normal,1: Walking
1790365455.6851354,6937,Person A,-410.4,1938.4,240.0,2023.87,-18.26,True,Active,hafsa,None,Normal,1: Walking
1790365455.759068,6938,Person A,-461.9,1937.7,240.0,2028.07,-19.98,True,Active,hafsa,None,Normal,1: Walking
1790365455.8272583,6939,Person A,-516.0,1934.9,160.0,2051.6,-22.16,True,Active,hafsa,None,Normal,1: Walking
1790365455.88785,6940,Person A,-570.7,1929.5,160.0,2059.63,-24.04,True,Active,hafsa,None,Normal,1: Walking
1790365455.9611158,6941,Person A,-625.3,1920.1,80.0,2056.95,-25.73,True,Active,hafsa,None,Normal,1: Walking
1790365456.0277238,6942,Person A,-679.8,1907.2,80.0,2048.84,-27.28,True,Active,hafsa,None,Normal,1: Walking
1790365456.1016386,6943,Person A,-734.8,1891.5,80.0,2047.19,-28.86,True,Active,hafsa,None,Normal,1: Walking
1790365456.1799152,6944,Person A,-792.6,1874.5,240.0,2065.91,-30.61,True,Active,hafsa,None,Normal,1: Walking
1790365456.2571263,6945,Person A,-849.5,1856.2,80.0,2076.76,-31.85,True,Active,hafsa,None,Normal,1: Walking
1790365456.3353622,6946,Person A,-903.2,1835.4,0.0,2068.11,-32.92,True,Active,hafsa,None,Normal,1: Walking
1790365456.4069493,6947,Person A,-954.7,1815.1,80.0,2067.65,-33.76,True,Active,hafsa,None,Normal,1: Walking
1790365456.4672742,6948,Person A,-1002.2,1793.9,160.0,2057.63,-34.59,True,Active,hafsa,None,Normal,1: Walking
1790365456.5359392,6949,Person A,-1043.5,1768.9,320.0,2032.6,-35.73,True,Active,hafsa,None,Normal,1: Walking
1790365456.5887122,6950,Person A,-1080.1,1740.9,320.0,2003.8,-36.97,True,Active,hafsa,None,Normal,1: Walking
1790365456.6480334,6951,Person A,-1113.3,1709.2,560.0,1964.67,-38.57,True,Active,hafsa,None,Normal,1: Walking
1790365456.7412138,6952,Person A,-1143.1,1676.8,560.0,1941.95,-39.57,True,Active,hafsa,None,Normal,1: Walking
1790365456.8446982,6953,Person A,-1167.8,1644.6,480.0,1920.69,-40.02,True,Active,hafsa,None,Normal,1: Walking
1790365456.943299,6954,Person A,-1186.0,1611.2,390.0,1899.45,-40.52,True,Active,hafsa,None,Normal,1: Walking
1790365457.034661,6955,Person A,-1199.1,1575.2,320.0,1864.6,-41.15,True,Active,hafsa,None,Normal,1: Walking
1790365457.124953,6956,Person A,-1209.0,1537.3,390.0,1826.79,-42.03,True,Active,hafsa,None,Normal,1: Walking
1790365457.2207308,6957,Person A,-1214.7,1496.5,320.0,1781.34,-42.61,True,Active,hafsa,None,Normal,1: Walking
1790365457.2947333,6958,Person A,-1216.3,1456.4,240.0,1753.2,-42.48,True,Active,hafsa,None,Normal,1: Walking
1790365457.3703353,6959,Person A,-1214.3,1419.3,390.0,1731.4,-42.38,True,Active,hafsa,None,Normal,1: Walking
1790365457.4799263,6960,Person A,-1211.1,1384.9,390.0,1719.3,-43.02,True,Active,hafsa,None,Normal,1: Walking
1790365457.5574865,6961,Person A,-1206.1,1354.5,390.0,1702.48,-43.64,True,Active,hafsa,None,Normal,1: Walking
1790365457.6621184,6962,Person A,-1199.6,1321.8,390.0,1656.04,-45.05,True,Active,hafsa,None,Normal,1: Walking
1790365457.7368689,6963,Person A,-1193.4,1284.6,390.0,1607.4,-46.87,True,Active,hafsa,None,Normal,1: Walking
1790365457.816187,6964,Person A,-1187.1,1244.2,320.0,1566.15,-48.39,True,Active,hafsa,None,Normal,1: Walking
1790365457.919672,6965,Person A,-1180.6,1203.1,390.0,1528.49,-49.48,True,Active,hafsa,None,Normal,1: Walking
1790365458.0097294,6966,Person A,-1173.1,1163.6,390.0,1497.78,-50.04,True,Active,hafsa,None,Normal,1: Walking
1790365458.086972,6967,Person A,-1166.0,1126.3,390.0,1472.44,-50.43,True,Active,hafsa,None,Normal,1: Walking
1790365458.1793861,6968,Person A,-1158.5,1087.7,390.0,1432.67,-50.72,True,Active,hafsa,None,Normal,1: Walking
1790365458.2630515,6969,Person A,-1149.7,1047.6,390.0,1391.09,-50.86,True,Active,hafsa,None,Normal,1: Walking
1790365458.3808334,6970,Person A,-1137.7,1009.9,560.0,1372.3,-50.11,True,Active,hafsa,None,Normal,1: Walking
1790365458.501401,6971,Person A,-1124.8,974.0,560.0,1362.44,-50.15,True,Active,hafsa,None,Normal,1: Walking
1790365458.586029,6972,Person A,-1110.6,942.8,390.0,1340.55,-50.21,True,Active,hafsa,None,Normal,1: Walking
1790365458.6669066,6973,Person A,-1094.5,917.0,390.0,1315.84,-50.27,True,Active,hafsa,None,Normal,1: Walking
1790365458.7571692,6974,Person A,-1075.5,896.2,390.0,1286.31,-49.7,True,Active,hafsa,None,Normal,1: Walking
1790365458.8651776,6975,Person A,-1054.2,878.2,480.0,1249.63,-49.41,True,Active,hafsa,None,Normal,1: Walking
1790365458.943428,6976,Person A,-1028.7,859.4,480.0,1181.75,-49.08,True,Active,hafsa,None,Normal,1: Walking
1790365459.0321448,6977,Person A,-998.9,838.5,480.0,1109.96,-48.95,True,Active,hafsa,None,Normal,1: Walking
1790365459.0906546,6978,Person A,-966.4,816.2,480.0,1040.44,-48.9,True,Active,hafsa,None,Normal,1: Walking
1790365459.1526856,6979,Person A,-931.9,792.8,640.0,976.47,-48.74,True,Active,hafsa,None,Normal,1: Walking
1790365459.2601004,6980,Person A,-895.5,765.0,560.0,914.95,-48.86,True,Active,hafsa,None,Normal,1: Walking
1790365459.3205507,6981,Person A,-855.7,734.3,480.0,860.38,-48.86,True,Active,hafsa,None,Normal,1: Walking
1790365459.4374661,6982,Person A,-813.2,702.8,320.0,812.94,-48.09,True,Active,hafsa,None,Normal,1: Walking
1790365459.5268416,6983,Person A,-768.1,671.3,320.0,769.02,-46.84,True,Active,hafsa,None,Normal,1: Walking
1790365459.5998173,6984,Person A,-722.2,638.9,320.0,728.39,-45.78,True,Active,hafsa,None,Normal,1: Walking
1790365459.7086434,6985,Person A,-675.6,606.5,240.0,687.32,-44.65,True,Active,hafsa,None,Normal,1: Walking
1790365459.7909641,6986,Person A,-630.7,576.6,160.0,650.2,-43.07,True,Active,hafsa,None,Normal,1: Walking
1790365459.8703425,6987,Person A,-587.3,550.0,80.0,613.82,-41.04,True,Active,hafsa,None,Normal,1: Walking
1790365459.94113,6988,Person A,-544.8,527.3,80.0,581.15,-38.15,True,Active,hafsa,None,Normal,1: Walking
1790365460.0815094,6989,Person A,-502.3,508.8,-80.0,553.32,-33.95,True,Active,hafsa,None,Normal,1: Walking
1790365460.1750922,6990,Person A,-459.0,495.1,-80.0,530.81,-28.83,True,Active,hafsa,None,Normal,1: Walking
1790365460.286249,6991,Person A,-414.6,485.4,0.0,511.45,-23.51,True,Active,hafsa,None,Normal,1: Walking
1790365460.3879669,6992,Person A,-369.5,477.8,-80.0,491.74,-18.25,True,Active,hafsa,None,Normal,1: Walking
1790365460.5002766,6993,Person A,-323.7,471.8,-80.0,477.25,-12.46,True,Active,hafsa,None,Normal,1: Walking
1790365460.5801737,6994,Person A,-276.8,467.8,-80.0,470.99,-6.46,True,Active,hafsa,None,Normal,1: Walking
1790365460.6513774,6995,Person A,-228.9,465.8,-80.0,469.02,-0.49,True,Active,hafsa,None,Normal,1: Walking
1790365460.717747,6996,Person A,-180.5,465.1,-80.0,469.71,4.89,True,Active,hafsa,None,Normal,1: Walking
1790365460.8120592,6997,Person A,-131.4,465.5,-80.0,475.22,10.67,True,Active,hafsa,None,Normal,1: Walking
1790365460.8751485,6998,Person A,-81.8,466.5,-160.0,486.68,16.35,True,Active,hafsa,None,Normal,1: Walking
1790365460.9477289,6999,Person A,-32.7,466.8,-240.0,496.56,21.5,True,Active,hafsa,None,Normal,1: Walking
1790365461.0687397,7000,Person A,17.0,467.1,-480.0,526.41,27.25,True,Active,hafsa,None,Normal,1: Walking
1790365461.1818926,7001,Person A,66.9,467.1,-390.0,554.06,32.17,True,Active,hafsa,None,Normal,1: Walking
1790365461.2770317,7002,Person A,116.5,467.7,-390.0,583.69,35.87,True,Active,hafsa,None,Normal,1: Walking
1790365461.3402379,7003,Person A,164.8,469.9,-320.0,618.5,37.91,True,Active,hafsa,None,Normal,1: Walking
1790365461.4104946,7004,Person A,211.7,473.5,-480.0,653.51,39.54,True,Active,hafsa,None,Normal,1: Walking
1790365461.492121,7005,Person A,257.1,478.1,-480.0,683.9,41.15,True,Active,hafsa,None,Normal,1: Walking
1790365461.5770905,7006,Person A,301.5,483.6,-480.0,712.59,42.78,True,Active,hafsa,None,Normal,1: Walking
1790365461.666815,7007,Person A,344.2,491.1,-480.0,747.66,43.54,True,Active,hafsa,None,Normal,1: Walking
1790365461.752862,7008,Person A,384.0,501.3,-390.0,781.02,43.24,True,Active,hafsa,None,Normal,1: Walking
1790365461.8289201,7009,Person A,421.8,515.3,-320.0,822.19,42.93,True,Active,hafsa,None,Normal,1: Walking
1790365461.9556086,7010,Person A,456.2,531.9,-320.0,862.66,42.7,True,Active,hafsa,None,Normal,1: Walking
1790365462.0424802,7011,Person A,488.6,551.2,-480.0,906.31,43.08,True,Active,hafsa,None,Normal,1: Walking
1790365462.1520135,7012,Person A,519.4,572.6,-480.0,945.76,43.41,True,Active,hafsa,None,Normal,1: Walking
1790365462.216869,7013,Person A,549.5,595.1,-560.0,985.97,43.68,True,Active,hafsa,None,Normal,1: Walking
1790365462.2940538,7014,Person A,577.4,619.5,-390.0,1021.04,42.9,True,Active,hafsa,None,Normal,1: Walking
1790365462.3808901,7015,Person A,602.4,646.9,-390.0,1054.76,41.58,True,Active,hafsa,None,Normal,1: Walking
1790365462.4821377,7016,Person A,623.6,677.7,-240.0,1083.96,39.95,True,Active,hafsa,None,Normal,1: Walking
1790365462.558964,7017,Person A,641.7,711.1,-240.0,1118.84,38.47,True,Active,hafsa,None,Normal,1: Walking
1790365462.639001,7018,Person A,672.6,748.0,-240.0,1261.82,41.98,True,Active,hafsa,None,Normal,1: Walking
1790365462.7195542,7019,Person A,714.4,787.8,-160.0,1398.74,44.36,True,Active,hafsa,None,Normal,1: Walking
1790365462.7993703,7020,Person A,755.0,826.8,-80.0,1425.01,44.06,True,Active,hafsa,None,Normal,1: Walking
1790365462.9110606,7021,Person A,790.6,865.4,-80.0,1431.41,42.93,True,Active,hafsa,None,Normal,1: Walking
1790365462.9989061,7022,Person A,819.5,903.7,-80.0,1423.59,41.27,True,Active,hafsa,None,Normal,1: Walking
1790365463.0805342,7023,Person A,840.4,942.4,80.0,1414.96,38.98,True,Active,hafsa,None,Normal,1: Walking
1790365463.1549294,7024,Person A,854.7,982.8,160.0,1424.55,36.03,True,Active,hafsa,None,Normal,1: Walking
1790365463.2585626,7025,Person A,863.1,1021.9,160.0,1416.71,33.6,True,Active,hafsa,None,Normal,1: Walking
1790365463.334618,7026,Person A,867.2,1059.6,160.0,1415.07,31.39,True,Active,hafsa,None,Normal,1: Walking
1790365463.432369,7027,Person A,867.2,1093.7,80.0,1401.96,29.77,True,Active,hafsa,None,Normal,1: Walking
1790365463.5213003,7028,Person A,848.3,1123.2,0.0,1396.18,27.98,True,Active,hafsa,None,Normal,1: Walking
1790365463.5988915,7029,Person A,811.4,1149.4,-80.0,1401.26,25.76,True,Active,hafsa,None,Normal,1: Walking
1790365463.699953,7030,Person A,768.8,1174.2,-80.0,1391.84,23.95,True,Active,hafsa,None,Normal,1: Walking
1790365463.778198,7031,Person A,724.5,1195.1,-160.0,1364.94,22.94,True,Active,hafsa,None,Normal,1: Walking
1790365463.8671677,7032,Person A,679.9,1213.6,-240.0,1348.36,21.45,True,Active,hafsa,None,Normal,1: Walking
1790365463.9585907,7033,Person A,636.2,1230.1,-160.0,1343.66,19.7,True,Active,hafsa,None,Normal,1: Walking
1790365464.0973916,7034,Person A,594.0,1242.3,-240.0,1340.2,18.08,True,Active,hafsa,None,Normal,1: Walking
1790365464.1760395,7035,Person A,552.4,1252.9,-390.0,1337.62,15.97,True,Active,hafsa,None,Normal,1: Walking
1790365464.2536247,7036,Person A,512.1,1262.3,-160.0,1344.16,14.39,True,Active,hafsa,None,Normal,1: Walking
1790365464.3267145,7037,Person A,470.8,1273.2,-240.0,1355.86,12.05,True,Active,hafsa,None,Normal,1: Walking
1790365464.403807,7038,Person A,430.6,1283.8,-240.0,1362.69,10.7,True,Active,hafsa,None,Normal,1: Walking
1790365464.4963944,7039,Person A,391.0,1294.0,-240.0,1380.53,8.88,True,Active,hafsa,None,Normal,1: Walking
1790365464.589625,7040,Person A,350.6,1305.7,-240.0,1398.3,6.61,True,Active,hafsa,None,Normal,1: Walking
1790365464.6707306,7041,Person A,309.1,1320.0,-240.0,1404.88,4.78,True,Active,hafsa,None,Normal,1: Walking
1790365464.7855535,7042,Person A,267.1,1335.3,-240.0,1409.89,2.97,True,Active,hafsa,None,Normal,1: Walking
1790365464.8871934,7043,Person A,224.6,1350.2,-240.0,1414.28,1.13,True,Active,hafsa,None,Normal,1: Walking
1790365464.9488385,7044,Person A,179.6,1365.0,-240.0,1422.41,-1.37,True,Active,hafsa,None,Normal,1: Walking
1790365465.0521526,7045,Person A,132.0,1379.8,-320.0,1438.06,-4.31,True,Active,hafsa,None,Normal,1: Walking
1790365465.180462,7046,Person A,80.3,1394.6,-240.0,1461.5,-7.19,True,Active,hafsa,None,Normal,1: Walking
1790365465.2820494,7047,Person A,26.3,1408.2,-390.0,1484.42,-9.97,True,Active,hafsa,None,Normal,1: Walking
1790365465.3900337,7048,Person A,-31.6,1422.1,-390.0,1513.53,-12.44,True,Active,hafsa,None,Normal,1: Walking
1790365465.4761517,7049,Person A,-92.2,1436.2,-560.0,1555.47,-14.63,True,Active,hafsa,None,Normal,1: Walking
1790365465.560932,7050,Person A,-153.5,1448.8,-560.0,1580.99,-16.61,True,Active,hafsa,None,Normal,1: Walking
1790365465.6238592,7051,Person A,-215.8,1463.1,-560.0,1623.85,-18.16,True,Active,hafsa,None,Normal,1: Walking
1790365465.7072058,7052,Person A,-280.1,1479.7,-640.0,1674.03,-19.91,True,Active,hafsa,None,Normal,1: Walking
1790365465.789986,7053,Person A,-345.2,1499.2,-390.0,1725.4,-21.17,True,Active,hafsa,None,Normal,1: Walking
1790365465.883242,7054,Person A,-409.5,1520.1,-480.0,1765.92,-22.54,True,Active,hafsa,None,Normal,1: Walking
1790365465.9595282,7055,Person A,-470.8,1543.9,-390.0,1820.83,-23.33,True,Active,hafsa,None,Normal,1: Walking
1790365466.0584369,7056,Person A,-528.2,1570.0,-480.0,1870.98,-23.87,True,Active,hafsa,None,Normal,1: Walking
1790365466.1596205,7057,Person A,-581.0,1598.2,-480.0,1912.53,-24.23,True,Active,hafsa,None,Normal,1: Walking
1790365466.255585,7058,Person A,-627.8,1629.0,-390.0,1954.54,-23.97,True,Active,hafsa,None,Normal,1: Walking
1790365466.315153,7059,Person A,-669.9,1660.1,-640.0,1990.09,-24.14,True,Active,hafsa,None,Normal,1: Walking
1790365466.4142427,7060,Person A,-710.4,1694.3,-560.0,2045.21,-24.77,True,Active,hafsa,None,Normal,1: Walking
1790365466.5124958,7061,Person A,-750.7,1728.4,-640.0,2091.83,-25.76,True,Active,hafsa,None,Normal,1: Walking
1790365466.5866776,7062,Person A,-790.1,1761.5,-560.0,2135.02,-26.84,True,Active,hafsa,None,Normal,1: Walking
1790365466.63511,7063,Person A,-830.9,1792.8,-560.0,2181.07,-28.21,True,Active,hafsa,None,Normal,1: Walking
1790365466.7101696,7064,Person A,-871.4,1824.0,-480.0,2223.95,-29.11,True,Active,hafsa,None,Normal,1: Walking
1790365466.8453963,7065,Person A,-908.9,1853.5,-480.0,2251.73,-29.13,True,Active,hafsa,None,Normal,1: Walking
1790365466.9235063,7066,Person A,-945.3,1881.5,-480.0,2284.89,-29.38,True,Active,hafsa,None,Normal,1: Walking
1790365467.0026276,7067,Person A,-980.9,1909.5,-480.0,2323.46,-29.41,True,Active,hafsa,None,Normal,1: Walking
1790365467.090569,7068,Person A,-1015.8,1937.9,-560.0,2364.6,-28.91,True,Active,hafsa,None,Normal,1: Walking
1790365467.165638,7069,Person A,-1050.4,1968.1,-390.0,2414.85,-28.71,True,Active,hafsa,None,Normal,1: Walking
1790365467.2624063,7070,Person A,-1082.7,2000.3,-480.0,2477.99,-28.44,True,Active,hafsa,None,Normal,1: Walking
1790365467.3555608,7071,Person A,-1111.4,2035.2,-320.0,2533.12,-28.17,True,Active,hafsa,None,Normal,1: Walking
1790365467.4497962,7072,Person A,-1136.9,2075.7,-240.0,2611.91,-27.82,True,Active,hafsa,None,Normal,1: Walking
1790365467.5422616,7073,Person A,-1158.6,2120.3,-390.0,2676.74,-27.79,True,Active,hafsa,None,Normal,1: Walking
1790365467.6162522,7074,Person A,-1175.6,2167.0,-240.0,2715.81,-27.45,True,Active,hafsa,None,Normal,1: Walking
1790365467.7091315,7075,Person A,-1192.5,2214.3,-390.0,2748.42,-27.4,True,Active,hafsa,None,Normal,1: Walking
1790365467.8000028,7076,Person A,-1208.2,2261.8,-480.0,2777.49,-27.4,True,Active,hafsa,None,Normal,1: Walking
1790365467.9035969,7077,Person A,-1220.8,2308.6,-320.0,2795.6,-26.95,True,Active,hafsa,None,Normal,1: Walking
1790365467.97135,7078,Person A,-1232.9,2354.9,-560.0,2830.86,-26.52,True,Active,hafsa,None,Normal,1: Walking
1790365468.0685525,7079,Person A,-1241.2,2402.1,-480.0,2872.83,-25.64,True,Active,hafsa,None,Normal,1: Walking
1790365468.156086,7080,Person A,-1246.3,2447.1,-560.0,2902.93,-25.09,True,Active,hafsa,None,Normal,1: Walking
1790365468.2438147,7081,Person A,-1249.7,2489.4,-390.0,2926.98,-24.85,True,Active,hafsa,None,Normal,1: Walking
1790365468.3497226,7082,Person A,-1249.8,2525.9,-560.0,2940.07,-24.52,True,Active,hafsa,None,Normal,1: Walking
1790365468.4232147,7083,Person A,-1245.4,2559.8,80.0,2962.68,-23.98,True,Active,hafsa,None,Normal,1: Walking
1790365468.4950752,7084,Person A,-1240.3,2590.2,-240.0,2967.86,-23.87,True,Active,hafsa,None,Normal,1: Walking
1790365468.6282468,7085,Person A,-1233.9,2619.3,160.0,2983.41,-23.74,True,Active,hafsa,None,Normal,1: Walking
1790365468.7075377,7086,Person A,-1227.3,2650.9,160.0,3034.55,-23.54,True,Active,hafsa,None,Normal,1: Walking
1790365468.8030684,7087,Person A,-1222.2,2683.4,160.0,3068.25,-23.35,True,Active,hafsa,None,Normal,1: Walking
1790365468.8796659,7088,Person A,-1219.1,2714.8,160.0,3102.53,-23.42,True,Active,hafsa,None,Normal,1: Walking
1790365468.9576192,7089,Person A,-1218.5,2741.3,320.0,3111.46,-23.43,True,Active,hafsa,None,Normal,1: Walking
1790365469.031386,7090,Person A,-1218.0,2764.7,390.0,3114.46,-23.18,True,Active,hafsa,None,Normal,1: Walking
1790365469.1591427,7091,Person A,-1214.1,2786.9,560.0,3114.7,-22.48,True,Active,hafsa,None,Normal,1: Walking
1790365469.2107413,7092,Person A,-1207.7,2807.5,320.0,3104.27,-21.86,True,Active,hafsa,None,Normal,1: Walking
1790365469.2918677,7093,Person A,-1199.5,2824.2,320.0,3085.25,-21.33,True,Active,hafsa,None,Normal,1: Walking
1790365469.37177,7094,Person A,-1190.2,2840.9,240.0,3086.72,-21.04,True,Active,hafsa,None,Normal,1: Walking
1790365469.5086236,7095,Person A,-1178.4,2856.7,640.0,3085.32,-20.55,True,Active,hafsa,None,Normal,1: Walking
1790365469.554711,7096,Person A,-1162.3,2867.7,560.0,3077.05,-19.97,True,Active,hafsa,None,Normal,1: Walking
1790365469.6430109,7097,Person A,-1140.6,2873.3,480.0,3041.73,-19.17,True,Active,hafsa,None,Normal,1: Walking
1790365469.7270646,7098,Person A,-1114.0,2875.4,390.0,3026.63,-18.63,True,Active,hafsa,None,Normal,1: Walking
1790365469.8738222,7099,Person A,-1085.0,2875.4,480.0,3007.96,-18.35,True,Active,hafsa,None,Normal,1: Walking
1790365469.9542367,7100,Person A,-1055.0,2873.0,480.0,2986.2,-18.06,True,Active,hafsa,None,Normal,1: Walking
1790365470.046702,7101,Person A,-1025.2,2867.7,480.0,2962.78,-17.54,True,Active,hafsa,None,Normal,1: Walking
1790365470.1163373,7102,Person A,-994.5,2860.2,640.0,2931.63,-16.83,True,Active,hafsa,None,Normal,1: Walking
1790365470.194897,7103,Person A,-964.8,2851.9,480.0,2910.38,-16.47,True,Active,hafsa,None,Normal,1: Walking
1790365470.2805676,7104,Person A,-935.2,2840.6,640.0,2884.64,-16.35,True,Active,hafsa,None,Normal,1: Walking
1790365470.4114678,7105,Person A,-907.9,2824.4,560.0,2844.75,-16.54,True,Active,hafsa,None,Normal,1: Walking
1790365470.4911845,7106,Person A,-883.8,2804.3,390.0,2810.26,-16.75,True,Active,hafsa,None,Normal,1: Walking
1790365470.5918288,7107,Person A,-865.3,2781.9,560.0,2771.24,-17.08,True,Active,hafsa,None,Normal,1: Walking
1790365470.6563025,7108,Person A,-852.2,2751.6,390.0,2697.8,-18.05,True,Active,hafsa,None,Normal,1: Walking
1790365470.7292924,7109,Person A,-841.5,2715.6,320.0,2632.61,-18.61,True,Active,hafsa,None,Normal,1: Walking
1790365470.8248446,7110,Person A,-832.4,2675.8,320.0,2579.87,-18.88,True,Active,hafsa,None,Normal,1: Walking
1790365470.9046137,7111,Person A,-823.6,2631.7,160.0,2516.24,-18.66,True,Active,hafsa,None,Normal,1: Walking
1790365471.000413,7112,Person A,-814.4,2586.1,160.0,2468.92,-17.86,True,Active,hafsa,None,Normal,1: Walking
1790365471.0799725,7113,Person A,-800.8,2540.1,160.0,2430.7,-16.47,True,Active,hafsa,None,Normal,1: Walking
1790365471.1963527,7114,Person A,-781.8,2494.6,80.0,2395.17,-15.05,True,Active,hafsa,None,Normal,1: Walking
1790365471.2500029,7115,Person A,-756.5,2451.3,80.0,2360.65,-13.65,True,Active,hafsa,None,Normal,1: Walking
1790365471.3727586,7116,Person A,-726.0,2409.7,160.0,2330.38,-12.52,True,Active,hafsa,None,Normal,1: Walking
1790365471.460749,7117,Person A,-689.2,2372.3,240.0,2318.31,-11.09,True,Active,hafsa,None,Normal,1: Walking
1790365471.5436192,7118,Person A,-643.3,2342.9,160.0,2302.08,-9.43,True,Active,hafsa,None,Normal,1: Walking
1790365471.6231098,7119,Person A,-590.0,2318.6,160.0,2272.83,-7.76,True,Active,hafsa,None,Normal,1: Walking
1790365471.7133877,7120,Person A,-530.7,2297.4,240.0,2242.1,-6.2,True,Active,hafsa,None,Normal,1: Walking
1790365471.8069646,7121,Person A,-467.0,2280.2,160.0,2218.37,-4.34,True,Active,hafsa,None,Normal,1: Walking
1790365471.8979397,7122,Person A,-400.6,2264.8,160.0,2197.97,-2.43,True,Active,hafsa,None,Normal,1: Walking
1790365471.9719472,7123,Person A,-335.1,2248.9,80.0,2172.27,-0.9,True,Active,hafsa,None,Normal,1: Walking
1790365472.0575123,7124,Person A,-270.6,2232.6,0.0,2150.12,0.61,True,Active,hafsa,None,Normal,1: Walking
1790365472.1521308,7125,Person A,-206.9,2215.9,0.0,2128.5,2.15,True,Active,hafsa,None,Normal,1: Walking
1790365472.2409022,7126,Person A,-143.2,2201.1,160.0,2131.09,3.55,True,Active,hafsa,None,Normal,1: Walking
1790365472.3310118,7127,Person A,-79.1,2185.3,-320.0,2125.96,5.26,True,Active,hafsa,None,Normal,1: Walking
1790365472.4280443,7128,Person A,-17.3,2169.5,-640.0,2126.7,6.51,True,Active,hafsa,None,Normal,1: Walking
1790365472.5013843,7129,Person A,42.8,2156.5,-390.0,2142.27,7.89,True,Active,hafsa,None,Normal,1: Walking
1790365472.6058276,7130,Person A,101.4,2147.6,-320.0,2167.47,9.13,True,Active,hafsa,None,Normal,1: Walking
1790365472.6941006,7131,Person A,157.1,2142.4,-160.0,2194.75,10.21,True,Active,hafsa,None,Normal,1: Walking
1790365472.8095748,7132,Person A,211.5,2140.6,80.0,2224.2,11.7,True,Active,hafsa,None,Normal,1: Walking
1790365472.8929496,7133,Person A,264.0,2141.6,0.0,2236.56,12.68,True,Active,hafsa,None,Normal,1: Walking
1790365472.9650848,7134,Person A,316.8,2146.3,160.0,2265.04,14.08,True,Active,hafsa,None,Normal,1: Walking
1790365473.0409102,7135,Person A,372.4,2155.5,80.0,2308.35,15.99,True,Active,hafsa,None,Normal,1: Walking
1790365473.1406503,7136,Person A,432.3,2168.8,-80.0,2375.28,17.92,True,Active,hafsa,None,Normal,1: Walking
1790365473.2518063,7137,Person A,493.1,2185.7,0.0,2422.93,19.35,True,Active,hafsa,None,Normal,1: Walking
1790365473.3232038,7138,Person A,553.4,2203.4,160.0,2440.58,20.23,True,Active,hafsa,None,Normal,1: Walking
1790365473.3929486,7139,Person A,614.7,2220.3,-80.0,2464.01,21.6,True,Active,hafsa,None,Normal,1: Walking
1790365473.4968388,7140,Person A,674.5,2235.1,-480.0,2474.33,22.38,True,Active,hafsa,None,Normal,1: Walking
1790365473.586976,7141,Person A,732.2,2247.4,-320.0,2478.96,22.93,True,Active,hafsa,None,Normal,1: Walking
1790365473.6755784,7142,Person A,783.5,2258.0,-390.0,2479.1,22.88,True,Active,hafsa,None,Normal,1: Walking
1790365473.7542784,7143,Person A,831.3,2268.3,-80.0,2481.97,22.98,True,Active,hafsa,None,Normal,1: Walking
1790365473.8402762,7144,Person A,874.3,2277.0,-80.0,2485.76,23.24,True,Active,hafsa,None,Normal,1: Walking
1790365473.938915,7145,Person A,911.0,2284.3,-160.0,2501.85,23.63,True,Active,hafsa,None,Normal,1: Walking
1790365474.0147533,7146,Person A,939.6,2287.7,-240.0,2509.33,23.91,True,Active,hafsa,None,Normal,1: Walking
1790365474.1228342,7147,Person A,963.1,2288.7,-320.0,2519.73,24.33,True,Active,hafsa,None,Normal,3: Sitting down (controlled)
1790365474.2178419,7148,Person A,986.3,2291.0,-560.0,2551.03,24.95,True,Active,hafsa,None,Normal,3: Sitting down (controlled)
1790365474.2907696,7149,Person A,1011.4,2293.9,-720.0,2592.95,26.53,True,Active,hafsa,None,Normal,3: Sitting down (controlled)
1790365474.375809,7150,Person A,1038.5,2298.7,-960.0,2632.16,27.44,True,Active,hafsa,None,Normal,3: Sitting down (controlled)
1790365474.4637067,7151,Person A,1067.3,2308.7,-790.0,2692.81,27.75,True,Active,hafsa,None,Normal,3: Sitting down (controlled)
1790365474.5473547,7152,Person A,1096.1,2324.3,-560.0,2742.46,27.16,True,Active,hafsa,None,Normal,3: Sitting down (controlled)
1790365474.6563764,7153,Person A,1124.5,2347.3,-480.0,2809.85,26.48,True,Active,hafsa,None,Normal,3: Sitting down (controlled)
1790365474.7480173,7154,Person A,1150.3,2376.9,-320.0,2862.08,25.65,True,Active,hafsa,None,Normal,3: Sitting down (controlled)
1790365474.8330672,7155,Person A,1173.6,2411.1,-160.0,2909.58,25.14,True,Active,hafsa,None,Normal,3: Sitting down (controlled)
1790365474.9258428,7156,Person A,1193.1,2449.3,-80.0,2937.67,24.37,True,Active,hafsa,None,Normal,3: Sitting down (controlled)
1790365475.0142934,7157,Person A,1207.6,2490.6,-80.0,2956.04,23.59,True,Active,hafsa,None,Normal,3: Sitting down (controlled)
1790365475.112709,7158,Person A,1216.6,2531.7,0.0,2963.06,23.17,True,Active,hafsa,None,Normal,3: Sitting down (controlled)
1790365475.1878939,7159,Person A,1217.6,2573.1,0.0,2973.04,23.13,True,Active,hafsa,None,Normal,3: Sitting down (controlled)
1790365475.2540114,7160,Person A,1212.4,2614.3,0.0,2983.19,22.9,True,Active,hafsa,None,Normal,3: Sitting down (controlled)
1790365475.3875177,7161,Person A,1203.6,2652.5,0.0,3000.8,22.87,True,Active,hafsa,None,Normal,3: Sitting down (controlled)
1790365475.4700274,7162,Person A,1196.6,2685.7,0.0,3013.49,23.09,True,Active,hafsa,None,Normal,3: Sitting down (controlled)
1790365475.5466158,7163,Person A,1191.1,2711.7,0.0,3022.55,23.35,True,Active,hafsa,None,Normal,3: Sitting down (controlled)
1790365475.6236162,7164,Person A,1187.4,2731.4,-80.0,3025.98,23.4,True,Active,hafsa,None,Normal,3: Sitting down (controlled)
1790365475.7179928,7165,Person A,1183.7,2745.8,80.0,3025.7,23.35,True,Active,hafsa,None,Normal,3: Sitting down (controlled)
1790365475.7939067,7166,Person A,1182.1,2756.0,0.0,3024.52,23.29,True,Active,hafsa,None,Normal,3: Sitting down (controlled)
1790365475.8892572,7167,Person A,1183.3,2762.9,0.0,3024.12,23.28,True,Active,hafsa,None,Normal,3: Sitting down (controlled)
1790365475.972069,7168,Person A,1185.7,2768.4,80.0,3023.07,23.18,True,Active,hafsa,None,Normal,3: Sitting down (controlled)
1790365476.0700498,7169,Person A,1187.3,2772.9,80.0,3020.71,23.08,True,Active,hafsa,None,Normal,3: Sitting down (controlled)
1790365476.164406,7170,Person A,1188.4,2776.1,80.0,3016.95,22.86,True,Active,hafsa,None,Normal,3: Sitting down (controlled)
1790365476.2552168,7171,Person A,1186.3,2777.4,80.0,3004.71,22.4,True,Active,hafsa,None,Normal,3: Sitting down (controlled)
1790365476.354726,7172,Person A,1181.2,2777.9,80.0,2998.48,22.16,True,Active,hafsa,None,Normal,3: Sitting down (controlled)
1790365476.4337282,7173,Person A,1172.4,2777.8,80.0,2987.84,21.81,True,Active,hafsa,None,Normal,3: Sitting down (controlled)
1790365476.5133643,7174,Person A,1162.2,2777.3,80.0,2982.28,21.64,True,Active,hafsa,None,Normal,3: Sitting down (controlled)
1790365476.599152,7175,Person A,1152.5,2776.7,80.0,2983.02,21.68,True,Active,hafsa,None,Normal,3: Sitting down (controlled)
1790365476.7157829,7176,Person A,1143.4,2775.9,80.0,2982.27,21.75,True,Active,hafsa,None,Normal,3: Sitting down (controlled)
1790365476.8082712,7177,Person A,1135.4,2774.9,0.0,2984.13,21.94,True,Active,hafsa,None,Normal,3: Sitting down (controlled)
1790365476.8835406,7178,Person A,1129.2,2773.4,0.0,2985.31,22.2,True,Active,hafsa,None,Normal,3: Sitting down (controlled)
1790365476.9515254,7179,Person A,1124.9,2771.6,0.0,2987.47,22.45,True,Active,hafsa,None,Normal,3: Sitting down (controlled)
1790365477.0799704,7180,Person A,1122.4,2769.5,0.0,2987.92,22.57,True,Active,hafsa,None,Normal,3: Sitting down (controlled)
1790365477.1323307,7181,Person A,1122.7,2767.5,0.0,2987.38,22.6,True,Active,hafsa,None,Normal,3: Sitting down (controlled)
1790365477.2161882,7182,Person A,1124.4,2765.4,0.0,2985.54,22.61,True,Active,hafsa,None,Normal,3: Sitting down (controlled)
1790365477.3105073,7183,Person A,1128.7,2763.6,0.0,2987.46,22.7,True,Active,hafsa,None,Normal,3: Sitting down (controlled)
1790365477.3998036,7184,Person A,1134.2,2762.1,0.0,2989.16,22.73,True,Active,hafsa,None,Normal,3: Sitting down (controlled)
1790365477.5096338,7185,Person A,1139.1,2760.5,0.0,2986.69,22.67,True,Active,hafsa,None,Normal,3: Sitting down (controlled)
1790365477.5931392,7186,Person A,1143.2,2759.0,0.0,2983.85,22.59,True,Active,hafsa,None,Normal,3: Sitting down (controlled)
1790365477.6934977,7187,Person A,1145.9,2757.6,0.0,2981.39,22.52,True,Active,hafsa,None,Normal,3: Sitting down (controlled)
1790365477.7925923,7188,Person A,1146.8,2756.5,0.0,2978.55,22.44,True,Active,hafsa,None,Normal,3: Sitting down (controlled)
1790365477.8594227,7189,Person A,1146.0,2755.6,0.0,2976.1,22.38,True,Active,hafsa,None,Normal,3: Sitting down (controlled)
1790365477.9391465,7190,Person A,1144.2,2754.7,0.0,2972.73,22.32,True,Active,hafsa,None,Normal,3: Sitting down (controlled)
1790365478.0329733,7191,Person A,1141.9,2753.8,0.0,2970.29,22.26,True,Active,hafsa,None,Normal,3: Sitting down (controlled)
1790365478.123356,7192,Person A,1139.3,2753.5,0.0,2972.86,22.17,True,Active,hafsa,None,Normal,3: Sitting down (controlled)
1790365478.199095,7193,Person A,1136.2,2753.6,0.0,2976.56,22.14,True,Active,hafsa,None,Normal,3: Sitting down (controlled)
1790365478.2869995,7194,Person A,1132.9,2754.0,0.0,2980.27,22.12,True,Active,hafsa,None,Normal,3: Sitting down (controlled)
1790365478.390197,7195,Person A,1130.1,2755.0,0.0,2985.28,22.1,True,Active,hafsa,None,Normal,3: Sitting down (controlled)
1790365478.4824452,7196,Person A,1127.9,2756.5,0.0,2989.36,22.09,True,Active,hafsa,None,Normal,3: Sitting down (controlled)
1790365478.580282,7197,Person A,1126.1,2758.5,0.0,2993.07,22.06,True,Active,hafsa,None,Normal,3: Sitting down (controlled)
1790365478.679244,7198,Person A,1124.9,2761.1,0.0,2998.08,22.04,True,Active,hafsa,None,Normal,3: Sitting down (controlled)
1790365478.736234,7199,Person A,1124.4,2763.8,0.0,2999.2,22.09,True,Active,hafsa,None,Normal,3: Sitting down (controlled)
1790365478.8530753,7200,Person A,1125.2,2766.5,0.0,3000.75,22.27,True,Active,hafsa,None,Normal,3: Sitting down (controlled)
1790365478.9030693,7201,Person A,1127.4,2769.1,0.0,3002.7,22.46,True,Active,hafsa,None,Normal,3: Sitting down (controlled)
1790365479.0090957,7202,Person A,1131.0,2771.1,0.0,3005.08,22.67,True,Active,hafsa,None,Normal,3: Sitting down (controlled)
1790365479.0757189,7203,Person A,1135.6,2772.4,0.0,3006.18,22.86,True,Active,hafsa,None,Normal,3: Sitting down (controlled)
1790365479.192363,7204,Person A,1141.2,2773.1,0.0,3008.24,23.05,True,Active,hafsa,None,Normal,3: Sitting down (controlled)
1790365479.2775161,7205,Person A,1147.6,2773.1,0.0,3009.94,23.23,True,Active,hafsa,None,Normal,3: Sitting down (controlled)
1790365479.3605242,7206,Person A,1154.8,2772.5,0.0,3011.66,23.4,True,Active,hafsa,None,Normal,3: Sitting down (controlled)
1790365479.4558902,7207,Person A,1162.9,2771.3,0.0,3013.41,23.57,True,Active,hafsa,None,Normal,3: Sitting down (controlled)
1790365479.5451682,7208,Person A,1171.2,2769.6,0.0,3014.62,23.62,True,Active,hafsa,None,Normal,3: Sitting down (controlled)
1790365479.6339886,7209,Person A,1179.3,2767.9,0.0,3015.02,23.64,True,Active,hafsa,None,Normal,3: Sitting down (controlled)
1790365479.7053518,7210,Person A,1186.5,2766.4,0.0,3015.02,23.64,True,Active,hafsa,None,Normal,3: Sitting down (controlled)
1790365479.8231692,7211,Person A,1193.3,2765.1,0.0,3017.43,23.74,True,Active,hafsa,None,Normal,3: Sitting down (controlled)
1790365479.905935,7212,Person A,1199.8,2764.0,0.0,3020.66,23.88,True,Active,hafsa,None,Normal,3: Sitting down (controlled)
1790365479.9758627,7213,Person A,1206.6,2763.2,0.0,3025.94,24.11,True,Active,hafsa,None,Normal,3: Sitting down (controlled)
1790365480.079421,7214,Person A,1213.6,2762.5,0.0,3029.95,24.32,True,Active,hafsa,None,Normal,3: Sitting down (controlled)
1790365480.1644042,7215,Person A,1220.6,2761.9,0.0,3032.76,24.49,True,Active,hafsa,None,Normal,3: Sitting down (controlled)
1790365480.242544,7216,Person A,1227.5,2761.4,0.0,3035.18,24.63,True,Active,hafsa,None,Normal,3: Sitting down (controlled)
1790365480.3325856,7217,Person A,1234.5,2760.9,0.0,3037.54,24.82,True,Active,hafsa,None,Normal,3: Sitting down (controlled)
1790365480.4304705,7218,Person A,1242.5,2760.3,0.0,3042.12,25.05,True,Active,hafsa,None,Normal,3: Sitting down (controlled)
1790365480.5177772,7219,Person A,1251.4,2759.6,0.0,3045.46,25.23,True,Active,hafsa,None,Normal,3: Sitting down (controlled)
1790365480.6076956,7220,Person A,1260.6,2758.8,0.0,3045.84,25.29,True,Active,hafsa,None,Normal,3: Sitting down (controlled)
1790365480.7029173,7221,Person A,1269.0,2757.9,0.0,3044.08,25.26,True,Active,hafsa,None,Normal,3: Sitting down (controlled)
1790365480.7934535,7222,Person A,1276.2,2756.8,0.0,3040.56,25.21,True,Active,hafsa,None,Normal,3: Sitting down (controlled)
1790365480.873833,7223,Person A,1281.7,2755.5,0.0,3037.05,25.16,True,Active,hafsa,None,Normal,3: Sitting down (controlled)
1790365480.9689772,7224,Person A,1286.1,2754.2,0.0,3036.57,25.18,True,Active,hafsa,None,Normal,3: Sitting down (controlled)
1790365481.074835,7225,Person A,1289.7,2752.8,0.0,3035.19,25.21,True,Active,hafsa,None,Normal,3: Sitting down (controlled)
1790365481.1620398,7226,Person A,1292.2,2751.4,0.0,3033.01,25.17,True,Active,hafsa,None,Normal,3: Sitting down (controlled)
1790365481.2376938,7227,Person A,1293.3,2750.1,0.0,3030.4,25.11,True,Active,hafsa,None,Normal,3: Sitting down (controlled)
1790365481.3229024,7228,Person A,1292.7,2748.8,0.0,3027.8,25.05,True,Active,hafsa,None,Normal,3: Sitting down (controlled)
1790365481.4085033,7229,Person A,1290.4,2747.2,0.0,3021.22,24.96,True,Active,hafsa,None,Normal,3: Sitting down (controlled)
1790365481.5031211,7230,Person A,1287.1,2745.2,0.0,3013.73,24.88,True,Active,hafsa,None,Normal,3: Sitting down (controlled)
1790365481.5980854,7231,Person A,1283.3,2743.0,0.0,3008.07,24.78,True,Active,hafsa,None,Normal,3: Sitting down (controlled)
1790365481.7030222,7232,Person A,1279.2,2740.8,0.0,3003.32,24.68,True,Active,hafsa,None,Normal,3: Sitting down (controlled)
1790365481.7845378,7233,Person A,1274.5,2738.7,0.0,2998.25,24.51,True,Active,hafsa,None,Normal,3: Sitting down (controlled)
1790365481.860752,7234,Person A,1268.9,2736.7,0.0,2994.94,24.37,True,Active,hafsa,None,Normal,3: Sitting down (controlled)
1790365481.9465554,7235,Person A,1262.4,2735.0,0.0,2992.56,24.23,True,Active,hafsa,None,Normal,3: Sitting down (controlled)
1790365482.0299876,7236,Person A,1255.4,2733.4,0.0,2989.29,24.09,True,Active,hafsa,None,Normal,3: Sitting down (controlled)
1790365482.123421,7237,Person A,1248.1,2732.0,0.0,2987.35,23.96,True,Active,hafsa,None,Normal,3: Sitting down (controlled)
1790365482.2051625,7238,Person A,1240.5,2730.7,0.0,2984.52,23.83,True,Active,hafsa,None,Normal,3: Sitting down (controlled)
1790365482.303177,7239,Person A,1232.9,2729.8,0.0,2981.69,23.71,True,Active,hafsa,None,Normal,3: Sitting down (controlled)
1790365482.393099,7240,Person A,1225.9,2729.2,0.0,2979.46,23.71,True,Active,hafsa,None,Normal,3: Sitting down (controlled)
1790365482.4871874,7241,Person A,1219.5,2728.6,0.0,2976.31,23.71,True,Active,hafsa,None,Normal,3: Sitting down (controlled)
1790365482.5792594,7242,Person A,1213.6,2727.9,0.0,2972.76,23.7,True,Active,hafsa,None,Normal,3: Sitting down (controlled)
1790365482.6531117,7243,Person A,1208.1,2726.9,0.0,2966.69,23.63,True,Active,hafsa,None,Normal,3: Sitting down (controlled)
1790365482.7466428,7244,Person A,1202.9,2725.3,0.0,2959.19,23.59,True,Active,hafsa,None,Normal,3: Sitting down (controlled)
1790365482.8481753,7245,Person A,1198.4,2723.3,0.0,2956.04,23.59,True,Active,hafsa,None,Normal,3: Sitting down (controlled)
1790365482.94542,7246,Person A,1195.1,2721.0,0.0,2954.9,23.68,True,Active,hafsa,None,Normal,3: Sitting down (controlled)
1790365483.025158,7247,Person A,1194.2,2718.3,0.0,2959.02,24.01,True,Active,hafsa,None,Normal,3: Sitting down (controlled)
1790365483.1133492,7248,Person A,1195.7,2715.4,0.0,2964.16,24.33,True,Active,hafsa,None,Normal,3: Sitting down (controlled)
1790365483.186592,7249,Person A,1199.8,2712.4,0.0,2971.13,24.67,True,Active,hafsa,None,Normal,3: Sitting down (controlled)
1790365483.2837327,7250,Person A,1205.5,2709.2,0.0,2973.79,24.96,True,Active,hafsa,None,Normal,3: Sitting down (controlled)
1790365483.3753355,7251,Person A,1212.7,2706.1,0.0,2977.92,25.22,True,Active,hafsa,None,Normal,3: Sitting down (controlled)
1790365483.4745743,7252,Person A,1221.0,2702.9,-80.0,2978.15,25.41,True,Active,hafsa,None,Normal,3: Sitting down (controlled)
1790365483.5509403,7253,Person A,1230.1,2699.8,0.0,2976.3,25.47,True,Active,hafsa,None,Normal,3: Sitting down (controlled)
1790365483.6231806,7254,Person A,1239.2,2697.3,0.0,2974.15,25.38,True,Active,hafsa,None,Normal,3: Sitting down (controlled)
1790365483.7502494,7255,Person A,1247.9,2695.2,0.0,2972.92,25.29,True,Active,hafsa,None,Normal,3: Sitting down (controlled)
1790365483.8008225,7256,Person A,1255.7,2693.5,0.0,2971.69,25.19,True,Active,hafsa,None,Normal,3: Sitting down (controlled)
1790365483.896411,7257,Person A,1261.5,2692.2,0.0,2971.32,25.13,True,Active,hafsa,None,Normal,3: Sitting down (controlled)
1790365484.002204,7258,Person A,1265.0,2691.7,0.0,2974.21,24.98,True,Active,hafsa,None,Normal,3: Sitting down (controlled)
1790365484.1122568,7259,Person A,1266.0,2692.0,0.0,2978.04,24.82,True,Active,hafsa,None,Normal,3: Sitting down (controlled)
1790365484.1898363,7260,Person A,1264.9,2693.4,0.0,2981.88,24.66,True,Active,hafsa,None,Normal,3: Sitting down (controlled)
1790365484.277627,7261,Person A,1262.4,2695.3,0.0,2984.61,24.63,True,Active,hafsa,None,Normal,3: Sitting down (controlled)
1790365484.3653748,7262,Person A,1259.1,2697.8,0.0,2986.85,24.63,True,Active,hafsa,None,Normal,3: Sitting down (controlled)
1790365484.4329815,7263,Person A,1255.7,2700.7,0.0,2988.17,24.64,True,Active,hafsa,None,Normal,3: Sitting down (controlled)
1790365484.505411,7264,Person A,1253.0,2703.4,0.0,2987.19,24.69,True,Active,hafsa,None,Normal,3: Sitting down (controlled)
1790365484.639805,7265,Person A,1250.7,2705.7,0.0,2984.05,24.7,True,Active,hafsa,None,Normal,3: Sitting down (controlled)
1790365484.6911373,7266,Person A,1248.2,2707.6,0.0,2978.4,24.6,True,Active,hafsa,None,Normal,3: Sitting down (controlled)
1790365484.7802143,7267,Person A,1245.1,2709.1,0.0,2971.93,24.47,True,Active,hafsa,None,Normal,3: Sitting down (controlled)
1790365484.859686,7268,Person A,1242.2,2709.7,0.0,2967.55,24.42,True,Active,hafsa,None,Normal,3: Sitting down (controlled)
1790365485.006248,7269,Person A,1239.5,2709.5,0.0,2964.98,24.36,True,Active,hafsa,None,Normal,3: Sitting down (controlled)
1790365485.1032755,7270,Person A,1237.0,2708.6,0.0,2963.34,24.29,True,Active,hafsa,None,Normal,3: Sitting down (controlled)
1790365485.1951315,7271,Person A,1234.4,2707.5,0.0,2963.84,24.26,True,Active,hafsa,None,Normal,3: Sitting down (controlled)
1790365485.2505484,7272,Person A,1231.4,2706.4,0.0,2964.43,24.2,True,Active,hafsa,None,Normal,3: Sitting down (controlled)
1790365485.31229,7273,Person A,1228.3,2705.4,0.0,2966.25,24.18,True,Active,hafsa,None,Normal,3: Sitting down (controlled)
1790365485.391548,7274,Person A,1225.2,2704.4,80.0,2965.25,24.23,True,Active,hafsa,None,Normal,3: Sitting down (controlled)
1790365485.5365267,7275,Person A,1222.5,2703.4,0.0,2963.75,24.31,True,Active,hafsa,None,Normal,3: Sitting down (controlled)
1790365485.6163695,7276,Person A,1220.3,2702.4,0.0,2960.19,24.3,True,Active,hafsa,None,Normal,3: Sitting down (controlled)
1790365485.7190602,7277,Person A,1218.9,2701.7,-80.0,2959.78,24.28,True,Active,hafsa,None,Normal,3: Sitting down (controlled)
1790365485.7806647,7278,Person A,1218.0,2701.6,0.0,2962.93,24.27,True,Active,hafsa,None,Normal,3: Sitting down (controlled)
1790365485.8369205,7279,Person A,1217.1,2702.0,0.0,2964.93,24.17,True,Active,hafsa,None,Normal,3: Sitting down (controlled)
1790365485.9658716,7280,Person A,1215.8,2702.7,0.0,2964.41,24.01,True,Active,hafsa,None,Normal,3: Sitting down (controlled)
1790365486.0410297,7281,Person A,1213.9,2703.7,0.0,2965.22,23.85,True,Active,hafsa,None,Normal,3: Sitting down (controlled)
1790365486.120018,7282,Person A,1211.6,2704.9,0.0,2966.06,23.7,True,Active,hafsa,None,Normal,3: Sitting down (controlled)
1790365486.2127979,7283,Person A,1208.9,2706.4,0.0,2969.04,23.59,True,Active,hafsa,None,Normal,3: Sitting down (controlled)
1790365486.2923467,7284,Person A,1205.4,2708.5,0.0,2970.31,23.45,True,Active,hafsa,None,Normal,3: Sitting down (controlled)
1790365486.3908324,7285,Person A,1200.9,2711.2,0.0,2970.29,23.3,True,Active,hafsa,None,Normal,3: Sitting down (controlled)
1790365486.4784865,7286,Person A,1196.0,2714.7,0.0,2972.52,23.16,True,Active,hafsa,None,Normal,3: Sitting down (controlled)
1790365486.5583234,7287,Person A,1190.2,2718.6,80.0,2972.28,22.95,True,Active,hafsa,None,Normal,3: Sitting down (controlled)
1790365486.65729,7288,Person A,1183.8,2722.5,0.0,2973.1,22.84,True,Active,hafsa,None,Normal,3: Sitting down (controlled)
1790365486.7364802,7289,Person A,1179.0,2726.1,0.0,2978.7,23.04,True,Active,hafsa,None,Normal,3: Sitting down (controlled)
1790365486.8563578,7290,Person A,1176.6,2729.5,0.0,2985.91,23.32,True,Active,hafsa,None,Normal,3: Sitting down (controlled)
1790365486.9415014,7291,Person A,1176.2,2732.6,0.0,2992.0,23.54,True,Active,hafsa,None,Normal,3: Sitting down (controlled)
1790365487.0385532,7292,Person A,1177.6,2735.2,80.0,2995.5,23.74,True,Active,hafsa,None,Normal,3: Sitting down (controlled)
1790365487.1210008,7293,Person A,1181.0,2737.0,160.0,2999.23,24.04,True,Active,hafsa,None,Normal,3: Sitting down (controlled)
1790365487.1949298,7294,Person A,1186.2,2738.1,0.0,3001.41,24.28,True,Active,hafsa,None,Normal,3: Sitting down (controlled)
1790365487.2860007,7295,Person A,1192.2,2738.6,80.0,2999.09,24.32,True,Active,hafsa,None,Normal,3: Sitting down (controlled)
1790365487.3795865,7296,Person A,1198.1,2738.3,0.0,2993.47,24.22,True,Active,hafsa,None,Normal,3: Sitting down (controlled)
1790365487.4653442,7297,Person A,1204.3,2737.4,0.0,2988.78,24.11,True,Active,hafsa,None,Normal,3: Sitting down (controlled)
1790365487.5394282,7298,Person A,1210.7,2736.1,0.0,2986.65,24.07,True,Active,hafsa,None,Normal,3: Sitting down (controlled)
1790365487.6346097,7299,Person A,1215.7,2734.6,0.0,2984.92,24.04,True,Active,hafsa,None,Normal,3: Sitting down (controlled)
1790365487.7773364,7300,Person A,1218.6,2732.6,0.0,2979.23,23.98,True,Active,hafsa,None,Normal,3: Sitting down (controlled)
1790365487.8498046,7301,Person A,1219.6,2730.1,0.0,2973.14,23.91,True,Active,hafsa,None,Normal,3: Sitting down (controlled)
1790365487.9327166,7302,Person A,1219.4,2727.2,0.0,2968.16,23.93,True,Active,hafsa,None,Normal,3: Sitting down (controlled)
1790365487.9968054,7303,Person A,1217.6,2723.8,0.0,2960.85,23.99,True,Active,hafsa,None,Normal,3: Sitting down (controlled)
1790365488.084024,7304,Person A,1214.2,2719.9,0.0,2951.92,23.99,True,Active,hafsa,None,Normal,3: Sitting down (controlled)
1790365488.1875281,7305,Person A,1210.5,2715.6,0.0,2944.71,24.01,True,Active,hafsa,None,Normal,3: Sitting down (controlled)
1790365488.2709816,7306,Person A,1207.3,2711.5,0.0,2942.98,23.98,True,Active,hafsa,None,Normal,3: Sitting down (controlled)
1790365488.3740404,7307,Person A,1204.6,2707.7,0.0,2943.08,23.93,True,Active,hafsa,None,Normal,3: Sitting down (controlled)
1790365488.4877343,7308,Person A,1201.9,2704.1,0.0,2942.78,23.87,True,Active,hafsa,None,Normal,3: Sitting down (controlled)
1790365488.563802,7309,Person A,1199.0,2700.8,0.0,2942.99,23.79,True,Active,hafsa,None,Normal,3: Sitting down (controlled)
1790365488.663576,7310,Person A,1195.8,2698.2,0.0,2942.53,23.62,True,Active,hafsa,None,Normal,3: Sitting down (controlled)
1790365488.764342,7311,Person A,1192.4,2696.4,0.0,2943.0,23.45,True,Active,hafsa,None,Normal,3: Sitting down (controlled)
1790365488.8510306,7312,Person A,1188.5,2695.5,0.0,2944.29,23.31,True,Active,hafsa,None,Normal,3: Sitting down (controlled)
1790365488.9132247,7313,Person A,1184.1,2695.5,0.0,2943.23,23.21,True,Active,hafsa,None,Normal,3: Sitting down (controlled)
1790365488.9866927,7314,Person A,1179.6,2696.4,0.0,2942.19,23.11,True,Active,hafsa,None,Normal,3: Sitting down (controlled)
1790365489.0733232,7315,Person A,1174.8,2698.0,0.0,2940.23,23.02,True,Active,hafsa,None,Normal,3: Sitting down (controlled)
1790365489.170186,7316,Person A,1169.4,2699.7,0.0,2937.11,22.88,True,Active,hafsa,None,Normal,3: Sitting down (controlled)
1790365489.2574306,7317,Person A,1163.3,2701.3,0.0,2933.62,22.72,True,Active,hafsa,None,Normal,3: Sitting down (controlled)
1790365489.335427,7318,Person A,1156.5,2702.9,0.0,2930.7,22.53,True,Active,hafsa,None,Normal,3: Sitting down (controlled)
1790365489.4083672,7319,Person A,1149.3,2704.4,0.0,2928.56,22.38,True,Active,hafsa,None,Normal,3: Sitting down (controlled)
1790365489.5159168,7320,Person A,1142.4,2705.7,0.0,2927.59,22.28,True,Active,hafsa,None,Normal,3: Sitting down (controlled)
1790365489.6022468,7321,Person A,1136.0,2706.8,0.0,2928.3,22.21,True,Active,hafsa,None,Normal,3: Sitting down (controlled)
1790365489.6957366,7322,Person A,1129.3,2707.8,0.0,2927.7,22.03,True,Active,hafsa,None,Normal,3: Sitting down (controlled)
1790365489.7914758,7323,Person A,1122.6,2708.8,0.0,2926.75,21.93,True,Active,hafsa,None,Normal,3: Sitting down (controlled)
1790365489.8713517,7324,Person A,1115.8,2709.8,0.0,2925.44,21.81,True,Active,hafsa,None,Normal,3: Sitting down (controlled)
1790365489.938412,7325,Person A,1109.1,2710.9,0.0,2924.89,21.73,True,Active,hafsa,None,Normal,3: Sitting down (controlled)
1790365490.0453901,7326,Person A,1102.8,2712.0,0.0,2923.41,21.66,True,Active,hafsa,None,Normal,3: Sitting down (controlled)
1790365490.1328435,7327,Person A,1097.1,2713.2,0.0,2923.23,21.6,True,Active,hafsa,None,Normal,3: Sitting down (controlled)
1790365490.2122545,7328,Person A,1091.9,2714.3,0.0,2921.4,21.51,True,Active,hafsa,None,Normal,3: Sitting down (controlled)
1790365490.3041353,7329,Person A,1087.4,2715.3,0.0,2921.03,21.49,True,Active,hafsa,None,Normal,3: Sitting down (controlled)
1790365490.400304,7330,Person A,1083.7,2716.0,0.0,2920.27,21.56,True,Active,hafsa,None,Normal,3: Sitting down (controlled)
1790365490.4849646,7331,Person A,1080.3,2716.4,0.0,2919.34,21.56,True,Active,hafsa,None,Normal,3: Sitting down (controlled)
1790365490.572458,7332,Person A,1077.6,2716.5,0.0,2918.61,21.53,True,Active,hafsa,None,Normal,3: Sitting down (controlled)
1790365490.659008,7333,Person A,1075.1,2716.4,0.0,2916.58,21.48,True,Active,hafsa,None,Normal,3: Sitting down (controlled)
1790365490.7546232,7334,Person A,1072.8,2716.2,0.0,2915.11,21.41,True,Active,hafsa,None,Normal,3: Sitting down (controlled)
1790365490.8453133,7335,Person A,1070.3,2715.9,0.0,2912.93,21.3,True,Active,hafsa,None,Normal,3: Sitting down (controlled)
1790365490.925455,7336,Person A,1067.6,2715.6,0.0,2910.76,21.19,True,Active,hafsa,None,Normal,3: Sitting down (controlled)
1790365491.021905,7337,Person A,1064.8,2715.1,0.0,2908.38,21.12,True,Active,hafsa,None,Normal,3: Sitting down (controlled)
1790365491.1002696,7338,Person A,1062.2,2714.6,0.0,2907.3,21.07,True,Active,hafsa,None,Normal,3: Sitting down (controlled)
1790365491.1859803,7339,Person A,1059.2,2714.1,0.0,2905.51,20.97,True,Active,hafsa,None,Normal,3: Sitting down (controlled)
1790365491.296406,7340,Person A,1055.5,2713.8,0.0,2904.08,20.9,True,Active,hafsa,None,Normal,3: Sitting down (controlled)
1790365491.3863823,7341,Person A,1051.7,2713.5,0.0,2902.79,20.89,True,Active,hafsa,None,Normal,3: Sitting down (controlled)
1790365491.476728,7342,Person A,1048.0,2713.2,0.0,2902.43,20.87,True,Active,hafsa,None,Normal,3: Sitting down (controlled)
1790365491.549398,7343,Person A,1044.4,2713.0,0.0,2901.72,20.83,True,Active,hafsa,None,Normal,3: Sitting down (controlled)
1790365491.6361458,7344,Person A,1040.9,2712.8,0.0,2900.65,20.78,True,Active,hafsa,None,Normal,3: Sitting down (controlled)
1790365491.7256875,7345,Person A,1037.8,2712.7,0.0,2900.88,20.73,True,Active,hafsa,None,Normal,3: Sitting down (controlled)
1790365491.8108373,7346,Person A,1035.2,2712.6,0.0,2900.52,20.72,True,Active,hafsa,None,Normal,3: Sitting down (controlled)
1790365491.9025435,7347,Person A,1032.9,2712.6,0.0,2900.17,20.7,True,Active,hafsa,None,Normal,3: Sitting down (controlled)
1790365491.9916108,7348,Person A,1030.8,2712.6,0.0,2899.82,20.68,True,Active,hafsa,None,Normal,3: Sitting down (controlled)
1790365492.0901573,7349,Person A,1029.2,2712.6,0.0,2899.82,20.68,True,Active,hafsa,None,Normal,3: Sitting down (controlled)
1790365492.164839,7350,Person A,1027.7,2712.7,0.0,2899.7,20.62,True,Active,hafsa,None,Normal,3: Sitting down (controlled)
1790365492.3151777,7351,Person A,1026.0,2713.0,0.0,2899.58,20.55,True,Active,hafsa,None,Normal,3: Sitting down (controlled)
1790365492.3818743,7352,Person A,1024.1,2713.3,0.0,2898.53,20.5,True,Active,hafsa,None,Normal,3: Sitting down (controlled)
1790365492.4574034,7353,Person A,1022.0,2713.6,0.0,2897.13,20.42,True,Active,hafsa,None,Normal,3: Sitting down (controlled)
1790365492.5324109,7354,Person A,1019.5,2714.0,0.0,2895.63,20.29,True,Active,hafsa,None,Normal,3: Sitting down (controlled)
1790365492.6434624,7355,Person A,1016.5,2714.4,0.0,2894.15,20.15,True,Active,hafsa,None,Normal,3: Sitting down (controlled)
1790365492.7489958,7356,Person A,1013.2,2714.8,0.0,2892.77,20.08,True,Active,hafsa,None,Normal,3: Sitting down (controlled)
1790365492.8437974,7357,Person A,1009.7,2715.1,0.0,2890.81,20.03,True,Active,hafsa,None,Normal,3: Sitting down (controlled)
1790365492.9223104,7358,Person A,1005.9,2715.4,0.0,2889.44,19.95,True,Active,hafsa,None,Normal,3: Sitting down (controlled)
1790365492.99454,7359,Person A,1001.9,2715.6,0.0,2887.82,19.92,True,Active,hafsa,None,Normal,3: Sitting down (controlled)
1790365493.083955,7360,Person A,998.0,2715.7,0.0,2887.14,19.88,True,Active,hafsa,None,Normal,3: Sitting down (controlled)
1790365493.1797328,7361,Person A,994.2,2715.6,0.0,2885.51,19.85,True,Active,hafsa,None,Normal,3: Sitting down (controlled)
1790365493.2540405,7362,Person A,990.1,2715.6,0.0,2884.42,19.74,True,Active,hafsa,None,Normal,3: Sitting down (controlled)
1790365493.3534606,7363,Person A,985.7,2715.8,0.0,2883.95,19.59,True,Active,hafsa,None,Normal,3: Sitting down (controlled)
1790365493.4194121,7364,Person A,981.5,2716.1,0.0,2884.16,19.48,True,Active,hafsa,None,Normal,3: Sitting down (controlled)
1790365493.5404408,7365,Person A,978.0,2716.5,0.0,2886.05,19.47,True,Active,hafsa,None,Normal,3: Sitting down (controlled)
1790365493.6199589,7366,Person A,974.8,2717.0,0.0,2886.66,19.45,True,Active,hafsa,None,Normal,3: Sitting down (controlled)
1790365493.7065692,7367,Person A,971.6,2717.6,0.0,2885.66,19.39,True,Active,hafsa,None,Normal,3: Sitting down (controlled)
1790365493.7843175,7368,Person A,968.5,2718.2,0.0,2884.67,19.33,True,Active,hafsa,None,Normal,3: Sitting down (controlled)
1790365493.866222,7369,Person A,965.5,2718.9,0.0,2884.34,19.31,True,Active,hafsa,None,Normal,3: Sitting down (controlled)
1790365493.95424,7370,Person A,962.6,2719.6,0.0,2884.01,19.3,True,Active,hafsa,None,Normal,3: Sitting down (controlled)
1790365494.0496686,7371,Person A,959.8,2720.4,0.0,2883.68,19.28,True,Active,hafsa,None,Normal,3: Sitting down (controlled)
1790365494.13352,7372,Person A,957.1,2721.2,0.0,2882.97,19.18,True,Active,hafsa,None,Normal,3: Sitting down (controlled)
1790365494.217029,7373,Person A,954.5,2721.9,0.0,2881.95,19.06,True,Active,hafsa,None,Normal,3: Sitting down (controlled)
1790365494.301478,7374,Person A,952.0,2722.5,0.0,2881.6,18.98,True,Active,hafsa,None,Normal,3: Sitting down (controlled)
1790365494.419748,7375,Person A,949.5,2722.9,0.0,2881.6,18.98,True,Active,hafsa,None,Normal,3: Sitting down (controlled)
1790365494.511143,7376,Person A,947.1,2723.1,0.0,2880.65,18.98,True,Active,hafsa,None,Normal,3: Sitting down (controlled)
1790365494.604959,7377,Person A,944.9,2723.3,0.0,2880.32,18.96,True,Active,hafsa,None,Normal,3: Sitting down (controlled)
1790365494.6797283,7378,Person A,943.0,2723.5,0.0,2880.32,18.96,True,Active,hafsa,None,Normal,3: Sitting down (controlled)
1790365494.7539752,7379,Person A,941.3,2723.7,0.0,2880.65,18.98,True,Active,hafsa,None,Normal,3: Sitting down (controlled)
1790365494.8815207,7380,Person A,939.8,2723.9,0.0,2880.98,19.0,True,Active,hafsa,None,Normal,3: Sitting down (controlled)
1790365494.9609542,7381,Person A,938.4,2724.2,0.0,2881.92,18.99,True,Active,hafsa,None,Normal,3: Sitting down (controlled)
1790365495.0282414,7382,Person A,937.5,2724.4,0.0,2881.92,18.99,True,Active,hafsa,None,Normal,3: Sitting down (controlled)
1790365495.1071239,7383,Person A,937.1,2724.6,0.0,2882.54,18.97,True,Active,hafsa,None,Normal,3: Sitting down (controlled)
1790365495.2034874,7384,Person A,937.1,2724.8,0.0,2883.49,18.96,True,Active,hafsa,None,Normal,3: Sitting down (controlled)
1790365495.2964509,7385,Person A,937.1,2725.0,0.0,2883.49,18.96,True,Active,hafsa,None,Normal,3: Sitting down (controlled)
1790365495.378274,7386,Person A,937.0,2725.3,0.0,2883.16,18.94,True,Active,hafsa,None,Normal,3: Sitting down (controlled)
1790365495.491523,7387,Person A,936.8,2725.7,0.0,2883.46,18.9,True,Active,hafsa,None,Normal,3: Sitting down (controlled)
1790365495.5749054,7388,Person A,936.5,2726.1,0.0,2883.14,18.88,True,Active,hafsa,None,Normal,3: Sitting down (controlled)
1790365495.6440463,7389,Person A,935.8,2726.3,0.0,2880.27,18.84,True,Active,hafsa,None,Normal,3: Sitting down (controlled)
1790365495.7439272,7390,Person A,934.9,2726.4,0.0,2879.0,18.83,True,Active,hafsa,None,Normal,3: Sitting down (controlled)
1790365495.818761,7391,Person A,934.0,2726.3,0.0,2878.06,18.83,True,Active,hafsa,None,Normal,3: Sitting down (controlled)
1790365495.9197934,7392,Person A,933.1,2726.1,0.0,2877.11,18.84,True,Active,hafsa,None,Normal,3: Sitting down (controlled)
1790365495.9965956,7393,Person A,932.3,2725.8,0.0,2877.11,18.84,True,Active,hafsa,None,Normal,3: Sitting down (controlled)
1790365496.0973754,7394,Person A,931.4,2725.3,0.0,2875.84,18.83,True,Active,hafsa,None,Normal,3: Sitting down (controlled)
1790365496.1854887,7395,Person A,930.3,2724.7,0.0,2874.25,18.79,True,Active,hafsa,None,Normal,3: Sitting down (controlled)
1790365496.2920418,7396,Person A,929.1,2723.9,0.0,2871.71,18.77,True,Active,hafsa,None,Normal,3: Sitting down (controlled)
1790365496.3786318,7397,Person A,927.6,2722.7,0.0,2867.27,18.69,True,Active,hafsa,None,Normal,3: Sitting down (controlled)
1790365496.45245,7398,Person A,926.1,2721.2,0.0,2864.1,18.69,True,Active,hafsa,None,Normal,3: Sitting down (controlled)
1790365496.544199,7399,Person A,924.8,2719.7,0.0,2861.89,18.69,True,Active,hafsa,None,Normal,3: Sitting down (controlled)
1790365496.6305013,7400,Person A,923.4,2718.3,0.0,2861.25,18.65,True,Active,hafsa,None,Normal,3: Sitting down (controlled)
1790365496.7248244,7401,Person A,921.7,2717.1,0.0,2861.24,18.59,True,Active,hafsa,None,Normal,3: Sitting down (controlled)
1790365496.8157835,7402,Person A,920.2,2716.0,0.0,2861.88,18.62,True,Active,hafsa,None,Normal,3: Sitting down (controlled)
1790365496.929903,7403,Person A,918.9,2714.8,0.0,2861.57,18.67,True,Active,hafsa,None,Normal,3: Sitting down (controlled)
1790365497.0073292,7404,Person A,918.0,2713.6,0.0,2861.58,18.73,True,Active,hafsa,None,Normal,3: Sitting down (controlled)
1790365497.0929618,7405,Person A,917.8,2712.4,0.0,2862.25,18.83,True,Active,hafsa,None,Normal,3: Sitting down (controlled)
1790365497.1699429,7406,Person A,918.4,2711.3,0.0,2863.24,18.95,True,Active,hafsa,None,Normal,3: Sitting down (controlled)
1790365497.271237,7407,Person A,919.8,2710.5,0.0,2864.22,19.01,True,Active,hafsa,None,Normal,3: Sitting down (controlled)
1790365497.3477552,7408,Person A,921.4,2710.1,0.0,2865.49,19.02,True,Active,hafsa,None,Normal,3: Sitting down (controlled)
1790365497.4223132,7409,Person A,923.1,2710.0,0.0,2866.44,19.02,True,Active,hafsa,None,Normal,3: Sitting down (controlled)
1790365497.5220141,7410,Person A,924.9,2710.0,0.0,2867.06,18.99,True,Active,hafsa,None,Normal,3: Sitting down (controlled)
1790365497.6107574,7411,Person A,927.0,2710.0,0.0,2868.0,18.98,True,Active,hafsa,None,Normal,3: Sitting down (controlled)
1790365497.7032628,7412,Person A,928.8,2710.0,0.0,2867.68,18.97,True,Active,hafsa,None,Normal,3: Sitting down (controlled)
1790365497.792227,7413,Person A,930.3,2710.2,0.0,2868.3,18.94,True,Active,hafsa,None,Normal,3: Sitting down (controlled)
1790365497.8653705,7414,Person A,931.4,2710.6,0.0,2868.92,18.91,True,Active,hafsa,None,Normal,3: Sitting down (controlled)
1790365497.965126,7415,Person A,931.8,2711.1,0.0,2868.27,18.88,True,Active,hafsa,None,Normal,3: Sitting down (controlled)
1790365498.0516555,7416,Person A,931.3,2711.7,0.0,2867.3,18.82,True,Active,hafsa,None,Normal,3: Sitting down (controlled)
1790365498.1380312,7417,Person A,930.5,2712.3,0.0,2867.3,18.82,True,Active,hafsa,None,Normal,3: Sitting down (controlled)
1790365498.2301886,7418,Person A,929.3,2712.8,0.0,2866.34,18.76,True,Active,hafsa,None,Normal,3: Sitting down (controlled)
1790365498.3084803,7419,Person A,927.8,2713.2,0.0,2865.37,18.71,True,Active,hafsa,None,Normal,3: Sitting down (controlled)
1790365498.444935,7420,Person A,926.0,2713.5,0.0,2864.09,18.63,True,Active,hafsa,None,Normal,3: Sitting down (controlled)
1790365498.5240035,7421,Person A,924.4,2713.8,0.0,2865.68,18.66,True,Active,hafsa,None,Normal,3: Sitting down (controlled)
1790365498.590892,7422,Person A,923.1,2714.1,0.0,2866.32,18.7,True,Active,hafsa,None,Normal,3: Sitting down (controlled)
1790365498.6730883,7423,Person A,922.1,2714.3,0.0,2866.96,18.74,True,Active,hafsa,None,Normal,3: Sitting down (controlled)
1790365498.7463796,7424,Person A,921.4,2714.4,0.0,2867.6,18.78,True,Active,hafsa,None,Normal,3: Sitting down (controlled)
1790365498.879393,7425,Person A,920.8,2714.5,0.0,2867.28,18.76,True,Active,hafsa,None,Normal,3: Sitting down (controlled)
1790365498.932687,7426,Person A,920.1,2714.5,0.0,2865.05,18.69,True,Active,hafsa,None,Normal,3: Sitting down (controlled)
1790365499.0248663,7427,Person A,919.1,2714.3,0.0,2862.2,18.64,True,Active,hafsa,None,Normal,3: Sitting down (controlled)
1790365499.1169288,7428,Person A,918.1,2713.9,0.0,2859.34,18.6,True,Active,hafsa,None,Normal,3: Sitting down (controlled)
1790365499.2009323,7429,Person A,917.0,2713.4,0.0,2857.12,18.53,True,Active,hafsa,None,Normal,3: Sitting down (controlled)
1790365499.3152351,7430,Person A,916.0,2712.7,0.0,2854.27,18.49,True,Active,hafsa,None,Normal,3: Sitting down (controlled)
1790365499.4132893,7431,Person A,914.5,2711.7,0.0,2851.43,18.44,True,Active,hafsa,None,Normal,3: Sitting down (controlled)
1790365499.516896,7432,Person A,912.5,2710.6,0.0,2849.53,18.39,True,Active,hafsa,None,Normal,3: Sitting down (controlled)
1790365499.5859294,7433,Person A,910.4,2709.6,0.0,2850.79,18.4,True,Active,hafsa,None,Normal,3: Sitting down (controlled)
1790365499.6604393,7434,Person A,908.4,2708.8,0.0,2853.64,18.45,True,Active,hafsa,None,Normal,3: Sitting down (controlled)
1790365499.7465723,7435,Person A,906.5,2708.1,0.0,2854.59,18.44,True,Active,hafsa,None,Normal,3: Sitting down (controlled)
1790365499.8389027,7436,Person A,905.0,2707.6,0.0,2855.54,18.43,True,Active,hafsa,None,Normal,3: Sitting down (controlled)
1790365499.9357612,7437,Person A,903.5,2707.3,0.0,2854.59,18.38,True,Active,hafsa,None,Normal,3: Sitting down (controlled)
1790365500.0144405,7438,Person A,901.9,2707.1,0.0,2852.38,18.31,True,Active,hafsa,None,Normal,3: Sitting down (controlled)
1790365500.0887992,7439,Person A,900.3,2706.9,0.0,2850.18,18.24,True,Active,hafsa,None,Normal,3: Sitting down (controlled)
1790365500.19748,7440,Person A,898.9,2706.9,0.0,2849.86,18.22,True,Active,hafsa,None,Normal,3: Sitting down (controlled)
1790365500.2862022,7441,Person A,897.9,2707.1,0.0,2850.18,18.24,True,Active,hafsa,None,Normal,3: Sitting down (controlled)
1790365500.3758948,7442,Person A,897.4,2707.4,0.0,2850.8,18.28,True,Active,hafsa,None,Normal,3: Sitting down (controlled)
1790365500.4523292,7443,Person A,896.9,2707.6,0.0,2851.12,18.3,True,Active,hafsa,None,Normal,3: Sitting down (controlled)
1790365500.5406935,7444,Person A,896.3,2707.5,0.0,2850.8,18.34,True,Active,hafsa,None,Normal,3: Sitting down (controlled)
1790365500.6325903,7445,Person A,896.3,2707.2,0.0,2851.74,18.46,True,Active,hafsa,None,Normal,3: Sitting down (controlled)
1790365500.7186484,7446,Person A,897.3,2706.6,0.0,2853.03,18.66,True,Active,hafsa,None,Normal,3: Sitting down (controlled)
1790365500.813327,7447,Person A,899.9,2705.7,0.0,2854.38,18.93,True,Active,hafsa,None,Normal,3: Sitting down (controlled)
1790365500.9021924,7448,Person A,904.2,2704.6,0.0,2855.79,19.2,True,Active,hafsa,None,Normal,3: Sitting down (controlled)
1790365500.9864864,7449,Person A,910.1,2703.4,0.0,2857.87,19.44,True,Active,hafsa,None,Normal,3: Sitting down (controlled)
1790365501.0712404,7450,Person A,917.3,2701.9,0.0,2859.06,19.68,True,Active,hafsa,None,Normal,3: Sitting down (controlled)
1790365501.1731994,7451,Person A,925.1,2700.6,0.0,2863.31,19.8,True,Active,hafsa,None,Normal,3: Sitting down (controlled)
1790365501.2442594,7452,Person A,933.3,2699.4,0.0,2866.29,19.91,True,Active,hafsa,None,Normal,3: Sitting down (controlled)
1790365501.3394582,7453,Person A,941.8,2698.4,0.0,2869.53,19.97,True,Active,hafsa,None,Normal,3: Sitting down (controlled)
1790365501.436475,7454,Person A,950.3,2697.8,0.0,2873.03,19.99,True,Active,hafsa,None,Normal,3: Sitting down (controlled)
1790365501.527282,7455,Person A,958.4,2697.4,0.0,2874.66,20.02,True,Active,hafsa,None,Normal,3: Sitting down (controlled)
1790365501.5966115,7456,Person A,965.5,2697.2,0.0,2874.66,20.02,True,Active,hafsa,None,Normal,3: Sitting down (controlled)
1790365501.7062197,7457,Person A,971.1,2697.2,0.0,2873.03,19.99,True,Active,hafsa,None,Normal,3: Sitting down (controlled)
1790365501.7835603,7458,Person A,975.0,2697.2,0.0,2868.85,19.93,True,Active,hafsa,None,Normal,3: Sitting down (controlled)
1790365501.9054675,7459,Person A,977.3,2697.2,0.0,2865.61,19.87,True,Active,hafsa,None,Normal,3: Sitting down (controlled)
1790365501.9875286,7460,Person A,978.1,2697.2,0.0,2861.77,19.83,True,Active,hafsa,None,Normal,3: Sitting down (controlled)
1790365502.0799885,7461,Person A,977.8,2696.8,0.0,2858.53,19.77,True,Active,hafsa,None,Normal,3: Sitting down (controlled)
1790365502.145544,7462,Person A,976.0,2696.3,0.0,2855.5,19.6,True,Active,hafsa,None,Normal,3: Sitting down (controlled)
1790365502.211815,7463,Person A,972.7,2695.6,0.0,2851.83,19.39,True,Active,hafsa,None,Normal,3: Sitting down (controlled)
1790365502.3003805,7464,Person A,968.1,2694.6,0.0,2848.19,19.19,True,Active,hafsa,None,Normal,3: Sitting down (controlled)
1790365502.4150896,7465,Person A,962.7,2693.6,0.0,2847.17,19.06,True,Active,hafsa,None,Normal,3: Sitting down (controlled)
1790365502.500493,7466,Person A,957.7,2692.8,0.0,2850.37,19.13,True,Active,hafsa,None,Normal,3: Sitting down (controlled)
1790365502.6045964,7467,Person A,953.3,2692.3,0.0,2853.57,19.19,True,Active,hafsa,None,Normal,3: Sitting down (controlled)
1790365502.6822736,7468,Person A,949.8,2692.3,0.0,2857.11,19.27,True,Active,hafsa,None,Normal,3: Sitting down (controlled)
1790365502.7594368,7469,Person A,947.4,2692.7,0.0,2861.31,19.39,True,Active,hafsa,None,Normal,3: Sitting down (controlled)
1790365502.8674564,7470,Person A,945.3,2693.6,0.0,2863.2,19.38,True,Active,hafsa,None,Normal,3: Sitting down (controlled)
1790365502.9397314,7471,Person A,943.8,2694.9,0.0,2865.75,19.4,True,Active,hafsa,None,Normal,3: Sitting down (controlled)
1790365503.024078,7472,Person A,943.6,2696.4,0.0,2868.97,19.46,True,Active,hafsa,None,Normal,3: Sitting down (controlled)
1790365503.1335018,7473,Person A,945.1,2698.0,0.0,2871.91,19.57,True,Active,hafsa,None,Normal,3: Sitting down (controlled)
1790365503.2051008,7474,Person A,948.6,2699.6,0.0,2874.94,19.74,True,Active,hafsa,None,Normal,3: Sitting down (controlled)
1790365503.2922187,7475,Person A,953.6,2701.0,0.0,2877.05,19.92,True,Active,hafsa,None,Normal,3: Sitting down (controlled)
1790365503.3856285,7476,Person A,959.1,2702.1,0.0,2879.19,20.09,True,Active,hafsa,None,Normal,3: Sitting down (controlled)
1790365503.4786294,7477,Person A,964.5,2702.8,0.0,2878.34,20.16,True,Active,hafsa,None,Normal,3: Sitting down (controlled)
1790365503.5666926,7478,Person A,969.5,2703.1,0.0,2876.81,20.19,True,Active,hafsa,None,Normal,3: Sitting down (controlled)
1790365503.6442318,7479,Person A,973.9,2703.0,0.0,2875.28,20.22,True,Active,hafsa,None,Normal,3: Sitting down (controlled)
1790365503.7480667,7480,Person A,978.3,2702.5,0.0,2873.4,20.24,True,Active,hafsa,None,Normal,3: Sitting down (controlled)
1790365503.8399513,7481,Person A,982.8,2702.0,0.0,2876.32,20.28,True,Active,hafsa,None,Normal,3: Sitting down (controlled)
1790365503.9196446,7482,Person A,987.5,2701.6,0.0,2881.22,20.37,True,Active,hafsa,None,Normal,3: Sitting down (controlled)
1790365504.007084,7483,Person A,992.6,2701.6,0.0,2889.4,20.52,True,Active,hafsa,None,Normal,3: Sitting down (controlled)
1790365504.0984747,7484,Person A,997.7,2702.1,0.0,2897.24,20.66,True,Active,hafsa,None,Normal,3: Sitting down (controlled)
1790365504.2305577,7485,Person A,1002.2,2703.0,0.0,2901.11,20.69,True,Active,hafsa,None,Normal,3: Sitting down (controlled)
1790365504.3133757,7486,Person A,1006.1,2704.3,0.0,2904.97,20.72,True,Active,hafsa,None,Normal,3: Sitting down (controlled)
1790365504.4147196,7487,Person A,1009.7,2705.9,0.0,2905.91,20.72,True,Active,hafsa,None,Normal,3: Sitting down (controlled)
1790365504.4777522,7488,Person A,1013.0,2707.7,0.0,2905.2,20.68,True,Active,hafsa,None,Normal,3: Sitting down (controlled)
1790365504.5483565,7489,Person A,1015.7,2709.6,0.0,2902.5,20.6,True,Active,hafsa,None,Normal,3: Sitting down (controlled)
1790365504.6410282,7490,Person A,1017.9,2711.7,0.0,2900.75,20.5,True,Active,hafsa,None,Normal,3: Sitting down (controlled)
1790365504.7372527,7491,Person A,1019.1,2713.5,0.0,2897.37,20.38,True,Active,hafsa,None,Normal,3: Sitting down (controlled)
1790365504.825123,7492,Person A,1019.2,2715.0,0.0,2895.63,20.29,True,Active,hafsa,None,Normal,3: Sitting down (controlled)
1790365504.9029975,7493,Person A,1018.9,2716.0,0.0,2897.72,20.4,True,Active,hafsa,None,Normal,3: Sitting down (controlled)
1790365504.9795918,7494,Person A,1018.6,2716.5,0.0,2900.86,20.57,True,Active,hafsa,None,Normal,3: Sitting down (controlled)
1790365505.077078,7495,Person A,1018.9,2716.8,0.0,2904.97,20.72,True,Active,hafsa,None,Normal,3: Sitting down (controlled)
1790365505.1628654,7496,Person A,1019.7,2716.8,0.0,2907.81,20.87,True,Active,hafsa,None,Normal,3: Sitting down (controlled)
1790365505.2621984,7497,Person A,1021.3,2716.7,0.0,2910.67,21.02,True,Active,hafsa,None,Normal,3: Sitting down (controlled)
1790365505.3407416,7498,Person A,1024.5,2716.7,0.0,2916.66,21.27,True,Active,hafsa,None,Normal,3: Sitting down (controlled)
1790365505.4274025,7499,Person A,1029.2,2717.0,0.0,2922.16,21.44,True,Active,hafsa,None,Normal,3: Sitting down (controlled)
1790365505.5695324,7500,Person A,1035.0,2717.5,0.0,2926.22,21.53,True,Active,hafsa,None,Normal,3: Sitting down (controlled)
1790365505.653594,7501,Person A,1042.4,2718.2,0.0,2930.46,21.69,True,Active,hafsa,None,Normal,3: Sitting down (controlled)
1790365505.7180452,7502,Person A,1051.2,2719.0,0.0,2934.73,21.84,True,Active,hafsa,None,Normal,3: Sitting down (controlled)
1790365505.7937222,7503,Person A,1060.3,2719.8,0.0,2938.09,22.01,True,Active,hafsa,None,Normal,3: Sitting down (controlled)
1790365505.8723395,7504,Person A,1068.8,2720.7,0.0,2940.14,22.05,True,Active,hafsa,None,Normal,3: Sitting down (controlled)
1790365505.9826689,7505,Person A,1076.3,2721.6,0.0,2940.69,22.03,True,Active,hafsa,None,Normal,3: Sitting down (controlled)
1790365506.0727055,7506,Person A,1082.8,2722.5,0.0,2939.95,21.99,True,Active,hafsa,None,Normal,3: Sitting down (controlled)
1790365506.174739,7507,Person A,1088.3,2723.4,0.0,2939.2,21.96,True,Active,hafsa,None,Normal,3: Sitting down (controlled)
1790365506.2669559,7508,Person A,1092.1,2724.2,0.0,2938.08,21.9,True,Active,hafsa,None,Normal,3: Sitting down (controlled)
1790365506.34495,7509,Person A,1094.6,2724.8,0.0,2936.96,21.85,True,Active,hafsa,None,Normal,3: Sitting down (controlled)
1790365506.4288437,7510,Person A,1096.2,2725.1,0.0,2934.91,21.8,True,Active,hafsa,None,Normal,3: Sitting down (controlled)
1790365506.5196977,7511,Person A,1096.6,2725.3,0.0,2933.8,21.75,True,Active,hafsa,None,Normal,3: Sitting down (controlled)
1790365506.611928,7512,Person A,1095.9,2725.6,0.0,2934.92,21.7,True,Active,hafsa,None,Normal,3: Sitting down (controlled)
1790365506.7113664,7513,Person A,1094.2,2726.1,0.0,2936.41,21.66,True,Active,hafsa,None,Normal,3: Sitting down (controlled)
1790365506.7893806,7514,Person A,1092.3,2726.8,0.0,2939.57,21.66,True,Active,hafsa,None,Normal,3: Sitting down (controlled)
1790365506.8724387,7515,Person A,1090.8,2727.6,0.0,2942.53,21.7,True,Active,hafsa,None,Normal,3: Sitting down (controlled)
1790365506.9471834,7516,Person A,1090.3,2728.8,0.0,2949.21,21.82,True,Active,hafsa,None,Normal,3: Sitting down (controlled)
1790365507.0286472,7517,Person A,1090.7,2730.4,0.0,2955.53,21.91,True,Active,hafsa,None,Normal,3: Sitting down (controlled)
1790365507.1161435,7518,Person A,1091.6,2732.2,0.0,2958.13,21.93,True,Active,hafsa,None,Normal,3: Sitting down (controlled)
1790365507.2330182,7519,Person A,1092.7,2733.9,0.0,2956.83,21.92,True,Active,hafsa,None,Normal,3: Sitting down (controlled)
1790365507.31899,7520,Person A,1093.9,2735.5,0.0,2954.23,21.9,True,Active,hafsa,None,Normal,3: Sitting down (controlled)
1790365507.393997,7521,Person A,1095.1,2736.9,0.0,2951.26,21.86,True,Active,hafsa,None,Normal,3: Sitting down (controlled)
1790365507.4782126,7522,Person A,1096.3,2737.9,0.0,2948.66,21.84,True,Active,hafsa,None,Normal,3: Sitting down (controlled)
1790365507.5661273,7523,Person A,1097.4,2738.5,0.0,2946.06,21.82,True,Active,hafsa,None,Normal,3: Sitting down (controlled)
1790365507.6514273,7524,Person A,1098.2,2738.7,0.0,2944.39,21.79,True,Active,hafsa,None,Normal,3: Sitting down (controlled)
1790365507.754353,7525,Person A,1098.5,2738.5,0.0,2941.79,21.77,True,Active,hafsa,None,Normal,3: Sitting down (controlled)
1790365507.8443754,7526,Person A,1097.8,2737.7,0.0,2939.19,21.75,True,Active,hafsa,None,Normal,3: Sitting down (controlled)
1790365507.9190795,7527,Person A,1096.3,2736.3,0.0,2936.96,21.74,True,Active,hafsa,None,Normal,3: Sitting down (controlled)
1790365508.0164056,7528,Person A,1094.4,2734.6,0.0,2935.29,21.71,True,Active,hafsa,None,Normal,3: Sitting down (controlled)
1790365508.0972905,7529,Person A,1092.4,2732.8,0.0,2932.69,21.69,True,Active,hafsa,None,Normal,3: Sitting down (controlled)
1790365508.1964247,7530,Person A,1090.4,2731.1,0.0,2931.02,21.66,True,Active,hafsa,None,Normal,3: Sitting down (controlled)
1790365508.290592,7531,Person A,1089.2,2729.7,0.0,2933.8,21.75,True,Active,hafsa,None,Normal,3: Sitting down (controlled)
1790365508.3687923,7532,Person A,1089.1,2728.7,0.0,2939.0,21.9,True,Active,hafsa,None,Normal,3: Sitting down (controlled)
1790365508.4549537,7533,Person A,1090.5,2728.0,0.0,2944.8,22.12,True,Active,hafsa,None,Normal,3: Sitting down (controlled)
1790365508.5408664,7534,Person A,1094.1,2727.5,0.0,2953.32,22.48,True,Active,hafsa,None,Normal,3: Sitting down (controlled)
1790365508.6442475,7535,Person A,1103.6,2727.9,0.0,2981.99,23.44,True,Active,hafsa,None,Normal,3: Sitting down (controlled)
1790365508.721442,7536,Person A,1114.6,2728.8,0.0,2989.94,23.64,True,Active,hafsa,None,Normal,3: Sitting down (controlled)
1790365508.7953887,7537,Person A,1124.9,2729.8,0.0,2985.82,23.51,True,Active,hafsa,None,Normal,3: Sitting down (controlled)
1790365508.8852084,7538,Person A,1134.8,2730.9,0.0,2983.43,23.4,True,Active,hafsa,None,Normal,3: Sitting down (controlled)
1790365508.9712477,7539,Person A,1144.3,2732.1,0.0,2980.14,23.3,True,Active,hafsa,None,Normal,3: Sitting down (controlled)
1790365509.104598,7540,Person A,1153.4,2733.4,0.0,2977.77,23.2,True,Active,hafsa,None,Normal,3: Sitting down (controlled)
1790365509.1532307,7541,Person A,1159.8,2734.5,0.0,2968.25,22.82,True,Active,hafsa,None,Normal,3: Sitting down (controlled)
1790365509.2533,7542,Person A,1164.9,2735.6,0.0,2968.54,22.73,True,Active,hafsa,None,Normal,3: Sitting down (controlled)
1790365509.3278537,7543,Person A,1168.3,2736.7,0.0,2967.92,22.65,True,Active,hafsa,None,Normal,3: Sitting down (controlled)
1790365509.4589717,7544,Person A,1169.4,2737.9,0.0,2968.62,22.58,True,Active,hafsa,None,Normal,3: Sitting down (controlled)
1790365509.5442934,7545,Person A,1164.8,2738.5,0.0,2969.54,22.58,True,Active,hafsa,None,Normal,3: Sitting down (controlled)
1790365509.6217885,7546,Person A,1159.0,2739.0,0.0,2971.77,22.58,True,Active,hafsa,None,Normal,3: Sitting down (controlled)
1790365509.707527,7547,Person A,1154.3,2739.8,0.0,2974.77,22.62,True,Active,hafsa,None,Normal,3: Sitting down (controlled)
1790365509.8066807,7548,Person A,1150.2,2741.1,0.0,2979.39,22.58,True,Active,hafsa,None,Normal,3: Sitting down (controlled)
1790365509.8773284,7549,Person A,1146.3,2742.7,0.0,2979.7,22.49,True,Active,hafsa,None,Normal,3: Sitting down (controlled)
1790365510.013498,7550,Person A,1142.5,2744.1,0.0,2975.94,22.42,True,Active,hafsa,None,Normal,3: Sitting down (controlled)
1790365510.0920136,7551,Person A,1140.6,2745.0,0.0,2969.25,22.41,True,Active,hafsa,None,Normal,3: Sitting down (controlled)
1790365510.189502,7552,Person A,1139.7,2745.1,0.0,2966.0,22.56,True,Active,hafsa,None,Normal,3: Sitting down (controlled)
1790365510.270145,7553,Person A,1140.0,2744.4,0.0,2962.62,22.76,True,Active,hafsa,None,Normal,3: Sitting down (controlled)
1790365510.3443305,7554,Person A,1140.9,2742.9,0.0,2958.26,22.86,True,Active,hafsa,None,Normal,3: Sitting down (controlled)
1790365510.4111454,7555,Person A,1141.8,2741.0,0.0,2955.49,22.88,True,Active,hafsa,None,Normal,3: Sitting down (controlled)
1790365510.536317,7556,Person A,1142.6,2738.7,0.0,2953.65,22.89,True,Active,hafsa,None,Normal,3: Sitting down (controlled)
1790365510.6424375,7557,Person A,1143.4,2736.0,0.0,2952.98,22.96,True,Active,hafsa,None,Normal,3: Sitting down (controlled)
1790365510.7194045,7558,Person A,1145.0,2732.6,0.0,2954.27,23.12,True,Active,hafsa,None,Normal,3: Sitting down (controlled)
1790365510.7788033,7559,Person A,1148.1,2728.9,0.0,2957.68,23.32,True,Active,hafsa,None,Normal,3: Sitting down (controlled)
1790365510.8841877,7560,Person A,1152.4,2725.4,0.0,2960.46,23.45,True,Active,hafsa,None,Normal,3: Sitting down (controlled)
1790365510.9759824,7561,Person A,1158.0,2722.6,-80.0,2965.37,23.62,True,Active,hafsa,None,Normal,3: Sitting down (controlled)
1790365511.0476596,7562,Person A,1163.5,2720.4,0.0,2967.38,23.71,True,Active,hafsa,None,Normal,3: Sitting down (controlled)
1790365511.1207216,7563,Person A,1167.7,2719.1,0.0,2967.2,23.6,True,Active,hafsa,None,Normal,3: Sitting down (controlled)
1790365511.2166717,7564,Person A,1170.9,2718.5,-80.0,2965.33,23.47,True,Active,hafsa,None,Normal,3: Sitting down (controlled)
1790365511.3451145,7565,Person A,1173.1,2718.3,-240.0,2962.28,23.28,True,Active,hafsa,None,Normal,3: Sitting down (controlled)
1790365511.3978696,7566,Person A,1173.7,2718.3,-240.0,2955.99,23.0,True,Active,hafsa,None,Normal,3: Sitting down (controlled)
1790365511.4824607,7567,Person A,1169.3,2718.6,-240.0,2938.87,22.15,True,Active,hafsa,None,Normal,3: Sitting down (controlled)
1790365511.5583525,7568,Person A,1165.0,2720.2,-240.0,2952.45,22.23,True,Active,hafsa,None,Normal,3: Sitting down (controlled)
1790365511.6657991,7569,Person A,1160.2,2722.7,-160.0,2962.13,22.28,True,Active,hafsa,None,Normal,3: Sitting down (controlled)
1790365511.758686,7570,Person A,1155.0,2725.9,0.0,2969.74,22.28,True,Active,hafsa,None,Normal,3: Sitting down (controlled)
1790365511.8401952,7571,Person A,1149.3,2729.8,0.0,2979.04,22.31,True,Active,hafsa,None,Normal,3: Sitting down (controlled)
1790365511.9149044,7572,Person A,1143.2,2733.9,0.0,2981.27,22.32,True,Active,hafsa,None,Normal,3: Sitting down (controlled)
1790365511.9989688,7573,Person A,1137.3,2737.8,0.0,2980.14,22.26,True,Active,hafsa,None,Normal,3: Sitting down (controlled)
1790365512.0879092,7574,Person A,1131.9,2741.6,0.0,2979.38,22.23,True,Active,hafsa,None,Normal,3: Sitting down (controlled)
1790365512.2081716,7575,Person A,1126.9,2745.5,0.0,2978.97,22.1,True,Active,hafsa,None,Normal,3: Sitting down (controlled)
1790365512.2867582,7576,Person A,1123.3,2749.6,0.0,2980.07,22.05,True,Active,hafsa,None,Normal,3: Sitting down (controlled)
1790365512.3809357,7577,Person A,1124.4,2753.6,0.0,2980.07,22.05,True,Active,hafsa,None,Normal,3: Sitting down (controlled)
1790365512.475154,7578,Person A,1124.6,2756.6,0.0,2980.99,22.05,True,Active,hafsa,None,Normal,3: Sitting down (controlled)
1790365512.545114,7579,Person A,1124.1,2758.8,0.0,2980.62,22.03,True,Active,hafsa,None,Normal,3: Sitting down (controlled)
1790365512.6562104,7580,Person A,1123.0,2760.3,0.0,2979.5,21.98,True,Active,hafsa,None,Normal,3: Sitting down (controlled)
1790365512.7470849,7581,Person A,1120.8,2761.1,0.0,2978.18,21.86,True,Active,hafsa,None,Normal,3: Sitting down (controlled)
1790365512.850587,7582,Person A,1117.6,2761.9,0.0,2976.7,21.69,True,Active,hafsa,None,Normal,3: Sitting down (controlled)
1790365512.931416,7583,Person A,1113.7,2762.9,0.0,2974.88,21.49,True,Active,hafsa,None,Normal,3: Sitting down (controlled)
1790365513.0016637,7584,Person A,1109.0,2764.1,0.0,2973.1,21.3,True,Active,hafsa,None,Normal,3: Sitting down (controlled)
1790365513.1012666,7585,Person A,1107.4,2765.5,0.0,2985.98,21.72,True,Active,hafsa,None,Normal,3: Sitting down (controlled)
1790365513.1904402,7586,Person A,1106.9,2766.7,0.0,2989.33,21.88,True,Active,hafsa,None,Normal,3: Sitting down (controlled)
1790365513.2997446,7587,Person A,1105.8,2767.5,-80.0,2983.38,21.8,True,Active,hafsa,None,Normal,3: Sitting down (controlled)
1790365513.3860414,7588,Person A,1103.9,2768.1,0.0,2979.49,21.67,True,Active,hafsa,None,Normal,3: Sitting down (controlled)
1790365513.4746351,7589,Person A,1101.3,2768.7,0.0,2976.55,21.52,True,Active,hafsa,None,Normal,3: Sitting down (controlled)
1790365513.536888,7590,Person A,1098.6,2769.4,80.0,2976.01,21.44,True,Active,hafsa,None,Normal,3: Sitting down (controlled)
1790365513.6292996,7591,Person A,1096.4,2769.9,80.0,2974.72,21.43,True,Active,hafsa,None,Normal,1: Walking
1790365513.7198186,7592,Person A,1095.4,2770.3,320.0,2976.74,21.48,True,Active,hafsa,None,Normal,1: Walking
1790365513.7929878,7593,Person A,1095.9,2770.2,960.0,2975.79,21.59,True,Active,hafsa,None,Normal,1: Walking
1790365513.886547,7594,Person A,1097.6,2769.0,1040.0,2968.16,21.69,True,Active,hafsa,None,Normal,1: Walking
1790365513.9747143,7595,Person A,1096.8,2766.6,790.0,2960.73,21.75,True,Active,hafsa,None,Normal,1: Walking
1790365514.074469,7596,Person A,1094.7,2763.5,560.0,2952.74,21.73,True,Active,hafsa,None,Normal,1: Walking
1790365514.1677325,7597,Person A,1092.7,2760.1,480.0,2944.39,21.69,True,Active,hafsa,None,Normal,1: Walking
1790365514.2596817,7598,Person A,1090.6,2755.4,640.0,2928.06,21.62,True,Active,hafsa,None,Normal,1: Walking
1790365514.329776,7599,Person A,1088.9,2749.1,720.0,2911.71,21.67,True,Active,hafsa,None,Normal,1: Walking
1790365514.448836,7600,Person A,1086.8,2738.1,720.0,2866.02,21.86,True,Active,hafsa,None,Normal,1: Walking
1790365514.510192,7601,Person A,1082.9,2723.5,790.0,2824.61,21.78,True,Active,hafsa,None,Normal,1: Walking
1790365514.5874398,7602,Person A,1077.7,2704.6,720.0,2781.91,21.91,True,Active,hafsa,None,Normal,1: Walking
1790365514.6810036,7603,Person A,1071.8,2680.6,720.0,2731.12,22.29,True,Active,hafsa,None,Normal,1: Walking
1790365514.7713723,7604,Person A,1065.4,2646.6,640.0,2629.41,23.13,True,Active,hafsa,None,Normal,1: Walking
1790365514.873589,7605,Person A,1056.9,2602.4,560.0,2520.12,23.68,True,Active,hafsa,None,Normal,1: Walking
1790365514.9496255,7606,Person A,1047.3,2546.7,640.0,2402.62,24.52,True,Active,hafsa,None,Normal,1: Walking
1790365515.0636206,7607,Person A,1036.7,2481.7,640.0,2305.58,25.21,True,Active,hafsa,None,Normal,1: Walking
1790365515.1383293,7608,Person A,1024.7,2409.5,640.0,2218.04,25.62,True,Active,hafsa,None,Normal,1: Walking
1790365515.253604,7609,Person A,1011.6,2331.3,720.0,2143.11,26.13,True,Active,hafsa,None,Normal,1: Walking
1790365515.3110883,7610,Person A,1000.1,2251.6,560.0,2092.15,27.07,True,Active,hafsa,None,Normal,1: Walking
1790365515.4003968,7611,Person A,991.7,2167.4,640.0,2025.16,28.43,True,Active,hafsa,None,Normal,1: Walking
1790365515.4963794,7612,Person A,983.8,2080.9,640.0,1965.79,29.2,True,Active,hafsa,None,Normal,1: Walking
1790365515.5716403,7613,Person A,974.4,1993.2,640.0,1899.96,29.72,True,Active,hafsa,None,Normal,1: Walking
1790365515.6660454,7614,Person A,963.3,1909.8,640.0,1832.8,30.2,True,Active,hafsa,None,Normal,1: Walking
1790365515.7572768,7615,Person A,953.0,1830.5,720.0,1766.78,30.96,True,Active,hafsa,None,Normal,1: Walking
1790365515.8444908,7616,Person A,942.6,1756.6,640.0,1700.37,31.68,True,Active,hafsa,None,Normal,1: Walking
1790365515.925854,7617,Person A,932.0,1686.0,560.0,1634.56,32.41,True,Active,hafsa,None,Normal,1: Walking
1790365516.016167,7618,Person A,922.2,1616.7,640.0,1565.11,33.38,True,Active,hafsa,None,Normal,1: Walking
1790365516.1018956,7619,Person A,912.4,1548.5,640.0,1502.76,34.26,True,Active,hafsa,None,Normal,1: Walking
1790365516.2214818,7620,Person A,898.9,1480.7,560.0,1439.34,34.58,True,Active,hafsa,None,Normal,1: Walking
1790365516.2894492,7621,Person A,881.5,1415.7,720.0,1379.59,34.93,True,Active,hafsa,None,Normal,1: Walking
1790365516.386431,7622,Person A,862.4,1351.0,640.0,1316.28,35.69,True,Active,hafsa,None,Normal,1: Walking
1790365516.4690204,7623,Person A,841.8,1286.0,720.0,1241.65,36.35,True,Active,hafsa,None,Normal,1: Walking
1790365516.5767663,7624,Person A,820.4,1220.4,720.0,1167.24,37.34,True,Active,hafsa,None,Normal,1: Walking
1790365516.6421204,7625,Person A,797.8,1155.3,640.0,1101.36,38.33,True,Active,hafsa,None,Normal,1: Walking
1790365516.758512,7626,Person A,773.6,1091.0,640.0,1034.51,39.0,True,Active,hafsa,None,Normal,1: Walking
1790365516.8379912,7627,Person A,747.5,1027.8,720.0,968.36,39.43,True,Active,hafsa,None,Normal,1: Walking
1790365516.9199255,7628,Person A,719.3,967.0,720.0,907.66,39.64,True,Active,hafsa,None,Normal,1: Walking
1790365516.99602,7629,Person A,687.9,907.3,640.0,836.09,39.52,True,Active,hafsa,None,Normal,1: Walking
1790365517.094672,7630,Person A,654.6,848.2,480.0,766.22,39.17,True,Active,hafsa,None,Normal,1: Walking
1790365517.1902142,7631,Person A,619.1,790.0,320.0,700.45,38.39,True,Active,hafsa,None,Normal,1: Walking
1790365517.2962189,7632,Person A,581.1,734.0,240.0,640.02,37.32,True,Active,hafsa,None,Normal,1: Walking
1790365517.365946,7633,Person A,542.0,681.8,80.0,589.5,35.82,True,Active,hafsa,None,Normal,1: Walking
1790365517.4546857,7634,Person A,501.4,634.6,0.0,546.94,33.52,True,Active,hafsa,None,Normal,1: Walking
1790365517.549759,7635,Person A,458.9,592.3,-80.0,510.93,30.33,True,Active,hafsa,None,Normal,1: Walking
1790365517.644504,7636,Person A,415.0,555.4,-160.0,483.91,25.98,True,Active,hafsa,None,Normal,1: Walking
1790365517.7168453,7637,Person A,369.5,523.9,-240.0,461.62,20.28,True,Active,hafsa,None,Normal,1: Walking
1790365517.8052716,7638,Person A,321.9,497.4,-240.0,446.05,13.35,True,Active,hafsa,None,Normal,1: Walking
1790365517.8842893,7639,Person A,272.9,476.3,-320.0,436.03,5.53,True,Active,hafsa,None,Normal,1: Walking
1790365518.0128574,7640,Person A,222.5,460.3,-390.0,434.46,-2.64,True,Active,hafsa,None,Normal,1: Walking
1790365518.1040473,7641,Person A,170.8,448.5,-320.0,438.73,-10.77,True,Active,hafsa,None,Normal,1: Walking
1790365518.2336323,7642,Person A,117.7,440.8,-320.0,455.05,-18.32,True,Active,hafsa,None,Normal,1: Walking
1790365518.32812,7643,Person A,62.1,434.6,-480.0,466.45,-26.89,True,Active,hafsa,None,Normal,1: Walking
1790365518.4105916,7644,Person A,4.4,430.0,-560.0,493.69,-33.85,True,Active,hafsa,None,Normal,1: Walking
1790365518.4871154,7645,Person A,-55.1,426.3,-640.0,526.1,-39.83,True,Active,hafsa,None,Normal,1: Walking
1790365518.5828292,7646,Person A,-115.9,423.4,-640.0,567.14,-44.29,True,Active,hafsa,None,Normal,1: Walking
1790365518.659702,7647,Person A,-177.4,421.8,-640.0,617.18,-47.5,True,Active,hafsa,None,Normal,1: Walking
1790365518.7161412,7648,Person A,-238.2,423.6,-640.0,677.74,-48.17,True,Active,hafsa,None,Normal,1: Walking
1790365518.7755969,7649,Person A,-297.9,429.0,-640.0,739.03,-48.68,True,Active,hafsa,None,Normal,1: Walking
1790365518.8740306,7650,Person A,-355.4,439.0,-640.0,799.49,-48.09,True,Active,hafsa,None,Normal,1: Walking
1790365518.9677627,7651,Person A,-411.9,453.0,-640.0,862.93,-48.57,True,Active,hafsa,None,Normal,1: Walking
1790365519.039072,7652,Person A,-467.0,469.8,-480.0,917.41,-49.15,True,Active,hafsa,None,Normal,1: Walking
1790365519.121468,7653,Person A,-520.3,490.8,-560.0,972.32,-49.92,True,Active,hafsa,None,Normal,1: Walking
1790365519.2169497,7654,Person A,-572.4,514.7,-640.0,1027.04,-50.81,True,Active,hafsa,None,Normal,1: Walking
1790365519.3200915,7655,Person A,-623.8,542.2,-720.0,1088.69,-51.41,True,Active,hafsa,None,Normal,1: Walking
1790365519.4071102,7656,Person A,-674.1,572.5,-640.0,1144.94,-51.74,True,Active,hafsa,None,Normal,1: Walking
1790365519.487954,7657,Person A,-722.2,605.4,-480.0,1196.92,-51.44,True,Active,hafsa,None,Normal,1: Walking
1790365519.5746584,7658,Person A,-767.6,640.1,-320.0,1248.23,-50.2,True,Active,hafsa,None,Normal,1: Walking
1790365519.650341,7659,Person A,-810.9,675.3,-640.0,1296.82,-49.63,True,Active,hafsa,None,Normal,1: Walking
1790365519.789187,7660,Person A,-853.8,712.7,-320.0,1368.59,-48.44,True,Active,hafsa,None,Normal,1: Walking
1790365519.8437614,7661,Person A,-896.2,751.5,-480.0,1437.61,-48.16,True,Active,hafsa,None,Normal,1: Walking
1790365519.9188812,7662,Person A,-938.2,789.4,-390.0,1483.05,-48.69,True,Active,hafsa,None,Normal,1: Walking
1790365520.0148807,7663,Person A,-978.2,826.9,-320.0,1520.11,-48.81,True,Active,hafsa,None,Normal,1: Walking
1790365520.1095319,7664,Person A,-1014.3,866.1,-320.0,1556.38,-48.02,True,Active,hafsa,None,Normal,1: Walking
1790365520.2082536,7665,Person A,-1047.2,907.2,-320.0,1606.39,-47.27,True,Active,hafsa,None,Normal,1: Walking
1790365520.2976463,7666,Person A,-1075.9,950.7,-320.0,1647.83,-46.03,True,Active,hafsa,None,Normal,1: Walking
1790365520.38247,7667,Person A,-1099.3,997.7,-320.0,1687.47,-43.9,True,Active,hafsa,None,Normal,1: Walking
1790365520.4755416,7668,Person A,-1119.3,1045.0,-390.0,1720.83,-42.34,True,Active,hafsa,None,Normal,1: Walking
1790365520.5649168,7669,Person A,-1133.3,1093.8,-390.0,1742.4,-40.34,True,Active,hafsa,None,Normal,1: Walking
1790365520.6578507,7670,Person A,-1142.3,1141.0,-390.0,1773.53,-38.91,True,Active,hafsa,None,Normal,1: Walking
1790365520.7524657,7671,Person A,-1146.9,1188.5,-480.0,1817.7,-37.92,True,Active,hafsa,None,Normal,1: Walking
1790365520.8544984,7672,Person A,-1148.2,1239.8,-390.0,1869.81,-37.07,True,Active,hafsa,None,Normal,1: Walking
1790365520.9459689,7673,Person A,-1146.4,1292.6,-320.0,1898.87,-36.37,True,Active,hafsa,None,Normal,1: Walking
1790365521.0180547,7674,Person A,-1144.8,1346.0,-160.0,1944.87,-35.92,True,Active,hafsa,None,Normal,1: Walking
1790365521.1058722,7675,Person A,-1140.3,1397.6,-240.0,1966.59,-35.25,True,Active,hafsa,None,Normal,1: Walking
1790365521.2056913,7676,Person A,-1134.5,1446.0,-160.0,1980.6,-34.72,True,Active,hafsa,None,Normal,1: Walking
1790365521.3301713,7677,Person A,-1128.1,1490.0,0.0,1991.37,-33.74,True,Active,hafsa,None,Normal,1: Walking
1790365521.3980067,7678,Person A,-1121.1,1531.0,-80.0,2003.76,-32.92,True,Active,hafsa,None,Normal,1: Walking
1790365521.4726598,7679,Person A,-1113.7,1569.3,80.0,2009.59,-31.63,True,Active,hafsa,None,Normal,1: Walking
1790365521.5546153,7680,Person A,-1104.8,1604.4,0.0,2011.71,-30.63,True,Active,hafsa,None,Normal,1: Walking
1790365521.6399982,7681,Person A,-1092.7,1637.3,-80.0,2024.89,-29.46,True,Active,hafsa,None,Normal,1: Walking
1790365521.721815,7682,Person A,-1075.5,1666.9,0.0,2027.06,-28.11,True,Active,hafsa,None,Normal,1: Walking
1790365521.8133972,7683,Person A,-1054.4,1696.1,-80.0,2037.96,-26.68,True,Active,hafsa,None,Normal,1: Walking
1790365521.9098248,7684,Person A,-1028.3,1722.5,-160.0,2038.71,-25.57,True,Active,hafsa,None,Normal,1: Walking
1790365521.9988847,7685,Person A,-997.2,1748.2,-160.0,2037.09,-23.86,True,Active,hafsa,None,Normal,1: Walking
1790365522.0839322,7686,Person A,-959.2,1775.1,-80.0,2039.15,-21.52,True,Active,hafsa,None,Normal,1: Walking
1790365522.1816347,7687,Person A,-916.0,1802.7,-160.0,2046.19,-19.23,True,Active,hafsa,None,Normal,1: Walking
1790365522.2573276,7688,Person A,-865.5,1830.7,0.0,2047.07,-16.58,True,Active,hafsa,None,Normal,1: Walking
1790365522.33404,7689,Person A,-811.1,1859.2,0.0,2060.13,-14.33,True,Active,hafsa,None,Normal,1: Walking
1790365522.438435,7690,Person A,-753.3,1891.1,80.0,2098.17,-12.3,True,Active,hafsa,None,Normal,1: Walking
1790365522.5300677,7691,Person A,-690.7,1924.2,160.0,2126.44,-10.02,True,Active,hafsa,None,Normal,1: Walking
1790365522.6510358,7692,Person A,-626.0,1958.1,80.0,2149.18,-8.24,True,Active,hafsa,None,Normal,1: Walking
1790365522.715489,7693,Person A,-560.6,1990.6,160.0,2161.81,-6.93,True,Active,hafsa,None,Normal,1: Walking
1790365522.7937698,7694,Person A,-494.0,2022.6,240.0,2169.58,-5.66,True,Active,hafsa,None,Normal,1: Walking
1790365522.8677497,7695,Person A,-428.9,2053.2,240.0,2175.89,-4.56,True,Active,hafsa,None,Normal,1: Walking
1790365522.9789321,7696,Person A,-365.7,2079.9,160.0,2167.11,-3.07,True,Active,hafsa,None,Normal,1: Walking
1790365523.0817134,7697,Person A,-302.9,2099.9,160.0,2132.5,-1.24,True,Active,hafsa,None,Normal,1: Walking
1790365523.1591496,7698,Person A,-242.3,2112.7,160.0,2090.12,0.6,True,Active,hafsa,None,Normal,1: Walking
1790365523.231228,7699,Person A,-182.8,2118.8,80.0,2058.76,2.37,True,Active,hafsa,None,Normal,1: Walking
1790365523.3477175,7700,Person A,-123.3,2115.9,80.0,2026.41,4.19,True,Active,hafsa,None,Normal,1: Walking
1790365523.4048567,7701,Person A,-65.2,2105.2,80.0,1998.17,6.06,True,Active,hafsa,None,Normal,1: Walking
1790365523.4941564,7702,Person A,-7.0,2087.8,160.0,1972.13,7.99,True,Active,hafsa,None,Normal,1: Walking
1790365523.56581,7703,Person A,51.5,2067.6,0.0,1970.82,9.46,True,Active,hafsa,None,Normal,1: Walking
1790365523.6850002,7704,Person A,111.1,2046.2,240.0,1982.16,11.11,True,Active,hafsa,None,Normal,1: Walking
1790365523.7497315,7705,Person A,175.8,2024.6,160.0,2009.7,13.64,True,Active,hafsa,None,Normal,1: Walking
1790365523.8941672,7706,Person A,243.0,2003.9,160.0,2034.45,15.86,True,Active,hafsa,None,Normal,1: Walking
1790365523.9656134,7707,Person A,308.4,1985.3,80.0,2038.77,17.35,True,Active,hafsa,None,Normal,1: Walking
1790365524.0449812,7708,Person A,370.1,1969.7,160.0,2036.83,18.28,True,Active,hafsa,None,Normal,1: Walking
1790365524.1252007,7709,Person A,429.8,1955.5,320.0,2032.82,19.6,True,Active,hafsa,None,Normal,1: Walking
1790365524.2206914,7710,Person A,486.6,1941.1,320.0,2008.93,20.88,True,Active,hafsa,None,Normal,1: Walking
1790365524.2996666,7711,Person A,541.9,1927.2,390.0,1999.7,22.46,True,Active,hafsa,None,Normal,1: Walking
1790365524.3950927,7712,Person A,598.3,1914.2,390.0,2006.38,24.69,True,Active,hafsa,None,Normal,1: Walking
1790365524.4838326,7713,Person A,654.8,1897.7,240.0,1988.76,26.55,True,Active,hafsa,None,Normal,1: Walking
1790365524.5751224,7714,Person A,705.9,1876.2,240.0,1946.88,27.3,True,Active,hafsa,None,Normal,1: Walking
1790365524.653159,7715,Person A,746.7,1849.4,240.0,1901.88,27.63,True,Active,hafsa,None,Normal,1: Walking
1790365524.7481894,7716,Person A,779.7,1818.1,240.0,1867.55,28.32,True,Active,hafsa,None,Normal,1: Walking
1790365524.8169463,7717,Person A,812.6,1783.2,480.0,1851.59,30.4,True,Active,hafsa,None,Normal,1: Walking
1790365524.9110606,7718,Person A,848.1,1745.7,390.0,1848.92,32.52,True,Active,hafsa,None,Normal,1: Walking
1790365524.990987,7719,Person A,882.9,1705.2,320.0,1827.84,34.3,True,Active,hafsa,None,Normal,1: Walking
1790365525.122595,7720,Person A,917.5,1664.3,320.0,1811.87,35.88,True,Active,hafsa,None,Normal,1: Walking
1790365525.1727655,7721,Person A,948.9,1623.7,320.0,1800.4,36.78,True,Active,hafsa,None,Normal,1: Walking
1790365525.2562764,7722,Person A,976.0,1583.7,320.0,1804.11,37.93,True,Active,hafsa,None,Normal,1: Walking
1790365525.3578975,7723,Person A,999.4,1545.8,390.0,1794.75,38.73,True,Active,hafsa,None,Normal,1: Walking
1790365525.473318,7724,Person A,1026.4,1510.2,320.0,1800.12,40.25,True,Active,hafsa,None,Normal,1: Walking
1790365525.557031,7725,Person A,1065.0,1475.6,320.0,1844.11,43.44,True,Active,hafsa,None,Normal,1: Walking
1790365525.6459556,7726,Person A,1112.7,1441.4,480.0,1884.93,46.31,True,Active,hafsa,None,Normal,1: Walking
1790365525.7354865,7727,Person A,1148.6,1408.1,480.0,1810.33,45.72,True,Active,hafsa,None,Normal,1: Walking
1790365525.8118484,7728,Person A,1171.9,1372.7,560.0,1719.75,45.52,True,Active,hafsa,None,Normal,1: Walking
1790365525.905931,7729,Person A,1182.2,1337.4,320.0,1619.36,44.4,True,Active,hafsa,None,Normal,1: Walking
1790365526.0051625,7730,Person A,1182.0,1302.4,390.0,1540.62,43.47,True,Active,hafsa,None,Normal,1: Walking
1790365526.0943894,7731,Person A,1174.7,1269.1,320.0,1496.63,42.18,True,Active,hafsa,None,Normal,1: Walking
1790365526.1777833,7732,Person A,1160.3,1235.6,390.0,1454.29,41.57,True,Active,hafsa,None,Normal,1: Walking
1790365526.2685146,7733,Person A,1142.1,1199.5,480.0,1401.79,42.17,True,Active,hafsa,None,Normal,1: Walking
1790365526.3470273,7734,Person A,1116.0,1161.4,320.0,1341.51,42.25,True,Active,hafsa,None,Normal,1: Walking
1790365526.4407065,7735,Person A,1075.6,1124.5,240.0,1299.0,41.69,True,Active,hafsa,None,Normal,1: Walking
1790365526.5226629,7736,Person A,1023.5,1088.1,320.0,1260.48,41.91,True,Active,hafsa,None,Normal,1: Walking
1790365526.5938826,7737,Person A,976.7,1052.4,320.0,1228.1,42.39,True,Active,hafsa,None,Normal,1: Walking
1790365526.6852963,7738,Person A,935.6,1018.9,390.0,1192.79,43.17,True,Active,hafsa,None,Normal,1: Walking
1790365526.8163886,7739,Person A,902.0,984.3,480.0,1137.07,44.5,True,Active,hafsa,None,Normal,1: Walking
1790365526.870274,7740,Person A,873.2,947.4,480.0,1075.63,45.87,True,Active,hafsa,None,Normal,1: Walking
1790365526.978178,7741,Person A,845.6,903.9,480.0,992.83,47.24,True,Active,hafsa,None,Normal,1: Walking
1790365527.0579753,7742,Person A,817.7,857.0,390.0,923.99,47.94,True,Active,hafsa,None,Normal,1: Walking
1790365527.1447775,7743,Person A,788.2,811.5,320.0,870.85,47.89,True,Active,hafsa,None,Normal,1: Walking
1790365527.2281983,7744,Person A,758.9,769.0,320.0,832.77,47.0,True,Active,hafsa,None,Normal,1: Walking
1790365527.330289,7745,Person A,729.6,727.7,320.0,797.68,45.71,True,Active,hafsa,None,Normal,1: Walking
1790365527.417945,7746,Person A,698.2,688.3,240.0,758.1,44.14,True,Active,hafsa,None,Normal,1: Walking
1790365527.5220165,7747,Person A,663.6,650.8,240.0,717.88,42.18,True,Active,hafsa,None,Normal,1: Walking
1790365527.602507,7748,Person A,625.6,615.6,320.0,677.07,40.09,True,Active,hafsa,None,Normal,1: Walking
1790365527.6744432,7749,Person A,585.2,584.8,320.0,638.32,38.0,True,Active,hafsa,None,Normal,1: Walking
1790365527.7772794,7750,Person A,542.8,558.5,320.0,597.75,35.6,True,Active,hafsa,None,Normal,1: Walking
1790365527.8598444,7751,Person A,500.0,538.3,240.0,559.81,32.53,True,Active,hafsa,None,Normal,1: Walking
1790365527.9485617,7752,Person A,456.6,522.5,80.0,525.38,28.66,True,Active,hafsa,None,Normal,1: Walking
1790365528.0275297,7753,Person A,411.9,508.9,-80.0,490.21,23.95,True,Active,hafsa,None,Normal,1: Walking
1790365528.1149106,7754,Person A,365.1,496.2,-160.0,462.99,17.73,True,Active,hafsa,None,Normal,1: Walking
1790365528.2341177,7755,Person A,316.0,484.4,-320.0,446.23,10.33,True,Active,hafsa,None,Normal,1: Walking
1790365528.3371549,7756,Person A,264.7,474.2,-480.0,442.25,1.94,True,Active,hafsa,None,Normal,1: Walking
1790365528.4192731,7757,Person A,211.3,465.8,-480.0,451.01,-6.62,True,Active,hafsa,None,Normal,1: Walking
1790365528.5069673,7758,Person A,156.3,459.4,-560.0,468.09,-14.1,True,Active,hafsa,None,Normal,1: Walking
1790365528.5744903,7759,Person A,99.7,455.8,-560.0,498.01,-20.33,True,Active,hafsa,None,Normal,1: Walking
1790365528.6673763,7760,Person A,42.3,455.6,-560.0,534.16,-25.03,True,Active,hafsa,None,Normal,1: Walking
1790365528.7454374,7761,Person A,-15.3,458.1,-480.0,568.01,-28.96,True,Active,hafsa,None,Normal,1: Walking
1790365528.821038,7762,Person A,-73.2,462.6,-390.0,602.47,-32.87,True,Active,hafsa,None,Normal,1: Walking
1790365528.917784,7763,Person A,-130.4,470.5,-390.0,645.65,-35.29,True,Active,hafsa,None,Normal,1: Walking
1790365529.0216699,7764,Person A,-185.2,481.4,-480.0,684.21,-36.5,True,Active,hafsa,None,Normal,1: Walking
1790365529.0940137,7765,Person A,-237.5,495.9,-560.0,733.01,-37.18,True,Active,hafsa,None,Normal,1: Walking
1790365529.2297878,7766,Person A,-287.1,513.5,-640.0,783.13,-37.89,True,Active,hafsa,None,Normal,1: Walking
1790365529.2903724,7767,Person A,-333.8,534.1,-640.0,834.91,-38.43,True,Active,hafsa,None,Normal,1: Walking
1790365529.374058,7768,Person A,-378.9,558.0,-560.0,894.13,-39.19,True,Active,hafsa,None,Normal,1: Walking
1790365529.4590728,7769,Person A,-423.9,580.8,-560.0,933.36,-41.87,True,Active,hafsa,None,Normal,1: Walking
1790365529.5571795,7770,Person A,-467.5,603.5,-390.0,971.48,-42.96,True,Active,hafsa,None,Normal,1: Walking
1790365529.6507049,7771,Person A,-510.3,625.8,-480.0,1006.28,-44.32,True,Active,hafsa,None,Normal,1: Walking
1790365529.7395985,7772,Person A,-552.3,648.3,-560.0,1045.17,-45.62,True,Active,hafsa,None,Normal,1: Walking
1790365529.834148,7773,Person A,-593.7,670.4,-560.0,1085.76,-46.46,True,Active,hafsa,None,Normal,1: Walking
1790365529.915621,7774,Person A,-636.7,690.7,-480.0,1125.87,-48.02,True,Active,hafsa,None,Normal,1: Walking
1790365530.004903,7775,Person A,-680.3,709.9,-480.0,1172.53,-48.56,True,Active,hafsa,None,Normal,1: Walking
1790365530.090262,7776,Person A,-724.0,728.3,-480.0,1218.99,-48.86,True,Active,hafsa,None,Normal,1: Walking
1790365530.1790893,7777,Person A,-767.4,745.7,-390.0,1262.46,-49.01,True,Active,hafsa,None,Normal,1: Walking
1790365530.258227,7778,Person A,-809.2,762.0,-390.0,1303.47,-48.95,True,Active,hafsa,None,Normal,1: Walking
1790365530.3574507,7779,Person A,-848.3,781.1,-320.0,1346.55,-48.85,True,Active,hafsa,None,Normal,1: Walking
1790365530.447469,7780,Person A,-885.1,802.5,-320.0,1384.39,-48.07,True,Active,hafsa,None,Normal,1: Walking
1790365530.5258083,7781,Person A,-919.0,827.9,-320.0,1426.34,-46.93,True,Active,hafsa,None,Normal,1: Walking
1790365530.6073546,7782,Person A,-949.1,858.4,-390.0,1473.63,-45.33,True,Active,hafsa,None,Normal,1: Walking
1790365530.6856275,7783,Person A,-974.5,892.1,-480.0,1503.63,-43.81,True,Active,hafsa,None,Normal,1: Walking
1790365530.8015795,7784,Person A,-995.0,929.0,-480.0,1531.22,-42.88,True,Active,hafsa,None,Normal,1: Walking
1790365530.8772635,7785,Person A,-1013.3,968.1,-560.0,1577.89,-42.3,True,Active,hafsa,None,Normal,1: Walking
1790365530.9902878,7786,Person A,-1028.8,1007.1,-390.0,1603.81,-41.99,True,Active,hafsa,None,Normal,1: Walking
1790365531.0863082,7787,Person A,-1040.8,1047.0,-320.0,1629.99,-41.17,True,Active,hafsa,None,Normal,1: Walking
1790365531.1560514,7788,Person A,-1048.5,1088.6,-240.0,1655.77,-39.81,True,Active,hafsa,None,Normal,1: Walking
1790365531.2345397,7789,Person A,-1051.8,1132.2,-240.0,1686.38,-38.38,True,Active,hafsa,None,Normal,1: Walking
1790365531.3392613,7790,Person A,-1052.2,1177.3,-240.0,1721.2,-36.92,True,Active,hafsa,None,Normal,1: Walking
1790365531.4098847,7791,Person A,-1049.5,1223.0,-240.0,1754.42,-35.35,True,Active,hafsa,None,Normal,1: Walking
1790365531.5030797,7792,Person A,-1044.0,1269.1,-80.0,1796.4,-33.56,True,Active,hafsa,None,Normal,1: Walking
1790365531.5915139,7793,Person A,-1036.4,1315.4,-80.0,1824.15,-31.94,True,Active,hafsa,None,Normal,1: Walking
1790365531.690091,7794,Person A,-1024.8,1360.7,-160.0,1827.05,-30.45,True,Active,hafsa,None,Normal,1: Walking
1790365531.7875738,7795,Person A,-1005.4,1404.4,-160.0,1823.8,-28.42,True,Active,hafsa,None,Normal,1: Walking
1790365531.8781416,7796,Person A,-980.7,1448.8,-160.0,1832.7,-26.79,True,Active,hafsa,None,Normal,1: Walking
1790365531.9790437,7797,Person A,-951.3,1492.9,-80.0,1840.94,-25.03,True,Active,hafsa,None,Normal,1: Walking
1790365532.0606513,7798,Person A,-917.3,1536.3,-160.0,1851.71,-22.88,True,Active,hafsa,None,Normal,1: Walking
1790365532.1292276,7799,Person A,-880.9,1578.6,-320.0,1873.9,-21.38,True,Active,hafsa,None,Normal,1: Walking
1790365532.2285275,7800,Person A,-839.9,1619.2,-240.0,1888.09,-19.3,True,Active,hafsa,None,Normal,1: Walking
1790365532.322998,7801,Person A,-795.9,1657.8,-240.0,1905.81,-17.56,True,Active,hafsa,None,Normal,1: Walking
1790365532.4232576,7802,Person A,-750.0,1691.1,-160.0,1906.32,-16.27,True,Active,hafsa,None,Normal,1: Walking
1790365532.4870977,7803,Person A,-702.1,1722.0,-240.0,1919.54,-14.67,True,Active,hafsa,None,Normal,1: Walking
1790365532.5788634,7804,Person A,-654.3,1754.6,-160.0,1953.08,-13.26,True,Active,hafsa,None,Normal,1: Walking
1790365532.6553495,7805,Person A,-609.0,1788.7,-160.0,1988.78,-12.04,True,Active,hafsa,None,Normal,1: Walking
1790365532.7675927,7806,Person A,-563.0,1823.3,-80.0,2015.51,-10.46,True,Active,hafsa,None,Normal,1: Walking
1790365532.8910296,7807,Person A,-515.6,1857.7,-80.0,2034.99,-8.62,True,Active,hafsa,None,Normal,1: Walking
1790365532.9658043,7808,Person A,-467.4,1890.5,-80.0,2047.88,-6.67,True,Active,hafsa,None,Normal,1: Walking
1790365533.0725944,7809,Person A,-416.3,1921.5,80.0,2062.19,-4.78,True,Active,hafsa,None,Normal,1: Walking
1790365533.1755369,7810,Person A,-365.3,1949.1,80.0,2061.16,-3.17,True,Active,hafsa,None,Normal,1: Walking
1790365533.26371,7811,Person A,-313.9,1973.6,0.0,2062.9,-1.69,True,Active,hafsa,None,Normal,1: Walking
1790365533.322506,7812,Person A,-261.6,1996.8,0.0,2062.03,-0.31,True,Active,hafsa,None,Normal,1: Walking
1790365533.4038572,7813,Person A,-209.3,2017.6,0.0,2065.33,1.03,True,Active,hafsa,None,Normal,1: Walking
1790365533.4633508,7814,Person A,-156.5,2034.0,0.0,2066.55,2.22,True,Active,hafsa,None,Normal,1: Walking
1790365533.5722744,7815,Person A,-102.0,2045.8,0.0,2067.09,3.61,True,Active,hafsa,None,Normal,1: Walking
1790365533.647545,7816,Person A,-47.4,2053.9,-80.0,2070.84,4.99,True,Active,hafsa,None,Normal,1: Walking
1790365533.7330055,7817,Person A,6.3,2059.2,-80.0,2077.99,6.41,True,Active,hafsa,None,Normal,1: Walking
1790365533.8004556,7818,Person A,59.1,2064.3,-160.0,2105.07,7.92,True,Active,hafsa,None,Normal,1: Walking
1790365533.9143114,7819,Person A,111.3,2069.7,-160.0,2137.84,9.42,True,Active,hafsa,None,Normal,1: Walking
1790365534.0055258,7820,Person A,163.3,2074.6,-80.0,2145.76,10.91,True,Active,hafsa,None,Normal,1: Walking
1790365534.0969672,7821,Person A,215.9,2078.2,80.0,2148.91,12.5,True,Active,hafsa,None,Normal,1: Walking
1790365534.1676645,7822,Person A,271.7,2080.5,240.0,2155.56,14.7,True,Active,hafsa,None,Normal,1: Walking
1790365534.2558534,7823,Person A,329.1,2080.5,160.0,2153.5,16.48,True,Active,hafsa,None,Normal,1: Walking
1790365534.3592105,7824,Person A,384.7,2077.2,240.0,2129.21,17.38,True,Active,hafsa,None,Normal,1: Walking
1790365534.4519167,7825,Person A,436.8,2070.8,320.0,2102.33,18.04,True,Active,hafsa,None,Normal,1: Walking
1790365534.5420473,7826,Person A,485.6,2060.2,320.0,2067.87,18.85,True,Active,hafsa,None,Normal,1: Walking
1790365534.6124997,7827,Person A,531.1,2046.9,390.0,2050.51,19.57,True,Active,hafsa,None,Normal,1: Walking
1790365534.7033956,7828,Person A,573.7,2027.8,390.0,2024.82,20.71,True,Active,hafsa,None,Normal,1: Walking
1790365534.7980757,7829,Person A,613.3,2002.6,320.0,2001.24,21.89,True,Active,hafsa,None,Normal,1: Walking
1790365534.8965433,7830,Person A,650.7,1974.9,320.0,1989.3,23.09,True,Active,hafsa,None,Normal,1: Walking
1790365534.976907,7831,Person A,684.1,1944.5,240.0,1963.88,24.01,True,Active,hafsa,None,Normal,1: Walking
1790365535.062992,7832,Person A,712.5,1911.8,390.0,1944.51,25.3,True,Active,hafsa,None,Normal,1: Walking
1790365535.1462305,7833,Person A,735.9,1877.5,320.0,1918.15,26.14,True,Active,hafsa,None,Normal,1: Walking
1790365535.2497573,7834,Person A,759.4,1843.0,480.0,1898.58,27.31,True,Active,hafsa,None,Normal,1: Walking
1790365535.3337047,7835,Person A,782.7,1808.1,560.0,1871.89,28.18,True,Active,hafsa,None,Normal,1: Walking
1790365535.421909,7836,Person A,806.0,1773.3,390.0,1844.09,29.25,True,Active,hafsa,None,Normal,1: Walking
1790365535.5010657,7837,Person A,831.0,1736.8,390.0,1825.78,30.88,True,Active,hafsa,None,Normal,1: Walking
1790365535.5849833,7838,Person A,858.3,1700.8,320.0,1825.18,32.81,True,Active,hafsa,None,Normal,1: Walking
1790365535.669871,7839,Person A,886.0,1664.4,390.0,1809.86,34.42,True,Active,hafsa,None,Normal,1: Walking
1790365535.8109806,7840,Person A,909.2,1628.3,240.0,1783.85,34.56,True,Active,hafsa,None,Normal,1: Walking
1790365535.8605978,7841,Person A,928.9,1591.4,480.0,1738.57,34.95,True,Active,hafsa,None,Normal,1: Walking
1790365535.9632766,7842,Person A,944.1,1554.4,560.0,1700.83,35.31,True,Active,hafsa,None,Normal,1: Walking
1790365536.0542367,7843,Person A,955.7,1516.9,640.0,1654.67,35.51,True,Active,hafsa,None,Normal,1: Walking
1790365536.1278505,7844,Person A,961.3,1479.4,560.0,1606.45,35.24,True,Active,hafsa,None,Normal,1: Walking
1790365536.2381215,7845,Person A,962.0,1441.7,480.0,1553.84,34.99,True,Active,hafsa,None,Normal,1: Walking
1790365536.3260534,7846,Person A,956.9,1405.3,390.0,1507.49,34.32,True,Active,hafsa,None,Normal,1: Walking
1790365536.4304397,7847,Person A,944.1,1370.6,390.0,1463.86,33.55,True,Active,hafsa,None,Normal,1: Walking
1790365536.5146654,7848,Person A,922.4,1337.2,320.0,1426.88,32.75,True,Active,hafsa,None,Normal,1: Walking
1790365536.586215,7849,Person A,894.9,1304.7,480.0,1386.99,32.64,True,Active,hafsa,None,Normal,1: Walking
1790365536.676202,7850,Person A,866.8,1270.4,480.0,1342.47,32.99,True,Active,hafsa,None,Normal,1: Walking
1790365536.756819,7851,Person A,838.8,1235.8,560.0,1294.95,33.57,True,Active,hafsa,None,Normal,1: Walking
1790365536.8480968,7852,Person A,810.7,1198.4,640.0,1233.29,34.7,True,Active,hafsa,None,Normal,1: Walking
1790365536.9278429,7853,Person A,783.2,1159.7,480.0,1179.91,35.55,True,Active,hafsa,None,Normal,1: Walking
1790365537.037663,7854,Person A,757.0,1119.8,390.0,1129.51,36.07,True,Active,hafsa,None,Normal,1: Walking
1790365537.1140578,7855,Person A,732.5,1080.0,390.0,1087.63,36.44,True,Active,hafsa,None,Normal,1: Walking
1790365537.211203,7856,Person A,710.2,1041.8,160.0,1066.72,36.0,True,Active,hafsa,None,Normal,1: Walking
1790365537.295639,7857,Person A,689.7,1003.7,320.0,1033.8,35.75,True,Active,hafsa,None,Normal,1: Walking
1790365537.4039245,7858,Person A,668.6,961.3,320.0,957.55,35.86,True,Active,hafsa,None,Normal,1: Walking
1790365537.477484,7859,Person A,645.6,916.0,320.0,882.92,35.92,True,Active,hafsa,None,Normal,1: Walking
1790365537.5742753,7860,Person A,619.7,869.5,240.0,812.22,35.53,True,Active,hafsa,None,Normal,1: Walking
1790365537.6490977,7861,Person A,590.8,823.5,80.0,751.99,34.6,True,Active,hafsa,None,Normal,1: Walking
1790365537.744882,7862,Person A,558.9,781.0,80.0,702.57,33.03,True,Active,hafsa,None,Normal,1: Walking
1790365537.8405173,7863,Person A,524.3,741.6,160.0,660.27,30.99,True,Active,hafsa,None,Normal,1: Walking
1790365537.911378,7864,Person A,487.4,705.1,80.0,622.83,28.38,True,Active,hafsa,None,Normal,1: Walking
1790365538.0018966,7865,Person A,448.0,670.9,0.0,589.57,25.3,True,Active,hafsa,None,Normal,1: Walking
1790365538.0850122,7866,Person A,405.6,636.9,-80.0,561.02,21.21,True,Active,hafsa,None,Normal,1: Walking
1790365538.1858299,7867,Person A,360.2,604.7,-80.0,538.32,16.18,True,Active,hafsa,None,Normal,1: Walking
1790365538.2712467,7868,Person A,313.3,578.3,-160.0,520.2,10.19,True,Active,hafsa,None,Normal,1: Walking
1790365538.3969946,7869,Person A,264.6,556.8,-160.0,500.96,3.55,True,Active,hafsa,None,Normal,1: Walking
1790365538.4734986,7870,Person A,214.2,539.8,-320.0,492.04,-3.73,True,Active,hafsa,None,Normal,1: Walking
1790365538.5629666,7871,Person A,161.9,526.1,-390.0,491.47,-11.26,True,Active,hafsa,None,Normal,1: Walking
1790365538.6337624,7872,Person A,107.9,515.2,-390.0,505.02,-18.11,True,Active,hafsa,None,Normal,1: Walking
1790365538.7001116,7873,Person A,52.4,506.5,-480.0,525.04,-24.17,True,Active,hafsa,None,Normal,1: Walking
1790365538.7948744,7874,Person A,-4.4,499.6,-560.0,550.84,-29.59,True,Active,hafsa,None,Normal,1: Walking
1790365538.915614,7875,Person A,-62.2,494.4,-560.0,581.07,-34.13,True,Active,hafsa,None,Normal,1: Walking
1790365538.9682038,7876,Person A,-120.5,490.5,-640.0,615.35,-38.14,True,Active,hafsa,None,Normal,1: Walking
