timestamp,sequence_id,target_id,x_mm,y_mm,speed_mms,distance_mm,angle_deg,valid,status,volunteer_id,fall_subtype,pace_variant,action_label
1790441631.2672045,23861,Target 0,-480.0,984.0,-320.0,1094.83,-26.0,True,Active,muhib,Forward,Normal,1: Walking
1790441631.3488762,23862,Target 0,-531.0,979.0,-320.0,1113.73,-28.47,True,Active,muhib,Forward,Normal,1: Walking
1790441631.4268663,23863,Target 0,-582.0,991.0,-240.0,1149.26,-30.43,True,Active,muhib,Forward,Normal,1: Walking
1790441631.524053,23864,Target 0,-626.0,1000.0,-240.0,1179.78,-32.05,True,Active,muhib,Forward,Normal,1: Walking
1790441631.6084547,23865,Target 0,-670.0,1010.0,-240.0,1212.02,-33.56,True,Active,muhib,Forward,Normal,1: Walking
1790441631.6932147,23866,Target 0,-711.0,1018.0,-240.0,1241.71,-34.93,True,Active,muhib,Forward,Normal,1: Walking
1790441631.7842085,23867,Target 0,-755.0,1021.0,-240.0,1269.83,-36.48,True,Active,muhib,Forward,Normal,1: Walking
1790441631.8745275,23868,Target 0,-797.0,1011.0,-320.0,1287.37,-38.25,True,Active,muhib,Forward,Normal,1: Walking
1790441631.9918573,23869,Target 0,-831.0,1001.0,-320.0,1300.99,-39.7,True,Active,muhib,Forward,Normal,1: Walking
1790441632.2509127,23870,Target 0,-862.0,992.0,-320.0,1314.19,-40.99,True,Active,muhib,Forward,Normal,1: Walking
1790441632.2714257,23871,Target 0,-890.0,990.0,-320.0,1331.24,-41.96,True,Active,muhib,Forward,Normal,1: Walking
1790441632.2914257,23872,Target 0,-909.0,1001.0,-320.0,1352.14,-42.24,True,Active,muhib,Forward,Normal,1: Walking
1790441632.3172991,23873,Target 0,-914.0,1009.0,-320.0,1361.42,-42.17,True,Active,muhib,Forward,Normal,1: Walking
1790441632.4356267,23874,Target 0,-913.0,1029.0,-390.0,1375.65,-41.58,True,Active,muhib,Forward,Normal,1: Walking
1790441632.5981677,23875,Target 0,-918.0,1056.0,-390.0,1399.24,-41.0,True,Active,muhib,Forward,Normal,1: Walking
1790441632.6175115,23876,Target 0,-925.0,1078.0,-390.0,1420.46,-40.63,True,Active,muhib,Forward,Normal,1: Walking
1790441632.714919,23877,Target 0,-932.0,1100.0,-240.0,1441.74,-40.27,True,Active,muhib,Forward,Normal,1: Walking
1790441632.8254108,23878,Target 0,-939.0,1119.0,-240.0,1460.78,-40.0,True,Active,muhib,Forward,Normal,1: Walking
1790441632.9466188,23879,Target 0,-944.0,1135.0,-80.0,1476.27,-39.75,True,Active,muhib,Forward,Normal,1: Walking
1790441632.9671965,23880,Target 0,-953.0,1145.0,-320.0,1489.71,-39.77,True,Active,muhib,Forward,Normal,1: Walking
1790441633.0286477,23881,Target 0,-955.0,1160.0,-80.0,1502.54,-39.46,True,Active,muhib,Forward,Normal,1: Walking
1790441633.1201363,23882,Target 0,-955.0,1183.0,-160.0,1520.37,-38.91,True,Active,muhib,Forward,Normal,1: Walking
1790441633.2160592,23883,Target 0,-953.0,1204.0,-80.0,1535.52,-38.36,True,Active,muhib,Forward,Normal,1: Walking
1790441633.2983377,23884,Target 0,-952.0,1222.0,-160.0,1549.06,-37.92,True,Active,muhib,Forward,Normal,1: Walking
1790441633.3920696,23885,Target 0,-955.0,1241.0,-240.0,1565.92,-37.58,True,Active,muhib,Forward,Normal,1: Walking
1790441633.4776697,23886,Target 0,-962.0,1256.0,-160.0,1582.08,-37.45,True,Active,muhib,Forward,Normal,1: Walking
1790441633.5625165,23887,Target 0,-977.0,1274.0,-240.0,1605.49,-37.48,True,Active,muhib,Forward,Normal,1: Walking
1790441633.650893,23888,Target 0,-991.0,1298.0,-160.0,1633.06,-37.36,True,Active,muhib,Forward,Normal,1: Walking
1790441633.740138,23889,Target 0,-990.0,1322.0,-80.0,1651.6,-36.83,True,Active,muhib,Forward,Normal,1: Walking
1790441633.859113,23890,Target 0,-992.0,1339.0,-80.0,1666.43,-36.53,True,Active,muhib,Forward,Normal,1: Walking
1790441633.92008,23891,Target 0,-985.0,1356.0,0.0,1676.0,-35.99,True,Active,muhib,Forward,Normal,1: Walking
1790441634.0125108,23892,Target 0,-976.0,1376.0,240.0,1686.99,-35.35,True,Active,muhib,Forward,Normal,1: Walking
1790441634.1001625,23893,Target 0,-964.0,1401.0,320.0,1700.62,-34.53,True,Active,muhib,Forward,Normal,1: Walking
1790441634.2203896,23894,Target 0,-954.0,1419.0,240.0,1709.88,-33.91,True,Active,muhib,Forward,Normal,1: Walking
1790441634.2860487,23895,Target 0,-936.0,1442.0,240.0,1719.15,-32.99,True,Active,muhib,Forward,Normal,1: Walking
1790441634.414512,23896,Target 0,-916.0,1461.0,160.0,1724.41,-32.09,True,Active,muhib,Forward,Normal,1: Walking
1790441634.5063536,23897,Target 0,-896.0,1474.0,240.0,1724.96,-31.29,True,Active,muhib,Forward,Normal,1: Walking
1790441634.567638,23898,Target 0,-872.0,1489.0,160.0,1725.54,-30.35,True,Active,muhib,Forward,Normal,1: Walking
1790441634.717539,23899,Target 0,-849.0,1492.0,160.0,1716.64,-29.64,True,Active,muhib,Forward,Normal,1: Walking
1790441634.7377963,23900,Target 0,-824.0,1495.0,80.0,1707.04,-28.86,True,Active,muhib,Forward,Normal,1: Walking
1790441634.8145447,23901,Target 0,-794.0,1497.0,80.0,1694.53,-27.94,True,Active,muhib,Forward,Normal,1: Walking
1790441635.0003788,23902,Target 0,-751.0,1500.0,0.0,1677.5,-26.6,True,Active,muhib,Forward,Normal,1: Walking
1790441635.0213788,23903,Target 0,-683.0,1497.0,0.0,1645.45,-24.52,True,Active,muhib,Forward,Normal,1: Walking
1790441635.0758846,23904,Target 0,-621.0,1514.0,-80.0,1636.41,-22.3,True,Active,muhib,Forward,Normal,1: Walking
1790441635.1768825,23905,Target 0,-559.0,1548.0,0.0,1645.84,-19.86,True,Active,muhib,Forward,Normal,1: Walking
1790441635.3031266,23906,Target 0,-518.0,1579.0,0.0,1661.8,-18.16,True,Active,muhib,Forward,Normal,1: Walking
1790441635.3427022,23907,Target 0,-481.0,1604.0,0.0,1674.57,-16.69,True,Active,muhib,Forward,Normal,1: Walking
1790441635.4338393,23908,Target 0,-427.0,1629.0,0.0,1684.03,-14.69,True,Active,muhib,Forward,Normal,1: Walking
1790441635.5328596,23909,Target 0,-375.0,1628.0,80.0,1670.63,-12.97,True,Active,muhib,Forward,Normal,1: Walking
1790441635.6298432,23910,Target 0,-330.0,1626.0,80.0,1659.15,-11.47,True,Active,muhib,Forward,Normal,1: Walking
1790441635.6990786,23911,Target 0,-275.0,1624.0,80.0,1647.12,-9.61,True,Active,muhib,Forward,Normal,1: Walking
1790441635.787587,23912,Target 0,-214.0,1616.0,80.0,1630.11,-7.54,True,Active,muhib,Forward,Normal,1: Walking
1790441635.8774288,23913,Target 0,-157.0,1606.0,80.0,1613.66,-5.58,True,Active,muhib,Forward,Normal,1: Walking
1790441635.9856305,23914,Target 0,-97.0,1616.0,-80.0,1618.91,-3.44,True,Active,muhib,Forward,Normal,1: Walking
1790441636.0624592,23915,Target 0,-35.0,1623.0,-160.0,1623.38,-1.24,True,Active,muhib,Forward,Normal,1: Walking
1790441636.1439126,23916,Target 0,19.0,1645.0,-160.0,1645.11,0.66,True,Active,muhib,Forward,Normal,1: Walking
1790441636.2398336,23917,Target 0,69.0,1661.0,-240.0,1662.43,2.38,True,Active,muhib,Forward,Normal,1: Walking
1790441636.3852048,23918,Target 0,119.0,1660.0,-390.0,1664.26,4.1,True,Active,muhib,Forward,Normal,1: Walking
1790441636.4097471,23919,Target 0,165.0,1662.0,-390.0,1670.17,5.67,True,Active,muhib,Forward,Normal,1: Walking
1790441636.4986854,23920,Target 0,209.0,1679.0,-390.0,1691.96,7.1,True,Active,muhib,Forward,Normal,1: Walking
1790441636.5891914,23921,Target 0,245.0,1722.0,-320.0,1739.34,8.1,True,Active,muhib,Forward,Normal,1: Walking
1790441636.6981955,23922,Target 0,283.0,1758.0,-320.0,1780.63,9.14,True,Active,muhib,Forward,Normal,1: Walking
1790441636.830824,23923,Target 0,323.0,1773.0,-240.0,1802.18,10.32,True,Active,muhib,Forward,Normal,1: Walking
1790441636.8872967,23924,Target 0,365.0,1775.0,-320.0,1812.14,11.62,True,Active,muhib,Forward,Normal,1: Walking
1790441636.9473271,23925,Target 0,397.0,1776.0,-320.0,1819.83,12.6,True,Active,muhib,Forward,Normal,1: Walking
1790441637.0437589,23926,Target 0,429.0,1786.0,-390.0,1836.8,13.51,True,Active,muhib,Forward,Normal,1: Walking
1790441637.131934,23927,Target 0,467.0,1808.0,-390.0,1867.34,14.48,True,Active,muhib,Forward,Normal,1: Walking
1790441637.2166336,23928,Target 0,507.0,1818.0,-390.0,1887.37,15.58,True,Active,muhib,Forward,Normal,1: Walking
1790441637.3215678,23929,Target 0,540.0,1847.0,-160.0,1924.32,16.3,True,Active,muhib,Forward,Normal,1: Walking
1790441637.4037156,23930,Target 0,571.0,1886.0,-240.0,1970.54,16.84,True,Active,muhib,Forward,Normal,1: Walking
1790441637.48257,23931,Target 0,617.0,1910.0,-320.0,2007.18,17.9,True,Active,muhib,Forward,Normal,1: Walking
1790441637.635652,23932,Target 0,649.0,1936.0,-240.0,2041.89,18.53,True,Active,muhib,Forward,Normal,1: Walking
1790441637.6565366,23933,Target 0,688.0,1955.0,-320.0,2072.53,19.39,True,Active,muhib,Forward,Normal,1: Walking
1790441637.7509403,23934,Target 0,715.0,1980.0,-320.0,2105.14,19.86,True,Active,muhib,Forward,Normal,1: Walking
1790441637.834588,23935,Target 0,749.0,1994.0,-480.0,2130.03,20.59,True,Active,muhib,Forward,Normal,1: Walking
1790441637.9875398,23936,Target 0,777.0,1999.0,-480.0,2144.7,21.24,True,Active,muhib,Forward,Normal,1: Walking
1790441638.0114963,23937,Target 0,819.0,2014.0,-390.0,2174.16,22.13,True,Active,muhib,Forward,Normal,1: Walking
1790441638.1139667,23938,Target 0,843.0,2034.0,-480.0,2201.77,22.51,True,Active,muhib,Forward,Normal,1: Walking
1790441638.2276216,23939,Target 0,860.0,2052.0,-320.0,2224.93,22.74,True,Active,muhib,Forward,Normal,1: Walking
1790441638.2781806,23940,Target 0,876.0,2082.0,-320.0,2258.78,22.82,True,Active,muhib,Forward,Normal,1: Walking
1790441638.371982,23941,Target 0,890.0,2133.0,-160.0,2311.23,22.65,True,Active,muhib,Forward,Normal,1: Walking
1790441638.4606829,23942,Target 0,905.0,2175.0,-240.0,2355.77,22.59,True,Active,muhib,Forward,Normal,1: Walking
1790441638.5458493,23943,Target 0,939.0,2199.0,-320.0,2391.09,23.12,True,Active,muhib,Forward,Normal,1: Walking
1790441638.6467223,23944,Target 0,952.0,2221.0,-240.0,2416.43,23.2,True,Active,muhib,Forward,Normal,1: Walking
1790441638.7316816,23945,Target 0,975.0,2228.0,-480.0,2432.0,23.63,True,Active,muhib,Forward,Normal,1: Walking
1790441638.8192122,23946,Target 0,981.0,2238.0,-240.0,2443.56,23.67,True,Active,muhib,Forward,Normal,1: Walking
1790441638.9039001,23947,Target 0,982.0,2250.0,-390.0,2454.96,23.58,True,Active,muhib,Forward,Normal,1: Walking
1790441639.023179,23948,Target 0,991.0,2268.0,-480.0,2475.06,23.6,True,Active,muhib,Forward,Normal,1: Walking
1790441639.108685,23949,Target 0,1009.0,2292.0,-160.0,2504.27,23.76,True,Active,muhib,Forward,Normal,1: Walking
1790441639.2016215,23950,Target 0,1035.0,2327.0,-80.0,2546.79,23.98,True,Active,muhib,Forward,Normal,1: Walking
1790441639.2731457,23951,Target 0,1043.0,2367.0,-80.0,2586.61,23.78,True,Active,muhib,Forward,Normal,1: Walking
1790441639.3538446,23952,Target 0,1056.0,2406.0,-240.0,2627.54,23.7,True,Active,muhib,Forward,Normal,1: Walking
1790441639.4475899,23953,Target 0,1075.0,2442.0,-80.0,2668.14,23.76,True,Active,muhib,Forward,Normal,1: Walking
1790441639.5490334,23954,Target 0,1105.0,2463.0,-80.0,2699.52,24.16,True,Active,muhib,Forward,Normal,1: Walking
1790441639.644149,23955,Target 0,1150.0,2452.0,0.0,2708.28,25.13,True,Active,muhib,Forward,Normal,1: Walking
1790441639.7053246,23956,Target 0,1177.0,2446.0,0.0,2714.45,25.7,True,Active,muhib,Forward,Normal,1: Walking
1790441639.7922883,23957,Target 0,1156.0,2461.0,80.0,2718.98,25.16,True,Active,muhib,Forward,Normal,1: Walking
1790441639.897624,23958,Target 0,1154.0,2461.0,160.0,2718.13,25.12,True,Active,muhib,Forward,Normal,1: Walking
1790441640.0041974,23959,Target 0,1152.0,2458.0,240.0,2714.57,25.11,True,Active,muhib,Forward,Normal,1: Walking
1790441640.0807538,23960,Target 0,1150.0,2456.0,320.0,2711.91,25.09,True,Active,muhib,Forward,Normal,1: Walking
1790441640.149016,23961,Target 0,1148.0,2454.0,320.0,2709.25,25.07,True,Active,muhib,Forward,Normal,1: Walking
1790441640.2531846,23962,Target 0,1145.0,2454.0,320.0,2707.98,25.01,True,Active,muhib,Forward,Normal,1: Walking
1790441640.3633835,23963,Target 0,1142.0,2452.0,240.0,2704.9,24.97,True,Active,muhib,Forward,Normal,1: Walking
1790441640.4157796,23964,Target 0,1139.0,2448.0,240.0,2700.0,24.95,True,Active,muhib,Forward,Normal,1: Walking
1790441640.521593,23965,Target 0,1135.0,2444.0,160.0,2694.69,24.91,True,Active,muhib,Forward,Normal,1: Walking
1790441640.613886,23966,Target 0,1129.0,2444.0,240.0,2692.17,24.79,True,Active,muhib,Forward,Normal,1: Walking
1790441640.7251697,23967,Target 0,1120.0,2446.0,480.0,2690.23,24.6,True,Active,muhib,Forward,Normal,1: Walking
1790441640.7832255,23968,Target 0,1113.0,2447.0,160.0,2688.23,24.46,True,Active,muhib,Forward,Normal,1: Walking
1790441640.8781812,23969,Target 0,1108.0,2444.0,240.0,2683.43,24.39,True,Active,muhib,Forward,Normal,1: Walking
1790441640.9510114,23970,Target 0,1100.0,2441.0,320.0,2677.4,24.26,True,Active,muhib,Forward,Normal,1: Walking
1790441641.0997882,23971,Target 0,1094.0,2434.0,240.0,2668.56,24.2,True,Active,muhib,Forward,Normal,1: Walking
1790441641.1312776,23972,Target 0,1087.0,2430.0,240.0,2662.04,24.1,True,Active,muhib,Forward,Normal,1: Walking
1790441641.2475934,23973,Target 0,1074.0,2428.0,240.0,2654.93,23.86,True,Active,muhib,Forward,Normal,1: Walking
1790441641.3067877,23974,Target 0,1063.0,2423.0,240.0,2645.92,23.69,True,Active,muhib,Forward,Normal,1: Walking
1790441641.428157,23975,Target 0,1052.0,2418.0,240.0,2636.94,23.51,True,Active,muhib,Forward,Normal,1: Walking
1790441641.5094357,23976,Target 0,1042.0,2411.0,320.0,2626.53,23.37,True,Active,muhib,Forward,Normal,1: Walking
1790441641.5919194,23977,Target 0,1028.0,2405.0,390.0,2615.49,23.14,True,Active,muhib,Forward,Normal,1: Walking
1790441641.6859708,23978,Target 0,1012.0,2397.0,390.0,2601.87,22.89,True,Active,muhib,Forward,Normal,1: Walking
1790441641.8022094,23979,Target 0,998.0,2387.0,480.0,2587.23,22.69,True,Active,muhib,Forward,Normal,1: Walking
1790441641.845986,23980,Target 0,965.0,2362.0,390.0,2551.52,22.22,True,Active,muhib,Forward,Normal,1: Walking
1790441641.9464467,23981,Target 0,957.0,2351.0,390.0,2538.32,22.15,True,Active,muhib,Forward,Normal,1: Walking
1790441642.0599542,23982,Target 0,951.0,2340.0,240.0,2525.87,22.12,True,Active,muhib,Forward,Normal,1: Walking
1790441642.1605375,23983,Target 0,947.0,2324.0,320.0,2509.54,22.17,True,Active,muhib,Forward,Normal,1: Walking
1790441642.2176912,23984,Target 0,934.0,2278.0,240.0,2462.04,22.29,True,Active,muhib,Forward,Normal,1: Walking
1790441642.2969358,23985,Target 0,914.0,2241.0,320.0,2420.22,22.19,True,Active,muhib,Forward,Normal,1: Walking
1790441642.373816,23986,Target 0,894.0,2209.0,320.0,2383.05,22.03,True,Active,muhib,Forward,Normal,1: Walking
1790441642.484805,23987,Target 0,875.0,2172.0,320.0,2341.63,21.94,True,Active,muhib,Forward,Normal,1: Walking
1790441642.558283,23988,Target 0,854.0,2134.0,480.0,2298.54,21.81,True,Active,muhib,Forward,Normal,1: Walking
1790441642.6395674,23989,Target 0,822.0,2102.0,560.0,2257.01,21.36,True,Active,muhib,Forward,Normal,1: Walking
1790441642.7348804,23990,Target 0,780.0,2084.0,640.0,2225.19,20.52,True,Active,muhib,Forward,Normal,1: Walking
1790441642.8413043,23991,Target 0,708.0,2050.0,390.0,2168.82,19.05,True,Active,muhib,Forward,Normal,1: Walking
1790441642.9058774,23992,Target 0,660.0,2005.0,390.0,2110.84,18.22,True,Active,muhib,Forward,Normal,1: Walking
1790441643.0007358,23993,Target 0,624.0,1959.0,320.0,2055.98,17.67,True,Active,muhib,Forward,Normal,1: Walking
1790441643.08823,23994,Target 0,607.0,1910.0,320.0,2004.13,17.63,True,Active,muhib,Forward,Normal,1: Walking
1790441643.1859305,23995,Target 0,601.0,1884.0,390.0,1977.54,17.69,True,Active,muhib,Forward,Normal,1: Walking
1790441643.2621455,23996,Target 0,587.0,1833.0,320.0,1924.7,17.76,True,Active,muhib,Forward,Normal,1: Walking
1790441643.3520525,23997,Target 0,560.0,1777.0,390.0,1863.15,17.49,True,Active,muhib,Forward,Normal,1: Walking
1790441643.4406943,23998,Target 0,537.0,1731.0,480.0,1812.38,17.24,True,Active,muhib,Forward,Normal,1: Walking
1790441643.5427432,23999,Target 0,523.0,1689.0,560.0,1768.12,17.21,True,Active,muhib,Forward,Normal,1: Walking
1790441643.6196358,24000,Target 0,526.0,1639.0,390.0,1721.34,17.79,True,Active,muhib,Forward,Normal,1: Walking
1790441643.736169,24001,Target 0,515.0,1600.0,390.0,1680.84,17.84,True,Active,muhib,Forward,Normal,1: Walking
1790441643.8294663,24002,Target 0,500.0,1564.0,320.0,1641.98,17.73,True,Active,muhib,Forward,Normal,1: Walking
1790441643.9239075,24003,Target 0,493.0,1527.0,390.0,1604.61,17.89,True,Active,muhib,Forward,Normal,1: Walking
1790441644.058283,24004,Target 0,497.0,1469.0,480.0,1550.8,18.69,True,Active,muhib,Forward,Normal,1: Walking
1790441644.0790627,24005,Target 0,489.0,1429.0,320.0,1510.35,18.89,True,Active,muhib,Forward,Normal,1: Walking
1790441644.1569145,24006,Target 0,479.0,1394.0,320.0,1474.0,18.96,True,Active,muhib,Forward,Normal,1: Walking
1790441644.2821918,24007,Target 0,454.0,1377.0,320.0,1449.91,18.25,True,Active,muhib,Forward,Normal,1: Walking
1790441644.3304129,24008,Target 0,432.0,1358.0,240.0,1425.06,17.65,True,Active,muhib,Forward,Normal,1: Walking
1790441644.4239383,24009,Target 0,409.0,1326.0,320.0,1387.64,17.14,True,Active,muhib,Forward,Normal,1: Walking
1790441644.5131042,24010,Target 0,376.0,1313.0,240.0,1365.78,15.98,True,Active,muhib,Forward,Normal,1: Walking
1790441644.6328182,24011,Target 0,324.0,1325.0,160.0,1364.04,13.74,True,Active,muhib,Forward,Normal,1: Walking
1790441644.6867776,24012,Target 0,254.0,1353.0,160.0,1376.64,10.63,True,Active,muhib,Forward,Normal,1: Walking
1790441644.8096395,24013,Target 0,191.0,1370.0,240.0,1383.25,7.94,True,Active,muhib,Forward,Normal,1: Walking
1790441644.8639941,24014,Target 0,165.0,1346.0,240.0,1356.08,6.99,True,Active,muhib,Forward,Normal,1: Walking
1790441644.9594097,24015,Target 0,150.0,1310.0,320.0,1318.56,6.53,True,Active,muhib,Forward,Normal,1: Walking
1790441645.049737,24016,Target 0,140.0,1264.0,390.0,1271.73,6.32,True,Active,muhib,Forward,Normal,1: Walking
1790441645.1357524,24017,Target 0,133.0,1223.0,390.0,1230.21,6.21,True,Active,muhib,Forward,Normal,1: Walking
1790441645.2251616,24018,Target 0,122.0,1175.0,390.0,1181.32,5.93,True,Active,muhib,Forward,Normal,1: Walking
1790441645.3128088,24019,Target 0,105.0,1129.0,390.0,1133.87,5.31,True,Active,muhib,Forward,Normal,1: Walking
1790441645.4017005,24020,Target 0,84.0,1090.0,240.0,1093.23,4.41,True,Active,muhib,Forward,Normal,1: Walking
1790441645.4953065,24021,Target 0,63.0,1062.0,160.0,1063.87,3.39,True,Active,muhib,Forward,Normal,1: Walking
1790441645.577825,24022,Target 0,32.0,1022.0,80.0,1022.5,1.79,True,Active,muhib,Forward,Normal,1: Walking
1790441645.6692116,24023,Target 0,-3.0,983.0,0.0,983.0,-0.17,True,Active,muhib,Forward,Normal,1: Walking
1790441645.7560565,24024,Target 0,-44.0,944.0,-80.0,945.02,-2.67,True,Active,muhib,Forward,Normal,1: Walking
1790441645.8453338,24025,Target 0,-83.0,915.0,-160.0,918.76,-5.18,True,Active,muhib,Forward,Normal,1: Walking
1790441645.9352539,24026,Target 0,-120.0,903.0,-480.0,910.94,-7.57,True,Active,muhib,Forward,Normal,1: Walking
1790441646.022607,24027,Target 0,-147.0,910.0,-320.0,921.8,-9.18,True,Active,muhib,Forward,Normal,1: Walking
1790441646.1922996,24028,Target 0,-171.0,926.0,-240.0,941.66,-10.46,True,Active,muhib,Forward,Normal,1: Walking
1790441646.2150612,24029,Target 0,-200.0,948.0,-240.0,968.87,-11.91,True,Active,muhib,Forward,Normal,1: Walking
1790441646.301606,24030,Target 0,-232.0,948.0,-390.0,975.98,-13.75,True,Active,muhib,Forward,Normal,1: Walking
1790441646.3987837,24031,Target 0,-271.0,945.0,-240.0,983.09,-16.0,True,Active,muhib,Forward,Normal,1: Walking
1790441646.5475912,24032,Target 0,-309.0,944.0,-160.0,993.29,-18.12,True,Active,muhib,Forward,Normal,1: Walking
1790441646.6483562,24033,Target 0,-343.0,940.0,-160.0,1000.62,-20.05,True,Active,muhib,Forward,Normal,1: Walking
1790441646.670585,24034,Target 0,-372.0,938.0,-160.0,1009.07,-21.63,True,Active,muhib,Forward,Normal,1: Walking
1790441646.794499,24035,Target 0,-409.0,941.0,-80.0,1026.04,-23.49,True,Active,muhib,Forward,Normal,1: Walking
1790441646.852139,24036,Target 0,-450.0,942.0,-80.0,1043.97,-25.53,True,Active,muhib,Forward,Normal,1: Walking
1790441646.9327104,24037,Target 0,-493.0,941.0,-80.0,1062.32,-27.65,True,Active,muhib,Forward,Normal,1: Walking
1790441647.0334563,24038,Target 0,-527.0,933.0,-160.0,1071.55,-29.46,True,Active,muhib,Forward,Normal,1: Walking
1790441647.0881948,24039,Target 0,-566.0,919.0,-160.0,1079.31,-31.63,True,Active,muhib,Forward,Normal,1: Walking
1790441647.2149096,24040,Target 0,-605.0,903.0,-160.0,1086.94,-33.82,True,Active,muhib,Forward,Normal,1: Walking
1790441647.2661524,24041,Target 0,-641.0,878.0,-240.0,1087.09,-36.13,True,Active,muhib,Forward,Normal,1: Walking
1790441647.3563554,24042,Target 0,-680.0,872.0,-160.0,1105.8,-37.95,True,Active,muhib,Forward,Normal,1: Walking
1790441647.4510033,24043,Target 0,-734.0,870.0,-240.0,1138.27,-40.15,True,Active,muhib,Forward,Normal,1: Walking
1790441647.571331,24044,Target 0,-774.0,862.0,-240.0,1158.5,-41.92,True,Active,muhib,Forward,Normal,1: Walking
1790441647.6255488,24045,Target 0,-806.0,861.0,-320.0,1179.39,-43.11,True,Active,muhib,Forward,Normal,1: Walking
1790441647.7518108,24046,Target 0,-836.0,868.0,-390.0,1205.12,-43.92,True,Active,muhib,Forward,Normal,1: Walking
1790441647.8004875,24047,Target 0,-857.0,884.0,-390.0,1231.22,-44.11,True,Active,muhib,Forward,Normal,1: Walking
1790441647.917867,24048,Target 0,-875.0,897.0,-390.0,1253.09,-44.29,True,Active,muhib,Forward,Normal,1: Walking
1790441647.9783015,24049,Target 0,-880.0,912.0,-320.0,1267.34,-43.98,True,Active,muhib,Forward,Normal,1: Walking
1790441648.0770779,24050,Target 0,-892.0,923.0,-320.0,1283.59,-44.02,True,Active,muhib,Forward,Normal,1: Walking
1790441648.1578176,24051,Target 0,-903.0,937.0,-240.0,1301.3,-43.94,True,Active,muhib,Forward,Normal,1: Walking
1790441648.266189,24052,Target 0,-916.0,948.0,-240.0,1318.24,-44.02,True,Active,muhib,Forward,Normal,1: Walking
1790441648.3377657,24053,Target 0,-928.0,959.0,-240.0,1334.49,-44.06,True,Active,muhib,Forward,Normal,1: Walking
1790441648.4267077,24054,Target 0,-938.0,966.0,-160.0,1346.48,-44.16,True,Active,muhib,Forward,Normal,1: Walking
1790441648.5244458,24055,Target 0,-949.0,974.0,-160.0,1359.88,-44.26,True,Active,muhib,Forward,Normal,1: Walking
1790441648.6820962,24056,Target 0,-957.0,987.0,-160.0,1374.78,-44.12,True,Active,muhib,Forward,Normal,1: Walking
1790441648.705957,24057,Target 0,-961.0,1004.0,-240.0,1389.8,-43.75,True,Active,muhib,Forward,Normal,1: Walking
1790441648.7787542,24058,Target 0,-969.0,1020.0,-390.0,1406.9,-43.53,True,Active,muhib,Forward,Normal,1: Walking
1790441648.9166949,24059,Target 0,-985.0,1027.0,-320.0,1423.01,-43.8,True,Active,muhib,Forward,Normal,1: Walking
1790441649.029174,24060,Target 0,-996.0,1039.0,-240.0,1439.28,-43.79,True,Active,muhib,Forward,Normal,1: Walking
1790441649.092178,24061,Target 0,-1001.0,1064.0,-240.0,1460.85,-43.25,True,Active,muhib,Forward,Normal,1: Walking
1790441649.1392343,24062,Target 0,-1010.0,1082.0,-160.0,1480.14,-43.03,True,Active,muhib,Forward,Normal,1: Walking
1790441649.2557585,24063,Target 0,-1011.0,1101.0,-160.0,1494.76,-42.56,True,Active,muhib,Forward,Normal,1: Walking
1790441649.3664668,24064,Target 0,-1017.0,1121.0,-160.0,1513.58,-42.22,True,Active,muhib,Forward,Normal,1: Walking
1790441649.4051452,24065,Target 0,-1033.0,1132.0,-160.0,1532.49,-42.38,True,Active,muhib,Forward,Normal,1: Walking
1790441649.4904366,24066,Target 0,-1049.0,1142.0,-160.0,1550.67,-42.57,True,Active,muhib,Forward,Normal,1: Walking
1790441649.589438,24067,Target 0,-1069.0,1150.0,-160.0,1570.11,-42.91,True,Active,muhib,Forward,Normal,1: Walking
1790441649.6870162,24068,Target 0,-1086.0,1156.0,-240.0,1586.11,-43.21,True,Active,muhib,Forward,Normal,1: Walking
1790441649.7611814,24069,Target 0,-1114.0,1161.0,-160.0,1609.01,-43.82,True,Active,muhib,Forward,Normal,1: Walking
1790441649.8476071,24070,Target 0,-1134.0,1169.0,-160.0,1628.65,-44.13,True,Active,muhib,Forward,Normal,1: Walking
1790441649.9362175,24071,Target 0,-1151.0,1172.0,-160.0,1642.68,-44.48,True,Active,muhib,Forward,Normal,1: Walking
1790441650.0389757,24072,Target 0,-1161.0,1185.0,-160.0,1658.96,-44.41,True,Active,muhib,Forward,Normal,1: Walking
1790441650.1133678,24073,Target 0,-1165.0,1212.0,-160.0,1681.12,-43.87,True,Active,muhib,Forward,Normal,1: Walking
1790441650.207556,24074,Target 0,-1163.0,1253.0,-80.0,1709.55,-42.87,True,Active,muhib,Forward,Normal,1: Walking
1790441650.292407,24075,Target 0,-1158.0,1314.0,-80.0,1751.45,-41.39,True,Active,muhib,Forward,Normal,1: Walking
1790441650.392939,24076,Target 0,-1161.0,1342.0,-160.0,1774.51,-40.86,True,Active,muhib,Forward,Normal,1: Walking
1790441650.4699495,24077,Target 0,-1152.0,1360.0,-80.0,1782.33,-40.27,True,Active,muhib,Forward,Normal,1: Walking
1790441650.5604966,24078,Target 0,-1142.0,1379.0,-80.0,1790.48,-39.63,True,Active,muhib,Forward,Normal,1: Walking
1790441650.6511543,24079,Target 0,-1141.0,1394.0,-240.0,1801.42,-39.3,True,Active,muhib,Forward,Normal,1: Walking
1790441650.8247557,24080,Target 0,-1130.0,1410.0,-160.0,1806.93,-38.71,True,Active,muhib,Forward,Normal,1: Walking
1790441650.845073,24081,Target 0,-1122.0,1428.0,-160.0,1816.06,-38.16,True,Active,muhib,Forward,Normal,1: Walking
1790441650.9514086,24082,Target 0,-1115.0,1457.0,-320.0,1834.69,-37.43,True,Active,muhib,Forward,Normal,1: Walking
1790441651.0354936,24083,Target 0,-1114.0,1477.0,-80.0,1850.01,-37.02,True,Active,muhib,Forward,Normal,1: Walking
1790441651.1074824,24084,Target 0,-1130.0,1494.0,-240.0,1873.22,-37.1,True,Active,muhib,Forward,Normal,1: Walking
1790441651.185322,24085,Target 0,-1139.0,1506.0,80.0,1888.22,-37.1,True,Active,muhib,Forward,Normal,1: Walking
1790441651.284713,24086,Target 0,-1138.0,1518.0,80.0,1897.2,-36.86,True,Active,muhib,Forward,Normal,1: Walking
1790441651.4099114,24087,Target 0,-1139.0,1530.0,160.0,1907.41,-36.67,True,Active,muhib,Forward,Normal,1: Walking
1790441651.5900466,24088,Target 0,-1133.0,1539.0,160.0,1911.08,-36.36,True,Active,muhib,Forward,Normal,1: Walking
1790441651.6100476,24089,Target 0,-1129.0,1542.0,160.0,1911.13,-36.21,True,Active,muhib,Forward,Normal,1: Walking
1790441651.6334944,24090,Target 0,-1127.0,1542.0,160.0,1909.95,-36.16,True,Active,muhib,Forward,Normal,1: Walking
1790441651.731716,24091,Target 0,-1124.0,1541.0,160.0,1907.37,-36.11,True,Active,muhib,Forward,Normal,1: Walking
1790441651.8105705,24092,Target 0,-1122.0,1541.0,320.0,1906.19,-36.06,True,Active,muhib,Forward,Normal,1: Walking
1790441651.8988283,24093,Target 0,-1119.0,1541.0,320.0,1904.43,-35.99,True,Active,muhib,Forward,Normal,1: Walking
1790441651.9839184,24094,Target 0,-1113.0,1542.0,320.0,1901.72,-35.82,True,Active,muhib,Forward,Normal,1: Walking
1790441652.0763302,24095,Target 0,-1107.0,1544.0,160.0,1899.84,-35.64,True,Active,muhib,Forward,Normal,1: Walking
1790441652.163029,24096,Target 0,-1099.0,1546.0,320.0,1896.82,-35.41,True,Active,muhib,Forward,Normal,1: Walking
1790441652.2821276,24097,Target 0,-1075.0,1555.0,240.0,1890.41,-34.66,True,Active,muhib,Forward,Normal,1: Walking
1790441652.3397834,24098,Target 0,-1056.0,1556.0,-240.0,1880.5,-34.16,True,Active,muhib,Forward,Normal,1: Walking
1790441652.434979,24099,Target 0,-1042.0,1550.0,160.0,1867.69,-33.91,True,Active,muhib,Forward,Normal,1: Walking
1790441652.5213108,24100,Target 0,-1039.0,1546.0,240.0,1862.7,-33.9,True,Active,muhib,Forward,Normal,1: Walking
1790441652.6096568,24101,Target 0,-1034.0,1543.0,160.0,1857.42,-33.83,True,Active,muhib,Forward,Normal,1: Walking
1790441652.696197,24102,Target 0,-1026.0,1542.0,320.0,1852.14,-33.64,True,Active,muhib,Forward,Normal,1: Walking
1790441652.7842457,24103,Target 0,-1017.0,1539.0,560.0,1844.67,-33.46,True,Active,muhib,Forward,Normal,1: Walking
1790441652.8748875,24104,Target 0,-1004.0,1536.0,240.0,1835.02,-33.17,True,Active,muhib,Forward,Normal,1: Walking
1790441652.96118,24105,Target 0,-959.0,1536.0,390.0,1810.79,-31.98,True,Active,muhib,Forward,Normal,1: Walking
1790441653.08026,24106,Target 0,-914.0,1547.0,240.0,1796.83,-30.58,True,Active,muhib,Forward,Normal,1: Walking
1790441653.1422412,24107,Target 0,-876.0,1548.0,240.0,1778.67,-29.51,True,Active,muhib,Forward,Normal,1: Walking
1790441653.2337177,24108,Target 0,-839.0,1550.0,320.0,1762.5,-28.43,True,Active,muhib,Forward,Normal,1: Walking
1790441653.325237,24109,Target 0,-804.0,1541.0,390.0,1738.13,-27.55,True,Active,muhib,Forward,Normal,1: Walking
1790441653.4146018,24110,Target 0,-777.0,1525.0,480.0,1711.54,-27.0,True,Active,muhib,Forward,Normal,1: Walking
1790441653.5300257,24111,Target 0,-750.0,1505.0,560.0,1681.52,-26.49,True,Active,muhib,Forward,Normal,1: Walking
1790441653.6227603,24112,Target 0,-721.0,1484.0,560.0,1649.88,-25.91,True,Active,muhib,Forward,Normal,1: Walking
1790441653.7259371,24113,Target 0,-681.0,1468.0,320.0,1618.27,-24.89,True,Active,muhib,Forward,Normal,1: Walking
1790441653.7720916,24114,Target 0,-584.0,1449.0,240.0,1562.26,-21.95,True,Active,muhib,Forward,Normal,1: Walking
1790441653.9111123,24115,Target 0,-502.0,1424.0,320.0,1509.89,-19.42,True,Active,muhib,Forward,Normal,1: Walking
1790441653.971484,24116,Target 0,-437.0,1392.0,240.0,1458.98,-17.43,True,Active,muhib,Forward,Normal,1: Walking
1790441654.0309691,24117,Target 0,-367.0,1374.0,80.0,1422.17,-14.95,True,Active,muhib,Forward,Normal,1: Walking
1790441654.1254764,24118,Target 0,-302.0,1363.0,80.0,1396.06,-12.49,True,Active,muhib,Forward,Normal,1: Walking
1790441654.2072723,24119,Target 0,-247.0,1346.0,160.0,1368.48,-10.4,True,Active,muhib,Forward,Normal,1: Walking
1790441654.3265722,24120,Target 0,-194.0,1333.0,80.0,1347.04,-8.28,True,Active,muhib,Forward,Normal,1: Walking
1790441654.4199796,24121,Target 0,-156.0,1313.0,80.0,1322.23,-6.78,True,Active,muhib,Forward,Normal,1: Walking
1790441654.4755764,24122,Target 0,-131.0,1280.0,0.0,1286.69,-5.84,True,Active,muhib,Forward,Normal,1: Walking
1790441654.566875,24123,Target 0,-95.0,1259.0,160.0,1262.58,-4.32,True,Active,muhib,Forward,Normal,1: Walking
1790441654.6576786,24124,Target 0,-41.0,1261.0,160.0,1261.67,-1.86,True,Active,muhib,Forward,Normal,1: Walking
1790441654.7661154,24125,Target 0,10.0,1264.0,80.0,1264.04,0.45,True,Active,muhib,Forward,Normal,1: Walking
1790441654.8307967,24126,Target 0,54.0,1256.0,80.0,1257.16,2.46,True,Active,muhib,Forward,Normal,1: Walking
1790441654.9201758,24127,Target 0,97.0,1246.0,80.0,1249.77,4.45,True,Active,muhib,Forward,Normal,1: Walking
1790441655.0174272,24128,Target 0,146.0,1241.0,80.0,1249.56,6.71,True,Active,muhib,Forward,Normal,1: Walking
1790441655.1289246,24129,Target 0,192.0,1240.0,0.0,1254.78,8.8,True,Active,muhib,Forward,Normal,1: Walking
1790441655.188137,24130,Target 0,237.0,1249.0,-80.0,1271.29,10.74,True,Active,muhib,Forward,Normal,1: Walking
1790441655.2835975,24131,Target 0,284.0,1238.0,-390.0,1270.16,12.92,True,Active,muhib,Forward,Normal,1: Walking
1790441655.3643568,24132,Target 0,330.0,1223.0,-320.0,1266.74,15.1,True,Active,muhib,Forward,Normal,1: Walking
1790441655.4744143,24133,Target 0,362.0,1216.0,-160.0,1268.74,16.58,True,Active,muhib,Forward,Normal,1: Walking
1790441655.6055574,24134,Target 0,396.0,1212.0,-390.0,1275.05,18.09,True,Active,muhib,Forward,Normal,1: Walking
1790441655.7071617,24135,Target 0,429.0,1215.0,-390.0,1288.51,19.45,True,Active,muhib,Forward,Normal,1: Walking
1790441655.75019,24136,Target 0,475.0,1216.0,-390.0,1305.48,21.34,True,Active,muhib,Forward,Normal,1: Walking
1790441655.867557,24137,Target 0,504.0,1231.0,-320.0,1330.18,22.27,True,Active,muhib,Forward,Normal,1: Walking
1790441655.898855,24138,Target 0,530.0,1248.0,-320.0,1355.88,23.01,True,Active,muhib,Forward,Normal,1: Walking
1790441656.0063174,24139,Target 0,539.0,1280.0,-390.0,1388.86,22.84,True,Active,muhib,Forward,Normal,1: Walking
1790441656.1059217,24140,Target 0,528.0,1308.0,-80.0,1410.55,21.98,True,Active,muhib,Forward,Normal,1: Walking
1790441656.2014856,24141,Target 0,529.0,1318.0,-320.0,1420.2,21.87,True,Active,muhib,Forward,Normal,1: Walking
1790441656.2585802,24142,Target 0,525.0,1333.0,-80.0,1432.66,21.5,True,Active,muhib,Forward,Normal,1: Walking
1790441656.3707802,24143,Target 0,526.0,1345.0,-160.0,1444.2,21.36,True,Active,muhib,Forward,Normal,1: Walking
1790441656.4322324,24144,Target 0,529.0,1362.0,-160.0,1461.12,21.23,True,Active,muhib,Forward,Normal,1: Walking
1790441656.5405898,24145,Target 0,525.0,1380.0,-80.0,1476.49,20.83,True,Active,muhib,Forward,Normal,1: Walking
1790441656.610273,24146,Target 0,517.0,1392.0,-160.0,1484.91,20.38,True,Active,muhib,Forward,Normal,1: Walking
1790441656.698615,24147,Target 0,508.0,1403.0,-160.0,1492.14,19.9,True,Active,muhib,Forward,Normal,1: Walking
1790441656.7887747,24148,Target 0,501.0,1420.0,-240.0,1505.79,19.43,True,Active,muhib,Forward,Normal,1: Walking
1790441656.8875496,24149,Target 0,502.0,1442.0,-320.0,1526.88,19.19,True,Active,muhib,Forward,Normal,1: Walking
1790441656.9719224,24150,Target 0,511.0,1464.0,-240.0,1550.62,19.24,True,Active,muhib,Forward,Normal,1: Walking
1790441657.0665631,24151,Target 0,513.0,1483.0,-240.0,1569.22,19.08,True,Active,muhib,Forward,Normal,1: Walking
1790441657.145386,24152,Target 0,511.0,1502.0,-160.0,1586.54,18.79,True,Active,muhib,Forward,Normal,1: Walking
1790441657.243099,24153,Target 0,506.0,1518.0,-80.0,1600.11,18.43,True,Active,muhib,Forward,Normal,1: Walking
1790441657.3320563,24154,Target 0,502.0,1537.0,-80.0,1616.9,18.09,True,Active,muhib,Forward,Normal,1: Walking
1790441657.4116008,24155,Target 0,492.0,1556.0,0.0,1631.93,17.55,True,Active,muhib,Forward,Normal,1: Walking
1790441657.5143008,24156,Target 0,483.0,1566.0,80.0,1638.79,17.14,True,Active,muhib,Forward,Normal,1: Walking
1790441657.5982063,24157,Target 0,472.0,1573.0,80.0,1642.29,16.7,True,Active,muhib,Forward,Normal,1: Walking
1790441657.6921656,24158,Target 0,457.0,1577.0,160.0,1641.88,16.16,True,Active,muhib,Forward,Normal,1: Walking
1790441657.7758467,24159,Target 0,435.0,1586.0,160.0,1644.57,15.34,True,Active,muhib,Forward,Normal,1: Walking
1790441657.884474,24160,Target 0,412.0,1591.0,0.0,1643.48,14.52,True,Active,muhib,Forward,Normal,1: Walking
1790441657.9710908,24161,Target 0,385.0,1597.0,-80.0,1642.75,13.55,True,Active,muhib,Forward,Normal,1: Walking
1790441658.1555514,24162,Target 0,356.0,1602.0,-160.0,1641.08,12.53,True,Active,muhib,Forward,Normal,1: Walking
1790441658.1768274,24163,Target 0,326.0,1614.0,-160.0,1646.59,11.42,True,Active,muhib,Forward,Normal,1: Walking
1790441658.211398,24164,Target 0,270.0,1637.0,-320.0,1659.12,9.37,True,Active,muhib,Forward,Normal,1: Walking
1790441658.305995,24165,Target 0,227.0,1667.0,-560.0,1682.38,7.75,True,Active,muhib,Forward,Normal,1: Walking
1790441658.449986,24166,Target 0,188.0,1695.0,-390.0,1705.39,6.33,True,Active,muhib,Forward,Normal,1: Walking
1790441658.4946532,24167,Target 0,154.0,1723.0,-480.0,1729.87,5.11,True,Active,muhib,Forward,Normal,1: Walking
1790441658.6055431,24168,Target 0,110.0,1750.0,-560.0,1753.45,3.6,True,Active,muhib,Forward,Normal,1: Walking
1790441658.6760204,24169,Target 0,79.0,1790.0,-480.0,1791.74,2.53,True,Active,muhib,Forward,Normal,6: Fall onset
1790441658.8150089,24170,Target 0,57.0,1840.0,-560.0,1840.88,1.77,True,Active,muhib,Forward,Normal,6: Fall onset
1790441658.8964038,24171,Target 0,19.0,1894.0,-960.0,1894.1,0.57,True,Active,muhib,Forward,Normal,6: Fall onset
1790441658.923142,24172,Target 0,-16.0,1942.0,-960.0,1942.07,-0.47,True,Active,muhib,Forward,Normal,6: Fall onset
1790441659.0977511,24173,Target 0,-54.0,1990.0,-960.0,1990.73,-1.55,True,Active,muhib,Forward,Normal,6: Fall onset
1790441659.1181352,24174,Target 0,-89.0,2036.0,-960.0,2037.94,-2.5,True,Active,muhib,Forward,Normal,6: Fall onset
1790441659.1954803,24175,Target 0,-115.0,2108.0,-1040.0,2111.13,-3.12,True,Active,muhib,Forward,Normal,6: Fall onset
1790441659.2797458,24176,Target 0,-136.0,2182.0,-1040.0,2186.23,-3.57,True,Active,muhib,Forward,Normal,6: Fall onset
1790441659.3726156,24177,Target 0,-154.0,2253.0,-1040.0,2258.26,-3.91,True,Active,muhib,Forward,Normal,6: Fall onset
1790441659.4583058,24178,Target 0,-169.0,2319.0,-1040.0,2325.15,-4.17,True,Active,muhib,Forward,Normal,6: Fall onset
1790441659.564782,24179,Target 0,-187.0,2389.0,0.0,2396.31,-4.48,True,Active,muhib,Forward,Normal,6: Fall onset
1790441659.6350825,24180,Target 0,-215.0,2571.0,80.0,2579.97,-4.78,True,Active,muhib,Forward,Normal,6: Fall onset
1790441659.72497,24181,Target 0,-226.0,2798.0,80.0,2807.11,-4.62,True,Active,muhib,Forward,Normal,6: Fall onset
1790441659.8135335,24182,Target 0,-274.0,3019.0,0.0,3031.41,-5.19,True,Active,muhib,Forward,Normal,6: Fall onset
1790441659.9048393,24183,Target 0,-325.0,3239.0,0.0,3255.26,-5.73,True,Active,muhib,Forward,Normal,6: Fall onset
1790441659.9973788,24184,Target 0,-364.0,3431.0,0.0,3450.25,-6.06,True,Active,muhib,Forward,Normal,7: Post-fall stillness
1790441660.1162758,24185,Target 0,-398.0,3584.0,-80.0,3606.03,-6.34,True,Active,muhib,Forward,Normal,7: Post-fall stillness
1790441660.2004135,24186,Target 0,-452.0,3705.0,0.0,3732.47,-6.96,True,Active,muhib,Forward,Normal,7: Post-fall stillness
1790441660.3199508,24187,Target 0,-510.0,3810.0,0.0,3843.98,-7.62,True,Active,muhib,Forward,Normal,7: Post-fall stillness
1790441660.4718938,24188,Target 0,-567.0,3900.0,0.0,3941.0,-8.27,True,Active,muhib,Forward,Normal,7: Post-fall stillness
1790441660.4932115,24189,Target 0,-620.0,3975.0,0.0,4023.06,-8.87,True,Active,muhib,Forward,Normal,7: Post-fall stillness
1790441660.571681,24190,Target 0,-668.0,4039.0,0.0,4093.87,-9.39,True,Active,muhib,Forward,Normal,7: Post-fall stillness
1790441660.6240609,24191,Target 0,-710.0,4092.0,0.0,4153.14,-9.84,True,Active,muhib,Forward,Normal,7: Post-fall stillness
1790441660.7282104,24192,Target 0,-747.0,4137.0,0.0,4203.9,-10.24,True,Active,muhib,Forward,Normal,7: Post-fall stillness
1790441660.8240006,24193,Target 0,-792.0,4167.0,-80.0,4241.6,-10.76,True,Active,muhib,Forward,Normal,7: Post-fall stillness
1790441660.9326427,24194,Target 0,-835.0,4190.0,-80.0,4272.39,-11.27,True,Active,muhib,Forward,Normal,7: Post-fall stillness
1790441660.9889371,24195,Target 0,-874.0,4208.0,-80.0,4297.81,-11.73,True,Active,muhib,Forward,Normal,7: Post-fall stillness
1790441661.09511,24196,Target 0,-909.0,4222.0,-80.0,4318.75,-12.15,True,Active,muhib,Forward,Normal,7: Post-fall stillness
1790441661.149681,24197,Target 0,-925.0,4227.0,-80.0,4327.03,-12.34,True,Active,muhib,Forward,Normal,7: Post-fall stillness
1790441661.2764077,24198,Target 0,-940.0,4233.0,-80.0,4336.11,-12.52,True,Active,muhib,Forward,Normal,7: Post-fall stillness
1790441661.3268678,24199,Target 0,-953.0,4237.0,-80.0,4342.85,-12.68,True,Active,muhib,Forward,Normal,7: Post-fall stillness
1790441661.4170256,24200,Target 0,-965.0,4241.0,-80.0,4349.4,-12.82,True,Active,muhib,Forward,Normal,7: Post-fall stillness
1790441661.5055766,24201,Target 0,-976.0,4245.0,-80.0,4355.75,-12.95,True,Active,muhib,Forward,Normal,7: Post-fall stillness
1790441661.6134937,24202,Target 0,-1095.0,4208.0,0.0,4348.14,-14.59,True,Active,muhib,Forward,Normal,7: Post-fall stillness
1790441661.6828237,24203,Target 0,-1326.0,4118.0,0.0,4326.22,-17.85,True,Active,muhib,Forward,Normal,7: Post-fall stillness
1790441661.7803457,24204,Target 0,-1535.0,4025.0,0.0,4307.77,-20.88,True,Active,muhib,Forward,Normal,7: Post-fall stillness
1790441661.8662612,24205,Target 0,-1719.0,3937.0,0.0,4295.92,-23.59,True,Active,muhib,Forward,Normal,7: Post-fall stillness
1790441661.9686162,24206,Target 0,-1878.0,3857.0,0.0,4289.91,-25.96,True,Active,muhib,Forward,Normal,7: Post-fall stillness
1790441662.0436804,24207,Target 0,-2014.0,3785.0,0.0,4287.47,-28.02,True,Active,muhib,Forward,Normal,7: Post-fall stillness
1790441662.1282322,24208,Target 0,-2130.0,3721.0,0.0,4287.51,-29.79,True,Active,muhib,Forward,Normal,7: Post-fall stillness
1790441662.2174928,24209,Target 0,-2227.0,3667.0,0.0,4290.27,-31.27,True,Active,muhib,Forward,Normal,7: Post-fall stillness
1790441662.3224132,24210,Target 0,-2309.0,3620.0,0.0,4293.7,-32.53,True,Active,muhib,Forward,Normal,7: Post-fall stillness
1790441662.4095166,24211,Target 0,-2378.0,3581.0,0.0,4298.66,-33.59,True,Active,muhib,Forward,Normal,7: Post-fall stillness
1790441662.4832442,24212,Target 0,-2434.0,3547.0,0.0,4301.81,-34.46,True,Active,muhib,Forward,Normal,7: Post-fall stillness
1790441662.6034634,24213,Target 0,-2468.0,3525.0,80.0,4303.1,-35.0,True,Active,muhib,Forward,Normal,7: Post-fall stillness
1790441662.762873,24214,Target 0,-2481.0,3515.0,80.0,4302.39,-35.22,True,Active,muhib,Forward,Normal,7: Post-fall stillness
1790441662.7835958,24215,Target 0,-2480.0,3511.0,0.0,4298.55,-35.24,True,Active,muhib,Forward,Normal,7: Post-fall stillness
1790441662.8511553,24216,Target 0,-2436.0,3509.0,80.0,4271.67,-34.77,True,Active,muhib,Forward,Normal,7: Post-fall stillness
1790441662.9968488,24217,Target 0,-2405.0,3512.0,0.0,4256.54,-34.4,True,Active,muhib,Forward,Normal,7: Post-fall stillness
1790441663.05936,24218,Target 0,-2277.0,3530.0,80.0,4200.67,-32.82,True,Active,muhib,Forward,Normal,7: Post-fall stillness
1790441663.1222868,24219,Target 0,-1943.0,3588.0,0.0,4080.32,-28.44,True,Active,muhib,Forward,Normal,7: Post-fall stillness
1790441663.4550786,24220,Target 0,-1682.0,3672.0,0.0,4038.9,-24.61,True,Active,muhib,Forward,Normal,8: Recovery / standing back up
1790441663.4750786,24221,Target 0,-1553.0,3761.0,80.0,4069.02,-22.44,True,Active,muhib,Forward,Normal,8: Recovery / standing back up
1790441663.4959507,24222,Target 0,-1453.0,3824.0,0.0,4090.74,-20.81,True,Active,muhib,Forward,Normal,8: Recovery / standing back up
1790441663.519478,24223,Target 0,-1356.0,3838.0,80.0,4070.5,-19.46,True,Active,muhib,Forward,Normal,8: Recovery / standing back up
1790441663.5538328,24224,Target 0,-1228.0,3792.0,80.0,3985.88,-17.94,True,Active,muhib,Forward,Normal,8: Recovery / standing back up
1790441663.656614,24225,Target 0,-1091.0,3779.0,80.0,3933.33,-16.1,True,Active,muhib,Forward,Normal,8: Recovery / standing back up
1790441663.7392583,24226,Target 0,-972.0,3725.0,160.0,3849.73,-14.62,True,Active,muhib,Forward,Normal,8: Recovery / standing back up
1790441663.819404,24227,Target 0,-862.0,3665.0,160.0,3765.01,-13.24,True,Active,muhib,Forward,Normal,8: Recovery / standing back up
1790441663.9065197,24228,Target 0,-752.0,3561.0,320.0,3639.54,-11.92,True,Active,muhib,Forward,Normal,8: Recovery / standing back up
1790441663.9971182,24229,Target 0,-664.0,3411.0,480.0,3475.03,-11.02,True,Active,muhib,Forward,Normal,8: Recovery / standing back up
1790441664.1401997,24230,Target 0,-580.0,3269.0,480.0,3320.05,-10.06,True,Active,muhib,Forward,Normal,8: Recovery / standing back up
1790441664.1741931,24231,Target 0,-492.0,3147.0,390.0,3185.23,-8.89,True,Active,muhib,Forward,Normal,8: Recovery / standing back up
1790441664.343187,24232,Target 0,-419.0,3037.0,480.0,3065.77,-7.86,True,Active,muhib,Forward,Normal,8: Recovery / standing back up
1790441664.364457,24233,Target 0,-370.0,2953.0,160.0,2976.09,-7.14,True,Active,muhib,Forward,Normal,8: Recovery / standing back up
1790441664.4475296,24234,Target 0,-349.0,2884.0,320.0,2905.04,-6.9,True,Active,muhib,Forward,Normal,8: Recovery / standing back up
1790441664.5312233,24235,Target 0,-324.0,2824.0,80.0,2842.53,-6.54,True,Active,muhib,Forward,Normal,8: Recovery / standing back up
1790441664.6269794,24236,Target 0,-306.0,2773.0,80.0,2789.83,-6.3,True,Active,muhib,Forward,Normal,8: Recovery / standing back up
1790441664.7137086,24237,Target 0,-295.0,2740.0,0.0,2755.83,-6.15,True,Active,muhib,Forward,Normal,8: Recovery / standing back up
1790441664.8039775,24238,Target 0,-288.0,2710.0,240.0,2725.26,-6.07,True,Active,muhib,Forward,Normal,8: Recovery / standing back up
1790441664.8870702,24239,Target 0,-285.0,2687.0,240.0,2702.07,-6.05,True,Active,muhib,Forward,Normal,8: Recovery / standing back up
1790441664.997514,24240,Target 0,-273.0,2688.0,480.0,2701.83,-5.8,True,Active,muhib,Forward,Normal,8: Recovery / standing back up
1790441665.0634675,24241,Target 0,-257.0,2693.0,480.0,2705.24,-5.45,True,Active,muhib,Forward,Normal,8: Recovery / standing back up
1790441665.1920447,24242,Target 0,-238.0,2681.0,160.0,2691.54,-5.07,True,Active,muhib,Forward,Normal,8: Recovery / standing back up
1790441665.2430167,24243,Target 0,-233.0,2655.0,160.0,2665.2,-5.02,True,Active,muhib,Forward,Normal,8: Recovery / standing back up
1790441665.350087,24244,Target 0,-243.0,2634.0,1190.0,2645.19,-5.27,True,Active,muhib,Forward,Normal,8: Recovery / standing back up
1790441665.4622731,24245,Target 0,-275.0,2590.0,1190.0,2604.56,-6.06,True,Active,muhib,Forward,Normal,8: Recovery / standing back up
1790441665.5524268,24246,Target 0,-280.0,2562.0,240.0,2577.26,-6.24,True,Active,muhib,Forward,Normal,8: Recovery / standing back up
1790441665.5978646,24247,Target 0,-282.0,2550.0,240.0,2565.55,-6.31,True,Active,muhib,Forward,Normal,8: Recovery / standing back up
1790441665.723197,24248,Target 0,-284.0,2539.0,240.0,2554.83,-6.38,True,Active,muhib,Forward,Normal,8: Recovery / standing back up
1790441665.7766676,24249,Target 0,-290.0,2512.0,720.0,2528.68,-6.59,True,Active,muhib,Forward,Normal,8: Recovery / standing back up
1790441665.887081,24250,Target 0,-283.0,2473.0,880.0,2489.14,-6.53,True,Active,muhib,Forward,Normal,8: Recovery / standing back up
1790441665.9594095,24251,Target 0,-264.0,2388.0,880.0,2402.55,-6.31,True,Active,muhib,Forward,Normal,8: Recovery / standing back up
1790441666.0521402,24252,Target 0,-252.0,2333.0,390.0,2346.57,-6.16,True,Active,muhib,Forward,Normal,8: Recovery / standing back up
1790441666.140073,24253,Target 0,-239.0,2284.0,390.0,2296.47,-5.97,True,Active,muhib,Forward,Normal,8: Recovery / standing back up
1790441666.2217338,24254,Target 0,-228.0,2241.0,390.0,2252.57,-5.81,True,Active,muhib,Forward,Normal,8: Recovery / standing back up
1790441666.310977,24255,Target 0,-217.0,2204.0,390.0,2214.66,-5.62,True,Active,muhib,Forward,Normal,8: Recovery / standing back up
1790441666.3985465,24256,Target 0,-214.0,2171.0,240.0,2181.52,-5.63,True,Active,muhib,Forward,Normal,8: Recovery / standing back up
1790441666.4901402,24257,Target 0,-187.0,2120.0,880.0,2128.23,-5.04,True,Active,muhib,Forward,Normal,8: Recovery / standing back up
1790441666.5766454,24258,Target 0,-180.0,2060.0,-160.0,2067.85,-4.99,True,Active,muhib,Forward,Normal,8: Recovery / standing back up
1790441666.6649263,24259,Target 0,-186.0,2004.0,-160.0,2012.61,-5.3,True,Active,muhib,Forward,Normal,8: Recovery / standing back up
1790441666.7552612,24260,Target 0,-190.0,1954.0,160.0,1963.22,-5.55,True,Active,muhib,Forward,Normal,8: Recovery / standing back up
1790441666.8512053,24261,Target 0,-192.0,1910.0,160.0,1919.63,-5.74,True,Active,muhib,Forward,Normal,8: Recovery / standing back up
1790441666.942015,24262,Target 0,-192.0,1877.0,80.0,1886.79,-5.84,True,Active,muhib,Forward,Normal,1: Walking
1790441667.0539794,24263,Target 0,-198.0,1857.0,80.0,1867.53,-6.09,True,Active,muhib,Forward,Normal,1: Walking
1790441667.1242883,24264,Target 0,-205.0,1851.0,-80.0,1862.32,-6.32,True,Active,muhib,Forward,Normal,1: Walking
1790441667.2002792,24265,Target 0,-208.0,1846.0,-80.0,1857.68,-6.43,True,Active,muhib,Forward,Normal,1: Walking
1790441667.3229077,24266,Target 0,-211.0,1842.0,-160.0,1854.05,-6.53,True,Active,muhib,Forward,Normal,1: Walking
1790441667.4095438,24267,Target 0,-208.0,1840.0,-320.0,1851.72,-6.45,True,Active,muhib,Forward,Normal,1: Walking
1790441667.4688065,24268,Target 0,-213.0,1835.0,-320.0,1847.32,-6.62,True,Active,muhib,Forward,Normal,1: Walking
1790441667.568558,24269,Target 0,-216.0,1838.0,-560.0,1850.65,-6.7,True,Active,muhib,Forward,Normal,1: Walking
1790441667.681475,24270,Target 0,-217.0,1839.0,-480.0,1851.76,-6.73,True,Active,muhib,Forward,Normal,1: Walking
1790441667.7946007,24271,Target 0,-217.0,1843.0,-560.0,1855.73,-6.72,True,Active,muhib,Forward,Normal,1: Walking
1790441667.8460274,24272,Target 0,-215.0,1850.0,-480.0,1862.45,-6.63,True,Active,muhib,Forward,Normal,1: Walking
1790441667.9291594,24273,Target 0,-217.0,1857.0,-480.0,1869.64,-6.67,True,Active,muhib,Forward,Normal,1: Walking
1790441668.1764336,24274,Target 0,-215.0,1865.0,-480.0,1877.35,-6.58,True,Active,muhib,Forward,Normal,1: Walking
1790441668.1954346,24275,Target 0,-214.0,1873.0,-320.0,1885.19,-6.52,True,Active,muhib,Forward,Normal,1: Walking
1790441668.2345345,24276,Target 0,-214.0,1881.0,-240.0,1893.13,-6.49,True,Active,muhib,Forward,Normal,1: Walking
1790441668.2667804,24277,Target 0,-213.0,1891.0,-320.0,1902.96,-6.43,True,Active,muhib,Forward,Normal,1: Walking
1790441668.3991137,24278,Target 0,-210.0,1901.0,-390.0,1912.56,-6.3,True,Active,muhib,Forward,Normal,1: Walking
1790441668.464969,24279,Target 0,-211.0,1912.0,-640.0,1923.61,-6.3,True,Active,muhib,Forward,Normal,1: Walking
1790441668.5400136,24280,Target 0,-212.0,1924.0,-560.0,1935.64,-6.29,True,Active,muhib,Forward,Normal,1: Walking
1790441668.6309981,24281,Target 0,-213.0,1937.0,-560.0,1948.68,-6.28,True,Active,muhib,Forward,Normal,1: Walking
1790441668.7164385,24282,Target 0,-213.0,1952.0,-480.0,1963.59,-6.23,True,Active,muhib,Forward,Normal,1: Walking
1790441668.8228798,24283,Target 0,-213.0,1969.0,-390.0,1980.49,-6.17,True,Active,muhib,Forward,Normal,1: Walking
1790441668.8982067,24284,Target 0,-208.0,2014.0,-390.0,2024.71,-5.9,True,Active,muhib,Forward,Normal,1: Walking
1790441668.9791045,24285,Target 0,-208.0,2058.0,-390.0,2068.48,-5.77,True,Active,muhib,Forward,Normal,1: Walking
1790441669.088612,24286,Target 0,-221.0,2103.0,-390.0,2114.58,-6.0,True,Active,muhib,Forward,Normal,1: Walking
1790441669.1655724,24287,Target 0,-230.0,2146.0,-560.0,2158.29,-6.12,True,Active,muhib,Forward,Normal,1: Walking
1790441669.2606027,24288,Target 0,-251.0,2183.0,-320.0,2197.38,-6.56,True,Active,muhib,Forward,Normal,1: Walking
1790441669.3353894,24289,Target 0,-267.0,2223.0,-720.0,2238.98,-6.85,True,Active,muhib,Forward,Normal,1: Walking
1790441669.4296672,24290,Target 0,-269.0,2272.0,-720.0,2287.87,-6.75,True,Active,muhib,Forward,Normal,1: Walking
1790441669.5334563,24291,Target 0,-270.0,2376.0,-560.0,2391.29,-6.48,True,Active,muhib,Forward,Normal,1: Walking
1790441669.6039894,24292,Target 0,-273.0,2464.0,-320.0,2479.08,-6.32,True,Active,muhib,Forward,Normal,1: Walking
1790441669.69443,24293,Target 0,-252.0,2551.0,-320.0,2563.42,-5.64,True,Active,muhib,Forward,Normal,1: Walking
1790441669.847616,24294,Target 0,-225.0,2655.0,-80.0,2664.52,-4.84,True,Active,muhib,Forward,Normal,1: Walking
1790441669.9203498,24295,Target 0,-212.0,2751.0,-80.0,2759.16,-4.41,True,Active,muhib,Forward,Normal,1: Walking
1790441669.9597976,24296,Target 0,-215.0,2803.0,-80.0,2811.23,-4.39,True,Active,muhib,Forward,Normal,1: Walking
1790441670.2447972,24297,Target 0,-234.0,2863.0,0.0,2872.55,-4.67,True,Active,muhib,Forward,Normal,1: Walking
1790441670.2657974,24298,Target 0,-265.0,2969.0,0.0,2980.8,-5.1,True,Active,muhib,Forward,Normal,1: Walking
1790441670.2847972,24299,Target 0,-292.0,3098.0,0.0,3111.73,-5.38,True,Active,muhib,Forward,Normal,1: Walking
1790441670.3145947,24300,Target 0,-337.0,3231.0,0.0,3248.53,-5.95,True,Active,muhib,Forward,Normal,1: Walking
1790441670.4239419,24301,Target 0,-384.0,3354.0,0.0,3375.91,-6.53,True,Active,muhib,Forward,Normal,1: Walking
1790441670.5264475,24302,Target 0,-451.0,3461.0,0.0,3490.26,-7.42,True,Active,muhib,Forward,Normal,1: Walking
1790441670.6318057,24303,Target 0,-521.0,3537.0,80.0,3575.17,-8.38,True,Active,muhib,Forward,Normal,1: Walking
1790441670.7154188,24304,Target 0,-595.0,3438.0,80.0,3489.11,-9.82,True,Active,muhib,Forward,Normal,1: Walking
1790441670.7590466,24305,Target 0,-686.0,3309.0,80.0,3379.36,-11.71,True,Active,muhib,Forward,Normal,1: Walking
1790441670.8522675,24306,Target 0,-791.0,3193.0,-80.0,3289.52,-13.91,True,Active,muhib,Forward,Normal,1: Walking
1790441670.949628,24307,Target 0,-876.0,3095.0,-80.0,3216.58,-15.8,True,Active,muhib,Forward,Normal,1: Walking
1790441671.0266068,24308,Target 0,-917.0,3015.0,-80.0,3151.37,-16.92,True,Active,muhib,Forward,Normal,1: Walking
1790441671.1190677,24309,Target 0,-948.0,2960.0,-80.0,3108.1,-17.76,True,Active,muhib,Forward,Normal,1: Walking
1790441671.2075038,24310,Target 0,-998.0,2906.0,0.0,3072.59,-18.95,True,Active,muhib,Forward,Normal,1: Walking
1790441671.31223,24311,Target 0,-1053.0,2843.0,80.0,3031.74,-20.32,True,Active,muhib,Forward,Normal,1: Walking
1790441671.3826616,24312,Target 0,-1095.0,2790.0,80.0,2997.19,-21.43,True,Active,muhib,Forward,Normal,1: Walking
1790441671.4738796,24313,Target 0,-1132.0,2745.0,160.0,2969.25,-22.41,True,Active,muhib,Forward,Normal,1: Walking
1790441671.565154,24314,Target 0,-1147.0,2707.0,80.0,2939.98,-22.96,True,Active,muhib,Forward,Normal,1: Walking
1790441671.663771,24315,Target 0,-1162.0,2680.0,390.0,2921.07,-23.44,True,Active,muhib,Forward,Normal,1: Walking
1790441671.7961495,24316,Target 0,-1186.0,2642.0,480.0,2895.99,-24.18,True,Active,muhib,Forward,Normal,1: Walking
1790441671.827656,24317,Target 0,-1198.0,2595.0,560.0,2858.19,-24.78,True,Active,muhib,Forward,Normal,1: Walking
1790441671.9167144,24318,Target 0,-1212.0,2533.0,560.0,2808.03,-25.57,True,Active,muhib,Forward,Normal,1: Walking
1790441672.0086231,24319,Target 0,-1209.0,2480.0,390.0,2759.0,-25.99,True,Active,muhib,Forward,Normal,1: Walking
1790441672.1386192,24320,Target 0,-1224.0,2428.0,480.0,2719.07,-26.75,True,Active,muhib,Forward,Normal,1: Walking
1790441672.214514,24321,Target 0,-1220.0,2387.0,320.0,2680.7,-27.07,True,Active,muhib,Forward,Normal,1: Walking
1790441672.280757,24322,Target 0,-1239.0,2357.0,390.0,2662.81,-27.73,True,Active,muhib,Forward,Normal,1: Walking
1790441672.373547,24323,Target 0,-1254.0,2323.0,320.0,2639.86,-28.36,True,Active,muhib,Forward,Normal,1: Walking
1790441672.4913871,24324,Target 0,-1270.0,2280.0,560.0,2609.85,-29.12,True,Active,muhib,Forward,Normal,1: Walking
1790441672.5421143,24325,Target 0,-1275.0,2236.0,560.0,2573.97,-29.69,True,Active,muhib,Forward,Normal,1: Walking
1790441672.6622784,24326,Target 0,-1277.0,2192.0,560.0,2536.85,-30.22,True,Active,muhib,Forward,Normal,1: Walking
1790441672.7493937,24327,Target 0,-1277.0,2139.0,480.0,2491.19,-30.84,True,Active,muhib,Forward,Normal,1: Walking
1790441672.8142848,24328,Target 0,-1272.0,2101.0,560.0,2456.05,-31.19,True,Active,muhib,Forward,Normal,1: Walking
1790441672.9630773,24329,Target 0,-1270.0,2055.0,480.0,2415.77,-31.72,True,Active,muhib,Forward,Normal,1: Walking
1790441673.0004492,24330,Target 0,-1262.0,2017.0,390.0,2379.27,-32.03,True,Active,muhib,Forward,Normal,1: Walking
1790441673.0764508,24331,Target 0,-1258.0,1971.0,560.0,2338.25,-32.55,True,Active,muhib,Forward,Normal,1: Walking
1790441673.1618912,24332,Target 0,-1256.0,1918.0,560.0,2292.65,-33.22,True,Active,muhib,Forward,Normal,1: Walking
1790441673.2511647,24333,Target 0,-1248.0,1882.0,560.0,2258.19,-33.55,True,Active,muhib,Forward,Normal,1: Walking
1790441673.3402584,24334,Target 0,-1241.0,1843.0,560.0,2221.88,-33.95,True,Active,muhib,Forward,Normal,1: Walking
1790441673.4293642,24335,Target 0,-1221.0,1813.0,640.0,2185.82,-33.96,True,Active,muhib,Forward,Normal,1: Walking
1790441673.518832,24336,Target 0,-1201.0,1764.0,560.0,2134.03,-34.25,True,Active,muhib,Forward,Normal,1: Walking
1790441673.611169,24337,Target 0,-1177.0,1706.0,480.0,2072.62,-34.6,True,Active,muhib,Forward,Normal,1: Walking
1790441673.7019658,24338,Target 0,-1159.0,1654.0,560.0,2019.65,-35.02,True,Active,muhib,Forward,Normal,1: Walking
1790441673.7943525,24339,Target 0,-1135.0,1606.0,560.0,1966.59,-35.25,True,Active,muhib,Forward,Normal,1: Walking
1790441673.8972876,24340,Target 0,-1116.0,1559.0,640.0,1917.27,-35.6,True,Active,muhib,Forward,Normal,1: Walking
1790441673.9659715,24341,Target 0,-1081.0,1509.0,640.0,1856.24,-35.62,True,Active,muhib,Forward,Normal,1: Walking
1790441674.05748,24342,Target 0,-1032.0,1471.0,560.0,1796.9,-35.05,True,Active,muhib,Forward,Normal,1: Walking
1790441674.141369,24343,Target 0,-985.0,1438.0,560.0,1743.01,-34.41,True,Active,muhib,Forward,Normal,1: Walking
1790441674.2892058,24344,Target 0,-939.0,1408.0,480.0,1692.39,-33.7,True,Active,muhib,Forward,Normal,1: Walking
1790441674.3190112,24345,Target 0,-913.0,1362.0,640.0,1639.7,-33.84,True,Active,muhib,Forward,Normal,1: Walking
1790441674.4279904,24346,Target 0,-897.0,1309.0,640.0,1586.85,-34.42,True,Active,muhib,Forward,Normal,1: Walking
1790441674.553496,24347,Target 0,-872.0,1262.0,480.0,1533.96,-34.64,True,Active,muhib,Forward,Normal,1: Walking
1790441674.6642153,24348,Target 0,-825.0,1236.0,390.0,1486.04,-33.72,True,Active,muhib,Forward,Normal,1: Walking
1790441674.71377,24349,Target 0,-765.0,1213.0,320.0,1434.08,-32.24,True,Active,muhib,Forward,Normal,1: Walking
1790441674.7645416,24350,Target 0,-697.0,1199.0,240.0,1386.87,-30.17,True,Active,muhib,Forward,Normal,1: Walking
1790441674.8949454,24351,Target 0,-647.0,1177.0,320.0,1343.11,-28.8,True,Active,muhib,Forward,Normal,1: Walking
1790441675.0001874,24352,Target 0,-610.0,1156.0,320.0,1307.07,-27.82,True,Active,muhib,Forward,Normal,1: Walking
1790441675.0420115,24353,Target 0,-562.0,1153.0,320.0,1282.67,-25.99,True,Active,muhib,Forward,Normal,1: Walking
1790441675.18184,24354,Target 0,-533.0,1136.0,390.0,1254.82,-25.14,True,Active,muhib,Forward,Normal,1: Walking
1790441675.2389352,24355,Target 0,-483.0,1123.0,320.0,1222.46,-23.27,True,Active,muhib,Forward,Normal,1: Walking
1790441675.3418884,24356,Target 0,-443.0,1107.0,390.0,1192.35,-21.81,True,Active,muhib,Forward,Normal,1: Walking
1790441675.3978183,24357,Target 0,-405.0,1088.0,480.0,1160.93,-20.42,True,Active,muhib,Forward,Normal,1: Walking
1790441675.4776976,24358,Target 0,-359.0,1076.0,320.0,1134.31,-18.45,True,Active,muhib,Forward,Normal,1: Walking
1790441675.565408,24359,Target 0,-318.0,1048.0,480.0,1095.18,-16.88,True,Active,muhib,Forward,Normal,1: Walking
1790441675.679504,24360,Target 0,-277.0,1015.0,320.0,1052.12,-15.26,True,Active,muhib,Forward,Normal,1: Walking
1790441675.7541559,24361,Target 0,-222.0,995.0,80.0,1019.47,-12.58,True,Active,muhib,Forward,Normal,1: Walking
1790441675.8321593,24362,Target 0,-168.0,968.0,80.0,982.47,-9.85,True,Active,muhib,Forward,Normal,1: Walking
1790441676.0259454,24363,Target 0,-114.0,947.0,-80.0,953.84,-6.86,True,Active,muhib,Forward,Normal,1: Walking
1790441676.0476298,24364,Target 0,-57.0,939.0,-160.0,940.73,-3.47,True,Active,muhib,Forward,Normal,1: Walking
1790441676.0991304,24365,Target 0,-1.0,946.0,-240.0,946.0,-0.06,True,Active,muhib,Forward,Normal,1: Walking
1790441676.1867077,24366,Target 0,47.0,937.0,-240.0,938.18,2.87,True,Active,muhib,Forward,Normal,1: Walking
1790441676.2839065,24367,Target 0,97.0,932.0,-320.0,937.03,5.94,True,Active,muhib,Forward,Normal,1: Walking
1790441676.3868175,24368,Target 0,150.0,931.0,-240.0,943.01,9.15,True,Active,muhib,Forward,Normal,1: Walking
1790441676.4563909,24369,Target 0,192.0,918.0,-240.0,937.86,11.81,True,Active,muhib,Forward,Normal,1: Walking
1790441676.5516167,24370,Target 0,236.0,915.0,-320.0,944.94,14.46,True,Active,muhib,Forward,Normal,1: Walking
1790441676.6334326,24371,Target 0,286.0,921.0,-240.0,964.38,17.25,True,Active,muhib,Forward,Normal,1: Walking
1790441676.736994,24372,Target 0,337.0,927.0,-390.0,986.36,19.98,True,Active,muhib,Forward,Normal,1: Walking
1790441676.852714,24373,Target 0,391.0,937.0,-240.0,1015.31,22.65,True,Active,muhib,Forward,Normal,1: Walking
1790441676.9433916,24374,Target 0,444.0,939.0,-390.0,1038.68,25.31,True,Active,muhib,Forward,Normal,1: Walking
1790441677.0100348,24375,Target 0,520.0,943.0,-240.0,1076.87,28.87,True,Active,muhib,Forward,Normal,1: Walking
1790441677.133111,24376,Target 0,577.0,943.0,-390.0,1105.52,31.46,True,Active,muhib,Forward,Normal,1: Walking
1790441677.2221818,24377,Target 0,625.0,946.0,-320.0,1133.82,33.45,True,Active,muhib,Forward,Normal,1: Walking
1790441677.3621604,24378,Target 0,667.0,956.0,-390.0,1165.69,34.9,True,Active,muhib,Forward,Normal,1: Walking
1790441677.381759,24379,Target 0,692.0,971.0,-390.0,1192.35,35.48,True,Active,muhib,Forward,Normal,1: Walking
1790441677.4458025,24380,Target 0,724.0,991.0,-480.0,1227.3,36.15,True,Active,muhib,Forward,Normal,1: Walking
1790441677.5540912,24381,Target 0,755.0,1017.0,-480.0,1266.62,36.59,True,Active,muhib,Forward,Normal,1: Walking
1790441677.6472955,24382,Target 0,805.0,1055.0,-560.0,1327.05,37.34,True,Active,muhib,Forward,Normal,1: Walking
1790441677.702176,24383,Target 0,845.0,1089.0,-480.0,1378.39,37.81,True,Active,muhib,Forward,Normal,1: Walking
1790441677.80513,24384,Target 0,873.0,1126.0,-320.0,1424.78,37.79,True,Active,muhib,Forward,Normal,1: Walking
1790441677.8904545,24385,Target 0,892.0,1147.0,-390.0,1453.02,37.87,True,Active,muhib,Forward,Normal,1: Walking
1790441677.9720693,24386,Target 0,908.0,1160.0,-160.0,1473.11,38.05,True,Active,muhib,Forward,Normal,1: Walking
1790441678.0735552,24387,Target 0,936.0,1187.0,-160.0,1511.64,38.26,True,Active,muhib,Forward,Normal,1: Walking
1790441678.1496189,24388,Target 0,966.0,1208.0,-240.0,1546.74,38.65,True,Active,muhib,Forward,Normal,1: Walking
1790441678.2389364,24389,Target 0,986.0,1238.0,-240.0,1582.67,38.54,True,Active,muhib,Forward,Normal,1: Walking
1790441678.323063,24390,Target 0,1003.0,1264.0,-240.0,1613.6,38.43,True,Active,muhib,Forward,Normal,1: Walking
1790441678.41674,24391,Target 0,1028.0,1298.0,-390.0,1655.77,38.38,True,Active,muhib,Forward,Normal,1: Walking
1790441678.5084026,24392,Target 0,1066.0,1326.0,-390.0,1701.36,38.8,True,Active,muhib,Forward,Normal,1: Walking
1790441678.589962,24393,Target 0,1084.0,1352.0,-320.0,1732.91,38.72,True,Active,muhib,Forward,Normal,1: Walking
1790441678.6788049,24394,Target 0,1066.0,1377.0,-240.0,1741.4,37.75,True,Active,muhib,Forward,Normal,1: Walking
1790441678.7745736,24395,Target 0,1054.0,1412.0,-160.0,1762.0,36.74,True,Active,muhib,Forward,Normal,1: Walking
1790441678.8721418,24396,Target 0,1049.0,1429.0,-160.0,1772.69,36.28,True,Active,muhib,Forward,Normal,1: Walking
1790441678.946049,24397,Target 0,1057.0,1429.0,-80.0,1777.44,36.49,True,Active,muhib,Forward,Normal,1: Walking
1790441679.053362,24398,Target 0,1058.0,1424.0,-80.0,1774.02,36.61,True,Active,muhib,Forward,Normal,1: Walking
1790441679.1445136,24399,Target 0,1057.0,1428.0,80.0,1776.64,36.51,True,Active,muhib,Forward,Normal,1: Walking
1790441679.2207217,24400,Target 0,1053.0,1435.0,80.0,1779.9,36.27,True,Active,muhib,Forward,Normal,1: Walking
1790441679.305322,24401,Target 0,1046.0,1441.0,160.0,1780.62,35.98,True,Active,muhib,Forward,Normal,1: Walking
1790441679.3938634,24402,Target 0,1036.0,1447.0,240.0,1779.64,35.6,True,Active,muhib,Forward,Normal,1: Walking
1790441679.5041962,24403,Target 0,1033.0,1452.0,80.0,1781.96,35.43,True,Active,muhib,Forward,Normal,1: Walking
1790441679.6063354,24404,Target 0,1030.0,1457.0,80.0,1784.31,35.26,True,Active,muhib,Forward,Normal,1: Walking
1790441679.6616979,24405,Target 0,1027.0,1470.0,160.0,1793.22,34.94,True,Active,muhib,Forward,Normal,1: Walking
1790441679.7476685,24406,Target 0,1023.0,1479.0,80.0,1798.32,34.67,True,Active,muhib,Forward,Normal,1: Walking
1790441679.8472521,24407,Target 0,1015.0,1483.0,0.0,1797.08,34.39,True,Active,muhib,Forward,Normal,1: Walking
1790441679.9529552,24408,Target 0,995.0,1487.0,0.0,1789.19,33.79,True,Active,muhib,Forward,Normal,1: Walking
1790441680.013955,24409,Target 0,978.0,1494.0,0.0,1785.64,33.21,True,Active,muhib,Forward,Normal,1: Walking
1790441680.1609778,24410,Target 0,963.0,1500.0,-80.0,1782.52,32.7,True,Active,muhib,Forward,Normal,1: Walking
1790441680.1932938,24411,Target 0,942.0,1513.0,160.0,1782.28,31.91,True,Active,muhib,Forward,Normal,1: Walking
1790441680.3150616,24412,Target 0,908.0,1522.0,80.0,1772.27,30.82,True,Active,muhib,Forward,Normal,1: Walking
1790441680.370874,24413,Target 0,859.0,1523.0,0.0,1748.55,29.42,True,Active,muhib,Forward,Normal,1: Walking
1790441680.4674246,24414,Target 0,817.0,1543.0,0.0,1745.95,27.9,True,Active,muhib,Forward,Normal,1: Walking
1790441680.548366,24415,Target 0,781.0,1572.0,80.0,1755.32,26.42,True,Active,muhib,Forward,Normal,1: Walking
1790441680.6455734,24416,Target 0,751.0,1596.0,160.0,1763.86,25.2,True,Active,muhib,Forward,Normal,1: Walking
1790441680.7341588,24417,Target 0,721.0,1610.0,240.0,1764.07,24.12,True,Active,muhib,Forward,Normal,1: Walking
1790441680.8289344,24418,Target 0,706.0,1611.0,320.0,1758.91,23.66,True,Active,muhib,Forward,Normal,1: Walking
1790441680.911616,24419,Target 0,685.0,1616.0,320.0,1755.19,22.97,True,Active,muhib,Forward,Normal,1: Walking
1790441681.0416527,24420,Target 0,661.0,1611.0,390.0,1741.33,22.31,True,Active,muhib,Forward,Normal,1: Walking
1790441681.1414263,24421,Target 0,634.0,1610.0,160.0,1730.33,21.49,True,Active,muhib,Forward,Normal,1: Walking
1790441681.1771345,24422,Target 0,574.0,1601.0,240.0,1700.79,19.72,True,Active,muhib,Forward,Normal,1: Walking
1790441681.341136,24423,Target 0,514.0,1596.0,80.0,1676.73,17.85,True,Active,muhib,Forward,Normal,1: Walking
1790441681.362264,24424,Target 0,458.0,1593.0,0.0,1657.53,16.04,True,Active,muhib,Forward,Normal,1: Walking
1790441681.4669294,24425,Target 0,405.0,1583.0,-80.0,1633.99,14.35,True,Active,muhib,Forward,Normal,1: Walking
1790441681.5306451,24426,Target 0,355.0,1578.0,-160.0,1617.44,12.68,True,Active,muhib,Forward,Normal,1: Walking
1790441681.7333193,24427,Target 0,306.0,1585.0,-160.0,1614.27,10.93,True,Active,muhib,Forward,Normal,1: Walking
1790441681.7534254,24428,Target 0,265.0,1591.0,-160.0,1612.92,9.46,True,Active,muhib,Forward,Normal,1: Walking
1790441681.8480582,24429,Target 0,227.0,1584.0,-160.0,1600.18,8.16,True,Active,muhib,Forward,Normal,1: Walking
1790441681.935508,24430,Target 0,190.0,1595.0,-240.0,1606.28,6.79,True,Active,muhib,Forward,Normal,1: Walking
1790441681.9788916,24431,Target 0,160.0,1615.0,-240.0,1622.91,5.66,True,Active,muhib,Forward,Normal,1: Walking
1790441682.0976305,24432,Target 0,137.0,1645.0,-320.0,1650.7,4.76,True,Active,muhib,Forward,Normal,1: Walking
1790441682.170392,24433,Target 0,103.0,1673.0,-390.0,1676.17,3.52,True,Active,muhib,Forward,Normal,1: Walking
1790441682.2485588,24434,Target 0,67.0,1708.0,-240.0,1709.31,2.25,True,Active,muhib,Forward,Normal,6: Fall onset
1790441682.3517487,24435,Target 0,39.0,1733.0,-320.0,1733.44,1.29,True,Active,muhib,Forward,Normal,6: Fall onset
1790441682.463455,24436,Target 0,25.0,1748.0,-160.0,1748.18,0.82,True,Active,muhib,Forward,Normal,6: Fall onset
1790441682.5330667,24437,Target 0,20.0,1769.0,-240.0,1769.11,0.65,True,Active,muhib,Forward,Normal,6: Fall onset
1790441682.594992,24438,Target 0,12.0,1779.0,-480.0,1779.04,0.39,True,Active,muhib,Forward,Normal,6: Fall onset
1790441682.6877556,24439,Target 0,5.0,1796.0,-560.0,1796.01,0.16,True,Active,muhib,Forward,Normal,6: Fall onset
1790441682.7713737,24440,Target 0,-11.0,1838.0,-640.0,1838.03,-0.34,True,Active,muhib,Forward,Normal,6: Fall onset
1790441682.8857782,24441,Target 0,-30.0,1885.0,-880.0,1885.24,-0.91,True,Active,muhib,Forward,Normal,6: Fall onset
1790441682.961661,24442,Target 0,-53.0,1940.0,-1190.0,1940.72,-1.56,True,Active,muhib,Forward,Normal,6: Fall onset
1790441683.0388749,24443,Target 0,-78.0,2012.0,-1760.0,2013.51,-2.22,True,Active,muhib,Forward,Normal,6: Fall onset
1790441683.128494,24444,Target 0,-109.0,2093.0,-1760.0,2095.84,-2.98,True,Active,muhib,Forward,Normal,6: Fall onset
1790441683.2303886,24445,Target 0,-142.0,2179.0,-1760.0,2183.62,-3.73,True,Active,muhib,Forward,Normal,6: Fall onset
1790441683.3062656,24446,Target 0,-173.0,2275.0,0.0,2281.57,-4.35,True,Active,muhib,Forward,Normal,6: Fall onset
1790441683.3971064,24447,Target 0,-218.0,2549.0,0.0,2558.31,-4.89,True,Active,muhib,Forward,Normal,6: Fall onset
1790441683.490058,24448,Target 0,-241.0,2817.0,0.0,2827.29,-4.89,True,Active,muhib,Forward,Normal,6: Fall onset
1790441683.5846732,24449,Target 0,-261.0,3063.0,0.0,3074.1,-4.87,True,Active,muhib,Forward,Normal,6: Fall onset
1790441683.6635063,24450,Target 0,-279.0,3283.0,0.0,3294.83,-4.86,True,Active,muhib,Forward,Normal,6: Fall onset
1790441683.752832,24451,Target 0,-318.0,3454.0,0.0,3468.61,-5.26,True,Active,muhib,Forward,Normal,6: Fall onset
1790441683.8410707,24452,Target 0,-341.0,3601.0,0.0,3617.11,-5.41,True,Active,muhib,Forward,Normal,6: Fall onset
1790441683.9420512,24453,Target 0,-375.0,3706.0,-160.0,3724.92,-5.78,True,Active,muhib,Forward,Normal,6: Fall onset
1790441684.0188494,24454,Target 0,-424.0,3781.0,80.0,3804.7,-6.4,True,Active,muhib,Forward,Normal,6: Fall onset
1790441684.1083865,24455,Target 0,-485.0,3832.0,80.0,3862.57,-7.21,True,Active,muhib,Forward,Normal,6: Fall onset
1790441684.211871,24456,Target 0,-526.0,3881.0,-80.0,3916.48,-7.72,True,Active,muhib,Forward,Normal,6: Fall onset
1790441684.3090968,24457,Target 0,-534.0,3940.0,0.0,3976.02,-7.72,True,Active,muhib,Forward,Normal,6: Fall onset
1790441684.4200208,24458,Target 0,-546.0,3987.0,0.0,4024.21,-7.8,True,Active,muhib,Forward,Normal,6: Fall onset
1790441684.475931,24459,Target 0,-553.0,4029.0,0.0,4066.77,-7.82,True,Active,muhib,Forward,Normal,6: Fall onset
1790441684.5798872,24460,Target 0,-525.0,4062.0,0.0,4095.79,-7.36,True,Active,muhib,Forward,Normal,6: Fall onset
1790441684.686501,24461,Target 0,-509.0,4059.0,0.0,4090.79,-7.15,True,Active,muhib,Forward,Normal,7: Post-fall stillness
1790441684.8149924,24462,Target 0,-507.0,4055.0,0.0,4086.57,-7.13,True,Active,muhib,Forward,Normal,7: Post-fall stillness
1790441684.8858151,24463,Target 0,-504.0,4048.0,0.0,4079.25,-7.1,True,Active,muhib,Forward,Normal,7: Post-fall stillness
1790441684.9099522,24464,Target 0,-520.0,4033.0,0.0,4066.39,-7.35,True,Active,muhib,Forward,Normal,7: Post-fall stillness
1790441685.0123174,24465,Target 0,-523.0,4022.0,80.0,4055.86,-7.41,True,Active,muhib,Forward,Normal,7: Post-fall stillness
1790441685.0936244,24466,Target 0,-525.0,4015.0,0.0,4049.18,-7.45,True,Active,muhib,Forward,Normal,7: Post-fall stillness
1790441685.182775,24467,Target 0,-533.0,4011.0,80.0,4046.26,-7.57,True,Active,muhib,Forward,Normal,7: Post-fall stillness
1790441685.2750907,24468,Target 0,-538.0,4008.0,0.0,4043.95,-7.65,True,Active,muhib,Forward,Normal,7: Post-fall stillness
1790441685.4794738,24469,Target 0,-533.0,4004.0,0.0,4039.32,-7.58,True,Active,muhib,Forward,Normal,7: Post-fall stillness
1790441685.4998481,24470,Target 0,-524.0,4000.0,0.0,4034.18,-7.46,True,Active,muhib,Forward,Normal,7: Post-fall stillness
1790441685.5359714,24471,Target 0,-520.0,4001.0,0.0,4034.65,-7.41,True,Active,muhib,Forward,Normal,7: Post-fall stillness
1790441685.620145,24472,Target 0,-521.0,3999.0,0.0,4032.8,-7.42,True,Active,muhib,Forward,Normal,7: Post-fall stillness
1790441685.7349324,24473,Target 0,-519.0,4000.0,0.0,4033.53,-7.39,True,Active,muhib,Forward,Normal,7: Post-fall stillness
1790441685.8020103,24474,Target 0,-509.0,4001.0,0.0,4033.25,-7.25,True,Active,muhib,Forward,Normal,7: Post-fall stillness
1790441685.8918674,24475,Target 0,-501.0,4006.0,80.0,4037.21,-7.13,True,Active,muhib,Forward,Normal,7: Post-fall stillness
1790441685.9767537,24476,Target 0,-487.0,4010.0,80.0,4039.46,-6.92,True,Active,muhib,Forward,Normal,7: Post-fall stillness
1790441686.075302,24477,Target 0,-477.0,4016.0,0.0,4044.23,-6.77,True,Active,muhib,Forward,Normal,7: Post-fall stillness
1790441686.159094,24478,Target 0,-476.0,4032.0,-80.0,4060.0,-6.73,True,Active,muhib,Forward,Normal,7: Post-fall stillness
1790441686.2547605,24479,Target 0,-481.0,4050.0,-80.0,4078.46,-6.77,True,Active,muhib,Forward,Normal,7: Post-fall stillness
1790441686.4844668,24480,Target 0,-483.0,4055.0,-80.0,4083.66,-6.79,True,Active,muhib,Forward,Normal,7: Post-fall stillness
1790441686.5069437,24481,Target 0,-483.0,4058.0,160.0,4086.64,-6.79,True,Active,muhib,Forward,Normal,7: Post-fall stillness
1790441686.5390306,24482,Target 0,-482.0,4063.0,0.0,4091.49,-6.77,True,Active,muhib,Forward,Normal,7: Post-fall stillness
1790441686.5985062,24483,Target 0,-480.0,4066.0,160.0,4094.23,-6.73,True,Active,muhib,Forward,Normal,7: Post-fall stillness
1790441686.744163,24484,Target 0,-474.0,4051.0,160.0,4078.64,-6.67,True,Active,muhib,Forward,Normal,7: Post-fall stillness
1790441686.7957294,24485,Target 0,-464.0,4037.0,0.0,4063.58,-6.56,True,Active,muhib,Forward,Normal,7: Post-fall stillness
1790441686.9394908,24486,Target 0,-458.0,4024.0,0.0,4049.98,-6.49,True,Active,muhib,Forward,Normal,7: Post-fall stillness
1790441686.9626856,24487,Target 0,-451.0,3999.0,80.0,4024.35,-6.43,True,Active,muhib,Forward,Normal,7: Post-fall stillness
1790441687.0437844,24488,Target 0,-432.0,3943.0,0.0,3966.59,-6.25,True,Active,muhib,Forward,Normal,7: Post-fall stillness
1790441687.1592817,24489,Target 0,-406.0,3854.0,80.0,3875.33,-6.01,True,Active,muhib,Forward,Normal,8: Recovery / standing back up
1790441687.2709725,24490,Target 0,-354.0,3674.0,80.0,3691.02,-5.5,True,Active,muhib,Forward,Normal,8: Recovery / standing back up
1790441687.3521073,24491,Target 0,-277.0,3502.0,160.0,3512.94,-4.52,True,Active,muhib,Forward,Normal,8: Recovery / standing back up
1790441687.4008439,24492,Target 0,-228.0,3344.0,240.0,3351.76,-3.9,True,Active,muhib,Forward,Normal,8: Recovery / standing back up
1790441687.4919114,24493,Target 0,-200.0,3209.0,160.0,3215.23,-3.57,True,Active,muhib,Forward,Normal,8: Recovery / standing back up
1790441687.6054008,24494,Target 0,-165.0,3093.0,80.0,3097.4,-3.05,True,Active,muhib,Forward,Normal,8: Recovery / standing back up
1790441687.6716063,24495,Target 0,-143.0,3000.0,80.0,3003.41,-2.73,True,Active,muhib,Forward,Normal,8: Recovery / standing back up
1790441687.7571032,24496,Target 0,-121.0,2929.0,160.0,2931.5,-2.37,True,Active,muhib,Forward,Normal,8: Recovery / standing back up
1790441687.854351,24497,Target 0,-103.0,2871.0,160.0,2872.85,-2.05,True,Active,muhib,Forward,Normal,8: Recovery / standing back up
1790441688.003134,24498,Target 0,-94.0,2826.0,320.0,2827.56,-1.91,True,Active,muhib,Forward,Normal,8: Recovery / standing back up
1790441688.0275865,24499,Target 0,-111.0,2783.0,320.0,2785.21,-2.28,True,Active,muhib,Forward,Normal,8: Recovery / standing back up
1790441688.1123145,24500,Target 0,-129.0,2737.0,320.0,2740.04,-2.7,True,Active,muhib,Forward,Normal,8: Recovery / standing back up
1790441688.2011082,24501,Target 0,-161.0,2693.0,320.0,2697.81,-3.42,True,Active,muhib,Forward,Normal,8: Recovery / standing back up
1790441688.324352,24502,Target 0,-199.0,2652.0,320.0,2659.46,-4.29,True,Active,muhib,Forward,Normal,8: Recovery / standing back up
1790441688.3784845,24503,Target 0,-239.0,2614.0,320.0,2624.9,-5.22,True,Active,muhib,Forward,Normal,8: Recovery / standing back up
1790441688.468885,24504,Target 0,-277.0,2580.0,320.0,2594.83,-6.13,True,Active,muhib,Forward,Normal,8: Recovery / standing back up
1790441688.5579927,24505,Target 0,-299.0,2561.0,240.0,2578.4,-6.66,True,Active,muhib,Forward,Normal,8: Recovery / standing back up
1790441688.711178,24506,Target 0,-317.0,2546.0,240.0,2565.66,-7.1,True,Active,muhib,Forward,Normal,8: Recovery / standing back up
1790441689.0598483,24507,Target 0,-325.0,2541.0,240.0,2561.7,-7.29,True,Active,muhib,Forward,Normal,8: Recovery / standing back up
1790441689.0802042,24508,Target 0,-325.0,2544.0,160.0,2564.68,-7.28,True,Active,muhib,Forward,Normal,8: Recovery / standing back up
1790441689.0994964,24509,Target 0,-329.0,2539.0,240.0,2560.23,-7.38,True,Active,muhib,Forward,Normal,8: Recovery / standing back up
1790441689.1199007,24510,Target 0,-328.0,2518.0,240.0,2539.27,-7.42,True,Active,muhib,Forward,Normal,8: Recovery / standing back up
1790441689.1439855,24511,Target 0,-329.0,2498.0,240.0,2519.57,-7.5,True,Active,muhib,Forward,Normal,8: Recovery / standing back up
1790441689.2133667,24512,Target 0,-336.0,2472.0,240.0,2494.73,-7.74,True,Active,muhib,Forward,Normal,8: Recovery / standing back up
1790441689.2749944,24513,Target 0,-347.0,2445.0,240.0,2469.5,-8.08,True,Active,muhib,Forward,Normal,8: Recovery / standing back up
1790441689.3846765,24514,Target 0,-353.0,2394.0,240.0,2419.89,-8.39,True,Active,muhib,Forward,Normal,8: Recovery / standing back up
1790441689.4922595,24515,Target 0,-369.0,2358.0,320.0,2386.7,-8.89,True,Active,muhib,Forward,Normal,8: Recovery / standing back up
1790441689.5512547,24516,Target 0,-395.0,2365.0,390.0,2397.76,-9.48,True,Active,muhib,Forward,Normal,8: Recovery / standing back up
1790441689.6748831,24517,Target 0,-427.0,2379.0,390.0,2417.02,-10.18,True,Active,muhib,Forward,Normal,8: Recovery / standing back up
1790441689.7387304,24518,Target 0,-446.0,2382.0,80.0,2423.39,-10.61,True,Active,muhib,Forward,Normal,8: Recovery / standing back up
1790441689.8174171,24519,Target 0,-441.0,2366.0,80.0,2406.75,-10.56,True,Active,muhib,Forward,Normal,8: Recovery / standing back up
1790441689.8945684,24520,Target 0,-425.0,2343.0,80.0,2381.23,-10.28,True,Active,muhib,Forward,Normal,8: Recovery / standing back up
1790441689.98097,24521,Target 0,-416.0,2322.0,-160.0,2358.97,-10.16,True,Active,muhib,Forward,Normal,8: Recovery / standing back up
1790441690.0856857,24522,Target 0,-400.0,2312.0,390.0,2346.35,-9.82,True,Active,muhib,Forward,Normal,8: Recovery / standing back up
1790441690.159193,24523,Target 0,-391.0,2305.0,-390.0,2337.93,-9.63,True,Active,muhib,Forward,Normal,8: Recovery / standing back up
1790441690.2512841,24524,Target 0,-387.0,2305.0,-80.0,2337.26,-9.53,True,Active,muhib,Forward,Normal,8: Recovery / standing back up
1790441690.3361363,24525,Target 0,-380.0,2305.0,0.0,2336.11,-9.36,True,Active,muhib,Forward,Normal,8: Recovery / standing back up
1790441690.4390423,24526,Target 0,-375.0,2306.0,-160.0,2336.29,-9.24,True,Active,muhib,Forward,Normal,8: Recovery / standing back up
1790441690.5217927,24527,Target 0,-375.0,2309.0,80.0,2339.25,-9.22,True,Active,muhib,Forward,Normal,8: Recovery / standing back up
1790441690.6116712,24528,Target 0,-373.0,2311.0,-80.0,2340.91,-9.17,True,Active,muhib,Forward,Normal,8: Recovery / standing back up
1790441690.7678347,24529,Target 0,-370.0,2313.0,-80.0,2342.41,-9.09,True,Active,muhib,Forward,Normal,8: Recovery / standing back up
1790441690.7908823,24530,Target 0,-368.0,2314.0,160.0,2343.08,-9.04,True,Active,muhib,Forward,Normal,8: Recovery / standing back up
1790441690.8701363,24531,Target 0,-365.0,2313.0,160.0,2341.62,-8.97,True,Active,muhib,Forward,Normal,8: Recovery / standing back up
1790441690.9931111,24532,Target 0,-360.0,2313.0,-160.0,2340.85,-8.85,True,Active,muhib,Forward,Normal,8: Recovery / standing back up
1790441691.054107,24533,Target 0,-358.0,2312.0,80.0,2339.55,-8.8,True,Active,muhib,Forward,Normal,8: Recovery / standing back up
1790441691.1457167,24534,Target 0,-356.0,2312.0,-160.0,2339.25,-8.75,True,Active,muhib,Forward,Normal,8: Recovery / standing back up
1790441691.2327485,24535,Target 0,-351.0,2314.0,-320.0,2340.47,-8.63,True,Active,muhib,Forward,Normal,8: Recovery / standing back up
1790441691.3210068,24536,Target 0,-347.0,2318.0,-320.0,2343.83,-8.51,True,Active,muhib,Forward,Normal,8: Recovery / standing back up
1790441691.4202454,24537,Target 0,-345.0,2325.0,-160.0,2350.46,-8.44,True,Active,muhib,Forward,Normal,8: Recovery / standing back up
1790441691.521493,24538,Target 0,-340.0,2333.0,-320.0,2357.64,-8.29,True,Active,muhib,Forward,Normal,8: Recovery / standing back up
1790441691.5818071,24539,Target 0,-336.0,2341.0,-240.0,2364.99,-8.17,True,Active,muhib,Forward,Normal,8: Recovery / standing back up
1790441691.6805105,24540,Target 0,-328.0,2349.0,-320.0,2371.79,-7.95,True,Active,muhib,Forward,Normal,8: Recovery / standing back up
1790441691.7868643,24541,Target 0,-318.0,2354.0,-240.0,2375.38,-7.69,True,Active,muhib,Forward,Normal,1: Walking
1790441691.8908734,24542,Target 0,-309.0,2360.0,-240.0,2380.14,-7.46,True,Active,muhib,Forward,Normal,1: Walking
1790441691.9728608,24543,Target 0,-301.0,2367.0,-240.0,2386.06,-7.25,True,Active,muhib,Forward,Normal,1: Walking
1790441692.0946233,24544,Target 0,-296.0,2373.0,-390.0,2391.39,-7.11,True,Active,muhib,Forward,Normal,1: Walking
1790441692.1165967,24545,Target 0,-292.0,2379.0,-390.0,2396.85,-7.0,True,Active,muhib,Forward,Normal,1: Walking
1790441692.2082808,24546,Target 0,-287.0,2386.0,-480.0,2403.2,-6.86,True,Active,muhib,Forward,Normal,1: Walking
1790441692.2937822,24547,Target 0,-285.0,2393.0,-720.0,2409.91,-6.79,True,Active,muhib,Forward,Normal,1: Walking
1790441692.3988628,24548,Target 0,-281.0,2403.0,-320.0,2419.37,-6.67,True,Active,muhib,Forward,Normal,1: Walking
1790441692.47555,24549,Target 0,-274.0,2417.0,-390.0,2432.48,-6.47,True,Active,muhib,Forward,Normal,1: Walking
1790441692.561589,24550,Target 0,-268.0,2433.0,-480.0,2447.72,-6.29,True,Active,muhib,Forward,Normal,1: Walking
1790441692.6552022,24551,Target 0,-257.0,2478.0,-390.0,2491.29,-5.92,True,Active,muhib,Forward,Normal,1: Walking
1790441692.7426634,24552,Target 0,-258.0,2527.0,-390.0,2540.14,-5.83,True,Active,muhib,Forward,Normal,1: Walking
1790441692.8278947,24553,Target 0,-263.0,2571.0,-390.0,2584.42,-5.84,True,Active,muhib,Forward,Normal,1: Walking
1790441692.9182563,24554,Target 0,-274.0,2612.0,-320.0,2626.33,-5.99,True,Active,muhib,Forward,Normal,1: Walking
1790441693.0346415,24555,Target 0,-278.0,2652.0,-390.0,2666.53,-5.98,True,Active,muhib,Forward,Normal,1: Walking
1790441693.09443,24556,Target 0,-277.0,2693.0,-480.0,2707.21,-5.87,True,Active,muhib,Forward,Normal,1: Walking
1790441693.1903698,24557,Target 0,-280.0,2724.0,-320.0,2738.35,-5.87,True,Active,muhib,Forward,Normal,1: Walking
1790441693.2776222,24558,Target 0,-279.0,2762.0,-480.0,2776.06,-5.77,True,Active,muhib,Forward,Normal,1: Walking
1790441693.371762,24559,Target 0,-286.0,2798.0,-240.0,2812.58,-5.84,True,Active,muhib,Forward,Normal,1: Walking
1790441693.459563,24560,Target 0,-302.0,2830.0,-240.0,2846.07,-6.09,True,Active,muhib,Forward,Normal,1: Walking
1790441693.6141675,24561,Target 0,-315.0,2887.0,-240.0,2904.13,-6.23,True,Active,muhib,Forward,Normal,1: Walking
1790441693.6606731,24562,Target 0,-307.0,2918.0,-160.0,2934.11,-6.01,True,Active,muhib,Forward,Normal,1: Walking
1790441693.755001,24563,Target 0,-297.0,2943.0,-240.0,2957.95,-5.76,True,Active,muhib,Forward,Normal,1: Walking
1790441693.8177862,24564,Target 0,-283.0,2968.0,-160.0,2981.46,-5.45,True,Active,muhib,Forward,Normal,1: Walking
1790441693.9113889,24565,Target 0,-275.0,2993.0,-80.0,3005.61,-5.25,True,Active,muhib,Forward,Normal,1: Walking
1790441694.0199254,24566,Target 0,-263.0,3017.0,240.0,3028.44,-4.98,True,Active,muhib,Forward,Normal,1: Walking
1790441694.0750635,24567,Target 0,-259.0,3044.0,160.0,3055.0,-4.86,True,Active,muhib,Forward,Normal,1: Walking
1790441694.1797724,24568,Target 0,-259.0,3060.0,160.0,3070.94,-4.84,True,Active,muhib,Forward,Normal,1: Walking
1790441694.2815504,24569,Target 0,-267.0,3071.0,560.0,3082.58,-4.97,True,Active,muhib,Forward,Normal,1: Walking
1790441694.359531,24570,Target 0,-274.0,3072.0,560.0,3084.2,-5.1,True,Active,muhib,Forward,Normal,1: Walking
1790441694.4679043,24571,Target 0,-276.0,3069.0,480.0,3081.39,-5.14,True,Active,muhib,Forward,Normal,1: Walking
1790441694.5182598,24572,Target 0,-280.0,3065.0,320.0,3077.76,-5.22,True,Active,muhib,Forward,Normal,1: Walking
1790441694.6079717,24573,Target 0,-284.0,3059.0,390.0,3072.16,-5.3,True,Active,muhib,Forward,Normal,1: Walking
1790441694.7037544,24574,Target 0,-285.0,3052.0,160.0,3065.28,-5.33,True,Active,muhib,Forward,Normal,1: Walking
1790441694.8112035,24575,Target 0,-290.0,3046.0,240.0,3059.77,-5.44,True,Active,muhib,Forward,Normal,1: Walking
1790441694.8752246,24576,Target 0,-296.0,3040.0,160.0,3054.38,-5.56,True,Active,muhib,Forward,Normal,1: Walking
1790441694.9646585,24577,Target 0,-307.0,3033.0,240.0,3048.5,-5.78,True,Active,muhib,Forward,Normal,1: Walking
1790441695.0533864,24578,Target 0,-347.0,3018.0,0.0,3037.88,-6.56,True,Active,muhib,Forward,Normal,1: Walking
1790441695.1658301,24579,Target 0,-377.0,2995.0,240.0,3018.63,-7.17,True,Active,muhib,Forward,Normal,1: Walking
1790441695.2310998,24580,Target 0,-407.0,2976.0,390.0,3003.7,-7.79,True,Active,muhib,Forward,Normal,1: Walking
1790441695.320993,24581,Target 0,-448.0,2958.0,240.0,2991.73,-8.61,True,Active,muhib,Forward,Normal,1: Walking
1790441695.410364,24582,Target 0,-509.0,2921.0,240.0,2965.02,-9.88,True,Active,muhib,Forward,Normal,1: Walking
1790441695.516292,24583,Target 0,-582.0,2874.0,240.0,2932.34,-11.45,True,Active,muhib,Forward,Normal,1: Walking
1790441695.5870867,24584,Target 0,-680.0,2825.0,320.0,2905.69,-13.53,True,Active,muhib,Forward,Normal,1: Walking
1790441695.6969855,24585,Target 0,-757.0,2783.0,240.0,2884.12,-15.22,True,Active,muhib,Forward,Normal,1: Walking
1790441695.83433,24586,Target 0,-790.0,2737.0,640.0,2848.73,-16.1,True,Active,muhib,Forward,Normal,1: Walking
1790441695.8822203,24587,Target 0,-807.0,2684.0,640.0,2802.7,-16.73,True,Active,muhib,Forward,Normal,1: Walking
1790441695.9433968,24588,Target 0,-838.0,2625.0,560.0,2755.52,-17.71,True,Active,muhib,Forward,Normal,1: Walking
1790441696.0408907,24589,Target 0,-855.0,2570.0,640.0,2708.49,-18.4,True,Active,muhib,Forward,Normal,1: Walking
1790441696.1368017,24590,Target 0,-885.0,2515.0,480.0,2666.17,-19.39,True,Active,muhib,Forward,Normal,1: Walking
1790441696.2280593,24591,Target 0,-921.0,2464.0,480.0,2630.5,-20.49,True,Active,muhib,Forward,Normal,1: Walking
1790441696.3431094,24592,Target 0,-981.0,2411.0,480.0,2602.94,-22.14,True,Active,muhib,Forward,Normal,1: Walking
1790441696.390952,24593,Target 0,-1023.0,2363.0,320.0,2574.94,-23.41,True,Active,muhib,Forward,Normal,1: Walking
1790441696.496302,24594,Target 0,-1026.0,2325.0,320.0,2541.32,-23.81,True,Active,muhib,Forward,Normal,1: Walking
1790441696.6277494,24595,Target 0,-1037.0,2270.0,560.0,2495.65,-24.55,True,Active,muhib,Forward,Normal,1: Walking
1790441696.6552994,24596,Target 0,-1071.0,2197.0,480.0,2444.15,-25.99,True,Active,muhib,Forward,Normal,1: Walking
1790441696.8165762,24597,Target 0,-1107.0,2117.0,480.0,2388.96,-27.61,True,Active,muhib,Forward,Normal,1: Walking
1790441696.839674,24598,Target 0,-1131.0,2054.0,480.0,2344.8,-28.84,True,Active,muhib,Forward,Normal,1: Walking
1790441696.9379392,24599,Target 0,-1148.0,2001.0,480.0,2306.93,-29.84,True,Active,muhib,Forward,Normal,1: Walking
1790441697.0162094,24600,Target 0,-1153.0,1965.0,390.0,2278.3,-30.4,True,Active,muhib,Forward,Normal,1: Walking
1790441697.118914,24601,Target 0,-1151.0,1919.0,640.0,2237.71,-30.95,True,Active,muhib,Forward,Normal,1: Walking
1790441697.1931794,24602,Target 0,-1139.0,1865.0,790.0,2185.3,-31.41,True,Active,muhib,Forward,Normal,1: Walking
1790441697.2944055,24603,Target 0,-1110.0,1810.0,640.0,2123.25,-31.52,True,Active,muhib,Forward,Normal,1: Walking
1790441697.3713043,24604,Target 0,-1083.0,1754.0,640.0,2061.41,-31.69,True,Active,muhib,Forward,Normal,1: Walking
1790441697.461692,24605,Target 0,-1049.0,1696.0,560.0,1994.2,-31.74,True,Active,muhib,Forward,Normal,1: Walking
1790441697.5523012,24606,Target 0,-1026.0,1628.0,640.0,1924.33,-32.22,True,Active,muhib,Forward,Normal,1: Walking
1790441697.642427,24607,Target 0,-995.0,1587.0,480.0,1873.12,-32.09,True,Active,muhib,Forward,Normal,1: Walking
1790441697.722933,24608,Target 0,-972.0,1542.0,720.0,1822.79,-32.23,True,Active,muhib,Forward,Normal,1: Walking
1790441697.8119025,24609,Target 0,-951.0,1494.0,720.0,1771.0,-32.48,True,Active,muhib,Forward,Normal,1: Walking
1790441697.9003923,24610,Target 0,-923.0,1449.0,790.0,1718.0,-32.5,True,Active,muhib,Forward,Normal,1: Walking
1790441697.9959912,24611,Target 0,-903.0,1390.0,790.0,1657.56,-33.01,True,Active,muhib,Forward,Normal,1: Walking
1790441698.0794475,24612,Target 0,-886.0,1321.0,790.0,1590.61,-33.85,True,Active,muhib,Forward,Normal,1: Walking
1790441698.1720092,24613,Target 0,-865.0,1269.0,240.0,1535.77,-34.28,True,Active,muhib,Forward,Normal,1: Walking
1790441698.2602317,24614,Target 0,-838.0,1205.0,640.0,1467.74,-34.82,True,Active,muhib,Forward,Normal,1: Walking
1790441698.4011977,24615,Target 0,-803.0,1163.0,480.0,1413.29,-34.62,True,Active,muhib,Forward,Normal,1: Walking
1790441698.4689784,24616,Target 0,-769.0,1125.0,480.0,1362.71,-34.35,True,Active,muhib,Forward,Normal,1: Walking
1790441698.595851,24617,Target 0,-726.0,1095.0,320.0,1313.81,-33.54,True,Active,muhib,Forward,Normal,1: Walking
1790441698.6455662,24618,Target 0,-667.0,1078.0,390.0,1267.66,-31.75,True,Active,muhib,Forward,Normal,1: Walking
1790441698.72895,24619,Target 0,-604.0,1066.0,390.0,1225.22,-29.54,True,Active,muhib,Forward,Normal,1: Walking
1790441698.8000965,24620,Target 0,-543.0,1054.0,390.0,1185.65,-27.26,True,Active,muhib,Forward,Normal,1: Walking
1790441698.8884344,24621,Target 0,-479.0,1045.0,320.0,1149.55,-24.63,True,Active,muhib,Forward,Normal,1: Walking
1790441698.9994054,24622,Target 0,-411.0,1045.0,320.0,1122.92,-21.47,True,Active,muhib,Forward,Normal,1: Walking
1790441699.0612743,24623,Target 0,-353.0,1036.0,320.0,1094.49,-18.82,True,Active,muhib,Forward,Normal,1: Walking
1790441699.1880212,24624,Target 0,-306.0,1011.0,320.0,1056.29,-16.84,True,Active,muhib,Forward,Normal,1: Walking
1790441699.2502444,24625,Target 0,-259.0,976.0,320.0,1009.78,-14.86,True,Active,muhib,Forward,Normal,1: Walking
1790441699.3256195,24626,Target 0,-202.0,958.0,80.0,979.06,-11.91,True,Active,muhib,Forward,Normal,1: Walking
1790441699.413485,24627,Target 0,-142.0,933.0,80.0,943.74,-8.65,True,Active,muhib,Forward,Normal,1: Walking
1790441699.5102944,24628,Target 0,-86.0,916.0,-80.0,920.03,-5.36,True,Active,muhib,Forward,Normal,1: Walking
1790441699.5968618,24629,Target 0,-29.0,908.0,-160.0,908.46,-1.83,True,Active,muhib,Forward,Normal,1: Walking
1790441699.6805558,24630,Target 0,33.0,906.0,-320.0,906.6,2.09,True,Active,muhib,Forward,Normal,1: Walking
1790441699.8872192,24631,Target 0,98.0,906.0,-320.0,911.28,6.17,True,Active,muhib,Forward,Normal,1: Walking
1790441699.9066415,24632,Target 0,160.0,887.0,-160.0,901.32,10.23,True,Active,muhib,Forward,Normal,1: Walking
1790441699.9461381,24633,Target 0,226.0,885.0,-240.0,913.4,14.33,True,Active,muhib,Forward,Normal,1: Walking
1790441700.0535998,24634,Target 0,289.0,877.0,-390.0,923.39,18.24,True,Active,muhib,Forward,Normal,1: Walking
1790441700.124776,24635,Target 0,346.0,867.0,-480.0,933.49,21.76,True,Active,muhib,Forward,Normal,1: Walking
1790441700.2455754,24636,Target 0,398.0,859.0,-480.0,946.72,24.86,True,Active,muhib,Forward,Normal,1: Walking
1790441700.3112159,24637,Target 0,447.0,849.0,-480.0,959.48,27.77,True,Active,muhib,Forward,Normal,1: Walking
1790441700.4219334,24638,Target 0,496.0,838.0,-480.0,973.79,30.62,True,Active,muhib,Forward,Normal,1: Walking
1790441700.4957895,24639,Target 0,542.0,838.0,-480.0,998.0,32.89,True,Active,muhib,Forward,Normal,1: Walking
1790441700.5951061,24640,Target 0,600.0,841.0,-640.0,1033.09,35.51,True,Active,muhib,Forward,Normal,1: Walking
1790441700.6598644,24641,Target 0,662.0,851.0,-640.0,1078.17,37.88,True,Active,muhib,Forward,Normal,1: Walking
1790441700.7660716,24642,Target 0,714.0,875.0,-320.0,1129.35,39.21,True,Active,muhib,Forward,Normal,1: Walking
1790441700.8849707,24643,Target 0,768.0,899.0,-560.0,1182.38,40.51,True,Active,muhib,Forward,Normal,1: Walking
1790441700.9515545,24644,Target 0,823.0,922.0,-560.0,1235.89,41.75,True,Active,muhib,Forward,Normal,1: Walking
1790441701.0340874,24645,Target 0,875.0,945.0,-560.0,1287.89,42.8,True,Active,muhib,Forward,Normal,1: Walking
1790441701.1092484,24646,Target 0,920.0,968.0,-560.0,1335.45,43.54,True,Active,muhib,Forward,Normal,1: Walking
1790441701.1927478,24647,Target 0,976.0,993.0,-480.0,1392.35,44.51,True,Active,muhib,Forward,Normal,1: Walking
1790441701.3112502,24648,Target 0,1016.0,1033.0,-390.0,1448.91,44.52,True,Active,muhib,Forward,Normal,1: Walking
1790441701.4271712,24649,Target 0,1052.0,1088.0,-480.0,1513.42,44.04,True,Active,muhib,Forward,Normal,1: Walking
1790441701.4606547,24650,Target 0,1089.0,1145.0,-320.0,1580.17,43.56,True,Active,muhib,Forward,Normal,1: Walking
1790441701.5562425,24651,Target 0,1126.0,1181.0,-560.0,1631.76,43.63,True,Active,muhib,Forward,Normal,1: Walking
1790441701.6633587,24652,Target 0,1153.0,1209.0,-560.0,1670.66,43.64,True,Active,muhib,Forward,Normal,1: Walking
1790441701.72685,24653,Target 0,1161.0,1241.0,-320.0,1699.41,43.09,True,Active,muhib,Forward,Normal,1: Walking
1790441701.8197885,24654,Target 0,1161.0,1269.0,-80.0,1719.97,42.46,True,Active,muhib,Forward,Normal,1: Walking
1790441701.911006,24655,Target 0,1177.0,1304.0,-320.0,1756.63,42.07,True,Active,muhib,Forward,Normal,1: Walking
1790441702.0120978,24656,Target 0,1215.0,1327.0,-320.0,1799.21,42.48,True,Active,muhib,Forward,Normal,1: Walking
1790441702.0821118,24657,Target 0,1259.0,1355.0,-320.0,1849.62,42.9,True,Active,muhib,Forward,Normal,1: Walking
1790441702.1719258,24658,Target 0,1303.0,1369.0,-240.0,1889.97,43.59,True,Active,muhib,Forward,Normal,1: Walking
1790441702.2648249,24659,Target 0,1319.0,1377.0,-240.0,1906.8,43.77,True,Active,muhib,Forward,Normal,1: Walking
1790441702.3796508,24660,Target 0,1327.0,1377.0,-320.0,1912.34,43.94,True,Active,muhib,Forward,Normal,1: Walking
1790441702.4391565,24661,Target 0,1324.0,1373.0,-240.0,1907.38,43.96,True,Active,muhib,Forward,Normal,1: Walking
1790441702.5334475,24662,Target 0,1319.0,1378.0,0.0,1907.52,43.75,True,Active,muhib,Forward,Normal,1: Walking
1790441702.62164,24663,Target 0,1318.0,1380.0,80.0,1908.28,43.68,True,Active,muhib,Forward,Normal,1: Walking
1790441702.7207234,24664,Target 0,1318.0,1384.0,80.0,1911.17,43.6,True,Active,muhib,Forward,Normal,1: Walking
1790441702.928863,24665,Target 0,1318.0,1402.0,0.0,1924.25,43.23,True,Active,muhib,Forward,Normal,1: Walking
1790441702.9499009,24666,Target 0,1312.0,1414.0,240.0,1928.92,42.86,True,Active,muhib,Forward,Normal,1: Walking
1790441703.0075579,24667,Target 0,1297.0,1412.0,160.0,1917.28,42.57,True,Active,muhib,Forward,Normal,1: Walking
1790441703.0650656,24668,Target 0,1290.0,1411.0,160.0,1911.81,42.43,True,Active,muhib,Forward,Normal,1: Walking
1790441703.154306,24669,Target 0,1283.0,1411.0,80.0,1907.09,42.28,True,Active,muhib,Forward,Normal,1: Walking
1790441703.2650363,24670,Target 0,1275.0,1411.0,0.0,1901.72,42.1,True,Active,muhib,Forward,Normal,1: Walking
1790441703.3963223,24671,Target 0,1269.0,1414.0,160.0,1899.94,41.91,True,Active,muhib,Forward,Normal,1: Walking
1790441703.4690478,24672,Target 0,1263.0,1422.0,240.0,1901.91,41.61,True,Active,muhib,Forward,Normal,1: Walking
1790441703.507184,24673,Target 0,1259.0,1435.0,320.0,1909.01,41.26,True,Active,muhib,Forward,Normal,1: Walking
1790441703.6126528,24674,Target 0,1240.0,1488.0,480.0,1936.94,39.81,True,Active,muhib,Forward,Normal,1: Walking
1790441703.7115097,24675,Target 0,1222.0,1538.0,240.0,1964.36,38.47,True,Active,muhib,Forward,Normal,1: Walking
1790441703.7860603,24676,Target 0,1167.0,1604.0,560.0,1983.61,36.04,True,Active,muhib,Forward,Normal,1: Walking
1790441703.86738,24677,Target 0,1115.0,1612.0,390.0,1960.04,34.67,True,Active,muhib,Forward,Normal,1: Walking
1790441703.9623406,24678,Target 0,1090.0,1622.0,390.0,1954.22,33.9,True,Active,muhib,Forward,Normal,1: Walking
1790441704.0450528,24679,Target 0,1064.0,1615.0,560.0,1933.99,33.38,True,Active,muhib,Forward,Normal,1: Walking
1790441704.1421025,24680,Target 0,1006.0,1606.0,80.0,1895.07,32.06,True,Active,muhib,Forward,Normal,1: Walking
1790441704.2223005,24681,Target 0,958.0,1640.0,80.0,1899.31,30.29,True,Active,muhib,Forward,Normal,1: Walking
1790441704.3121364,24682,Target 0,942.0,1676.0,80.0,1922.59,29.34,True,Active,muhib,Forward,Normal,1: Walking
1790441704.4045186,24683,Target 0,933.0,1691.0,320.0,1931.31,28.89,True,Active,muhib,Forward,Normal,1: Walking
1790441704.4950259,24684,Target 0,889.0,1661.0,160.0,1883.94,28.16,True,Active,muhib,Forward,Normal,1: Walking
1790441704.588291,24685,Target 0,796.0,1589.0,80.0,1777.23,26.61,True,Active,muhib,Forward,Normal,1: Walking
1790441704.6635156,24686,Target 0,709.0,1543.0,80.0,1698.1,24.68,True,Active,muhib,Forward,Normal,1: Walking
1790441704.7523541,24687,Target 0,646.0,1536.0,80.0,1666.32,22.81,True,Active,muhib,Forward,Normal,1: Walking
1790441704.8490655,24688,Target 0,597.0,1550.0,80.0,1661.0,21.06,True,Active,muhib,Forward,Normal,1: Walking
1790441704.9310317,24689,Target 0,554.0,1573.0,80.0,1667.71,19.4,True,Active,muhib,Forward,Normal,1: Walking
1790441705.0212111,24690,Target 0,512.0,1597.0,0.0,1677.07,17.78,True,Active,muhib,Forward,Normal,1: Walking
1790441705.2273285,24691,Target 0,472.0,1596.0,-160.0,1664.33,16.48,True,Active,muhib,Forward,Normal,1: Walking
1790441705.2469995,24692,Target 0,427.0,1590.0,-160.0,1646.34,15.03,True,Active,muhib,Forward,Normal,1: Walking
1790441705.3211749,24693,Target 0,376.0,1590.0,-160.0,1633.85,13.3,True,Active,muhib,Forward,Normal,1: Walking
1790441705.3827693,24694,Target 0,330.0,1607.0,-160.0,1640.53,11.6,True,Active,muhib,Forward,Normal,1: Walking
1790441705.4940007,24695,Target 0,285.0,1629.0,-160.0,1653.74,9.92,True,Active,muhib,Forward,Normal,1: Walking
1790441705.5944142,24696,Target 0,216.0,1645.0,-720.0,1659.12,7.48,True,Active,muhib,Forward,Normal,1: Walking
1790441705.6447122,24697,Target 0,152.0,1661.0,-790.0,1667.94,5.23,True,Active,muhib,Forward,Normal,1: Walking
1790441705.7537427,24698,Target 0,96.0,1679.0,-560.0,1681.74,3.27,True,Active,muhib,Forward,Normal,1: Walking
1790441705.8472707,24699,Target 0,63.0,1704.0,-560.0,1705.16,2.12,True,Active,muhib,Forward,Normal,1: Walking
1790441705.9150326,24700,Target 0,38.0,1746.0,-560.0,1746.41,1.25,True,Active,muhib,Forward,Normal,1: Walking
1790441706.0626533,24701,Target 0,15.0,1790.0,-790.0,1790.06,0.48,True,Active,muhib,Forward,Normal,1: Walking
1790441706.133865,24702,Target 0,0.0,1833.0,-790.0,1833.0,0.0,True,Active,muhib,Forward,Normal,1: Walking
1790441706.1998587,24703,Target 0,-24.0,1897.0,-1120.0,1897.15,-0.72,True,Active,muhib,Forward,Normal,1: Walking
1790441706.2660668,24704,Target 0,-26.0,1964.0,-1280.0,1964.17,-0.76,True,Active,muhib,Forward,Normal,6: Fall onset
1790441706.36187,24705,Target 0,-40.0,2049.0,-960.0,2049.39,-1.12,True,Active,muhib,Forward,Normal,6: Fall onset
1790441706.4437108,24706,Target 0,-59.0,2133.0,-240.0,2133.82,-1.58,True,Active,muhib,Forward,Normal,6: Fall onset
1790441706.5331204,24707,Target 0,-80.0,2244.0,2390.0,2245.43,-2.04,True,Active,muhib,Forward,Normal,6: Fall onset
1790441706.6208231,24708,Target 0,-108.0,2371.0,0.0,2373.46,-2.61,True,Active,muhib,Forward,Normal,6: Fall onset
1790441706.7157705,24709,Target 0,-138.0,2549.0,0.0,2552.73,-3.1,True,Active,muhib,Forward,Normal,6: Fall onset
1790441706.8002217,24710,Target 0,-158.0,2834.0,0.0,2838.4,-3.19,True,Active,muhib,Forward,Normal,6: Fall onset
1790441706.8878193,24711,Target 0,-159.0,3090.0,-80.0,3094.09,-2.95,True,Active,muhib,Forward,Normal,6: Fall onset
1790441706.9838815,24712,Target 0,-174.0,3311.0,80.0,3315.57,-3.01,True,Active,muhib,Forward,Normal,6: Fall onset
1790441707.0676844,24713,Target 0,-185.0,3487.0,160.0,3491.9,-3.04,True,Active,muhib,Forward,Normal,6: Fall onset
1790441707.155883,24714,Target 0,-191.0,3609.0,-80.0,3614.05,-3.03,True,Active,muhib,Forward,Normal,6: Fall onset
1790441707.2453015,24715,Target 0,-196.0,3703.0,-80.0,3708.18,-3.03,True,Active,muhib,Forward,Normal,6: Fall onset
1790441707.3329563,24716,Target 0,-176.0,3776.0,0.0,3780.1,-2.67,True,Active,muhib,Forward,Normal,6: Fall onset
1790441707.450875,24717,Target 0,-179.0,3822.0,0.0,3826.19,-2.68,True,Active,muhib,Forward,Normal,6: Fall onset
1790441707.5146973,24718,Target 0,-182.0,3853.0,0.0,3857.3,-2.7,True,Active,muhib,Forward,Normal,6: Fall onset
1790441707.6010041,24719,Target 0,-185.0,3873.0,0.0,3877.42,-2.73,True,Active,muhib,Forward,Normal,6: Fall onset
1790441707.6989324,24720,Target 0,-176.0,3872.0,-80.0,3876.0,-2.6,True,Active,muhib,Forward,Normal,7: Post-fall stillness
1790441707.8315454,24721,Target 0,-132.0,3863.0,0.0,3865.25,-1.96,True,Active,muhib,Forward,Normal,7: Post-fall stillness
1790441707.8682985,24722,Target 0,-77.0,3849.0,0.0,3849.77,-1.15,True,Active,muhib,Forward,Normal,7: Post-fall stillness
1790441707.97648,24723,Target 0,-11.0,3835.0,0.0,3835.02,-0.16,True,Active,muhib,Forward,Normal,7: Post-fall stillness
1790441708.0770953,24724,Target 0,54.0,3822.0,0.0,3822.38,0.81,True,Active,muhib,Forward,Normal,7: Post-fall stillness
1790441708.1580894,24725,Target 0,101.0,3800.0,0.0,3801.34,1.52,True,Active,muhib,Forward,Normal,7: Post-fall stillness
1790441708.2535279,24726,Target 0,136.0,3789.0,0.0,3791.44,2.06,True,Active,muhib,Forward,Normal,7: Post-fall stillness
1790441708.31567,24727,Target 0,140.0,3782.0,0.0,3784.59,2.12,True,Active,muhib,Forward,Normal,7: Post-fall stillness
1790441708.4244108,24728,Target 0,140.0,3775.0,0.0,3777.6,2.12,True,Active,muhib,Forward,Normal,7: Post-fall stillness
1790441708.5472748,24729,Target 0,139.0,3767.0,0.0,3769.56,2.11,True,Active,muhib,Forward,Normal,7: Post-fall stillness
1790441708.581363,24730,Target 0,145.0,3758.0,80.0,3760.8,2.21,True,Active,muhib,Forward,Normal,7: Post-fall stillness
1790441708.6790843,24731,Target 0,148.0,3748.0,80.0,3750.92,2.26,True,Active,muhib,Forward,Normal,7: Post-fall stillness
1790441708.757489,24732,Target 0,154.0,3738.0,80.0,3741.17,2.36,True,Active,muhib,Forward,Normal,7: Post-fall stillness
1790441708.874454,24733,Target 0,162.0,3728.0,80.0,3731.52,2.49,True,Active,muhib,Forward,Normal,7: Post-fall stillness
1790441708.935519,24734,Target 0,166.0,3721.0,80.0,3724.7,2.55,True,Active,muhib,Forward,Normal,7: Post-fall stillness
1790441709.0315378,24735,Target 0,168.0,3715.0,80.0,3718.8,2.59,True,Active,muhib,Forward,Normal,7: Post-fall stillness
1790441709.114761,24736,Target 0,164.0,3722.0,80.0,3725.61,2.52,True,Active,muhib,Forward,Normal,7: Post-fall stillness
1790441709.222348,24737,Target 0,147.0,3737.0,80.0,3739.89,2.25,True,Active,muhib,Forward,Normal,7: Post-fall stillness
1790441709.335806,24738,Target 0,86.0,3794.0,80.0,3794.97,1.3,True,Active,muhib,Forward,Normal,7: Post-fall stillness
1790441709.379997,24739,Target 0,65.0,3806.0,320.0,3806.56,0.98,True,Active,muhib,Forward,Normal,7: Post-fall stillness
1790441709.4773517,24740,Target 0,47.0,3809.0,0.0,3809.29,0.71,True,Active,muhib,Forward,Normal,7: Post-fall stillness
1790441709.591232,24741,Target 0,25.0,3808.0,80.0,3808.08,0.38,True,Active,muhib,Forward,Normal,7: Post-fall stillness
1790441709.6469522,24742,Target 0,2.0,3804.0,80.0,3804.0,0.03,True,Active,muhib,Forward,Normal,7: Post-fall stillness
1790441709.7392569,24743,Target 0,-18.0,3807.0,0.0,3807.04,-0.27,True,Active,muhib,Forward,Normal,7: Post-fall stillness
1790441709.8322027,24744,Target 0,-38.0,3809.0,160.0,3809.19,-0.57,True,Active,muhib,Forward,Normal,7: Post-fall stillness
1790441709.947931,24745,Target 0,-46.0,3783.0,160.0,3783.28,-0.7,True,Active,muhib,Forward,Normal,7: Post-fall stillness
1790441710.1177874,24746,Target 0,-51.0,3752.0,160.0,3752.35,-0.78,True,Active,muhib,Forward,Normal,7: Post-fall stillness
1790441710.1391616,24747,Target 0,-51.0,3720.0,240.0,3720.35,-0.79,True,Active,muhib,Forward,Normal,7: Post-fall stillness
1790441710.2294168,24748,Target 0,-54.0,3688.0,160.0,3688.4,-0.84,True,Active,muhib,Forward,Normal,7: Post-fall stillness
1790441710.283146,24749,Target 0,-57.0,3657.0,160.0,3657.44,-0.89,True,Active,muhib,Forward,Normal,8: Recovery / standing back up
1790441710.4056726,24750,Target 0,-60.0,3629.0,80.0,3629.5,-0.95,True,Active,muhib,Forward,Normal,8: Recovery / standing back up
1790441710.4544425,24751,Target 0,-62.0,3602.0,80.0,3602.53,-0.99,True,Active,muhib,Forward,Normal,8: Recovery / standing back up
1790441710.563786,24752,Target 0,-59.0,3575.0,160.0,3575.49,-0.95,True,Active,muhib,Forward,Normal,8: Recovery / standing back up
1790441710.6567798,24753,Target 0,-59.0,3548.0,240.0,3548.49,-0.95,True,Active,muhib,Forward,Normal,8: Recovery / standing back up
1790441710.7147715,24754,Target 0,-60.0,3521.0,240.0,3521.51,-0.98,True,Active,muhib,Forward,Normal,8: Recovery / standing back up
1790441710.8193526,24755,Target 0,-55.0,3492.0,0.0,3492.43,-0.9,True,Active,muhib,Forward,Normal,8: Recovery / standing back up
1790441710.952009,24756,Target 0,-53.0,3467.0,-80.0,3467.41,-0.88,True,Active,muhib,Forward,Normal,8: Recovery / standing back up
1790441710.9960246,24757,Target 0,-50.0,3442.0,-80.0,3442.36,-0.83,True,Active,muhib,Forward,Normal,8: Recovery / standing back up
1790441711.074215,24758,Target 0,-47.0,3418.0,-80.0,3418.32,-0.79,True,Active,muhib,Forward,Normal,8: Recovery / standing back up
1790441711.1662397,24759,Target 0,-49.0,3398.0,-390.0,3398.35,-0.83,True,Active,muhib,Forward,Normal,8: Recovery / standing back up
1790441711.247617,24760,Target 0,-55.0,3379.0,-160.0,3379.45,-0.93,True,Active,muhib,Forward,Normal,8: Recovery / standing back up
1790441711.349142,24761,Target 0,-59.0,3359.0,-640.0,3359.52,-1.01,True,Active,muhib,Forward,Normal,8: Recovery / standing back up
1790441711.4367652,24762,Target 0,-62.0,3339.0,-80.0,3339.58,-1.06,True,Active,muhib,Forward,Normal,8: Recovery / standing back up
1790441711.5159934,24763,Target 0,-68.0,3322.0,-80.0,3322.7,-1.17,True,Active,muhib,Forward,Normal,8: Recovery / standing back up
1790441711.605438,24764,Target 0,-72.0,3303.0,0.0,3303.78,-1.25,True,Active,muhib,Forward,Normal,8: Recovery / standing back up
1790441711.6989086,24765,Target 0,-76.0,3283.0,0.0,3283.88,-1.33,True,Active,muhib,Forward,Normal,8: Recovery / standing back up
1790441711.7819798,24766,Target 0,-85.0,3263.0,-80.0,3264.11,-1.49,True,Active,muhib,Forward,Normal,8: Recovery / standing back up
1790441711.871943,24767,Target 0,-95.0,3245.0,80.0,3246.39,-1.68,True,Active,muhib,Forward,Normal,8: Recovery / standing back up
1790441711.9617836,24768,Target 0,-107.0,3228.0,80.0,3229.77,-1.9,True,Active,muhib,Forward,Normal,8: Recovery / standing back up
1790441712.0662494,24769,Target 0,-117.0,3216.0,-80.0,3218.13,-2.08,True,Active,muhib,Forward,Normal,8: Recovery / standing back up
1790441712.1431699,24770,Target 0,-125.0,3206.0,-80.0,3208.44,-2.23,True,Active,muhib,Forward,Normal,8: Recovery / standing back up
1790441712.231662,24771,Target 0,-131.0,3190.0,560.0,3192.69,-2.35,True,Active,muhib,Forward,Normal,8: Recovery / standing back up
1790441712.3254564,24772,Target 0,-136.0,3174.0,560.0,3176.91,-2.45,True,Active,muhib,Forward,Normal,8: Recovery / standing back up
1790441712.4170992,24773,Target 0,-141.0,3152.0,880.0,3155.15,-2.56,True,Active,muhib,Forward,Normal,8: Recovery / standing back up
1790441712.5306344,24774,Target 0,-146.0,3129.0,880.0,3132.4,-2.67,True,Active,muhib,Forward,Normal,8: Recovery / standing back up
1790441712.5884168,24775,Target 0,-151.0,3106.0,880.0,3109.67,-2.78,True,Active,muhib,Forward,Normal,8: Recovery / standing back up
1790441712.6948345,24776,Target 0,-153.0,3081.0,320.0,3084.8,-2.84,True,Active,muhib,Forward,Normal,8: Recovery / standing back up
1790441712.8300157,24777,Target 0,-156.0,3057.0,160.0,3060.98,-2.92,True,Active,muhib,Forward,Normal,8: Recovery / standing back up
1790441712.923249,24778,Target 0,-160.0,3034.0,0.0,3038.22,-3.02,True,Active,muhib,Forward,Normal,8: Recovery / standing back up
1790441712.9995215,24779,Target 0,-163.0,3011.0,-80.0,3015.41,-3.1,True,Active,muhib,Forward,Normal,8: Recovery / standing back up
1790441713.0334806,24780,Target 0,-169.0,2991.0,-80.0,2995.77,-3.23,True,Active,muhib,Forward,Normal,8: Recovery / standing back up
1790441713.1528175,24781,Target 0,-173.0,2973.0,320.0,2978.03,-3.33,True,Active,muhib,Forward,Normal,8: Recovery / standing back up
1790441713.2065053,24782,Target 0,-176.0,2956.0,-390.0,2961.23,-3.41,True,Active,muhib,Forward,Normal,8: Recovery / standing back up
1790441713.3231852,24783,Target 0,-181.0,2940.0,-80.0,2945.57,-3.52,True,Active,muhib,Forward,Normal,8: Recovery / standing back up
1790441713.3918295,24784,Target 0,-184.0,2927.0,-320.0,2932.78,-3.6,True,Active,muhib,Forward,Normal,8: Recovery / standing back up
1790441713.4729357,24785,Target 0,-181.0,2914.0,-160.0,2919.62,-3.55,True,Active,muhib,Forward,Normal,8: Recovery / standing back up
1790441713.5620334,24786,Target 0,-174.0,2903.0,-80.0,2908.21,-3.43,True,Active,muhib,Forward,Normal,8: Recovery / standing back up
1790441713.656533,24787,Target 0,-168.0,2893.0,-160.0,2897.87,-3.32,True,Active,muhib,Forward,Normal,8: Recovery / standing back up
1790441713.7458594,24788,Target 0,-162.0,2883.0,-80.0,2887.55,-3.22,True,Active,muhib,Forward,Normal,8: Recovery / standing back up
1790441713.8328414,24789,Target 0,-160.0,2872.0,-80.0,2876.45,-3.19,True,Active,muhib,Forward,Normal,8: Recovery / standing back up
1790441713.9435232,24790,Target 0,-159.0,2862.0,-240.0,2866.41,-3.18,True,Active,muhib,Forward,Normal,8: Recovery / standing back up
1790441714.060611,24791,Target 0,-157.0,2854.0,-160.0,2858.32,-3.15,True,Active,muhib,Forward,Normal,8: Recovery / standing back up
1790441714.095336,24792,Target 0,-155.0,2847.0,-160.0,2851.22,-3.12,True,Active,muhib,Forward,Normal,8: Recovery / standing back up
1790441714.1993737,24793,Target 0,-155.0,2841.0,-160.0,2845.23,-3.12,True,Active,muhib,Forward,Normal,8: Recovery / standing back up
1790441714.2958646,24794,Target 0,-160.0,2836.0,-240.0,2840.51,-3.23,True,Active,muhib,Forward,Normal,1: Walking
1790441714.363591,24795,Target 0,-167.0,2833.0,0.0,2837.92,-3.37,True,Active,muhib,Forward,Normal,1: Walking
1790441714.4586601,24796,Target 0,-174.0,2826.0,0.0,2831.35,-3.52,True,Active,muhib,Forward,Normal,1: Walking
1790441714.5409396,24797,Target 0,-179.0,2822.0,0.0,2827.67,-3.63,True,Active,muhib,Forward,Normal,1: Walking
1790441714.677839,24798,Target 0,-179.0,2820.0,-160.0,2825.68,-3.63,True,Active,muhib,Forward,Normal,1: Walking
1790441714.7728453,24799,Target 0,-181.0,2821.0,0.0,2826.8,-3.67,True,Active,muhib,Forward,Normal,1: Walking
1790441714.8511574,24800,Target 0,-186.0,2822.0,-80.0,2828.12,-3.77,True,Active,muhib,Forward,Normal,1: Walking
1790441714.918112,24801,Target 0,-198.0,2825.0,-160.0,2831.93,-4.01,True,Active,muhib,Forward,Normal,1: Walking
1790441715.035509,24802,Target 0,-251.0,2823.0,-160.0,2834.14,-5.08,True,Active,muhib,Forward,Normal,1: Walking
1790441715.074732,24803,Target 0,-299.0,2814.0,-240.0,2829.84,-6.07,True,Active,muhib,Forward,Normal,1: Walking
1790441715.1648946,24804,Target 0,-349.0,2794.0,-320.0,2815.71,-7.12,True,Active,muhib,Forward,Normal,1: Walking
1790441715.269137,24805,Target 0,-370.0,2788.0,0.0,2812.44,-7.56,True,Active,muhib,Forward,Normal,1: Walking
1790441715.37929,24806,Target 0,-393.0,2786.0,-240.0,2813.58,-8.03,True,Active,muhib,Forward,Normal,1: Walking
1790441715.4402094,24807,Target 0,-414.0,2789.0,0.0,2819.56,-8.44,True,Active,muhib,Forward,Normal,1: Walking
1790441715.5406318,24808,Target 0,-436.0,2786.0,-240.0,2819.91,-8.89,True,Active,muhib,Forward,Normal,1: Walking
1790441715.6571136,24809,Target 0,-459.0,2795.0,0.0,2832.44,-9.33,True,Active,muhib,Forward,Normal,1: Walking
1790441715.7205217,24810,Target 0,-485.0,2796.0,80.0,2837.75,-9.84,True,Active,muhib,Forward,Normal,1: Walking
1790441715.7870018,24811,Target 0,-516.0,2797.0,160.0,2844.2,-10.45,True,Active,muhib,Forward,Normal,1: Walking
1790441715.904699,24812,Target 0,-547.0,2791.0,160.0,2844.1,-11.09,True,Active,muhib,Forward,Normal,1: Walking
1790441715.965528,24813,Target 0,-568.0,2776.0,160.0,2833.51,-11.56,True,Active,muhib,Forward,Normal,1: Walking
1790441716.0795496,24814,Target 0,-590.0,2763.0,480.0,2825.29,-12.05,True,Active,muhib,Forward,Normal,1: Walking
1790441716.1441216,24815,Target 0,-609.0,2743.0,390.0,2809.79,-12.52,True,Active,muhib,Forward,Normal,1: Walking
1790441716.2392511,24816,Target 0,-638.0,2721.0,480.0,2794.8,-13.2,True,Active,muhib,Forward,Normal,1: Walking
1790441716.3491957,24817,Target 0,-689.0,2678.0,390.0,2765.21,-14.43,True,Active,muhib,Forward,Normal,1: Walking
1790441716.5810688,24818,Target 0,-708.0,2641.0,390.0,2734.25,-15.01,True,Active,muhib,Forward,Normal,1: Walking
1790441716.5999854,24819,Target 0,-725.0,2620.0,320.0,2718.46,-15.47,True,Active,muhib,Forward,Normal,1: Walking
1790441716.6225352,24820,Target 0,-761.0,2578.0,320.0,2687.97,-16.45,True,Active,muhib,Forward,Normal,1: Walking
1790441716.6854453,24821,Target 0,-783.0,2541.0,240.0,2658.9,-17.13,True,Active,muhib,Forward,Normal,1: Walking
1790441716.9825368,24822,Target 0,-806.0,2503.0,390.0,2629.57,-17.85,True,Active,muhib,Forward,Normal,1: Walking
1790441717.004571,24823,Target 0,-840.0,2457.0,390.0,2596.62,-18.87,True,Active,muhib,Forward,Normal,1: Walking
1790441717.0251386,24824,Target 0,-879.0,2403.0,320.0,2558.72,-20.09,True,Active,muhib,Forward,Normal,1: Walking
1790441717.1520896,24825,Target 0,-908.0,2359.0,320.0,2527.72,-21.05,True,Active,muhib,Forward,Normal,1: Walking
1790441717.1734111,24826,Target 0,-937.0,2315.0,480.0,2497.44,-22.04,True,Active,muhib,Forward,Normal,1: Walking
1790441717.2165077,24827,Target 0,-977.0,2257.0,480.0,2459.39,-23.41,True,Active,muhib,Forward,Normal,1: Walking
1790441717.307468,24828,Target 0,-1007.0,2204.0,480.0,2423.15,-24.56,True,Active,muhib,Forward,Normal,1: Walking
1790441717.400836,24829,Target 0,-1031.0,2152.0,560.0,2386.22,-25.6,True,Active,muhib,Forward,Normal,1: Walking
1790441717.5495226,24830,Target 0,-1052.0,2097.0,560.0,2346.08,-26.64,True,Active,muhib,Forward,Normal,1: Walking
1790441717.6406765,24831,Target 0,-1073.0,2038.0,560.0,2303.21,-27.77,True,Active,muhib,Forward,Normal,1: Walking
1790441717.664561,24832,Target 0,-1076.0,1987.0,560.0,2259.63,-28.44,True,Active,muhib,Forward,Normal,1: Walking
1790441717.747962,24833,Target 0,-1083.0,1936.0,480.0,2218.33,-29.22,True,Active,muhib,Forward,Normal,1: Walking
1790441717.8480651,24834,Target 0,-1070.0,1894.0,640.0,2175.35,-29.46,True,Active,muhib,Forward,Normal,1: Walking
1790441718.0037632,24835,Target 0,-1058.0,1849.0,560.0,2130.3,-29.78,True,Active,muhib,Forward,Normal,1: Walking
1790441718.0860038,24836,Target 0,-1051.0,1800.0,560.0,2084.37,-30.28,True,Active,muhib,Forward,Normal,1: Walking
1790441718.130769,24837,Target 0,-1037.0,1760.0,480.0,2042.78,-30.51,True,Active,muhib,Forward,Normal,1: Walking
1790441718.2164316,24838,Target 0,-1031.0,1717.0,720.0,2002.76,-30.98,True,Active,muhib,Forward,Normal,1: Walking
1790441718.4627538,24839,Target 0,-1025.0,1671.0,480.0,1960.32,-31.53,True,Active,muhib,Forward,Normal,1: Walking
1790441718.483947,24840,Target 0,-1009.0,1627.0,390.0,1914.47,-31.81,True,Active,muhib,Forward,Normal,1: Walking
1790441718.508501,24841,Target 0,-1000.0,1585.0,390.0,1874.09,-32.25,True,Active,muhib,Forward,Normal,1: Walking
1790441718.6247842,24842,Target 0,-990.0,1541.0,480.0,1831.61,-32.72,True,Active,muhib,Forward,Normal,1: Walking
1790441718.6477633,24843,Target 0,-980.0,1493.0,480.0,1785.9,-33.28,True,Active,muhib,Forward,Normal,1: Walking
1790441718.73563,24844,Target 0,-963.0,1448.0,480.0,1738.99,-33.63,True,Active,muhib,Forward,Normal,1: Walking
1790441718.8182135,24845,Target 0,-947.0,1404.0,560.0,1693.52,-34.0,True,Active,muhib,Forward,Normal,1: Walking
1790441718.9210167,24846,Target 0,-923.0,1372.0,560.0,1653.58,-33.93,True,Active,muhib,Forward,Normal,1: Walking
1790441719.033417,24847,Target 0,-897.0,1346.0,480.0,1617.51,-33.68,True,Active,muhib,Forward,Normal,1: Walking
1790441719.1017308,24848,Target 0,-876.0,1315.0,390.0,1580.06,-33.67,True,Active,muhib,Forward,Normal,1: Walking
1790441719.168323,24849,Target 0,-850.0,1289.0,480.0,1544.03,-33.4,True,Active,muhib,Forward,Normal,1: Walking
1790441719.2656379,24850,Target 0,-821.0,1260.0,390.0,1503.88,-33.09,True,Active,muhib,Forward,Normal,1: Walking
1790441719.3519163,24851,Target 0,-791.0,1228.0,480.0,1460.71,-32.79,True,Active,muhib,Forward,Normal,1: Walking
1790441719.5005963,24852,Target 0,-757.0,1204.0,480.0,1422.2,-32.16,True,Active,muhib,Forward,Normal,1: Walking
1790441719.7003791,24853,Target 0,-704.0,1187.0,390.0,1380.07,-30.67,True,Active,muhib,Forward,Normal,1: Walking
1790441719.7203789,24854,Target 0,-662.0,1160.0,640.0,1335.61,-29.71,True,Active,muhib,Forward,Normal,1: Walking
1790441719.7449913,24855,Target 0,-609.0,1140.0,480.0,1292.47,-28.11,True,Active,muhib,Forward,Normal,1: Walking
1790441719.803285,24856,Target 0,-554.0,1122.0,390.0,1251.32,-26.28,True,Active,muhib,Forward,Normal,1: Walking
1790441719.8850741,24857,Target 0,-509.0,1092.0,480.0,1204.8,-24.99,True,Active,muhib,Forward,Normal,1: Walking
1790441719.9838603,24858,Target 0,-458.0,1075.0,240.0,1168.5,-23.08,True,Active,muhib,Forward,Normal,1: Walking
1790441720.1071177,24859,Target 0,-411.0,1054.0,240.0,1131.3,-21.3,True,Active,muhib,Forward,Normal,1: Walking
1790441720.1590445,24860,Target 0,-363.0,1016.0,80.0,1078.9,-19.66,True,Active,muhib,Forward,Normal,1: Walking
1790441720.2688339,24861,Target 0,-312.0,997.0,-80.0,1044.68,-17.38,True,Active,muhib,Forward,Normal,1: Walking
1790441720.3262873,24862,Target 0,-260.0,991.0,-80.0,1024.54,-14.7,True,Active,muhib,Forward,Normal,1: Walking
1790441720.504213,24863,Target 0,-202.0,999.0,-80.0,1019.22,-11.43,True,Active,muhib,Forward,Normal,1: Walking
1790441720.5274222,24864,Target 0,-144.0,1013.0,-80.0,1023.18,-8.09,True,Active,muhib,Forward,Normal,1: Walking
1790441720.5999393,24865,Target 0,-98.0,1022.0,-80.0,1026.69,-5.48,True,Active,muhib,Forward,Normal,1: Walking
1790441720.6854308,24866,Target 0,-54.0,1025.0,-80.0,1026.42,-3.02,True,Active,muhib,Forward,Normal,1: Walking
1790441720.8040607,24867,Target 0,-1.0,1032.0,-80.0,1032.0,-0.06,True,Active,muhib,Forward,Normal,1: Walking
1790441720.8640392,24868,Target 0,65.0,1042.0,-80.0,1044.03,3.57,True,Active,muhib,Forward,Normal,1: Walking
1790441720.9878395,24869,Target 0,115.0,1038.0,-160.0,1044.35,6.32,True,Active,muhib,Forward,Normal,1: Walking
1790441721.0995114,24870,Target 0,149.0,1014.0,-160.0,1024.89,8.36,True,Active,muhib,Forward,Normal,1: Walking
1790441721.1918447,24871,Target 0,190.0,996.0,-160.0,1013.96,10.8,True,Active,muhib,Forward,Normal,1: Walking
1790441721.2279572,24872,Target 0,234.0,989.0,-80.0,1016.31,13.31,True,Active,muhib,Forward,Normal,1: Walking
1790441721.3042297,24873,Target 0,283.0,979.0,-240.0,1019.08,16.12,True,Active,muhib,Forward,Normal,1: Walking
1790441721.3931112,24874,Target 0,341.0,980.0,-160.0,1037.63,19.19,True,Active,muhib,Forward,Normal,1: Walking
1790441721.5037854,24875,Target 0,398.0,984.0,-240.0,1061.44,22.02,True,Active,muhib,Forward,Normal,1: Walking
1790441721.5699673,24876,Target 0,456.0,989.0,-320.0,1089.06,24.75,True,Active,muhib,Forward,Normal,1: Walking
1790441721.660188,24877,Target 0,506.0,1002.0,-390.0,1122.52,26.79,True,Active,muhib,Forward,Normal,1: Walking
1790441721.7539241,24878,Target 0,560.0,1020.0,-480.0,1163.62,28.77,True,Active,muhib,Forward,Normal,1: Walking
1790441721.906842,24879,Target 0,597.0,1047.0,-480.0,1205.25,29.69,True,Active,muhib,Forward,Normal,1: Walking
1790441721.985756,24880,Target 0,641.0,1063.0,-390.0,1241.31,31.09,True,Active,muhib,Forward,Normal,1: Walking
1790441722.0282917,24881,Target 0,697.0,1077.0,-390.0,1282.86,32.91,True,Active,muhib,Forward,Normal,1: Walking
1790441722.1356387,24882,Target 0,744.0,1082.0,-390.0,1313.11,34.51,True,Active,muhib,Forward,Normal,1: Walking
1790441722.2305737,24883,Target 0,795.0,1083.0,-320.0,1343.47,36.28,True,Active,muhib,Forward,Normal,1: Walking
1790441722.2818348,24884,Target 0,830.0,1094.0,-320.0,1373.22,37.19,True,Active,muhib,Forward,Normal,1: Walking
1790441722.4006665,24885,Target 0,884.0,1103.0,-320.0,1413.53,38.71,True,Active,muhib,Forward,Normal,1: Walking
1790441722.4640825,24886,Target 0,923.0,1127.0,-320.0,1456.73,39.32,True,Active,muhib,Forward,Normal,1: Walking
1790441722.5694213,24887,Target 0,950.0,1156.0,-240.0,1496.27,39.41,True,Active,muhib,Forward,Normal,1: Walking
1790441722.720872,24888,Target 0,968.0,1173.0,-320.0,1520.84,39.53,True,Active,muhib,Forward,Normal,1: Walking
1790441722.7425063,24889,Target 0,996.0,1187.0,-560.0,1549.51,40.0,True,Active,muhib,Forward,Normal,1: Walking
1790441722.8184638,24890,Target 0,1024.0,1208.0,-320.0,1583.62,40.29,True,Active,muhib,Forward,Normal,1: Walking
1790441722.922716,24891,Target 0,1049.0,1229.0,-480.0,1615.81,40.48,True,Active,muhib,Forward,Normal,1: Walking
1790441722.9942515,24892,Target 0,1063.0,1251.0,-160.0,1641.64,40.36,True,Active,muhib,Forward,Normal,1: Walking
1790441723.0874665,24893,Target 0,1089.0,1270.0,-240.0,1672.97,40.61,True,Active,muhib,Forward,Normal,1: Walking
1790441723.1826067,24894,Target 0,1115.0,1287.0,-240.0,1702.82,40.9,True,Active,muhib,Forward,Normal,1: Walking
1790441723.2796972,24895,Target 0,1116.0,1301.0,-80.0,1714.08,40.62,True,Active,muhib,Forward,Normal,1: Walking
1790441723.3598638,24896,Target 0,1112.0,1315.0,-160.0,1722.14,40.22,True,Active,muhib,Forward,Normal,1: Walking
1790441723.444692,24897,Target 0,1109.0,1328.0,-160.0,1730.16,39.86,True,Active,muhib,Forward,Normal,1: Walking
1790441723.5306268,24898,Target 0,1112.0,1339.0,-160.0,1740.54,39.71,True,Active,muhib,Forward,Normal,1: Walking
1790441723.640901,24899,Target 0,1113.0,1351.0,-80.0,1750.42,39.48,True,Active,muhib,Forward,Normal,1: Walking
1790441723.71969,24900,Target 0,1116.0,1356.0,0.0,1756.19,39.45,True,Active,muhib,Forward,Normal,1: Walking
1790441723.8038852,24901,Target 0,1115.0,1362.0,0.0,1760.19,39.31,True,Active,muhib,Forward,Normal,1: Walking
1790441723.8856044,24902,Target 0,1108.0,1370.0,-80.0,1761.98,38.96,True,Active,muhib,Forward,Normal,1: Walking
1790441723.9828181,24903,Target 0,1102.0,1380.0,-80.0,1766.01,38.61,True,Active,muhib,Forward,Normal,1: Walking
1790441724.1095393,24904,Target 0,1093.0,1393.0,-80.0,1770.62,38.12,True,Active,muhib,Forward,Normal,1: Walking
1790441724.1530325,24905,Target 0,1080.0,1401.0,-160.0,1768.95,37.63,True,Active,muhib,Forward,Normal,1: Walking
1790441724.3377979,24906,Target 0,1064.0,1411.0,-160.0,1767.21,37.02,True,Active,muhib,Forward,Normal,1: Walking
1790441724.3579695,24907,Target 0,1051.0,1425.0,-160.0,1770.66,36.41,True,Active,muhib,Forward,Normal,1: Walking
1790441724.4259205,24908,Target 0,1039.0,1439.0,-160.0,1774.89,35.83,True,Active,muhib,Forward,Normal,1: Walking
1790441724.5361772,24909,Target 0,1029.0,1456.0,-160.0,1782.91,35.25,True,Active,muhib,Forward,Normal,1: Walking
1790441724.600669,24910,Target 0,1021.0,1470.0,-160.0,1789.79,34.78,True,Active,muhib,Forward,Normal,1: Walking
1790441724.7088704,24911,Target 0,1015.0,1484.0,-160.0,1797.91,34.37,True,Active,muhib,Forward,Normal,1: Walking
1790441724.811573,24912,Target 0,1013.0,1505.0,0.0,1814.16,33.94,True,Active,muhib,Forward,Normal,1: Walking
1790441724.8691456,24913,Target 0,1007.0,1521.0,80.0,1824.14,33.51,True,Active,muhib,Forward,Normal,1: Walking
1790441724.9703894,24914,Target 0,997.0,1533.0,240.0,1828.69,33.04,True,Active,muhib,Forward,Normal,1: Walking
1790441725.1049817,24915,Target 0,982.0,1541.0,320.0,1827.29,32.51,True,Active,muhib,Forward,Normal,1: Walking
1790441725.131219,24916,Target 0,964.0,1548.0,390.0,1823.62,31.91,True,Active,muhib,Forward,Normal,1: Walking
1790441725.219444,24917,Target 0,944.0,1553.0,480.0,1817.4,31.29,True,Active,muhib,Forward,Normal,1: Walking
1790441725.3913558,24918,Target 0,923.0,1556.0,320.0,1809.16,30.68,True,Active,muhib,Forward,Normal,1: Walking
1790441725.4122443,24919,Target 0,899.0,1557.0,240.0,1797.9,30.0,True,Active,muhib,Forward,Normal,1: Walking
1790441725.4961843,24920,Target 0,874.0,1557.0,240.0,1785.53,29.31,True,Active,muhib,Forward,Normal,1: Walking
1790441725.576045,24921,Target 0,843.0,1569.0,240.0,1781.13,28.25,True,Active,muhib,Forward,Normal,1: Walking
1790441725.6829438,24922,Target 0,792.0,1576.0,160.0,1763.81,26.68,True,Active,muhib,Forward,Normal,1: Walking
1790441725.7637258,24923,Target 0,756.0,1573.0,160.0,1745.24,25.67,True,Active,muhib,Forward,Normal,1: Walking
1790441725.8568587,24924,Target 0,732.0,1577.0,320.0,1738.61,24.9,True,Active,muhib,Forward,Normal,1: Walking
1790441725.9361777,24925,Target 0,707.0,1575.0,160.0,1726.4,24.17,True,Active,muhib,Forward,Normal,1: Walking
1790441726.0462203,24926,Target 0,682.0,1571.0,240.0,1712.65,23.47,True,Active,muhib,Forward,Normal,1: Walking
1790441726.1269488,24927,Target 0,653.0,1568.0,160.0,1698.54,22.61,True,Active,muhib,Forward,Normal,1: Walking
1790441726.1989567,24928,Target 0,594.0,1562.0,160.0,1671.13,20.82,True,Active,muhib,Forward,Normal,1: Walking
1790441726.2919576,24929,Target 0,549.0,1544.0,160.0,1638.7,19.57,True,Active,muhib,Forward,Normal,1: Walking
1790441726.3871455,24930,Target 0,511.0,1525.0,320.0,1608.34,18.53,True,Active,muhib,Forward,Normal,1: Walking
1790441726.4981465,24931,Target 0,469.0,1510.0,320.0,1581.16,17.25,True,Active,muhib,Forward,Normal,1: Walking
1790441726.5885587,24932,Target 0,419.0,1500.0,320.0,1557.42,15.61,True,Active,muhib,Forward,Normal,1: Walking
1790441726.7884173,24933,Target 0,362.0,1488.0,320.0,1531.4,13.67,True,Active,muhib,Forward,Normal,1: Walking
1790441726.8101733,24934,Target 0,319.0,1466.0,560.0,1500.31,12.28,True,Active,muhib,Forward,Normal,1: Walking
1790441726.88692,24935,Target 0,272.0,1450.0,320.0,1475.29,10.62,True,Active,muhib,Forward,Normal,1: Walking
1790441726.9383004,24936,Target 0,230.0,1425.0,560.0,1443.44,9.17,True,Active,muhib,Forward,Normal,1: Walking
1790441727.000157,24937,Target 0,194.0,1393.0,390.0,1406.44,7.93,True,Active,muhib,Forward,Normal,1: Walking
1790441727.088773,24938,Target 0,157.0,1358.0,320.0,1367.05,6.59,True,Active,muhib,Forward,Normal,1: Walking
1790441727.1989295,24939,Target 0,116.0,1321.0,160.0,1326.08,5.02,True,Active,muhib,Forward,Normal,1: Walking
1790441727.271119,24940,Target 0,71.0,1296.0,80.0,1297.94,3.14,True,Active,muhib,Forward,Normal,1: Walking
1790441727.3759975,24941,Target 0,25.0,1280.0,0.0,1280.24,1.12,True,Active,muhib,Forward,Normal,1: Walking
1790441727.5329688,24942,Target 0,-24.0,1271.0,-80.0,1271.23,-1.08,True,Active,muhib,Forward,Normal,1: Walking
1790441727.5533924,24943,Target 0,-67.0,1260.0,0.0,1261.78,-3.04,True,Active,muhib,Forward,Normal,1: Walking
1790441727.6457791,24944,Target 0,-114.0,1243.0,0.0,1248.22,-5.24,True,Active,muhib,Forward,Normal,1: Walking
1790441727.7116244,24945,Target 0,-162.0,1222.0,0.0,1232.69,-7.55,True,Active,muhib,Forward,Normal,1: Walking
1790441727.8276489,24946,Target 0,-220.0,1209.0,-80.0,1228.85,-10.31,True,Active,muhib,Forward,Normal,1: Walking
1790441727.8899033,24947,Target 0,-270.0,1192.0,-80.0,1222.2,-12.76,True,Active,muhib,Forward,Normal,1: Walking
1790441727.9996412,24948,Target 0,-325.0,1186.0,-80.0,1229.72,-15.32,True,Active,muhib,Forward,Normal,1: Walking
1790441728.0674279,24949,Target 0,-377.0,1182.0,-80.0,1240.67,-17.69,True,Active,muhib,Forward,Normal,1: Walking
1790441728.1643496,24950,Target 0,-426.0,1175.0,0.0,1249.84,-19.93,True,Active,muhib,Forward,Normal,1: Walking
1790441728.3567464,24951,Target 0,-491.0,1166.0,-80.0,1265.16,-22.84,True,Active,muhib,Forward,Normal,1: Walking
1790441728.3775556,24952,Target 0,-543.0,1162.0,-80.0,1282.61,-25.05,True,Active,muhib,Forward,Normal,1: Walking
1790441728.4422836,24953,Target 0,-606.0,1146.0,-160.0,1296.36,-27.87,True,Active,muhib,Forward,Normal,1: Walking
1790441728.512141,24954,Target 0,-667.0,1128.0,-160.0,1310.45,-30.6,True,Active,muhib,Forward,Normal,1: Walking
1790441728.6092236,24955,Target 0,-721.0,1110.0,-160.0,1323.61,-33.01,True,Active,muhib,Forward,Normal,1: Walking
1790441728.7122505,24956,Target 0,-760.0,1101.0,-240.0,1337.83,-34.62,True,Active,muhib,Forward,Normal,1: Walking
1790441728.8342779,24957,Target 0,-795.0,1095.0,-240.0,1353.16,-35.98,True,Active,muhib,Forward,Normal,1: Walking
1790441728.8680363,24958,Target 0,-821.0,1087.0,-320.0,1362.21,-37.06,True,Active,muhib,Forward,Normal,1: Walking
1790441728.9949627,24959,Target 0,-842.0,1087.0,-320.0,1374.97,-37.76,True,Active,muhib,Forward,Normal,1: Walking
1790441729.0946019,24960,Target 0,-858.0,1092.0,-390.0,1388.75,-38.16,True,Active,muhib,Forward,Normal,1: Walking
1790441729.1805947,24961,Target 0,-866.0,1099.0,-320.0,1399.2,-38.24,True,Active,muhib,Forward,Normal,1: Walking
1790441729.2279727,24962,Target 0,-874.0,1114.0,-320.0,1415.94,-38.12,True,Active,muhib,Forward,Normal,1: Walking
1790441729.329989,24963,Target 0,-879.0,1135.0,-240.0,1435.57,-37.76,True,Active,muhib,Forward,Normal,1: Walking
1790441729.4279022,24964,Target 0,-893.0,1154.0,-390.0,1459.17,-37.73,True,Active,muhib,Forward,Normal,1: Walking
1790441729.4912283,24965,Target 0,-900.0,1175.0,-160.0,1480.08,-37.45,True,Active,muhib,Forward,Normal,1: Walking
1790441729.5829124,24966,Target 0,-902.0,1197.0,-160.0,1498.8,-37.0,True,Active,muhib,Forward,Normal,1: Walking
1790441729.6899629,24967,Target 0,-913.0,1214.0,-390.0,1519.0,-36.95,True,Active,muhib,Forward,Normal,1: Walking
1790441729.8514912,24968,Target 0,-918.0,1228.0,-160.0,1533.2,-36.78,True,Active,muhib,Forward,Normal,1: Walking
1790441729.8738267,24969,Target 0,-913.0,1250.0,-240.0,1547.92,-36.14,True,Active,muhib,Forward,Normal,1: Walking
1790441729.937382,24970,Target 0,-911.0,1269.0,-160.0,1562.14,-35.67,True,Active,muhib,Forward,Normal,1: Walking
1790441730.0896533,24971,Target 0,-921.0,1287.0,-320.0,1582.6,-35.59,True,Active,muhib,Forward,Normal,1: Walking
1790441730.1265624,24972,Target 0,-925.0,1306.0,-160.0,1600.39,-35.31,True,Active,muhib,Forward,Normal,1: Walking
1790441730.2027292,24973,Target 0,-934.0,1336.0,-160.0,1630.11,-34.96,True,Active,muhib,Forward,Normal,1: Walking
1790441730.4068131,24974,Target 0,-940.0,1358.0,0.0,1651.59,-34.69,True,Active,muhib,Forward,Normal,1: Walking
1790441730.427813,24975,Target 0,-943.0,1375.0,0.0,1667.3,-34.44,True,Active,muhib,Forward,Normal,1: Walking
1790441730.490446,24976,Target 0,-943.0,1388.0,160.0,1678.03,-34.19,True,Active,muhib,Forward,Normal,1: Walking
1790441730.5584538,24977,Target 0,-940.0,1396.0,240.0,1682.98,-33.95,True,Active,muhib,Forward,Normal,1: Walking
1790441730.648374,24978,Target 0,-932.0,1407.0,240.0,1687.68,-33.52,True,Active,muhib,Forward,Normal,1: Walking
1790441730.7381182,24979,Target 0,-918.0,1423.0,240.0,1693.41,-32.83,True,Active,muhib,Forward,Normal,1: Walking
1790441730.8362842,24980,Target 0,-900.0,1438.0,240.0,1696.42,-32.04,True,Active,muhib,Forward,Normal,1: Walking
1790441730.9156115,24981,Target 0,-877.0,1451.0,160.0,1695.44,-31.15,True,Active,muhib,Forward,Normal,1: Walking
1790441731.011029,24982,Target 0,-853.0,1464.0,160.0,1694.37,-30.23,True,Active,muhib,Forward,Normal,1: Walking
1790441731.093388,24983,Target 0,-825.0,1483.0,80.0,1697.03,-29.09,True,Active,muhib,Forward,Normal,1: Walking
1790441731.2493103,24984,Target 0,-772.0,1524.0,80.0,1708.38,-26.87,True,Active,muhib,Forward,Normal,1: Walking
1790441731.3181112,24985,Target 0,-725.0,1546.0,0.0,1707.55,-25.12,True,Active,muhib,Forward,Normal,1: Walking
1790441731.393674,24986,Target 0,-680.0,1572.0,-160.0,1712.77,-23.39,True,Active,muhib,Forward,Normal,1: Walking
1790441731.453216,24987,Target 0,-640.0,1589.0,-160.0,1713.04,-21.94,True,Active,muhib,Forward,Normal,1: Walking
1790441731.5966916,24988,Target 0,-599.0,1591.0,-80.0,1700.02,-20.63,True,Active,muhib,Forward,Normal,1: Walking
1790441731.6692786,24989,Target 0,-553.0,1588.0,-160.0,1681.53,-19.2,True,Active,muhib,Forward,Normal,1: Walking
1790441731.7209716,24990,Target 0,-507.0,1599.0,-240.0,1677.45,-17.59,True,Active,muhib,Forward,Normal,1: Walking
1790441731.8090906,24991,Target 0,-447.0,1613.0,-390.0,1673.79,-15.49,True,Active,muhib,Forward,Normal,1: Walking
1790441731.9046335,24992,Target 0,-385.0,1636.0,-480.0,1680.69,-13.24,True,Active,muhib,Forward,Normal,1: Walking
1790441732.0451248,24993,Target 0,-341.0,1673.0,-320.0,1707.4,-11.52,True,Active,muhib,Forward,Normal,1: Walking
1790441732.0726664,24994,Target 0,-294.0,1705.0,-560.0,1730.16,-9.78,True,Active,muhib,Forward,Normal,1: Walking
1790441732.1988244,24995,Target 0,-268.0,1737.0,-160.0,1757.55,-8.77,True,Active,muhib,Forward,Normal,1: Walking
1790441732.2615411,24996,Target 0,-245.0,1776.0,-560.0,1792.82,-7.85,True,Active,muhib,Forward,Normal,1: Walking
1790441732.3464534,24997,Target 0,-223.0,1828.0,-390.0,1841.55,-6.96,True,Active,muhib,Forward,Normal,1: Walking
1790441732.4305933,24998,Target 0,-205.0,1872.0,-560.0,1883.19,-6.25,True,Active,muhib,Forward,Normal,1: Walking
1790441732.5165575,24999,Target 0,-182.0,1911.0,-720.0,1919.65,-5.44,True,Active,muhib,Forward,Normal,1: Walking
1790441732.6163788,25000,Target 0,-173.0,1960.0,-1190.0,1967.62,-5.04,True,Active,muhib,Forward,Normal,1: Walking
1790441732.7005677,25001,Target 0,-176.0,2033.0,-1920.0,2040.6,-4.95,True,Active,muhib,Forward,Normal,1: Walking
1790441732.7907999,25002,Target 0,-180.0,2113.0,-390.0,2120.65,-4.87,True,Active,muhib,Forward,Normal,6: Fall onset
1790441732.8830328,25003,Target 0,-188.0,2200.0,-390.0,2208.02,-4.88,True,Active,muhib,Forward,Normal,6: Fall onset
1790441732.9671545,25004,Target 0,-197.0,2298.0,0.0,2306.43,-4.9,True,Active,muhib,Forward,Normal,6: Fall onset
1790441733.0527122,25005,Target 0,-213.0,2596.0,0.0,2604.72,-4.69,True,Active,muhib,Forward,Normal,6: Fall onset
1790441733.1402256,25006,Target 0,-256.0,2868.0,0.0,2879.4,-5.1,True,Active,muhib,Forward,Normal,6: Fall onset
1790441733.228557,25007,Target 0,-334.0,3116.0,0.0,3133.85,-6.12,True,Active,muhib,Forward,Normal,6: Fall onset
1790441733.3609161,25008,Target 0,-413.0,3321.0,-160.0,3346.58,-7.09,True,Active,muhib,Forward,Normal,6: Fall onset
1790441733.435284,25009,Target 0,-476.0,3497.0,80.0,3529.25,-7.75,True,Active,muhib,Forward,Normal,6: Fall onset
1790441733.521667,25010,Target 0,-448.0,3599.0,80.0,3626.78,-7.1,True,Active,muhib,Forward,Normal,6: Fall onset
1790441733.590897,25011,Target 0,-378.0,3677.0,0.0,3696.38,-5.87,True,Active,muhib,Forward,Normal,6: Fall onset
1790441733.673447,25012,Target 0,-303.0,3712.0,0.0,3724.35,-4.67,True,Active,muhib,Forward,Normal,6: Fall onset
1790441733.8115103,25013,Target 0,-232.0,3731.0,0.0,3738.21,-3.56,True,Active,muhib,Forward,Normal,6: Fall onset
1790441733.858285,25014,Target 0,-134.0,3762.0,0.0,3764.39,-2.04,True,Active,muhib,Forward,Normal,6: Fall onset
1790441733.9571607,25015,Target 0,-48.0,3784.0,0.0,3784.3,-0.73,True,Active,muhib,Forward,Normal,6: Fall onset
1790441734.0648937,25016,Target 0,41.0,3800.0,0.0,3800.22,0.62,True,Active,muhib,Forward,Normal,6: Fall onset
1790441734.188716,25017,Target 0,109.0,3795.0,0.0,3796.57,1.65,True,Active,muhib,Forward,Normal,6: Fall onset
1790441734.214713,25018,Target 0,145.0,3814.0,0.0,3816.76,2.18,True,Active,muhib,Forward,Normal,7: Post-fall stillness
1790441734.3215222,25019,Target 0,173.0,3832.0,0.0,3835.9,2.58,True,Active,muhib,Forward,Normal,7: Post-fall stillness
1790441734.385465,25020,Target 0,193.0,3848.0,0.0,3852.84,2.87,True,Active,muhib,Forward,Normal,7: Post-fall stillness
1790441734.500806,25021,Target 0,188.0,3836.0,80.0,3840.6,2.81,True,Active,muhib,Forward,Normal,7: Post-fall stillness
1790441734.5637922,25022,Target 0,171.0,3831.0,0.0,3834.81,2.56,True,Active,muhib,Forward,Normal,7: Post-fall stillness
1790441734.6525927,25023,Target 0,156.0,3835.0,0.0,3838.17,2.33,True,Active,muhib,Forward,Normal,7: Post-fall stillness
1790441734.7415707,25024,Target 0,135.0,3839.0,0.0,3841.37,2.01,True,Active,muhib,Forward,Normal,7: Post-fall stillness
1790441734.85072,25025,Target 0,113.0,3846.0,0.0,3847.66,1.68,True,Active,muhib,Forward,Normal,7: Post-fall stillness
1790441734.9277256,25026,Target 0,88.0,3854.0,0.0,3855.0,1.31,True,Active,muhib,Forward,Normal,7: Post-fall stillness
1790441735.0087461,25027,Target 0,64.0,3861.0,0.0,3861.53,0.95,True,Active,muhib,Forward,Normal,7: Post-fall stillness
1790441735.1060946,25028,Target 0,35.0,3868.0,0.0,3868.16,0.52,True,Active,muhib,Forward,Normal,7: Post-fall stillness
1790441735.2081718,25029,Target 0,14.0,3875.0,0.0,3875.03,0.21,True,Active,muhib,Forward,Normal,7: Post-fall stillness
1790441735.3396206,25030,Target 0,-11.0,3880.0,80.0,3880.02,-0.16,True,Active,muhib,Forward,Normal,7: Post-fall stillness
1790441735.3798866,25031,Target 0,-37.0,3884.0,80.0,3884.18,-0.55,True,Active,muhib,Forward,Normal,7: Post-fall stillness
1790441735.5094259,25032,Target 0,-57.0,3883.0,0.0,3883.42,-0.84,True,Active,muhib,Forward,Normal,7: Post-fall stillness
1790441735.5614839,25033,Target 0,-75.0,3888.0,0.0,3888.72,-1.11,True,Active,muhib,Forward,Normal,7: Post-fall stillness
1790441735.639569,25034,Target 0,-96.0,3889.0,0.0,3890.18,-1.41,True,Active,muhib,Forward,Normal,7: Post-fall stillness
1790441735.7212265,25035,Target 0,-120.0,3890.0,-80.0,3891.85,-1.77,True,Active,muhib,Forward,Normal,7: Post-fall stillness
1790441735.8148882,25036,Target 0,-139.0,3889.0,80.0,3891.48,-2.05,True,Active,muhib,Forward,Normal,7: Post-fall stillness
1790441735.9231668,25037,Target 0,-144.0,3873.0,160.0,3875.68,-2.13,True,Active,muhib,Forward,Normal,7: Post-fall stillness
1790441736.00052,25038,Target 0,-145.0,3853.0,160.0,3855.73,-2.16,True,Active,muhib,Forward,Normal,7: Post-fall stillness
1790441736.0846276,25039,Target 0,-149.0,3835.0,0.0,3837.89,-2.22,True,Active,muhib,Forward,Normal,7: Post-fall stillness
1790441736.1889546,25040,Target 0,-175.0,3830.0,-80.0,3834.0,-2.62,True,Active,muhib,Forward,Normal,7: Post-fall stillness
1790441736.337881,25041,Target 0,-204.0,3828.0,-80.0,3833.43,-3.05,True,Active,muhib,Forward,Normal,7: Post-fall stillness
1790441736.3593116,25042,Target 0,-279.0,3828.0,0.0,3838.15,-4.17,True,Active,muhib,Forward,Normal,7: Post-fall stillness
1790441736.434884,25043,Target 0,-352.0,3850.0,0.0,3866.06,-5.22,True,Active,muhib,Forward,Normal,7: Post-fall stillness
1790441736.5349329,25044,Target 0,-494.0,3889.0,0.0,3920.25,-7.24,True,Active,muhib,Forward,Normal,7: Post-fall stillness
1790441736.6678648,25045,Target 0,-623.0,3937.0,0.0,3985.99,-8.99,True,Active,muhib,Forward,Normal,7: Post-fall stillness
1790441736.7882993,25046,Target 0,-737.0,3986.0,0.0,4053.56,-10.48,True,Active,muhib,Forward,Normal,7: Post-fall stillness
1790441736.8080652,25047,Target 0,-837.0,4034.0,0.0,4119.92,-11.72,True,Active,muhib,Forward,Normal,7: Post-fall stillness
1790441736.9799774,25048,Target 0,-923.0,4078.0,0.0,4181.15,-12.75,True,Active,muhib,Forward,Normal,7: Post-fall stillness
1790441737.0014489,25049,Target 0,-961.0,4044.0,80.0,4156.62,-13.37,True,Active,muhib,Forward,Normal,7: Post-fall stillness
1790441737.0577302,25050,Target 0,-982.0,4020.0,0.0,4138.2,-13.73,True,Active,muhib,Forward,Normal,7: Post-fall stillness
1790441737.1453638,25051,Target 0,-1002.0,4007.0,0.0,4130.38,-14.04,True,Active,muhib,Forward,Normal,7: Post-fall stillness
1790441737.2326884,25052,Target 0,-1022.0,4010.0,0.0,4138.19,-14.3,True,Active,muhib,Forward,Normal,7: Post-fall stillness
1790441737.3616815,25053,Target 0,-1040.0,4018.0,0.0,4150.41,-14.51,True,Active,muhib,Forward,Normal,7: Post-fall stillness
1790441737.4107654,25054,Target 0,-1043.0,4020.0,80.0,4153.1,-14.54,True,Active,muhib,Forward,Normal,7: Post-fall stillness
1790441737.5013363,25055,Target 0,-1037.0,4021.0,0.0,4152.57,-14.46,True,Active,muhib,Forward,Normal,7: Post-fall stillness
1790441737.5898387,25056,Target 0,-1021.0,4023.0,80.0,4150.54,-14.24,True,Active,muhib,Forward,Normal,7: Post-fall stillness
1790441737.6939087,25057,Target 0,-995.0,4022.0,80.0,4143.25,-13.9,True,Active,muhib,Forward,Normal,7: Post-fall stillness
1790441737.7666814,25058,Target 0,-967.0,4022.0,0.0,4136.61,-13.52,True,Active,muhib,Forward,Normal,7: Post-fall stillness
1790441737.8631756,25059,Target 0,-882.0,4018.0,0.0,4113.67,-12.38,True,Active,muhib,Forward,Normal,7: Post-fall stillness
1790441737.9713778,25060,Target 0,-821.0,4027.0,0.0,4109.84,-11.52,True,Active,muhib,Forward,Normal,8: Recovery / standing back up
1790441738.0505874,25061,Target 0,-813.0,4034.0,160.0,4115.11,-11.39,True,Active,muhib,Forward,Normal,8: Recovery / standing back up
1790441738.1371772,25062,Target 0,-803.0,4043.0,0.0,4121.97,-11.23,True,Active,muhib,Forward,Normal,8: Recovery / standing back up
1790441738.2217302,25063,Target 0,-797.0,4054.0,0.0,4131.6,-11.12,True,Active,muhib,Forward,Normal,8: Recovery / standing back up
1790441738.3624618,25064,Target 0,-791.0,4065.0,0.0,4141.24,-11.01,True,Active,muhib,Forward,Normal,8: Recovery / standing back up
1790441738.393874,25065,Target 0,-785.0,4076.0,0.0,4150.9,-10.9,True,Active,muhib,Forward,Normal,8: Recovery / standing back up
1790441738.5498786,25066,Target 0,-785.0,4083.0,0.0,4157.78,-10.88,True,Active,muhib,Forward,Normal,8: Recovery / standing back up
1790441738.6697118,25067,Target 0,-786.0,4088.0,0.0,4162.88,-10.88,True,Active,muhib,Forward,Normal,8: Recovery / standing back up
1790441738.6895795,25068,Target 0,-787.0,4093.0,0.0,4167.98,-10.88,True,Active,muhib,Forward,Normal,8: Recovery / standing back up
1790441738.7591944,25069,Target 0,-788.0,4097.0,0.0,4172.09,-10.89,True,Active,muhib,Forward,Normal,8: Recovery / standing back up
1790441738.834747,25070,Target 0,-789.0,4102.0,0.0,4177.19,-10.89,True,Active,muhib,Forward,Normal,8: Recovery / standing back up
1790441738.9443727,25071,Target 0,-790.0,4106.0,0.0,4181.31,-10.89,True,Active,muhib,Forward,Normal,8: Recovery / standing back up
1790441739.0642366,25072,Target 0,-203.0,2757.0,160.0,2764.46,-4.21,True,Active,muhib,Forward,Normal,8: Recovery / standing back up
1790441739.1633213,25073,Target 0,-194.0,2753.0,80.0,2759.83,-4.03,True,Active,muhib,Forward,Normal,8: Recovery / standing back up
1790441739.2990727,25074,Target 0,-188.0,2751.0,80.0,2757.42,-3.91,True,Active,muhib,Forward,Normal,8: Recovery / standing back up
1790441739.3197408,25075,Target 0,-178.0,2749.0,80.0,2754.76,-3.7,True,Active,muhib,Forward,Normal,8: Recovery / standing back up
1790441739.3681765,25076,Target 0,-167.0,2748.0,80.0,2753.07,-3.48,True,Active,muhib,Forward,Normal,8: Recovery / standing back up
1790441739.4606605,25077,Target 0,-155.0,2746.0,80.0,2750.37,-3.23,True,Active,muhib,Forward,Normal,8: Recovery / standing back up
1790441739.5542052,25078,Target 0,-145.0,2745.0,80.0,2748.83,-3.02,True,Active,muhib,Forward,Normal,8: Recovery / standing back up
1790441739.6412895,25079,Target 0,-134.0,2744.0,80.0,2747.27,-2.8,True,Active,muhib,Forward,Normal,8: Recovery / standing back up
1790441739.73287,25080,Target 0,-124.0,2742.0,80.0,2744.8,-2.59,True,Active,muhib,Forward,Normal,8: Recovery / standing back up
1790441739.8256278,25081,Target 0,-114.0,2741.0,80.0,2743.37,-2.38,True,Active,muhib,Forward,Normal,8: Recovery / standing back up
1790441739.902696,25082,Target 0,-105.0,2740.0,80.0,2742.01,-2.19,True,Active,muhib,Forward,Normal,8: Recovery / standing back up
1790441739.9922502,25083,Target 0,-101.0,2738.0,0.0,2739.86,-2.11,True,Active,muhib,Forward,Normal,8: Recovery / standing back up
1790441740.0862207,25084,Target 0,-99.0,2736.0,0.0,2737.79,-2.07,True,Active,muhib,Forward,Normal,8: Recovery / standing back up
1790441740.1790648,25085,Target 0,-103.0,2731.0,-160.0,2732.94,-2.16,True,Active,muhib,Forward,Normal,8: Recovery / standing back up
1790441740.3395984,25086,Target 0,-108.0,2728.0,-160.0,2730.14,-2.27,True,Active,muhib,Forward,Normal,8: Recovery / standing back up
1790441740.362198,25087,Target 0,-112.0,2726.0,-80.0,2728.3,-2.35,True,Active,muhib,Forward,Normal,8: Recovery / standing back up
1790441740.4381802,25088,Target 0,-117.0,2724.0,-80.0,2726.51,-2.46,True,Active,muhib,Forward,Normal,8: Recovery / standing back up
1790441740.6000717,25089,Target 0,-122.0,2726.0,80.0,2728.73,-2.56,True,Active,muhib,Forward,Normal,8: Recovery / standing back up
1790441740.6868067,25090,Target 0,-126.0,2731.0,240.0,2733.91,-2.64,True,Active,muhib,Forward,Normal,8: Recovery / standing back up
1790441740.7930195,25091,Target 0,-129.0,2739.0,240.0,2742.04,-2.7,True,Active,muhib,Forward,Normal,8: Recovery / standing back up
1790441740.8135028,25092,Target 0,-136.0,2750.0,80.0,2753.36,-2.83,True,Active,muhib,Forward,Normal,8: Recovery / standing back up
1790441740.9415908,25093,Target 0,-141.0,2758.0,-240.0,2761.6,-2.93,True,Active,muhib,Forward,Normal,8: Recovery / standing back up
1790441741.0287027,25094,Target 0,-146.0,2766.0,-240.0,2769.85,-3.02,True,Active,muhib,Forward,Normal,8: Recovery / standing back up
1790441741.0677843,25095,Target 0,-150.0,2767.0,-240.0,2771.06,-3.1,True,Active,muhib,Forward,Normal,8: Recovery / standing back up
1790441741.1775768,25096,Target 0,-154.0,2764.0,-240.0,2768.29,-3.19,True,Active,muhib,Forward,Normal,8: Recovery / standing back up
1790441741.2716548,25097,Target 0,-157.0,2762.0,-240.0,2766.46,-3.25,True,Active,muhib,Forward,Normal,8: Recovery / standing back up
1790441741.371715,25098,Target 0,-159.0,2762.0,-390.0,2766.57,-3.29,True,Active,muhib,Forward,Normal,2: Standing / idle
1790441741.434841,25099,Target 0,-166.0,2764.0,80.0,2768.98,-3.44,True,Active,muhib,Forward,Normal,2: Standing / idle
1790441741.5375476,25100,Target 0,-173.0,2766.0,240.0,2771.4,-3.58,True,Active,muhib,Forward,Normal,2: Standing / idle
1790441741.5948598,25101,Target 0,-181.0,2769.0,240.0,2774.91,-3.74,True,Active,muhib,Forward,Normal,2: Standing / idle
1790441741.702961,25102,Target 0,-186.0,2777.0,-390.0,2783.22,-3.83,True,Active,muhib,Forward,Normal,2: Standing / idle
1790441741.7798162,25103,Target 0,-195.0,2782.0,-80.0,2788.83,-4.01,True,Active,muhib,Forward,Normal,2: Standing / idle
1790441741.8651702,25104,Target 0,-211.0,2781.0,-160.0,2788.99,-4.34,True,Active,muhib,Forward,Normal,2: Standing / idle
1790441741.9662216,25105,Target 0,-225.0,2781.0,-160.0,2790.09,-4.63,True,Active,muhib,Forward,Normal,1: Walking
1790441742.0611699,25106,Target 0,-234.0,2784.0,-160.0,2793.82,-4.8,True,Active,muhib,Forward,Normal,1: Walking
1790441742.1371453,25107,Target 0,-244.0,2788.0,-320.0,2798.66,-5.0,True,Active,muhib,Forward,Normal,1: Walking
1790441742.219512,25108,Target 0,-253.0,2795.0,-390.0,2806.43,-5.17,True,Active,muhib,Forward,Normal,1: Walking
1790441742.3091474,25109,Target 0,-263.0,2801.0,-320.0,2813.32,-5.36,True,Active,muhib,Forward,Normal,1: Walking
1790441742.4199862,25110,Target 0,-273.0,2807.0,-320.0,2820.24,-5.55,True,Active,muhib,Forward,Normal,1: Walking
1790441742.490427,25111,Target 0,-285.0,2813.0,-160.0,2827.4,-5.79,True,Active,muhib,Forward,Normal,1: Walking
1790441742.5727654,25112,Target 0,-296.0,2819.0,-160.0,2834.5,-5.99,True,Active,muhib,Forward,Normal,1: Walking
1790441742.6624534,25113,Target 0,-306.0,2829.0,0.0,2845.5,-6.17,True,Active,muhib,Forward,Normal,1: Walking
1790441742.7663887,25114,Target 0,-316.0,2841.0,0.0,2858.52,-6.35,True,Active,muhib,Forward,Normal,1: Walking
1790441742.840153,25115,Target 0,-325.0,2850.0,160.0,2868.47,-6.51,True,Active,muhib,Forward,Normal,1: Walking
1790441742.9648676,25116,Target 0,-334.0,2853.0,390.0,2872.48,-6.68,True,Active,muhib,Forward,Normal,1: Walking
1790441743.0201433,25117,Target 0,-344.0,2853.0,480.0,2873.66,-6.88,True,Active,muhib,Forward,Normal,1: Walking
1790441743.1298575,25118,Target 0,-353.0,2853.0,480.0,2874.76,-7.05,True,Active,muhib,Forward,Normal,1: Walking
1790441743.1992998,25119,Target 0,-358.0,2848.0,480.0,2870.41,-7.16,True,Active,muhib,Forward,Normal,1: Walking
1790441743.3143866,25120,Target 0,-365.0,2839.0,390.0,2862.37,-7.33,True,Active,muhib,Forward,Normal,1: Walking
1790441743.3731637,25121,Target 0,-373.0,2831.0,320.0,2855.47,-7.51,True,Active,muhib,Forward,Normal,1: Walking
1790441743.4761438,25122,Target 0,-385.0,2823.0,240.0,2849.13,-7.77,True,Active,muhib,Forward,Normal,1: Walking
1790441743.55562,25123,Target 0,-395.0,2814.0,80.0,2841.59,-7.99,True,Active,muhib,Forward,Normal,1: Walking
1790441743.67858,25124,Target 0,-409.0,2806.0,160.0,2835.65,-8.29,True,Active,muhib,Forward,Normal,1: Walking
1790441743.7361882,25125,Target 0,-420.0,2796.0,80.0,2827.37,-8.54,True,Active,muhib,Forward,Normal,1: Walking
1790441743.8469563,25126,Target 0,-453.0,2767.0,80.0,2803.84,-9.3,True,Active,muhib,Forward,Normal,1: Walking
1790441743.9179485,25127,Target 0,-463.0,2758.0,240.0,2796.59,-9.53,True,Active,muhib,Forward,Normal,1: Walking
1790441743.998853,25128,Target 0,-477.0,2750.0,160.0,2791.06,-9.84,True,Active,muhib,Forward,Normal,1: Walking
1790441744.0858762,25129,Target 0,-489.0,2743.0,160.0,2786.25,-10.11,True,Active,muhib,Forward,Normal,1: Walking
1790441744.1834686,25130,Target 0,-498.0,2735.0,80.0,2779.97,-10.32,True,Active,muhib,Forward,Normal,1: Walking
1790441744.263184,25131,Target 0,-509.0,2727.0,560.0,2774.1,-10.57,True,Active,muhib,Forward,Normal,1: Walking
1790441744.3536985,25132,Target 0,-525.0,2716.0,240.0,2766.28,-10.94,True,Active,muhib,Forward,Normal,1: Walking
1790441744.441244,25133,Target 0,-578.0,2681.0,390.0,2742.6,-12.17,True,Active,muhib,Forward,Normal,1: Walking
1790441744.537878,25134,Target 0,-635.0,2645.0,480.0,2720.16,-13.5,True,Active,muhib,Forward,Normal,1: Walking
1790441744.62018,25135,Target 0,-717.0,2583.0,480.0,2680.67,-15.51,True,Active,muhib,Forward,Normal,1: Walking
1790441744.7123222,25136,Target 0,-751.0,2549.0,640.0,2657.33,-16.42,True,Active,muhib,Forward,Normal,1: Walking
1790441744.7981155,25137,Target 0,-802.0,2483.0,560.0,2609.31,-17.9,True,Active,muhib,Forward,Normal,1: Walking
1790441744.8986893,25138,Target 0,-856.0,2421.0,390.0,2567.87,-19.47,True,Active,muhib,Forward,Normal,1: Walking
1790441744.9779823,25139,Target 0,-899.0,2364.0,390.0,2529.17,-20.82,True,Active,muhib,Forward,Normal,1: Walking
1790441745.0690129,25140,Target 0,-955.0,2302.0,480.0,2492.23,-22.53,True,Active,muhib,Forward,Normal,1: Walking
