timestamp,sequence_id,target_id,x_mm,y_mm,speed_mms,distance_mm,angle_deg,valid,status,volunteer_id,fall_subtype,pace_variant,action_label
1790443671.03735,46781,Target 0,499.0,1777.0,560.0,1845.73,15.69,True,Active,muhib,Forward,Normal,1: Walking
1790443671.09415,46782,Target 0,489.0,1729.0,560.0,1796.82,15.79,True,Active,muhib,Forward,Normal,1: Walking
1790443671.1620262,46783,Target 0,472.0,1678.0,390.0,1743.12,15.71,True,Active,muhib,Forward,Normal,1: Walking
1790443671.2437005,46784,Target 0,446.0,1639.0,480.0,1698.6,15.22,True,Active,muhib,Forward,Normal,1: Walking
1790443671.3505588,46785,Target 0,416.0,1603.0,480.0,1656.1,14.55,True,Active,muhib,Forward,Normal,1: Walking
1790443671.404523,46786,Target 0,389.0,1566.0,560.0,1613.59,13.95,True,Active,muhib,Forward,Normal,1: Walking
1790443671.4702551,46787,Target 0,363.0,1529.0,640.0,1571.5,13.36,True,Active,muhib,Forward,Normal,1: Walking
1790443671.5702128,46788,Target 0,342.0,1490.0,560.0,1528.75,12.93,True,Active,muhib,Forward,Normal,1: Walking
1790443671.7899835,46789,Target 0,320.0,1449.0,390.0,1483.91,12.45,True,Active,muhib,Forward,Normal,1: Walking
1790443671.8338683,46790,Target 0,322.0,1417.0,390.0,1453.13,12.8,True,Active,muhib,Forward,Normal,1: Walking
1790443671.8544617,46791,Target 0,306.0,1382.0,320.0,1415.47,12.48,True,Active,muhib,Forward,Normal,1: Walking
1790443671.9357393,46792,Target 0,274.0,1348.0,240.0,1375.57,11.49,True,Active,muhib,Forward,Normal,1: Walking
1790443672.0012126,46793,Target 0,241.0,1314.0,320.0,1335.92,10.39,True,Active,muhib,Forward,Normal,1: Walking
1790443672.1383545,46794,Target 0,216.0,1278.0,390.0,1296.12,9.59,True,Active,muhib,Forward,Normal,1: Walking
1790443672.1920605,46795,Target 0,189.0,1249.0,320.0,1263.22,8.6,True,Active,muhib,Forward,Normal,1: Walking
1790443672.2671013,46796,Target 0,160.0,1215.0,320.0,1225.49,7.5,True,Active,muhib,Forward,Normal,1: Walking
1790443672.3882868,46797,Target 0,142.0,1175.0,560.0,1183.55,6.89,True,Active,muhib,Forward,Normal,1: Walking
1790443672.6283534,46798,Target 0,127.0,1138.0,480.0,1145.06,6.37,True,Active,muhib,Forward,Normal,1: Walking
1790443672.648307,46799,Target 0,120.0,1091.0,560.0,1097.58,6.28,True,Active,muhib,Forward,Normal,1: Walking
1790443672.6683083,46800,Target 0,112.0,1041.0,390.0,1047.01,6.14,True,Active,muhib,Forward,Normal,1: Walking
1790443672.7339697,46801,Target 0,92.0,1002.0,80.0,1006.21,5.25,True,Active,muhib,Forward,Normal,1: Walking
1790443672.998793,46802,Target 0,56.0,980.0,-160.0,981.6,3.27,True,Active,muhib,Forward,Normal,1: Walking
1790443673.0219915,46803,Target 0,15.0,968.0,-240.0,968.12,0.89,True,Active,muhib,Forward,Normal,1: Walking
1790443673.0426738,46804,Target 0,-26.0,951.0,-240.0,951.36,-1.57,True,Active,muhib,Forward,Normal,1: Walking
1790443673.0821133,46805,Target 0,-69.0,958.0,-320.0,960.48,-4.12,True,Active,muhib,Forward,Normal,1: Walking
1790443673.1802244,46806,Target 0,-113.0,966.0,-240.0,972.59,-6.67,True,Active,muhib,Forward,Normal,1: Walking
1790443673.271591,46807,Target 0,-160.0,973.0,-240.0,986.07,-9.34,True,Active,muhib,Forward,Normal,1: Walking
1790443673.3511004,46808,Target 0,-208.0,983.0,-240.0,1004.77,-11.95,True,Active,muhib,Forward,Normal,1: Walking
1790443673.5079384,46809,Target 0,-256.0,994.0,-240.0,1026.44,-14.44,True,Active,muhib,Forward,Normal,1: Walking
1790443673.5283327,46810,Target 0,-305.0,1000.0,-240.0,1045.48,-16.96,True,Active,muhib,Forward,Normal,1: Walking
1790443673.610091,46811,Target 0,-353.0,1002.0,-320.0,1062.36,-19.41,True,Active,muhib,Forward,Normal,1: Walking
1790443673.7494252,46812,Target 0,-399.0,996.0,-390.0,1072.95,-21.83,True,Active,muhib,Forward,Normal,1: Walking
1790443673.7921185,46813,Target 0,-445.0,982.0,-390.0,1078.12,-24.38,True,Active,muhib,Forward,Normal,1: Walking
1790443673.9784555,46814,Target 0,-495.0,972.0,-320.0,1090.78,-26.99,True,Active,muhib,Forward,Normal,1: Walking
1790443673.9984555,46815,Target 0,-557.0,971.0,-320.0,1119.42,-29.84,True,Active,muhib,Forward,Normal,1: Walking
1790443674.4728148,46816,Target 0,-615.0,965.0,-390.0,1144.31,-32.51,True,Active,muhib,Forward,Normal,1: Walking
1790443674.4933195,46817,Target 0,-666.0,963.0,-390.0,1170.87,-34.67,True,Active,muhib,Forward,Normal,1: Walking
1790443674.5123198,46818,Target 0,-711.0,960.0,-480.0,1194.62,-36.52,True,Active,muhib,Forward,Normal,1: Walking
1790443674.5318997,46819,Target 0,-735.0,974.0,-390.0,1220.21,-37.04,True,Active,muhib,Forward,Normal,1: Walking
1790443674.5510259,46820,Target 0,-755.0,991.0,-480.0,1245.84,-37.3,True,Active,muhib,Forward,Normal,1: Walking
1790443674.573027,46821,Target 0,-778.0,1019.0,-480.0,1282.05,-37.36,True,Active,muhib,Forward,Normal,1: Walking
1790443674.594533,46822,Target 0,-804.0,1043.0,-390.0,1316.91,-37.63,True,Active,muhib,Forward,Normal,1: Walking
1790443674.6904848,46823,Target 0,-825.0,1076.0,-320.0,1355.88,-37.48,True,Active,muhib,Forward,Normal,1: Walking
1790443674.8108277,46824,Target 0,-855.0,1093.0,-320.0,1387.69,-38.03,True,Active,muhib,Forward,Normal,1: Walking
1790443674.8712556,46825,Target 0,-881.0,1107.0,-320.0,1414.78,-38.51,True,Active,muhib,Forward,Normal,1: Walking
1790443674.9524434,46826,Target 0,-891.0,1133.0,-80.0,1441.38,-38.18,True,Active,muhib,Forward,Normal,1: Walking
1790443675.053157,46827,Target 0,-907.0,1147.0,-320.0,1462.28,-38.34,True,Active,muhib,Forward,Normal,1: Walking
1790443675.1303716,46828,Target 0,-915.0,1154.0,-320.0,1472.73,-38.41,True,Active,muhib,Forward,Normal,1: Walking
1790443675.2168038,46829,Target 0,-926.0,1165.0,-320.0,1488.19,-38.48,True,Active,muhib,Forward,Normal,1: Walking
1790443675.2970128,46830,Target 0,-926.0,1180.0,-80.0,1499.96,-38.12,True,Active,muhib,Forward,Normal,1: Walking
1790443675.3991728,46831,Target 0,-921.0,1204.0,-160.0,1515.87,-37.41,True,Active,muhib,Forward,Normal,1: Walking
1790443675.4724474,46832,Target 0,-909.0,1225.0,-80.0,1525.42,-36.58,True,Active,muhib,Forward,Normal,1: Walking
1790443675.5694697,46833,Target 0,-898.0,1244.0,-160.0,1534.26,-35.82,True,Active,muhib,Forward,Normal,1: Walking
1790443675.7382803,46834,Target 0,-893.0,1261.0,-160.0,1545.18,-35.3,True,Active,muhib,Forward,Normal,1: Walking
1790443675.7583904,46835,Target 0,-889.0,1285.0,-160.0,1562.54,-34.68,True,Active,muhib,Forward,Normal,1: Walking
1790443675.8416662,46836,Target 0,-884.0,1307.0,-80.0,1577.88,-34.07,True,Active,muhib,Forward,Normal,1: Walking
1790443675.947284,46837,Target 0,-887.0,1333.0,0.0,1601.14,-33.64,True,Active,muhib,Forward,Normal,1: Walking
1790443676.0773475,46838,Target 0,-876.0,1376.0,0.0,1631.18,-32.48,True,Active,muhib,Forward,Normal,1: Walking
1790443676.1255774,46839,Target 0,-864.0,1392.0,80.0,1638.34,-31.83,True,Active,muhib,Forward,Normal,1: Walking
1790443676.2418814,46840,Target 0,-846.0,1405.0,160.0,1640.04,-31.05,True,Active,muhib,Forward,Normal,1: Walking
1790443676.4424903,46841,Target 0,-823.0,1417.0,240.0,1638.66,-30.15,True,Active,muhib,Forward,Normal,1: Walking
1790443676.4630928,46842,Target 0,-796.0,1421.0,160.0,1628.76,-29.26,True,Active,muhib,Forward,Normal,1: Walking
1790443676.4823093,46843,Target 0,-766.0,1422.0,160.0,1615.19,-28.31,True,Active,muhib,Forward,Normal,1: Walking
1790443676.5567634,46844,Target 0,-736.0,1428.0,80.0,1606.51,-27.27,True,Active,muhib,Forward,Normal,1: Walking
1790443676.7896357,46845,Target 0,-685.0,1449.0,80.0,1602.76,-25.3,True,Active,muhib,Forward,Normal,1: Walking
1790443676.8091862,46846,Target 0,-633.0,1469.0,0.0,1599.58,-23.31,True,Active,muhib,Forward,Normal,1: Walking
1790443676.82848,46847,Target 0,-566.0,1471.0,-80.0,1576.13,-21.05,True,Active,muhib,Forward,Normal,1: Walking
1790443676.8946893,46848,Target 0,-517.0,1485.0,-80.0,1572.42,-19.2,True,Active,muhib,Forward,Normal,1: Walking
1790443677.0144696,46849,Target 0,-477.0,1509.0,-160.0,1582.6,-17.54,True,Active,muhib,Forward,Normal,1: Walking
1790443677.130955,46850,Target 0,-442.0,1535.0,-160.0,1597.37,-16.06,True,Active,muhib,Forward,Normal,1: Walking
1790443677.3058105,46851,Target 0,-393.0,1540.0,-160.0,1589.35,-14.32,True,Active,muhib,Forward,Normal,1: Walking
1790443677.3249292,46852,Target 0,-353.0,1561.0,-240.0,1600.42,-12.74,True,Active,muhib,Forward,Normal,1: Walking
1790443677.3525348,46853,Target 0,-310.0,1589.0,-390.0,1618.96,-11.04,True,Active,muhib,Forward,Normal,1: Walking
1790443677.4751816,46854,Target 0,-279.0,1635.0,-240.0,1658.63,-9.68,True,Active,muhib,Forward,Normal,1: Walking
1790443677.5702512,46855,Target 0,-256.0,1680.0,-240.0,1699.39,-8.66,True,Active,muhib,Forward,Normal,1: Walking
1790443677.6160126,46856,Target 0,-241.0,1721.0,-390.0,1737.79,-7.97,True,Active,muhib,Forward,Normal,1: Walking
1790443677.6956747,46857,Target 0,-214.0,1756.0,-560.0,1768.99,-6.95,True,Active,muhib,Forward,Normal,1: Walking
1790443677.9245417,46858,Target 0,-187.0,1789.0,-560.0,1798.75,-5.97,True,Active,muhib,Forward,Normal,6: Fall onset
1790443677.9449098,46859,Target 0,-172.0,1822.0,-480.0,1830.1,-5.39,True,Active,muhib,Forward,Normal,6: Fall onset
1790443677.9675748,46860,Target 0,-147.0,1867.0,-880.0,1872.78,-4.5,True,Active,muhib,Forward,Normal,6: Fall onset
1790443678.359332,46861,Target 0,-142.0,1916.0,-960.0,1921.25,-4.24,True,Active,muhib,Forward,Normal,6: Fall onset
1790443678.3777828,46862,Target 0,-155.0,1971.0,-1360.0,1977.09,-4.5,True,Active,muhib,Forward,Normal,6: Fall onset
1790443678.3978097,46863,Target 0,-165.0,2041.0,-960.0,2047.66,-4.62,True,Active,muhib,Forward,Normal,6: Fall onset
1790443678.4173777,46864,Target 0,-166.0,2114.0,-560.0,2120.51,-4.49,True,Active,muhib,Forward,Normal,6: Fall onset
1790443678.4402614,46865,Target 0,-166.0,2190.0,-560.0,2196.28,-4.33,True,Active,muhib,Forward,Normal,6: Fall onset
1790443678.5260208,46866,Target 0,-166.0,2293.0,-1760.0,2299.0,-4.14,True,Active,muhib,Forward,Normal,6: Fall onset
1790443678.5853906,46867,Target 0,-152.0,2374.0,-1120.0,2378.86,-3.66,True,Active,muhib,Forward,Normal,6: Fall onset
1790443678.7124763,46868,Target 0,-134.0,2455.0,-1120.0,2458.65,-3.12,True,Active,muhib,Forward,Normal,6: Fall onset
1790443678.7651365,46869,Target 0,-116.0,2530.0,-1120.0,2532.66,-2.63,True,Active,muhib,Forward,Normal,6: Fall onset
1790443679.0249963,46870,Target 0,-98.0,2598.0,-1120.0,2599.85,-2.16,True,Active,muhib,Forward,Normal,6: Fall onset
1790443679.0464478,46871,Target 0,-82.0,2658.0,-1120.0,2659.26,-1.77,True,Active,muhib,Forward,Normal,6: Fall onset
1790443679.071118,46872,Target 0,-67.0,2710.0,-1120.0,2710.83,-1.42,True,Active,muhib,Forward,Normal,6: Fall onset
1790443679.1459975,46873,Target 0,-54.0,2755.0,-1120.0,2755.53,-1.12,True,Active,muhib,Forward,Normal,6: Fall onset
1790443679.2530801,46874,Target 0,-51.0,2808.0,-80.0,2808.46,-1.04,True,Active,muhib,Forward,Normal,7: Post-fall stillness
1790443679.305356,46875,Target 0,-42.0,2922.0,0.0,2922.3,-0.82,True,Active,muhib,Forward,Normal,7: Post-fall stillness
1790443679.4678638,46876,Target 0,-55.0,3159.0,0.0,3159.48,-1.0,True,Active,muhib,Forward,Normal,7: Post-fall stillness
1790443679.488624,46877,Target 0,-94.0,3381.0,0.0,3382.31,-1.59,True,Active,muhib,Forward,Normal,7: Post-fall stillness
1790443679.6699533,46878,Target 0,-138.0,3589.0,0.0,3591.65,-2.2,True,Active,muhib,Forward,Normal,7: Post-fall stillness
1790443679.708096,46879,Target 0,-208.0,3762.0,0.0,3767.75,-3.16,True,Active,muhib,Forward,Normal,7: Post-fall stillness
1790443679.7615228,46880,Target 0,-250.0,3885.0,0.0,3893.04,-3.68,True,Active,muhib,Forward,Normal,7: Post-fall stillness
1790443679.8430305,46881,Target 0,-292.0,3989.0,0.0,3999.67,-4.19,True,Active,muhib,Forward,Normal,7: Post-fall stillness
1790443679.9711714,46882,Target 0,-331.0,4078.0,0.0,4091.41,-4.64,True,Active,muhib,Forward,Normal,7: Post-fall stillness
1790443680.1424608,46883,Target 0,-367.0,4152.0,0.0,4168.19,-5.05,True,Active,muhib,Forward,Normal,7: Post-fall stillness
1790443680.1639476,46884,Target 0,-399.0,4214.0,0.0,4232.85,-5.41,True,Active,muhib,Forward,Normal,7: Post-fall stillness
1790443680.2134247,46885,Target 0,-403.0,4257.0,0.0,4276.03,-5.41,True,Active,muhib,Forward,Normal,7: Post-fall stillness
1790443680.2973342,46886,Target 0,-158.0,4222.0,0.0,4224.96,-2.14,True,Active,muhib,Forward,Normal,7: Post-fall stillness
1790443680.6188555,46887,Target 0,68.0,4171.0,0.0,4171.55,0.93,True,Active,muhib,Forward,Normal,7: Post-fall stillness
1790443680.6388555,46888,Target 0,273.0,4113.0,0.0,4122.05,3.8,True,Active,muhib,Forward,Normal,7: Post-fall stillness
1790443680.6579428,46889,Target 0,424.0,4067.0,0.0,4089.04,5.95,True,Active,muhib,Forward,Normal,7: Post-fall stillness
1790443680.8191266,46890,Target 0,550.0,4023.0,0.0,4060.42,7.78,True,Active,muhib,Forward,Normal,7: Post-fall stillness
1790443680.8394563,46891,Target 0,656.0,3982.0,0.0,4035.67,9.35,True,Active,muhib,Forward,Normal,7: Post-fall stillness
1790443680.8590014,46892,Target 0,743.0,3946.0,0.0,4015.34,10.66,True,Active,muhib,Forward,Normal,7: Post-fall stillness
1790443681.0465183,46893,Target 0,816.0,3914.0,0.0,3998.16,11.78,True,Active,muhib,Forward,Normal,7: Post-fall stillness
1790443681.0652554,46894,Target 0,876.0,3886.0,0.0,3983.51,12.7,True,Active,muhib,Forward,Normal,7: Post-fall stillness
1790443681.1824403,46895,Target 0,925.0,3862.0,0.0,3971.23,13.47,True,Active,muhib,Forward,Normal,7: Post-fall stillness
1790443681.2029457,46896,Target 0,946.0,3852.0,0.0,3966.46,13.8,True,Active,muhib,Forward,Normal,7: Post-fall stillness
1790443681.3883579,46897,Target 0,966.0,3842.0,0.0,3961.58,14.11,True,Active,muhib,Forward,Normal,7: Post-fall stillness
1790443681.4084868,46898,Target 0,983.0,3833.0,0.0,3957.04,14.38,True,Active,muhib,Forward,Normal,7: Post-fall stillness
1790443681.4318395,46899,Target 0,999.0,3826.0,0.0,3954.27,14.63,True,Active,muhib,Forward,Normal,7: Post-fall stillness
1790443681.615837,46900,Target 0,1013.0,3819.0,0.0,3951.07,14.86,True,Active,muhib,Forward,Normal,7: Post-fall stillness
1790443681.6358368,46901,Target 0,1026.0,3812.0,0.0,3947.66,15.06,True,Active,muhib,Forward,Normal,7: Post-fall stillness
1790443681.8248,46902,Target 0,1037.0,3807.0,0.0,3945.71,15.24,True,Active,muhib,Forward,Normal,7: Post-fall stillness
1790443681.8447998,46903,Target 0,1048.0,3801.0,0.0,3942.83,15.41,True,Active,muhib,Forward,Normal,7: Post-fall stillness
1790443681.8801906,46904,Target 0,1057.0,3797.0,0.0,3941.38,15.56,True,Active,muhib,Forward,Normal,7: Post-fall stillness
1790443681.9745722,46905,Target 0,1057.0,3797.0,0.0,3941.38,15.56,True,Active,muhib,Forward,Normal,7: Post-fall stillness
1790443682.067737,46906,Target 0,1057.0,3797.0,0.0,3941.38,15.56,True,Active,muhib,Forward,Normal,7: Post-fall stillness
1790443682.1506293,46907,Target 0,1057.0,3797.0,0.0,3941.38,15.56,True,Active,muhib,Forward,Normal,7: Post-fall stillness
1790443682.2370334,46908,Target 0,1057.0,3797.0,0.0,3941.38,15.56,True,Active,muhib,Forward,Normal,7: Post-fall stillness
1790443682.3266764,46909,Target 0,1057.0,3797.0,0.0,3941.38,15.56,True,Active,muhib,Forward,Normal,7: Post-fall stillness
1790443682.4314687,46910,Target 0,1057.0,3797.0,0.0,3941.38,15.56,True,Active,muhib,Forward,Normal,7: Post-fall stillness
1790443682.50467,46911,Target 0,1057.0,3797.0,0.0,3941.38,15.56,True,Active,muhib,Forward,Normal,7: Post-fall stillness
1790443682.6100533,46912,Target 0,1057.0,3797.0,0.0,3941.38,15.56,True,Active,muhib,Forward,Normal,7: Post-fall stillness
1790443682.8313665,46913,Target 0,1057.0,3797.0,0.0,3941.38,15.56,True,Active,muhib,Forward,Normal,7: Post-fall stillness
1790443682.8682582,46914,Target 0,1057.0,3797.0,0.0,3941.38,15.56,True,Active,muhib,Forward,Normal,7: Post-fall stillness
1790443682.898759,46915,Target 0,1057.0,3797.0,0.0,3941.38,15.56,True,Active,muhib,Forward,Normal,7: Post-fall stillness
1790443683.0145717,46916,Target 0,1057.0,3797.0,0.0,3941.38,15.56,True,Active,muhib,Forward,Normal,7: Post-fall stillness
1790443683.0590413,46917,Target 0,1057.0,3797.0,0.0,3941.38,15.56,True,Active,muhib,Forward,Normal,7: Post-fall stillness
1790443683.254266,46918,Target 0,1057.0,3797.0,0.0,3941.38,15.56,True,Active,muhib,Forward,Normal,7: Post-fall stillness
1790443683.273562,46919,Target 0,1057.0,3797.0,0.0,3941.38,15.56,True,Active,muhib,Forward,Normal,7: Post-fall stillness
1790443683.3011212,46920,Target 0,1057.0,3797.0,0.0,3941.38,15.56,True,Active,muhib,Forward,Normal,7: Post-fall stillness
1790443683.5015485,46921,Target 0,1008.0,3812.0,0.0,3943.02,14.81,True,Active,muhib,Forward,Normal,7: Post-fall stillness
1790443683.521447,46922,Target 0,957.0,3828.0,0.0,3945.81,14.04,True,Active,muhib,Forward,Normal,7: Post-fall stillness
1790443683.6479714,46923,Target 0,913.0,3839.0,0.0,3946.07,13.38,True,Active,muhib,Forward,Normal,7: Post-fall stillness
1790443683.671609,46924,Target 0,867.0,3849.0,0.0,3945.44,12.69,True,Active,muhib,Forward,Normal,7: Post-fall stillness
1790443683.7627897,46925,Target 0,808.0,3857.0,0.0,3940.72,11.83,True,Active,muhib,Forward,Normal,7: Post-fall stillness
1790443683.894018,46926,Target 0,746.0,3862.0,0.0,3933.39,10.93,True,Active,muhib,Forward,Normal,7: Post-fall stillness
1790443683.9602253,46927,Target 0,688.0,3864.0,320.0,3924.77,10.1,True,Active,muhib,Forward,Normal,7: Post-fall stillness
1790443684.0195942,46928,Target 0,636.0,3850.0,160.0,3902.18,9.38,True,Active,muhib,Forward,Normal,7: Post-fall stillness
1790443684.1330633,46929,Target 0,523.0,3794.0,390.0,3829.88,7.85,True,Active,muhib,Forward,Normal,7: Post-fall stillness
1790443684.211974,46930,Target 0,360.0,3720.0,0.0,3737.38,5.53,True,Active,muhib,Forward,Normal,7: Post-fall stillness
1790443684.3105206,46931,Target 0,210.0,3628.0,320.0,3634.07,3.31,True,Active,muhib,Forward,Normal,7: Post-fall stillness
1790443684.3851252,46932,Target 0,132.0,3533.0,320.0,3535.47,2.14,True,Active,muhib,Forward,Normal,7: Post-fall stillness
1790443684.4747472,46933,Target 0,50.0,3442.0,160.0,3442.36,0.83,True,Active,muhib,Forward,Normal,8: Recovery / standing back up
1790443684.5679123,46934,Target 0,28.0,3364.0,80.0,3364.12,0.48,True,Active,muhib,Forward,Normal,8: Recovery / standing back up
1790443684.6845133,46935,Target 0,29.0,3287.0,80.0,3287.13,0.51,True,Active,muhib,Forward,Normal,8: Recovery / standing back up
1790443684.7491188,46936,Target 0,56.0,3203.0,160.0,3203.49,1.0,True,Active,muhib,Forward,Normal,8: Recovery / standing back up
1790443684.8192546,46937,Target 0,85.0,3124.0,240.0,3125.16,1.56,True,Active,muhib,Forward,Normal,8: Recovery / standing back up
1790443684.9221115,46938,Target 0,99.0,3057.0,240.0,3058.6,1.85,True,Active,muhib,Forward,Normal,8: Recovery / standing back up
1790443685.101517,46939,Target 0,99.0,2995.0,320.0,2996.64,1.89,True,Active,muhib,Forward,Normal,8: Recovery / standing back up
1790443685.1215174,46940,Target 0,114.0,2945.0,390.0,2947.21,2.22,True,Active,muhib,Forward,Normal,8: Recovery / standing back up
1790443685.3428042,46941,Target 0,129.0,2919.0,80.0,2921.85,2.53,True,Active,muhib,Forward,Normal,8: Recovery / standing back up
1790443685.3630877,46942,Target 0,131.0,2909.0,80.0,2911.95,2.58,True,Active,muhib,Forward,Normal,8: Recovery / standing back up
1790443685.4411232,46943,Target 0,116.0,2883.0,390.0,2885.33,2.3,True,Active,muhib,Forward,Normal,8: Recovery / standing back up
1790443685.4612143,46944,Target 0,106.0,2871.0,390.0,2872.96,2.11,True,Active,muhib,Forward,Normal,8: Recovery / standing back up
1790443685.543444,46945,Target 0,97.0,2860.0,390.0,2861.64,1.94,True,Active,muhib,Forward,Normal,8: Recovery / standing back up
1790443685.65075,46946,Target 0,77.0,2838.0,240.0,2839.04,1.55,True,Active,muhib,Forward,Normal,8: Recovery / standing back up
1790443685.7511296,46947,Target 0,54.0,2814.0,240.0,2814.52,1.1,True,Active,muhib,Forward,Normal,8: Recovery / standing back up
1790443685.8548532,46948,Target 0,24.0,2805.0,240.0,2805.1,0.49,True,Active,muhib,Forward,Normal,8: Recovery / standing back up
1790443685.9065907,46949,Target 0,-5.0,2802.0,240.0,2802.0,-0.1,True,Active,muhib,Forward,Normal,8: Recovery / standing back up
1790443686.023215,46950,Target 0,-15.0,2795.0,240.0,2795.04,-0.31,True,Active,muhib,Forward,Normal,8: Recovery / standing back up
1790443686.118645,46951,Target 0,-25.0,2767.0,240.0,2767.11,-0.52,True,Active,muhib,Forward,Normal,8: Recovery / standing back up
1790443686.2097034,46952,Target 0,-29.0,2734.0,240.0,2734.15,-0.61,True,Active,muhib,Forward,Normal,8: Recovery / standing back up
1790443686.2474678,46953,Target 0,-32.0,2705.0,240.0,2705.19,-0.68,True,Active,muhib,Forward,Normal,8: Recovery / standing back up
1790443686.4465249,46954,Target 0,-34.0,2678.0,240.0,2678.22,-0.73,True,Active,muhib,Forward,Normal,8: Recovery / standing back up
1790443686.465855,46955,Target 0,-37.0,2654.0,240.0,2654.26,-0.8,True,Active,muhib,Forward,Normal,8: Recovery / standing back up
1790443686.6292312,46956,Target 0,-53.0,2641.0,560.0,2641.53,-1.15,True,Active,muhib,Forward,Normal,8: Recovery / standing back up
1790443686.648513,46957,Target 0,-55.0,2634.0,0.0,2634.57,-1.2,True,Active,muhib,Forward,Normal,8: Recovery / standing back up
1790443686.7196207,46958,Target 0,-62.0,2628.0,390.0,2628.73,-1.35,True,Active,muhib,Forward,Normal,8: Recovery / standing back up
1790443686.7954853,46959,Target 0,-74.0,2625.0,390.0,2626.04,-1.61,True,Active,muhib,Forward,Normal,8: Recovery / standing back up
1790443686.8755856,46960,Target 0,-90.0,2621.0,320.0,2622.54,-1.97,True,Active,muhib,Forward,Normal,8: Recovery / standing back up
1790443686.9546182,46961,Target 0,-101.0,2615.0,160.0,2616.95,-2.21,True,Active,muhib,Forward,Normal,8: Recovery / standing back up
1790443687.0461068,46962,Target 0,-113.0,2610.0,160.0,2612.45,-2.48,True,Active,muhib,Forward,Normal,8: Recovery / standing back up
1790443687.266561,46963,Target 0,-122.0,2604.0,80.0,2606.86,-2.68,True,Active,muhib,Forward,Normal,8: Recovery / standing back up
1790443687.2868707,46964,Target 0,-126.0,2596.0,160.0,2599.06,-2.78,True,Active,muhib,Forward,Normal,8: Recovery / standing back up
1790443687.3377976,46965,Target 0,-127.0,2586.0,240.0,2589.12,-2.81,True,Active,muhib,Forward,Normal,8: Recovery / standing back up
1790443687.402083,46966,Target 0,-125.0,2574.0,320.0,2577.03,-2.78,True,Active,muhib,Forward,Normal,8: Recovery / standing back up
1790443687.5023735,46967,Target 0,-120.0,2545.0,80.0,2547.83,-2.7,True,Active,muhib,Forward,Normal,8: Recovery / standing back up
1790443687.5861628,46968,Target 0,-111.0,2512.0,560.0,2514.45,-2.53,True,Active,muhib,Forward,Normal,8: Recovery / standing back up
1790443687.817297,46969,Target 0,-103.0,2476.0,790.0,2478.14,-2.38,True,Active,muhib,Forward,Normal,8: Recovery / standing back up
1790443687.8369493,46970,Target 0,-99.0,2452.0,720.0,2454.0,-2.31,True,Active,muhib,Forward,Normal,8: Recovery / standing back up
1790443687.8657827,46971,Target 0,-106.0,2424.0,720.0,2426.32,-2.5,True,Active,muhib,Forward,Normal,8: Recovery / standing back up
1790443687.9867337,46972,Target 0,-116.0,2397.0,720.0,2399.81,-2.77,True,Active,muhib,Forward,Normal,8: Recovery / standing back up
1790443688.026716,46973,Target 0,-124.0,2372.0,720.0,2375.24,-2.99,True,Active,muhib,Forward,Normal,8: Recovery / standing back up
1790443688.1268091,46974,Target 0,-118.0,2340.0,320.0,2342.97,-2.89,True,Active,muhib,Forward,Normal,8: Recovery / standing back up
1790443688.2281523,46975,Target 0,-103.0,2296.0,240.0,2298.31,-2.57,True,Active,muhib,Forward,Normal,8: Recovery / standing back up
1790443688.2917378,46976,Target 0,-89.0,2253.0,80.0,2254.76,-2.26,True,Active,muhib,Forward,Normal,8: Recovery / standing back up
1790443688.4043422,46977,Target 0,-79.0,2165.0,640.0,2166.44,-2.09,True,Active,muhib,Forward,Normal,8: Recovery / standing back up
1790443688.5020592,46978,Target 0,-95.0,2103.0,480.0,2105.14,-2.59,True,Active,muhib,Forward,Normal,8: Recovery / standing back up
1790443688.6294956,46979,Target 0,-104.0,2056.0,80.0,2058.63,-2.9,True,Active,muhib,Forward,Normal,8: Recovery / standing back up
1790443688.6796672,46980,Target 0,-107.0,2035.0,80.0,2037.81,-3.01,True,Active,muhib,Forward,Normal,8: Recovery / standing back up
1790443688.7448418,46981,Target 0,-105.0,2018.0,-240.0,2020.73,-2.98,True,Active,muhib,Forward,Normal,8: Recovery / standing back up
1790443688.8376558,46982,Target 0,-104.0,2006.0,-320.0,2008.69,-2.97,True,Active,muhib,Forward,Normal,8: Recovery / standing back up
1790443688.9813564,46983,Target 0,-102.0,1997.0,-480.0,1999.6,-2.92,True,Active,muhib,Forward,Normal,8: Recovery / standing back up
1790443689.0033977,46984,Target 0,-102.0,1993.0,-640.0,1995.61,-2.93,True,Active,muhib,Forward,Normal,8: Recovery / standing back up
1790443689.097735,46985,Target 0,-98.0,1994.0,-560.0,1996.41,-2.81,True,Active,muhib,Forward,Normal,8: Recovery / standing back up
1790443689.1790106,46986,Target 0,-94.0,1997.0,-480.0,1999.21,-2.69,True,Active,muhib,Forward,Normal,8: Recovery / standing back up
1790443689.2936325,46987,Target 0,-88.0,2002.0,-480.0,2003.93,-2.52,True,Active,muhib,Forward,Normal,1: Walking
1790443689.3923702,46988,Target 0,-81.0,2009.0,-390.0,2010.63,-2.31,True,Active,muhib,Forward,Normal,1: Walking
1790443689.4494529,46989,Target 0,-74.0,2015.0,-320.0,2016.36,-2.1,True,Active,muhib,Forward,Normal,1: Walking
1790443689.547585,46990,Target 0,-69.0,2021.0,-320.0,2022.18,-1.96,True,Active,muhib,Forward,Normal,1: Walking
1790443689.696632,46991,Target 0,-67.0,2026.0,-390.0,2027.11,-1.89,True,Active,muhib,Forward,Normal,1: Walking
1790443689.7429366,46992,Target 0,-64.0,2034.0,-390.0,2035.01,-1.8,True,Active,muhib,Forward,Normal,1: Walking
1790443689.8045638,46993,Target 0,-63.0,2044.0,-720.0,2044.97,-1.77,True,Active,muhib,Forward,Normal,1: Walking
1790443689.9049325,46994,Target 0,-59.0,2056.0,-480.0,2056.85,-1.64,True,Active,muhib,Forward,Normal,1: Walking
1790443690.0027542,46995,Target 0,-55.0,2068.0,-480.0,2068.73,-1.52,True,Active,muhib,Forward,Normal,1: Walking
1790443690.1065416,46996,Target 0,-53.0,2084.0,-480.0,2084.67,-1.46,True,Active,muhib,Forward,Normal,1: Walking
1790443690.173797,46997,Target 0,-54.0,2098.0,-480.0,2098.69,-1.47,True,Active,muhib,Forward,Normal,1: Walking
1790443690.4233139,46998,Target 0,-58.0,2112.0,-480.0,2112.8,-1.57,True,Active,muhib,Forward,Normal,1: Walking
1790443690.4434557,46999,Target 0,-63.0,2126.0,-480.0,2126.93,-1.7,True,Active,muhib,Forward,Normal,1: Walking
1790443690.4850347,47000,Target 0,-65.0,2143.0,-390.0,2143.99,-1.74,True,Active,muhib,Forward,Normal,1: Walking
1790443690.5430143,47001,Target 0,-72.0,2191.0,-480.0,2192.18,-1.88,True,Active,muhib,Forward,Normal,1: Walking
1790443690.6283743,47002,Target 0,-83.0,2244.0,-560.0,2245.53,-2.12,True,Active,muhib,Forward,Normal,1: Walking
1790443690.7247837,47003,Target 0,-86.0,2293.0,-560.0,2294.61,-2.15,True,Active,muhib,Forward,Normal,1: Walking
1790443690.8398569,47004,Target 0,-87.0,2341.0,-560.0,2342.62,-2.13,True,Active,muhib,Forward,Normal,1: Walking
1790443690.8788118,47005,Target 0,-90.0,2394.0,-480.0,2395.69,-2.15,True,Active,muhib,Forward,Normal,1: Walking
1790443691.052285,47006,Target 0,-94.0,2446.0,-480.0,2447.81,-2.2,True,Active,muhib,Forward,Normal,1: Walking
1790443691.0715985,47007,Target 0,-88.0,2489.0,-320.0,2490.56,-2.02,True,Active,muhib,Forward,Normal,1: Walking
1790443691.232127,47008,Target 0,-85.0,2537.0,-240.0,2538.42,-1.92,True,Active,muhib,Forward,Normal,1: Walking
1790443691.2528045,47009,Target 0,-75.0,2577.0,-240.0,2578.09,-1.67,True,Active,muhib,Forward,Normal,1: Walking
1790443691.3124747,47010,Target 0,-65.0,2614.0,-390.0,2614.81,-1.42,True,Active,muhib,Forward,Normal,1: Walking
1790443691.455006,47011,Target 0,-57.0,2653.0,0.0,2653.61,-1.23,True,Active,muhib,Forward,Normal,1: Walking
1790443691.5074046,47012,Target 0,-93.0,2773.0,0.0,2774.56,-1.92,True,Active,muhib,Forward,Normal,1: Walking
1790443691.5879762,47013,Target 0,-159.0,3007.0,0.0,3011.2,-3.03,True,Active,muhib,Forward,Normal,1: Walking
1790443691.6663148,47014,Target 0,-219.0,3205.0,-390.0,3212.47,-3.91,True,Active,muhib,Forward,Normal,1: Walking
1790443691.782512,47015,Target 0,-183.0,3231.0,-390.0,3236.18,-3.24,True,Active,muhib,Forward,Normal,1: Walking
1790443691.8781376,47016,Target 0,-123.0,3237.0,-320.0,3239.34,-2.18,True,Active,muhib,Forward,Normal,1: Walking
1790443691.9484148,47017,Target 0,-100.0,3233.0,-320.0,3234.55,-1.77,True,Active,muhib,Forward,Normal,1: Walking
1790443692.0252357,47018,Target 0,-82.0,3228.0,-80.0,3229.04,-1.46,True,Active,muhib,Forward,Normal,1: Walking
1790443692.1149397,47019,Target 0,-55.0,3233.0,-80.0,3233.47,-0.97,True,Active,muhib,Forward,Normal,1: Walking
1790443692.2297742,47020,Target 0,-2.0,3265.0,0.0,3265.0,-0.04,True,Active,muhib,Forward,Normal,1: Walking
1790443692.4047048,47021,Target 0,37.0,3267.0,-80.0,3267.21,0.65,True,Active,muhib,Forward,Normal,1: Walking
1790443692.4500678,47022,Target 0,93.0,3285.0,160.0,3286.32,1.62,True,Active,muhib,Forward,Normal,1: Walking
1790443692.6028519,47023,Target 0,131.0,3290.0,160.0,3292.61,2.28,True,Active,muhib,Forward,Normal,1: Walking
1790443692.622779,47024,Target 0,130.0,3283.0,240.0,3285.57,2.27,True,Active,muhib,Forward,Normal,1: Walking
1790443692.6565173,47025,Target 0,119.0,3267.0,240.0,3269.17,2.09,True,Active,muhib,Forward,Normal,1: Walking
1790443692.8600068,47026,Target 0,112.0,3244.0,480.0,3245.93,1.98,True,Active,muhib,Forward,Normal,1: Walking
1790443692.8806112,47027,Target 0,108.0,3215.0,480.0,3216.81,1.92,True,Active,muhib,Forward,Normal,1: Walking
1790443692.9283507,47028,Target 0,116.0,3190.0,390.0,3192.11,2.08,True,Active,muhib,Forward,Normal,1: Walking
1790443693.0273466,47029,Target 0,136.0,3140.0,480.0,3142.94,2.48,True,Active,muhib,Forward,Normal,1: Walking
1790443693.0947945,47030,Target 0,160.0,3103.0,320.0,3107.12,2.95,True,Active,muhib,Forward,Normal,1: Walking
1790443693.189891,47031,Target 0,196.0,3089.0,390.0,3095.21,3.63,True,Active,muhib,Forward,Normal,1: Walking
1790443693.2827241,47032,Target 0,232.0,3063.0,390.0,3071.77,4.33,True,Active,muhib,Forward,Normal,1: Walking
1790443693.360952,47033,Target 0,256.0,3025.0,390.0,3035.81,4.84,True,Active,muhib,Forward,Normal,1: Walking
1790443693.4459603,47034,Target 0,282.0,2983.0,560.0,2996.3,5.4,True,Active,muhib,Forward,Normal,1: Walking
1790443693.5569925,47035,Target 0,314.0,2937.0,560.0,2953.74,6.1,True,Active,muhib,Forward,Normal,1: Walking
1790443693.6357038,47036,Target 0,334.0,2892.0,390.0,2911.22,6.59,True,Active,muhib,Forward,Normal,1: Walking
1790443693.755702,47037,Target 0,361.0,2849.0,390.0,2871.78,7.22,True,Active,muhib,Forward,Normal,1: Walking
1790443693.8504262,47038,Target 0,372.0,2810.0,240.0,2834.52,7.54,True,Active,muhib,Forward,Normal,1: Walking
1790443693.900946,47039,Target 0,400.0,2781.0,390.0,2809.62,8.18,True,Active,muhib,Forward,Normal,1: Walking
1790443694.000609,47040,Target 0,421.0,2744.0,390.0,2776.11,8.72,True,Active,muhib,Forward,Normal,1: Walking
1790443694.0695014,47041,Target 0,442.0,2700.0,480.0,2735.94,9.3,True,Active,muhib,Forward,Normal,1: Walking
1790443694.1797109,47042,Target 0,464.0,2655.0,480.0,2695.24,9.91,True,Active,muhib,Forward,Normal,1: Walking
1790443694.2625384,47043,Target 0,485.0,2610.0,480.0,2654.68,10.53,True,Active,muhib,Forward,Normal,1: Walking
1790443694.3487432,47044,Target 0,486.0,2566.0,720.0,2611.62,10.72,True,Active,muhib,Forward,Normal,1: Walking
1790443694.512867,47045,Target 0,498.0,2518.0,390.0,2566.77,11.19,True,Active,muhib,Forward,Normal,1: Walking
1790443695.032596,47046,Target 0,519.0,2475.0,560.0,2528.83,11.84,True,Active,muhib,Forward,Normal,1: Walking
1790443695.0521994,47047,Target 0,531.0,2439.0,480.0,2496.13,12.28,True,Active,muhib,Forward,Normal,1: Walking
1790443695.0716143,47048,Target 0,528.0,2387.0,390.0,2444.7,12.47,True,Active,muhib,Forward,Normal,1: Walking
1790443695.0899417,47049,Target 0,542.0,2329.0,480.0,2391.24,13.1,True,Active,muhib,Forward,Normal,1: Walking
1790443695.1094668,47050,Target 0,573.0,2272.0,480.0,2343.14,14.15,True,Active,muhib,Forward,Normal,1: Walking
1790443695.1284678,47051,Target 0,600.0,2229.0,320.0,2308.34,15.07,True,Active,muhib,Forward,Normal,1: Walking
1790443695.1505194,47052,Target 0,633.0,2187.0,320.0,2276.76,16.14,True,Active,muhib,Forward,Normal,1: Walking
1790443695.192866,47053,Target 0,654.0,2159.0,320.0,2255.88,16.85,True,Active,muhib,Forward,Normal,1: Walking
1790443695.2340143,47054,Target 0,665.0,2135.0,390.0,2236.17,17.3,True,Active,muhib,Forward,Normal,1: Walking
1790443695.3440843,47055,Target 0,669.0,2106.0,320.0,2209.71,17.62,True,Active,muhib,Forward,Normal,1: Walking
1790443695.5003548,47056,Target 0,692.0,2070.0,480.0,2182.6,18.48,True,Active,muhib,Forward,Normal,1: Walking
1790443695.655817,47057,Target 0,727.0,2033.0,480.0,2159.08,19.68,True,Active,muhib,Forward,Normal,1: Walking
1790443695.674817,47058,Target 0,758.0,1991.0,480.0,2130.41,20.84,True,Active,muhib,Forward,Normal,1: Walking
1790443695.6981637,47059,Target 0,773.0,1940.0,640.0,2088.33,21.72,True,Active,muhib,Forward,Normal,1: Walking
1790443695.8379598,47060,Target 0,778.0,1884.0,560.0,2038.32,22.44,True,Active,muhib,Forward,Normal,1: Walking
1790443695.8611026,47061,Target 0,788.0,1829.0,390.0,1991.53,23.31,True,Active,muhib,Forward,Normal,1: Walking
1790443695.9720566,47062,Target 0,795.0,1779.0,390.0,1948.55,24.08,True,Active,muhib,Forward,Normal,1: Walking
1790443696.040877,47063,Target 0,807.0,1735.0,390.0,1913.5,24.94,True,Active,muhib,Forward,Normal,1: Walking
1790443696.1259406,47064,Target 0,798.0,1700.0,320.0,1877.98,25.15,True,Active,muhib,Forward,Normal,1: Walking
1790443696.204942,47065,Target 0,792.0,1654.0,390.0,1833.84,25.59,True,Active,muhib,Forward,Normal,1: Walking
1790443696.2954485,47066,Target 0,784.0,1609.0,390.0,1789.84,25.98,True,Active,muhib,Forward,Normal,1: Walking
1790443696.3862138,47067,Target 0,781.0,1562.0,480.0,1746.37,26.57,True,Active,muhib,Forward,Normal,1: Walking
1790443696.4779546,47068,Target 0,767.0,1525.0,160.0,1707.02,26.7,True,Active,muhib,Forward,Normal,1: Walking
1790443696.562046,47069,Target 0,769.0,1487.0,640.0,1674.08,27.35,True,Active,muhib,Forward,Normal,1: Walking
1790443696.6502388,47070,Target 0,784.0,1454.0,390.0,1651.9,28.33,True,Active,muhib,Forward,Normal,1: Walking
1790443696.7446325,47071,Target 0,785.0,1440.0,160.0,1640.07,28.6,True,Active,muhib,Forward,Normal,1: Walking
1790443696.8276298,47072,Target 0,792.0,1410.0,390.0,1617.21,29.32,True,Active,muhib,Forward,Normal,1: Walking
1790443696.9445899,47073,Target 0,818.0,1350.0,480.0,1578.49,31.21,True,Active,muhib,Forward,Normal,1: Walking
1790443697.0231786,47074,Target 0,835.0,1301.0,480.0,1545.91,32.69,True,Active,muhib,Forward,Normal,1: Walking
1790443697.1274343,47075,Target 0,833.0,1255.0,560.0,1506.29,33.57,True,Active,muhib,Forward,Normal,1: Walking
1790443697.186219,47076,Target 0,820.0,1210.0,480.0,1461.68,34.12,True,Active,muhib,Forward,Normal,1: Walking
1790443697.3300936,47077,Target 0,804.0,1158.0,390.0,1409.74,34.77,True,Active,muhib,Forward,Normal,1: Walking
1790443697.3911686,47078,Target 0,790.0,1110.0,320.0,1362.42,35.44,True,Active,muhib,Forward,Normal,1: Walking
1790443697.4523156,47079,Target 0,758.0,1078.0,320.0,1317.82,35.11,True,Active,muhib,Forward,Normal,1: Walking
1790443697.5483868,47080,Target 0,726.0,1050.0,320.0,1276.55,34.66,True,Active,muhib,Forward,Normal,1: Walking
1790443697.6576378,47081,Target 0,698.0,1025.0,320.0,1240.09,34.25,True,Active,muhib,Forward,Normal,1: Walking
1790443697.7210245,47082,Target 0,678.0,996.0,480.0,1204.87,34.24,True,Active,muhib,Forward,Normal,1: Walking
1790443697.8075712,47083,Target 0,666.0,963.0,560.0,1170.87,34.67,True,Active,muhib,Forward,Normal,1: Walking
1790443697.9672143,47084,Target 0,639.0,937.0,480.0,1134.15,34.29,True,Active,muhib,Forward,Normal,1: Walking
1790443698.0065322,47085,Target 0,603.0,913.0,390.0,1094.16,33.44,True,Active,muhib,Forward,Normal,1: Walking
1790443698.083247,47086,Target 0,562.0,888.0,390.0,1050.9,32.33,True,Active,muhib,Forward,Normal,1: Walking
1790443698.1637723,47087,Target 0,521.0,866.0,320.0,1010.64,31.03,True,Active,muhib,Forward,Normal,1: Walking
1790443698.2599297,47088,Target 0,485.0,845.0,240.0,974.29,29.85,True,Active,muhib,Forward,Normal,1: Walking
1790443698.3605945,47089,Target 0,446.0,823.0,160.0,936.08,28.45,True,Active,muhib,Forward,Normal,1: Walking
1790443698.4297564,47090,Target 0,408.0,805.0,80.0,902.49,26.88,True,Active,muhib,Forward,Normal,1: Walking
1790443698.5244823,47091,Target 0,370.0,799.0,-80.0,880.51,24.85,True,Active,muhib,Forward,Normal,1: Walking
1790443698.652872,47092,Target 0,334.0,794.0,-160.0,861.39,22.81,True,Active,muhib,Forward,Normal,1: Walking
1790443698.7472117,47093,Target 0,300.0,789.0,-160.0,844.11,20.82,True,Active,muhib,Forward,Normal,1: Walking
1790443698.7950656,47094,Target 0,264.0,782.0,-160.0,825.36,18.65,True,Active,muhib,Forward,Normal,1: Walking
1790443698.874814,47095,Target 0,226.0,782.0,-240.0,814.0,16.12,True,Active,muhib,Forward,Normal,1: Walking
1790443699.0064745,47096,Target 0,190.0,789.0,-160.0,811.55,13.54,True,Active,muhib,Forward,Normal,1: Walking
1790443699.0824885,47097,Target 0,154.0,805.0,-240.0,819.6,10.83,True,Active,muhib,Forward,Normal,1: Walking
1790443699.2139149,47098,Target 0,118.0,826.0,-240.0,834.39,8.13,True,Active,muhib,Forward,Normal,1: Walking
1790443699.264999,47099,Target 0,74.0,838.0,-390.0,841.26,5.05,True,Active,muhib,Forward,Normal,1: Walking
1790443699.3543198,47100,Target 0,41.0,859.0,-240.0,859.98,2.73,True,Active,muhib,Forward,Normal,1: Walking
1790443699.4272304,47101,Target 0,10.0,880.0,-240.0,880.06,0.65,True,Active,muhib,Forward,Normal,1: Walking
1790443699.5024967,47102,Target 0,-24.0,901.0,-320.0,901.32,-1.53,True,Active,muhib,Forward,Normal,1: Walking
1790443699.613637,47103,Target 0,-58.0,929.0,-320.0,930.81,-3.57,True,Active,muhib,Forward,Normal,1: Walking
1790443699.6744943,47104,Target 0,-100.0,954.0,-390.0,959.23,-5.98,True,Active,muhib,Forward,Normal,1: Walking
1790443699.8059402,47105,Target 0,-137.0,977.0,-320.0,986.56,-7.98,True,Active,muhib,Forward,Normal,1: Walking
1790443699.8557904,47106,Target 0,-165.0,999.0,-320.0,1012.53,-9.38,True,Active,muhib,Forward,Normal,1: Walking
1790443699.9694026,47107,Target 0,-187.0,1022.0,-390.0,1038.97,-10.37,True,Active,muhib,Forward,Normal,1: Walking
1790443700.0348496,47108,Target 0,-209.0,1046.0,-480.0,1066.68,-11.3,True,Active,muhib,Forward,Normal,1: Walking
1790443700.1364913,47109,Target 0,-243.0,1078.0,-480.0,1105.05,-12.7,True,Active,muhib,Forward,Normal,1: Walking
1790443700.2091303,47110,Target 0,-270.0,1118.0,-480.0,1150.14,-13.58,True,Active,muhib,Forward,Normal,1: Walking
1790443700.2986355,47111,Target 0,-286.0,1162.0,-480.0,1196.68,-13.83,True,Active,muhib,Forward,Normal,1: Walking
1790443700.3872716,47112,Target 0,-291.0,1204.0,-390.0,1238.67,-13.59,True,Active,muhib,Forward,Normal,1: Walking
1790443700.502495,47113,Target 0,-287.0,1245.0,-390.0,1277.65,-12.98,True,Active,muhib,Forward,Normal,1: Walking
1790443700.5788128,47114,Target 0,-288.0,1295.0,-320.0,1326.64,-12.54,True,Active,muhib,Forward,Normal,1: Walking
1790443700.6547985,47115,Target 0,-297.0,1337.0,-390.0,1369.59,-12.52,True,Active,muhib,Forward,Normal,1: Walking
1790443700.7458525,47116,Target 0,-301.0,1371.0,-480.0,1403.65,-12.38,True,Active,muhib,Forward,Normal,1: Walking
1790443700.8460283,47117,Target 0,-300.0,1401.0,-480.0,1432.76,-12.09,True,Active,muhib,Forward,Normal,1: Walking
1790443700.9202645,47118,Target 0,-303.0,1434.0,-560.0,1465.66,-11.93,True,Active,muhib,Forward,Normal,1: Walking
1790443701.0118163,47119,Target 0,-284.0,1468.0,-390.0,1495.22,-10.95,True,Active,muhib,Forward,Normal,1: Walking
1790443701.098947,47120,Target 0,-246.0,1491.0,-390.0,1511.16,-9.37,True,Active,muhib,Forward,Normal,1: Walking
1790443701.2006319,47121,Target 0,-219.0,1522.0,-390.0,1537.68,-8.19,True,Active,muhib,Forward,Normal,1: Walking
1790443701.2824876,47122,Target 0,-216.0,1573.0,-320.0,1587.76,-7.82,True,Active,muhib,Forward,Normal,1: Walking
1790443701.3683045,47123,Target 0,-230.0,1622.0,-320.0,1638.23,-8.07,True,Active,muhib,Forward,Normal,1: Walking
1790443701.458672,47124,Target 0,-244.0,1677.0,-320.0,1694.66,-8.28,True,Active,muhib,Forward,Normal,1: Walking
1790443701.5510862,47125,Target 0,-244.0,1720.0,-480.0,1737.22,-8.07,True,Active,muhib,Forward,Normal,1: Walking
1790443701.6415854,47126,Target 0,-227.0,1749.0,-480.0,1763.67,-7.39,True,Active,muhib,Forward,Normal,1: Walking
1790443701.7277145,47127,Target 0,-220.0,1773.0,-480.0,1786.6,-7.07,True,Active,muhib,Forward,Normal,1: Walking
1790443701.828155,47128,Target 0,-208.0,1795.0,-640.0,1807.01,-6.61,True,Active,muhib,Forward,Normal,6: Fall onset
1790443701.9395952,47129,Target 0,-208.0,1825.0,-560.0,1836.81,-6.5,True,Active,muhib,Forward,Normal,6: Fall onset
1790443701.9891536,47130,Target 0,-212.0,1870.0,-790.0,1881.98,-6.47,True,Active,muhib,Forward,Normal,6: Fall onset
1790443702.0975363,47131,Target 0,-223.0,1927.0,-1280.0,1939.86,-6.6,True,Active,muhib,Forward,Normal,6: Fall onset
1790443702.1673207,47132,Target 0,-244.0,1996.0,-1120.0,2010.86,-6.97,True,Active,muhib,Forward,Normal,6: Fall onset
1790443702.2696755,47133,Target 0,-269.0,2071.0,-1120.0,2088.4,-7.4,True,Active,muhib,Forward,Normal,6: Fall onset
1790443702.3792322,47134,Target 0,-284.0,2151.0,-790.0,2169.67,-7.52,True,Active,muhib,Forward,Normal,6: Fall onset
1790443702.4331992,47135,Target 0,-291.0,2222.0,-790.0,2240.97,-7.46,True,Active,muhib,Forward,Normal,6: Fall onset
1790443702.5354998,47136,Target 0,-294.0,2293.0,-790.0,2311.77,-7.31,True,Active,muhib,Forward,Normal,6: Fall onset
1790443702.6160097,47137,Target 0,-294.0,2397.0,-1040.0,2414.96,-6.99,True,Active,muhib,Forward,Normal,6: Fall onset
1790443702.7011318,47138,Target 0,-296.0,2553.0,0.0,2570.1,-6.61,True,Active,muhib,Forward,Normal,6: Fall onset
1790443702.8034267,47139,Target 0,-295.0,2668.0,-1440.0,2684.26,-6.31,True,Active,muhib,Forward,Normal,6: Fall onset
1790443702.8940897,47140,Target 0,-299.0,2813.0,0.0,2828.85,-6.07,True,Active,muhib,Forward,Normal,6: Fall onset
1790443703.0064583,47141,Target 0,-368.0,3011.0,-80.0,3033.4,-6.97,True,Active,muhib,Forward,Normal,6: Fall onset
1790443703.0568697,47142,Target 0,-398.0,3203.0,-240.0,3227.63,-7.08,True,Active,muhib,Forward,Normal,6: Fall onset
1790443703.17315,47143,Target 0,-429.0,3387.0,-240.0,3414.06,-7.22,True,Active,muhib,Forward,Normal,6: Fall onset
1790443703.248019,47144,Target 0,-386.0,3554.0,0.0,3574.9,-6.2,True,Active,muhib,Forward,Normal,6: Fall onset
1790443703.442262,47145,Target 0,-348.0,3683.0,0.0,3699.4,-5.4,True,Active,muhib,Forward,Normal,7: Post-fall stillness
1790443703.4622622,47146,Target 0,-304.0,3797.0,0.0,3809.15,-4.58,True,Active,muhib,Forward,Normal,7: Post-fall stillness
1790443703.5317674,47147,Target 0,-281.0,3889.0,0.0,3899.14,-4.13,True,Active,muhib,Forward,Normal,7: Post-fall stillness
1790443703.6093516,47148,Target 0,-260.0,3967.0,0.0,3975.51,-3.75,True,Active,muhib,Forward,Normal,7: Post-fall stillness
1790443703.70267,47149,Target 0,-269.0,4016.0,0.0,4025.0,-3.83,True,Active,muhib,Forward,Normal,7: Post-fall stillness
1790443703.9445915,47150,Target 0,-283.0,4052.0,0.0,4061.87,-4.0,True,Active,muhib,Forward,Normal,7: Post-fall stillness
1790443703.9641697,47151,Target 0,-338.0,4073.0,0.0,4087.0,-4.74,True,Active,muhib,Forward,Normal,7: Post-fall stillness
1790443703.9825692,47152,Target 0,-399.0,4085.0,0.0,4104.44,-5.58,True,Active,muhib,Forward,Normal,7: Post-fall stillness
1790443704.3454354,47153,Target 0,-460.0,4092.0,0.0,4117.77,-6.41,True,Active,muhib,Forward,Normal,7: Post-fall stillness
1790443704.3648512,47154,Target 0,-518.0,4095.0,0.0,4127.63,-7.21,True,Active,muhib,Forward,Normal,7: Post-fall stillness
1790443704.384521,47155,Target 0,-571.0,4097.0,0.0,4136.6,-7.93,True,Active,muhib,Forward,Normal,7: Post-fall stillness
1790443704.4040844,47156,Target 0,-618.0,4097.0,0.0,4143.35,-8.58,True,Active,muhib,Forward,Normal,7: Post-fall stillness
1790443704.9092731,47157,Target 0,-640.0,4097.0,0.0,4146.69,-8.88,True,Active,muhib,Forward,Normal,7: Post-fall stillness
1790443704.9297786,47158,Target 0,-659.0,4096.0,0.0,4148.67,-9.14,True,Active,muhib,Forward,Normal,7: Post-fall stillness
1790443704.9491572,47159,Target 0,-677.0,4096.0,0.0,4151.57,-9.39,True,Active,muhib,Forward,Normal,7: Post-fall stillness
1790443704.9674773,47160,Target 0,-693.0,4096.0,0.0,4154.21,-9.6,True,Active,muhib,Forward,Normal,7: Post-fall stillness
1790443704.9855728,47161,Target 0,-707.0,4096.0,0.0,4156.57,-9.79,True,Active,muhib,Forward,Normal,7: Post-fall stillness
1790443705.005548,47162,Target 0,-720.0,4095.0,0.0,4157.81,-9.97,True,Active,muhib,Forward,Normal,7: Post-fall stillness
1790443705.0282004,47163,Target 0,-732.0,4095.0,0.0,4159.91,-10.13,True,Active,muhib,Forward,Normal,7: Post-fall stillness
1790443705.1508627,47164,Target 0,-742.0,4095.0,0.0,4161.68,-10.27,True,Active,muhib,Forward,Normal,7: Post-fall stillness
1790443705.1705444,47165,Target 0,-752.0,4095.0,0.0,4163.48,-10.41,True,Active,muhib,Forward,Normal,7: Post-fall stillness
1790443705.213147,47166,Target 0,-755.0,4095.0,0.0,4164.02,-10.45,True,Active,muhib,Forward,Normal,7: Post-fall stillness
1790443705.2845974,47167,Target 0,-755.0,4095.0,0.0,4164.02,-10.45,True,Active,muhib,Forward,Normal,7: Post-fall stillness
1790443705.3748019,47168,Target 0,-755.0,4095.0,0.0,4164.02,-10.45,True,Active,muhib,Forward,Normal,7: Post-fall stillness
1790443705.4632874,47169,Target 0,-755.0,4095.0,0.0,4164.02,-10.45,True,Active,muhib,Forward,Normal,7: Post-fall stillness
1790443705.5784268,47170,Target 0,-755.0,4095.0,0.0,4164.02,-10.45,True,Active,muhib,Forward,Normal,7: Post-fall stillness
1790443705.642497,47171,Target 0,-755.0,4095.0,0.0,4164.02,-10.45,True,Active,muhib,Forward,Normal,7: Post-fall stillness
1790443705.7310047,47172,Target 0,-755.0,4095.0,0.0,4164.02,-10.45,True,Active,muhib,Forward,Normal,7: Post-fall stillness
1790443705.8254328,47173,Target 0,-755.0,4095.0,0.0,4164.02,-10.45,True,Active,muhib,Forward,Normal,7: Post-fall stillness
1790443705.972031,47174,Target 0,-755.0,4095.0,0.0,4164.02,-10.45,True,Active,muhib,Forward,Normal,7: Post-fall stillness
1790443705.9958181,47175,Target 0,-755.0,4095.0,0.0,4164.02,-10.45,True,Active,muhib,Forward,Normal,7: Post-fall stillness
1790443706.158394,47176,Target 0,-755.0,4095.0,0.0,4164.02,-10.45,True,Active,muhib,Forward,Normal,7: Post-fall stillness
1790443706.181085,47177,Target 0,-755.0,4095.0,0.0,4164.02,-10.45,True,Active,muhib,Forward,Normal,7: Post-fall stillness
1790443706.2783992,47178,Target 0,-755.0,4095.0,0.0,4164.02,-10.45,True,Active,muhib,Forward,Normal,7: Post-fall stillness
1790443706.3941905,47179,Target 0,-755.0,4095.0,0.0,4164.02,-10.45,True,Active,muhib,Forward,Normal,7: Post-fall stillness
1790443706.4769588,47180,Target 0,-755.0,4095.0,0.0,4164.02,-10.45,True,Active,muhib,Forward,Normal,7: Post-fall stillness
1790443706.5272024,47181,Target 0,-784.0,4091.0,0.0,4165.45,-10.85,True,Active,muhib,Forward,Normal,7: Post-fall stillness
1790443706.6872463,47182,Target 0,-858.0,4081.0,0.0,4170.22,-11.87,True,Active,muhib,Forward,Normal,7: Post-fall stillness
1790443706.7584097,47183,Target 0,-928.0,4071.0,0.0,4175.43,-12.84,True,Active,muhib,Forward,Normal,7: Post-fall stillness
1790443706.7946818,47184,Target 0,-990.0,4063.0,0.0,4181.87,-13.69,True,Active,muhib,Forward,Normal,7: Post-fall stillness
1790443706.933857,47185,Target 0,-999.0,4067.0,0.0,4187.9,-13.8,True,Active,muhib,Forward,Normal,7: Post-fall stillness
1790443706.988875,47186,Target 0,-994.0,4072.0,0.0,4191.57,-13.72,True,Active,muhib,Forward,Normal,7: Post-fall stillness
1790443707.1494074,47187,Target 0,-978.0,4076.0,0.0,4191.69,-13.49,True,Active,muhib,Forward,Normal,7: Post-fall stillness
1790443707.169087,47188,Target 0,-964.0,4080.0,0.0,4192.34,-13.29,True,Active,muhib,Forward,Normal,7: Post-fall stillness
1790443707.2594905,47189,Target 0,-925.0,4107.0,0.0,4209.88,-12.69,True,Active,muhib,Forward,Normal,7: Post-fall stillness
1790443707.394469,47190,Target 0,-896.0,4136.0,80.0,4231.94,-12.22,True,Active,muhib,Forward,Normal,7: Post-fall stillness
1790443707.4199357,47191,Target 0,-889.0,4155.0,0.0,4249.04,-12.08,True,Active,muhib,Forward,Normal,7: Post-fall stillness
1790443707.5063872,47192,Target 0,-870.0,4175.0,80.0,4264.68,-11.77,True,Active,muhib,Forward,Normal,7: Post-fall stillness
1790443707.603007,47193,Target 0,-821.0,4187.0,80.0,4266.73,-11.09,True,Active,muhib,Forward,Normal,8: Recovery / standing back up
1790443707.6934695,47194,Target 0,-758.0,4184.0,0.0,4252.11,-10.27,True,Active,muhib,Forward,Normal,8: Recovery / standing back up
1790443707.7803316,47195,Target 0,-639.0,4181.0,80.0,4229.55,-8.69,True,Active,muhib,Forward,Normal,8: Recovery / standing back up
1790443707.8663151,47196,Target 0,-537.0,4181.0,80.0,4215.34,-7.32,True,Active,muhib,Forward,Normal,8: Recovery / standing back up
1790443707.9514184,47197,Target 0,-468.0,4179.0,0.0,4205.12,-6.39,True,Active,muhib,Forward,Normal,8: Recovery / standing back up
1790443708.0480387,47198,Target 0,-458.0,4175.0,0.0,4200.05,-6.26,True,Active,muhib,Forward,Normal,8: Recovery / standing back up
1790443708.1340787,47199,Target 0,-465.0,4166.0,480.0,4191.87,-6.37,True,Active,muhib,Forward,Normal,8: Recovery / standing back up
1790443708.2245748,47200,Target 0,-467.0,4142.0,390.0,4168.24,-6.43,True,Active,muhib,Forward,Normal,8: Recovery / standing back up
1790443708.31977,47201,Target 0,-477.0,4069.0,80.0,4096.86,-6.69,True,Active,muhib,Forward,Normal,8: Recovery / standing back up
1790443708.4289727,47202,Target 0,-488.0,4012.0,0.0,4041.57,-6.94,True,Active,muhib,Forward,Normal,8: Recovery / standing back up
1790443708.7124233,47203,Target 0,-471.0,3970.0,0.0,3997.84,-6.77,True,Active,muhib,Forward,Normal,8: Recovery / standing back up
1790443708.732308,47204,Target 0,-466.0,3939.0,240.0,3966.47,-6.75,True,Active,muhib,Forward,Normal,8: Recovery / standing back up
1790443708.751784,47205,Target 0,-452.0,3847.0,240.0,3873.46,-6.7,True,Active,muhib,Forward,Normal,8: Recovery / standing back up
1790443708.8919113,47206,Target 0,-389.0,3652.0,240.0,3672.66,-6.08,True,Active,muhib,Forward,Normal,8: Recovery / standing back up
1790443708.9113216,47207,Target 0,-349.0,3470.0,160.0,3487.51,-5.74,True,Active,muhib,Forward,Normal,8: Recovery / standing back up
1790443709.635718,47208,Target 0,-305.0,3324.0,320.0,3337.96,-5.24,True,Active,muhib,Forward,Normal,8: Recovery / standing back up
1790443709.6562078,47209,Target 0,-275.0,3200.0,320.0,3211.79,-4.91,True,Active,muhib,Forward,Normal,8: Recovery / standing back up
1790443709.6746056,47210,Target 0,-228.0,3089.0,320.0,3097.4,-4.22,True,Active,muhib,Forward,Normal,8: Recovery / standing back up
1790443709.6937888,47211,Target 0,-196.0,2991.0,480.0,2997.42,-3.75,True,Active,muhib,Forward,Normal,8: Recovery / standing back up
1790443709.712776,47212,Target 0,-167.0,2902.0,480.0,2906.8,-3.29,True,Active,muhib,Forward,Normal,8: Recovery / standing back up
1790443709.7317421,47213,Target 0,-162.0,2825.0,480.0,2829.64,-3.28,True,Active,muhib,Forward,Normal,8: Recovery / standing back up
1790443709.751262,47214,Target 0,-164.0,2756.0,480.0,2760.88,-3.41,True,Active,muhib,Forward,Normal,8: Recovery / standing back up
1790443709.7696393,47215,Target 0,-169.0,2696.0,480.0,2701.29,-3.59,True,Active,muhib,Forward,Normal,8: Recovery / standing back up
1790443709.7892327,47216,Target 0,-183.0,2643.0,390.0,2649.33,-3.96,True,Active,muhib,Forward,Normal,8: Recovery / standing back up
1790443709.8106706,47217,Target 0,-200.0,2595.0,390.0,2602.7,-4.41,True,Active,muhib,Forward,Normal,8: Recovery / standing back up
1790443709.8465962,47218,Target 0,-235.0,2533.0,320.0,2543.88,-5.3,True,Active,muhib,Forward,Normal,8: Recovery / standing back up
1790443709.939103,47219,Target 0,-260.0,2488.0,1120.0,2501.55,-5.97,True,Active,muhib,Forward,Normal,8: Recovery / standing back up
1790443710.0089087,47220,Target 0,-286.0,2447.0,1120.0,2463.66,-6.67,True,Active,muhib,Forward,Normal,8: Recovery / standing back up
1790443710.0872333,47221,Target 0,-309.0,2430.0,0.0,2449.57,-7.25,True,Active,muhib,Forward,Normal,8: Recovery / standing back up
1790443710.1764913,47222,Target 0,-335.0,2705.0,0.0,2725.67,-7.06,True,Active,muhib,Forward,Normal,8: Recovery / standing back up
1790443710.2669992,47223,Target 0,-360.0,2957.0,0.0,2978.83,-6.94,True,Active,muhib,Forward,Normal,8: Recovery / standing back up
1790443710.3539987,47224,Target 0,-383.0,3182.0,0.0,3204.97,-6.86,True,Active,muhib,Forward,Normal,8: Recovery / standing back up
1790443710.442616,47225,Target 0,-403.0,3379.0,0.0,3402.95,-6.8,True,Active,muhib,Forward,Normal,8: Recovery / standing back up
1790443710.532226,47226,Target 0,-422.0,3549.0,0.0,3574.0,-6.78,True,Active,muhib,Forward,Normal,8: Recovery / standing back up
1790443710.62112,47227,Target 0,-462.0,3675.0,0.0,3703.93,-7.17,True,Active,muhib,Forward,Normal,8: Recovery / standing back up
1790443710.7102258,47228,Target 0,-481.0,3773.0,0.0,3803.54,-7.27,True,Active,muhib,Forward,Normal,8: Recovery / standing back up
1790443710.7985973,47229,Target 0,-525.0,3834.0,0.0,3869.78,-7.8,True,Active,muhib,Forward,Normal,8: Recovery / standing back up
1790443711.0451224,47230,Target 0,-572.0,3875.0,0.0,3916.99,-8.4,True,Active,muhib,Forward,Normal,8: Recovery / standing back up
1790443711.0630546,47231,Target 0,-618.0,3903.0,0.0,3951.62,-9.0,True,Active,muhib,Forward,Normal,8: Recovery / standing back up
1790443711.182958,47232,Target 0,-660.0,3922.0,0.0,3977.15,-9.55,True,Active,muhib,Forward,Normal,8: Recovery / standing back up
1790443711.2061267,47233,Target 0,-680.0,3929.0,0.0,3987.41,-9.82,True,Active,muhib,Forward,Normal,8: Recovery / standing back up
1790443711.2434437,47234,Target 0,-698.0,3935.0,0.0,3996.43,-10.06,True,Active,muhib,Forward,Normal,8: Recovery / standing back up
1790443711.3679798,47235,Target 0,-131.0,2171.0,240.0,2174.95,-3.45,True,Active,muhib,Forward,Normal,8: Recovery / standing back up
1790443711.4404235,47236,Target 0,-129.0,2168.0,320.0,2171.83,-3.41,True,Active,muhib,Forward,Normal,8: Recovery / standing back up
1790443711.551987,47237,Target 0,-126.0,2164.0,560.0,2167.67,-3.33,True,Active,muhib,Forward,Normal,8: Recovery / standing back up
1790443711.608992,47238,Target 0,-125.0,2158.0,720.0,2161.62,-3.32,True,Active,muhib,Forward,Normal,8: Recovery / standing back up
1790443711.711328,47239,Target 0,-123.0,2150.0,560.0,2153.52,-3.27,True,Active,muhib,Forward,Normal,8: Recovery / standing back up
1790443711.777119,47240,Target 0,-121.0,2140.0,390.0,2143.42,-3.24,True,Active,muhib,Forward,Normal,8: Recovery / standing back up
1790443711.876119,47241,Target 0,-120.0,2129.0,240.0,2132.38,-3.23,True,Active,muhib,Forward,Normal,8: Recovery / standing back up
1790443712.0108776,47242,Target 0,-121.0,2116.0,480.0,2119.46,-3.27,True,Active,muhib,Forward,Normal,8: Recovery / standing back up
1790443712.0630558,47243,Target 0,-126.0,2080.0,480.0,2083.81,-3.47,True,Active,muhib,Forward,Normal,8: Recovery / standing back up
1790443712.1399052,47244,Target 0,-124.0,2048.0,480.0,2051.75,-3.46,True,Active,muhib,Forward,Normal,8: Recovery / standing back up
1790443712.222804,47245,Target 0,-127.0,2016.0,480.0,2020.0,-3.6,True,Active,muhib,Forward,Normal,8: Recovery / standing back up
1790443712.3127925,47246,Target 0,-128.0,1986.0,240.0,1990.12,-3.69,True,Active,muhib,Forward,Normal,8: Recovery / standing back up
1790443712.4285893,47247,Target 0,-133.0,1954.0,480.0,1958.52,-3.89,True,Active,muhib,Forward,Normal,8: Recovery / standing back up
1790443712.4899108,47248,Target 0,-135.0,1925.0,240.0,1929.73,-4.01,True,Active,muhib,Forward,Normal,1: Walking
1790443712.5780787,47249,Target 0,-139.0,1889.0,320.0,1894.11,-4.21,True,Active,muhib,Forward,Normal,1: Walking
1790443712.6780224,47250,Target 0,-139.0,1854.0,320.0,1859.2,-4.29,True,Active,muhib,Forward,Normal,1: Walking
1790443712.772205,47251,Target 0,-131.0,1822.0,160.0,1826.7,-4.11,True,Active,muhib,Forward,Normal,1: Walking
1790443712.845699,47252,Target 0,-122.0,1795.0,320.0,1799.14,-3.89,True,Active,muhib,Forward,Normal,1: Walking
1790443712.938081,47253,Target 0,-111.0,1768.0,320.0,1771.48,-3.59,True,Active,muhib,Forward,Normal,1: Walking
1790443713.0272176,47254,Target 0,-97.0,1737.0,320.0,1739.71,-3.2,True,Active,muhib,Forward,Normal,1: Walking
1790443713.1274774,47255,Target 0,-89.0,1705.0,240.0,1707.32,-2.99,True,Active,muhib,Forward,Normal,1: Walking
1790443713.2083395,47256,Target 0,-80.0,1676.0,240.0,1677.91,-2.73,True,Active,muhib,Forward,Normal,1: Walking
1790443713.3300462,47257,Target 0,-69.0,1648.0,320.0,1649.44,-2.4,True,Active,muhib,Forward,Normal,1: Walking
1790443714.4601738,47258,Target 0,-60.0,1621.0,390.0,1622.11,-2.12,True,Active,muhib,Forward,Normal,1: Walking
1790443715.651954,47259,Target 0,-51.0,1594.0,480.0,1594.82,-1.83,True,Active,muhib,Forward,Normal,1: Walking
1790443715.6733663,47260,Target 0,-40.0,1558.0,390.0,1558.51,-1.47,True,Active,muhib,Forward,Normal,1: Walking
1790443715.6937804,47261,Target 0,-25.0,1494.0,390.0,1494.21,-0.96,True,Active,muhib,Forward,Normal,1: Walking
1790443715.7139025,47262,Target 0,-16.0,1442.0,320.0,1442.09,-0.64,True,Active,muhib,Forward,Normal,1: Walking
1790443715.734243,47263,Target 0,-11.0,1394.0,320.0,1394.04,-0.45,True,Active,muhib,Forward,Normal,1: Walking
1790443715.753131,47264,Target 0,-7.0,1349.0,240.0,1349.02,-0.3,True,Active,muhib,Forward,Normal,1: Walking
1790443715.7724946,47265,Target 0,-10.0,1313.0,160.0,1313.04,-0.44,True,Active,muhib,Forward,Normal,1: Walking
1790443715.7907133,47266,Target 0,-15.0,1296.0,80.0,1296.09,-0.66,True,Active,muhib,Forward,Normal,1: Walking
1790443715.817209,47267,Target 0,-23.0,1281.0,0.0,1281.21,-1.03,True,Active,muhib,Forward,Normal,1: Walking
1790443715.8373225,47268,Target 0,-35.0,1265.0,0.0,1265.48,-1.58,True,Active,muhib,Forward,Normal,1: Walking
1790443715.8557804,47269,Target 0,-55.0,1258.0,-160.0,1259.2,-2.5,True,Active,muhib,Forward,Normal,1: Walking
1790443715.8751266,47270,Target 0,-77.0,1253.0,-160.0,1255.36,-3.52,True,Active,muhib,Forward,Normal,1: Walking
1790443715.8933334,47271,Target 0,-101.0,1244.0,-80.0,1248.09,-4.64,True,Active,muhib,Forward,Normal,1: Walking
1790443715.912509,47272,Target 0,-128.0,1235.0,-80.0,1241.62,-5.92,True,Active,muhib,Forward,Normal,1: Walking
1790443715.9314492,47273,Target 0,-187.0,1231.0,-160.0,1245.12,-8.64,True,Active,muhib,Forward,Normal,1: Walking
1790443715.9512675,47274,Target 0,-251.0,1231.0,-160.0,1256.33,-11.52,True,Active,muhib,Forward,Normal,1: Walking
1790443715.96956,47275,Target 0,-317.0,1230.0,-160.0,1270.19,-14.45,True,Active,muhib,Forward,Normal,1: Walking
1790443715.988872,47276,Target 0,-379.0,1233.0,-160.0,1289.93,-17.09,True,Active,muhib,Forward,Normal,1: Walking
1790443716.0081282,47277,Target 0,-438.0,1233.0,-160.0,1308.49,-19.56,True,Active,muhib,Forward,Normal,1: Walking
1790443716.026222,47278,Target 0,-496.0,1228.0,-160.0,1324.39,-21.99,True,Active,muhib,Forward,Normal,1: Walking
1790443716.0451174,47279,Target 0,-551.0,1220.0,-240.0,1338.66,-24.31,True,Active,muhib,Forward,Normal,1: Walking
1790443716.0643027,47280,Target 0,-603.0,1201.0,-390.0,1343.88,-26.66,True,Active,muhib,Forward,Normal,1: Walking
1790443716.0836384,47281,Target 0,-649.0,1181.0,-390.0,1347.58,-28.79,True,Active,muhib,Forward,Normal,1: Walking
1790443716.101813,47282,Target 0,-680.0,1179.0,-240.0,1361.04,-29.97,True,Active,muhib,Forward,Normal,1: Walking
1790443716.1200137,47283,Target 0,-702.0,1178.0,-240.0,1371.31,-30.79,True,Active,muhib,Forward,Normal,1: Walking
1790443716.2793028,47284,Target 0,-722.0,1186.0,-320.0,1388.48,-31.33,True,Active,muhib,Forward,Normal,1: Walking
1790443716.2991674,47285,Target 0,-742.0,1188.0,-390.0,1400.68,-31.99,True,Active,muhib,Forward,Normal,1: Walking
1790443716.3188105,47286,Target 0,-764.0,1191.0,-480.0,1414.98,-32.68,True,Active,muhib,Forward,Normal,1: Walking
1790443716.336811,47287,Target 0,-779.0,1202.0,-480.0,1432.36,-32.95,True,Active,muhib,Forward,Normal,1: Walking
1790443716.3563175,47288,Target 0,-793.0,1204.0,-390.0,1441.69,-33.37,True,Active,muhib,Forward,Normal,1: Walking
1790443716.375318,47289,Target 0,-808.0,1218.0,-390.0,1461.64,-33.56,True,Active,muhib,Forward,Normal,1: Walking
1790443716.3944192,47290,Target 0,-833.0,1232.0,-390.0,1487.18,-34.06,True,Active,muhib,Forward,Normal,1: Walking
1790443716.41629,47291,Target 0,-875.0,1263.0,-320.0,1536.49,-34.71,True,Active,muhib,Forward,Normal,1: Walking
1790443716.5261624,47292,Target 0,-893.0,1302.0,-240.0,1578.81,-34.44,True,Active,muhib,Forward,Normal,1: Walking
1790443716.5467963,47293,Target 0,-902.0,1344.0,-240.0,1618.62,-33.87,True,Active,muhib,Forward,Normal,1: Walking
1790443716.5843058,47294,Target 0,-915.0,1388.0,-320.0,1662.46,-33.39,True,Active,muhib,Forward,Normal,1: Walking
1790443716.6744733,47295,Target 0,-926.0,1428.0,-390.0,1701.96,-32.96,True,Active,muhib,Forward,Normal,1: Walking
1790443716.8435404,47296,Target 0,-941.0,1467.0,-480.0,1742.86,-32.68,True,Active,muhib,Forward,Normal,1: Walking
1790443716.9198267,47297,Target 0,-966.0,1516.0,-640.0,1797.61,-32.51,True,Active,muhib,Forward,Normal,1: Walking
1790443716.9421124,47298,Target 0,-983.0,1553.0,-390.0,1837.96,-32.33,True,Active,muhib,Forward,Normal,1: Walking
1790443717.149319,47299,Target 0,-995.0,1575.0,-390.0,1862.97,-32.28,True,Active,muhib,Forward,Normal,1: Walking
1790443717.1683187,47300,Target 0,-1014.0,1600.0,-390.0,1894.25,-32.36,True,Active,muhib,Forward,Normal,1: Walking
1790443717.2060583,47301,Target 0,-1044.0,1621.0,-390.0,1928.1,-32.78,True,Active,muhib,Forward,Normal,1: Walking
1790443717.2993035,47302,Target 0,-1092.0,1630.0,-320.0,1961.98,-33.82,True,Active,muhib,Forward,Normal,1: Walking
1790443717.3838136,47303,Target 0,-1122.0,1650.0,-390.0,1995.34,-34.22,True,Active,muhib,Forward,Normal,1: Walking
1790443717.5065105,47304,Target 0,-1143.0,1696.0,-320.0,2045.21,-33.98,True,Active,muhib,Forward,Normal,1: Walking
1790443717.568029,47305,Target 0,-1180.0,1732.0,-390.0,2095.76,-34.27,True,Active,muhib,Forward,Normal,1: Walking
1790443717.6552603,47306,Target 0,-1209.0,1786.0,-390.0,2156.73,-34.1,True,Active,muhib,Forward,Normal,1: Walking
1790443717.74576,47307,Target 0,-1212.0,1848.0,-480.0,2209.99,-33.26,True,Active,muhib,Forward,Normal,1: Walking
1790443717.8623667,47308,Target 0,-1206.0,1888.0,-390.0,2240.31,-32.57,True,Active,muhib,Forward,Normal,1: Walking
1790443717.9181545,47309,Target 0,-1212.0,1938.0,-320.0,2285.78,-32.02,True,Active,muhib,Forward,Normal,1: Walking
1790443718.0057986,47310,Target 0,-1217.0,1979.0,-390.0,2323.26,-31.59,True,Active,muhib,Forward,Normal,1: Walking
1790443718.1263225,47311,Target 0,-1219.0,2013.0,-390.0,2353.32,-31.2,True,Active,muhib,Forward,Normal,1: Walking
1790443718.2404356,47312,Target 0,-1233.0,2029.0,-240.0,2374.26,-31.29,True,Active,muhib,Forward,Normal,1: Walking
1790443718.3263178,47313,Target 0,-1245.0,2054.0,-390.0,2401.86,-31.22,True,Active,muhib,Forward,Normal,1: Walking
1790443718.3772328,47314,Target 0,-1248.0,2083.0,-390.0,2428.25,-30.93,True,Active,muhib,Forward,Normal,1: Walking
1790443718.4681742,47315,Target 0,-1257.0,2096.0,-320.0,2444.03,-30.95,True,Active,muhib,Forward,Normal,1: Walking
1790443718.620127,47316,Target 0,-1266.0,2112.0,-320.0,2462.38,-30.94,True,Active,muhib,Forward,Normal,1: Walking
1790443718.6800804,47317,Target 0,-1283.0,2130.0,-390.0,2486.56,-31.06,True,Active,muhib,Forward,Normal,1: Walking
1790443718.7424576,47318,Target 0,-1323.0,2151.0,-320.0,2525.3,-31.59,True,Active,muhib,Forward,Normal,1: Walking
1790443718.8423054,47319,Target 0,-1351.0,2174.0,-240.0,2559.59,-31.86,True,Active,muhib,Forward,Normal,1: Walking
1790443718.9483593,47320,Target 0,-1396.0,2195.0,-240.0,2601.32,-32.46,True,Active,muhib,Forward,Normal,1: Walking
1790443719.0644329,47321,Target 0,-1432.0,2202.0,-80.0,2626.68,-33.04,True,Active,muhib,Forward,Normal,1: Walking
1790443719.0871923,47322,Target 0,-1481.0,2201.0,-240.0,2652.88,-33.94,True,Active,muhib,Forward,Normal,1: Walking
1790443719.1709855,47323,Target 0,-1525.0,2189.0,-160.0,2667.84,-34.86,True,Active,muhib,Forward,Normal,1: Walking
1790443719.269278,47324,Target 0,-1569.0,2188.0,-320.0,2692.42,-35.64,True,Active,muhib,Forward,Normal,1: Walking
1790443719.3415287,47325,Target 0,-1593.0,2206.0,-390.0,2721.04,-35.83,True,Active,muhib,Forward,Normal,1: Walking
1790443719.430117,47326,Target 0,-1607.0,2222.0,-390.0,2742.21,-35.88,True,Active,muhib,Forward,Normal,1: Walking
1790443719.5282128,47327,Target 0,-1609.0,2233.0,-320.0,2752.3,-35.77,True,Active,muhib,Forward,Normal,1: Walking
1790443719.63818,47328,Target 0,-1615.0,2239.0,-390.0,2760.68,-35.8,True,Active,muhib,Forward,Normal,1: Walking
1790443719.6983716,47329,Target 0,-1620.0,2247.0,-390.0,2770.09,-35.79,True,Active,muhib,Forward,Normal,1: Walking
1790443719.7861924,47330,Target 0,-1626.0,2259.0,-160.0,2783.34,-35.75,True,Active,muhib,Forward,Normal,1: Walking
1790443719.88544,47331,Target 0,-1627.0,2275.0,-320.0,2796.92,-35.57,True,Active,muhib,Forward,Normal,1: Walking
1790443720.0042958,47332,Target 0,-1631.0,2290.0,0.0,2811.45,-35.46,True,Active,muhib,Forward,Normal,1: Walking
1790443720.0547636,47333,Target 0,-1629.0,2311.0,-240.0,2827.43,-35.18,True,Active,muhib,Forward,Normal,1: Walking
1790443720.1428938,47334,Target 0,-1631.0,2325.0,0.0,2840.03,-35.05,True,Active,muhib,Forward,Normal,1: Walking
1790443720.2311814,47335,Target 0,-1626.0,2347.0,160.0,2855.22,-34.71,True,Active,muhib,Forward,Normal,1: Walking
1790443720.3388312,47336,Target 0,-1617.0,2368.0,160.0,2867.42,-34.33,True,Active,muhib,Forward,Normal,1: Walking
1790443720.4111996,47337,Target 0,-1617.0,2380.0,240.0,2877.34,-34.19,True,Active,muhib,Forward,Normal,1: Walking
1790443720.583981,47338,Target 0,-1615.0,2388.0,320.0,2882.84,-34.07,True,Active,muhib,Forward,Normal,1: Walking
1790443720.605516,47339,Target 0,-1605.0,2397.0,320.0,2884.72,-33.81,True,Active,muhib,Forward,Normal,1: Walking
1790443720.6882973,47340,Target 0,-1590.0,2404.0,240.0,2882.24,-33.48,True,Active,muhib,Forward,Normal,1: Walking
1790443720.764679,47341,Target 0,-1573.0,2416.0,240.0,2882.95,-33.07,True,Active,muhib,Forward,Normal,1: Walking
1790443720.868299,47342,Target 0,-1564.0,2420.0,320.0,2881.41,-32.87,True,Active,muhib,Forward,Normal,1: Walking
1790443720.9573164,47343,Target 0,-1556.0,2415.0,390.0,2872.87,-32.79,True,Active,muhib,Forward,Normal,1: Walking
1790443721.1178322,47344,Target 0,-1553.0,2417.0,320.0,2872.92,-32.72,True,Active,muhib,Forward,Normal,1: Walking
1790443721.2050138,47345,Target 0,-1544.0,2420.0,240.0,2870.6,-32.54,True,Active,muhib,Forward,Normal,1: Walking
1790443721.2244198,47346,Target 0,-1536.0,2420.0,480.0,2866.3,-32.4,True,Active,muhib,Forward,Normal,1: Walking
1790443721.312433,47347,Target 0,-1522.0,2406.0,560.0,2846.98,-32.32,True,Active,muhib,Forward,Normal,1: Walking
1790443721.4223847,47348,Target 0,-1518.0,2397.0,480.0,2837.24,-32.35,True,Active,muhib,Forward,Normal,1: Walking
1790443721.4769616,47349,Target 0,-1507.0,2371.0,480.0,2809.39,-32.44,True,Active,muhib,Forward,Normal,1: Walking
1790443721.598569,47350,Target 0,-1486.0,2348.0,320.0,2778.72,-32.33,True,Active,muhib,Forward,Normal,1: Walking
1790443721.672741,47351,Target 0,-1471.0,2321.0,390.0,2747.89,-32.37,True,Active,muhib,Forward,Normal,1: Walking
1790443721.748953,47352,Target 0,-1452.0,2293.0,480.0,2714.07,-32.34,True,Active,muhib,Forward,Normal,1: Walking
1790443721.8368392,47353,Target 0,-1436.0,2260.0,480.0,2677.63,-32.43,True,Active,muhib,Forward,Normal,1: Walking
1790443721.9246008,47354,Target 0,-1393.0,2211.0,560.0,2613.23,-32.21,True,Active,muhib,Forward,Normal,1: Walking
1790443722.0099578,47355,Target 0,-1371.0,2181.0,240.0,2576.12,-32.15,True,Active,muhib,Forward,Normal,1: Walking
1790443722.1044626,47356,Target 0,-1359.0,2159.0,390.0,2551.11,-32.19,True,Active,muhib,Forward,Normal,1: Walking
1790443722.1888027,47357,Target 0,-1338.0,2136.0,390.0,2520.46,-32.06,True,Active,muhib,Forward,Normal,1: Walking
1790443722.2775967,47358,Target 0,-1311.0,2114.0,320.0,2487.51,-31.81,True,Active,muhib,Forward,Normal,1: Walking
1790443722.3902295,47359,Target 0,-1245.0,2078.0,320.0,2422.42,-30.93,True,Active,muhib,Forward,Normal,1: Walking
1790443722.4582505,47360,Target 0,-1191.0,2034.0,390.0,2357.04,-30.35,True,Active,muhib,Forward,Normal,1: Walking
1790443722.5484207,47361,Target 0,-1134.0,2012.0,160.0,2309.57,-29.41,True,Active,muhib,Forward,Normal,1: Walking
1790443722.634642,47362,Target 0,-1066.0,1999.0,390.0,2265.47,-28.07,True,Active,muhib,Forward,Normal,1: Walking
1790443722.7259,47363,Target 0,-1022.0,1982.0,720.0,2229.98,-27.28,True,Active,muhib,Forward,Normal,1: Walking
1790443722.8128777,47364,Target 0,-985.0,1945.0,480.0,2180.19,-26.86,True,Active,muhib,Forward,Normal,1: Walking
1790443722.9415498,47365,Target 0,-946.0,1904.0,560.0,2126.06,-26.42,True,Active,muhib,Forward,Normal,1: Walking
1790443723.0040317,47366,Target 0,-914.0,1864.0,480.0,2076.03,-26.12,True,Active,muhib,Forward,Normal,1: Walking
1790443723.1011503,47367,Target 0,-880.0,1815.0,480.0,2017.08,-25.87,True,Active,muhib,Forward,Normal,1: Walking
1790443723.214286,47368,Target 0,-840.0,1787.0,390.0,1974.58,-25.18,True,Active,muhib,Forward,Normal,1: Walking
1790443723.258709,47369,Target 0,-809.0,1755.0,390.0,1932.49,-24.75,True,Active,muhib,Forward,Normal,1: Walking
1790443723.345665,47370,Target 0,-776.0,1745.0,390.0,1909.76,-23.97,True,Active,muhib,Forward,Normal,1: Walking
1790443723.4651158,47371,Target 0,-737.0,1732.0,390.0,1882.28,-23.05,True,Active,muhib,Forward,Normal,1: Walking
1790443723.5250118,47372,Target 0,-696.0,1726.0,390.0,1861.05,-21.96,True,Active,muhib,Forward,Normal,1: Walking
1790443723.613945,47373,Target 0,-665.0,1701.0,480.0,1826.37,-21.35,True,Active,muhib,Forward,Normal,1: Walking
1790443723.9542089,47374,Target 0,-621.0,1694.0,390.0,1804.24,-20.13,True,Active,muhib,Forward,Normal,1: Walking
1790443723.973209,47375,Target 0,-578.0,1665.0,320.0,1762.47,-19.14,True,Active,muhib,Forward,Normal,1: Walking
1790443723.9932086,47376,Target 0,-534.0,1624.0,320.0,1709.54,-18.2,True,Active,muhib,Forward,Normal,1: Walking
1790443724.0150304,47377,Target 0,-486.0,1596.0,390.0,1668.36,-16.94,True,Active,muhib,Forward,Normal,1: Walking
1790443724.0585363,47378,Target 0,-448.0,1559.0,390.0,1622.09,-16.03,True,Active,muhib,Forward,Normal,1: Walking
1790443724.1475937,47379,Target 0,-408.0,1526.0,390.0,1579.6,-14.97,True,Active,muhib,Forward,Normal,1: Walking
1790443724.2355764,47380,Target 0,-364.0,1486.0,480.0,1529.93,-13.76,True,Active,muhib,Forward,Normal,1: Walking
1790443724.3251648,47381,Target 0,-335.0,1456.0,480.0,1494.04,-12.96,True,Active,muhib,Forward,Normal,1: Walking
1790443724.4201677,47382,Target 0,-310.0,1431.0,480.0,1464.19,-12.22,True,Active,muhib,Forward,Normal,1: Walking
1790443724.5208592,47383,Target 0,-277.0,1395.0,480.0,1422.24,-11.23,True,Active,muhib,Forward,Normal,1: Walking
1790443724.6262348,47384,Target 0,-234.0,1354.0,480.0,1374.07,-9.81,True,Active,muhib,Forward,Normal,1: Walking
1790443724.703169,47385,Target 0,-194.0,1309.0,320.0,1323.3,-8.43,True,Active,muhib,Forward,Normal,1: Walking
1790443724.7907658,47386,Target 0,-157.0,1280.0,320.0,1289.59,-6.99,True,Active,muhib,Forward,Normal,1: Walking
1790443724.8808675,47387,Target 0,-118.0,1252.0,240.0,1257.55,-5.38,True,Active,muhib,Forward,Normal,1: Walking
1790443724.9645677,47388,Target 0,-78.0,1243.0,160.0,1245.44,-3.59,True,Active,muhib,Forward,Normal,1: Walking
1790443725.0613616,47389,Target 0,-47.0,1219.0,160.0,1219.91,-2.21,True,Active,muhib,Forward,Normal,1: Walking
1790443725.1325245,47390,Target 0,-16.0,1177.0,80.0,1177.11,-0.78,True,Active,muhib,Forward,Normal,1: Walking
1790443725.350893,47391,Target 0,22.0,1150.0,0.0,1150.21,1.1,True,Active,muhib,Forward,Normal,1: Walking
1790443725.3714,47392,Target 0,56.0,1116.0,80.0,1117.4,2.87,True,Active,muhib,Forward,Normal,1: Walking
1790443725.438818,47393,Target 0,84.0,1076.0,-80.0,1079.27,4.46,True,Active,muhib,Forward,Normal,1: Walking
1790443725.5753238,47394,Target 0,112.0,1050.0,0.0,1055.96,6.09,True,Active,muhib,Forward,Normal,1: Walking
1790443725.5957737,47395,Target 0,146.0,1032.0,0.0,1042.28,8.05,True,Active,muhib,Forward,Normal,1: Walking
1790443725.6678493,47396,Target 0,192.0,1026.0,0.0,1043.81,10.6,True,Active,muhib,Forward,Normal,1: Walking
1790443725.8480446,47397,Target 0,228.0,1030.0,80.0,1054.93,12.48,True,Active,muhib,Forward,Normal,1: Walking
1790443725.8679485,47398,Target 0,264.0,1017.0,-80.0,1050.71,14.55,True,Active,muhib,Forward,Normal,1: Walking
1790443726.049905,47399,Target 0,298.0,997.0,80.0,1040.58,16.64,True,Active,muhib,Forward,Normal,1: Walking
1790443726.0706558,47400,Target 0,340.0,965.0,-240.0,1023.14,19.41,True,Active,muhib,Forward,Normal,1: Walking
1790443726.157738,47401,Target 0,384.0,942.0,-80.0,1017.26,22.18,True,Active,muhib,Forward,Normal,1: Walking
1790443726.2742858,47402,Target 0,424.0,934.0,0.0,1025.73,24.42,True,Active,muhib,Forward,Normal,1: Walking
1790443726.3198779,47403,Target 0,454.0,920.0,-160.0,1025.92,26.27,True,Active,muhib,Forward,Normal,1: Walking
1790443726.415464,47404,Target 0,481.0,910.0,-240.0,1029.3,27.86,True,Active,muhib,Forward,Normal,1: Walking
1790443726.4834187,47405,Target 0,517.0,923.0,-160.0,1057.93,29.25,True,Active,muhib,Forward,Normal,1: Walking
1790443726.5504293,47406,Target 0,554.0,916.0,-320.0,1070.5,31.17,True,Active,muhib,Forward,Normal,1: Walking
1790443726.647991,47407,Target 0,584.0,918.0,-390.0,1088.02,32.46,True,Active,muhib,Forward,Normal,1: Walking
1790443726.728017,47408,Target 0,609.0,918.0,-480.0,1101.64,33.56,True,Active,muhib,Forward,Normal,1: Walking
1790443726.834949,47409,Target 0,642.0,924.0,-480.0,1125.14,34.79,True,Active,muhib,Forward,Normal,1: Walking
1790443726.9056246,47410,Target 0,673.0,930.0,-390.0,1147.97,35.89,True,Active,muhib,Forward,Normal,1: Walking
1790443726.9986188,47411,Target 0,699.0,930.0,-390.0,1163.4,36.93,True,Active,muhib,Forward,Normal,1: Walking
1790443727.0928094,47412,Target 0,716.0,944.0,-390.0,1184.82,37.18,True,Active,muhib,Forward,Normal,1: Walking
1790443727.1899462,47413,Target 0,727.0,953.0,-320.0,1198.64,37.34,True,Active,muhib,Forward,Normal,1: Walking
1790443727.261749,47414,Target 0,741.0,964.0,-390.0,1215.89,37.55,True,Active,muhib,Forward,Normal,1: Walking
1790443727.3527427,47415,Target 0,766.0,995.0,-240.0,1255.7,37.59,True,Active,muhib,Forward,Normal,1: Walking
1790443727.4398239,47416,Target 0,773.0,1022.0,-240.0,1281.41,37.1,True,Active,muhib,Forward,Normal,1: Walking
1790443727.5698366,47417,Target 0,778.0,1039.0,-320.0,1298.0,36.83,True,Active,muhib,Forward,Normal,1: Walking
1790443727.622212,47418,Target 0,793.0,1051.0,-480.0,1316.61,37.04,True,Active,muhib,Forward,Normal,1: Walking
1790443727.7441597,47419,Target 0,812.0,1061.0,-320.0,1336.06,37.43,True,Active,muhib,Forward,Normal,1: Walking
1790443727.8164167,47420,Target 0,848.0,1088.0,-240.0,1379.44,37.93,True,Active,muhib,Forward,Normal,1: Walking
1790443727.9052484,47421,Target 0,887.0,1123.0,-240.0,1431.05,38.3,True,Active,muhib,Forward,Normal,1: Walking
1790443727.972744,47422,Target 0,922.0,1149.0,-320.0,1473.19,38.74,True,Active,muhib,Forward,Normal,1: Walking
1790443728.1055505,47423,Target 0,955.0,1169.0,-320.0,1509.5,39.25,True,Active,muhib,Forward,Normal,1: Walking
1790443728.18568,47424,Target 0,978.0,1202.0,-320.0,1549.61,39.13,True,Active,muhib,Forward,Normal,1: Walking
1790443728.2480452,47425,Target 0,1018.0,1228.0,-390.0,1595.09,39.66,True,Active,muhib,Forward,Normal,1: Walking
1790443728.3393726,47426,Target 0,1051.0,1253.0,-480.0,1635.42,39.99,True,Active,muhib,Forward,Normal,1: Walking
1790443728.4440012,47427,Target 0,1075.0,1277.0,-480.0,1669.24,40.09,True,Active,muhib,Forward,Normal,1: Walking
1790443728.50721,47428,Target 0,1083.0,1309.0,-390.0,1698.93,39.6,True,Active,muhib,Forward,Normal,1: Walking
1790443728.6083999,47429,Target 0,1104.0,1333.0,-240.0,1730.81,39.63,True,Active,muhib,Forward,Normal,1: Walking
1790443728.6947172,47430,Target 0,1104.0,1372.0,-240.0,1761.02,38.82,True,Active,muhib,Forward,Normal,1: Walking
1790443728.7800398,47431,Target 0,1124.0,1414.0,-320.0,1806.31,38.48,True,Active,muhib,Forward,Normal,1: Walking
1790443728.8633552,47432,Target 0,1127.0,1446.0,-240.0,1833.32,37.93,True,Active,muhib,Forward,Normal,1: Walking
1790443728.9553223,47433,Target 0,1145.0,1482.0,-320.0,1872.79,37.69,True,Active,muhib,Forward,Normal,1: Walking
1790443729.0584815,47434,Target 0,1175.0,1495.0,-390.0,1901.49,38.17,True,Active,muhib,Forward,Normal,1: Walking
1790443729.129166,47435,Target 0,1211.0,1507.0,-390.0,1933.28,38.78,True,Active,muhib,Forward,Normal,1: Walking
1790443729.221001,47436,Target 0,1232.0,1527.0,-390.0,1962.03,38.9,True,Active,muhib,Forward,Normal,1: Walking
1790443729.309977,47437,Target 0,1249.0,1554.0,-390.0,1993.72,38.79,True,Active,muhib,Forward,Normal,1: Walking
1790443729.4067776,47438,Target 0,1240.0,1585.0,-320.0,2012.42,38.04,True,Active,muhib,Forward,Normal,1: Walking
1790443729.4865878,47439,Target 0,1232.0,1595.0,-320.0,2015.4,37.68,True,Active,muhib,Forward,Normal,1: Walking
1790443729.575974,47440,Target 0,1222.0,1609.0,-80.0,2020.44,37.22,True,Active,muhib,Forward,Normal,1: Walking
1790443729.6643417,47441,Target 0,1210.0,1623.0,-160.0,2024.41,36.71,True,Active,muhib,Forward,Normal,1: Walking
1790443729.7551723,47442,Target 0,1204.0,1643.0,-80.0,2036.93,36.23,True,Active,muhib,Forward,Normal,1: Walking
1790443729.8438835,47443,Target 0,1208.0,1655.0,0.0,2048.97,36.13,True,Active,muhib,Forward,Normal,1: Walking
1790443729.939392,47444,Target 0,1213.0,1667.0,80.0,2061.62,36.04,True,Active,muhib,Forward,Normal,1: Walking
1790443730.0296934,47445,Target 0,1218.0,1683.0,80.0,2077.5,35.89,True,Active,muhib,Forward,Normal,1: Walking
1790443730.1140606,47446,Target 0,1229.0,1695.0,80.0,2093.67,35.94,True,Active,muhib,Forward,Normal,1: Walking
1790443730.2256134,47447,Target 0,1230.0,1705.0,80.0,2102.36,35.81,True,Active,muhib,Forward,Normal,1: Walking
1790443730.3158624,47448,Target 0,1221.0,1714.0,80.0,2104.43,35.46,True,Active,muhib,Forward,Normal,1: Walking
1790443730.6115868,47449,Target 0,1213.0,1721.0,80.0,2105.52,35.18,True,Active,muhib,Forward,Normal,1: Walking
1790443730.631608,47450,Target 0,1200.0,1725.0,80.0,2101.34,34.82,True,Active,muhib,Forward,Normal,1: Walking
1790443730.6517706,47451,Target 0,1195.0,1720.0,80.0,2094.38,34.79,True,Active,muhib,Forward,Normal,1: Walking
1790443730.9783187,47452,Target 0,1193.0,1718.0,-80.0,2091.6,34.78,True,Active,muhib,Forward,Normal,1: Walking
1790443730.9978867,47453,Target 0,1188.0,1718.0,-80.0,2088.75,34.66,True,Active,muhib,Forward,Normal,1: Walking
1790443731.0175955,47454,Target 0,1178.0,1720.0,80.0,2084.73,34.41,True,Active,muhib,Forward,Normal,1: Walking
1790443731.0368688,47455,Target 0,1167.0,1725.0,160.0,2082.67,34.08,True,Active,muhib,Forward,Normal,1: Walking
1790443731.059288,47456,Target 0,1137.0,1742.0,80.0,2080.22,33.13,True,Active,muhib,Forward,Normal,1: Walking
1790443731.0890477,47457,Target 0,1104.0,1772.0,320.0,2087.77,31.92,True,Active,muhib,Forward,Normal,1: Walking
1790443731.180106,47458,Target 0,1069.0,1821.0,320.0,2111.59,30.41,True,Active,muhib,Forward,Normal,1: Walking
1790443731.2663214,47459,Target 0,1010.0,1904.0,160.0,2155.3,27.94,True,Active,muhib,Forward,Normal,1: Walking
1790443731.3662686,47460,Target 0,976.0,1918.0,320.0,2152.05,26.97,True,Active,muhib,Forward,Normal,1: Walking
1790443731.4432154,47461,Target 0,962.0,1913.0,480.0,2141.26,26.7,True,Active,muhib,Forward,Normal,1: Walking
1790443731.5545974,47462,Target 0,944.0,1903.0,480.0,2124.28,26.38,True,Active,muhib,Forward,Normal,1: Walking
1790443731.6211019,47463,Target 0,922.0,1892.0,480.0,2104.7,25.98,True,Active,muhib,Forward,Normal,1: Walking
1790443731.7105067,47464,Target 0,900.0,1876.0,480.0,2080.72,25.63,True,Active,muhib,Forward,Normal,1: Walking
1790443731.812035,47465,Target 0,870.0,1863.0,320.0,2056.13,25.03,True,Active,muhib,Forward,Normal,1: Walking
1790443731.9096801,47466,Target 0,840.0,1850.0,320.0,2031.77,24.42,True,Active,muhib,Forward,Normal,1: Walking
1790443731.9859042,47467,Target 0,813.0,1841.0,240.0,2012.52,23.83,True,Active,muhib,Forward,Normal,1: Walking
1790443732.0779626,47468,Target 0,793.0,1824.0,240.0,1988.93,23.5,True,Active,muhib,Forward,Normal,1: Walking
1790443732.1789482,47469,Target 0,771.0,1810.0,80.0,1967.37,23.07,True,Active,muhib,Forward,Normal,1: Walking
1790443732.2823782,47470,Target 0,751.0,1796.0,0.0,1946.69,22.69,True,Active,muhib,Forward,Normal,1: Walking
1790443732.4004986,47471,Target 0,725.0,1784.0,80.0,1925.69,22.12,True,Active,muhib,Forward,Normal,1: Walking
1790443732.6252532,47472,Target 0,701.0,1773.0,80.0,1906.55,21.57,True,Active,muhib,Forward,Normal,1: Walking
1790443732.6437032,47473,Target 0,672.0,1761.0,80.0,1884.86,20.89,True,Active,muhib,Forward,Normal,1: Walking
1790443732.6622798,47474,Target 0,645.0,1749.0,80.0,1864.14,20.24,True,Active,muhib,Forward,Normal,1: Walking
1790443732.738395,47475,Target 0,583.0,1736.0,-80.0,1831.28,18.56,True,Active,muhib,Forward,Normal,1: Walking
1790443733.1009705,47476,Target 0,514.0,1729.0,-160.0,1803.78,16.56,True,Active,muhib,Forward,Normal,1: Walking
1790443733.1210027,47477,Target 0,448.0,1731.0,-80.0,1788.03,14.51,True,Active,muhib,Forward,Normal,1: Walking
1790443733.1397061,47478,Target 0,388.0,1730.0,-80.0,1772.98,12.64,True,Active,muhib,Forward,Normal,1: Walking
1790443733.1582718,47479,Target 0,338.0,1743.0,-80.0,1775.47,10.97,True,Active,muhib,Forward,Normal,1: Walking
1790443733.221643,47480,Target 0,292.0,1763.0,-80.0,1787.02,9.4,True,Active,muhib,Forward,Normal,1: Walking
1790443733.241084,47481,Target 0,255.0,1792.0,-80.0,1810.05,8.1,True,Active,muhib,Forward,Normal,1: Walking
1790443733.463457,47482,Target 0,209.0,1824.0,-320.0,1835.93,6.54,True,Active,muhib,Forward,Normal,1: Walking
1790443733.4839635,47483,Target 0,157.0,1855.0,-390.0,1861.63,4.84,True,Active,muhib,Forward,Normal,1: Walking
1790443733.6490405,47484,Target 0,109.0,1876.0,-640.0,1879.16,3.33,True,Active,muhib,Forward,Normal,6: Fall onset
1790443733.6686153,47485,Target 0,77.0,1909.0,-640.0,1910.55,2.31,True,Active,muhib,Forward,Normal,6: Fall onset
1790443733.7445192,47486,Target 0,53.0,1948.0,-790.0,1948.72,1.56,True,Active,muhib,Forward,Normal,6: Fall onset
1790443733.770742,47487,Target 0,25.0,2003.0,-1040.0,2003.16,0.72,True,Active,muhib,Forward,Normal,6: Fall onset
1790443733.9600286,47488,Target 0,-18.0,2067.0,-1680.0,2067.08,-0.5,True,Active,muhib,Forward,Normal,6: Fall onset
1790443733.978534,47489,Target 0,-55.0,2134.0,-160.0,2134.71,-1.48,True,Active,muhib,Forward,Normal,6: Fall onset
1790443734.0384426,47490,Target 0,-86.0,2227.0,-2390.0,2228.66,-2.21,True,Active,muhib,Forward,Normal,6: Fall onset
1790443734.117328,47491,Target 0,-115.0,2329.0,-2390.0,2331.84,-2.83,True,Active,muhib,Forward,Normal,6: Fall onset
1790443734.2075286,47492,Target 0,-142.0,2431.0,-2390.0,2435.14,-3.34,True,Active,muhib,Forward,Normal,6: Fall onset
1790443734.2919617,47493,Target 0,-145.0,2489.0,-1280.0,2493.22,-3.33,True,Active,muhib,Forward,Normal,6: Fall onset
1790443734.389234,47494,Target 0,-155.0,2539.0,-960.0,2543.73,-3.49,True,Active,muhib,Forward,Normal,6: Fall onset
1790443734.468465,47495,Target 0,-164.0,2582.0,-960.0,2587.2,-3.63,True,Active,muhib,Forward,Normal,6: Fall onset
1790443734.5582747,47496,Target 0,-172.0,2618.0,-960.0,2623.64,-3.76,True,Active,muhib,Forward,Normal,6: Fall onset
1790443734.6559007,47497,Target 0,-178.0,2647.0,-960.0,2652.98,-3.85,True,Active,muhib,Forward,Normal,6: Fall onset
1790443734.760936,47498,Target 0,-183.0,2672.0,-960.0,2678.26,-3.92,True,Active,muhib,Forward,Normal,6: Fall onset
1790443734.8364062,47499,Target 0,-186.0,2682.0,-960.0,2688.44,-3.97,True,Active,muhib,Forward,Normal,6: Fall onset
1790443734.9150116,47500,Target 0,-188.0,2692.0,-960.0,2698.56,-3.99,True,Active,muhib,Forward,Normal,6: Fall onset
1790443735.0106888,47501,Target 0,-189.0,2701.0,-960.0,2707.6,-4.0,True,Active,muhib,Forward,Normal,6: Fall onset
1790443735.1142135,47502,Target 0,-191.0,2709.0,-960.0,2715.72,-4.03,True,Active,muhib,Forward,Normal,7: Post-fall stillness
1790443735.2695878,47503,Target 0,-193.0,2716.0,-960.0,2722.85,-4.06,True,Active,muhib,Forward,Normal,7: Post-fall stillness
1790443735.2890012,47504,Target 0,-194.0,2722.0,-960.0,2728.9,-4.08,True,Active,muhib,Forward,Normal,7: Post-fall stillness
1790443735.7048075,47505,Target 0,-195.0,2728.0,-960.0,2734.96,-4.09,True,Active,muhib,Forward,Normal,7: Post-fall stillness
1790443735.7258081,47506,Target 0,-196.0,2733.0,-960.0,2740.02,-4.1,True,Active,muhib,Forward,Normal,7: Post-fall stillness
1790443735.744315,47507,Target 0,-197.0,2738.0,-960.0,2745.08,-4.12,True,Active,muhib,Forward,Normal,7: Post-fall stillness
1790443735.762917,47508,Target 0,-198.0,2739.0,-960.0,2746.15,-4.13,True,Active,muhib,Forward,Normal,7: Post-fall stillness
1790443735.785423,47509,Target 0,-198.0,2741.0,-960.0,2748.14,-4.13,True,Active,muhib,Forward,Normal,7: Post-fall stillness
1790443735.8452344,47510,Target 0,-203.0,2746.0,0.0,2753.49,-4.23,True,Active,muhib,Forward,Normal,7: Post-fall stillness
1790443735.9562957,47511,Target 0,-209.0,2752.0,0.0,2759.92,-4.34,True,Active,muhib,Forward,Normal,7: Post-fall stillness
1790443736.0131392,47512,Target 0,-215.0,2759.0,0.0,2767.36,-4.46,True,Active,muhib,Forward,Normal,7: Post-fall stillness
1790443736.105664,47513,Target 0,-221.0,2765.0,0.0,2773.82,-4.57,True,Active,muhib,Forward,Normal,7: Post-fall stillness
1790443736.1898124,47514,Target 0,-227.0,2770.0,0.0,2779.29,-4.68,True,Active,muhib,Forward,Normal,7: Post-fall stillness
1790443736.2499416,47515,Target 0,-232.0,2776.0,0.0,2785.68,-4.78,True,Active,muhib,Forward,Normal,7: Post-fall stillness
1790443736.3385603,47516,Target 0,-238.0,2781.0,0.0,2791.17,-4.89,True,Active,muhib,Forward,Normal,7: Post-fall stillness
1790443736.4306252,47517,Target 0,-243.0,2787.0,0.0,2797.57,-4.98,True,Active,muhib,Forward,Normal,7: Post-fall stillness
1790443736.7178326,47518,Target 0,-248.0,2792.0,0.0,2802.99,-5.08,True,Active,muhib,Forward,Normal,7: Post-fall stillness
1790443736.7373383,47519,Target 0,-252.0,2796.0,0.0,2807.33,-5.15,True,Active,muhib,Forward,Normal,7: Post-fall stillness
1790443736.7569482,47520,Target 0,-257.0,2801.0,0.0,2812.77,-5.24,True,Active,muhib,Forward,Normal,7: Post-fall stillness
1790443736.8127315,47521,Target 0,-261.0,2806.0,0.0,2818.11,-5.31,True,Active,muhib,Forward,Normal,7: Post-fall stillness
1790443736.874647,47522,Target 0,-266.0,2810.0,0.0,2822.56,-5.41,True,Active,muhib,Forward,Normal,7: Post-fall stillness
1790443736.961694,47523,Target 0,-270.0,2814.0,0.0,2826.92,-5.48,True,Active,muhib,Forward,Normal,7: Post-fall stillness
1790443737.0680282,47524,Target 0,-274.0,2818.0,0.0,2831.29,-5.55,True,Active,muhib,Forward,Normal,7: Post-fall stillness
1790443737.2836633,47525,Target 0,-277.0,2822.0,0.0,2835.56,-5.61,True,Active,muhib,Forward,Normal,7: Post-fall stillness
1790443737.3037353,47526,Target 0,-277.0,2822.0,0.0,2835.56,-5.61,True,Active,muhib,Forward,Normal,7: Post-fall stillness
1790443737.3425033,47527,Target 0,-277.0,2822.0,0.0,2835.56,-5.61,True,Active,muhib,Forward,Normal,7: Post-fall stillness
1790443737.4066565,47528,Target 0,-277.0,2822.0,0.0,2835.56,-5.61,True,Active,muhib,Forward,Normal,7: Post-fall stillness
1790443737.5082872,47529,Target 0,-277.0,2822.0,0.0,2835.56,-5.61,True,Active,muhib,Forward,Normal,7: Post-fall stillness
1790443737.5840697,47530,Target 0,-277.0,2822.0,0.0,2835.56,-5.61,True,Active,muhib,Forward,Normal,7: Post-fall stillness
1790443737.7312672,47531,Target 0,-277.0,2822.0,0.0,2835.56,-5.61,True,Active,muhib,Forward,Normal,7: Post-fall stillness
1790443737.7900026,47532,Target 0,-277.0,2822.0,0.0,2835.56,-5.61,True,Active,muhib,Forward,Normal,7: Post-fall stillness
1790443737.850174,47533,Target 0,-277.0,2822.0,0.0,2835.56,-5.61,True,Active,muhib,Forward,Normal,7: Post-fall stillness
1790443737.9528916,47534,Target 0,-277.0,2822.0,0.0,2835.56,-5.61,True,Active,muhib,Forward,Normal,7: Post-fall stillness
1790443738.0527892,47535,Target 0,-277.0,2822.0,0.0,2835.56,-5.61,True,Active,muhib,Forward,Normal,7: Post-fall stillness
1790443738.121396,47536,Target 0,-277.0,2822.0,0.0,2835.56,-5.61,True,Active,muhib,Forward,Normal,7: Post-fall stillness
1790443738.2071812,47537,Target 0,-277.0,2822.0,0.0,2835.56,-5.61,True,Active,muhib,Forward,Normal,7: Post-fall stillness
1790443738.2957082,47538,Target 0,-277.0,2822.0,0.0,2835.56,-5.61,True,Active,muhib,Forward,Normal,7: Post-fall stillness
1790443738.4064453,47539,Target 0,-277.0,2822.0,0.0,2835.56,-5.61,True,Active,muhib,Forward,Normal,7: Post-fall stillness
1790443738.4731855,47540,Target 0,-277.0,2822.0,0.0,2835.56,-5.61,True,Active,muhib,Forward,Normal,7: Post-fall stillness
1790443738.5662582,47541,Target 0,-323.0,2859.0,0.0,2877.19,-6.45,True,Active,muhib,Forward,Normal,7: Post-fall stillness
1790443738.659009,47542,Target 0,-364.0,2903.0,0.0,2925.73,-7.15,True,Active,muhib,Forward,Normal,7: Post-fall stillness
1790443738.7641647,47543,Target 0,-484.0,3029.0,0.0,3067.43,-9.08,True,Active,muhib,Forward,Normal,7: Post-fall stillness
1790443739.0833528,47544,Target 0,-593.0,3143.0,0.0,3198.45,-10.68,True,Active,muhib,Forward,Normal,7: Post-fall stillness
1790443739.103102,47545,Target 0,-690.0,3246.0,0.0,3318.53,-12.0,True,Active,muhib,Forward,Normal,7: Post-fall stillness
1790443739.1220238,47546,Target 0,-722.0,3279.0,0.0,3357.55,-12.42,True,Active,muhib,Forward,Normal,7: Post-fall stillness
1790443739.1440866,47547,Target 0,-752.0,3311.0,0.0,3395.32,-12.8,True,Active,muhib,Forward,Normal,7: Post-fall stillness
1790443739.2094603,47548,Target 0,-782.0,3342.0,0.0,3432.27,-13.17,True,Active,muhib,Forward,Normal,7: Post-fall stillness
1790443739.2746024,47549,Target 0,-810.0,3372.0,0.0,3467.92,-13.51,True,Active,muhib,Forward,Normal,7: Post-fall stillness
1790443739.3855283,47550,Target 0,-838.0,3401.0,0.0,3502.72,-13.84,True,Active,muhib,Forward,Normal,7: Post-fall stillness
1790443739.5524924,47551,Target 0,-864.0,3429.0,0.0,3536.18,-14.14,True,Active,muhib,Forward,Normal,7: Post-fall stillness
1790443739.5718775,47552,Target 0,-890.0,3456.0,0.0,3568.76,-14.44,True,Active,muhib,Forward,Normal,7: Post-fall stillness
1790443739.8475494,47553,Target 0,-915.0,3482.0,0.0,3600.22,-14.72,True,Active,muhib,Forward,Normal,8: Recovery / standing back up
1790443739.8679316,47554,Target 0,-938.0,3507.0,0.0,3630.27,-14.97,True,Active,muhib,Forward,Normal,8: Recovery / standing back up
1790443739.8868074,47555,Target 0,-961.0,3531.0,0.0,3659.44,-15.22,True,Active,muhib,Forward,Normal,8: Recovery / standing back up
1790443739.9101777,47556,Target 0,-984.0,3554.0,0.0,3687.71,-15.48,True,Active,muhib,Forward,Normal,8: Recovery / standing back up
1790443740.0168533,47557,Target 0,-1005.0,3577.0,0.0,3715.5,-15.69,True,Active,muhib,Forward,Normal,8: Recovery / standing back up
1790443740.1209521,47558,Target 0,-1005.0,3577.0,0.0,3715.5,-15.69,True,Active,muhib,Forward,Normal,8: Recovery / standing back up
1790443740.2307289,47559,Target 0,-1005.0,3577.0,0.0,3715.5,-15.69,True,Active,muhib,Forward,Normal,8: Recovery / standing back up
1790443740.5735924,47560,Target 0,-1005.0,3577.0,0.0,3715.5,-15.69,True,Active,muhib,Forward,Normal,8: Recovery / standing back up
1790443740.594481,47561,Target 0,-1005.0,3577.0,0.0,3715.5,-15.69,True,Active,muhib,Forward,Normal,8: Recovery / standing back up
1790443740.6150978,47562,Target 0,-1005.0,3577.0,0.0,3715.5,-15.69,True,Active,muhib,Forward,Normal,8: Recovery / standing back up
1790443740.6345475,47563,Target 0,-1005.0,3577.0,0.0,3715.5,-15.69,True,Active,muhib,Forward,Normal,8: Recovery / standing back up
1790443740.6564429,47564,Target 0,-1005.0,3577.0,0.0,3715.5,-15.69,True,Active,muhib,Forward,Normal,8: Recovery / standing back up
1790443740.7056231,47565,Target 0,-1005.0,3577.0,0.0,3715.5,-15.69,True,Active,muhib,Forward,Normal,8: Recovery / standing back up
1790443740.8303108,47566,Target 0,-1005.0,3577.0,0.0,3715.5,-15.69,True,Active,muhib,Forward,Normal,8: Recovery / standing back up
1790443740.9068437,47567,Target 0,-1005.0,3577.0,0.0,3715.5,-15.69,True,Active,muhib,Forward,Normal,8: Recovery / standing back up
1790443741.1219118,47568,Target 0,-1005.0,3577.0,0.0,3715.5,-15.69,True,Active,muhib,Forward,Normal,8: Recovery / standing back up
1790443741.1409118,47569,Target 0,-990.0,3600.0,0.0,3733.64,-15.38,True,Active,muhib,Forward,Normal,8: Recovery / standing back up
1790443741.1984174,47570,Target 0,-956.0,3622.0,0.0,3746.04,-14.79,True,Active,muhib,Forward,Normal,8: Recovery / standing back up
1790443741.283926,47571,Target 0,-918.0,3643.0,0.0,3756.88,-14.14,True,Active,muhib,Forward,Normal,8: Recovery / standing back up
1790443741.3205068,47572,Target 0,-887.0,3663.0,0.0,3768.86,-13.61,True,Active,muhib,Forward,Normal,8: Recovery / standing back up
1790443741.4110522,47573,Target 0,-859.0,3682.0,0.0,3780.87,-13.13,True,Active,muhib,Forward,Normal,8: Recovery / standing back up
1790443741.502635,47574,Target 0,-832.0,3701.0,0.0,3793.37,-12.67,True,Active,muhib,Forward,Normal,8: Recovery / standing back up
1790443741.5943213,47575,Target 0,-806.0,3719.0,0.0,3805.34,-12.23,True,Active,muhib,Forward,Normal,8: Recovery / standing back up
1790443741.6767182,47576,Target 0,-780.0,3736.0,0.0,3816.56,-11.79,True,Active,muhib,Forward,Normal,8: Recovery / standing back up
1790443741.807019,47577,Target 0,-756.0,3752.0,0.0,3827.41,-11.39,True,Active,muhib,Forward,Normal,8: Recovery / standing back up
1790443741.8558831,47578,Target 0,-732.0,3768.0,0.0,3838.44,-10.99,True,Active,muhib,Forward,Normal,8: Recovery / standing back up
1790443741.9493961,47579,Target 0,-715.0,3781.0,0.0,3848.01,-10.71,True,Active,muhib,Forward,Normal,8: Recovery / standing back up
1790443742.036043,47580,Target 0,-700.0,3793.0,0.0,3857.05,-10.46,True,Active,muhib,Forward,Normal,8: Recovery / standing back up
1790443742.137565,47581,Target 0,-689.0,3802.0,0.0,3863.93,-10.27,True,Active,muhib,Forward,Normal,8: Recovery / standing back up
1790443742.257989,47582,Target 0,-680.0,3810.0,0.0,3870.21,-10.12,True,Active,muhib,Forward,Normal,8: Recovery / standing back up
1790443742.351392,47583,Target 0,-671.0,3818.0,0.0,3876.51,-9.97,True,Active,muhib,Forward,Normal,8: Recovery / standing back up
1790443742.3963368,47584,Target 0,-662.0,3826.0,0.0,3882.85,-9.82,True,Active,muhib,Forward,Normal,8: Recovery / standing back up
1790443742.5041804,47585,Target 0,-653.0,3833.0,0.0,3888.23,-9.67,True,Active,muhib,Forward,Normal,8: Recovery / standing back up
1790443742.5661814,47586,Target 0,-645.0,3840.0,0.0,3893.79,-9.53,True,Active,muhib,Forward,Normal,8: Recovery / standing back up
1790443742.6724942,47587,Target 0,-637.0,3847.0,0.0,3899.38,-9.4,True,Active,muhib,Forward,Normal,8: Recovery / standing back up
1790443742.7450805,47588,Target 0,-630.0,3854.0,0.0,3905.15,-9.28,True,Active,muhib,Forward,Normal,8: Recovery / standing back up
1790443742.8336558,47589,Target 0,-619.0,3864.0,0.0,3913.27,-9.1,True,Active,muhib,Forward,Normal,8: Recovery / standing back up
1790443742.9235609,47590,Target 0,-608.0,3876.0,0.0,3923.4,-8.91,True,Active,muhib,Forward,Normal,8: Recovery / standing back up
1790443743.0121534,47591,Target 0,-597.0,3888.0,0.0,3933.57,-8.73,True,Active,muhib,Forward,Normal,8: Recovery / standing back up
1790443743.1043992,47592,Target 0,-587.0,3899.0,0.0,3942.94,-8.56,True,Active,muhib,Forward,Normal,8: Recovery / standing back up
1790443743.1905103,47593,Target 0,-583.0,3909.0,0.0,3952.24,-8.48,True,Active,muhib,Forward,Normal,8: Recovery / standing back up
1790443743.2791173,47594,Target 0,-584.0,3917.0,-80.0,3960.3,-8.48,True,Active,muhib,Forward,Normal,8: Recovery / standing back up
1790443743.3703535,47595,Target 0,-587.0,3924.0,-80.0,3967.66,-8.51,True,Active,muhib,Forward,Normal,8: Recovery / standing back up
1790443743.4677768,47596,Target 0,-590.0,3931.0,-80.0,3975.03,-8.54,True,Active,muhib,Forward,Normal,8: Recovery / standing back up
1790443743.5525398,47597,Target 0,-593.0,3938.0,-80.0,3982.4,-8.56,True,Active,muhib,Forward,Normal,8: Recovery / standing back up
1790443743.6392796,47598,Target 0,-596.0,3945.0,-80.0,3989.77,-8.59,True,Active,muhib,Forward,Normal,8: Recovery / standing back up
1790443743.72397,47599,Target 0,-599.0,3951.0,-80.0,3996.15,-8.62,True,Active,muhib,Forward,Normal,8: Recovery / standing back up
1790443743.8274896,47600,Target 0,-602.0,3957.0,-80.0,4002.53,-8.65,True,Active,muhib,Forward,Normal,1: Walking
1790443743.9043438,47601,Target 0,-604.0,3963.0,-80.0,4008.76,-8.67,True,Active,muhib,Forward,Normal,1: Walking
1790443743.9995306,47602,Target 0,-607.0,3969.0,-80.0,4015.15,-8.7,True,Active,muhib,Forward,Normal,1: Walking
1790443744.1095278,47603,Target 0,-609.0,3975.0,-80.0,4021.38,-8.71,True,Active,muhib,Forward,Normal,1: Walking
1790443744.168518,47604,Target 0,-612.0,3980.0,-80.0,4026.78,-8.74,True,Active,muhib,Forward,Normal,1: Walking
1790443744.2828224,47605,Target 0,-614.0,3985.0,-80.0,4032.02,-8.76,True,Active,muhib,Forward,Normal,1: Walking
1790443744.3554902,47606,Target 0,-616.0,3990.0,-80.0,4037.27,-8.78,True,Active,muhib,Forward,Normal,1: Walking
1790443744.464801,47607,Target 0,-618.0,3995.0,-80.0,4042.52,-8.79,True,Active,muhib,Forward,Normal,1: Walking
1790443744.6793332,47608,Target 0,-620.0,3999.0,-80.0,4046.78,-8.81,True,Active,muhib,Forward,Normal,1: Walking
1790443744.6998405,47609,Target 0,-622.0,4004.0,-80.0,4052.02,-8.83,True,Active,muhib,Forward,Normal,1: Walking
1790443744.7328522,47610,Target 0,-622.0,4004.0,0.0,4052.02,-8.83,True,Active,muhib,Forward,Normal,1: Walking
1790443744.7939405,47611,Target 0,-622.0,4004.0,0.0,4052.02,-8.83,True,Active,muhib,Forward,Normal,1: Walking
1790443744.9048872,47612,Target 0,-622.0,4004.0,0.0,4052.02,-8.83,True,Active,muhib,Forward,Normal,1: Walking
1790443744.99538,47613,Target 0,-622.0,4004.0,0.0,4052.02,-8.83,True,Active,muhib,Forward,Normal,1: Walking
1790443745.0627012,47614,Target 0,-622.0,4004.0,0.0,4052.02,-8.83,True,Active,muhib,Forward,Normal,1: Walking
1790443745.1593761,47615,Target 0,-606.0,4004.0,0.0,4049.6,-8.61,True,Active,muhib,Forward,Normal,1: Walking
1790443745.2933905,47616,Target 0,-588.0,4003.0,0.0,4045.96,-8.36,True,Active,muhib,Forward,Normal,1: Walking
1790443745.3263907,47617,Target 0,-570.0,4002.0,0.0,4042.39,-8.11,True,Active,muhib,Forward,Normal,1: Walking
1790443745.433494,47618,Target 0,-553.0,4002.0,0.0,4040.03,-7.87,True,Active,muhib,Forward,Normal,1: Walking
1790443745.5237684,47619,Target 0,-537.0,4001.0,0.0,4036.88,-7.64,True,Active,muhib,Forward,Normal,1: Walking
1790443745.860036,47620,Target 0,-521.0,4001.0,0.0,4034.78,-7.42,True,Active,muhib,Forward,Normal,1: Walking
1790443745.8790367,47621,Target 0,-506.0,4000.0,0.0,4031.88,-7.21,True,Active,muhib,Forward,Normal,1: Walking
1790443745.8982406,47622,Target 0,-491.0,3999.0,0.0,4029.03,-7.0,True,Active,muhib,Forward,Normal,1: Walking
1790443745.9196155,47623,Target 0,-476.0,3999.0,0.0,4027.23,-6.79,True,Active,muhib,Forward,Normal,1: Walking
1790443745.9650927,47624,Target 0,-463.0,3998.0,0.0,4024.72,-6.61,True,Active,muhib,Forward,Normal,1: Walking
1790443746.0379264,47625,Target 0,-449.0,3998.0,0.0,4023.13,-6.41,True,Active,muhib,Forward,Normal,1: Walking
1790443746.1274502,47626,Target 0,-436.0,3997.0,0.0,4020.71,-6.23,True,Active,muhib,Forward,Normal,1: Walking
1790443746.224085,47627,Target 0,-424.0,3997.0,0.0,4019.43,-6.06,True,Active,muhib,Forward,Normal,1: Walking
1790443746.3294811,47628,Target 0,-412.0,3996.0,0.0,4017.18,-5.89,True,Active,muhib,Forward,Normal,1: Walking
1790443746.3970475,47629,Target 0,-401.0,3996.0,0.0,4016.07,-5.73,True,Active,muhib,Forward,Normal,1: Walking
1790443746.4919574,47630,Target 0,-389.0,3996.0,0.0,4014.89,-5.56,True,Active,muhib,Forward,Normal,1: Walking
1790443746.58671,47631,Target 0,-389.0,3996.0,0.0,4014.89,-5.56,True,Active,muhib,Forward,Normal,1: Walking
1790443746.6770134,47632,Target 0,-387.0,3994.0,-80.0,4012.71,-5.53,True,Active,muhib,Forward,Normal,1: Walking
1790443746.7495823,47633,Target 0,-388.0,3991.0,-80.0,4009.82,-5.55,True,Active,muhib,Forward,Normal,1: Walking
1790443746.8401573,47634,Target 0,-389.0,3989.0,-80.0,4007.92,-5.57,True,Active,muhib,Forward,Normal,1: Walking
1790443746.941024,47635,Target 0,-389.0,3987.0,-80.0,4005.93,-5.57,True,Active,muhib,Forward,Normal,1: Walking
1790443747.0659573,47636,Target 0,-390.0,3985.0,-80.0,4004.04,-5.59,True,Active,muhib,Forward,Normal,1: Walking
1790443747.1528442,47637,Target 0,-390.0,3983.0,-80.0,4002.05,-5.59,True,Active,muhib,Forward,Normal,1: Walking
1790443747.1939335,47638,Target 0,-391.0,3982.0,-80.0,4001.15,-5.61,True,Active,muhib,Forward,Normal,1: Walking
1790443747.3039804,47639,Target 0,-391.0,3980.0,-80.0,3999.16,-5.61,True,Active,muhib,Forward,Normal,1: Walking
1790443747.4168615,47640,Target 0,-392.0,3978.0,-80.0,3997.27,-5.63,True,Active,muhib,Forward,Normal,1: Walking
1790443747.4610772,47641,Target 0,-392.0,3977.0,-80.0,3996.27,-5.63,True,Active,muhib,Forward,Normal,1: Walking
1790443747.5507731,47642,Target 0,-393.0,3975.0,-80.0,3994.38,-5.65,True,Active,muhib,Forward,Normal,1: Walking
1790443747.6526055,47643,Target 0,-393.0,3973.0,-80.0,3992.39,-5.65,True,Active,muhib,Forward,Normal,1: Walking
1790443747.746321,47644,Target 0,-394.0,3972.0,-80.0,3991.49,-5.66,True,Active,muhib,Forward,Normal,1: Walking
1790443747.8208914,47645,Target 0,-394.0,3971.0,-80.0,3990.5,-5.67,True,Active,muhib,Forward,Normal,1: Walking
1790443747.920378,47646,Target 0,-395.0,3969.0,-80.0,3988.61,-5.68,True,Active,muhib,Forward,Normal,1: Walking
1790443747.9959383,47647,Target 0,-395.0,3968.0,-80.0,3987.61,-5.68,True,Active,muhib,Forward,Normal,1: Walking
1790443748.0907745,47648,Target 0,-395.0,3968.0,0.0,3987.61,-5.68,True,Active,muhib,Forward,Normal,1: Walking
1790443748.1820314,47649,Target 0,-395.0,3968.0,0.0,3987.61,-5.68,True,Active,muhib,Forward,Normal,1: Walking
1790443748.2624078,47650,Target 0,-395.0,3968.0,0.0,3987.61,-5.68,True,Active,muhib,Forward,Normal,1: Walking
1790443748.3702939,47651,Target 0,-395.0,3968.0,0.0,3987.61,-5.68,True,Active,muhib,Forward,Normal,1: Walking
1790443748.4717598,47652,Target 0,-395.0,3968.0,0.0,3987.61,-5.68,True,Active,muhib,Forward,Normal,1: Walking
1790443748.5412085,47653,Target 0,-395.0,3968.0,0.0,3987.61,-5.68,True,Active,muhib,Forward,Normal,1: Walking
1790443748.6180375,47654,Target 0,-395.0,3968.0,0.0,3987.61,-5.68,True,Active,muhib,Forward,Normal,1: Walking
1790443748.7086608,47655,Target 0,-395.0,3968.0,0.0,3987.61,-5.68,True,Active,muhib,Forward,Normal,1: Walking
1790443748.8025315,47656,Target 0,-395.0,3968.0,0.0,3987.61,-5.68,True,Active,muhib,Forward,Normal,1: Walking
1790443748.8850644,47657,Target 0,-395.0,3968.0,0.0,3987.61,-5.68,True,Active,muhib,Forward,Normal,1: Walking
1790443749.0410037,47658,Target 0,-395.0,3968.0,0.0,3987.61,-5.68,True,Active,muhib,Forward,Normal,1: Walking
1790443749.099859,47659,Target 0,-395.0,3968.0,0.0,3987.61,-5.68,True,Active,muhib,Forward,Normal,1: Walking
1790443749.1964924,47660,Target 0,-395.0,3968.0,0.0,3987.61,-5.68,True,Active,muhib,Forward,Normal,1: Walking
1790443749.243491,47661,Target 0,-395.0,3968.0,0.0,3987.61,-5.68,True,Active,muhib,Forward,Normal,1: Walking
1790443749.3544674,47662,Target 0,-395.0,3968.0,0.0,3987.61,-5.68,True,Active,muhib,Forward,Normal,1: Walking
1790443749.4190156,47663,Target 0,-395.0,3968.0,0.0,3987.61,-5.68,True,Active,muhib,Forward,Normal,1: Walking
1790443749.5310135,47664,Target 0,-395.0,3968.0,0.0,3987.61,-5.68,True,Active,muhib,Forward,Normal,1: Walking
1790443749.6297677,47665,Target 0,-395.0,3968.0,0.0,3987.61,-5.68,True,Active,muhib,Forward,Normal,1: Walking
1790443749.6938863,47666,Target 0,-395.0,3968.0,0.0,3987.61,-5.68,True,Active,muhib,Forward,Normal,1: Walking
