timestamp,sequence_id,target_id,x_mm,y_mm,speed_mms,distance_mm,angle_deg,valid,status,volunteer_id,fall_subtype,pace_variant,action_label
1790444298.0642583,53825,Target 0,1336.0,1711.0,320.0,2170.81,37.98,True,Active,muhib,Sideways,Normal,1: Walking
1790444298.088022,53826,Target 0,1333.0,1710.0,320.0,2168.18,37.94,True,Active,muhib,Sideways,Normal,1: Walking
1790444298.1087987,53827,Target 0,1335.0,1701.0,240.0,2162.32,38.13,True,Active,muhib,Sideways,Normal,1: Walking
1790444298.156901,53828,Target 0,1335.0,1690.0,240.0,2153.68,38.31,True,Active,muhib,Sideways,Normal,1: Walking
1790444298.23521,53829,Target 0,1328.0,1670.0,160.0,2133.66,38.49,True,Active,muhib,Sideways,Normal,1: Walking
1790444298.330226,53830,Target 0,1321.0,1645.0,80.0,2109.75,38.77,True,Active,muhib,Sideways,Normal,1: Walking
1790444298.4094872,53831,Target 0,1315.0,1625.0,160.0,2090.42,38.98,True,Active,muhib,Sideways,Normal,1: Walking
1790444298.509773,53832,Target 0,1316.0,1606.0,320.0,2076.32,39.33,True,Active,muhib,Sideways,Normal,1: Walking
1790444298.5755122,53833,Target 0,1316.0,1592.0,160.0,2065.51,39.58,True,Active,muhib,Sideways,Normal,1: Walking
1790444298.9968228,53834,Target 0,1317.0,1574.0,240.0,2052.31,39.92,True,Active,muhib,Sideways,Normal,1: Walking
1790444299.0178316,53835,Target 0,1315.0,1554.0,240.0,2035.72,40.24,True,Active,muhib,Sideways,Normal,1: Walking
1790444299.036694,53836,Target 0,1311.0,1535.0,320.0,2018.65,40.5,True,Active,muhib,Sideways,Normal,1: Walking
1790444299.0572412,53837,Target 0,1307.0,1517.0,160.0,2002.38,40.75,True,Active,muhib,Sideways,Normal,1: Walking
1790444299.0787263,53838,Target 0,1297.0,1504.0,80.0,1986.01,40.77,True,Active,muhib,Sideways,Normal,1: Walking
1790444299.3152318,53839,Target 0,1296.0,1487.0,640.0,1972.51,41.07,True,Active,muhib,Sideways,Normal,1: Walking
1790444299.334525,53840,Target 0,1292.0,1471.0,390.0,1957.83,41.29,True,Active,muhib,Sideways,Normal,1: Walking
1790444299.3535273,53841,Target 0,1296.0,1445.0,480.0,1941.04,41.89,True,Active,muhib,Sideways,Normal,1: Walking
1790444299.4276934,53842,Target 0,1292.0,1412.0,390.0,1913.9,42.46,True,Active,muhib,Sideways,Normal,1: Walking
1790444299.8262842,53843,Target 0,1283.0,1386.0,390.0,1888.67,42.79,True,Active,muhib,Sideways,Normal,1: Walking
1790444299.8465052,53844,Target 0,1275.0,1358.0,390.0,1862.74,43.19,True,Active,muhib,Sideways,Normal,1: Walking
1790444299.8659377,53845,Target 0,1275.0,1304.0,480.0,1823.74,44.36,True,Active,muhib,Sideways,Normal,1: Walking
1790444299.8884056,53846,Target 0,1264.0,1272.0,320.0,1793.23,44.82,True,Active,muhib,Sideways,Normal,1: Walking
1790444299.9079576,53847,Target 0,1249.0,1253.0,240.0,1769.18,44.91,True,Active,muhib,Sideways,Normal,1: Walking
1790444299.9295728,53848,Target 0,1233.0,1238.0,240.0,1747.26,44.88,True,Active,muhib,Sideways,Normal,1: Walking
1790444299.9917164,53849,Target 0,1214.0,1225.0,320.0,1724.65,44.74,True,Active,muhib,Sideways,Normal,1: Walking
1790444300.0945501,53850,Target 0,1192.0,1213.0,320.0,1700.66,44.5,True,Active,muhib,Sideways,Normal,1: Walking
1790444300.3481658,53851,Target 0,1170.0,1198.0,390.0,1674.55,44.32,True,Active,muhib,Sideways,Normal,1: Walking
1790444300.3672917,53852,Target 0,1146.0,1180.0,480.0,1644.91,44.16,True,Active,muhib,Sideways,Normal,1: Walking
1790444300.3867974,53853,Target 0,1123.0,1163.0,480.0,1616.69,44.0,True,Active,muhib,Sideways,Normal,1: Walking
1790444300.5165074,53854,Target 0,1073.0,1142.0,320.0,1567.0,43.22,True,Active,muhib,Sideways,Normal,1: Walking
1790444300.6031744,53855,Target 0,1022.0,1134.0,390.0,1526.58,42.03,True,Active,muhib,Sideways,Normal,1: Walking
1790444300.6528878,53856,Target 0,976.0,1109.0,320.0,1477.31,41.35,True,Active,muhib,Sideways,Normal,1: Walking
1790444300.8379498,53857,Target 0,933.0,1066.0,320.0,1416.63,41.19,True,Active,muhib,Sideways,Normal,1: Walking
1790444300.8570478,53858,Target 0,895.0,1019.0,320.0,1356.24,41.29,True,Active,muhib,Sideways,Normal,1: Walking
1790444301.0625792,53859,Target 0,859.0,976.0,80.0,1300.18,41.35,True,Active,muhib,Sideways,Normal,1: Walking
1790444301.082736,53860,Target 0,822.0,951.0,80.0,1257.01,40.84,True,Active,muhib,Sideways,Normal,1: Walking
1790444301.1028461,53861,Target 0,784.0,951.0,80.0,1232.5,39.5,True,Active,muhib,Sideways,Normal,1: Walking
1790444301.1577477,53862,Target 0,753.0,954.0,-80.0,1215.37,38.28,True,Active,muhib,Sideways,Normal,1: Walking
1790444301.3508277,53863,Target 0,726.0,962.0,-160.0,1205.21,37.04,True,Active,muhib,Sideways,Normal,1: Walking
1790444301.371813,53864,Target 0,696.0,968.0,-80.0,1192.24,35.72,True,Active,muhib,Sideways,Normal,1: Walking
1790444301.9832485,53865,Target 0,671.0,974.0,-80.0,1182.76,34.56,True,Active,muhib,Sideways,Normal,1: Walking
1790444302.0035138,53866,Target 0,655.0,978.0,-80.0,1177.08,33.81,True,Active,muhib,Sideways,Normal,1: Walking
1790444302.0222564,53867,Target 0,635.0,983.0,0.0,1170.26,32.86,True,Active,muhib,Sideways,Normal,1: Walking
1790444302.04145,53868,Target 0,594.0,1005.0,-160.0,1167.42,30.58,True,Active,muhib,Sideways,Normal,1: Walking
1790444302.0600204,53869,Target 0,569.0,1046.0,-80.0,1190.75,28.55,True,Active,muhib,Sideways,Normal,1: Walking
1790444302.0792892,53870,Target 0,538.0,1074.0,-240.0,1201.22,26.61,True,Active,muhib,Sideways,Normal,1: Walking
1790444302.0981796,53871,Target 0,513.0,1102.0,-80.0,1215.55,24.96,True,Active,muhib,Sideways,Normal,1: Walking
1790444302.121793,53872,Target 0,492.0,1130.0,-160.0,1232.46,23.53,True,Active,muhib,Sideways,Normal,1: Walking
1790444302.192944,53873,Target 0,469.0,1158.0,-160.0,1249.37,22.05,True,Active,muhib,Sideways,Normal,1: Walking
1790444302.3999572,53874,Target 0,434.0,1179.0,-320.0,1256.34,20.21,True,Active,muhib,Sideways,Normal,1: Walking
1790444302.4193842,53875,Target 0,405.0,1206.0,-240.0,1272.19,18.56,True,Active,muhib,Sideways,Normal,1: Walking
1790444302.440511,53876,Target 0,359.0,1221.0,-240.0,1272.68,16.38,True,Active,muhib,Sideways,Normal,1: Walking
1790444302.6508212,53877,Target 0,316.0,1236.0,-240.0,1275.76,14.34,True,Active,muhib,Sideways,Normal,1: Walking
1790444302.6710968,53878,Target 0,284.0,1259.0,-320.0,1290.63,12.71,True,Active,muhib,Sideways,Normal,1: Walking
1790444302.6953104,53879,Target 0,265.0,1290.0,-480.0,1316.94,11.61,True,Active,muhib,Sideways,Normal,1: Walking
1790444302.8254135,53880,Target 0,241.0,1323.0,-390.0,1344.77,10.32,True,Active,muhib,Sideways,Normal,1: Walking
1790444302.8530664,53881,Target 0,211.0,1351.0,-390.0,1367.38,8.88,True,Active,muhib,Sideways,Normal,1: Walking
1790444302.985386,53882,Target 0,188.0,1379.0,-390.0,1391.76,7.76,True,Active,muhib,Sideways,Normal,1: Walking
1790444303.0210238,53883,Target 0,176.0,1408.0,-390.0,1418.96,7.13,True,Active,muhib,Sideways,Normal,1: Walking
1790444303.1861258,53884,Target 0,168.0,1445.0,-390.0,1454.73,6.63,True,Active,muhib,Sideways,Normal,1: Walking
1790444303.2064598,53885,Target 0,154.0,1489.0,-320.0,1496.94,5.9,True,Active,muhib,Sideways,Normal,1: Walking
1790444303.2917106,53886,Target 0,136.0,1545.0,-160.0,1550.97,5.03,True,Active,muhib,Sideways,Normal,1: Walking
1790444304.1396875,53887,Target 0,122.0,1579.0,-320.0,1583.71,4.42,True,Active,muhib,Sideways,Normal,1: Walking
1790444306.686073,53888,Target 0,107.0,1602.0,-320.0,1605.57,3.82,True,Active,muhib,Sideways,Normal,7: Post-fall stillness
1790444306.9663682,53889,Target 0,90.0,1630.0,-240.0,1632.48,3.16,True,Active,muhib,Sideways,Normal,7: Post-fall stillness
1790444308.3385274,53890,Target 0,77.0,1655.0,-240.0,1656.79,2.66,True,Active,muhib,Sideways,Normal,7: Post-fall stillness
1790444308.3584237,53891,Target 0,63.0,1670.0,-320.0,1671.19,2.16,True,Active,muhib,Sideways,Normal,7: Post-fall stillness
1790444308.3783827,53892,Target 0,46.0,1676.0,-320.0,1676.63,1.57,True,Active,muhib,Sideways,Normal,7: Post-fall stillness
1790444308.3976116,53893,Target 0,27.0,1691.0,-240.0,1691.22,0.91,True,Active,muhib,Sideways,Normal,7: Post-fall stillness
1790444308.4171968,53894,Target 0,23.0,1701.0,-80.0,1701.16,0.77,True,Active,muhib,Sideways,Normal,7: Post-fall stillness
1790444308.4375267,53895,Target 0,24.0,1714.0,-240.0,1714.17,0.8,True,Active,muhib,Sideways,Normal,7: Post-fall stillness
1790444308.456676,53896,Target 0,24.0,1730.0,-160.0,1730.17,0.79,True,Active,muhib,Sideways,Normal,7: Post-fall stillness
1790444308.4776342,53897,Target 0,22.0,1749.0,-160.0,1749.14,0.72,True,Active,muhib,Sideways,Normal,7: Post-fall stillness
1790444308.4967282,53898,Target 0,20.0,1766.0,-320.0,1766.11,0.65,True,Active,muhib,Sideways,Normal,7: Post-fall stillness
1790444308.5161657,53899,Target 0,18.0,1783.0,-320.0,1783.09,0.58,True,Active,muhib,Sideways,Normal,7: Post-fall stillness
1790444308.5355177,53900,Target 0,8.0,1812.0,-720.0,1812.02,0.25,True,Active,muhib,Sideways,Normal,7: Post-fall stillness
1790444308.5542903,53901,Target 0,-10.0,1841.0,-720.0,1841.03,-0.31,True,Active,muhib,Sideways,Normal,7: Post-fall stillness
1790444308.5734806,53902,Target 0,-52.0,1897.0,-1120.0,1897.71,-1.57,True,Active,muhib,Sideways,Normal,7: Post-fall stillness
1790444308.5927265,53903,Target 0,-103.0,1968.0,-1440.0,1970.69,-3.0,True,Active,muhib,Sideways,Normal,7: Post-fall stillness
1790444308.6120756,53904,Target 0,-158.0,2041.0,-1440.0,2047.11,-4.43,True,Active,muhib,Sideways,Normal,7: Post-fall stillness
1790444308.6313455,53905,Target 0,-212.0,2112.0,-1440.0,2122.61,-5.73,True,Active,muhib,Sideways,Normal,7: Post-fall stillness
1790444308.650122,53906,Target 0,-262.0,2177.0,-1440.0,2192.71,-6.86,True,Active,muhib,Sideways,Normal,7: Post-fall stillness
1790444308.6683657,53907,Target 0,-308.0,2236.0,-1440.0,2257.11,-7.84,True,Active,muhib,Sideways,Normal,7: Post-fall stillness
1790444308.6876245,53908,Target 0,-349.0,2287.0,-1440.0,2313.48,-8.68,True,Active,muhib,Sideways,Normal,7: Post-fall stillness
1790444308.7058873,53909,Target 0,-571.0,4021.0,-80.0,4061.34,-8.08,True,Active,muhib,Sideways,Normal,7: Post-fall stillness
1790444308.7254133,53910,Target 0,-600.0,4029.0,-80.0,4073.43,-8.47,True,Active,muhib,Sideways,Normal,7: Post-fall stillness
1790444308.7446322,53911,Target 0,-616.0,4033.0,-80.0,4079.77,-8.68,True,Active,muhib,Sideways,Normal,7: Post-fall stillness
1790444308.7644355,53912,Target 0,-621.0,4035.0,-80.0,4082.51,-8.75,True,Active,muhib,Sideways,Normal,7: Post-fall stillness
1790444308.782686,53913,Target 0,-611.0,4039.0,0.0,4084.95,-8.6,True,Active,muhib,Sideways,Normal,7: Post-fall stillness
1790444308.8080277,53914,Target 0,-596.0,4044.0,0.0,4087.68,-8.38,True,Active,muhib,Sideways,Normal,7: Post-fall stillness
1790444308.8284361,53915,Target 0,-595.0,4057.0,-80.0,4100.4,-8.34,True,Active,muhib,Sideways,Normal,7: Post-fall stillness
1790444308.8484945,53916,Target 0,-618.0,4065.0,0.0,4111.71,-8.64,True,Active,muhib,Sideways,Normal,7: Post-fall stillness
1790444308.8673248,53917,Target 0,-650.0,4072.0,0.0,4123.55,-9.07,True,Active,muhib,Sideways,Normal,7: Post-fall stillness
1790444308.8874393,53918,Target 0,-664.0,4074.0,0.0,4127.76,-9.26,True,Active,muhib,Sideways,Normal,7: Post-fall stillness
1790444308.9069772,53919,Target 0,-664.0,4054.0,0.0,4108.02,-9.3,True,Active,muhib,Sideways,Normal,7: Post-fall stillness
1790444308.9265182,53920,Target 0,-658.0,4046.0,0.0,4099.16,-9.24,True,Active,muhib,Sideways,Normal,7: Post-fall stillness
1790444308.946214,53921,Target 0,-649.0,4045.0,0.0,4096.73,-9.12,True,Active,muhib,Sideways,Normal,7: Post-fall stillness
1790444308.9649727,53922,Target 0,-630.0,4044.0,0.0,4092.78,-8.85,True,Active,muhib,Sideways,Normal,7: Post-fall stillness
1790444308.985274,53923,Target 0,-598.0,4047.0,0.0,4090.94,-8.41,True,Active,muhib,Sideways,Normal,7: Post-fall stillness
1790444309.0045366,53924,Target 0,-496.0,4061.0,0.0,4091.18,-6.96,True,Active,muhib,Sideways,Normal,7: Post-fall stillness
1790444309.0239255,53925,Target 0,-396.0,4072.0,0.0,4091.21,-5.55,True,Active,muhib,Sideways,Normal,7: Post-fall stillness
1790444309.0440052,53926,Target 0,-246.0,4063.0,0.0,4070.44,-3.46,True,Active,muhib,Sideways,Normal,7: Post-fall stillness
1790444309.063156,53927,Target 0,38.0,4034.0,0.0,4034.18,0.54,True,Active,muhib,Sideways,Normal,7: Post-fall stillness
1790444309.0824888,53928,Target 0,290.0,4001.0,0.0,4011.5,4.15,True,Active,muhib,Sideways,Normal,7: Post-fall stillness
1790444309.1018589,53929,Target 0,508.0,3969.0,0.0,4001.38,7.29,True,Active,muhib,Sideways,Normal,7: Post-fall stillness
1790444309.1211677,53930,Target 0,696.0,3938.0,0.0,3999.03,10.02,True,Active,muhib,Sideways,Normal,7: Post-fall stillness
1790444309.1504552,53931,Target 0,856.0,3910.0,0.0,4002.6,12.35,True,Active,muhib,Sideways,Normal,7: Post-fall stillness
1790444309.1749034,53932,Target 0,991.0,3885.0,0.0,4009.4,14.31,True,Active,muhib,Sideways,Normal,7: Post-fall stillness
1790444309.1952436,53933,Target 0,1104.0,3863.0,0.0,4017.66,15.95,True,Active,muhib,Sideways,Normal,7: Post-fall stillness
1790444309.2146096,53934,Target 0,1199.0,3844.0,0.0,4026.65,17.32,True,Active,muhib,Sideways,Normal,7: Post-fall stillness
1790444309.233966,53935,Target 0,1277.0,3828.0,0.0,4035.38,18.45,True,Active,muhib,Sideways,Normal,7: Post-fall stillness
1790444309.2527552,53936,Target 0,1342.0,3814.0,0.0,4043.21,19.39,True,Active,muhib,Sideways,Normal,7: Post-fall stillness
1790444309.272266,53937,Target 0,1358.0,3813.0,0.0,4047.61,19.6,True,Active,muhib,Sideways,Normal,7: Post-fall stillness
1790444309.2913282,53938,Target 0,1367.0,3814.0,0.0,4051.58,19.72,True,Active,muhib,Sideways,Normal,7: Post-fall stillness
1790444309.3157644,53939,Target 0,1376.0,3814.0,0.0,4054.62,19.84,True,Active,muhib,Sideways,Normal,7: Post-fall stillness
1790444309.3369105,53940,Target 0,1384.0,3814.0,0.0,4057.35,19.94,True,Active,muhib,Sideways,Normal,7: Post-fall stillness
1790444309.3567753,53941,Target 0,1392.0,3814.0,0.0,4060.08,20.05,True,Active,muhib,Sideways,Normal,7: Post-fall stillness
1790444309.37641,53942,Target 0,1398.0,3815.0,0.0,4063.08,20.13,True,Active,muhib,Sideways,Normal,7: Post-fall stillness
1790444309.3954976,53943,Target 0,1400.0,3815.0,0.0,4063.77,20.15,True,Active,muhib,Sideways,Normal,7: Post-fall stillness
1790444309.4143174,53944,Target 0,1402.0,3815.0,0.0,4064.46,20.18,True,Active,muhib,Sideways,Normal,7: Post-fall stillness
1790444309.4329238,53945,Target 0,1404.0,3815.0,0.0,4065.15,20.2,True,Active,muhib,Sideways,Normal,7: Post-fall stillness
1790444309.4520352,53946,Target 0,1406.0,3815.0,0.0,4065.84,20.23,True,Active,muhib,Sideways,Normal,7: Post-fall stillness
1790444309.4713628,53947,Target 0,1408.0,3815.0,0.0,4066.53,20.26,True,Active,muhib,Sideways,Normal,7: Post-fall stillness
1790444309.4952612,53948,Target 0,1410.0,3815.0,0.0,4067.23,20.28,True,Active,muhib,Sideways,Normal,7: Post-fall stillness
1790444309.5152612,53949,Target 0,1412.0,3815.0,0.0,4067.92,20.31,True,Active,muhib,Sideways,Normal,7: Post-fall stillness
1790444309.5342622,53950,Target 0,1413.0,3815.0,0.0,4068.27,20.32,True,Active,muhib,Sideways,Normal,7: Post-fall stillness
1790444309.5547671,53951,Target 0,1415.0,3815.0,0.0,4068.96,20.35,True,Active,muhib,Sideways,Normal,7: Post-fall stillness
1790444309.5737672,53952,Target 0,1416.0,3815.0,0.0,4069.31,20.36,True,Active,muhib,Sideways,Normal,7: Post-fall stillness
1790444309.808403,53953,Target 0,1416.0,3815.0,0.0,4069.31,20.36,True,Active,muhib,Sideways,Normal,7: Post-fall stillness
1790444309.8279517,53954,Target 0,1416.0,3815.0,0.0,4069.31,20.36,True,Active,muhib,Sideways,Normal,7: Post-fall stillness
1790444309.846077,53955,Target 0,1416.0,3815.0,0.0,4069.31,20.36,True,Active,muhib,Sideways,Normal,7: Post-fall stillness
1790444309.86476,53956,Target 0,1416.0,3815.0,0.0,4069.31,20.36,True,Active,muhib,Sideways,Normal,7: Post-fall stillness
1790444309.8840032,53957,Target 0,1388.0,3821.0,0.0,4065.29,19.96,True,Active,muhib,Sideways,Normal,7: Post-fall stillness
1790444309.901945,53958,Target 0,1355.0,3828.0,0.0,4060.74,19.49,True,Active,muhib,Sideways,Normal,7: Post-fall stillness
1790444309.9212785,53959,Target 0,1323.0,3834.0,0.0,4055.85,19.04,True,Active,muhib,Sideways,Normal,7: Post-fall stillness
1790444309.943627,53960,Target 0,1292.0,3841.0,0.0,4052.47,18.59,True,Active,muhib,Sideways,Normal,7: Post-fall stillness
1790444310.132366,53961,Target 0,1263.0,3847.0,0.0,4049.02,18.18,True,Active,muhib,Sideways,Normal,7: Post-fall stillness
1790444310.1516335,53962,Target 0,1234.0,3853.0,0.0,4045.78,17.76,True,Active,muhib,Sideways,Normal,7: Post-fall stillness
1790444310.17607,53963,Target 0,1206.0,3858.0,0.0,4042.1,17.36,True,Active,muhib,Sideways,Normal,7: Post-fall stillness
1790444310.2621317,53964,Target 0,1175.0,3865.0,0.0,4039.66,16.91,True,Active,muhib,Sideways,Normal,8: Recovery / standing back up
1790444310.3493843,53965,Target 0,1142.0,3872.0,0.0,4036.9,16.43,True,Active,muhib,Sideways,Normal,8: Recovery / standing back up
1790444310.4125137,53966,Target 0,1111.0,3879.0,0.0,4034.97,15.98,True,Active,muhib,Sideways,Normal,8: Recovery / standing back up
1790444310.9127953,53967,Target 0,1080.0,3885.0,0.0,4032.32,15.54,True,Active,muhib,Sideways,Normal,8: Recovery / standing back up
1790444310.9333916,53968,Target 0,1051.0,3891.0,0.0,4030.44,15.12,True,Active,muhib,Sideways,Normal,8: Recovery / standing back up
1790444310.9533625,53969,Target 0,1023.0,3898.0,0.0,4030.0,14.71,True,Active,muhib,Sideways,Normal,8: Recovery / standing back up
1790444310.9717557,53970,Target 0,996.0,3903.0,0.0,4028.08,14.32,True,Active,muhib,Sideways,Normal,8: Recovery / standing back up
1790444310.9912553,53971,Target 0,970.0,3909.0,0.0,4027.55,13.94,True,Active,muhib,Sideways,Normal,8: Recovery / standing back up
1790444311.1364307,53972,Target 0,944.0,3914.0,0.0,4026.23,13.56,True,Active,muhib,Sideways,Normal,8: Recovery / standing back up
1790444311.1560273,53973,Target 0,920.0,3920.0,0.0,4026.51,13.21,True,Active,muhib,Sideways,Normal,8: Recovery / standing back up
1790444311.175391,53974,Target 0,896.0,3925.0,0.0,4025.97,12.86,True,Active,muhib,Sideways,Normal,8: Recovery / standing back up
1790444311.363638,53975,Target 0,873.0,3930.0,0.0,4025.8,12.52,True,Active,muhib,Sideways,Normal,8: Recovery / standing back up
1790444311.3824117,53976,Target 0,852.0,3934.0,0.0,4025.2,12.22,True,Active,muhib,Sideways,Normal,8: Recovery / standing back up
1790444311.4846845,53977,Target 0,816.0,3939.0,0.0,4022.63,11.7,True,Active,muhib,Sideways,Normal,8: Recovery / standing back up
1790444311.504684,53978,Target 0,757.0,3944.0,0.0,4015.99,10.87,True,Active,muhib,Sideways,Normal,8: Recovery / standing back up
1790444311.7143562,53979,Target 0,577.0,3956.0,80.0,3997.86,8.3,True,Active,muhib,Sideways,Normal,8: Recovery / standing back up
1790444311.7344885,53980,Target 0,239.0,3977.0,80.0,3984.17,3.44,True,Active,muhib,Sideways,Normal,8: Recovery / standing back up
1790444311.9827762,53981,Target 0,-54.0,3995.0,80.0,3995.36,-0.77,True,Active,muhib,Sideways,Normal,8: Recovery / standing back up
1790444312.0017762,53982,Target 0,-329.0,4000.0,0.0,4013.51,-4.7,True,Active,muhib,Sideways,Normal,8: Recovery / standing back up
1790444312.0217762,53983,Target 0,-575.0,4001.0,0.0,4042.11,-8.18,True,Active,muhib,Sideways,Normal,8: Recovery / standing back up
1790444312.042819,53984,Target 0,-790.0,4000.0,0.0,4077.27,-11.17,True,Active,muhib,Sideways,Normal,8: Recovery / standing back up
1790444312.1050696,53985,Target 0,-975.0,3998.0,0.0,4115.17,-13.71,True,Active,muhib,Sideways,Normal,8: Recovery / standing back up
1790444312.19123,53986,Target 0,-1133.0,3995.0,0.0,4152.56,-15.83,True,Active,muhib,Sideways,Normal,8: Recovery / standing back up
1790444312.277303,53987,Target 0,-1267.0,3992.0,0.0,4188.24,-17.61,True,Active,muhib,Sideways,Normal,8: Recovery / standing back up
1790444312.4156623,53988,Target 0,-1380.0,3989.0,0.0,4220.96,-19.08,True,Active,muhib,Sideways,Normal,8: Recovery / standing back up
1790444312.4623134,53989,Target 0,-1474.0,3986.0,0.0,4249.81,-20.29,True,Active,muhib,Sideways,Normal,8: Recovery / standing back up
1790444312.5463831,53990,Target 0,-1553.0,3984.0,0.0,4275.99,-21.3,True,Active,muhib,Sideways,Normal,8: Recovery / standing back up
1790444312.644657,53991,Target 0,-1618.0,3981.0,0.0,4297.24,-22.12,True,Active,muhib,Sideways,Normal,8: Recovery / standing back up
1790444312.8173847,53992,Target 0,-1646.0,3980.0,0.0,4306.94,-22.47,True,Active,muhib,Sideways,Normal,8: Recovery / standing back up
1790444312.8375237,53993,Target 0,-1672.0,3979.0,0.0,4316.02,-22.79,True,Active,muhib,Sideways,Normal,8: Recovery / standing back up
1790444313.3355474,53994,Target 0,-1695.0,3979.0,0.0,4324.98,-23.07,True,Active,muhib,Sideways,Normal,8: Recovery / standing back up
1790444313.354567,53995,Target 0,-1716.0,3978.0,0.0,4332.34,-23.33,True,Active,muhib,Sideways,Normal,8: Recovery / standing back up
1790444313.373076,53996,Target 0,-1735.0,3977.0,0.0,4338.98,-23.57,True,Active,muhib,Sideways,Normal,8: Recovery / standing back up
1790444313.3925493,53997,Target 0,-1752.0,3977.0,0.0,4345.81,-23.78,True,Active,muhib,Sideways,Normal,8: Recovery / standing back up
1790444313.412454,53998,Target 0,-1752.0,3977.0,0.0,4345.81,-23.78,True,Active,muhib,Sideways,Normal,8: Recovery / standing back up
1790444313.4349034,53999,Target 0,-1752.0,3977.0,0.0,4345.81,-23.78,True,Active,muhib,Sideways,Normal,8: Recovery / standing back up
1790444313.4827397,54000,Target 0,-1752.0,3977.0,0.0,4345.81,-23.78,True,Active,muhib,Sideways,Normal,8: Recovery / standing back up
1790444313.5857959,54001,Target 0,-1752.0,3977.0,0.0,4345.81,-23.78,True,Active,muhib,Sideways,Normal,8: Recovery / standing back up
1790444313.7345865,54002,Target 0,-1752.0,3977.0,0.0,4345.81,-23.78,True,Active,muhib,Sideways,Normal,8: Recovery / standing back up
1790444313.7538373,54003,Target 0,-1718.0,4007.0,-160.0,4359.77,-23.21,True,Active,muhib,Sideways,Normal,8: Recovery / standing back up
1790444313.9679022,54004,Target 0,-1704.0,4019.0,-160.0,4365.32,-22.98,True,Active,muhib,Sideways,Normal,1: Walking
1790444313.98955,54005,Target 0,-1690.0,4030.0,-160.0,4370.01,-22.75,True,Active,muhib,Sideways,Normal,1: Walking
1790444314.008044,54006,Target 0,-1677.0,4041.0,-160.0,4375.16,-22.54,True,Active,muhib,Sideways,Normal,1: Walking
1790444314.1284006,54007,Target 0,-1664.0,4052.0,-160.0,4380.37,-22.33,True,Active,muhib,Sideways,Normal,1: Walking
1790444314.5087326,54008,Target 0,-1652.0,4062.0,-160.0,4385.08,-22.13,True,Active,muhib,Sideways,Normal,1: Walking
1790444314.5283406,54009,Target 0,-1640.0,4072.0,-160.0,4389.85,-21.94,True,Active,muhib,Sideways,Normal,1: Walking
1790444314.5466332,54010,Target 0,-1629.0,4081.0,-160.0,4394.11,-21.76,True,Active,muhib,Sideways,Normal,1: Walking
1790444314.565346,54011,Target 0,-1618.0,4090.0,-160.0,4398.41,-21.58,True,Active,muhib,Sideways,Normal,1: Walking
1790444314.5876586,54012,Target 0,-1607.0,4099.0,-160.0,4402.75,-21.41,True,Active,muhib,Sideways,Normal,1: Walking
1790444314.6072793,54013,Target 0,-1597.0,4108.0,-160.0,4407.5,-21.24,True,Active,muhib,Sideways,Normal,1: Walking
1790444314.6735692,54014,Target 0,-1587.0,4116.0,-160.0,4411.35,-21.09,True,Active,muhib,Sideways,Normal,1: Walking
1790444314.7832544,54015,Target 0,-1578.0,4124.0,-160.0,4415.59,-20.94,True,Active,muhib,Sideways,Normal,1: Walking
1790444314.8637989,54016,Target 0,-1568.0,4132.0,-160.0,4419.51,-20.78,True,Active,muhib,Sideways,Normal,1: Walking
1790444315.066678,54017,Target 0,-1559.0,4139.0,-160.0,4422.87,-20.64,True,Active,muhib,Sideways,Normal,1: Walking
1790444315.0871742,54018,Target 0,-1551.0,4146.0,-160.0,4426.61,-20.51,True,Active,muhib,Sideways,Normal,1: Walking
1790444315.3002193,54019,Target 0,45.0,1656.0,320.0,1656.61,1.56,True,Active,muhib,Sideways,Normal,1: Walking
1790444315.3196824,54020,Target 0,54.0,1631.0,240.0,1631.89,1.9,True,Active,muhib,Sideways,Normal,1: Walking
1790444315.3390732,54021,Target 0,62.0,1607.0,80.0,1608.2,2.21,True,Active,muhib,Sideways,Normal,1: Walking
1790444315.5187278,54022,Target 0,64.0,1585.0,0.0,1586.29,2.31,True,Active,muhib,Sideways,Normal,1: Walking
1790444315.5402224,54023,Target 0,60.0,1569.0,0.0,1570.15,2.19,True,Active,muhib,Sideways,Normal,1: Walking
1790444315.753986,54024,Target 0,51.0,1556.0,-80.0,1556.84,1.88,True,Active,muhib,Sideways,Normal,1: Walking
1790444315.7734911,54025,Target 0,42.0,1543.0,0.0,1543.57,1.56,True,Active,muhib,Sideways,Normal,1: Walking
1790444315.7924912,54026,Target 0,27.0,1529.0,80.0,1529.24,1.01,True,Active,muhib,Sideways,Normal,1: Walking
1790444315.8400483,54027,Target 0,7.0,1512.0,80.0,1512.02,0.27,True,Active,muhib,Sideways,Normal,1: Walking
1790444316.2065573,54028,Target 0,-15.0,1507.0,-160.0,1507.07,-0.57,True,Active,muhib,Sideways,Normal,1: Walking
1790444316.2261353,54029,Target 0,-39.0,1499.0,80.0,1499.51,-1.49,True,Active,muhib,Sideways,Normal,1: Walking
1790444316.245726,54030,Target 0,-65.0,1502.0,-160.0,1503.41,-2.48,True,Active,muhib,Sideways,Normal,1: Walking
1790444316.2638085,54031,Target 0,-93.0,1511.0,-160.0,1513.86,-3.52,True,Active,muhib,Sideways,Normal,1: Walking
1790444316.4199448,54032,Target 0,-130.0,1516.0,-320.0,1521.56,-4.9,True,Active,muhib,Sideways,Normal,1: Walking
1790444316.4406252,54033,Target 0,-169.0,1520.0,-320.0,1529.37,-6.34,True,Active,muhib,Sideways,Normal,1: Walking
1790444316.603324,54034,Target 0,-205.0,1526.0,-240.0,1539.71,-7.65,True,Active,muhib,Sideways,Normal,1: Walking
1790444316.6238122,54035,Target 0,-246.0,1523.0,-480.0,1542.74,-9.18,True,Active,muhib,Sideways,Normal,1: Walking
1790444316.698245,54036,Target 0,-293.0,1511.0,-560.0,1539.15,-10.97,True,Active,muhib,Sideways,Normal,1: Walking
1790444316.7554753,54037,Target 0,-385.0,1492.0,-480.0,1540.87,-14.47,True,Active,muhib,Sideways,Normal,1: Walking
1790444316.8363557,54038,Target 0,-448.0,1497.0,-390.0,1562.6,-16.66,True,Active,muhib,Sideways,Normal,1: Walking
1790444316.8987656,54039,Target 0,-506.0,1518.0,-480.0,1600.11,-18.43,True,Active,muhib,Sideways,Normal,1: Walking
1790444317.1236713,54040,Target 0,-562.0,1534.0,-560.0,1633.71,-20.12,True,Active,muhib,Sideways,Normal,1: Walking
1790444317.1451943,54041,Target 0,-613.0,1559.0,-640.0,1675.19,-21.46,True,Active,muhib,Sideways,Normal,1: Walking
1790444317.1694655,54042,Target 0,-649.0,1587.0,-560.0,1714.58,-22.24,True,Active,muhib,Sideways,Normal,1: Walking
1790444317.2584565,54043,Target 0,-669.0,1638.0,-560.0,1769.35,-22.22,True,Active,muhib,Sideways,Normal,1: Walking
1790444317.4208868,54044,Target 0,-701.0,1683.0,-390.0,1823.15,-22.61,True,Active,muhib,Sideways,Normal,1: Walking
1790444317.4945693,54045,Target 0,-751.0,1707.0,-390.0,1864.9,-23.75,True,Active,muhib,Sideways,Normal,1: Walking
1790444317.5384777,54046,Target 0,-809.0,1715.0,-480.0,1896.23,-25.25,True,Active,muhib,Sideways,Normal,1: Walking
1790444317.7123048,54047,Target 0,-861.0,1728.0,-560.0,1930.62,-26.49,True,Active,muhib,Sideways,Normal,1: Walking
1790444317.7325904,54048,Target 0,-902.0,1756.0,-560.0,1974.12,-27.19,True,Active,muhib,Sideways,Normal,1: Walking
1790444317.8989081,54049,Target 0,-930.0,1794.0,-480.0,2020.73,-27.4,True,Active,muhib,Sideways,Normal,1: Walking
1790444317.9182875,54050,Target 0,-960.0,1835.0,-480.0,2070.95,-27.62,True,Active,muhib,Sideways,Normal,1: Walking
1790444318.4896042,54051,Target 0,-996.0,1877.0,-480.0,2124.89,-27.95,True,Active,muhib,Sideways,Normal,1: Walking
1790444318.5092762,54052,Target 0,-1014.0,1935.0,-390.0,2184.59,-27.66,True,Active,muhib,Sideways,Normal,1: Walking
1790444318.528091,54053,Target 0,-1042.0,1978.0,-390.0,2235.68,-27.78,True,Active,muhib,Sideways,Normal,1: Walking
1790444318.5468502,54054,Target 0,-1078.0,2010.0,-480.0,2280.83,-28.21,True,Active,muhib,Sideways,Normal,1: Walking
1790444318.5657692,54055,Target 0,-1115.0,2041.0,-560.0,2325.71,-28.65,True,Active,muhib,Sideways,Normal,1: Walking
1790444318.5843592,54056,Target 0,-1152.0,2076.0,-640.0,2374.21,-29.03,True,Active,muhib,Sideways,Normal,1: Walking
1790444318.6064544,54057,Target 0,-1205.0,2094.0,-480.0,2415.96,-29.92,True,Active,muhib,Sideways,Normal,1: Walking
1790444318.8777387,54058,Target 0,-1269.0,2087.0,-480.0,2442.53,-31.3,True,Active,muhib,Sideways,Normal,1: Walking
1790444318.9000478,54059,Target 0,-1347.0,2085.0,-480.0,2482.26,-32.86,True,Active,muhib,Sideways,Normal,1: Walking
1790444318.9193275,54060,Target 0,-1403.0,2093.0,-320.0,2519.73,-33.84,True,Active,muhib,Sideways,Normal,1: Walking
1790444318.9387498,54061,Target 0,-1453.0,2103.0,-320.0,2556.13,-34.64,True,Active,muhib,Sideways,Normal,1: Walking
1790444318.961121,54062,Target 0,-1508.0,2103.0,-390.0,2587.79,-35.64,True,Active,muhib,Sideways,Normal,1: Walking
1790444319.0347874,54063,Target 0,-1539.0,2109.0,-390.0,2610.82,-36.12,True,Active,muhib,Sideways,Normal,1: Walking
1790444319.152927,54064,Target 0,-1582.0,2119.0,-390.0,2644.41,-36.74,True,Active,muhib,Sideways,Normal,1: Walking
1790444319.2254326,54065,Target 0,-1617.0,2145.0,-390.0,2686.21,-37.01,True,Active,muhib,Sideways,Normal,1: Walking
1790444319.3214643,54066,Target 0,-1661.0,2167.0,-320.0,2730.35,-37.47,True,Active,muhib,Sideways,Normal,1: Walking
1790444319.398735,54067,Target 0,-1706.0,2181.0,-320.0,2768.97,-38.03,True,Active,muhib,Sideways,Normal,1: Walking
1790444319.5876882,54068,Target 0,-1758.0,2175.0,-320.0,2796.64,-38.95,True,Active,muhib,Sideways,Normal,1: Walking
1790444319.606688,54069,Target 0,-1831.0,2147.0,-390.0,2821.73,-40.46,True,Active,muhib,Sideways,Normal,1: Walking
1790444319.6668067,54070,Target 0,-1917.0,2097.0,-320.0,2841.18,-42.43,True,Active,muhib,Sideways,Normal,1: Walking
1790444319.7574272,54071,Target 0,-1991.0,2058.0,-390.0,2863.47,-44.05,True,Active,muhib,Sideways,Normal,1: Walking
1790444319.8483999,54072,Target 0,-2046.0,2055.0,-560.0,2899.85,-44.87,True,Active,muhib,Sideways,Normal,1: Walking
1790444319.9917471,54073,Target 0,-2082.0,2081.0,-640.0,2943.69,-45.01,True,Active,muhib,Sideways,Normal,1: Walking
1790444320.3884535,54074,Target 0,-2111.0,2118.0,-560.0,2990.36,-44.91,True,Active,muhib,Sideways,Normal,1: Walking
1790444320.4074533,54075,Target 0,-2150.0,2150.0,-560.0,3040.56,-45.0,True,Active,muhib,Sideways,Normal,1: Walking
1790444320.4274523,54076,Target 0,-2197.0,2156.0,-560.0,3078.17,-45.54,True,Active,muhib,Sideways,Normal,1: Walking
1790444320.44874,54077,Target 0,-2240.0,2166.0,-320.0,3115.95,-45.96,True,Active,muhib,Sideways,Normal,1: Walking
1790444320.4678485,54078,Target 0,-2229.0,2294.0,-480.0,3198.57,-44.18,True,Active,muhib,Sideways,Normal,1: Walking
1790444320.9657698,54079,Target 0,-2218.0,2415.0,-560.0,3278.99,-42.57,True,Active,muhib,Sideways,Normal,1: Walking
1790444320.9855616,54080,Target 0,-2250.0,2471.0,-560.0,3341.91,-42.32,True,Active,muhib,Sideways,Normal,1: Walking
1790444321.0047503,54081,Target 0,-2286.0,2518.0,-560.0,3400.9,-42.24,True,Active,muhib,Sideways,Normal,1: Walking
1790444321.023101,54082,Target 0,-2359.0,2549.0,-390.0,3473.08,-42.78,True,Active,muhib,Sideways,Normal,1: Walking
1790444321.0419116,54083,Target 0,-2443.0,2536.0,-390.0,3521.3,-43.93,True,Active,muhib,Sideways,Normal,1: Walking
1790444321.0612962,54084,Target 0,-2509.0,2517.0,-390.0,3553.92,-44.91,True,Active,muhib,Sideways,Normal,1: Walking
1790444321.0836072,54085,Target 0,-2588.0,2472.0,-560.0,3578.9,-46.31,True,Active,muhib,Sideways,Normal,1: Walking
1790444321.1858404,54086,Target 0,-2657.0,2439.0,-560.0,3606.71,-47.45,True,Active,muhib,Sideways,Normal,1: Walking
1790444321.205947,54087,Target 0,-2720.0,2432.0,-640.0,3648.7,-48.2,True,Active,muhib,Sideways,Normal,1: Walking
1790444321.3167055,54088,Target 0,-2776.0,2462.0,-560.0,3710.47,-48.43,True,Active,muhib,Sideways,Normal,1: Walking
1790444321.3661494,54089,Target 0,-2821.0,2537.0,-640.0,3794.0,-48.03,True,Active,muhib,Sideways,Normal,1: Walking
1790444321.6040041,54090,Target 0,-2865.0,2613.0,-640.0,3877.63,-47.63,True,Active,muhib,Sideways,Normal,1: Walking
1790444321.6227176,54091,Target 0,-2939.0,2701.0,-240.0,3991.63,-47.42,True,Active,muhib,Sideways,Normal,1: Walking
1790444321.6422358,54092,Target 0,-3030.0,2779.0,-240.0,4111.42,-47.47,True,Active,muhib,Sideways,Normal,1: Walking
1790444321.7663736,54093,Target 0,-3123.0,2844.0,-560.0,4223.92,-47.68,True,Active,muhib,Sideways,Normal,1: Walking
1790444321.7963462,54094,Target 0,-3195.0,2915.0,-160.0,4324.96,-47.62,True,Active,muhib,Sideways,Normal,1: Walking
1790444321.9111378,54095,Target 0,-3124.0,2995.0,-480.0,4327.75,-46.21,True,Active,muhib,Sideways,Normal,1: Walking
1790444321.9843628,54096,Target 0,-3039.0,3076.0,-480.0,4324.04,-44.65,True,Active,muhib,Sideways,Normal,1: Walking
1790444322.221406,54097,Target 0,-2950.0,3153.0,-480.0,4317.86,-43.09,True,Active,muhib,Sideways,Normal,1: Walking
1790444322.2410126,54098,Target 0,-2864.0,3224.0,-480.0,4312.39,-41.62,True,Active,muhib,Sideways,Normal,1: Walking
1790444322.2654226,54099,Target 0,-2784.0,3287.0,-480.0,4307.55,-40.26,True,Active,muhib,Sideways,Normal,1: Walking
1790444322.386183,54100,Target 0,-2712.0,3342.0,-480.0,4303.94,-39.06,True,Active,muhib,Sideways,Normal,1: Walking
1790444322.5747504,54101,Target 0,-2714.0,3369.0,-80.0,4326.19,-38.85,True,Active,muhib,Sideways,Normal,1: Walking
1790444322.594751,54102,Target 0,-2732.0,3387.0,-80.0,4351.5,-38.89,True,Active,muhib,Sideways,Normal,1: Walking
1790444322.7484772,54103,Target 0,-2758.0,3387.0,160.0,4367.88,-39.16,True,Active,muhib,Sideways,Normal,1: Walking
1790444322.76782,54104,Target 0,-2831.0,3368.0,80.0,4399.77,-40.05,True,Active,muhib,Sideways,Normal,1: Walking
1790444322.8047965,54105,Target 0,-2940.0,3320.0,240.0,4434.64,-41.53,True,Active,muhib,Sideways,Normal,1: Walking
1790444322.9605143,54106,Target 0,-3056.0,3260.0,240.0,4468.42,-43.15,True,Active,muhib,Sideways,Normal,1: Walking
1790444322.979967,54107,Target 0,-3171.0,3198.0,240.0,4503.6,-44.76,True,Active,muhib,Sideways,Normal,1: Walking
1790444323.2497041,54108,Target 0,-3278.0,3137.0,240.0,4537.19,-46.26,True,Active,muhib,Sideways,Normal,1: Walking
1790444323.2693412,54109,Target 0,-3319.0,3095.0,390.0,4538.15,-47.0,True,Active,muhib,Sideways,Normal,1: Walking
1790444323.2893715,54110,Target 0,-3296.0,3044.0,390.0,4486.6,-47.28,True,Active,muhib,Sideways,Normal,1: Walking
1790444323.4148705,54111,Target 0,-3252.0,2997.0,390.0,4422.39,-47.34,True,Active,muhib,Sideways,Normal,1: Walking
1790444323.434939,54112,Target 0,-3227.0,2935.0,390.0,4362.08,-47.71,True,Active,muhib,Sideways,Normal,1: Walking
1790444323.6110764,54113,Target 0,-3200.0,2874.0,390.0,4301.15,-48.07,True,Active,muhib,Sideways,Normal,1: Walking
1790444323.6312578,54114,Target 0,-3227.0,2790.0,160.0,4265.87,-49.15,True,Active,muhib,Sideways,Normal,1: Walking
1790444323.6883602,54115,Target 0,-3263.0,2728.0,240.0,4253.13,-50.1,True,Active,muhib,Sideways,Normal,1: Walking
1790444323.7639222,54116,Target 0,-3280.0,2671.0,480.0,4229.97,-50.84,True,Active,muhib,Sideways,Normal,1: Walking
1790444323.8374813,54117,Target 0,-3292.0,2637.0,80.0,4217.94,-51.3,True,Active,muhib,Sideways,Normal,1: Walking
1790444323.9605386,54118,Target 0,-3241.0,2760.0,240.0,4256.96,-49.58,True,Active,muhib,Sideways,Normal,1: Walking
1790444324.039571,54119,Target 0,-3219.0,2818.0,240.0,4278.21,-48.8,True,Active,muhib,Sideways,Normal,1: Walking
1790444324.106253,54120,Target 0,-3172.0,2896.0,240.0,4295.16,-47.6,True,Active,muhib,Sideways,Normal,1: Walking
1790444324.1992602,54121,Target 0,-3142.0,2955.0,160.0,4313.26,-46.76,True,Active,muhib,Sideways,Normal,1: Walking
1790444324.3142781,54122,Target 0,-3116.0,2991.0,480.0,4319.21,-46.17,True,Active,muhib,Sideways,Normal,1: Walking
1790444324.3808086,54123,Target 0,-3119.0,2921.0,560.0,4273.22,-46.88,True,Active,muhib,Sideways,Normal,1: Walking
1790444324.4792783,54124,Target 0,-3099.0,2845.0,560.0,4206.88,-47.45,True,Active,muhib,Sideways,Normal,1: Walking
1790444324.550419,54125,Target 0,-3053.0,2758.0,640.0,4114.29,-47.91,True,Active,muhib,Sideways,Normal,1: Walking
1790444324.670702,54126,Target 0,-2995.0,2684.0,320.0,4021.68,-48.13,True,Active,muhib,Sideways,Normal,1: Walking
1790444324.7238207,54127,Target 0,-2959.0,2609.0,480.0,3944.94,-48.6,True,Active,muhib,Sideways,Normal,1: Walking
1790444324.8474822,54128,Target 0,-2913.0,2541.0,320.0,3865.52,-48.9,True,Active,muhib,Sideways,Normal,1: Walking
1790444324.9062698,54129,Target 0,-2878.0,2483.0,390.0,3801.08,-49.21,True,Active,muhib,Sideways,Normal,1: Walking
1790444325.0660741,54130,Target 0,-2851.0,2440.0,160.0,3752.57,-49.44,True,Active,muhib,Sideways,Normal,1: Walking
1790444325.148899,54131,Target 0,-2807.0,2426.0,160.0,3710.08,-49.16,True,Active,muhib,Sideways,Normal,1: Walking
1790444325.329134,54132,Target 0,-2746.0,2392.0,640.0,3641.73,-48.94,True,Active,muhib,Sideways,Normal,1: Walking
1790444325.3494546,54133,Target 0,-2665.0,2378.0,560.0,3571.71,-48.26,True,Active,muhib,Sideways,Normal,1: Walking
1790444325.4262445,54134,Target 0,-2591.0,2362.0,480.0,3506.04,-47.65,True,Active,muhib,Sideways,Normal,1: Walking
1790444325.5369806,54135,Target 0,-2525.0,2345.0,390.0,3445.96,-47.12,True,Active,muhib,Sideways,Normal,1: Walking
1790444325.5559807,54136,Target 0,-2480.0,2339.0,320.0,3409.01,-46.68,True,Active,muhib,Sideways,Normal,1: Walking
1790444325.6689773,54137,Target 0,-2435.0,2324.0,390.0,3366.04,-46.34,True,Active,muhib,Sideways,Normal,1: Walking
1790444325.721792,54138,Target 0,-2383.0,2323.0,320.0,3327.91,-45.73,True,Active,muhib,Sideways,Normal,1: Walking
1790444325.9636974,54139,Target 0,-2328.0,2314.0,390.0,3282.4,-45.17,True,Active,muhib,Sideways,Normal,1: Walking
1790444325.9842525,54140,Target 0,-2263.0,2312.0,480.0,3235.2,-44.39,True,Active,muhib,Sideways,Normal,1: Walking
1790444326.0064213,54141,Target 0,-2203.0,2298.0,640.0,3183.4,-43.79,True,Active,muhib,Sideways,Normal,1: Walking
1790444326.0654943,54142,Target 0,-2157.0,2259.0,640.0,3123.42,-43.68,True,Active,muhib,Sideways,Normal,1: Walking
1790444326.1506622,54143,Target 0,-2111.0,2233.0,480.0,3072.88,-43.39,True,Active,muhib,Sideways,Normal,1: Walking
1790444326.2462385,54144,Target 0,-2052.0,2220.0,480.0,3023.1,-42.75,True,Active,muhib,Sideways,Normal,1: Walking
1790444326.3413334,54145,Target 0,-1992.0,2210.0,320.0,2975.26,-42.03,True,Active,muhib,Sideways,Normal,1: Walking
1790444326.4441984,54146,Target 0,-1938.0,2188.0,320.0,2922.87,-41.53,True,Active,muhib,Sideways,Normal,1: Walking
1790444326.6052666,54147,Target 0,-1887.0,2167.0,480.0,2873.44,-41.05,True,Active,muhib,Sideways,Normal,1: Walking
1790444326.625266,54148,Target 0,-1859.0,2152.0,390.0,2843.76,-40.82,True,Active,muhib,Sideways,Normal,1: Walking
1790444326.6894372,54149,Target 0,-1817.0,2142.0,480.0,2808.85,-40.31,True,Active,muhib,Sideways,Normal,1: Walking
1790444326.789561,54150,Target 0,-1759.0,2128.0,560.0,2760.88,-39.58,True,Active,muhib,Sideways,Normal,1: Walking
1790444326.8606884,54151,Target 0,-1704.0,2117.0,390.0,2717.59,-38.83,True,Active,muhib,Sideways,Normal,1: Walking
1790444326.948933,54152,Target 0,-1639.0,2128.0,560.0,2686.02,-37.6,True,Active,muhib,Sideways,Normal,1: Walking
1790444327.0379376,54153,Target 0,-1572.0,2156.0,640.0,2668.24,-36.1,True,Active,muhib,Sideways,Normal,1: Walking
1790444327.1728861,54154,Target 0,-1491.0,2177.0,640.0,2638.64,-34.41,True,Active,muhib,Sideways,Normal,1: Walking
1790444327.2737796,54155,Target 0,-1432.0,2187.0,480.0,2614.11,-33.22,True,Active,muhib,Sideways,Normal,1: Walking
1790444327.3803928,54156,Target 0,-1381.0,2196.0,560.0,2594.14,-32.16,True,Active,muhib,Sideways,Normal,1: Walking
1790444327.4210386,54157,Target 0,-1342.0,2181.0,790.0,2560.81,-31.6,True,Active,muhib,Sideways,Normal,1: Walking
1790444327.4953787,54158,Target 0,-1293.0,2143.0,640.0,2502.86,-31.11,True,Active,muhib,Sideways,Normal,1: Walking
1790444327.571585,54159,Target 0,-1260.0,2079.0,720.0,2431.02,-31.22,True,Active,muhib,Sideways,Normal,1: Walking
1790444327.6683,54160,Target 0,-1229.0,2021.0,640.0,2365.35,-31.3,True,Active,muhib,Sideways,Normal,1: Walking
1790444327.7690969,54161,Target 0,-1192.0,1965.0,640.0,2298.28,-31.24,True,Active,muhib,Sideways,Normal,1: Walking
1790444327.884779,54162,Target 0,-1160.0,1933.0,480.0,2254.35,-30.97,True,Active,muhib,Sideways,Normal,1: Walking
1790444327.9322286,54163,Target 0,-1114.0,1890.0,640.0,2193.88,-30.52,True,Active,muhib,Sideways,Normal,1: Walking
1790444328.041896,54164,Target 0,-1065.0,1850.0,560.0,2134.65,-29.93,True,Active,muhib,Sideways,Normal,1: Walking
1790444328.1214375,54165,Target 0,-1013.0,1817.0,720.0,2080.3,-29.14,True,Active,muhib,Sideways,Normal,1: Walking
1790444328.2029026,54166,Target 0,-974.0,1781.0,720.0,2029.94,-28.67,True,Active,muhib,Sideways,Normal,1: Walking
1790444328.291584,54167,Target 0,-930.0,1742.0,480.0,1974.71,-28.1,True,Active,muhib,Sideways,Normal,1: Walking
1790444328.3791325,54168,Target 0,-892.0,1698.0,480.0,1918.04,-27.71,True,Active,muhib,Sideways,Normal,1: Walking
1790444328.467997,54169,Target 0,-850.0,1663.0,560.0,1867.64,-27.07,True,Active,muhib,Sideways,Normal,1: Walking
1790444328.5744317,54170,Target 0,-800.0,1625.0,560.0,1811.25,-26.21,True,Active,muhib,Sideways,Normal,1: Walking
1790444328.6402338,54171,Target 0,-741.0,1606.0,390.0,1768.7,-24.77,True,Active,muhib,Sideways,Normal,1: Walking
1790444328.72827,54172,Target 0,-703.0,1582.0,720.0,1731.17,-23.96,True,Active,muhib,Sideways,Normal,1: Walking
1790444328.8177872,54173,Target 0,-662.0,1531.0,640.0,1667.99,-23.38,True,Active,muhib,Sideways,Normal,1: Walking
1790444328.9800022,54174,Target 0,-615.0,1496.0,640.0,1617.48,-22.35,True,Active,muhib,Sideways,Normal,1: Walking
1790444328.999798,54175,Target 0,-571.0,1461.0,640.0,1568.62,-21.35,True,Active,muhib,Sideways,Normal,1: Walking
1790444329.0858798,54176,Target 0,-550.0,1414.0,880.0,1517.2,-21.25,True,Active,muhib,Sideways,Normal,1: Walking
1790444329.177121,54177,Target 0,-525.0,1364.0,560.0,1461.55,-21.05,True,Active,muhib,Sideways,Normal,1: Walking
1790444329.269504,54178,Target 0,-493.0,1332.0,480.0,1420.31,-20.31,True,Active,muhib,Sideways,Normal,1: Walking
1790444329.3562777,54179,Target 0,-445.0,1295.0,480.0,1369.32,-18.96,True,Active,muhib,Sideways,Normal,1: Walking
1790444329.5079424,54180,Target 0,-394.0,1249.0,480.0,1309.67,-17.51,True,Active,muhib,Sideways,Normal,1: Walking
1790444329.5656686,54181,Target 0,-336.0,1206.0,480.0,1251.93,-15.57,True,Active,muhib,Sideways,Normal,1: Walking
1790444329.6709342,54182,Target 0,-301.0,1159.0,560.0,1197.45,-14.56,True,Active,muhib,Sideways,Normal,1: Walking
1790444329.7787125,54183,Target 0,-242.0,1115.0,320.0,1140.96,-12.25,True,Active,muhib,Sideways,Normal,1: Walking
1790444329.8179684,54184,Target 0,-198.0,1077.0,390.0,1095.05,-10.42,True,Active,muhib,Sideways,Normal,1: Walking
1790444329.885379,54185,Target 0,-159.0,1046.0,390.0,1058.02,-8.64,True,Active,muhib,Sideways,Normal,1: Walking
1790444329.9766052,54186,Target 0,-125.0,1017.0,390.0,1024.65,-7.01,True,Active,muhib,Sideways,Normal,1: Walking
1790444330.078397,54187,Target 0,-106.0,986.0,480.0,991.68,-6.14,True,Active,muhib,Sideways,Normal,1: Walking
1790444330.1557004,54188,Target 0,-71.0,949.0,240.0,951.65,-4.28,True,Active,muhib,Sideways,Normal,1: Walking
1790444330.2647552,54189,Target 0,-24.0,910.0,240.0,910.32,-1.51,True,Active,muhib,Sideways,Normal,1: Walking
1790444330.3735213,54190,Target 0,22.0,872.0,320.0,872.28,1.45,True,Active,muhib,Sideways,Normal,1: Walking
1790444330.449962,54191,Target 0,67.0,834.0,240.0,836.69,4.59,True,Active,muhib,Sideways,Normal,1: Walking
1790444330.5083325,54192,Target 0,105.0,801.0,240.0,807.85,7.47,True,Active,muhib,Sideways,Normal,1: Walking
1790444330.5966594,54193,Target 0,124.0,766.0,320.0,775.97,9.2,True,Active,muhib,Sideways,Normal,1: Walking
1790444330.686579,54194,Target 0,141.0,735.0,80.0,748.4,10.86,True,Active,muhib,Sideways,Normal,1: Walking
1790444330.782658,54195,Target 0,166.0,709.0,-80.0,728.17,13.18,True,Active,muhib,Sideways,Normal,1: Walking
1790444330.86842,54196,Target 0,211.0,687.0,-240.0,718.67,17.07,True,Active,muhib,Sideways,Normal,1: Walking
1790444330.957775,54197,Target 0,247.0,661.0,-320.0,705.64,20.49,True,Active,muhib,Sideways,Normal,1: Walking
1790444331.0449052,54198,Target 0,287.0,640.0,-390.0,701.41,24.15,True,Active,muhib,Sideways,Normal,1: Walking
1790444331.346063,54199,Target 0,320.0,614.0,-390.0,692.38,27.53,True,Active,muhib,Sideways,Normal,1: Walking
1790444331.3661861,54200,Target 0,360.0,608.0,-390.0,706.59,30.63,True,Active,muhib,Sideways,Normal,1: Walking
1790444331.3852987,54201,Target 0,404.0,615.0,-390.0,735.83,33.3,True,Active,muhib,Sideways,Normal,1: Walking
1790444331.4074867,54202,Target 0,450.0,624.0,-390.0,769.33,35.8,True,Active,muhib,Sideways,Normal,1: Walking
1790444331.5112364,54203,Target 0,491.0,635.0,-390.0,802.69,37.71,True,Active,muhib,Sideways,Normal,1: Walking
1790444331.5891566,54204,Target 0,533.0,640.0,-390.0,832.88,39.79,True,Active,muhib,Sideways,Normal,1: Walking
1790444331.6961706,54205,Target 0,571.0,648.0,-390.0,863.68,41.39,True,Active,muhib,Sideways,Normal,1: Walking
1790444331.7546153,54206,Target 0,610.0,654.0,-390.0,894.32,43.01,True,Active,muhib,Sideways,Normal,1: Walking
1790444331.924562,54207,Target 0,655.0,654.0,-320.0,925.6,45.04,True,Active,muhib,Sideways,Normal,1: Walking
1790444331.9471605,54208,Target 0,689.0,666.0,-240.0,958.27,45.97,True,Active,muhib,Sideways,Normal,1: Walking
1790444332.1075869,54209,Target 0,724.0,676.0,-480.0,990.53,46.96,True,Active,muhib,Sideways,Normal,1: Walking
1790444332.1279433,54210,Target 0,757.0,677.0,-390.0,1015.57,48.19,True,Active,muhib,Sideways,Normal,1: Walking
1790444332.2304144,54211,Target 0,782.0,685.0,-240.0,1039.59,48.78,True,Active,muhib,Sideways,Normal,1: Walking
1790444332.2880788,54212,Target 0,796.0,702.0,-240.0,1061.33,48.59,True,Active,muhib,Sideways,Normal,1: Walking
1790444332.380569,54213,Target 0,803.0,716.0,-320.0,1075.86,48.28,True,Active,muhib,Sideways,Normal,1: Walking
1790444332.48953,54214,Target 0,810.0,731.0,-320.0,1091.08,47.93,True,Active,muhib,Sideways,Normal,1: Walking
1790444332.604472,54215,Target 0,815.0,746.0,-320.0,1104.87,47.53,True,Active,muhib,Sideways,Normal,1: Walking
1790444332.65741,54216,Target 0,820.0,766.0,-320.0,1122.12,46.95,True,Active,muhib,Sideways,Normal,1: Walking
1790444332.8244581,54217,Target 0,828.0,787.0,-160.0,1142.35,46.45,True,Active,muhib,Sideways,Normal,1: Walking
1790444332.8456028,54218,Target 0,851.0,821.0,-240.0,1182.47,46.03,True,Active,muhib,Sideways,Normal,1: Walking
1790444332.927039,54219,Target 0,868.0,853.0,-160.0,1216.98,45.5,True,Active,muhib,Sideways,Normal,1: Walking
1790444333.000777,54220,Target 0,889.0,876.0,-160.0,1248.08,45.42,True,Active,muhib,Sideways,Normal,1: Walking
1790444333.089323,54221,Target 0,896.0,888.0,-240.0,1261.49,45.26,True,Active,muhib,Sideways,Normal,1: Walking
1790444333.1782691,54222,Target 0,899.0,906.0,-240.0,1276.34,44.78,True,Active,muhib,Sideways,Normal,1: Walking
1790444333.2824109,54223,Target 0,903.0,926.0,-320.0,1293.4,44.28,True,Active,muhib,Sideways,Normal,1: Walking
1790444333.355998,54224,Target 0,913.0,948.0,-320.0,1316.16,43.92,True,Active,muhib,Sideways,Normal,1: Walking
1790444333.4852161,54225,Target 0,926.0,981.0,-320.0,1349.01,43.35,True,Active,muhib,Sideways,Normal,1: Walking
1790444333.5405858,54226,Target 0,930.0,992.0,-320.0,1359.77,43.15,True,Active,muhib,Sideways,Normal,1: Walking
1790444333.6946976,54227,Target 0,933.0,1009.0,-320.0,1374.25,42.76,True,Active,muhib,Sideways,Normal,1: Walking
1790444333.717279,54228,Target 0,938.0,1030.0,-240.0,1393.11,42.32,True,Active,muhib,Sideways,Normal,1: Walking
1790444333.8851922,54229,Target 0,941.0,1052.0,-160.0,1411.45,41.81,True,Active,muhib,Sideways,Normal,1: Walking
1790444333.9050725,54230,Target 0,943.0,1072.0,-160.0,1427.74,41.34,True,Active,muhib,Sideways,Normal,1: Walking
1790444333.991702,54231,Target 0,947.0,1103.0,-160.0,1453.76,40.65,True,Active,muhib,Sideways,Normal,1: Walking
1790444334.0696418,54232,Target 0,954.0,1145.0,0.0,1490.35,39.8,True,Active,muhib,Sideways,Normal,1: Walking
1790444334.1658657,54233,Target 0,957.0,1163.0,0.0,1506.13,39.45,True,Active,muhib,Sideways,Normal,1: Walking
1790444334.2483513,54234,Target 0,963.0,1181.0,0.0,1523.85,39.19,True,Active,muhib,Sideways,Normal,1: Walking
1790444334.3873932,54235,Target 0,962.0,1208.0,0.0,1544.25,38.53,True,Active,muhib,Sideways,Normal,1: Walking
1790444334.4700482,54236,Target 0,949.0,1228.0,-80.0,1551.96,37.7,True,Active,muhib,Sideways,Normal,1: Walking
1790444334.543646,54237,Target 0,937.0,1253.0,0.0,1564.6,36.79,True,Active,muhib,Sideways,Normal,1: Walking
1790444334.6017876,54238,Target 0,928.0,1269.0,-80.0,1572.11,36.18,True,Active,muhib,Sideways,Normal,1: Walking
1790444334.7187333,54239,Target 0,915.0,1286.0,-80.0,1578.3,35.43,True,Active,muhib,Sideways,Normal,1: Walking
1790444334.833162,54240,Target 0,901.0,1301.0,-160.0,1582.53,34.7,True,Active,muhib,Sideways,Normal,1: Walking
1790444334.9912202,54241,Target 0,883.0,1317.0,-160.0,1585.62,33.84,True,Active,muhib,Sideways,Normal,1: Walking
1790444335.0107245,54242,Target 0,861.0,1334.0,-160.0,1587.73,32.84,True,Active,muhib,Sideways,Normal,1: Walking
1790444335.0963242,54243,Target 0,843.0,1350.0,-160.0,1591.59,31.98,True,Active,muhib,Sideways,Normal,1: Walking
1790444335.2311785,54244,Target 0,819.0,1367.0,-80.0,1593.57,30.93,True,Active,muhib,Sideways,Normal,1: Walking
1790444335.2521787,54245,Target 0,794.0,1386.0,-240.0,1597.32,29.81,True,Active,muhib,Sideways,Normal,1: Walking
1790444335.348943,54246,Target 0,750.0,1411.0,-80.0,1597.94,27.99,True,Active,muhib,Sideways,Normal,1: Walking
1790444335.406521,54247,Target 0,732.0,1426.0,-80.0,1602.9,27.17,True,Active,muhib,Sideways,Normal,1: Walking
1790444335.5079844,54248,Target 0,714.0,1442.0,80.0,1609.09,26.34,True,Active,muhib,Sideways,Normal,1: Walking
1790444335.5944352,54249,Target 0,695.0,1456.0,80.0,1613.37,25.52,True,Active,muhib,Sideways,Normal,1: Walking
1790444335.6743984,54250,Target 0,675.0,1465.0,80.0,1613.03,24.74,True,Active,muhib,Sideways,Normal,1: Walking
1790444335.7703266,54251,Target 0,657.0,1481.0,240.0,1620.19,23.92,True,Active,muhib,Sideways,Normal,1: Walking
1790444335.962464,54252,Target 0,635.0,1498.0,160.0,1627.03,22.97,True,Active,muhib,Sideways,Normal,1: Walking
1790444335.9825199,54253,Target 0,610.0,1512.0,160.0,1630.41,21.97,True,Active,muhib,Sideways,Normal,1: Walking
1790444336.0414248,54254,Target 0,561.0,1535.0,80.0,1634.3,20.08,True,Active,muhib,Sideways,Normal,1: Walking
1790444336.122807,54255,Target 0,514.0,1554.0,80.0,1636.8,18.3,True,Active,muhib,Sideways,Normal,1: Walking
1790444336.2038133,54256,Target 0,471.0,1584.0,0.0,1652.54,16.56,True,Active,muhib,Sideways,Normal,1: Walking
1790444336.3019226,54257,Target 0,431.0,1612.0,-80.0,1668.62,14.97,True,Active,muhib,Sideways,Normal,1: Walking
1790444336.3896334,54258,Target 0,391.0,1636.0,-80.0,1682.08,13.44,True,Active,muhib,Sideways,Normal,1: Walking
1790444336.4739208,54259,Target 0,348.0,1649.0,-160.0,1685.32,11.92,True,Active,muhib,Sideways,Normal,1: Walking
1790444336.5995967,54260,Target 0,314.0,1656.0,-240.0,1685.51,10.74,True,Active,muhib,Sideways,Normal,1: Walking
1790444336.6565816,54261,Target 0,283.0,1661.0,-240.0,1684.94,9.67,True,Active,muhib,Sideways,Normal,1: Walking
1790444336.7634108,54262,Target 0,266.0,1666.0,-240.0,1687.1,9.07,True,Active,muhib,Sideways,Normal,1: Walking
1790444336.8595405,54263,Target 0,246.0,1675.0,-240.0,1692.97,8.36,True,Active,muhib,Sideways,Normal,1: Walking
1790444337.0769973,54264,Target 0,205.0,1692.0,-320.0,1704.37,6.91,True,Active,muhib,Sideways,Normal,1: Walking
1790444337.0980086,54265,Target 0,172.0,1712.0,-240.0,1720.62,5.74,True,Active,muhib,Sideways,Normal,1: Walking
1790444337.1213872,54266,Target 0,132.0,1730.0,80.0,1735.03,4.36,True,Active,muhib,Sideways,Normal,1: Walking
1790444337.209437,54267,Target 0,92.0,1746.0,160.0,1748.42,3.02,True,Active,muhib,Sideways,Normal,1: Walking
1790444337.301174,54268,Target 0,60.0,1764.0,-320.0,1765.02,1.95,True,Active,muhib,Sideways,Normal,1: Walking
1790444337.361987,54269,Target 0,30.0,1782.0,-320.0,1782.25,0.96,True,Active,muhib,Sideways,Normal,1: Walking
1790444337.4594877,54270,Target 0,-11.0,1803.0,-790.0,1803.03,-0.35,True,Active,muhib,Sideways,Normal,1: Walking
1790444337.5924237,54271,Target 0,-54.0,1824.0,-790.0,1824.8,-1.7,True,Active,muhib,Sideways,Normal,1: Walking
1790444337.6267807,54272,Target 0,-94.0,1845.0,-790.0,1847.39,-2.92,True,Active,muhib,Sideways,Normal,1: Walking
1790444337.7206357,54273,Target 0,-149.0,1879.0,-1360.0,1884.9,-4.53,True,Active,muhib,Sideways,Normal,1: Walking
1790444337.8117056,54274,Target 0,-204.0,1939.0,-880.0,1949.7,-6.01,True,Active,muhib,Sideways,Normal,6: Fall onset
1790444337.8942904,54275,Target 0,-259.0,2006.0,-880.0,2022.65,-7.36,True,Active,muhib,Sideways,Normal,6: Fall onset
1790444338.0088084,54276,Target 0,-325.0,2098.0,-2000.0,2123.02,-8.81,True,Active,muhib,Sideways,Normal,6: Fall onset
1790444338.0719197,54277,Target 0,-386.0,2209.0,-2390.0,2242.47,-9.91,True,Active,muhib,Sideways,Normal,6: Fall onset
1790444338.1603434,54278,Target 0,-447.0,2336.0,-160.0,2378.38,-10.83,True,Active,muhib,Sideways,Normal,6: Fall onset
1790444338.2549498,54279,Target 0,-544.0,2564.0,-80.0,2621.07,-11.98,True,Active,muhib,Sideways,Normal,6: Fall onset
1790444338.3618069,54280,Target 0,-647.0,2777.0,-80.0,2851.37,-13.12,True,Active,muhib,Sideways,Normal,6: Fall onset
1790444338.4301167,54281,Target 0,-733.0,2970.0,0.0,3059.12,-13.86,True,Active,muhib,Sideways,Normal,6: Fall onset
1790444338.5178478,54282,Target 0,-683.0,3171.0,80.0,3243.72,-12.16,True,Active,muhib,Sideways,Normal,6: Fall onset
1790444338.6123326,54283,Target 0,-615.0,3362.0,80.0,3417.79,-10.37,True,Active,muhib,Sideways,Normal,6: Fall onset
1790444338.7217965,54284,Target 0,-533.0,3508.0,240.0,3548.26,-8.64,True,Active,muhib,Sideways,Normal,6: Fall onset
1790444338.7993653,54285,Target 0,-460.0,3477.0,320.0,3507.3,-7.54,True,Active,muhib,Sideways,Normal,6: Fall onset
1790444338.8728502,54286,Target 0,-386.0,3439.0,0.0,3460.59,-6.4,True,Active,muhib,Sideways,Normal,6: Fall onset
1790444338.9725869,54287,Target 0,-344.0,3382.0,80.0,3399.45,-5.81,True,Active,muhib,Sideways,Normal,6: Fall onset
1790444339.082874,54288,Target 0,-328.0,3340.0,0.0,3356.07,-5.61,True,Active,muhib,Sideways,Normal,6: Fall onset
1790444339.2786407,54289,Target 0,-310.0,3298.0,-80.0,3312.54,-5.37,True,Active,muhib,Sideways,Normal,6: Fall onset
1790444339.3006165,54290,Target 0,-317.0,3253.0,0.0,3268.41,-5.57,True,Active,muhib,Sideways,Normal,6: Fall onset
1790444339.331666,54291,Target 0,-303.0,3207.0,0.0,3221.28,-5.4,True,Active,muhib,Sideways,Normal,6: Fall onset
1790444339.4355142,54292,Target 0,-302.0,3178.0,0.0,3192.32,-5.43,True,Active,muhib,Sideways,Normal,6: Fall onset
1790444339.5111437,54293,Target 0,-324.0,3159.0,0.0,3175.57,-5.86,True,Active,muhib,Sideways,Normal,6: Fall onset
1790444339.708682,54294,Target 0,-335.0,3143.0,0.0,3160.8,-6.08,True,Active,muhib,Sideways,Normal,6: Fall onset
1790444339.7292328,54295,Target 0,-334.0,3142.0,0.0,3159.7,-6.07,True,Active,muhib,Sideways,Normal,6: Fall onset
1790444339.814276,54296,Target 0,-332.0,3143.0,0.0,3160.49,-6.03,True,Active,muhib,Sideways,Normal,6: Fall onset
1790444339.8644261,54297,Target 0,-330.0,3143.0,0.0,3160.28,-5.99,True,Active,muhib,Sideways,Normal,6: Fall onset
1790444339.949176,54298,Target 0,-328.0,3144.0,0.0,3161.06,-5.96,True,Active,muhib,Sideways,Normal,6: Fall onset
1790444340.0317564,54299,Target 0,-327.0,3145.0,0.0,3161.95,-5.94,True,Active,muhib,Sideways,Normal,6: Fall onset
1790444340.1506221,54300,Target 0,-325.0,3145.0,0.0,3161.75,-5.9,True,Active,muhib,Sideways,Normal,6: Fall onset
1790444340.2105255,54301,Target 0,-324.0,3146.0,0.0,3162.64,-5.88,True,Active,muhib,Sideways,Normal,6: Fall onset
1790444340.3399131,54302,Target 0,-323.0,3146.0,0.0,3162.54,-5.86,True,Active,muhib,Sideways,Normal,6: Fall onset
1790444340.3963706,54303,Target 0,-322.0,3146.0,0.0,3162.44,-5.84,True,Active,muhib,Sideways,Normal,6: Fall onset
1790444340.5432558,54304,Target 0,-322.0,3147.0,0.0,3163.43,-5.84,True,Active,muhib,Sideways,Normal,6: Fall onset
1790444340.5661197,54305,Target 0,-322.0,3147.0,0.0,3163.43,-5.84,True,Active,muhib,Sideways,Normal,6: Fall onset
1790444340.6927161,54306,Target 0,-321.0,3147.0,0.0,3163.33,-5.82,True,Active,muhib,Sideways,Normal,6: Fall onset
1790444340.7772856,54307,Target 0,-323.0,3149.0,0.0,3165.52,-5.86,True,Active,muhib,Sideways,Normal,6: Fall onset
1790444340.855296,54308,Target 0,-326.0,3152.0,0.0,3168.81,-5.9,True,Active,muhib,Sideways,Normal,6: Fall onset
1790444340.9211338,54309,Target 0,-329.0,3155.0,0.0,3172.11,-5.95,True,Active,muhib,Sideways,Normal,6: Fall onset
1790444341.007567,54310,Target 0,-340.0,3159.0,0.0,3177.24,-6.14,True,Active,muhib,Sideways,Normal,6: Fall onset
1790444341.0968657,54311,Target 0,-352.0,3163.0,0.0,3182.53,-6.35,True,Active,muhib,Sideways,Normal,6: Fall onset
1790444341.2192814,54312,Target 0,-365.0,3167.0,0.0,3187.96,-6.57,True,Active,muhib,Sideways,Normal,6: Fall onset
1790444341.3158014,54313,Target 0,-376.0,3171.0,0.0,3193.21,-6.76,True,Active,muhib,Sideways,Normal,6: Fall onset
1790444341.487439,54314,Target 0,-390.0,3179.0,0.0,3202.83,-6.99,True,Active,muhib,Sideways,Normal,6: Fall onset
1790444341.5063715,54315,Target 0,-402.0,3179.0,160.0,3204.32,-7.21,True,Active,muhib,Sideways,Normal,6: Fall onset
1790444341.6142323,54316,Target 0,-408.0,3179.0,160.0,3205.07,-7.31,True,Active,muhib,Sideways,Normal,6: Fall onset
1790444341.7031257,54317,Target 0,-413.0,3181.0,80.0,3207.7,-7.4,True,Active,muhib,Sideways,Normal,6: Fall onset
1790444342.0777864,54318,Target 0,-427.0,3196.0,0.0,3224.4,-7.61,True,Active,muhib,Sideways,Normal,7: Post-fall stillness
1790444342.0975902,54319,Target 0,-447.0,3222.0,80.0,3252.86,-7.9,True,Active,muhib,Sideways,Normal,7: Post-fall stillness
1790444342.1173837,54320,Target 0,-464.0,3253.0,0.0,3285.93,-8.12,True,Active,muhib,Sideways,Normal,7: Post-fall stillness
1790444342.1360545,54321,Target 0,-506.0,3335.0,320.0,3373.17,-8.63,True,Active,muhib,Sideways,Normal,7: Post-fall stillness
1790444342.2775893,54322,Target 0,-551.0,3417.0,0.0,3461.14,-9.16,True,Active,muhib,Sideways,Normal,7: Post-fall stillness
1790444342.2975004,54323,Target 0,-593.0,3494.0,480.0,3543.96,-9.63,True,Active,muhib,Sideways,Normal,7: Post-fall stillness
1790444342.317237,54324,Target 0,-603.0,3501.0,390.0,3552.55,-9.77,True,Active,muhib,Sideways,Normal,7: Post-fall stillness
1790444342.4589581,54325,Target 0,-608.0,3474.0,390.0,3526.8,-9.93,True,Active,muhib,Sideways,Normal,7: Post-fall stillness
1790444342.4789574,54326,Target 0,-625.0,3408.0,80.0,3464.84,-10.39,True,Active,muhib,Sideways,Normal,7: Post-fall stillness
1790444342.7298136,54327,Target 0,-636.0,3329.0,80.0,3389.21,-10.82,True,Active,muhib,Sideways,Normal,7: Post-fall stillness
1790444342.7496016,54328,Target 0,-649.0,3252.0,240.0,3316.13,-11.29,True,Active,muhib,Sideways,Normal,7: Post-fall stillness
1790444342.768395,54329,Target 0,-659.0,3173.0,80.0,3240.71,-11.73,True,Active,muhib,Sideways,Normal,7: Post-fall stillness
1790444342.7909687,54330,Target 0,-653.0,3109.0,80.0,3176.84,-11.86,True,Active,muhib,Sideways,Normal,7: Post-fall stillness
1790444342.9159408,54331,Target 0,-659.0,3069.0,240.0,3138.96,-12.12,True,Active,muhib,Sideways,Normal,7: Post-fall stillness
1790444342.9839551,54332,Target 0,-674.0,3016.0,-80.0,3090.39,-12.6,True,Active,muhib,Sideways,Normal,7: Post-fall stillness
1790444343.2158322,54333,Target 0,-673.0,2974.0,80.0,3049.2,-12.75,True,Active,muhib,Sideways,Normal,7: Post-fall stillness
1790444343.2378316,54334,Target 0,-672.0,2945.0,0.0,3020.7,-12.85,True,Active,muhib,Sideways,Normal,7: Post-fall stillness
1790444343.259978,54335,Target 0,-634.0,2926.0,160.0,2993.9,-12.23,True,Active,muhib,Sideways,Normal,7: Post-fall stillness
1790444343.3622582,54336,Target 0,-624.0,2914.0,240.0,2980.06,-12.09,True,Active,muhib,Sideways,Normal,8: Recovery / standing back up
1790444343.4739895,54337,Target 0,-579.0,2909.0,240.0,2966.06,-11.26,True,Active,muhib,Sideways,Normal,8: Recovery / standing back up
1790444343.5054963,54338,Target 0,-552.0,2887.0,240.0,2939.3,-10.82,True,Active,muhib,Sideways,Normal,8: Recovery / standing back up
1790444343.6454766,54339,Target 0,-541.0,2866.0,390.0,2916.61,-10.69,True,Active,muhib,Sideways,Normal,8: Recovery / standing back up
1790444343.7449164,54340,Target 0,-525.0,2844.0,320.0,2892.05,-10.46,True,Active,muhib,Sideways,Normal,8: Recovery / standing back up
1790444343.8234878,54341,Target 0,-524.0,2817.0,640.0,2865.32,-10.54,True,Active,muhib,Sideways,Normal,8: Recovery / standing back up
1790444343.9151304,54342,Target 0,-556.0,2793.0,640.0,2847.8,-11.26,True,Active,muhib,Sideways,Normal,8: Recovery / standing back up
1790444343.9587932,54343,Target 0,-586.0,2766.0,240.0,2827.39,-11.96,True,Active,muhib,Sideways,Normal,8: Recovery / standing back up
1790444344.0753253,54344,Target 0,-582.0,2705.0,80.0,2766.9,-12.14,True,Active,muhib,Sideways,Normal,8: Recovery / standing back up
1790444344.122949,54345,Target 0,-570.0,2653.0,240.0,2713.54,-12.13,True,Active,muhib,Sideways,Normal,8: Recovery / standing back up
1790444344.232466,54346,Target 0,-532.0,2610.0,320.0,2663.67,-11.52,True,Active,muhib,Sideways,Normal,8: Recovery / standing back up
1790444344.3008258,54347,Target 0,-503.0,2567.0,320.0,2615.82,-11.09,True,Active,muhib,Sideways,Normal,8: Recovery / standing back up
1790444344.4297621,54348,Target 0,-537.0,2512.0,240.0,2568.76,-12.07,True,Active,muhib,Sideways,Normal,8: Recovery / standing back up
1790444344.4795015,54349,Target 0,-559.0,2465.0,160.0,2527.59,-12.78,True,Active,muhib,Sideways,Normal,8: Recovery / standing back up
1790444344.5845394,54350,Target 0,-585.0,2418.0,160.0,2487.76,-13.6,True,Active,muhib,Sideways,Normal,8: Recovery / standing back up
1790444344.670195,54351,Target 0,-577.0,2385.0,160.0,2453.8,-13.6,True,Active,muhib,Sideways,Normal,8: Recovery / standing back up
1790444344.7544792,54352,Target 0,-538.0,2364.0,320.0,2424.45,-12.82,True,Active,muhib,Sideways,Normal,8: Recovery / standing back up
1790444344.8589852,54353,Target 0,-514.0,2343.0,390.0,2398.72,-12.37,True,Active,muhib,Sideways,Normal,8: Recovery / standing back up
1790444344.9234903,54354,Target 0,-455.0,2340.0,560.0,2383.83,-11.0,True,Active,muhib,Sideways,Normal,8: Recovery / standing back up
1790444345.0265741,54355,Target 0,-409.0,2333.0,1040.0,2368.58,-9.94,True,Active,muhib,Sideways,Normal,8: Recovery / standing back up
1790444345.1710074,54356,Target 0,-470.0,2272.0,1120.0,2320.1,-11.69,True,Active,muhib,Sideways,Normal,8: Recovery / standing back up
1790444345.2647445,54357,Target 0,-525.0,2207.0,560.0,2268.58,-13.38,True,Active,muhib,Sideways,Normal,8: Recovery / standing back up
1790444345.304029,54358,Target 0,-567.0,2119.0,1360.0,2193.55,-14.98,True,Active,muhib,Sideways,Normal,8: Recovery / standing back up
1790444345.4821365,54359,Target 0,-584.0,2035.0,1120.0,2117.14,-16.01,True,Active,muhib,Sideways,Normal,8: Recovery / standing back up
1790444345.5068777,54360,Target 0,-578.0,1959.0,720.0,2042.49,-16.44,True,Active,muhib,Sideways,Normal,8: Recovery / standing back up
1790444345.5857618,54361,Target 0,-550.0,1896.0,390.0,1974.16,-16.18,True,Active,muhib,Sideways,Normal,8: Recovery / standing back up
1790444345.6367345,54362,Target 0,-510.0,1836.0,390.0,1905.52,-15.52,True,Active,muhib,Sideways,Normal,8: Recovery / standing back up
1790444345.7287781,54363,Target 0,-469.0,1798.0,-160.0,1858.16,-14.62,True,Active,muhib,Sideways,Normal,8: Recovery / standing back up
1790444345.8205433,54364,Target 0,-413.0,1780.0,240.0,1827.28,-13.06,True,Active,muhib,Sideways,Normal,8: Recovery / standing back up
1790444345.9253092,54365,Target 0,-353.0,1773.0,240.0,1807.8,-11.26,True,Active,muhib,Sideways,Normal,8: Recovery / standing back up
1790444346.0559778,54366,Target 0,-303.0,1768.0,160.0,1793.78,-9.72,True,Active,muhib,Sideways,Normal,8: Recovery / standing back up
1790444346.1270075,54367,Target 0,-249.0,1754.0,0.0,1771.59,-8.08,True,Active,muhib,Sideways,Normal,8: Recovery / standing back up
1790444346.1960082,54368,Target 0,-204.0,1734.0,80.0,1745.96,-6.71,True,Active,muhib,Sideways,Normal,8: Recovery / standing back up
1790444346.291514,54369,Target 0,-170.0,1722.0,80.0,1730.37,-5.64,True,Active,muhib,Sideways,Normal,8: Recovery / standing back up
1790444346.355018,54370,Target 0,-135.0,1713.0,80.0,1718.31,-4.51,True,Active,muhib,Sideways,Normal,8: Recovery / standing back up
1790444346.4430466,54371,Target 0,-104.0,1711.0,240.0,1714.16,-3.48,True,Active,muhib,Sideways,Normal,8: Recovery / standing back up
1790444346.545431,54372,Target 0,-80.0,1709.0,320.0,1710.87,-2.68,True,Active,muhib,Sideways,Normal,1: Walking
1790444346.6377785,54373,Target 0,-58.0,1713.0,390.0,1713.98,-1.94,True,Active,muhib,Sideways,Normal,1: Walking
1790444346.7879314,54374,Target 0,-49.0,1708.0,480.0,1708.7,-1.64,True,Active,muhib,Sideways,Normal,1: Walking
1790444346.8087616,54375,Target 0,-39.0,1695.0,480.0,1695.45,-1.32,True,Active,muhib,Sideways,Normal,1: Walking
1790444346.9184897,54376,Target 0,-32.0,1677.0,390.0,1677.31,-1.09,True,Active,muhib,Sideways,Normal,1: Walking
1790444346.9858084,54377,Target 0,-22.0,1655.0,480.0,1655.15,-0.76,True,Active,muhib,Sideways,Normal,1: Walking
1790444347.074499,54378,Target 0,-16.0,1636.0,240.0,1636.08,-0.56,True,Active,muhib,Sideways,Normal,1: Walking
1790444347.153632,54379,Target 0,-9.0,1615.0,160.0,1615.03,-0.32,True,Active,muhib,Sideways,Normal,1: Walking
1790444347.2404425,54380,Target 0,-1.0,1593.0,160.0,1593.0,-0.04,True,Active,muhib,Sideways,Normal,1: Walking
1790444347.3392122,54381,Target 0,9.0,1569.0,80.0,1569.03,0.33,True,Active,muhib,Sideways,Normal,1: Walking
1790444347.4195042,54382,Target 0,20.0,1533.0,80.0,1533.13,0.75,True,Active,muhib,Sideways,Normal,1: Walking
1790444347.506713,54383,Target 0,25.0,1515.0,80.0,1515.21,0.95,True,Active,muhib,Sideways,Normal,1: Walking
1790444347.592413,54384,Target 0,24.0,1499.0,80.0,1499.19,0.92,True,Active,muhib,Sideways,Normal,1: Walking
1790444347.693225,54385,Target 0,20.0,1489.0,0.0,1489.13,0.77,True,Active,muhib,Sideways,Normal,1: Walking
1790444347.7907648,54386,Target 0,13.0,1476.0,0.0,1476.06,0.5,True,Active,muhib,Sideways,Normal,1: Walking
1790444347.8692012,54387,Target 0,-6.0,1467.0,-80.0,1467.01,-0.23,True,Active,muhib,Sideways,Normal,1: Walking
1790444347.9509928,54388,Target 0,-31.0,1465.0,-80.0,1465.33,-1.21,True,Active,muhib,Sideways,Normal,1: Walking
1790444348.048842,54389,Target 0,-61.0,1468.0,-80.0,1469.27,-2.38,True,Active,muhib,Sideways,Normal,1: Walking
1790444348.1278198,54390,Target 0,-85.0,1463.0,0.0,1465.47,-3.33,True,Active,muhib,Sideways,Normal,1: Walking
1790444348.2166364,54391,Target 0,-113.0,1464.0,-80.0,1468.35,-4.41,True,Active,muhib,Sideways,Normal,1: Walking
1790444348.305134,54392,Target 0,-143.0,1464.0,-80.0,1470.97,-5.58,True,Active,muhib,Sideways,Normal,1: Walking
1790444348.4340653,54393,Target 0,-176.0,1465.0,-80.0,1475.53,-6.85,True,Active,muhib,Sideways,Normal,1: Walking
1790444348.527669,54394,Target 0,-232.0,1469.0,0.0,1487.21,-8.97,True,Active,muhib,Sideways,Normal,1: Walking
1790444348.5908003,54395,Target 0,-292.0,1452.0,-240.0,1481.07,-11.37,True,Active,muhib,Sideways,Normal,1: Walking
1790444348.6938765,54396,Target 0,-350.0,1423.0,-240.0,1465.41,-13.82,True,Active,muhib,Sideways,Normal,1: Walking
1790444348.7861748,54397,Target 0,-400.0,1406.0,-80.0,1461.79,-15.88,True,Active,muhib,Sideways,Normal,1: Walking
1790444348.8446813,54398,Target 0,-448.0,1402.0,-80.0,1471.84,-17.72,True,Active,muhib,Sideways,Normal,1: Walking
1790444348.9974365,54399,Target 0,-494.0,1389.0,-240.0,1474.23,-19.58,True,Active,muhib,Sideways,Normal,1: Walking
1790444349.0281277,54400,Target 0,-540.0,1376.0,-240.0,1478.17,-21.43,True,Active,muhib,Sideways,Normal,1: Walking
1790444349.1135104,54401,Target 0,-588.0,1372.0,-240.0,1492.69,-23.2,True,Active,muhib,Sideways,Normal,1: Walking
1790444349.2321541,54402,Target 0,-631.0,1371.0,-390.0,1509.24,-24.71,True,Active,muhib,Sideways,Normal,1: Walking
1790444349.2841988,54403,Target 0,-673.0,1373.0,-390.0,1529.07,-26.11,True,Active,muhib,Sideways,Normal,1: Walking
1790444349.380755,54404,Target 0,-702.0,1396.0,-480.0,1562.57,-26.7,True,Active,muhib,Sideways,Normal,1: Walking
1790444349.4663346,54405,Target 0,-722.0,1431.0,-480.0,1602.82,-26.77,True,Active,muhib,Sideways,Normal,1: Walking
1790444349.55156,54406,Target 0,-746.0,1466.0,-560.0,1644.89,-26.97,True,Active,muhib,Sideways,Normal,1: Walking
1790444349.646498,54407,Target 0,-756.0,1509.0,-390.0,1687.78,-26.61,True,Active,muhib,Sideways,Normal,1: Walking
1790444349.7285202,54408,Target 0,-762.0,1546.0,-390.0,1723.59,-26.24,True,Active,muhib,Sideways,Normal,1: Walking
1790444349.8337598,54409,Target 0,-773.0,1582.0,-320.0,1760.75,-26.04,True,Active,muhib,Sideways,Normal,1: Walking
1790444349.911334,54410,Target 0,-801.0,1600.0,-390.0,1789.3,-26.59,True,Active,muhib,Sideways,Normal,1: Walking
1790444349.9961426,54411,Target 0,-814.0,1626.0,-390.0,1818.37,-26.59,True,Active,muhib,Sideways,Normal,1: Walking
1790444350.1121342,54412,Target 0,-826.0,1662.0,-480.0,1855.94,-26.43,True,Active,muhib,Sideways,Normal,1: Walking
1790444350.3920298,54413,Target 0,-856.0,1686.0,-560.0,1890.85,-26.92,True,Active,muhib,Sideways,Normal,1: Walking
1790444350.4115684,54414,Target 0,-900.0,1714.0,-560.0,1935.92,-27.7,True,Active,muhib,Sideways,Normal,1: Walking
1790444350.4311438,54415,Target 0,-939.0,1751.0,-480.0,1986.89,-28.2,True,Active,muhib,Sideways,Normal,1: Walking
1790444350.459393,54416,Target 0,-977.0,1779.0,-390.0,2029.62,-28.77,True,Active,muhib,Sideways,Normal,1: Walking
1790444350.5503094,54417,Target 0,-1008.0,1802.0,-390.0,2064.77,-29.22,True,Active,muhib,Sideways,Normal,1: Walking
1790444350.7266228,54418,Target 0,-1025.0,1833.0,-480.0,2100.12,-29.21,True,Active,muhib,Sideways,Normal,1: Walking
1790444350.7471552,54419,Target 0,-1057.0,1855.0,-390.0,2135.01,-29.67,True,Active,muhib,Sideways,Normal,1: Walking
1790444350.8333864,54420,Target 0,-1087.0,1883.0,-560.0,2174.23,-30.0,True,Active,muhib,Sideways,Normal,1: Walking
1790444350.9234858,54421,Target 0,-1103.0,1918.0,-560.0,2212.54,-29.9,True,Active,muhib,Sideways,Normal,1: Walking
1790444350.975418,54422,Target 0,-1134.0,1944.0,-480.0,2250.58,-30.26,True,Active,muhib,Sideways,Normal,1: Walking
1790444351.0872927,54423,Target 0,-1177.0,1956.0,-320.0,2282.82,-31.04,True,Active,muhib,Sideways,Normal,1: Walking
1790444351.194301,54424,Target 0,-1208.0,1982.0,-560.0,2321.12,-31.36,True,Active,muhib,Sideways,Normal,1: Walking
1790444351.3868556,54425,Target 0,-1247.0,2000.0,-320.0,2356.91,-31.94,True,Active,muhib,Sideways,Normal,1: Walking
1790444351.4057593,54426,Target 0,-1279.0,2019.0,-320.0,2390.02,-32.35,True,Active,muhib,Sideways,Normal,1: Walking
1790444351.4274068,54427,Target 0,-1301.0,2055.0,-320.0,2432.21,-32.34,True,Active,muhib,Sideways,Normal,1: Walking
1790444351.5553067,54428,Target 0,-1320.0,2077.0,-320.0,2460.96,-32.44,True,Active,muhib,Sideways,Normal,1: Walking
1790444351.6009266,54429,Target 0,-1337.0,2072.0,-390.0,2465.92,-32.83,True,Active,muhib,Sideways,Normal,1: Walking
1790444351.7121215,54430,Target 0,-1353.0,2070.0,-390.0,2472.96,-33.17,True,Active,muhib,Sideways,Normal,1: Walking
1790444351.7764943,54431,Target 0,-1371.0,2077.0,-480.0,2488.69,-33.43,True,Active,muhib,Sideways,Normal,1: Walking
1790444351.8646374,54432,Target 0,-1398.0,2088.0,-240.0,2512.8,-33.8,True,Active,muhib,Sideways,Normal,1: Walking
1790444351.9539976,54433,Target 0,-1463.0,2105.0,-160.0,2563.47,-34.8,True,Active,muhib,Sideways,Normal,1: Walking
1790444352.1089017,54434,Target 0,-1528.0,2127.0,-320.0,2618.95,-35.69,True,Active,muhib,Sideways,Normal,1: Walking
1790444352.1321456,54435,Target 0,-1601.0,2132.0,-320.0,2666.2,-36.9,True,Active,muhib,Sideways,Normal,1: Walking
1790444352.30453,54436,Target 0,-1658.0,2145.0,-240.0,2711.09,-37.7,True,Active,muhib,Sideways,Normal,1: Walking
1790444352.3276455,54437,Target 0,-1686.0,2142.0,-240.0,2725.94,-38.21,True,Active,muhib,Sideways,Normal,1: Walking
1790444352.4272165,54438,Target 0,-1691.0,2146.0,-320.0,2732.18,-38.24,True,Active,muhib,Sideways,Normal,1: Walking
1790444352.4885323,54439,Target 0,-1696.0,2154.0,-560.0,2741.56,-38.22,True,Active,muhib,Sideways,Normal,1: Walking
1790444352.5772626,54440,Target 0,-1715.0,2168.0,-390.0,2764.32,-38.35,True,Active,muhib,Sideways,Normal,1: Walking
1790444352.6692455,54441,Target 0,-1740.0,2190.0,-80.0,2797.09,-38.47,True,Active,muhib,Sideways,Normal,1: Walking
1790444352.7597075,54442,Target 0,-1771.0,2248.0,-320.0,2861.81,-38.23,True,Active,muhib,Sideways,Normal,1: Walking
1790444352.8542912,54443,Target 0,-1806.0,2296.0,-240.0,2921.17,-38.19,True,Active,muhib,Sideways,Normal,1: Walking
1790444352.938431,54444,Target 0,-1842.0,2329.0,-160.0,2969.38,-38.34,True,Active,muhib,Sideways,Normal,1: Walking
1790444353.063762,54445,Target 0,-1878.0,2360.0,-160.0,3016.04,-38.51,True,Active,muhib,Sideways,Normal,1: Walking
1790444353.1224554,54446,Target 0,-1915.0,2364.0,-160.0,3042.32,-39.01,True,Active,muhib,Sideways,Normal,1: Walking
1790444353.2040281,54447,Target 0,-1945.0,2382.0,-160.0,3075.22,-39.23,True,Active,muhib,Sideways,Normal,1: Walking
1790444353.2947228,54448,Target 0,-1955.0,2386.0,-80.0,3084.64,-39.33,True,Active,muhib,Sideways,Normal,1: Walking
1790444353.5270345,54449,Target 0,-1959.0,2388.0,-80.0,3088.73,-39.36,True,Active,muhib,Sideways,Normal,1: Walking
1790444353.5466282,54450,Target 0,-1962.0,2388.0,-80.0,3090.63,-39.41,True,Active,muhib,Sideways,Normal,1: Walking
1790444353.568362,54451,Target 0,-1969.0,2376.0,-80.0,3085.83,-39.65,True,Active,muhib,Sideways,Normal,1: Walking
1790444353.6692452,54452,Target 0,-1973.0,2361.0,-240.0,3076.86,-39.88,True,Active,muhib,Sideways,Normal,1: Walking
1790444353.7992182,54453,Target 0,-1973.0,2347.0,-320.0,3066.13,-40.05,True,Active,muhib,Sideways,Normal,1: Walking
1790444353.8703353,54454,Target 0,-1964.0,2345.0,-320.0,3058.81,-39.95,True,Active,muhib,Sideways,Normal,1: Walking
1790444353.9176419,54455,Target 0,-1962.0,2347.0,-320.0,3059.06,-39.89,True,Active,muhib,Sideways,Normal,1: Walking
1790444354.0219183,54456,Target 0,-1960.0,2353.0,-320.0,3062.39,-39.79,True,Active,muhib,Sideways,Normal,1: Walking
1790444354.279297,54457,Target 0,-1960.0,2356.0,80.0,3064.69,-39.76,True,Active,muhib,Sideways,Normal,1: Walking
1790444354.2994893,54458,Target 0,-1961.0,2363.0,80.0,3070.71,-39.69,True,Active,muhib,Sideways,Normal,1: Walking
1790444354.3183765,54459,Target 0,-1964.0,2367.0,240.0,3075.71,-39.68,True,Active,muhib,Sideways,Normal,1: Walking
1790444354.436448,54460,Target 0,-1965.0,2372.0,320.0,3080.2,-39.64,True,Active,muhib,Sideways,Normal,1: Walking
1790444354.4638486,54461,Target 0,-1963.0,2376.0,390.0,3082.0,-39.56,True,Active,muhib,Sideways,Normal,1: Walking
1790444354.561439,54462,Target 0,-1960.0,2378.0,480.0,3081.64,-39.5,True,Active,muhib,Sideways,Normal,1: Walking
1790444354.624515,54463,Target 0,-1954.0,2380.0,320.0,3079.37,-39.39,True,Active,muhib,Sideways,Normal,1: Walking
1790444354.7242558,54464,Target 0,-1945.0,2381.0,240.0,3074.44,-39.24,True,Active,muhib,Sideways,Normal,1: Walking
1790444354.8016376,54465,Target 0,-1940.0,2379.0,390.0,3069.73,-39.2,True,Active,muhib,Sideways,Normal,1: Walking
1790444354.9110448,54466,Target 0,-1935.0,2375.0,390.0,3063.47,-39.17,True,Active,muhib,Sideways,Normal,1: Walking
1790444355.013001,54467,Target 0,-1930.0,2369.0,480.0,3055.66,-39.17,True,Active,muhib,Sideways,Normal,1: Walking
1790444355.0869446,54468,Target 0,-1922.0,2366.0,390.0,3048.28,-39.09,True,Active,muhib,Sideways,Normal,1: Walking
1790444355.1838565,54469,Target 0,-1911.0,2365.0,720.0,3040.58,-38.94,True,Active,muhib,Sideways,Normal,1: Walking
1790444355.304081,54470,Target 0,-1897.0,2363.0,640.0,3030.24,-38.76,True,Active,muhib,Sideways,Normal,1: Walking
1790444355.8069932,54471,Target 0,-1881.0,2360.0,560.0,3017.91,-38.56,True,Active,muhib,Sideways,Normal,1: Walking
1790444355.8264987,54472,Target 0,-1868.0,2351.0,390.0,3002.77,-38.47,True,Active,muhib,Sideways,Normal,1: Walking
1790444355.8464985,54473,Target 0,-1822.0,2330.0,390.0,2957.8,-38.02,True,Active,muhib,Sideways,Normal,1: Walking
1790444355.8656049,54474,Target 0,-1783.0,2312.0,390.0,2919.66,-37.64,True,Active,muhib,Sideways,Normal,1: Walking
1790444355.8839664,54475,Target 0,-1751.0,2287.0,390.0,2880.34,-37.44,True,Active,muhib,Sideways,Normal,1: Walking
1790444355.9027417,54476,Target 0,-1719.0,2263.0,480.0,2841.85,-37.22,True,Active,muhib,Sideways,Normal,1: Walking
1790444356.0796971,54477,Target 0,-1687.0,2241.0,480.0,2805.0,-36.97,True,Active,muhib,Sideways,Normal,1: Walking
1790444356.0991902,54478,Target 0,-1650.0,2217.0,480.0,2763.62,-36.66,True,Active,muhib,Sideways,Normal,1: Walking
1790444356.1186678,54479,Target 0,-1604.0,2199.0,480.0,2721.84,-36.11,True,Active,muhib,Sideways,Normal,1: Walking
1790444356.477788,54480,Target 0,-1536.0,2179.0,560.0,2665.96,-35.18,True,Active,muhib,Sideways,Normal,1: Walking
1790444356.4979653,54481,Target 0,-1511.0,2158.0,560.0,2634.4,-35.0,True,Active,muhib,Sideways,Normal,1: Walking
1790444356.7334023,54482,Target 0,-1489.0,2132.0,390.0,2600.49,-34.93,True,Active,muhib,Sideways,Normal,1: Walking
1790444356.7544694,54483,Target 0,-1457.0,2110.0,390.0,2564.17,-34.63,True,Active,muhib,Sideways,Normal,1: Walking
1790444356.772765,54484,Target 0,-1419.0,2058.0,320.0,2499.78,-34.59,True,Active,muhib,Sideways,Normal,1: Walking
1790444356.7924743,54485,Target 0,-1366.0,2014.0,560.0,2433.55,-34.15,True,Active,muhib,Sideways,Normal,1: Walking
1790444356.8111262,54486,Target 0,-1320.0,1970.0,640.0,2371.35,-33.82,True,Active,muhib,Sideways,Normal,1: Walking
1790444356.8346171,54487,Target 0,-1278.0,1930.0,880.0,2314.78,-33.51,True,Active,muhib,Sideways,Normal,1: Walking
1790444356.915884,54488,Target 0,-1223.0,1905.0,320.0,2263.79,-32.7,True,Active,muhib,Sideways,Normal,1: Walking
1790444356.938546,54489,Target 0,-1165.0,1872.0,560.0,2204.91,-31.9,True,Active,muhib,Sideways,Normal,1: Walking
1790444357.0409937,54490,Target 0,-1124.0,1820.0,790.0,2139.11,-31.7,True,Active,muhib,Sideways,Normal,1: Walking
1790444357.145659,54491,Target 0,-1080.0,1778.0,480.0,2080.31,-31.28,True,Active,muhib,Sideways,Normal,1: Walking
1790444357.2043743,54492,Target 0,-1044.0,1726.0,560.0,2017.18,-31.17,True,Active,muhib,Sideways,Normal,1: Walking
1790444357.2920737,54493,Target 0,-993.0,1684.0,480.0,1954.97,-30.53,True,Active,muhib,Sideways,Normal,1: Walking
1790444357.4091718,54494,Target 0,-956.0,1642.0,480.0,1900.03,-30.21,True,Active,muhib,Sideways,Normal,1: Walking
1790444357.4981778,54495,Target 0,-920.0,1595.0,390.0,1841.31,-29.98,True,Active,muhib,Sideways,Normal,1: Walking
1790444357.5612147,54496,Target 0,-900.0,1534.0,390.0,1778.53,-30.4,True,Active,muhib,Sideways,Normal,1: Walking
1790444357.6495023,54497,Target 0,-872.0,1486.0,320.0,1722.96,-30.4,True,Active,muhib,Sideways,Normal,1: Walking
1790444357.813294,54498,Target 0,-843.0,1450.0,320.0,1677.24,-30.17,True,Active,muhib,Sideways,Normal,1: Walking
1790444358.074822,54499,Target 0,-795.0,1433.0,390.0,1638.75,-29.02,True,Active,muhib,Sideways,Normal,1: Walking
1790444358.0948696,54500,Target 0,-732.0,1424.0,390.0,1601.12,-27.21,True,Active,muhib,Sideways,Normal,1: Walking
1790444358.1133924,54501,Target 0,-671.0,1416.0,480.0,1566.94,-25.35,True,Active,muhib,Sideways,Normal,1: Walking
1790444358.1675262,54502,Target 0,-610.0,1409.0,560.0,1535.38,-23.41,True,Active,muhib,Sideways,Normal,1: Walking
1790444358.1899092,54503,Target 0,-552.0,1398.0,560.0,1503.03,-21.55,True,Active,muhib,Sideways,Normal,1: Walking
1790444358.2778206,54504,Target 0,-516.0,1370.0,640.0,1463.95,-20.64,True,Active,muhib,Sideways,Normal,1: Walking
1790444358.3695812,54505,Target 0,-483.0,1325.0,560.0,1410.29,-20.03,True,Active,muhib,Sideways,Normal,1: Walking
1790444358.468293,54506,Target 0,-462.0,1276.0,640.0,1357.06,-19.9,True,Active,muhib,Sideways,Normal,1: Walking
1790444358.5734353,54507,Target 0,-439.0,1229.0,480.0,1305.05,-19.66,True,Active,muhib,Sideways,Normal,1: Walking
1790444358.6281626,54508,Target 0,-397.0,1193.0,320.0,1257.32,-18.41,True,Active,muhib,Sideways,Normal,1: Walking
1790444358.7222602,54509,Target 0,-356.0,1160.0,240.0,1213.4,-17.06,True,Active,muhib,Sideways,Normal,1: Walking
1790444358.8126845,54510,Target 0,-311.0,1137.0,240.0,1178.77,-15.3,True,Active,muhib,Sideways,Normal,1: Walking
1790444358.96252,54511,Target 0,-255.0,1123.0,240.0,1151.59,-12.79,True,Active,muhib,Sideways,Normal,1: Walking
1790444358.9847922,54512,Target 0,-211.0,1111.0,240.0,1130.86,-10.75,True,Active,muhib,Sideways,Normal,1: Walking
1790444359.0730057,54513,Target 0,-161.0,1101.0,160.0,1112.71,-8.32,True,Active,muhib,Sideways,Normal,1: Walking
1790444359.1997666,54514,Target 0,-106.0,1092.0,160.0,1097.13,-5.54,True,Active,muhib,Sideways,Normal,1: Walking
1790444359.4139862,54515,Target 0,-60.0,1062.0,160.0,1063.69,-3.23,True,Active,muhib,Sideways,Normal,1: Walking
1790444359.433825,54516,Target 0,-26.0,1029.0,160.0,1029.33,-1.45,True,Active,muhib,Sideways,Normal,1: Walking
1790444359.4697323,54517,Target 0,5.0,1009.0,240.0,1009.01,0.28,True,Active,muhib,Sideways,Normal,1: Walking
1790444359.5213408,54518,Target 0,47.0,992.0,160.0,993.11,2.71,True,Active,muhib,Sideways,Normal,1: Walking
1790444359.6340382,54519,Target 0,99.0,980.0,240.0,984.99,5.77,True,Active,muhib,Sideways,Normal,1: Walking
1790444359.6951098,54520,Target 0,145.0,961.0,160.0,971.88,8.58,True,Active,muhib,Sideways,Normal,1: Walking
1790444359.8779886,54521,Target 0,188.0,940.0,160.0,958.62,11.31,True,Active,muhib,Sideways,Normal,1: Walking
1790444359.8983524,54522,Target 0,229.0,917.0,80.0,945.16,14.02,True,Active,muhib,Sideways,Normal,1: Walking
1790444360.0447936,54523,Target 0,266.0,890.0,-80.0,928.9,16.64,True,Active,muhib,Sideways,Normal,1: Walking
1790444360.4844625,54524,Target 0,307.0,864.0,-80.0,916.92,19.56,True,Active,muhib,Sideways,Normal,1: Walking
1790444360.7993915,54525,Target 0,350.0,853.0,-160.0,922.01,22.31,True,Active,muhib,Sideways,Normal,1: Walking
1790444360.820253,54526,Target 0,389.0,843.0,-240.0,928.42,24.77,True,Active,muhib,Sideways,Normal,1: Walking
1790444360.840108,54527,Target 0,435.0,818.0,-320.0,926.47,28.0,True,Active,muhib,Sideways,Normal,1: Walking
1790444360.85939,54528,Target 0,467.0,798.0,-320.0,924.6,30.34,True,Active,muhib,Sideways,Normal,1: Walking
1790444360.8777697,54529,Target 0,506.0,792.0,-390.0,939.84,32.57,True,Active,muhib,Sideways,Normal,1: Walking
1790444360.8971272,54530,Target 0,551.0,785.0,-390.0,959.08,35.07,True,Active,muhib,Sideways,Normal,1: Walking
1790444360.9162548,54531,Target 0,590.0,778.0,-390.0,976.41,37.18,True,Active,muhib,Sideways,Normal,1: Walking
1790444360.9382458,54532,Target 0,620.0,780.0,-390.0,996.39,38.48,True,Active,muhib,Sideways,Normal,1: Walking
1790444360.959786,54533,Target 0,656.0,792.0,-320.0,1028.4,39.63,True,Active,muhib,Sideways,Normal,1: Walking
1790444361.0144749,54534,Target 0,686.0,803.0,-480.0,1056.13,40.51,True,Active,muhib,Sideways,Normal,1: Walking
1790444361.08502,54535,Target 0,711.0,831.0,-320.0,1093.66,40.55,True,Active,muhib,Sideways,Normal,1: Walking
1790444361.3250675,54536,Target 0,732.0,863.0,-320.0,1131.63,40.3,True,Active,muhib,Sideways,Normal,1: Walking
1790444361.3461788,54537,Target 0,752.0,894.0,-320.0,1168.22,40.07,True,Active,muhib,Sideways,Normal,1: Walking
1790444361.3663146,54538,Target 0,773.0,914.0,-320.0,1197.05,40.22,True,Active,muhib,Sideways,Normal,1: Walking
1790444361.398286,54539,Target 0,803.0,925.0,-390.0,1224.92,40.96,True,Active,muhib,Sideways,Normal,1: Walking
1790444361.4759197,54540,Target 0,840.0,925.0,-240.0,1249.49,42.24,True,Active,muhib,Sideways,Normal,1: Walking
1790444361.567229,54541,Target 0,862.0,930.0,-240.0,1268.05,42.83,True,Active,muhib,Sideways,Normal,1: Walking
1790444361.6543589,54542,Target 0,881.0,947.0,-240.0,1293.43,42.93,True,Active,muhib,Sideways,Normal,1: Walking
1790444361.758931,54543,Target 0,892.0,954.0,-240.0,1306.06,43.08,True,Active,muhib,Sideways,Normal,1: Walking
1790444361.8430772,54544,Target 0,898.0,964.0,-240.0,1317.46,42.97,True,Active,muhib,Sideways,Normal,1: Walking
1790444361.9347787,54545,Target 0,905.0,978.0,-320.0,1332.48,42.78,True,Active,muhib,Sideways,Normal,1: Walking
1790444362.0088034,54546,Target 0,916.0,995.0,-320.0,1352.44,42.63,True,Active,muhib,Sideways,Normal,1: Walking
1790444362.105487,54547,Target 0,928.0,1000.0,-240.0,1364.25,42.86,True,Active,muhib,Sideways,Normal,1: Walking
1790444362.1881738,54548,Target 0,950.0,1010.0,-160.0,1386.58,43.25,True,Active,muhib,Sideways,Normal,1: Walking
1790444362.2898335,54549,Target 0,987.0,1042.0,-160.0,1435.25,43.45,True,Active,muhib,Sideways,Normal,1: Walking
1790444362.368643,54550,Target 0,995.0,1077.0,-160.0,1466.27,42.73,True,Active,muhib,Sideways,Normal,1: Walking
1790444362.483832,54551,Target 0,994.0,1107.0,-80.0,1487.78,41.92,True,Active,muhib,Sideways,Normal,1: Walking
1790444362.6268628,54552,Target 0,987.0,1118.0,-160.0,1491.34,41.44,True,Active,muhib,Sideways,Normal,1: Walking
1790444362.646378,54553,Target 0,987.0,1132.0,-240.0,1501.86,41.09,True,Active,muhib,Sideways,Normal,1: Walking
1790444362.8497448,54554,Target 0,982.0,1148.0,-240.0,1510.7,40.54,True,Active,muhib,Sideways,Normal,1: Walking
1790444362.870899,54555,Target 0,977.0,1163.0,-320.0,1518.91,40.03,True,Active,muhib,Sideways,Normal,1: Walking
1790444362.9503396,54556,Target 0,980.0,1185.0,-390.0,1537.73,39.59,True,Active,muhib,Sideways,Normal,1: Walking
1790444362.9910767,54557,Target 0,996.0,1212.0,-320.0,1568.74,39.41,True,Active,muhib,Sideways,Normal,1: Walking
1790444363.0992763,54558,Target 0,1013.0,1274.0,-320.0,1627.65,38.49,True,Active,muhib,Sideways,Normal,1: Walking
1790444363.182752,54559,Target 0,1018.0,1325.0,-240.0,1670.91,37.54,True,Active,muhib,Sideways,Normal,1: Walking
1790444363.3451505,54560,Target 0,1019.0,1354.0,-160.0,1694.6,36.96,True,Active,muhib,Sideways,Normal,1: Walking
1790444363.3654754,54561,Target 0,1017.0,1374.0,-160.0,1709.43,36.51,True,Active,muhib,Sideways,Normal,1: Walking
1790444363.4598038,54562,Target 0,1022.0,1386.0,-80.0,1722.06,36.4,True,Active,muhib,Sideways,Normal,1: Walking
1790444363.55408,54563,Target 0,1024.0,1394.0,80.0,1729.69,36.3,True,Active,muhib,Sideways,Normal,1: Walking
1790444363.665227,54564,Target 0,1018.0,1401.0,160.0,1731.8,36.0,True,Active,muhib,Sideways,Normal,1: Walking
1790444363.7221851,54565,Target 0,1005.0,1410.0,160.0,1731.51,35.48,True,Active,muhib,Sideways,Normal,1: Walking
1790444363.7989461,54566,Target 0,991.0,1419.0,240.0,1730.79,34.93,True,Active,muhib,Sideways,Normal,1: Walking
1790444363.8953583,54567,Target 0,979.0,1428.0,160.0,1731.37,34.43,True,Active,muhib,Sideways,Normal,1: Walking
1790444364.0068643,54568,Target 0,967.0,1436.0,80.0,1731.24,33.96,True,Active,muhib,Sideways,Normal,1: Walking
1790444364.0579188,54569,Target 0,957.0,1446.0,160.0,1734.0,33.5,True,Active,muhib,Sideways,Normal,1: Walking
1790444364.1475873,54570,Target 0,944.0,1457.0,80.0,1736.08,32.94,True,Active,muhib,Sideways,Normal,1: Walking
1790444364.2946153,54571,Target 0,932.0,1469.0,80.0,1739.71,32.39,True,Active,muhib,Sideways,Normal,1: Walking
1790444364.333874,54572,Target 0,923.0,1479.0,80.0,1743.38,31.97,True,Active,muhib,Sideways,Normal,1: Walking
1790444364.415552,54573,Target 0,916.0,1488.0,80.0,1747.34,31.62,True,Active,muhib,Sideways,Normal,1: Walking
1790444364.501595,54574,Target 0,899.0,1495.0,80.0,1744.48,31.02,True,Active,muhib,Sideways,Normal,1: Walking
1790444364.598248,54575,Target 0,883.0,1501.0,0.0,1741.46,30.47,True,Active,muhib,Sideways,Normal,1: Walking
1790444366.235785,54576,Target 0,864.0,1503.0,0.0,1733.64,29.89,True,Active,muhib,Sideways,Normal,1: Walking
1790444366.2550497,54577,Target 0,844.0,1508.0,0.0,1728.12,29.23,True,Active,muhib,Sideways,Normal,1: Walking
1790444366.2745917,54578,Target 0,821.0,1514.0,-80.0,1722.28,28.47,True,Active,muhib,Sideways,Normal,1: Walking
1790444366.2928295,54579,Target 0,796.0,1524.0,0.0,1719.36,27.58,True,Active,muhib,Sideways,Normal,1: Walking
1790444366.3115358,54580,Target 0,775.0,1534.0,0.0,1718.66,26.8,True,Active,muhib,Sideways,Normal,1: Walking
1790444366.3302102,54581,Target 0,753.0,1531.0,160.0,1706.16,26.19,True,Active,muhib,Sideways,Normal,1: Walking
1790444366.349515,54582,Target 0,729.0,1534.0,160.0,1698.41,25.42,True,Active,muhib,Sideways,Normal,1: Walking
1790444366.3676994,54583,Target 0,703.0,1545.0,160.0,1697.42,24.47,True,Active,muhib,Sideways,Normal,1: Walking
1790444366.9551678,54584,Target 0,679.0,1553.0,160.0,1694.95,23.62,True,Active,muhib,Sideways,Normal,1: Walking
1790444367.9571548,54585,Target 0,650.0,1556.0,240.0,1686.31,22.67,True,Active,muhib,Sideways,Normal,1: Walking
1790444367.9775672,54586,Target 0,586.0,1559.0,240.0,1665.5,20.6,True,Active,muhib,Sideways,Normal,1: Walking
1790444367.9965672,54587,Target 0,515.0,1560.0,240.0,1642.81,18.27,True,Active,muhib,Sideways,Normal,1: Walking
1790444368.015567,54588,Target 0,442.0,1558.0,240.0,1619.48,15.84,True,Active,muhib,Sideways,Normal,1: Walking
1790444368.0340734,54589,Target 0,387.0,1559.0,80.0,1606.32,13.94,True,Active,muhib,Sideways,Normal,1: Walking
1790444368.0530734,54590,Target 0,346.0,1571.0,80.0,1608.65,12.42,True,Active,muhib,Sideways,Normal,1: Walking
1790444368.0730734,54591,Target 0,305.0,1597.0,0.0,1625.86,10.81,True,Active,muhib,Sideways,Normal,1: Walking
1790444368.0927942,54592,Target 0,264.0,1615.0,0.0,1636.44,9.28,True,Active,muhib,Sideways,Normal,1: Walking
1790444368.1111708,54593,Target 0,224.0,1630.0,-160.0,1645.32,7.82,True,Active,muhib,Sideways,Normal,1: Walking
1790444368.1306574,54594,Target 0,184.0,1633.0,-160.0,1643.33,6.43,True,Active,muhib,Sideways,Normal,1: Walking
1790444368.149901,54595,Target 0,148.0,1625.0,-160.0,1631.73,5.2,True,Active,muhib,Sideways,Normal,1: Walking
1790444368.1692429,54596,Target 0,113.0,1616.0,-240.0,1619.95,4.0,True,Active,muhib,Sideways,Normal,1: Walking
1790444368.18767,54597,Target 0,81.0,1604.0,-240.0,1606.04,2.89,True,Active,muhib,Sideways,Normal,1: Walking
1790444368.2072427,54598,Target 0,55.0,1601.0,-160.0,1601.94,1.97,True,Active,muhib,Sideways,Normal,1: Walking
1790444368.2275653,54599,Target 0,21.0,1611.0,-160.0,1611.14,0.75,True,Active,muhib,Sideways,Normal,1: Walking
1790444368.247164,54600,Target 0,-18.0,1628.0,-160.0,1628.1,-0.63,True,Active,muhib,Sideways,Normal,1: Walking
1790444368.2662828,54601,Target 0,-66.0,1643.0,-160.0,1644.33,-2.3,True,Active,muhib,Sideways,Normal,1: Walking
1790444368.285409,54602,Target 0,-118.0,1663.0,-80.0,1667.18,-4.06,True,Active,muhib,Sideways,Normal,1: Walking
1790444368.3043647,54603,Target 0,-170.0,1675.0,-160.0,1683.6,-5.8,True,Active,muhib,Sideways,Normal,1: Walking
1790444368.3252246,54604,Target 0,-216.0,1687.0,-80.0,1700.77,-7.3,True,Active,muhib,Sideways,Normal,1: Walking
1790444368.3459141,54605,Target 0,-268.0,1703.0,-160.0,1723.96,-8.94,True,Active,muhib,Sideways,Normal,1: Walking
1790444368.3670912,54606,Target 0,-324.0,1714.0,-160.0,1744.35,-10.7,True,Active,muhib,Sideways,Normal,1: Walking
1790444368.3877254,54607,Target 0,-372.0,1724.0,-240.0,1763.68,-12.18,True,Active,muhib,Sideways,Normal,1: Walking
1790444368.4075134,54608,Target 0,-428.0,1719.0,-240.0,1771.48,-13.98,True,Active,muhib,Sideways,Normal,1: Walking
1790444368.4286354,54609,Target 0,-482.0,1723.0,-390.0,1789.15,-15.63,True,Active,muhib,Sideways,Normal,1: Walking
1790444368.4482505,54610,Target 0,-537.0,1720.0,-390.0,1801.88,-17.34,True,Active,muhib,Sideways,Normal,1: Walking
1790444368.4663682,54611,Target 0,-584.0,1726.0,-480.0,1822.12,-18.69,True,Active,muhib,Sideways,Normal,1: Walking
1790444368.485469,54612,Target 0,-630.0,1739.0,-560.0,1849.6,-19.91,True,Active,muhib,Sideways,Normal,1: Walking
1790444368.5042176,54613,Target 0,-676.0,1766.0,-560.0,1890.96,-20.95,True,Active,muhib,Sideways,Normal,1: Walking
1790444368.5263634,54614,Target 0,-722.0,1807.0,-480.0,1945.9,-21.78,True,Active,muhib,Sideways,Normal,1: Walking
1790444368.545965,54615,Target 0,-764.0,1856.0,-390.0,2007.1,-22.37,True,Active,muhib,Sideways,Normal,1: Walking
1790444368.5661032,54616,Target 0,-801.0,1888.0,-390.0,2050.89,-22.99,True,Active,muhib,Sideways,Normal,1: Walking
1790444368.5872924,54617,Target 0,-847.0,1892.0,-390.0,2072.94,-24.12,True,Active,muhib,Sideways,Normal,1: Walking
1790444368.6064053,54618,Target 0,-876.0,1902.0,-390.0,2094.03,-24.73,True,Active,muhib,Sideways,Normal,1: Walking
1790444368.625523,54619,Target 0,-895.0,1921.0,-390.0,2119.26,-24.98,True,Active,muhib,Sideways,Normal,1: Walking
1790444368.7249994,54620,Target 0,-911.0,1950.0,-390.0,2152.31,-25.04,True,Active,muhib,Sideways,Normal,1: Walking
1790444368.7449334,54621,Target 0,-925.0,1987.0,-390.0,2191.76,-24.96,True,Active,muhib,Sideways,Normal,1: Walking
1790444368.7783198,54622,Target 0,-939.0,2018.0,-480.0,2225.77,-24.95,True,Active,muhib,Sideways,Normal,1: Walking
1790444368.8611813,54623,Target 0,-972.0,2036.0,-320.0,2256.12,-25.52,True,Active,muhib,Sideways,Normal,1: Walking
1790444368.958426,54624,Target 0,-1020.0,2061.0,-240.0,2299.59,-26.33,True,Active,muhib,Sideways,Normal,1: Walking
1790444369.045718,54625,Target 0,-1060.0,2096.0,-320.0,2348.79,-26.83,True,Active,muhib,Sideways,Normal,1: Walking
1790444369.1367826,54626,Target 0,-1100.0,2121.0,-160.0,2389.28,-27.41,True,Active,muhib,Sideways,Normal,1: Walking
1790444369.2212687,54627,Target 0,-1147.0,2125.0,-80.0,2414.79,-28.36,True,Active,muhib,Sideways,Normal,1: Walking
1790444369.3104868,54628,Target 0,-1199.0,2135.0,-160.0,2448.64,-29.32,True,Active,muhib,Sideways,Normal,1: Walking
1790444369.4689267,54629,Target 0,-1237.0,2147.0,-240.0,2477.86,-29.95,True,Active,muhib,Sideways,Normal,1: Walking
1790444369.4973128,54630,Target 0,-1258.0,2156.0,-320.0,2496.18,-30.26,True,Active,muhib,Sideways,Normal,1: Walking
1790444369.6251583,54631,Target 0,-1275.0,2155.0,-320.0,2503.93,-30.61,True,Active,muhib,Sideways,Normal,1: Walking
1790444369.7212598,54632,Target 0,-1291.0,2156.0,-240.0,2512.97,-30.91,True,Active,muhib,Sideways,Normal,1: Walking
1790444369.8145373,54633,Target 0,-1316.0,2167.0,-320.0,2535.3,-31.27,True,Active,muhib,Sideways,Normal,1: Walking
1790444369.9131892,54634,Target 0,-1322.0,2169.0,-480.0,2540.13,-31.36,True,Active,muhib,Sideways,Normal,1: Walking
1790444369.995859,54635,Target 0,-1328.0,2173.0,-560.0,2546.67,-31.43,True,Active,muhib,Sideways,Normal,1: Walking
1790444370.3896694,54636,Target 0,-1339.0,2185.0,-80.0,2562.64,-31.5,True,Active,muhib,Sideways,Normal,1: Walking
1790444370.4091845,54637,Target 0,-1356.0,2197.0,0.0,2581.77,-31.68,True,Active,muhib,Sideways,Normal,1: Walking
1790444370.4286208,54638,Target 0,-1368.0,2214.0,0.0,2602.54,-31.71,True,Active,muhib,Sideways,Normal,1: Walking
1790444370.4474227,54639,Target 0,-1381.0,2222.0,160.0,2616.19,-31.86,True,Active,muhib,Sideways,Normal,1: Walking
1790444370.4658074,54640,Target 0,-1400.0,2222.0,160.0,2626.27,-32.21,True,Active,muhib,Sideways,Normal,1: Walking
1790444370.5027814,54641,Target 0,-1411.0,2224.0,160.0,2633.84,-32.39,True,Active,muhib,Sideways,Normal,1: Walking
1790444370.5520256,54642,Target 0,-1415.0,2230.0,320.0,2641.05,-32.4,True,Active,muhib,Sideways,Normal,1: Walking
1790444370.671645,54643,Target 0,-1404.0,2237.0,160.0,2641.1,-32.11,True,Active,muhib,Sideways,Normal,1: Walking
1790444370.7460964,54644,Target 0,-1398.0,2239.0,240.0,2639.61,-31.98,True,Active,muhib,Sideways,Normal,1: Walking
1790444370.8214362,54645,Target 0,-1392.0,2240.0,320.0,2637.28,-31.86,True,Active,muhib,Sideways,Normal,1: Walking
1790444370.9083388,54646,Target 0,-1388.0,2240.0,390.0,2635.17,-31.78,True,Active,muhib,Sideways,Normal,1: Walking
1790444370.9974003,54647,Target 0,-1385.0,2239.0,320.0,2632.74,-31.74,True,Active,muhib,Sideways,Normal,1: Walking
1790444371.0876853,54648,Target 0,-1379.0,2240.0,240.0,2630.45,-31.62,True,Active,muhib,Sideways,Normal,1: Walking
1790444371.1751082,54649,Target 0,-1371.0,2240.0,390.0,2626.26,-31.47,True,Active,muhib,Sideways,Normal,1: Walking
1790444371.2636395,54650,Target 0,-1364.0,2235.0,560.0,2618.34,-31.4,True,Active,muhib,Sideways,Normal,1: Walking
1790444371.367249,54651,Target 0,-1362.0,2226.0,720.0,2609.62,-31.46,True,Active,muhib,Sideways,Normal,1: Walking
1790444371.4417956,54652,Target 0,-1362.0,2214.0,640.0,2599.39,-31.6,True,Active,muhib,Sideways,Normal,1: Walking
1790444371.5579228,54653,Target 0,-1361.0,2200.0,320.0,2586.95,-31.74,True,Active,muhib,Sideways,Normal,1: Walking
1790444371.6249127,54654,Target 0,-1358.0,2187.0,320.0,2574.32,-31.84,True,Active,muhib,Sideways,Normal,1: Walking
1790444371.7183022,54655,Target 0,-1356.0,2173.0,480.0,2561.38,-31.97,True,Active,muhib,Sideways,Normal,1: Walking
1790444371.802781,54656,Target 0,-1352.0,2157.0,390.0,2545.69,-32.08,True,Active,muhib,Sideways,Normal,1: Walking
1790444371.9168346,54657,Target 0,-1346.0,2143.0,390.0,2530.65,-32.13,True,Active,muhib,Sideways,Normal,1: Walking
1790444372.0310373,54658,Target 0,-1322.0,2113.0,320.0,2492.48,-32.03,True,Active,muhib,Sideways,Normal,1: Walking
1790444372.114542,54659,Target 0,-1311.0,2105.0,390.0,2479.87,-31.91,True,Active,muhib,Sideways,Normal,1: Walking
1790444372.1690483,54660,Target 0,-1301.0,2095.0,480.0,2466.1,-31.84,True,Active,muhib,Sideways,Normal,1: Walking
1790444372.3130875,54661,Target 0,-1272.0,2064.0,390.0,2424.48,-31.64,True,Active,muhib,Sideways,Normal,1: Walking
1790444372.3811514,54662,Target 0,-1246.0,2035.0,320.0,2386.16,-31.48,True,Active,muhib,Sideways,Normal,1: Walking
1790444372.421005,54663,Target 0,-1217.0,2004.0,240.0,2344.59,-31.27,True,Active,muhib,Sideways,Normal,1: Walking
1790444372.5176427,54664,Target 0,-1194.0,1970.0,320.0,2303.59,-31.22,True,Active,muhib,Sideways,Normal,1: Walking
1790444372.619748,54665,Target 0,-1168.0,1941.0,320.0,2265.33,-31.04,True,Active,muhib,Sideways,Normal,1: Walking
1790444372.738122,54666,Target 0,-1135.0,1918.0,160.0,2228.67,-30.62,True,Active,muhib,Sideways,Normal,1: Walking
1790444372.7937746,54667,Target 0,-1096.0,1899.0,160.0,2192.58,-29.99,True,Active,muhib,Sideways,Normal,1: Walking
1790444372.9130476,54668,Target 0,-1063.0,1875.0,390.0,2155.36,-29.55,True,Active,muhib,Sideways,Normal,1: Walking
1790444372.973451,54669,Target 0,-985.0,1842.0,160.0,2088.82,-28.14,True,Active,muhib,Sideways,Normal,1: Walking
1790444373.0528364,54670,Target 0,-907.0,1816.0,160.0,2029.9,-26.54,True,Active,muhib,Sideways,Normal,1: Walking
1790444373.1418047,54671,Target 0,-839.0,1796.0,160.0,1982.31,-25.04,True,Active,muhib,Sideways,Normal,1: Walking
1790444373.2291434,54672,Target 0,-785.0,1761.0,240.0,1928.04,-24.03,True,Active,muhib,Sideways,Normal,1: Walking
1790444373.3312433,54673,Target 0,-731.0,1730.0,80.0,1878.1,-22.91,True,Active,muhib,Sideways,Normal,1: Walking
1790444373.399692,54674,Target 0,-680.0,1712.0,0.0,1842.1,-21.66,True,Active,muhib,Sideways,Normal,1: Walking
1790444373.489272,54675,Target 0,-622.0,1716.0,-80.0,1825.25,-19.92,True,Active,muhib,Sideways,Normal,1: Walking
1790444373.5775378,54676,Target 0,-560.0,1729.0,-160.0,1817.43,-17.95,True,Active,muhib,Sideways,Normal,1: Walking
1790444373.6815863,54677,Target 0,-495.0,1744.0,-240.0,1812.89,-15.85,True,Active,muhib,Sideways,Normal,1: Walking
1790444373.7552738,54678,Target 0,-428.0,1766.0,-320.0,1817.12,-13.62,True,Active,muhib,Sideways,Normal,1: Walking
1790444373.84575,54679,Target 0,-362.0,1791.0,-320.0,1827.22,-11.43,True,Active,muhib,Sideways,Normal,6: Fall onset
1790444373.9341657,54680,Target 0,-302.0,1817.0,-480.0,1841.93,-9.44,True,Active,muhib,Sideways,Normal,6: Fall onset
1790444374.1355011,54681,Target 0,-264.0,1845.0,-790.0,1863.79,-8.14,True,Active,muhib,Sideways,Normal,6: Fall onset
1790444374.1560078,54682,Target 0,-251.0,1878.0,-1120.0,1894.7,-7.61,True,Active,muhib,Sideways,Normal,6: Fall onset
1790444374.201556,54683,Target 0,-230.0,1925.0,-1440.0,1938.69,-6.81,True,Active,muhib,Sideways,Normal,6: Fall onset
1790444374.4901261,54684,Target 0,-212.0,1978.0,-1440.0,1989.33,-6.12,True,Active,muhib,Sideways,Normal,6: Fall onset
1790444374.5094936,54685,Target 0,-197.0,2031.0,-1440.0,2040.53,-5.54,True,Active,muhib,Sideways,Normal,6: Fall onset
1790444374.5277324,54686,Target 0,-168.0,2104.0,-2480.0,2110.7,-4.57,True,Active,muhib,Sideways,Normal,6: Fall onset
1790444374.5830026,54687,Target 0,-158.0,2214.0,-1760.0,2219.63,-4.08,True,Active,muhib,Sideways,Normal,6: Fall onset
1790444374.6750965,54688,Target 0,-150.0,2330.0,-1760.0,2334.82,-3.68,True,Active,muhib,Sideways,Normal,6: Fall onset
1790444374.7520628,54689,Target 0,-145.0,2464.0,80.0,2468.26,-3.37,True,Active,muhib,Sideways,Normal,6: Fall onset
1790444374.8230565,54690,Target 0,-189.0,2690.0,0.0,2696.63,-4.02,True,Active,muhib,Sideways,Normal,6: Fall onset
1790444374.9197097,54691,Target 0,-219.0,2870.0,-720.0,2878.34,-4.36,True,Active,muhib,Sideways,Normal,6: Fall onset
1790444375.0601604,54692,Target 0,-293.0,3068.0,0.0,3081.96,-5.46,True,Active,muhib,Sideways,Normal,6: Fall onset
1790444375.1118526,54693,Target 0,-351.0,3230.0,-160.0,3249.02,-6.2,True,Active,muhib,Sideways,Normal,6: Fall onset
1790444375.2609422,54694,Target 0,-412.0,3383.0,-160.0,3408.0,-6.94,True,Active,muhib,Sideways,Normal,7: Post-fall stillness
1790444375.3578067,54695,Target 0,-449.0,3433.0,160.0,3462.24,-7.45,True,Active,muhib,Sideways,Normal,7: Post-fall stillness
1790444375.3881674,54696,Target 0,-428.0,3413.0,160.0,3439.73,-7.15,True,Active,muhib,Sideways,Normal,7: Post-fall stillness
1790444375.4869707,54697,Target 0,-396.0,3371.0,160.0,3394.18,-6.7,True,Active,muhib,Sideways,Normal,7: Post-fall stillness
1790444375.691058,54698,Target 0,-360.0,3352.0,0.0,3371.28,-6.13,True,Active,muhib,Sideways,Normal,7: Post-fall stillness
1790444375.7113373,54699,Target 0,-342.0,3341.0,0.0,3358.46,-5.84,True,Active,muhib,Sideways,Normal,7: Post-fall stillness
1790444375.745205,54700,Target 0,-295.0,3308.0,0.0,3321.13,-5.1,True,Active,muhib,Sideways,Normal,7: Post-fall stillness
1790444375.817848,54701,Target 0,-245.0,3272.0,0.0,3281.16,-4.28,True,Active,muhib,Sideways,Normal,7: Post-fall stillness
1790444375.8908944,54702,Target 0,-201.0,3239.0,0.0,3245.23,-3.55,True,Active,muhib,Sideways,Normal,7: Post-fall stillness
1790444375.9806862,54703,Target 0,-160.0,3210.0,0.0,3213.99,-2.85,True,Active,muhib,Sideways,Normal,7: Post-fall stillness
1790444376.0689523,54704,Target 0,-124.0,3183.0,0.0,3185.41,-2.23,True,Active,muhib,Sideways,Normal,7: Post-fall stillness
1790444376.1621702,54705,Target 0,-91.0,3160.0,0.0,3161.31,-1.65,True,Active,muhib,Sideways,Normal,7: Post-fall stillness
1790444376.247676,54706,Target 0,-61.0,3138.0,0.0,3138.59,-1.11,True,Active,muhib,Sideways,Normal,7: Post-fall stillness
1790444376.3431745,54707,Target 0,-54.0,3134.0,0.0,3134.47,-0.99,True,Active,muhib,Sideways,Normal,7: Post-fall stillness
1790444376.4260068,54708,Target 0,-47.0,3132.0,0.0,3132.35,-0.86,True,Active,muhib,Sideways,Normal,7: Post-fall stillness
1790444376.5158129,54709,Target 0,-40.0,3130.0,0.0,3130.26,-0.73,True,Active,muhib,Sideways,Normal,7: Post-fall stillness
1790444376.6041486,54710,Target 0,-34.0,3128.0,0.0,3128.18,-0.62,True,Active,muhib,Sideways,Normal,7: Post-fall stillness
1790444376.7012224,54711,Target 0,-28.0,3126.0,0.0,3126.13,-0.51,True,Active,muhib,Sideways,Normal,7: Post-fall stillness
1790444376.7834654,54712,Target 0,-22.0,3124.0,0.0,3124.08,-0.4,True,Active,muhib,Sideways,Normal,7: Post-fall stillness
1790444376.8750412,54713,Target 0,-17.0,3122.0,0.0,3122.05,-0.31,True,Active,muhib,Sideways,Normal,7: Post-fall stillness
1790444377.0203032,54714,Target 0,-11.0,3120.0,0.0,3120.02,-0.2,True,Active,muhib,Sideways,Normal,7: Post-fall stillness
1790444377.0731287,54715,Target 0,-6.0,3118.0,0.0,3118.01,-0.11,True,Active,muhib,Sideways,Normal,7: Post-fall stillness
1790444377.1370552,54716,Target 0,-1.0,3116.0,0.0,3116.0,-0.02,True,Active,muhib,Sideways,Normal,7: Post-fall stillness
1790444377.2379568,54717,Target 0,3.0,3115.0,0.0,3115.0,0.06,True,Active,muhib,Sideways,Normal,7: Post-fall stillness
1790444377.3487165,54718,Target 0,8.0,3113.0,0.0,3113.01,0.15,True,Active,muhib,Sideways,Normal,7: Post-fall stillness
1790444377.4039564,54719,Target 0,12.0,3111.0,0.0,3111.02,0.22,True,Active,muhib,Sideways,Normal,7: Post-fall stillness
1790444377.51599,54720,Target 0,17.0,3110.0,0.0,3110.05,0.31,True,Active,muhib,Sideways,Normal,7: Post-fall stillness
1790444377.5946906,54721,Target 0,21.0,3108.0,0.0,3108.07,0.39,True,Active,muhib,Sideways,Normal,7: Post-fall stillness
1790444377.6737661,54722,Target 0,25.0,3107.0,0.0,3107.1,0.46,True,Active,muhib,Sideways,Normal,7: Post-fall stillness
1790444377.7694612,54723,Target 0,25.0,3107.0,0.0,3107.1,0.46,True,Active,muhib,Sideways,Normal,7: Post-fall stillness
1790444377.8631136,54724,Target 0,25.0,3107.0,0.0,3107.1,0.46,True,Active,muhib,Sideways,Normal,7: Post-fall stillness
1790444377.9382224,54725,Target 0,25.0,3107.0,0.0,3107.1,0.46,True,Active,muhib,Sideways,Normal,7: Post-fall stillness
1790444378.0297956,54726,Target 0,25.0,3107.0,0.0,3107.1,0.46,True,Active,muhib,Sideways,Normal,7: Post-fall stillness
1790444378.128587,54727,Target 0,25.0,3107.0,0.0,3107.1,0.46,True,Active,muhib,Sideways,Normal,7: Post-fall stillness
1790444378.2127602,54728,Target 0,25.0,3107.0,0.0,3107.1,0.46,True,Active,muhib,Sideways,Normal,7: Post-fall stillness
1790444378.2965324,54729,Target 0,24.0,3104.0,560.0,3104.09,0.44,True,Active,muhib,Sideways,Normal,7: Post-fall stillness
1790444378.411445,54730,Target 0,22.0,3104.0,0.0,3104.08,0.41,True,Active,muhib,Sideways,Normal,7: Post-fall stillness
1790444378.4753838,54731,Target 0,17.0,3104.0,320.0,3104.05,0.31,True,Active,muhib,Sideways,Normal,7: Post-fall stillness
1790444378.5661466,54732,Target 0,15.0,3104.0,160.0,3104.04,0.28,True,Active,muhib,Sideways,Normal,7: Post-fall stillness
1790444378.6618943,54733,Target 0,8.0,3105.0,240.0,3105.01,0.15,True,Active,muhib,Sideways,Normal,7: Post-fall stillness
1790444378.7614594,54734,Target 0,1.0,3106.0,240.0,3106.0,0.02,True,Active,muhib,Sideways,Normal,7: Post-fall stillness
1790444378.8353508,54735,Target 0,0.0,3107.0,160.0,3107.0,0.0,True,Active,muhib,Sideways,Normal,7: Post-fall stillness
1790444378.9168553,54736,Target 0,0.0,3107.0,160.0,3107.0,0.0,True,Active,muhib,Sideways,Normal,7: Post-fall stillness
1790444379.021362,54737,Target 0,-3.0,3107.0,390.0,3107.0,-0.06,True,Active,muhib,Sideways,Normal,8: Recovery / standing back up
1790444379.1172109,54738,Target 0,-10.0,3110.0,0.0,3110.02,-0.18,True,Active,muhib,Sideways,Normal,8: Recovery / standing back up
1790444379.1932917,54739,Target 0,-13.0,3111.0,160.0,3111.03,-0.24,True,Active,muhib,Sideways,Normal,8: Recovery / standing back up
1790444379.3079653,54740,Target 0,-9.0,3110.0,390.0,3110.01,-0.17,True,Active,muhib,Sideways,Normal,8: Recovery / standing back up
1790444379.362292,54741,Target 0,-6.0,3107.0,390.0,3107.01,-0.11,True,Active,muhib,Sideways,Normal,8: Recovery / standing back up
1790444379.8691673,54742,Target 0,-4.0,3101.0,480.0,3101.0,-0.07,True,Active,muhib,Sideways,Normal,8: Recovery / standing back up
1790444379.8886218,54743,Target 0,-4.0,3094.0,480.0,3094.0,-0.07,True,Active,muhib,Sideways,Normal,8: Recovery / standing back up
1790444379.9067688,54744,Target 0,-5.0,3087.0,480.0,3087.0,-0.09,True,Active,muhib,Sideways,Normal,8: Recovery / standing back up
1790444379.9257119,54745,Target 0,-4.0,3078.0,390.0,3078.0,-0.07,True,Active,muhib,Sideways,Normal,8: Recovery / standing back up
1790444379.9443135,54746,Target 0,-4.0,3069.0,390.0,3069.0,-0.07,True,Active,muhib,Sideways,Normal,8: Recovery / standing back up
1790444379.9815757,54747,Target 0,-2.0,3058.0,640.0,3058.0,-0.04,True,Active,muhib,Sideways,Normal,8: Recovery / standing back up
1790444380.0956419,54748,Target 0,0.0,3042.0,720.0,3042.0,0.0,True,Active,muhib,Sideways,Normal,8: Recovery / standing back up
1790444380.1168523,54749,Target 0,0.0,3029.0,480.0,3029.0,0.0,True,Active,muhib,Sideways,Normal,8: Recovery / standing back up
1790444380.2116477,54750,Target 0,1.0,3015.0,480.0,3015.0,0.02,True,Active,muhib,Sideways,Normal,8: Recovery / standing back up
1790444380.2985275,54751,Target 0,3.0,3005.0,480.0,3005.0,0.06,True,Active,muhib,Sideways,Normal,8: Recovery / standing back up
1790444380.3406389,54752,Target 0,4.0,2996.0,240.0,2996.0,0.08,True,Active,muhib,Sideways,Normal,8: Recovery / standing back up
1790444380.5084603,54753,Target 0,0.0,2985.0,240.0,2985.0,0.0,True,Active,muhib,Sideways,Normal,8: Recovery / standing back up
1790444380.5638032,54754,Target 0,-10.0,2969.0,80.0,2969.02,-0.19,True,Active,muhib,Sideways,Normal,8: Recovery / standing back up
1790444380.6246638,54755,Target 0,-18.0,2951.0,240.0,2951.05,-0.35,True,Active,muhib,Sideways,Normal,8: Recovery / standing back up
1790444380.7192838,54756,Target 0,-21.0,2933.0,80.0,2933.08,-0.41,True,Active,muhib,Sideways,Normal,8: Recovery / standing back up
1790444380.7917137,54757,Target 0,-23.0,2915.0,80.0,2915.09,-0.45,True,Active,muhib,Sideways,Normal,8: Recovery / standing back up
1790444380.8954065,54758,Target 0,-22.0,2898.0,80.0,2898.08,-0.43,True,Active,muhib,Sideways,Normal,8: Recovery / standing back up
1790444381.095244,54759,Target 0,-25.0,2880.0,-80.0,2880.11,-0.5,True,Active,muhib,Sideways,Normal,8: Recovery / standing back up
1790444381.1148565,54760,Target 0,-40.0,2862.0,0.0,2862.28,-0.8,True,Active,muhib,Sideways,Normal,8: Recovery / standing back up
1790444381.1673248,54761,Target 0,-95.0,2812.0,0.0,2813.6,-1.93,True,Active,muhib,Sideways,Normal,8: Recovery / standing back up
1790444381.2534418,54762,Target 0,-107.0,2797.0,-480.0,2799.05,-2.19,True,Active,muhib,Sideways,Normal,8: Recovery / standing back up
1790444381.4364204,54763,Target 0,-117.0,2783.0,-480.0,2785.46,-2.41,True,Active,muhib,Sideways,Normal,8: Recovery / standing back up
1790444381.455925,54764,Target 0,-116.0,2769.0,-80.0,2771.43,-2.4,True,Active,muhib,Sideways,Normal,8: Recovery / standing back up
1790444381.5356302,54765,Target 0,-108.0,2756.0,-80.0,2758.12,-2.24,True,Active,muhib,Sideways,Normal,8: Recovery / standing back up
1790444381.6363914,54766,Target 0,-95.0,2745.0,-80.0,2746.64,-1.98,True,Active,muhib,Sideways,Normal,8: Recovery / standing back up
1790444381.7318962,54767,Target 0,-81.0,2734.0,-80.0,2735.2,-1.7,True,Active,muhib,Sideways,Normal,8: Recovery / standing back up
1790444381.8995912,54768,Target 0,-42.0,2702.0,-80.0,2702.33,-0.89,True,Active,muhib,Sideways,Normal,8: Recovery / standing back up
1790444381.9198217,54769,Target 0,-15.0,2669.0,480.0,2669.04,-0.32,True,Active,muhib,Sideways,Normal,8: Recovery / standing back up
1790444381.9930036,54770,Target 0,-7.0,2635.0,390.0,2635.01,-0.15,True,Active,muhib,Sideways,Normal,8: Recovery / standing back up
1790444382.3742168,54771,Target 0,-18.0,2595.0,480.0,2595.06,-0.4,True,Active,muhib,Sideways,Normal,8: Recovery / standing back up
1790444382.3944705,54772,Target 0,-32.0,2552.0,560.0,2552.2,-0.72,True,Active,muhib,Sideways,Normal,8: Recovery / standing back up
1790444382.413607,54773,Target 0,-53.0,2508.0,560.0,2508.56,-1.21,True,Active,muhib,Sideways,Normal,8: Recovery / standing back up
1790444382.4327016,54774,Target 0,-57.0,2467.0,390.0,2467.66,-1.32,True,Active,muhib,Sideways,Normal,8: Recovery / standing back up
1790444382.5475435,54775,Target 0,-56.0,2429.0,390.0,2429.65,-1.32,True,Active,muhib,Sideways,Normal,8: Recovery / standing back up
1790444382.5664768,54776,Target 0,-54.0,2395.0,390.0,2395.61,-1.29,True,Active,muhib,Sideways,Normal,8: Recovery / standing back up
1790444382.588848,54777,Target 0,-49.0,2364.0,80.0,2364.51,-1.19,True,Active,muhib,Sideways,Normal,8: Recovery / standing back up
1790444382.6682343,54778,Target 0,-43.0,2338.0,80.0,2338.4,-1.05,True,Active,muhib,Sideways,Normal,8: Recovery / standing back up
1790444382.743758,54779,Target 0,-44.0,2328.0,80.0,2328.42,-1.08,True,Active,muhib,Sideways,Normal,8: Recovery / standing back up
1790444382.8366773,54780,Target 0,-50.0,2317.0,240.0,2317.54,-1.24,True,Active,muhib,Sideways,Normal,8: Recovery / standing back up
1790444382.9216952,54781,Target 0,-66.0,2286.0,390.0,2286.95,-1.65,True,Active,muhib,Sideways,Normal,8: Recovery / standing back up
1790444383.0262916,54782,Target 0,-78.0,2253.0,390.0,2254.35,-1.98,True,Active,muhib,Sideways,Normal,8: Recovery / standing back up
1790444383.26733,54783,Target 0,-84.0,2217.0,320.0,2218.59,-2.17,True,Active,muhib,Sideways,Normal,1: Walking
1790444383.2873302,54784,Target 0,-88.0,2181.0,320.0,2182.77,-2.31,True,Active,muhib,Sideways,Normal,1: Walking
1790444383.3096697,54785,Target 0,-95.0,2146.0,240.0,2148.1,-2.53,True,Active,muhib,Sideways,Normal,1: Walking
1790444383.3858933,54786,Target 0,-91.0,2111.0,560.0,2112.96,-2.47,True,Active,muhib,Sideways,Normal,1: Walking
1790444383.504478,54787,Target 0,-77.0,2077.0,480.0,2078.43,-2.12,True,Active,muhib,Sideways,Normal,1: Walking
1790444383.5553756,54788,Target 0,-61.0,2038.0,480.0,2038.91,-1.71,True,Active,muhib,Sideways,Normal,1: Walking
1790444383.6643026,54789,Target 0,-49.0,1975.0,160.0,1975.61,-1.42,True,Active,muhib,Sideways,Normal,1: Walking
1790444383.7313042,54790,Target 0,-37.0,1944.0,390.0,1944.35,-1.09,True,Active,muhib,Sideways,Normal,1: Walking
1790444383.9095204,54791,Target 0,-23.0,1903.0,240.0,1903.14,-0.69,True,Active,muhib,Sideways,Normal,1: Walking
1790444383.9291518,54792,Target 0,-18.0,1882.0,320.0,1882.09,-0.55,True,Active,muhib,Sideways,Normal,1: Walking
1790444384.0042567,54793,Target 0,-7.0,1852.0,320.0,1852.01,-0.22,True,Active,muhib,Sideways,Normal,1: Walking
1790444384.103555,54794,Target 0,4.0,1829.0,80.0,1829.0,0.13,True,Active,muhib,Sideways,Normal,1: Walking
1790444384.2524865,54795,Target 0,18.0,1811.0,0.0,1811.09,0.57,True,Active,muhib,Sideways,Normal,1: Walking
1790444384.3227983,54796,Target 0,28.0,1797.0,80.0,1797.22,0.89,True,Active,muhib,Sideways,Normal,1: Walking
1790444384.362387,54797,Target 0,40.0,1773.0,80.0,1773.45,1.29,True,Active,muhib,Sideways,Normal,1: Walking
1790444384.465158,54798,Target 0,53.0,1759.0,-80.0,1759.8,1.73,True,Active,muhib,Sideways,Normal,1: Walking
1790444384.5703223,54799,Target 0,64.0,1741.0,-80.0,1742.18,2.11,True,Active,muhib,Sideways,Normal,1: Walking
1790444384.6117334,54800,Target 0,81.0,1732.0,-160.0,1733.89,2.68,True,Active,muhib,Sideways,Normal,1: Walking
1790444384.8302236,54801,Target 0,98.0,1716.0,-240.0,1718.8,3.27,True,Active,muhib,Sideways,Normal,1: Walking
1790444384.8503337,54802,Target 0,114.0,1698.0,-160.0,1701.82,3.84,True,Active,muhib,Sideways,Normal,1: Walking
1790444385.0306687,54803,Target 0,133.0,1688.0,-160.0,1693.23,4.51,True,Active,muhib,Sideways,Normal,1: Walking
1790444385.0500703,54804,Target 0,151.0,1679.0,-240.0,1685.78,5.14,True,Active,muhib,Sideways,Normal,1: Walking
1790444385.089394,54805,Target 0,166.0,1667.0,-160.0,1675.24,5.69,True,Active,muhib,Sideways,Normal,1: Walking
1790444385.1598144,54806,Target 0,180.0,1657.0,-160.0,1666.75,6.2,True,Active,muhib,Sideways,Normal,1: Walking
1790444385.392598,54807,Target 0,194.0,1649.0,-80.0,1660.37,6.71,True,Active,muhib,Sideways,Normal,1: Walking
1790444385.411598,54808,Target 0,217.0,1648.0,0.0,1662.23,7.5,True,Active,muhib,Sideways,Normal,1: Walking
1790444385.4332628,54809,Target 0,246.0,1652.0,80.0,1670.22,8.47,True,Active,muhib,Sideways,Normal,1: Walking
1790444385.5462127,54810,Target 0,277.0,1658.0,80.0,1680.98,9.48,True,Active,muhib,Sideways,Normal,1: Walking
1790444385.6263554,54811,Target 0,336.0,1661.0,80.0,1694.64,11.44,True,Active,muhib,Sideways,Normal,1: Walking
1790444385.68915,54812,Target 0,395.0,1657.0,160.0,1703.43,13.41,True,Active,muhib,Sideways,Normal,1: Walking
1790444385.774474,54813,Target 0,441.0,1651.0,80.0,1708.88,14.96,True,Active,muhib,Sideways,Normal,1: Walking
1790444385.8580194,54814,Target 0,488.0,1633.0,80.0,1704.36,16.64,True,Active,muhib,Sideways,Normal,1: Walking
1790444386.0007093,54815,Target 0,523.0,1619.0,80.0,1701.38,17.9,True,Active,muhib,Sideways,Normal,1: Walking
1790444386.04971,54816,Target 0,539.0,1599.0,80.0,1687.4,18.63,True,Active,muhib,Sideways,Normal,1: Walking
1790444386.2161782,54817,Target 0,542.0,1588.0,80.0,1677.95,18.85,True,Active,muhib,Sideways,Normal,1: Walking
1790444386.2361767,54818,Target 0,544.0,1579.0,0.0,1670.08,19.01,True,Active,muhib,Sideways,Normal,1: Walking
1790444386.404725,54819,Target 0,543.0,1569.0,-80.0,1660.3,19.09,True,Active,muhib,Sideways,Normal,1: Walking
1790444386.4244556,54820,Target 0,546.0,1559.0,-160.0,1651.85,19.3,True,Active,muhib,Sideways,Normal,1: Walking
1790444386.7511458,54821,Target 0,559.0,1554.0,-160.0,1651.48,19.78,True,Active,muhib,Sideways,Normal,1: Walking
1790444386.7711828,54822,Target 0,571.0,1549.0,-160.0,1650.89,20.24,True,Active,muhib,Sideways,Normal,1: Walking
1790444386.790587,54823,Target 0,587.0,1545.0,-160.0,1652.75,20.8,True,Active,muhib,Sideways,Normal,1: Walking
1790444386.8101046,54824,Target 0,617.0,1543.0,-80.0,1661.79,21.8,True,Active,muhib,Sideways,Normal,1: Walking
1790444386.955835,54825,Target 0,640.0,1541.0,-240.0,1668.62,22.55,True,Active,muhib,Sideways,Normal,1: Walking
1790444386.9751613,54826,Target 0,660.0,1541.0,-240.0,1676.39,23.19,True,Active,muhib,Sideways,Normal,1: Walking
1790444387.1561203,54827,Target 0,676.0,1542.0,-160.0,1683.67,23.67,True,Active,muhib,Sideways,Normal,1: Walking
1790444387.1773098,54828,Target 0,687.0,1543.0,-80.0,1689.03,24.0,True,Active,muhib,Sideways,Normal,1: Walking
1790444387.215615,54829,Target 0,700.0,1541.0,80.0,1692.54,24.43,True,Active,muhib,Sideways,Normal,1: Walking
1790444387.3088439,54830,Target 0,706.0,1541.0,160.0,1695.03,24.61,True,Active,muhib,Sideways,Normal,1: Walking
1790444387.4768257,54831,Target 0,714.0,1537.0,240.0,1694.75,24.92,True,Active,muhib,Sideways,Normal,1: Walking
1790444387.5685441,54832,Target 0,719.0,1522.0,320.0,1683.28,25.29,True,Active,muhib,Sideways,Normal,1: Walking
1790444387.5878122,54833,Target 0,733.0,1507.0,320.0,1675.81,25.94,True,Active,muhib,Sideways,Normal,1: Walking
1790444387.6698387,54834,Target 0,751.0,1493.0,160.0,1671.24,26.7,True,Active,muhib,Sideways,Normal,1: Walking
1790444387.7756157,54835,Target 0,774.0,1472.0,240.0,1663.09,27.74,True,Active,muhib,Sideways,Normal,1: Walking
1790444387.9348676,54836,Target 0,793.0,1449.0,160.0,1651.8,28.69,True,Active,muhib,Sideways,Normal,1: Walking
1790444387.9539232,54837,Target 0,821.0,1412.0,80.0,1633.34,30.18,True,Active,muhib,Sideways,Normal,1: Walking
1790444388.0094373,54838,Target 0,845.0,1395.0,240.0,1630.97,31.2,True,Active,muhib,Sideways,Normal,1: Walking
1790444388.126234,54839,Target 0,872.0,1364.0,240.0,1618.91,32.59,True,Active,muhib,Sideways,Normal,1: Walking
1790444388.1846187,54840,Target 0,891.0,1347.0,320.0,1615.02,33.48,True,Active,muhib,Sideways,Normal,1: Walking
1790444388.4064531,54841,Target 0,904.0,1330.0,240.0,1608.14,34.2,True,Active,muhib,Sideways,Normal,1: Walking
1790444388.4420779,54842,Target 0,919.0,1311.0,80.0,1601.03,35.03,True,Active,muhib,Sideways,Normal,1: Walking
1790444388.4775949,54843,Target 0,931.0,1289.0,160.0,1590.06,35.84,True,Active,muhib,Sideways,Normal,1: Walking
1790444388.5973244,54844,Target 0,952.0,1240.0,240.0,1563.3,37.51,True,Active,muhib,Sideways,Normal,1: Walking
1790444388.7093065,54845,Target 0,964.0,1197.0,240.0,1536.91,38.85,True,Active,muhib,Sideways,Normal,1: Walking
1790444388.9959471,54846,Target 0,974.0,1160.0,320.0,1514.69,40.02,True,Active,muhib,Sideways,Normal,1: Walking
1790444389.0162892,54847,Target 0,980.0,1129.0,320.0,1495.01,40.96,True,Active,muhib,Sideways,Normal,1: Walking
1790444389.0355017,54848,Target 0,981.0,1114.0,390.0,1484.37,41.37,True,Active,muhib,Sideways,Normal,1: Walking
1790444389.0547233,54849,Target 0,975.0,1099.0,390.0,1469.16,41.58,True,Active,muhib,Sideways,Normal,1: Walking
