timestamp,sequence_id,target_id,x_mm,y_mm,speed_mms,distance_mm,angle_deg,valid,status,volunteer_id,fall_subtype,pace_variant,action_label
1789494392.8008964,32194,Person E,1892.6,2832.4,160.0,3411.69,33.62,True,Active,shazia,None,Normal,5: Lying down (controlled)
1789494392.900244,32195,Person E,1892.2,2833.5,-80.0,3411.14,33.55,True,Active,shazia,None,Normal,5: Lying down (controlled)
1789494392.9794395,32196,Person E,1891.1,2834.6,-80.0,3407.55,33.48,True,Active,shazia,None,Normal,5: Lying down (controlled)
1789494393.0575788,32197,Person E,1890.1,2835.8,240.0,3405.33,33.49,True,Active,shazia,None,Normal,5: Lying down (controlled)
1789494393.1356988,32198,Person E,1889.2,2836.7,160.0,3403.93,33.55,True,Active,shazia,None,Normal,5: Lying down (controlled)
1789494393.213819,32199,Person E,1887.8,2837.4,-80.0,3402.26,33.56,True,Active,shazia,None,Normal,5: Lying down (controlled)
1789494393.3177927,32200,Person E,1886.0,2837.7,-80.0,3400.6,33.58,True,Active,shazia,None,Normal,5: Lying down (controlled)
1789494393.4178677,32201,Person E,1884.7,2837.4,390.0,3398.65,33.69,True,Active,shazia,None,Normal,5: Lying down (controlled)
1789494393.5350475,32202,Person E,1884.1,2836.3,-80.0,3396.99,33.76,True,Active,shazia,None,Normal,5: Lying down (controlled)
1789494393.6348429,32203,Person E,1883.0,2834.9,-80.0,3394.77,33.65,True,Active,shazia,None,Normal,5: Lying down (controlled)
1789494393.71742,32204,Person E,1881.6,2833.7,240.0,3393.95,33.54,True,Active,shazia,None,Normal,5: Lying down (controlled)
1789494393.784074,32205,Person E,1880.6,2832.4,160.0,3394.78,33.53,True,Active,shazia,None,Normal,5: Lying down (controlled)
1789494393.884089,32206,Person E,1880.1,2830.9,160.0,3392.28,33.55,True,Active,shazia,None,Normal,5: Lying down (controlled)
1789494393.9682078,32207,Person E,1879.9,2829.5,320.0,3392.55,33.59,True,Active,shazia,None,Normal,5: Lying down (controlled)
1789494394.0684142,32208,Person E,1880.2,2828.4,320.0,3396.43,33.69,True,Active,shazia,None,Normal,5: Lying down (controlled)
1789494394.1842997,32209,Person E,1881.1,2827.2,160.0,3397.27,33.8,True,Active,shazia,None,Normal,5: Lying down (controlled)
1789494394.3510582,32210,Person E,1882.5,2825.8,160.0,3396.73,33.91,True,Active,shazia,None,Normal,5: Lying down (controlled)
1789494394.4510167,32211,Person E,1883.7,2824.7,-80.0,3396.19,33.96,True,Active,shazia,None,Normal,5: Lying down (controlled)
1789494394.551122,32212,Person E,1884.9,2824.3,240.0,3400.35,33.97,True,Active,shazia,None,Normal,5: Lying down (controlled)
1789494394.6334,32213,Person E,1886.9,2823.6,640.0,3400.08,33.99,True,Active,shazia,None,Normal,5: Lying down (controlled)
1789494394.7178273,32214,Person E,1889.2,2822.8,-80.0,3400.07,33.93,True,Active,shazia,None,Normal,5: Lying down (controlled)
1789494394.7858741,32215,Person E,1890.6,2822.1,-80.0,3396.71,33.79,True,Active,shazia,None,Normal,5: Lying down (controlled)
1789494394.8753471,32216,Person E,1890.4,2822.4,-80.0,3393.67,33.5,True,Active,shazia,None,Normal,5: Lying down (controlled)
1789494394.9378428,32217,Person E,1885.5,2824.6,160.0,3384.18,32.69,True,Active,shazia,None,Normal,5: Lying down (controlled)
1789494395.031606,32218,Person E,1877.5,2828.7,-80.0,3387.34,32.18,True,Active,shazia,None,Normal,5: Lying down (controlled)
1789494395.1097267,32219,Person E,1869.5,2834.2,320.0,3399.85,32.17,True,Active,shazia,None,Normal,5: Lying down (controlled)
1789494395.187829,32220,Person E,1862.5,2839.4,640.0,3401.95,32.44,True,Active,shazia,None,Normal,5: Lying down (controlled)
1789494395.265965,32221,Person E,1855.9,2844.1,160.0,3399.27,32.59,True,Active,shazia,None,Normal,5: Lying down (controlled)
1789494395.3440647,32222,Person E,1849.3,2847.9,-80.0,3395.84,32.69,True,Active,shazia,None,Normal,5: Lying down (controlled)
1789494395.4222045,32223,Person E,1843.6,2851.2,320.0,3396.21,32.89,True,Active,shazia,None,Normal,5: Lying down (controlled)
1789494395.5003076,32224,Person E,1839.0,2853.9,160.0,3397.21,33.04,True,Active,shazia,None,Normal,5: Lying down (controlled)
1789494395.5784237,32225,Person E,1835.7,2855.9,160.0,3395.2,33.14,True,Active,shazia,None,Normal,5: Lying down (controlled)
1789494395.6565433,32226,Person E,1834.3,2857.2,320.0,3396.84,33.18,True,Active,shazia,None,Normal,5: Lying down (controlled)
1789494395.7502904,32227,Person E,1838.0,2856.6,320.0,3399.29,33.27,True,Active,shazia,None,Normal,5: Lying down (controlled)
1789494395.8284268,32228,Person E,1844.8,2853.8,160.0,3400.63,33.4,True,Active,shazia,None,Normal,5: Lying down (controlled)
1789494395.9065294,32229,Person E,1851.5,2849.5,160.0,3400.05,33.51,True,Active,shazia,None,Normal,5: Lying down (controlled)
1789494395.9690425,32230,Person E,1856.7,2845.8,-80.0,3399.22,33.52,True,Active,shazia,None,Normal,5: Lying down (controlled)
1789494396.047145,32231,Person E,1861.4,2843.0,240.0,3401.44,33.51,True,Active,shazia,None,Normal,5: Lying down (controlled)
1789494396.1252613,32232,Person E,1865.8,2840.7,640.0,3400.6,33.52,True,Active,shazia,None,Normal,5: Lying down (controlled)
1789494396.2034018,32233,Person E,1868.6,2839.1,-80.0,3398.13,33.43,True,Active,shazia,None,Normal,5: Lying down (controlled)
1789494396.2971444,32234,Person E,1870.3,2838.1,320.0,3398.15,33.37,True,Active,shazia,None,Normal,5: Lying down (controlled)
1789494396.35964,32235,Person E,1871.9,2837.4,160.0,3398.13,33.43,True,Active,shazia,None,Normal,5: Lying down (controlled)
1789494396.453364,32236,Person E,1873.4,2836.5,-80.0,3397.56,33.47,True,Active,shazia,None,Normal,5: Lying down (controlled)
1789494396.5314834,32237,Person E,1874.4,2835.4,-80.0,3395.61,33.52,True,Active,shazia,None,Normal,5: Lying down (controlled)
1789494396.5939794,32238,Person E,1874.3,2834.3,0.0,3390.9,33.49,True,Active,shazia,None,Normal,5: Lying down (controlled)
1789494396.6721008,32239,Person E,1873.6,2833.1,640.0,3386.18,33.52,True,Active,shazia,None,Normal,5: Lying down (controlled)
1789494396.750222,32240,Person E,1872.6,2832.0,-80.0,3384.53,33.48,True,Active,shazia,None,Normal,5: Lying down (controlled)
1789494396.85195,32241,Person E,1870.7,2831.5,-80.0,3386.8,33.29,True,Active,shazia,None,Normal,5: Lying down (controlled)
1789494396.955486,32242,Person E,1868.0,2832.1,240.0,3390.79,33.09,True,Active,shazia,None,Normal,5: Lying down (controlled)
1789494397.01798,32243,Person E,1865.0,2833.9,-80.0,3396.8,32.84,True,Active,shazia,None,Normal,5: Lying down (controlled)
1789494397.096101,32244,Person E,1859.8,2839.4,160.0,3416.28,32.13,True,Active,shazia,None,Normal,5: Lying down (controlled)
1789494397.1742198,32245,Person E,1850.8,2848.5,-80.0,3426.78,31.33,True,Active,shazia,None,Normal,5: Lying down (controlled)
1789494397.267946,32246,Person E,1838.5,2860.9,320.0,3437.41,30.62,True,Active,shazia,None,Normal,5: Lying down (controlled)
1789494397.3617065,32247,Person E,1824.2,2875.3,-80.0,3442.45,30.21,True,Active,shazia,None,Normal,5: Lying down (controlled)
1789494397.4398263,32248,Person E,1809.9,2889.5,-80.0,3436.11,30.19,True,Active,shazia,None,Normal,5: Lying down (controlled)
1789494397.5023217,32249,Person E,1795.3,2904.0,-80.0,3432.38,30.15,True,Active,shazia,None,Normal,5: Lying down (controlled)
1789494397.5804417,32250,Person E,1781.0,2918.3,240.0,3430.65,30.17,True,Active,shazia,None,Normal,5: Lying down (controlled)
1789494397.6898084,32251,Person E,1767.7,2930.9,80.0,3423.88,30.27,True,Active,shazia,None,Normal,5: Lying down (controlled)
1789494397.7835362,32252,Person E,1755.7,2941.8,320.0,3420.36,30.4,True,Active,shazia,None,Normal,5: Lying down (controlled)
1789494397.861673,32253,Person E,1745.5,2951.0,320.0,3421.48,30.57,True,Active,shazia,None,Normal,5: Lying down (controlled)
1789494397.9241674,32254,Person E,1738.6,2956.2,-80.0,3424.69,30.69,True,Active,shazia,None,Normal,5: Lying down (controlled)
1789494398.002288,32255,Person E,1736.1,2957.6,160.0,3425.86,30.85,True,Active,shazia,None,Normal,5: Lying down (controlled)
1789494398.0803936,32256,Person E,1737.4,2955.7,-80.0,3427.74,30.97,True,Active,shazia,None,Normal,5: Lying down (controlled)
1789494398.1741354,32257,Person E,1741.5,2952.1,320.0,3432.38,31.1,True,Active,shazia,None,Normal,5: Lying down (controlled)
1789494398.2522702,32258,Person E,1746.7,2948.5,640.0,3431.73,31.24,True,Active,shazia,None,Normal,5: Lying down (controlled)
1789494398.33039,32259,Person E,1752.8,2944.2,160.0,3426.64,31.39,True,Active,shazia,None,Normal,5: Lying down (controlled)
1789494398.4084935,32260,Person E,1759.0,2939.4,-80.0,3421.19,31.47,True,Active,shazia,None,Normal,5: Lying down (controlled)
1789494398.4866126,32261,Person E,1765.3,2934.7,320.0,3415.94,31.58,True,Active,shazia,None,Normal,5: Lying down (controlled)
1789494398.5803726,32262,Person E,1771.9,2930.2,160.0,3415.88,31.74,True,Active,shazia,None,Normal,5: Lying down (controlled)
1789494398.6584926,32263,Person E,1778.1,2926.0,-80.0,3417.66,31.82,True,Active,shazia,None,Normal,5: Lying down (controlled)
1789494398.7366116,32264,Person E,1783.3,2922.2,-80.0,3419.16,31.77,True,Active,shazia,None,Normal,5: Lying down (controlled)
1789494398.799091,32265,Person E,1787.4,2919.1,320.0,3420.66,31.71,True,Active,shazia,None,Normal,5: Lying down (controlled)
1789494398.9084587,32266,Person E,1790.0,2917.1,-80.0,3424.13,31.52,True,Active,shazia,None,Normal,5: Lying down (controlled)
1789494398.9709513,32267,Person E,1791.0,2915.9,160.0,3427.3,31.35,True,Active,shazia,None,Normal,5: Lying down (controlled)
1789494399.0490706,32268,Person E,1791.8,2915.3,-80.0,3430.76,31.41,True,Active,shazia,None,Normal,5: Lying down (controlled)
1789494399.1271937,32269,Person E,1792.9,2915.6,240.0,3434.94,31.52,True,Active,shazia,None,Normal,5: Lying down (controlled)
1789494399.2053304,32270,Person E,1795.1,2916.2,320.0,3437.82,31.73,True,Active,shazia,None,Normal,5: Lying down (controlled)
1789494399.2834327,32271,Person E,1797.9,2917.2,-160.0,3439.17,31.89,True,Active,shazia,None,Normal,5: Lying down (controlled)
1789494399.3615482,32272,Person E,1799.7,2918.3,-80.0,3434.72,31.9,True,Active,shazia,None,Normal,5: Lying down (controlled)
1789494399.4552956,32273,Person E,1800.2,2919.6,-80.0,3431.35,31.78,True,Active,shazia,None,Normal,5: Lying down (controlled)
1789494399.533416,32274,Person E,1800.2,2920.6,160.0,3427.67,31.68,True,Active,shazia,None,Normal,5: Lying down (controlled)
1789494399.5959115,32275,Person E,1800.1,2920.7,80.0,3420.98,31.69,True,Active,shazia,None,Normal,5: Lying down (controlled)
1789494399.736525,32276,Person E,1800.8,2919.5,320.0,3417.58,31.72,True,Active,shazia,None,Normal,5: Lying down (controlled)
1789494399.8302674,32277,Person E,1803.0,2917.0,320.0,3417.55,31.88,True,Active,shazia,None,Normal,5: Lying down (controlled)
1789494399.8927627,32278,Person E,1805.5,2913.7,160.0,3415.84,32.06,True,Active,shazia,None,Normal,5: Lying down (controlled)
1789494399.9865258,32279,Person E,1807.8,2909.9,-160.0,3414.8,32.19,True,Active,shazia,None,Normal,5: Lying down (controlled)
1789494400.0490227,32280,Person E,1808.8,2906.0,-80.0,3410.04,32.22,True,Active,shazia,None,Normal,5: Lying down (controlled)
1789494400.1271217,32281,Person E,1809.2,2902.3,240.0,3409.95,32.28,True,Active,shazia,None,Normal,5: Lying down (controlled)
1789494400.2208652,32282,Person E,1810.1,2898.5,640.0,3407.32,32.37,True,Active,shazia,None,Normal,5: Lying down (controlled)
1789494400.2990043,32283,Person E,1812.2,2894.4,320.0,3407.78,32.44,True,Active,shazia,None,Normal,5: Lying down (controlled)
1789494400.3771074,32284,Person E,1815.1,2890.2,-80.0,3407.47,32.46,True,Active,shazia,None,Normal,5: Lying down (controlled)
1789494400.455227,32285,Person E,1818.6,2886.6,240.0,3409.08,32.51,True,Active,shazia,None,Normal,5: Lying down (controlled)
1789494400.5489678,32286,Person E,1822.6,2883.0,160.0,3408.4,32.61,True,Active,shazia,None,Normal,5: Lying down (controlled)
1789494400.6583352,32287,Person E,1826.1,2879.8,-80.0,3409.18,32.66,True,Active,shazia,None,Normal,5: Lying down (controlled)
1789494400.7208502,32288,Person E,1829.4,2877.4,320.0,3413.26,32.74,True,Active,shazia,None,Normal,5: Lying down (controlled)
1789494400.7989705,32289,Person E,1832.6,2875.4,640.0,3415.13,32.82,True,Active,shazia,None,Normal,5: Lying down (controlled)
1789494400.8926952,32290,Person E,1836.1,2873.5,160.0,3412.85,32.88,True,Active,shazia,None,Normal,5: Lying down (controlled)
1789494400.9708164,32291,Person E,1839.2,2871.5,-160.0,3409.79,32.9,True,Active,shazia,None,Normal,5: Lying down (controlled)
1789494401.0645604,32292,Person E,1841.6,2870.0,-80.0,3407.62,32.84,True,Active,shazia,None,Normal,5: Lying down (controlled)
1789494401.1426797,32293,Person E,1843.4,2868.6,160.0,3405.7,32.82,True,Active,shazia,None,Normal,5: Lying down (controlled)
1789494401.220816,32294,Person E,1844.8,2867.0,160.0,3401.55,32.81,True,Active,shazia,None,Normal,5: Lying down (controlled)
1789494401.298936,32295,Person E,1845.9,2865.3,320.0,3400.71,32.82,True,Active,shazia,None,Normal,5: Lying down (controlled)
1789494401.3926625,32296,Person E,1846.9,2864.1,320.0,3403.72,32.86,True,Active,shazia,None,Normal,5: Lying down (controlled)
1789494401.4864063,32297,Person E,1847.8,2863.2,-80.0,3406.48,32.87,True,Active,shazia,None,Normal,5: Lying down (controlled)
1789494401.5645428,32298,Person E,1848.6,2862.1,160.0,3408.36,32.95,True,Active,shazia,None,Normal,5: Lying down (controlled)
1789494401.6426623,32299,Person E,1849.2,2861.0,-80.0,3409.15,33.0,True,Active,shazia,None,Normal,5: Lying down (controlled)
1789494401.7364068,32300,Person E,1849.5,2860.5,-80.0,3410.29,32.97,True,Active,shazia,None,Normal,5: Lying down (controlled)
1789494401.8145046,32301,Person E,1849.9,2860.1,640.0,3408.61,32.99,True,Active,shazia,None,Normal,5: Lying down (controlled)
1789494401.8926256,32302,Person E,1850.9,2859.5,320.0,3408.02,33.04,True,Active,shazia,None,Normal,5: Lying down (controlled)
1789494401.9863884,32303,Person E,1852.0,2858.8,-80.0,3405.8,33.04,True,Active,shazia,None,Normal,5: Lying down (controlled)
1789494402.0645087,32304,Person E,1853.0,2858.9,-80.0,3407.82,32.94,True,Active,shazia,None,Normal,5: Lying down (controlled)
1789494402.158238,32305,Person E,1853.8,2859.4,160.0,3409.25,32.88,True,Active,shazia,None,Normal,5: Lying down (controlled)
1789494402.2675993,32306,Person E,1854.8,2859.4,320.0,3409.15,33.0,True,Active,shazia,None,Normal,5: Lying down (controlled)
1789494402.3457184,32307,Person E,1856.3,2859.0,320.0,3411.3,33.12,True,Active,shazia,None,Normal,5: Lying down (controlled)
1789494402.4238415,32308,Person E,1858.2,2858.4,320.0,3413.71,33.28,True,Active,shazia,None,Normal,5: Lying down (controlled)
1789494402.501962,32309,Person E,1860.3,2857.3,160.0,3411.45,33.4,True,Active,shazia,None,Normal,5: Lying down (controlled)
1789494402.595702,32310,Person E,1862.5,2855.6,-160.0,3408.11,33.44,True,Active,shazia,None,Normal,5: Lying down (controlled)
1789494402.6894457,32311,Person E,1864.3,2854.1,-80.0,3405.91,33.38,True,Active,shazia,None,Normal,5: Lying down (controlled)
1789494402.81444,32312,Person E,1865.7,2852.9,160.0,3405.64,33.34,True,Active,shazia,None,Normal,5: Lying down (controlled)
1789494402.8769357,32313,Person E,1867.3,2851.7,640.0,3404.52,33.38,True,Active,shazia,None,Normal,5: Lying down (controlled)
1789494402.9550714,32314,Person E,1869.5,2850.1,320.0,3406.46,33.4,True,Active,shazia,None,Normal,5: Lying down (controlled)
1789494403.0488167,32315,Person E,1872.3,2848.4,320.0,3410.33,33.43,True,Active,shazia,None,Normal,5: Lying down (controlled)
1789494403.1425443,32316,Person E,1875.0,2846.9,160.0,3411.42,33.52,True,Active,shazia,None,Normal,5: Lying down (controlled)
1789494403.236303,32317,Person E,1877.4,2845.2,160.0,3410.3,33.62,True,Active,shazia,None,Normal,5: Lying down (controlled)
1789494403.3144066,32318,Person E,1879.2,2843.5,-80.0,3409.46,33.69,True,Active,shazia,None,Normal,5: Lying down (controlled)
1789494403.4237795,32319,Person E,1879.8,2843.0,-80.0,3410.59,33.53,True,Active,shazia,None,Normal,5: Lying down (controlled)
1789494403.5175142,32320,Person E,1879.5,2843.6,640.0,3411.47,33.34,True,Active,shazia,None,Normal,5: Lying down (controlled)
1789494403.611263,32321,Person E,1879.6,2844.3,320.0,3412.31,33.33,True,Active,shazia,None,Normal,5: Lying down (controlled)
1789494403.7050014,32322,Person E,1879.6,2845.1,-80.0,3412.33,33.27,True,Active,shazia,None,Normal,5: Lying down (controlled)
1789494403.7831407,32323,Person E,1878.7,2847.0,-80.0,3415.49,33.08,True,Active,shazia,None,Normal,5: Lying down (controlled)
1789494403.8612597,32324,Person E,1877.0,2849.6,160.0,3418.93,32.92,True,Active,shazia,None,Normal,5: Lying down (controlled)
1789494403.939379,32325,Person E,1872.6,2855.6,-80.0,3436.87,32.27,True,Active,shazia,None,Normal,5: Lying down (controlled)
1789494404.0487306,32326,Person E,1866.1,2864.9,320.0,3454.67,31.77,True,Active,shazia,None,Normal,5: Lying down (controlled)
1789494404.1268516,32327,Person E,1860.9,2874.6,320.0,3463.65,32.01,True,Active,shazia,None,Normal,5: Lying down (controlled)
1789494404.2049663,32328,Person E,1856.0,2884.5,-80.0,3465.99,32.1,True,Active,shazia,None,Normal,5: Lying down (controlled)
1789494404.3768315,32329,Person E,1851.6,2893.7,-80.0,3464.08,32.08,True,Active,shazia,None,Normal,5: Lying down (controlled)
1789494404.4549503,32330,Person E,1848.2,2901.8,320.0,3461.22,32.13,True,Active,shazia,None,Normal,5: Lying down (controlled)
1789494404.5643184,32331,Person E,1845.2,2909.6,240.0,3461.66,32.21,True,Active,shazia,None,Normal,5: Lying down (controlled)
1789494404.6580637,32332,Person E,1842.9,2916.6,640.0,3458.72,32.32,True,Active,shazia,None,Normal,5: Lying down (controlled)
1789494404.7361834,32333,Person E,1841.7,2922.3,-80.0,3456.94,32.39,True,Active,shazia,None,Normal,5: Lying down (controlled)
1789494404.7986786,32334,Person E,1841.4,2927.0,320.0,3456.86,32.45,True,Active,shazia,None,Normal,5: Lying down (controlled)
1789494404.8924394,32335,Person E,1844.1,2927.6,240.0,3456.41,32.6,True,Active,shazia,None,Normal,5: Lying down (controlled)
1789494404.9705381,32336,Person E,1849.0,2924.5,160.0,3454.6,32.73,True,Active,shazia,None,Normal,5: Lying down (controlled)
1789494405.0642827,32337,Person E,1852.4,2921.2,-80.0,3454.0,32.78,True,Active,shazia,None,Normal,5: Lying down (controlled)
1789494405.1424215,32338,Person E,1855.7,2917.9,320.0,3455.87,32.86,True,Active,shazia,None,Normal,5: Lying down (controlled)
1789494405.2205248,32339,Person E,1859.8,2914.3,320.0,3455.77,32.98,True,Active,shazia,None,Normal,5: Lying down (controlled)
1789494405.2986417,32340,Person E,1864.2,2910.5,160.0,3452.92,33.09,True,Active,shazia,None,Normal,5: Lying down (controlled)
1789494405.4080102,32341,Person E,1868.1,2906.6,-80.0,3449.86,33.1,True,Active,shazia,None,Normal,5: Lying down (controlled)
1789494405.5017717,32342,Person E,1870.7,2903.4,0.0,3445.8,32.97,True,Active,shazia,None,Normal,5: Lying down (controlled)
1789494405.5954998,32343,Person E,1872.3,2900.4,640.0,3440.31,32.89,True,Active,shazia,None,Normal,5: Lying down (controlled)
1789494405.6580129,32344,Person E,1872.9,2898.1,-80.0,3440.72,32.74,True,Active,shazia,None,Normal,5: Lying down (controlled)
1789494405.7517545,32345,Person E,1872.6,2896.7,320.0,3443.01,32.68,True,Active,shazia,None,Normal,5: Lying down (controlled)
1789494405.829854,32346,Person E,1872.1,2895.9,320.0,3445.17,32.74,True,Active,shazia,None,Normal,5: Lying down (controlled)
1789494405.9392223,32347,Person E,1871.7,2895.1,160.0,3445.11,32.8,True,Active,shazia,None,Normal,5: Lying down (controlled)
1789494406.0017214,32348,Person E,1871.1,2894.0,160.0,3443.37,32.87,True,Active,shazia,None,Normal,5: Lying down (controlled)
1789494406.0954647,32349,Person E,1869.9,2892.9,-80.0,3440.02,32.91,True,Active,shazia,None,Normal,5: Lying down (controlled)
1789494406.1579611,32350,Person E,1867.5,2892.8,-80.0,3439.04,32.76,True,Active,shazia,None,Normal,5: Lying down (controlled)
1789494406.2673438,32351,Person E,1864.0,2893.7,-80.0,3438.46,32.53,True,Active,shazia,None,Normal,5: Lying down (controlled)
1789494406.3766942,32352,Person E,1860.2,2895.2,320.0,3437.94,32.3,True,Active,shazia,None,Normal,5: Lying down (controlled)
1789494406.454832,32353,Person E,1854.8,2897.6,-80.0,3431.64,31.91,True,Active,shazia,None,Normal,5: Lying down (controlled)
1789494406.5329514,32354,Person E,1849.8,2899.9,-80.0,3433.45,31.83,True,Active,shazia,None,Normal,5: Lying down (controlled)
1789494406.6110704,32355,Person E,1845.1,2901.8,160.0,3433.98,31.85,True,Active,shazia,None,Normal,5: Lying down (controlled)
1789494406.72044,32356,Person E,1840.1,2903.9,-80.0,3436.21,31.84,True,Active,shazia,None,Normal,5: Lying down (controlled)
1789494406.8297865,32357,Person E,1835.4,2906.3,320.0,3440.23,31.92,True,Active,shazia,None,Normal,5: Lying down (controlled)
1789494406.9079263,32358,Person E,1831.3,2908.8,320.0,3442.45,32.07,True,Active,shazia,None,Normal,5: Lying down (controlled)
1789494406.9860258,32359,Person E,1828.1,2910.9,160.0,3440.47,32.27,True,Active,shazia,None,Normal,5: Lying down (controlled)
1789494407.0641646,32360,Person E,1826.2,2911.9,-160.0,3437.23,32.4,True,Active,shazia,None,Normal,5: Lying down (controlled)
1789494407.1579077,32361,Person E,1825.6,2911.6,-80.0,3432.71,32.47,True,Active,shazia,None,Normal,5: Lying down (controlled)
1789494407.2672558,32362,Person E,1825.6,2911.1,-80.0,3433.71,32.34,True,Active,shazia,None,Normal,5: Lying down (controlled)
1789494407.329771,32363,Person E,1827.1,2910.4,80.0,3433.67,32.19,True,Active,shazia,None,Normal,5: Lying down (controlled)
1789494407.423515,32364,Person E,1828.3,2909.6,-80.0,3433.02,32.07,True,Active,shazia,None,Normal,5: Lying down (controlled)
1789494407.4859915,32365,Person E,1828.6,2908.8,-80.0,3428.78,31.96,True,Active,shazia,None,Normal,5: Lying down (controlled)
1789494407.5797343,32366,Person E,1827.8,2908.3,-80.0,3427.74,31.78,True,Active,shazia,None,Normal,5: Lying down (controlled)
1789494407.6891031,32367,Person E,1824.0,2908.7,160.0,3423.7,31.35,True,Active,shazia,None,Normal,5: Lying down (controlled)
1789494407.751598,32368,Person E,1818.3,2910.7,-80.0,3429.64,31.09,True,Active,shazia,None,Normal,5: Lying down (controlled)
1789494407.8609881,32369,Person E,1811.3,2914.0,-80.0,3431.86,30.99,True,Active,shazia,None,Normal,5: Lying down (controlled)
1789494407.9390852,32370,Person E,1803.6,2918.2,640.0,3432.54,30.94,True,Active,shazia,None,Normal,5: Lying down (controlled)
1789494408.0484712,32371,Person E,1796.2,2922.4,160.0,3429.46,31.05,True,Active,shazia,None,Normal,5: Lying down (controlled)
1789494408.1265934,32372,Person E,1789.8,2925.6,80.0,3427.25,31.15,True,Active,shazia,None,Normal,5: Lying down (controlled)
1789494408.2046957,32373,Person E,1785.4,2927.5,320.0,3426.64,31.39,True,Active,shazia,None,Normal,5: Lying down (controlled)
1789494408.2984548,32374,Person E,1782.8,2928.4,160.0,3426.94,31.63,True,Active,shazia,None,Normal,5: Lying down (controlled)
1789494408.3765578,32375,Person E,1781.8,2928.5,320.0,3424.34,31.81,True,Active,shazia,None,Normal,5: Lying down (controlled)
1789494408.4703014,32376,Person E,1782.6,2927.7,320.0,3425.17,31.96,True,Active,shazia,None,Normal,5: Lying down (controlled)
1789494408.564042,32377,Person E,1786.1,2925.6,0.0,3424.22,32.03,True,Active,shazia,None,Normal,5: Lying down (controlled)
1789494408.6577885,32378,Person E,1791.1,2921.6,160.0,3421.79,32.15,True,Active,shazia,None,Normal,5: Lying down (controlled)
1789494408.735908,32379,Person E,1796.9,2916.6,160.0,3419.69,32.25,True,Active,shazia,None,Normal,5: Lying down (controlled)
1789494408.829655,32380,Person E,1803.7,2910.8,320.0,3418.9,32.42,True,Active,shazia,None,Normal,5: Lying down (controlled)
1789494408.907768,32381,Person E,1810.8,2905.3,240.0,3420.13,32.55,True,Active,shazia,None,Normal,5: Lying down (controlled)
1789494409.0171556,32382,Person E,1817.9,2899.8,640.0,3418.07,32.65,True,Active,shazia,None,Normal,5: Lying down (controlled)
1789494409.0796313,32383,Person E,1823.8,2894.9,-80.0,3416.39,32.67,True,Active,shazia,None,Normal,5: Lying down (controlled)
1789494409.1733947,32384,Person E,1828.0,2890.9,-80.0,3415.38,32.58,True,Active,shazia,None,Normal,5: Lying down (controlled)
1789494409.2671216,32385,Person E,1830.8,2888.0,240.0,3414.68,32.47,True,Active,shazia,None,Normal,5: Lying down (controlled)
1789494409.376489,32386,Person E,1832.7,2885.5,160.0,3414.14,32.45,True,Active,shazia,None,Normal,5: Lying down (controlled)
1789494409.454609,32387,Person E,1834.8,2882.6,320.0,3410.93,32.59,True,Active,shazia,None,Normal,5: Lying down (controlled)
1789494409.5483687,32388,Person E,1837.1,2879.9,320.0,3411.34,32.72,True,Active,shazia,None,Normal,5: Lying down (controlled)
1789494409.6264718,32389,Person E,1839.9,2877.4,320.0,3413.69,32.88,True,Active,shazia,None,Normal,5: Lying down (controlled)
1789494409.720232,32390,Person E,1842.6,2875.0,160.0,3413.3,33.02,True,Active,shazia,None,Normal,5: Lying down (controlled)
1789494409.8296,32391,Person E,1844.8,2872.5,-160.0,3411.04,33.08,True,Active,shazia,None,Normal,5: Lying down (controlled)
1789494409.9077027,32392,Person E,1847.2,2870.0,320.0,3410.14,33.21,True,Active,shazia,None,Normal,5: Lying down (controlled)
1789494409.9858224,32393,Person E,1849.9,2867.6,240.0,3410.94,33.27,True,Active,shazia,None,Normal,5: Lying down (controlled)
1789494410.0639422,32394,Person E,1852.9,2864.9,80.0,3409.01,33.25,True,Active,shazia,None,Normal,5: Lying down (controlled)
1789494410.1576884,32395,Person E,1856.3,2861.8,-80.0,3407.08,33.23,True,Active,shazia,None,Normal,5: Lying down (controlled)
1789494410.2514286,32396,Person E,1859.7,2858.4,-80.0,3404.02,33.24,True,Active,shazia,None,Normal,5: Lying down (controlled)
1789494410.3451889,32397,Person E,1862.4,2855.8,-80.0,3403.76,33.2,True,Active,shazia,None,Normal,5: Lying down (controlled)
1789494410.4233088,32398,Person E,1864.4,2853.6,160.0,3403.76,33.2,True,Active,shazia,None,Normal,5: Lying down (controlled)
1789494410.5170364,32399,Person E,1866.0,2851.2,320.0,3402.32,33.32,True,Active,shazia,None,Normal,5: Lying down (controlled)
1789494410.6264007,32400,Person E,1867.5,2849.0,320.0,3403.12,33.43,True,Active,shazia,None,Normal,5: Lying down (controlled)
1789494410.751395,32401,Person E,1868.9,2847.4,160.0,3405.34,33.43,True,Active,shazia,None,Normal,5: Lying down (controlled)
1789494410.829514,32402,Person E,1869.6,2846.2,160.0,3403.95,33.42,True,Active,shazia,None,Normal,5: Lying down (controlled)
1789494410.9076512,32403,Person E,1869.5,2845.3,-80.0,3402.87,33.34,True,Active,shazia,None,Normal,5: Lying down (controlled)
1789494410.9857535,32404,Person E,1869.3,2844.6,320.0,3402.06,33.28,True,Active,shazia,None,Normal,5: Lying down (controlled)
1789494411.0794978,32405,Person E,1869.7,2843.9,160.0,3403.42,33.35,True,Active,shazia,None,Normal,5: Lying down (controlled)
1789494411.1576161,32406,Person E,1870.6,2843.6,-80.0,3406.46,33.4,True,Active,shazia,None,Normal,5: Lying down (controlled)
1789494411.267001,32407,Person E,1871.4,2843.6,-80.0,3408.15,33.32,True,Active,shazia,None,Normal,5: Lying down (controlled)
1789494411.34512,32408,Person E,1871.8,2843.9,-80.0,3408.46,33.23,True,Active,shazia,None,Normal,5: Lying down (controlled)
1789494411.4232407,32409,Person E,1871.1,2845.4,-80.0,3411.04,33.08,True,Active,shazia,None,Normal,5: Lying down (controlled)
1789494411.501362,32410,Person E,1869.2,2847.8,160.0,3412.8,32.95,True,Active,shazia,None,Normal,5: Lying down (controlled)
1789494411.6107063,32411,Person E,1866.7,2850.0,80.0,3410.09,32.87,True,Active,shazia,None,Normal,5: Lying down (controlled)
1789494411.6888263,32412,Person E,1864.0,2852.3,-80.0,3408.46,32.83,True,Active,shazia,None,Normal,5: Lying down (controlled)
1789494411.782575,32413,Person E,1861.9,2853.9,640.0,3404.8,32.89,True,Active,shazia,None,Normal,5: Lying down (controlled)
1789494411.86071,32414,Person E,1860.1,2854.9,-80.0,3400.61,32.94,True,Active,shazia,None,Normal,5: Lying down (controlled)
1789494411.9388297,32415,Person E,1857.4,2855.9,-80.0,3397.05,32.88,True,Active,shazia,None,Normal,5: Lying down (controlled)
1789494412.0638049,32416,Person E,1853.9,2857.1,-80.0,3397.4,32.79,True,Active,shazia,None,Normal,5: Lying down (controlled)
1789494412.1575449,32417,Person E,1850.0,2858.7,-80.0,3400.35,32.62,True,Active,shazia,None,Normal,5: Lying down (controlled)
1789494412.2356682,32418,Person E,1845.8,2860.8,80.0,3403.33,32.45,True,Active,shazia,None,Normal,5: Lying down (controlled)
1789494412.3137877,32419,Person E,1841.8,2863.0,320.0,3407.94,32.32,True,Active,shazia,None,Normal,5: Lying down (controlled)
1789494412.3919237,32420,Person E,1838.8,2864.8,320.0,3411.77,32.36,True,Active,shazia,None,Normal,5: Lying down (controlled)
1789494412.4856524,32421,Person E,1836.7,2866.7,-80.0,3414.76,32.41,True,Active,shazia,None,Normal,5: Lying down (controlled)
1789494412.6106594,32422,Person E,1835.4,2868.2,160.0,3414.07,32.51,True,Active,shazia,None,Normal,5: Lying down (controlled)
1789494412.688779,32423,Person E,1835.0,2869.6,320.0,3414.4,32.71,True,Active,shazia,None,Normal,5: Lying down (controlled)
1789494412.7512736,32424,Person E,1835.5,2871.0,-80.0,3415.08,32.88,True,Active,shazia,None,Normal,5: Lying down (controlled)
1789494412.8450167,32425,Person E,1837.1,2871.6,640.0,3410.79,33.05,True,Active,shazia,None,Normal,5: Lying down (controlled)
1789494412.9700086,32426,Person E,1839.3,2871.4,320.0,3407.69,33.12,True,Active,shazia,None,Normal,5: Lying down (controlled)
1789494413.0637522,32427,Person E,1842.1,2870.2,-80.0,3405.47,33.13,True,Active,shazia,None,Normal,5: Lying down (controlled)
1789494413.141872,32428,Person E,1845.6,2868.0,240.0,3403.8,33.14,True,Active,shazia,None,Normal,5: Lying down (controlled)
1789494413.2043679,32429,Person E,1849.7,2864.9,160.0,3404.05,33.18,True,Active,shazia,None,Normal,5: Lying down (controlled)
1789494413.2980943,32430,Person E,1853.1,2861.7,80.0,3403.25,33.13,True,Active,shazia,None,Normal,5: Lying down (controlled)
1789494413.3762138,32431,Person E,1856.1,2858.6,320.0,3404.92,33.11,True,Active,shazia,None,Normal,5: Lying down (controlled)
1789494413.4855785,32432,Person E,1859.1,2856.0,320.0,3408.49,33.17,True,Active,shazia,None,Normal,5: Lying down (controlled)
1789494413.563718,32433,Person E,1861.6,2853.8,160.0,3409.56,33.26,True,Active,shazia,None,Normal,5: Lying down (controlled)
1789494413.6418378,32434,Person E,1863.5,2851.8,160.0,3408.7,33.33,True,Active,shazia,None,Normal,5: Lying down (controlled)
1789494413.7199566,32435,Person E,1865.6,2850.3,320.0,3409.76,33.48,True,Active,shazia,None,Normal,5: Lying down (controlled)
1789494413.829306,32436,Person E,1868.3,2849.0,-80.0,3411.69,33.62,True,Active,shazia,None,Normal,5: Lying down (controlled)
1789494413.9074247,32437,Person E,1871.5,2847.4,640.0,3409.74,33.72,True,Active,shazia,None,Normal,5: Lying down (controlled)
1789494414.001168,32438,Person E,1874.8,2845.8,320.0,3408.63,33.76,True,Active,shazia,None,Normal,5: Lying down (controlled)
1789494414.0793073,32439,Person E,1877.4,2844.2,-80.0,3405.03,33.69,True,Active,shazia,None,Normal,5: Lying down (controlled)
1789494414.1730368,32440,Person E,1879.8,2842.9,-80.0,3405.59,33.59,True,Active,shazia,None,Normal,5: Lying down (controlled)
1789494414.251154,32441,Person E,1881.9,2841.7,160.0,3406.43,33.52,True,Active,shazia,None,Normal,5: Lying down (controlled)
1789494414.3605213,32442,Person E,1883.4,2840.2,160.0,3404.21,33.52,True,Active,shazia,None,Normal,5: Lying down (controlled)
1789494414.438642,32443,Person E,1884.4,2838.9,320.0,3404.21,33.52,True,Active,shazia,None,Normal,5: Lying down (controlled)
1789494414.5792582,32444,Person E,1885.7,2837.7,320.0,3405.86,33.62,True,Active,shazia,None,Normal,5: Lying down (controlled)
1789494414.6886263,32445,Person E,1886.8,2836.8,-80.0,3408.36,33.72,True,Active,shazia,None,Normal,5: Lying down (controlled)
1789494414.7667432,32446,Person E,1886.6,2836.8,-80.0,3410.58,33.59,True,Active,shazia,None,Normal,5: Lying down (controlled)
1789494414.8604877,32447,Person E,1885.3,2837.9,-80.0,3411.72,33.44,True,Active,shazia,None,Normal,5: Lying down (controlled)
1789494414.9542305,32448,Person E,1882.9,2840.3,-80.0,3415.42,33.2,True,Active,shazia,None,Normal,5: Lying down (controlled)
1789494415.0323665,32449,Person E,1879.9,2843.8,80.0,3417.79,32.95,True,Active,shazia,None,Normal,5: Lying down (controlled)
1789494415.1104882,32450,Person E,1876.0,2848.4,320.0,3422.82,32.62,True,Active,shazia,None,Normal,5: Lying down (controlled)
1789494415.1885862,32451,Person E,1872.7,2852.4,-80.0,3421.92,32.69,True,Active,shazia,None,Normal,5: Lying down (controlled)
1789494415.2667067,32452,Person E,1869.8,2856.2,-80.0,3420.17,32.77,True,Active,shazia,None,Normal,5: Lying down (controlled)
1789494415.3448262,32453,Person E,1867.2,2859.6,160.0,3418.44,32.84,True,Active,shazia,None,Normal,5: Lying down (controlled)
1789494415.4229455,32454,Person E,1864.1,2862.6,160.0,3413.94,32.91,True,Active,shazia,None,Normal,5: Lying down (controlled)
1789494415.516709,32455,Person E,1860.6,2865.5,320.0,3413.35,32.96,True,Active,shazia,None,Normal,5: Lying down (controlled)
1789494415.626076,32456,Person E,1858.2,2867.6,320.0,3414.94,33.06,True,Active,shazia,None,Normal,5: Lying down (controlled)
1789494415.7354238,32457,Person E,1856.8,2868.6,160.0,3412.39,33.15,True,Active,shazia,None,Normal,5: Lying down (controlled)
1789494415.79792,32458,Person E,1856.4,2868.2,-80.0,3409.88,33.18,True,Active,shazia,None,Normal,5: Lying down (controlled)
1789494415.87606,32459,Person E,1856.6,2867.0,-80.0,3408.82,33.09,True,Active,shazia,None,Normal,5: Lying down (controlled)
1789494415.9698021,32460,Person E,1857.6,2864.5,640.0,3407.23,32.99,True,Active,shazia,None,Normal,5: Lying down (controlled)
1789494416.063546,32461,Person E,1858.3,2861.9,160.0,3403.87,33.02,True,Active,shazia,None,Normal,5: Lying down (controlled)
1789494416.1572745,32462,Person E,1858.8,2859.5,320.0,3402.74,33.05,True,Active,shazia,None,Normal,5: Lying down (controlled)
1789494416.2353938,32463,Person E,1859.5,2857.6,320.0,3406.31,33.12,True,Active,shazia,None,Normal,5: Lying down (controlled)
1789494416.313512,32464,Person E,1860.8,2856.0,160.0,3407.63,33.24,True,Active,shazia,None,Normal,5: Lying down (controlled)
1789494416.391649,32465,Person E,1862.5,2854.3,160.0,3408.41,33.35,True,Active,shazia,None,Normal,5: Lying down (controlled)
1789494416.5010152,32466,Person E,1863.9,2852.9,-80.0,3410.9,33.39,True,Active,shazia,None,Normal,5: Lying down (controlled)
1789494416.594759,32467,Person E,1865.2,2852.3,320.0,3414.5,33.39,True,Active,shazia,None,Normal,5: Lying down (controlled)
1789494416.6728797,32468,Person E,1866.8,2852.1,320.0,3416.99,33.42,True,Active,shazia,None,Normal,5: Lying down (controlled)
1789494416.750999,32469,Person E,1868.8,2851.9,-80.0,3418.11,33.39,True,Active,shazia,None,Normal,5: Lying down (controlled)
1789494416.829118,32470,Person E,1870.8,2851.7,-80.0,3416.48,33.29,True,Active,shazia,None,Normal,5: Lying down (controlled)
1789494416.9384868,32471,Person E,1872.0,2852.2,-80.0,3414.61,33.15,True,Active,shazia,None,Normal,5: Lying down (controlled)
1789494417.0322125,32472,Person E,1872.3,2853.0,640.0,3411.08,33.02,True,Active,shazia,None,Normal,5: Lying down (controlled)
1789494417.1103487,32473,Person E,1871.9,2853.3,160.0,3406.64,33.03,True,Active,shazia,None,Normal,5: Lying down (controlled)
1789494417.1884692,32474,Person E,1870.8,2853.8,320.0,3405.8,33.04,True,Active,shazia,None,Normal,5: Lying down (controlled)
1789494417.2822134,32475,Person E,1868.8,2854.9,-80.0,3406.68,32.97,True,Active,shazia,None,Normal,5: Lying down (controlled)
1789494417.3759365,32476,Person E,1866.0,2856.5,-80.0,3409.0,32.85,True,Active,shazia,None,Normal,5: Lying down (controlled)
1789494417.469679,32477,Person E,1862.7,2858.3,160.0,3411.58,32.76,True,Active,shazia,None,Normal,5: Lying down (controlled)
1789494417.547819,32478,Person E,1859.1,2859.8,160.0,3409.9,32.78,True,Active,shazia,None,Normal,5: Lying down (controlled)
1789494417.6415646,32479,Person E,1855.6,2860.9,-80.0,3408.22,32.79,True,Active,shazia,None,Normal,5: Lying down (controlled)
1789494417.719667,32480,Person E,1853.3,2861.3,320.0,3407.27,32.93,True,Active,shazia,None,Normal,5: Lying down (controlled)
1789494417.8134065,32481,Person E,1852.2,2861.1,-80.0,3406.93,33.01,True,Active,shazia,None,Normal,5: Lying down (controlled)
1789494417.9071534,32482,Person E,1851.9,2860.7,-80.0,3406.09,33.02,True,Active,shazia,None,Normal,5: Lying down (controlled)
1789494417.9852896,32483,Person E,1851.4,2860.9,-80.0,3405.59,32.94,True,Active,shazia,None,Normal,5: Lying down (controlled)
1789494418.1102803,32484,Person E,1850.9,2861.5,240.0,3408.11,32.92,True,Active,shazia,None,Normal,5: Lying down (controlled)
1789494418.1727567,32485,Person E,1850.6,2861.8,160.0,3407.57,32.9,True,Active,shazia,None,Normal,5: Lying down (controlled)
1789494418.2977486,32486,Person E,1850.9,2861.4,320.0,3407.27,32.93,True,Active,shazia,None,Normal,5: Lying down (controlled)
1789494418.375867,32487,Person E,1851.4,2860.6,-80.0,3407.57,32.9,True,Active,shazia,None,Normal,5: Lying down (controlled)
1789494418.4582913,32488,Person E,1851.5,2860.6,-80.0,3410.44,32.79,True,Active,shazia,None,Normal,5: Lying down (controlled)
1789494418.543079,32489,Person E,1851.4,2861.3,160.0,3413.56,32.72,True,Active,shazia,None,Normal,5: Lying down (controlled)
1789494418.6283026,32490,Person E,1850.6,2862.2,160.0,3410.5,32.73,True,Active,shazia,None,Normal,5: Lying down (controlled)
1789494418.6950908,32491,Person E,1849.6,2863.2,320.0,3409.9,32.78,True,Active,shazia,None,Normal,5: Lying down (controlled)
1789494418.8072395,32492,Person E,1849.4,2864.0,320.0,3411.72,32.92,True,Active,shazia,None,Normal,5: Lying down (controlled)
1789494418.8853617,32493,Person E,1850.5,2863.8,160.0,3409.91,33.12,True,Active,shazia,None,Normal,5: Lying down (controlled)
1789494418.994727,32494,Person E,1852.9,2862.3,160.0,3408.68,33.39,True,Active,shazia,None,Normal,5: Lying down (controlled)
1789494419.072846,32495,Person E,1856.8,2860.1,320.0,3410.57,33.65,True,Active,shazia,None,Normal,5: Lying down (controlled)
1789494419.1509683,32496,Person E,1864.5,2856.4,-80.0,3419.12,34.35,True,Active,shazia,None,Normal,5: Lying down (controlled)
1789494419.2447085,32497,Person E,1874.6,2851.5,160.0,3423.11,34.77,True,Active,shazia,None,Normal,5: Lying down (controlled)
1789494419.3228488,32498,Person E,1884.9,2846.0,320.0,3421.96,34.74,True,Active,shazia,None,Normal,5: Lying down (controlled)
1789494419.4165921,32499,Person E,1894.6,2840.3,-80.0,3419.88,34.6,True,Active,shazia,None,Normal,5: Lying down (controlled)
1789494419.4946947,32500,Person E,1903.5,2835.3,240.0,3418.08,34.44,True,Active,shazia,None,Normal,5: Lying down (controlled)
1789494419.619684,32501,Person E,1911.9,2830.5,160.0,3416.38,34.4,True,Active,shazia,None,Normal,5: Lying down (controlled)
1789494419.7134473,32502,Person E,1919.2,2825.8,160.0,3413.04,34.37,True,Active,shazia,None,Normal,5: Lying down (controlled)
1789494419.7915657,32503,Person E,1925.5,2821.9,320.0,3412.47,34.36,True,Active,shazia,None,Normal,5: Lying down (controlled)
1789494419.8696852,32504,Person E,1930.9,2819.1,320.0,3415.56,34.41,True,Active,shazia,None,Normal,5: Lying down (controlled)
1789494419.9478054,32505,Person E,1935.5,2816.6,160.0,3415.65,34.53,True,Active,shazia,None,Normal,5: Lying down (controlled)
1789494420.057156,32506,Person E,1936.5,2815.3,-80.0,3414.06,34.61,True,Active,shazia,None,Normal,5: Lying down (controlled)
1789494420.1352918,32507,Person E,1936.0,2814.7,320.0,3415.33,34.76,True,Active,shazia,None,Normal,5: Lying down (controlled)
1789494420.2133925,32508,Person E,1936.3,2814.1,240.0,3418.75,34.84,True,Active,shazia,None,Normal,5: Lying down (controlled)
1789494420.3071563,32509,Person E,1937.8,2812.8,640.0,3417.76,34.93,True,Active,shazia,None,Normal,5: Lying down (controlled)
1789494420.385275,32510,Person E,1940.1,2810.9,320.0,3415.54,34.94,True,Active,shazia,None,Normal,5: Lying down (controlled)
1789494420.4946425,32511,Person E,1942.1,2809.3,-80.0,3414.57,34.83,True,Active,shazia,None,Normal,5: Lying down (controlled)
1789494420.572743,32512,Person E,1943.8,2808.2,240.0,3413.62,34.71,True,Active,shazia,None,Normal,5: Lying down (controlled)
1789494420.6508822,32513,Person E,1945.9,2807.0,160.0,3414.5,34.77,True,Active,shazia,None,Normal,5: Lying down (controlled)
1789494420.744606,32514,Person E,1947.8,2805.8,-80.0,3416.47,34.78,True,Active,shazia,None,Normal,5: Lying down (controlled)
1789494420.8696175,32515,Person E,1949.1,2805.3,320.0,3418.93,34.75,True,Active,shazia,None,Normal,5: Lying down (controlled)
1789494420.9633415,32516,Person E,1949.6,2805.4,0.0,3417.73,34.67,True,Active,shazia,None,Normal,5: Lying down (controlled)
1789494421.0727115,32517,Person E,1948.4,2806.6,-80.0,3418.38,34.48,True,Active,shazia,None,Normal,5: Lying down (controlled)
1789494421.1352236,32518,Person E,1945.2,2808.5,-80.0,3416.26,34.22,True,Active,shazia,None,Normal,5: Lying down (controlled)
1789494421.2289672,32519,Person E,1937.2,2812.5,80.0,3405.89,33.44,True,Active,shazia,None,Normal,5: Lying down (controlled)
1789494421.2914636,32520,Person E,1925.7,2818.3,240.0,3399.62,32.79,True,Active,shazia,None,Normal,5: Lying down (controlled)
1789494421.3851898,32521,Person E,1913.8,2823.4,640.0,3390.85,32.68,True,Active,shazia,None,Normal,5: Lying down (controlled)
1789494421.4789503,32522,Person E,1901.4,2828.2,-80.0,3384.92,32.53,True,Active,shazia,None,Normal,5: Lying down (controlled)
1789494421.5570502,32523,Person E,1888.5,2833.6,-80.0,3388.07,32.45,True,Active,shazia,None,Normal,5: Lying down (controlled)
1789494421.6508129,32524,Person E,1874.9,2839.6,-80.0,3391.3,32.32,True,Active,shazia,None,Normal,5: Lying down (controlled)
1789494421.7289164,32525,Person E,1861.1,2845.9,160.0,3395.31,32.23,True,Active,shazia,None,Normal,5: Lying down (controlled)
1789494421.8382835,32526,Person E,1847.9,2851.9,80.0,3394.99,32.26,True,Active,shazia,None,Normal,5: Lying down (controlled)
1789494421.9320276,32527,Person E,1835.9,2857.2,320.0,3396.6,32.3,True,Active,shazia,None,Normal,5: Lying down (controlled)
1789494422.0257723,32528,Person E,1825.9,2861.7,320.0,3398.96,32.39,True,Active,shazia,None,Normal,5: Lying down (controlled)
1789494422.0882666,32529,Person E,1820.8,2864.7,-80.0,3403.33,32.45,True,Active,shazia,None,Normal,5: Lying down (controlled)
1789494422.2288985,32530,Person E,1819.7,2865.9,160.0,3403.79,32.52,True,Active,shazia,None,Normal,5: Lying down (controlled)
1789494422.3070016,32531,Person E,1819.8,2867.5,-80.0,3404.87,32.55,True,Active,shazia,None,Normal,5: Lying down (controlled)
1789494422.400742,32532,Person E,1820.5,2869.7,-80.0,3407.24,32.43,True,Active,shazia,None,Normal,5: Lying down (controlled)
1789494422.4788651,32533,Person E,1820.8,2872.0,640.0,3409.1,32.29,True,Active,shazia,None,Normal,5: Lying down (controlled)
1789494422.5569856,32534,Person E,1821.6,2873.3,160.0,3406.56,32.31,True,Active,shazia,None,Normal,5: Lying down (controlled)
1789494422.6351035,32535,Person E,1822.4,2873.7,-80.0,3402.96,32.31,True,Active,shazia,None,Normal,5: Lying down (controlled)
1789494422.7444694,32536,Person E,1822.5,2874.3,-80.0,3400.6,32.22,True,Active,shazia,None,Normal,5: Lying down (controlled)
1789494422.8382175,32537,Person E,1822.0,2874.8,640.0,3398.16,32.18,True,Active,shazia,None,Normal,5: Lying down (controlled)
1789494422.9163318,32538,Person E,1820.1,2875.5,-80.0,3394.75,32.06,True,Active,shazia,None,Normal,5: Lying down (controlled)
1789494422.9944513,32539,Person E,1817.2,2876.2,320.0,3393.8,31.97,True,Active,shazia,None,Normal,5: Lying down (controlled)
1789494423.072574,32540,Person E,1814.7,2877.2,320.0,3398.89,32.08,True,Active,shazia,None,Normal,5: Lying down (controlled)
1789494423.1663172,32541,Person E,1812.8,2878.3,-80.0,3403.99,32.18,True,Active,shazia,None,Normal,5: Lying down (controlled)
1789494423.275682,32542,Person E,1812.1,2878.5,160.0,3405.18,32.31,True,Active,shazia,None,Normal,5: Lying down (controlled)
1789494423.3538036,32543,Person E,1812.4,2878.0,-80.0,3406.48,32.37,True,Active,shazia,None,Normal,5: Lying down (controlled)
1789494423.43194,32544,Person E,1812.9,2877.8,-80.0,3407.55,32.4,True,Active,shazia,None,Normal,5: Lying down (controlled)
1789494423.510044,32545,Person E,1813.9,2877.6,160.0,3406.63,32.47,True,Active,shazia,None,Normal,5: Lying down (controlled)
1789494423.6350517,32546,Person E,1815.4,2876.9,160.0,3402.72,32.49,True,Active,shazia,None,Normal,5: Lying down (controlled)
1789494423.7131572,32547,Person E,1816.9,2875.8,-160.0,3396.89,32.5,True,Active,shazia,None,Normal,5: Lying down (controlled)
1789494423.7912753,32548,Person E,1818.6,2874.2,240.0,3390.29,32.45,True,Active,shazia,None,Normal,5: Lying down (controlled)
1789494423.8693912,32549,Person E,1820.8,2871.9,160.0,3386.07,32.49,True,Active,shazia,None,Normal,5: Lying down (controlled)
1789494423.9631557,32550,Person E,1822.1,2869.1,160.0,3382.16,32.52,True,Active,shazia,None,Normal,5: Lying down (controlled)
1789494424.0412538,32551,Person E,1822.8,2866.0,320.0,3381.55,32.56,True,Active,shazia,None,Normal,5: Lying down (controlled)
1789494424.1506224,32552,Person E,1823.6,2863.1,320.0,3385.02,32.69,True,Active,shazia,None,Normal,5: Lying down (controlled)
1789494424.2287617,32553,Person E,1824.7,2860.1,160.0,3387.13,32.8,True,Active,shazia,None,Normal,5: Lying down (controlled)
1789494424.3224847,32554,Person E,1826.2,2856.9,-80.0,3388.7,32.91,True,Active,shazia,None,Normal,5: Lying down (controlled)
1789494424.4006243,32555,Person E,1828.5,2853.5,320.0,3390.5,33.11,True,Active,shazia,None,Normal,5: Lying down (controlled)
1789494424.4943514,32556,Person E,1831.9,2850.3,240.0,3394.3,33.27,True,Active,shazia,None,Normal,5: Lying down (controlled)
1789494424.6505911,32557,Person E,1836.2,2847.0,640.0,3392.59,33.41,True,Active,shazia,None,Normal,5: Lying down (controlled)
1789494424.7912054,32558,Person E,1841.2,2843.8,-80.0,3390.63,33.45,True,Active,shazia,None,Normal,5: Lying down (controlled)
1789494424.884951,32559,Person E,1845.2,2841.3,-80.0,3386.8,33.29,True,Active,shazia,None,Normal,5: Lying down (controlled)
1789494424.9786904,32560,Person E,1848.2,2839.5,240.0,3383.29,33.11,True,Active,shazia,None,Normal,5: Lying down (controlled)
1789494425.1037004,32561,Person E,1850.5,2837.7,640.0,3378.89,33.06,True,Active,shazia,None,Normal,5: Lying down (controlled)
1789494425.1818008,32562,Person E,1851.8,2835.6,160.0,3374.44,33.06,True,Active,shazia,None,Normal,5: Lying down (controlled)
1789494425.25994,32563,Person E,1852.5,2833.6,320.0,3374.15,33.09,True,Active,shazia,None,Normal,5: Lying down (controlled)
1789494425.3380592,32564,Person E,1853.3,2831.7,320.0,3377.14,33.2,True,Active,shazia,None,Normal,5: Lying down (controlled)
1789494425.400555,32565,Person E,1853.7,2830.0,160.0,3378.47,33.32,True,Active,shazia,None,Normal,5: Lying down (controlled)
1789494425.49428,32566,Person E,1853.5,2828.2,160.0,3378.17,33.41,True,Active,shazia,None,Normal,5: Lying down (controlled)
1789494425.6192904,32567,Person E,1852.4,2826.8,-80.0,3374.84,33.38,True,Active,shazia,None,Normal,5: Lying down (controlled)
1789494425.6973941,32568,Person E,1851.0,2826.0,240.0,3376.25,33.33,True,Active,shazia,None,Normal,5: Lying down (controlled)
1789494425.7598898,32569,Person E,1850.1,2824.9,160.0,3372.67,33.27,True,Active,shazia,None,Normal,5: Lying down (controlled)
1789494425.8536336,32570,Person E,1850.1,2823.4,320.0,3370.74,33.25,True,Active,shazia,None,Normal,5: Lying down (controlled)
1789494425.9473753,32571,Person E,1851.0,2822.1,320.0,3372.93,33.3,True,Active,shazia,None,Normal,5: Lying down (controlled)
1789494426.0411174,32572,Person E,1852.4,2821.2,0.0,3374.58,33.35,True,Active,shazia,None,Normal,5: Lying down (controlled)
1789494426.119257,32573,Person E,1854.0,2820.3,160.0,3375.39,33.4,True,Active,shazia,None,Normal,5: Lying down (controlled)
1789494426.1973574,32574,Person E,1855.6,2819.0,320.0,3375.08,33.54,True,Active,shazia,None,Normal,5: Lying down (controlled)
1789494426.275495,32575,Person E,1857.2,2817.8,320.0,3377.29,33.66,True,Active,shazia,None,Normal,5: Lying down (controlled)
1789494426.3692183,32576,Person E,1859.0,2816.8,320.0,3379.79,33.76,True,Active,shazia,None,Normal,5: Lying down (controlled)
1789494426.4473586,32577,Person E,1861.5,2815.8,160.0,3380.35,33.83,True,Active,shazia,None,Normal,5: Lying down (controlled)
1789494426.5411022,32578,Person E,1864.0,2814.5,-80.0,3379.24,33.8,True,Active,shazia,None,Normal,5: Lying down (controlled)
1789494426.6192102,32579,Person E,1866.9,2813.3,-80.0,3378.68,33.79,True,Active,shazia,None,Normal,5: Lying down (controlled)
1789494426.6973412,32580,Person E,1870.0,2812.7,240.0,3382.84,33.74,True,Active,shazia,None,Normal,5: Lying down (controlled)
1789494426.7910845,32581,Person E,1872.8,2812.2,640.0,3384.23,33.75,True,Active,shazia,None,Normal,5: Lying down (controlled)
1789494426.8848088,32582,Person E,1875.5,2811.8,320.0,3386.17,33.77,True,Active,shazia,None,Normal,5: Lying down (controlled)
1789494426.962948,32583,Person E,1877.7,2811.5,-80.0,3385.06,33.74,True,Active,shazia,None,Normal,5: Lying down (controlled)
1789494427.0410695,32584,Person E,1878.8,2812.1,-80.0,3386.17,33.64,True,Active,shazia,None,Normal,5: Lying down (controlled)
1789494427.1035473,32585,Person E,1879.0,2813.0,160.0,3385.89,33.61,True,Active,shazia,None,Normal,5: Lying down (controlled)
1789494427.2285361,32586,Person E,1878.3,2813.8,160.0,3382.57,33.58,True,Active,shazia,None,Normal,5: Lying down (controlled)
1789494427.3222995,32587,Person E,1876.8,2814.9,-80.0,3381.19,33.52,True,Active,shazia,None,Normal,5: Lying down (controlled)
1789494427.4004014,32588,Person E,1875.4,2816.0,320.0,3380.64,33.5,True,Active,shazia,None,Normal,5: Lying down (controlled)
1789494427.478521,32589,Person E,1873.7,2817.6,-80.0,3382.61,33.4,True,Active,shazia,None,Normal,5: Lying down (controlled)
1789494427.5566378,32590,Person E,1871.8,2819.0,-80.0,3384.01,33.34,True,Active,shazia,None,Normal,5: Lying down (controlled)
1789494427.6503808,32591,Person E,1869.9,2820.4,320.0,3385.4,33.35,True,Active,shazia,None,Normal,5: Lying down (controlled)
1789494427.7441454,32592,Person E,1868.3,2821.7,160.0,3388.15,33.42,True,Active,shazia,None,Normal,5: Lying down (controlled)
1789494427.8222637,32593,Person E,1867.4,2823.1,-80.0,3391.74,33.48,True,Active,shazia,None,Normal,5: Lying down (controlled)
1789494427.94724,32594,Person E,1867.2,2824.2,320.0,3394.23,33.51,True,Active,shazia,None,Normal,5: Lying down (controlled)
1789494428.0253625,32595,Person E,1867.3,2825.1,-80.0,3393.95,33.54,True,Active,shazia,None,Normal,5: Lying down (controlled)
1789494428.1347241,32596,Person E,1868.2,2826.0,240.0,3395.04,33.62,True,Active,shazia,None,Normal,5: Lying down (controlled)
1789494428.2284858,32597,Person E,1869.8,2826.5,160.0,3394.21,33.69,True,Active,shazia,None,Normal,5: Lying down (controlled)
1789494428.3066065,32598,Person E,1871.6,2827.1,-80.0,3395.6,33.7,True,Active,shazia,None,Normal,5: Lying down (controlled)
1789494428.384725,32599,Person E,1873.0,2827.8,-80.0,3396.17,33.53,True,Active,shazia,None,Normal,5: Lying down (controlled)
1789494428.4628448,32600,Person E,1873.7,2828.8,640.0,3396.21,33.35,True,Active,shazia,None,Normal,5: Lying down (controlled)
1789494428.5409448,32601,Person E,1874.2,2829.4,160.0,3393.16,33.36,True,Active,shazia,None,Normal,5: Lying down (controlled)
1789494428.6346915,32602,Person E,1873.9,2829.8,-80.0,3389.84,33.34,True,Active,shazia,None,Normal,5: Lying down (controlled)
1789494428.7128286,32603,Person E,1873.4,2829.7,320.0,3388.15,33.42,True,Active,shazia,None,Normal,5: Lying down (controlled)
1789494428.806571,32604,Person E,1873.3,2829.3,160.0,3390.34,33.54,True,Active,shazia,None,Normal,5: Lying down (controlled)
1789494428.884675,32605,Person E,1873.4,2828.7,160.0,3389.5,33.61,True,Active,shazia,None,Normal,5: Lying down (controlled)
1789494428.978416,32606,Person E,1873.4,2828.2,320.0,3390.88,33.67,True,Active,shazia,None,Normal,5: Lying down (controlled)
1789494429.0565376,32607,Person E,1873.6,2828.1,320.0,3394.49,33.73,True,Active,shazia,None,Normal,5: Lying down (controlled)
1789494429.1502821,32608,Person E,1873.9,2828.2,-80.0,3398.09,33.73,True,Active,shazia,None,Normal,5: Lying down (controlled)
1789494429.2284167,32609,Person E,1875.2,2827.7,160.0,3399.21,33.76,True,Active,shazia,None,Normal,5: Lying down (controlled)
1789494429.3065367,32610,Person E,1878.1,2826.5,320.0,3402.27,33.87,True,Active,shazia,None,Normal,5: Lying down (controlled)
1789494429.3846369,32611,Person E,1881.5,2825.5,-80.0,3403.67,33.93,True,Active,shazia,None,Normal,5: Lying down (controlled)
1789494429.478381,32612,Person E,1885.5,2824.5,160.0,3403.69,33.99,True,Active,shazia,None,Normal,5: Lying down (controlled)
1789494429.5565197,32613,Person E,1889.1,2823.8,-80.0,3402.3,33.99,True,Active,shazia,None,Normal,5: Lying down (controlled)
1789494429.650263,32614,Person E,1892.1,2823.0,-80.0,3400.37,34.03,True,Active,shazia,None,Normal,5: Lying down (controlled)
1789494429.7439919,32615,Person E,1895.7,2822.1,240.0,3402.11,34.19,True,Active,shazia,None,Normal,5: Lying down (controlled)
1789494429.8377361,32616,Person E,1899.6,2821.1,160.0,3404.39,34.31,True,Active,shazia,None,Normal,5: Lying down (controlled)
1789494429.9471176,32617,Person E,1903.0,2819.7,160.0,3401.92,34.34,True,Active,shazia,None,Normal,5: Lying down (controlled)
1789494430.0252178,32618,Person E,1906.2,2818.1,320.0,3402.74,34.33,True,Active,shazia,None,Normal,5: Lying down (controlled)
1789494430.1033406,32619,Person E,1908.7,2816.6,0.0,3400.75,34.25,True,Active,shazia,None,Normal,5: Lying down (controlled)
1789494430.1814575,32620,Person E,1910.1,2815.1,160.0,3397.68,34.2,True,Active,shazia,None,Normal,5: Lying down (controlled)
1789494430.2908444,32621,Person E,1911.1,2813.6,160.0,3396.85,34.21,True,Active,shazia,None,Normal,5: Lying down (controlled)
1789494430.4001935,32622,Person E,1911.5,2812.5,-80.0,3396.82,34.15,True,Active,shazia,None,Normal,5: Lying down (controlled)
1789494430.5095613,32623,Person E,1912.2,2812.0,240.0,3402.08,34.13,True,Active,shazia,None,Normal,5: Lying down (controlled)
1789494430.618937,32624,Person E,1912.9,2811.8,160.0,3402.64,34.15,True,Active,shazia,None,Normal,5: Lying down (controlled)
1789494430.7126913,32625,Person E,1912.4,2812.3,-80.0,3403.44,34.08,True,Active,shazia,None,Normal,5: Lying down (controlled)
1789494430.806415,32626,Person E,1911.0,2812.9,-80.0,3401.49,34.06,True,Active,shazia,None,Normal,5: Lying down (controlled)
1789494430.9157817,32627,Person E,1909.8,2813.6,240.0,3400.96,34.11,True,Active,shazia,None,Normal,5: Lying down (controlled)
1789494430.9939237,32628,Person E,1908.9,2814.0,160.0,3400.98,34.17,True,Active,shazia,None,Normal,5: Lying down (controlled)
1789494431.0720255,32629,Person E,1908.4,2813.9,160.0,3397.11,34.19,True,Active,shazia,None,Normal,5: Lying down (controlled)
1789494431.1501443,32630,Person E,1908.4,2814.0,320.0,3398.5,34.2,True,Active,shazia,None,Normal,5: Lying down (controlled)
1789494431.275133,32631,Person E,1908.9,2814.1,320.0,3400.49,34.27,True,Active,shazia,None,Normal,5: Lying down (controlled)
1789494431.3532543,32632,Person E,1909.9,2813.7,160.0,3399.14,34.33,True,Active,shazia,None,Normal,5: Lying down (controlled)
1789494431.431391,32633,Person E,1910.7,2812.6,-160.0,3397.49,34.35,True,Active,shazia,None,Normal,5: Lying down (controlled)
1789494431.5095112,32634,Person E,1911.4,2811.5,-80.0,3397.49,34.35,True,Active,shazia,None,Normal,5: Lying down (controlled)
1789494431.58763,32635,Person E,1912.3,2809.9,640.0,3395.27,34.35,True,Active,shazia,None,Normal,5: Lying down (controlled)
1789494431.6813605,32636,Person E,1913.2,2808.0,160.0,3390.84,34.36,True,Active,shazia,None,Normal,5: Lying down (controlled)
1789494431.790722,32637,Person E,1913.4,2806.4,-80.0,3388.85,34.29,True,Active,shazia,None,Normal,5: Lying down (controlled)
1789494431.8688443,32638,Person E,1913.2,2805.1,320.0,3389.11,34.26,True,Active,shazia,None,Normal,5: Lying down (controlled)
1789494431.94698,32639,Person E,1912.5,2804.8,-80.0,3390.7,34.12,True,Active,shazia,None,Normal,5: Lying down (controlled)
1789494432.0251,32640,Person E,1911.4,2804.6,160.0,3390.68,34.06,True,Active,shazia,None,Normal,5: Lying down (controlled)
1789494432.118843,32641,Person E,1909.1,2805.1,-80.0,3391.74,33.91,True,Active,shazia,None,Normal,5: Lying down (controlled)
1789494432.2281919,32642,Person E,1905.8,2806.8,-80.0,3394.77,33.71,True,Active,shazia,None,Normal,5: Lying down (controlled)
1789494432.3063326,32643,Person E,1901.7,2809.4,640.0,3396.17,33.53,True,Active,shazia,None,Normal,5: Lying down (controlled)
1789494432.384452,32644,Person E,1897.6,2811.8,160.0,3394.5,33.55,True,Active,shazia,None,Normal,5: Lying down (controlled)
1789494432.4781752,32645,Person E,1893.4,2814.1,-80.0,3390.89,33.55,True,Active,shazia,None,Normal,5: Lying down (controlled)
1789494432.556294,32646,Person E,1888.6,2817.2,-80.0,3389.82,33.4,True,Active,shazia,None,Normal,5: Lying down (controlled)
1789494432.6656625,32647,Person E,1883.6,2820.6,160.0,3389.31,33.26,True,Active,shazia,None,Normal,5: Lying down (controlled)
1789494432.743781,32648,Person E,1878.3,2823.8,160.0,3386.28,33.22,True,Active,shazia,None,Normal,5: Lying down (controlled)
1789494432.8219202,32649,Person E,1873.6,2826.5,320.0,3387.12,33.21,True,Active,shazia,None,Normal,5: Lying down (controlled)
1789494432.9000401,32650,Person E,1869.9,2828.9,320.0,3390.12,33.32,True,Active,shazia,None,Normal,5: Lying down (controlled)
1789494432.993767,32651,Person E,1867.7,2830.2,160.0,3390.35,33.47,True,Active,shazia,None,Normal,5: Lying down (controlled)
1789494433.0719035,32652,Person E,1866.9,2830.3,160.0,3391.17,33.59,True,Active,shazia,None,Normal,5: Lying down (controlled)
1789494433.1656275,32653,Person E,1867.9,2829.5,320.0,3395.04,33.75,True,Active,shazia,None,Normal,5: Lying down (controlled)
1789494433.2281244,32654,Person E,1869.6,2828.9,240.0,3398.94,33.84,True,Active,shazia,None,Normal,5: Lying down (controlled)
1789494433.321866,32655,Person E,1871.6,2828.6,160.0,3399.49,33.86,True,Active,shazia,None,Normal,5: Lying down (controlled)
1789494433.41563,32656,Person E,1873.8,2827.9,-160.0,3396.16,33.77,True,Active,shazia,None,Normal,5: Lying down (controlled)
1789494433.5093737,32657,Person E,1876.3,2827.0,320.0,3395.6,33.7,True,Active,shazia,None,Normal,5: Lying down (controlled)
1789494433.587492,32658,Person E,1878.1,2826.7,-80.0,3393.67,33.5,True,Active,shazia,None,Normal,5: Lying down (controlled)
1789494433.6655967,32659,Person E,1878.9,2826.7,160.0,3391.51,33.32,True,Active,shazia,None,Normal,5: Lying down (controlled)
1789494433.7593567,32660,Person E,1878.7,2826.6,160.0,3388.19,33.3,True,Active,shazia,None,Normal,5: Lying down (controlled)
1789494433.8530831,32661,Person E,1877.9,2826.9,320.0,3388.45,33.33,True,Active,shazia,None,Normal,5: Lying down (controlled)
1789494433.9312005,32662,Person E,1877.3,2827.0,320.0,3388.68,33.49,True,Active,shazia,None,Normal,5: Lying down (controlled)
1789494434.0093386,32663,Person E,1876.6,2826.7,80.0,3388.66,33.68,True,Active,shazia,None,Normal,5: Lying down (controlled)
1789494434.103082,32664,Person E,1875.5,2826.3,-80.0,3389.5,33.73,True,Active,shazia,None,Normal,5: Lying down (controlled)
1789494434.1812022,32665,Person E,1875.1,2825.7,240.0,3392.28,33.86,True,Active,shazia,None,Normal,5: Lying down (controlled)
1789494434.3061748,32666,Person E,1876.0,2824.9,160.0,3394.53,33.98,True,Active,shazia,None,Normal,5: Lying down (controlled)
1789494434.3842967,32667,Person E,1877.5,2823.6,160.0,3393.16,34.03,True,Active,shazia,None,Normal,5: Lying down (controlled)
1789494434.4624326,32668,Person E,1879.7,2821.9,-80.0,3391.75,33.97,True,Active,shazia,None,Normal,5: Lying down (controlled)
1789494434.5405524,32669,Person E,1882.5,2819.9,320.0,3390.35,33.9,True,Active,shazia,None,Normal,5: Lying down (controlled)
1789494434.7436461,32670,Person E,1885.5,2818.1,160.0,3389.79,33.89,True,Active,shazia,None,Normal,5: Lying down (controlled)
1789494434.8530116,32671,Person E,1888.0,2816.5,-160.0,3388.95,33.84,True,Active,shazia,None,Normal,5: Lying down (controlled)
1789494434.9155095,32672,Person E,1889.3,2815.5,-160.0,3387.56,33.77,True,Active,shazia,None,Normal,5: Lying down (controlled)
1789494435.0092695,32673,Person E,1889.9,2815.4,240.0,3391.16,33.77,True,Active,shazia,None,Normal,5: Lying down (controlled)
1789494435.0873704,32674,Person E,1890.4,2815.4,80.0,3392.28,33.8,True,Active,shazia,None,Normal,5: Lying down (controlled)
1789494435.1967607,32675,Person E,1890.2,2815.4,160.0,3391.17,33.83,True,Active,shazia,None,Normal,5: Lying down (controlled)
1789494435.2904813,32676,Person E,1889.1,2815.6,-80.0,3390.06,33.8,True,Active,shazia,None,Normal,5: Lying down (controlled)
1789494435.3842247,32677,Person E,1887.4,2816.6,-80.0,3391.99,33.7,True,Active,shazia,None,Normal,5: Lying down (controlled)
1789494435.4623647,32678,Person E,1885.8,2817.8,160.0,3392.83,33.63,True,Active,shazia,None,Normal,5: Lying down (controlled)
1789494435.5404844,32679,Person E,1884.0,2819.1,160.0,3391.17,33.53,True,Active,shazia,None,Normal,5: Lying down (controlled)
1789494435.618603,32680,Person E,1882.0,2820.6,320.0,3391.19,33.47,True,Active,shazia,None,Normal,5: Lying down (controlled)
1789494435.7435946,32681,Person E,1880.3,2821.6,640.0,3387.85,33.5,True,Active,shazia,None,Normal,5: Lying down (controlled)
1789494435.8217149,32682,Person E,1879.3,2822.0,390.0,3385.34,33.59,True,Active,shazia,None,Normal,5: Lying down (controlled)
1789494435.8998337,32683,Person E,1878.3,2821.8,-80.0,3383.95,33.65,True,Active,shazia,None,Normal,5: Lying down (controlled)
1789494435.9779375,32684,Person E,1876.9,2821.4,-80.0,3381.18,33.64,True,Active,shazia,None,Normal,5: Lying down (controlled)
1789494436.0404325,32685,Person E,1875.5,2821.3,160.0,3382.56,33.64,True,Active,shazia,None,Normal,5: Lying down (controlled)
1789494436.1341734,32686,Person E,1874.1,2821.2,160.0,3381.46,33.61,True,Active,shazia,None,Normal,5: Lying down (controlled)
1789494436.2279165,32687,Person E,1873.1,2820.9,320.0,3383.95,33.59,True,Active,shazia,None,Normal,5: Lying down (controlled)
1789494436.3216639,32688,Person E,1872.7,2820.6,320.0,3388.11,33.6,True,Active,shazia,None,Normal,5: Lying down (controlled)
1789494436.3841777,32689,Person E,1873.4,2820.1,160.0,3390.88,33.67,True,Active,shazia,None,Normal,5: Lying down (controlled)
1789494436.4779003,32690,Person E,1874.5,2819.4,-80.0,3391.44,33.69,True,Active,shazia,None,Normal,5: Lying down (controlled)
1789494436.5716436,32691,Person E,1875.0,2819.6,-80.0,3392.28,33.55,True,Active,shazia,None,Normal,5: Lying down (controlled)
1789494436.6497638,32692,Person E,1874.5,2821.1,-80.0,3395.09,33.38,True,Active,shazia,None,Normal,5: Lying down (controlled)
1789494436.7279022,32693,Person E,1873.2,2823.2,160.0,3394.3,33.27,True,Active,shazia,None,Normal,5: Lying down (controlled)
1789494436.8060226,32694,Person E,1871.9,2825.6,320.0,3394.04,33.23,True,Active,shazia,None,Normal,5: Lying down (controlled)
1789494436.8841426,32695,Person E,1870.7,2827.9,320.0,3395.14,33.26,True,Active,shazia,None,Normal,5: Lying down (controlled)
1789494436.9778688,32696,Person E,1869.7,2830.2,0.0,3395.14,33.26,True,Active,shazia,None,Normal,5: Lying down (controlled)
1789494437.0559845,32697,Person E,1869.1,2831.9,160.0,3394.83,33.34,True,Active,shazia,None,Normal,5: Lying down (controlled)
1789494437.1497476,32698,Person E,1868.4,2832.9,160.0,3392.59,33.41,True,Active,shazia,None,Normal,5: Lying down (controlled)
1789494437.227869,32699,Person E,1867.0,2833.6,0.0,3388.98,33.41,True,Active,shazia,None,Normal,5: Lying down (controlled)
1789494437.3059874,32700,Person E,1865.9,2834.0,320.0,3388.68,33.49,True,Active,shazia,None,Normal,5: Lying down (controlled)
1789494437.3997145,32701,Person E,1865.6,2833.4,160.0,3385.62,33.57,True,Active,shazia,None,Normal,5: Lying down (controlled)
1789494437.493454,32702,Person E,1865.9,2831.7,-80.0,3382.57,33.58,True,Active,shazia,None,Normal,5: Lying down (controlled)
1789494437.5715747,32703,Person E,1866.2,2829.7,-80.0,3379.25,33.5,True,Active,shazia,None,Normal,5: Lying down (controlled)
1789494437.6496954,32704,Person E,1866.3,2827.8,160.0,3378.72,33.42,True,Active,shazia,None,Normal,5: Lying down (controlled)
1789494437.7434573,32705,Person E,1866.0,2825.8,160.0,3376.78,33.4,True,Active,shazia,None,Normal,5: Lying down (controlled)
1789494437.8528047,32706,Person E,1865.5,2823.7,-80.0,3374.84,33.38,True,Active,shazia,None,Normal,5: Lying down (controlled)
1789494437.930929,32707,Person E,1864.3,2821.9,-80.0,3373.19,33.34,True,Active,shazia,None,Normal,5: Lying down (controlled)
1789494438.0090637,32708,Person E,1862.9,2820.3,240.0,3371.52,33.36,True,Active,shazia,None,Normal,5: Lying down (controlled)
1789494438.1028073,32709,Person E,1862.1,2818.8,160.0,3372.06,33.44,True,Active,shazia,None,Normal,5: Lying down (controlled)
1789494438.2121797,32710,Person E,1861.8,2817.4,320.0,3375.36,33.58,True,Active,shazia,None,Normal,5: Lying down (controlled)
1789494438.3059022,32711,Person E,1862.1,2816.7,240.0,3381.45,33.68,True,Active,shazia,None,Normal,5: Lying down (controlled)
1789494438.3996637,32712,Person E,1863.0,2816.2,160.0,3383.4,33.76,True,Active,shazia,None,Normal,5: Lying down (controlled)
1789494438.477782,32713,Person E,1864.6,2815.8,320.0,3384.78,33.76,True,Active,shazia,None,Normal,5: Lying down (controlled)
1789494438.5559008,32714,Person E,1866.8,2815.4,320.0,3387.56,33.77,True,Active,shazia,None,Normal,5: Lying down (controlled)
1789494438.6652684,32715,Person E,1869.8,2815.2,240.0,3391.73,33.84,True,Active,shazia,None,Normal,5: Lying down (controlled)
1789494438.7589965,32716,Person E,1873.4,2814.9,160.0,3392.3,33.92,True,Active,shazia,None,Normal,5: Lying down (controlled)
1789494438.852739,32717,Person E,1877.5,2814.8,-80.0,3395.07,33.93,True,Active,shazia,None,Normal,5: Lying down (controlled)
1789494438.9308765,32718,Person E,1881.3,2815.4,-80.0,3397.55,33.84,True,Active,shazia,None,Normal,5: Lying down (controlled)
1789494439.008995,32719,Person E,1884.4,2816.5,640.0,3398.37,33.77,True,Active,shazia,None,Normal,5: Lying down (controlled)
1789494439.1027248,32720,Person E,1886.1,2818.4,-80.0,3400.59,33.64,True,Active,shazia,None,Normal,5: Lying down (controlled)
1789494439.196464,32721,Person E,1886.3,2820.4,-80.0,3399.22,33.52,True,Active,shazia,None,Normal,5: Lying down (controlled)
1789494439.2745814,32722,Person E,1885.8,2822.4,0.0,3397.28,33.5,True,Active,shazia,None,Normal,5: Lying down (controlled)
1789494439.368345,32723,Person E,1885.2,2824.3,160.0,3397.28,33.5,True,Active,shazia,None,Normal,5: Lying down (controlled)
1789494439.4464653,32724,Person E,1884.3,2825.7,160.0,3394.23,33.51,True,Active,shazia,None,Normal,5: Lying down (controlled)
1789494439.5245655,32725,Person E,1882.4,2826.8,-80.0,3390.35,33.47,True,Active,shazia,None,Normal,5: Lying down (controlled)
1789494439.6183298,32726,Person E,1880.2,2827.7,320.0,3387.57,33.53,True,Active,shazia,None,Normal,5: Lying down (controlled)
1789494439.7433035,32727,Person E,1877.8,2828.2,160.0,3385.9,33.54,True,Active,shazia,None,Normal,5: Lying down (controlled)
1789494439.8214226,32728,Person E,1875.7,2828.0,-160.0,3384.23,33.56,True,Active,shazia,None,Normal,5: Lying down (controlled)
1789494439.8995438,32729,Person E,1874.5,2827.1,320.0,3384.23,33.69,True,Active,shazia,None,Normal,5: Lying down (controlled)
1789494439.9776618,32730,Person E,1874.3,2825.7,240.0,3387.83,33.75,True,Active,shazia,None,Normal,5: Lying down (controlled)
1789494440.0714014,32731,Person E,1874.9,2824.1,640.0,3389.22,33.75,True,Active,shazia,None,Normal,5: Lying down (controlled)
1789494440.1651464,32732,Person E,1875.5,2822.8,-80.0,3389.77,33.7,True,Active,shazia,None,Normal,5: Lying down (controlled)
1789494440.2432861,32733,Person E,1875.4,2822.2,-80.0,3391.73,33.54,True,Active,shazia,None,Normal,5: Lying down (controlled)
1789494440.3370292,32734,Person E,1874.6,2822.5,640.0,3392.32,33.37,True,Active,shazia,None,Normal,5: Lying down (controlled)
1789494440.4151485,32735,Person E,1873.7,2823.6,-80.0,3394.59,33.25,True,Active,shazia,None,Normal,5: Lying down (controlled)
1789494440.5088756,32736,Person E,1872.4,2825.1,160.0,3392.95,33.2,True,Active,shazia,None,Normal,5: Lying down (controlled)
1789494440.6182396,32737,Person E,1870.6,2827.1,-80.0,3392.72,33.1,True,Active,shazia,None,Normal,5: Lying down (controlled)
1789494440.696379,32738,Person E,1868.5,2829.3,640.0,3391.09,33.06,True,Active,shazia,None,Normal,5: Lying down (controlled)
1789494440.7901032,32739,Person E,1866.1,2831.3,160.0,3387.7,33.16,True,Active,shazia,None,Normal,5: Lying down (controlled)
1789494440.8682427,32740,Person E,1863.4,2832.7,-80.0,3384.61,33.23,True,Active,shazia,None,Normal,5: Lying down (controlled)
1789494440.961966,32741,Person E,1861.4,2833.7,240.0,3386.5,33.38,True,Active,shazia,None,Normal,5: Lying down (controlled)
1789494441.0713341,32742,Person E,1860.2,2834.4,-80.0,3388.97,33.47,True,Active,shazia,None,Normal,5: Lying down (controlled)
1789494441.1338494,32743,Person E,1859.8,2834.0,160.0,3386.18,33.52,True,Active,shazia,None,Normal,5: Lying down (controlled)
1789494441.2275922,32744,Person E,1860.4,2833.2,320.0,3388.95,33.53,True,Active,shazia,None,Normal,5: Lying down (controlled)
1789494441.3057127,32745,Person E,1862.1,2831.9,320.0,3393.1,33.61,True,Active,shazia,None,Normal,5: Lying down (controlled)
1789494441.399436,32746,Person E,1864.7,2830.3,160.0,3393.93,33.72,True,Active,shazia,None,Normal,5: Lying down (controlled)
1789494441.4931824,32747,Person E,1868.0,2828.1,-160.0,3392.55,33.77,True,Active,shazia,None,Normal,5: Lying down (controlled)
1789494441.5713196,32748,Person E,1871.1,2825.8,-80.0,3388.94,33.71,True,Active,shazia,None,Normal,5: Lying down (controlled)
1789494441.680686,32749,Person E,1873.4,2824.4,240.0,3388.67,33.62,True,Active,shazia,None,Normal,5: Lying down (controlled)
1789494441.758806,32750,Person E,1875.3,2823.6,640.0,3388.39,33.58,True,Active,shazia,None,Normal,5: Lying down (controlled)
1789494441.8525333,32751,Person E,1876.3,2823.1,320.0,3387.84,33.56,True,Active,shazia,None,Normal,5: Lying down (controlled)
1789494441.9619021,32752,Person E,1876.5,2822.7,-80.0,3386.73,33.54,True,Active,shazia,None,Normal,5: Lying down (controlled)
1789494442.0400202,32753,Person E,1876.8,2822.6,240.0,3387.01,33.57,True,Active,shazia,None,Normal,5: Lying down (controlled)
1789494442.1025326,32754,Person E,1876.8,2822.3,-80.0,3386.45,33.56,True,Active,shazia,None,Normal,5: Lying down (controlled)
1789494442.196276,32755,Person E,1875.9,2821.7,160.0,3383.13,33.54,True,Active,shazia,None,Normal,5: Lying down (controlled)
1789494442.2900043,32756,Person E,1874.4,2821.4,320.0,3383.13,33.54,True,Active,shazia,None,Normal,5: Lying down (controlled)
1789494442.3837469,32757,Person E,1873.2,2821.3,320.0,3385.06,33.61,True,Active,shazia,None,Normal,5: Lying down (controlled)
1789494442.4618635,32758,Person E,1872.8,2821.4,-80.0,3387.56,33.65,True,Active,shazia,None,Normal,5: Lying down (controlled)
1789494442.5556104,32759,Person E,1872.0,2821.7,-80.0,3386.75,33.47,True,Active,shazia,None,Normal,5: Lying down (controlled)
1789494442.6337464,32760,Person E,1870.3,2822.3,-80.0,3384.03,33.28,True,Active,shazia,None,Normal,5: Lying down (controlled)
1789494442.7430944,32761,Person E,1867.7,2823.3,160.0,3381.91,33.1,True,Active,shazia,None,Normal,5: Lying down (controlled)
1789494442.8368373,32762,Person E,1864.8,2824.1,80.0,3377.5,33.05,True,Active,shazia,None,Normal,5: Lying down (controlled)
1789494442.9149604,32763,Person E,1861.8,2824.9,320.0,3377.21,33.07,True,Active,shazia,None,Normal,5: Lying down (controlled)
1789494442.993097,32764,Person E,1859.7,2825.6,320.0,3380.75,33.2,True,Active,shazia,None,Normal,5: Lying down (controlled)
1789494443.102467,32765,Person E,1858.8,2826.4,-80.0,3384.85,33.33,True,Active,shazia,None,Normal,5: Lying down (controlled)
1789494443.1805668,32766,Person E,1858.5,2827.0,160.0,3386.48,33.44,True,Active,shazia,None,Normal,5: Lying down (controlled)
1789494443.2899525,32767,Person E,1858.4,2827.7,320.0,3390.34,33.54,True,Active,shazia,None,Normal,5: Lying down (controlled)
1789494443.3524303,32768,Person E,1858.4,2828.6,240.0,3395.05,33.56,True,Active,shazia,None,Normal,5: Lying down (controlled)
1789494443.4461708,32769,Person E,1859.4,2829.1,160.0,3396.44,33.57,True,Active,shazia,None,Normal,5: Lying down (controlled)
1789494443.5243094,32770,Person E,1861.4,2829.2,-160.0,3395.88,33.55,True,Active,shazia,None,Normal,5: Lying down (controlled)
1789494443.6180367,32771,Person E,1864.3,2829.0,320.0,3396.17,33.53,True,Active,shazia,None,Normal,5: Lying down (controlled)
1789494443.727421,32772,Person E,1868.1,2829.1,240.0,3399.21,33.58,True,Active,shazia,None,Normal,5: Lying down (controlled)
1789494443.7899168,32773,Person E,1872.4,2829.1,160.0,3400.87,33.68,True,Active,shazia,None,Normal,5: Lying down (controlled)
1789494443.8836603,32774,Person E,1876.3,2829.3,-80.0,3403.92,33.73,True,Active,shazia,None,Normal,5: Lying down (controlled)
1789494443.977404,32775,Person E,1879.2,2830.0,-80.0,3406.69,33.68,True,Active,shazia,None,Normal,5: Lying down (controlled)
1789494444.0711477,32776,Person E,1881.6,2831.2,320.0,3409.74,33.66,True,Active,shazia,None,Normal,5: Lying down (controlled)
1789494444.1961236,32777,Person E,1882.7,2832.6,-80.0,3408.09,33.56,True,Active,shazia,None,Normal,5: Lying down (controlled)
1789494444.2742407,32778,Person E,1883.1,2833.8,160.0,3407.26,33.51,True,Active,shazia,None,Normal,5: Lying down (controlled)
1789494444.352378,32779,Person E,1884.0,2834.7,320.0,3408.91,33.61,True,Active,shazia,None,Normal,5: Lying down (controlled)
1789494444.4304976,32780,Person E,1885.6,2835.7,240.0,3413.07,33.69,True,Active,shazia,None,Normal,5: Lying down (controlled)
1789494444.5242245,32781,Person E,1887.8,2836.2,80.0,3412.52,33.79,True,Active,shazia,None,Normal,5: Lying down (controlled)
1789494444.6023414,32782,Person E,1889.6,2836.4,-80.0,3410.86,33.81,True,Active,shazia,None,Normal,5: Lying down (controlled)
1789494444.6961045,32783,Person E,1890.3,2836.6,-80.0,3406.42,33.76,True,Active,shazia,None,Normal,5: Lying down (controlled)
1789494444.7742085,32784,Person E,1890.1,2836.3,640.0,3400.31,33.73,True,Active,shazia,None,Normal,5: Lying down (controlled)
1789494444.961694,32785,Person E,1890.0,2835.3,160.0,3397.82,33.76,True,Active,shazia,None,Normal,5: Lying down (controlled)
1789494445.0710611,32786,Person E,1889.8,2833.6,160.0,3394.49,33.79,True,Active,shazia,None,Normal,5: Lying down (controlled)
1789494445.164823,32787,Person E,1890.1,2831.6,-80.0,3393.11,33.79,True,Active,shazia,None,Normal,5: Lying down (controlled)
1789494445.2429419,32788,Person E,1889.8,2829.7,-80.0,3389.77,33.64,True,Active,shazia,None,Normal,5: Lying down (controlled)
1789494445.3054383,32789,Person E,1888.2,2828.0,160.0,3385.9,33.54,True,Active,shazia,None,Normal,5: Lying down (controlled)
1789494445.3991811,32790,Person E,1885.4,2826.3,-80.0,3383.42,33.45,True,Active,shazia,None,Normal,5: Lying down (controlled)
1789494445.4772813,32791,Person E,1881.0,2825.5,-80.0,3381.55,33.25,True,Active,shazia,None,Normal,5: Lying down (controlled)
1789494445.5866523,32792,Person E,1875.7,2825.4,160.0,3380.82,33.07,True,Active,shazia,None,Normal,5: Lying down (controlled)
1789494445.664788,32793,Person E,1870.4,2825.6,80.0,3378.93,32.99,True,Active,shazia,None,Normal,5: Lying down (controlled)
1789494445.7429068,32794,Person E,1865.6,2826.4,320.0,3380.61,32.98,True,Active,shazia,None,Normal,5: Lying down (controlled)
1789494445.821027,32795,Person E,1860.7,2827.7,0.0,3381.74,32.94,True,Active,shazia,None,Normal,5: Lying down (controlled)
1789494445.9147506,32796,Person E,1856.2,2829.2,160.0,3382.24,33.02,True,Active,shazia,None,Normal,5: Lying down (controlled)
1789494446.0085154,32797,Person E,1852.1,2830.6,160.0,3382.2,33.08,True,Active,shazia,None,Normal,5: Lying down (controlled)
1789494446.1022577,32798,Person E,1849.1,2832.0,-80.0,3384.97,33.09,True,Active,shazia,None,Normal,5: Lying down (controlled)
1789494446.1803772,32799,Person E,1847.2,2833.8,240.0,3390.5,33.11,True,Active,shazia,None,Normal,5: Lying down (controlled)
1789494446.2584805,32800,Person E,1846.2,2835.7,640.0,3393.82,33.13,True,Active,shazia,None,Normal,5: Lying down (controlled)
1789494446.3522243,32801,Person E,1846.4,2836.9,160.0,3392.69,33.17,True,Active,shazia,None,Normal,5: Lying down (controlled)
1789494446.4459655,32802,Person E,1847.3,2837.2,-80.0,3388.25,33.17,True,Active,shazia,None,Normal,5: Lying down (controlled)
1789494446.50848,32803,Person E,1848.3,2836.8,240.0,3381.04,33.17,True,Active,shazia,None,Normal,5: Lying down (controlled)
1789494446.6022038,32804,Person E,1849.7,2835.9,160.0,3380.72,33.26,True,Active,shazia,None,Normal,5: Lying down (controlled)
1789494446.664719,32805,Person E,1851.5,2834.8,-80.0,3382.36,33.3,True,Active,shazia,None,Normal,5: Lying down (controlled)
1789494446.774067,32806,Person E,1852.3,2834.5,-80.0,3384.09,33.16,True,Active,shazia,None,Normal,5: Lying down (controlled)
1789494446.8521883,32807,Person E,1852.4,2835.0,320.0,3386.94,33.05,True,Active,shazia,None,Normal,5: Lying down (controlled)
1789494446.9303062,32808,Person E,1852.6,2834.9,160.0,3385.22,33.13,True,Active,shazia,None,Normal,5: Lying down (controlled)
1789494446.9928222,32809,Person E,1852.9,2834.0,160.0,3384.61,33.23,True,Active,shazia,None,Normal,5: Lying down (controlled)
1789494447.0865662,32810,Person E,1853.9,2832.3,320.0,3385.09,33.43,True,Active,shazia,None,Normal,5: Lying down (controlled)
1789494447.1802924,32811,Person E,1855.9,2830.4,240.0,3387.83,33.62,True,Active,shazia,None,Normal,5: Lying down (controlled)
1789494447.2740383,32812,Person E,1858.5,2828.6,640.0,3387.55,33.71,True,Active,shazia,None,Normal,5: Lying down (controlled)
1789494447.3521528,32813,Person E,1861.3,2827.5,-80.0,3387.28,33.67,True,Active,shazia,None,Normal,5: Lying down (controlled)
1789494447.445916,32814,Person E,1863.9,2827.0,320.0,3390.88,33.67,True,Active,shazia,None,Normal,5: Lying down (controlled)
1789494447.5240188,32815,Person E,1866.4,2826.5,640.0,3391.99,33.7,True,Active,shazia,None,Normal,5: Lying down (controlled)
1789494447.6333826,32816,Person E,1869.8,2825.3,160.0,3392.83,33.75,True,Active,shazia,None,Normal,5: Lying down (controlled)
1789494447.7271266,32817,Person E,1873.5,2823.7,-80.0,3393.93,33.72,True,Active,shazia,None,Normal,5: Lying down (controlled)
1789494447.80525,32818,Person E,1876.9,2823.0,320.0,3398.09,33.67,True,Active,shazia,None,Normal,5: Lying down (controlled)
1789494447.8833857,32819,Person E,1879.9,2822.8,640.0,3399.48,33.68,True,Active,shazia,None,Normal,5: Lying down (controlled)
1789494448.0083761,32820,Person E,1881.9,2822.9,160.0,3396.98,33.7,True,Active,shazia,None,Normal,5: Lying down (controlled)
1789494448.104674,32821,Person E,1882.5,2823.2,-80.0,3393.66,33.68,True,Active,shazia,None,Normal,5: Lying down (controlled)
1789494448.214025,32822,Person E,1881.8,2824.3,-80.0,3392.84,33.51,True,Active,shazia,None,Normal,5: Lying down (controlled)
1789494448.2921612,32823,Person E,1880.5,2825.9,160.0,3393.44,33.34,True,Active,shazia,None,Normal,5: Lying down (controlled)
1789494448.3702815,32824,Person E,1878.7,2826.9,160.0,3389.29,33.32,True,Active,shazia,None,Normal,5: Lying down (controlled)
1789494448.4484022,32825,Person E,1877.0,2827.7,320.0,3389.27,33.39,True,Active,shazia,None,Normal,5: Lying down (controlled)
1789494448.5577493,32826,Person E,1875.1,2828.5,-80.0,3388.98,33.41,True,Active,shazia,None,Normal,5: Lying down (controlled)
1789494448.6358678,32827,Person E,1873.6,2828.9,160.0,3388.97,33.47,True,Active,shazia,None,Normal,5: Lying down (controlled)
1789494448.729613,32828,Person E,1872.1,2828.5,160.0,3386.46,33.5,True,Active,shazia,None,Normal,5: Lying down (controlled)
1789494448.79211,32829,Person E,1870.2,2828.0,-80.0,3384.81,33.46,True,Active,shazia,None,Normal,5: Lying down (controlled)
1789494448.8858721,32830,Person E,1868.2,2828.2,240.0,3387.6,33.4,True,Active,shazia,None,Normal,5: Lying down (controlled)
1789494448.9639726,32831,Person E,1866.5,2828.8,640.0,3389.27,33.39,True,Active,shazia,None,Normal,5: Lying down (controlled)
1789494449.0733578,32832,Person E,1865.7,2828.7,160.0,3387.6,33.4,True,Active,shazia,None,Normal,5: Lying down (controlled)
1789494449.1514785,32833,Person E,1865.5,2827.7,-80.0,3383.99,33.4,True,Active,shazia,None,Normal,5: Lying down (controlled)
1789494449.2295973,32834,Person E,1865.6,2826.6,240.0,3380.65,33.44,True,Active,shazia,None,Normal,5: Lying down (controlled)
1789494449.3233411,32835,Person E,1865.7,2825.5,160.0,3380.64,33.5,True,Active,shazia,None,Normal,5: Lying down (controlled)
1789494449.4170637,32836,Person E,1866.3,2824.0,320.0,3379.79,33.63,True,Active,shazia,None,Normal,5: Lying down (controlled)
1789494449.510828,32837,Person E,1867.1,2822.5,320.0,3380.9,33.72,True,Active,shazia,None,Normal,5: Lying down (controlled)
1789494449.5889318,32838,Person E,1868.9,2821.1,320.0,3384.8,33.88,True,Active,shazia,None,Normal,5: Lying down (controlled)
1789494449.6670516,32839,Person E,1871.6,2819.4,-80.0,3385.66,34.0,True,Active,shazia,None,Normal,5: Lying down (controlled)
1789494449.7607913,32840,Person E,1874.3,2816.8,-80.0,3380.96,34.03,True,Active,shazia,None,Normal,5: Lying down (controlled)
1789494449.8701613,32841,Person E,1876.7,2813.7,-80.0,3376.79,34.01,True,Active,shazia,None,Normal,5: Lying down (controlled)
1789494449.9482834,32842,Person E,1878.9,2810.9,240.0,3376.5,33.98,True,Active,shazia,None,Normal,5: Lying down (controlled)
1789494450.042024,32843,Person E,1881.2,2808.3,80.0,3375.11,33.97,True,Active,shazia,None,Normal,5: Lying down (controlled)
1789494450.1201417,32844,Person E,1883.0,2806.4,-80.0,3374.81,33.87,True,Active,shazia,None,Normal,5: Lying down (controlled)
1789494450.1982641,32845,Person E,1884.4,2805.1,320.0,3377.58,33.82,True,Active,shazia,None,Normal,5: Lying down (controlled)
1789494450.3076296,32846,Person E,1885.9,2804.4,240.0,3382.31,33.91,True,Active,shazia,None,Normal,5: Lying down (controlled)
1789494450.4169993,32847,Person E,1887.3,2803.9,160.0,3384.54,33.97,True,Active,shazia,None,Normal,5: Lying down (controlled)
1789494450.4795108,32848,Person E,1887.8,2804.1,-80.0,3389.25,33.93,True,Active,shazia,None,Normal,5: Lying down (controlled)
1789494450.5576146,32849,Person E,1888.2,2804.9,320.0,3394.53,33.98,True,Active,shazia,None,Normal,5: Lying down (controlled)
1789494450.6513586,32850,Person E,1889.4,2806.2,320.0,3398.45,34.07,True,Active,shazia,None,Normal,5: Lying down (controlled)
1789494450.7607222,32851,Person E,1891.3,2807.6,160.0,3399.03,34.15,True,Active,shazia,None,Normal,5: Lying down (controlled)
1789494450.8388407,32852,Person E,1893.1,2808.8,-80.0,3396.52,34.12,True,Active,shazia,None,Normal,5: Lying down (controlled)
1789494450.916965,32853,Person E,1894.4,2810.5,-80.0,3396.48,33.99,True,Active,shazia,None,Normal,5: Lying down (controlled)
1789494450.9950817,32854,Person E,1895.7,2812.1,640.0,3395.34,33.91,True,Active,shazia,None,Normal,5: Lying down (controlled)
1789494451.1200922,32855,Person E,1896.5,2813.9,-80.0,3396.99,33.76,True,Active,shazia,None,Normal,5: Lying down (controlled)
1789494451.1981924,32856,Person E,1896.3,2816.0,320.0,3398.65,33.69,True,Active,shazia,None,Normal,5: Lying down (controlled)
1789494451.291936,32857,Person E,1896.2,2818.4,320.0,3403.92,33.73,True,Active,shazia,None,Normal,5: Lying down (controlled)
1789494451.3700752,32858,Person E,1896.7,2820.0,640.0,3405.32,33.85,True,Active,shazia,None,Normal,5: Lying down (controlled)
1789494451.4481788,32859,Person E,1897.3,2820.9,160.0,3405.35,33.97,True,Active,shazia,None,Normal,5: Lying down (controlled)
1789494451.5419378,32860,Person E,1897.5,2821.4,-80.0,3403.71,34.05,True,Active,shazia,None,Normal,5: Lying down (controlled)
1789494451.6356633,32861,Person E,1897.8,2822.1,320.0,3406.51,34.12,True,Active,shazia,None,Normal,5: Lying down (controlled)
1789494451.7294085,32862,Person E,1899.3,2822.5,320.0,3408.26,34.29,True,Active,shazia,None,Normal,5: Lying down (controlled)
1789494451.8075454,32863,Person E,1901.8,2821.9,160.0,3405.57,34.4,True,Active,shazia,None,Normal,5: Lying down (controlled)
1789494451.8856645,32864,Person E,1904.8,2820.6,-80.0,3401.44,34.45,True,Active,shazia,None,Normal,5: Lying down (controlled)
1789494451.979392,32865,Person E,1907.8,2818.8,-80.0,3398.88,34.35,True,Active,shazia,None,Normal,5: Lying down (controlled)
1789494452.0731351,32866,Person E,1910.8,2816.7,160.0,3398.01,34.3,True,Active,shazia,None,Normal,5: Lying down (controlled)
1789494452.1668754,32867,Person E,1913.0,2814.1,160.0,3394.67,34.28,True,Active,shazia,None,Normal,5: Lying down (controlled)
1789494452.2606218,32868,Person E,1914.5,2811.9,320.0,3395.49,34.27,True,Active,shazia,None,Normal,5: Lying down (controlled)
1789494452.338743,32869,Person E,1916.0,2810.1,320.0,3398.88,34.35,True,Active,shazia,None,Normal,5: Lying down (controlled)
1789494452.4325027,32870,Person E,1917.8,2808.4,160.0,3399.79,34.47,True,Active,shazia,None,Normal,5: Lying down (controlled)
1789494452.557474,32871,Person E,1919.7,2806.3,160.0,3399.9,34.59,True,Active,shazia,None,Normal,5: Lying down (controlled)
1789494452.651237,32872,Person E,1921.2,2804.3,-80.0,3400.27,34.69,True,Active,shazia,None,Normal,5: Lying down (controlled)
1789494452.7293406,32873,Person E,1922.5,2803.3,240.0,3404.7,34.67,True,Active,shazia,None,Normal,5: Lying down (controlled)
1789494452.8074763,32874,Person E,1924.1,2802.8,640.0,3406.41,34.72,True,Active,shazia,None,Normal,5: Lying down (controlled)
1789494452.8855958,32875,Person E,1926.3,2802.1,320.0,3405.58,34.73,True,Active,shazia,None,Normal,5: Lying down (controlled)
1789494452.9793198,32876,Person E,1928.6,2801.6,320.0,3406.91,34.67,True,Active,shazia,None,Normal,5: Lying down (controlled)
1789494453.0886874,32877,Person E,1931.3,2801.4,320.0,3408.3,34.67,True,Active,shazia,None,Normal,5: Lying down (controlled)
1789494453.1668267,32878,Person E,1934.1,2801.2,160.0,3409.69,34.68,True,Active,shazia,None,Normal,5: Lying down (controlled)
1789494453.2449486,32879,Person E,1936.2,2800.6,160.0,3405.84,34.7,True,Active,shazia,None,Normal,5: Lying down (controlled)
1789494453.3230674,32880,Person E,1937.7,2800.2,320.0,3405.01,34.71,True,Active,shazia,None,Normal,5: Lying down (controlled)
1789494453.4167893,32881,Person E,1939.1,2800.2,320.0,3407.86,34.78,True,Active,shazia,None,Normal,5: Lying down (controlled)
1789494453.5105333,32882,Person E,1940.4,2800.3,160.0,3408.51,34.86,True,Active,shazia,None,Normal,5: Lying down (controlled)
1789494453.588656,32883,Person E,1941.6,2799.9,160.0,3408.26,34.88,True,Active,shazia,None,Normal,5: Lying down (controlled)
1789494453.6667917,32884,Person E,1942.9,2799.5,320.0,3410.55,34.93,True,Active,shazia,None,Normal,5: Lying down (controlled)
1789494453.7605171,32885,Person E,1944.4,2799.5,240.0,3414.15,34.93,True,Active,shazia,None,Normal,5: Lying down (controlled)
1789494453.8698866,32886,Person E,1946.2,2799.3,640.0,3415.54,34.94,True,Active,shazia,None,Normal,5: Lying down (controlled)
1789494453.963647,32887,Person E,1947.8,2799.4,320.0,3418.25,34.88,True,Active,shazia,None,Normal,5: Lying down (controlled)
1789494454.0417469,32888,Person E,1948.8,2799.5,-80.0,3416.22,34.81,True,Active,shazia,None,Normal,5: Lying down (controlled)
1789494454.1355102,32889,Person E,1949.4,2800.1,-80.0,3414.19,34.73,True,Active,shazia,None,Normal,5: Lying down (controlled)
1789494454.2136128,32890,Person E,1949.8,2800.7,160.0,3412.22,34.71,True,Active,shazia,None,Normal,5: Lying down (controlled)
1789494454.3073587,32891,Person E,1949.5,2801.4,-80.0,3411.91,34.67,True,Active,shazia,None,Normal,5: Lying down (controlled)
1789494454.4167252,32892,Person E,1949.0,2802.5,320.0,3414.69,34.68,True,Active,shazia,None,Normal,5: Lying down (controlled)
1789494454.4792366,32893,Person E,1949.0,2803.7,320.0,3418.11,34.76,True,Active,shazia,None,Normal,5: Lying down (controlled)
1789494454.5573366,32894,Person E,1949.0,2804.7,160.0,3418.75,34.84,True,Active,shazia,None,Normal,5: Lying down (controlled)
1789494454.651083,32895,Person E,1948.8,2805.0,-80.0,3415.47,34.88,True,Active,shazia,None,Normal,5: Lying down (controlled)
1789494454.7448237,32896,Person E,1948.7,2804.9,320.0,3414.15,34.93,True,Active,shazia,None,Normal,5: Lying down (controlled)
1789494454.8541918,32897,Person E,1948.9,2804.4,160.0,3415.3,34.96,True,Active,shazia,None,Normal,5: Lying down (controlled)
1789494454.9323301,32898,Person E,1949.3,2803.7,160.0,3412.76,34.93,True,Active,shazia,None,Normal,5: Lying down (controlled)
1789494455.0416813,32899,Person E,1950.0,2803.2,320.0,3414.07,34.87,True,Active,shazia,None,Normal,5: Lying down (controlled)
1789494455.1666732,32900,Person E,1950.2,2803.3,0.0,3414.19,34.73,True,Active,shazia,None,Normal,5: Lying down (controlled)
1789494455.2604167,32901,Person E,1950.0,2803.5,640.0,3412.42,34.63,True,Active,shazia,None,Normal,5: Lying down (controlled)
1789494455.3541563,32902,Person E,1949.5,2803.4,160.0,3411.03,34.62,True,Active,shazia,None,Normal,5: Lying down (controlled)
1789494455.4322953,32903,Person E,1947.9,2803.5,-80.0,3409.83,34.53,True,Active,shazia,None,Normal,5: Lying down (controlled)
1789494455.5103962,32904,Person E,1945.8,2804.0,320.0,3410.92,34.5,True,Active,shazia,None,Normal,5: Lying down (controlled)
1789494455.588535,32905,Person E,1944.3,2804.6,320.0,3411.85,34.61,True,Active,shazia,None,Normal,5: Lying down (controlled)
1789494455.6666348,32906,Person E,1942.9,2805.0,160.0,3409.44,34.7,True,Active,shazia,None,Normal,5: Lying down (controlled)
1789494455.7603812,32907,Person E,1941.3,2805.3,-80.0,3408.62,34.71,True,Active,shazia,None,Normal,5: Lying down (controlled)
1789494455.8385174,32908,Person E,1939.5,2805.9,-80.0,3407.42,34.62,True,Active,shazia,None,Normal,5: Lying down (controlled)
1789494455.916621,32909,Person E,1937.6,2806.4,160.0,3407.36,34.56,True,Active,shazia,None,Normal,5: Lying down (controlled)
1789494456.010382,32910,Person E,1935.7,2806.9,-80.0,3407.52,34.42,True,Active,shazia,None,Normal,5: Lying down (controlled)
1789494456.1041057,32911,Person E,1933.4,2807.7,-80.0,3406.01,34.23,True,Active,shazia,None,Normal,5: Lying down (controlled)
1789494456.1978486,32912,Person E,1930.4,2809.0,-80.0,3404.83,34.08,True,Active,shazia,None,Normal,5: Lying down (controlled)
1789494456.2759883,32913,Person E,1927.6,2810.4,240.0,3405.64,34.01,True,Active,shazia,None,Normal,5: Lying down (controlled)
1789494456.3540912,32914,Person E,1924.8,2811.6,160.0,3405.08,34.0,True,Active,shazia,None,Normal,5: Lying down (controlled)
1789494456.447851,32915,Person E,1921.4,2812.8,160.0,3402.59,34.03,True,Active,shazia,None,Normal,5: Lying down (controlled)
1789494456.541575,32916,Person E,1917.7,2814.6,-80.0,3403.42,34.02,True,Active,shazia,None,Normal,5: Lying down (controlled)
1789494456.619694,32917,Person E,1914.1,2816.1,640.0,3400.66,34.07,True,Active,shazia,None,Normal,5: Lying down (controlled)
1789494456.7134411,32918,Person E,1911.0,2817.0,160.0,3397.35,34.11,True,Active,shazia,None,Normal,5: Lying down (controlled)
1789494456.7915578,32919,Person E,1907.9,2817.6,-80.0,3394.84,34.07,True,Active,shazia,None,Normal,5: Lying down (controlled)
1789494456.8781931,32920,Person E,1905.4,2817.6,240.0,3393.45,34.07,True,Active,shazia,None,Normal,5: Lying down (controlled)
1789494456.9719334,32921,Person E,1904.2,2817.1,160.0,3395.13,34.11,True,Active,shazia,None,Normal,5: Lying down (controlled)
1789494457.0656796,32922,Person E,1903.8,2816.0,160.0,3393.48,34.13,True,Active,shazia,None,Normal,5: Lying down (controlled)
1789494457.1529582,32923,Person E,1903.7,2814.8,320.0,3395.13,34.11,True,Active,shazia,None,Normal,5: Lying down (controlled)
1789494457.2455504,32924,Person E,1903.3,2814.1,-80.0,3397.04,34.01,True,Active,shazia,None,Normal,5: Lying down (controlled)
1789494457.3520472,32925,Person E,1902.6,2814.0,160.0,3397.85,33.94,True,Active,shazia,None,Normal,5: Lying down (controlled)
1789494457.4329839,32926,Person E,1901.0,2814.1,-80.0,3395.32,33.78,True,Active,shazia,None,Normal,5: Lying down (controlled)
1789494457.5267448,32927,Person E,1898.6,2814.7,160.0,3392.27,33.68,True,Active,shazia,None,Normal,5: Lying down (controlled)
1789494457.6048636,32928,Person E,1896.3,2816.1,240.0,3396.15,33.65,True,Active,shazia,None,Normal,5: Lying down (controlled)
1789494457.6829836,32929,Person E,1894.4,2817.5,640.0,3395.87,33.68,True,Active,shazia,None,Normal,5: Lying down (controlled)
1789494457.7610843,32930,Person E,1892.7,2818.7,160.0,3393.93,33.72,True,Active,shazia,None,Normal,5: Lying down (controlled)
1789494457.854828,32931,Person E,1890.5,2819.8,-80.0,3391.99,33.7,True,Active,shazia,None,Normal,5: Lying down (controlled)
1789494457.9485714,32932,Person E,1888.4,2820.9,240.0,3390.88,33.73,True,Active,shazia,None,Normal,5: Lying down (controlled)
1789494458.0266936,32933,Person E,1886.6,2821.6,160.0,3390.89,33.79,True,Active,shazia,None,Normal,5: Lying down (controlled)
1789494458.1204534,32934,Person E,1885.1,2821.6,160.0,3388.67,33.8,True,Active,shazia,None,Normal,5: Lying down (controlled)
1789494458.2141972,32935,Person E,1883.9,2821.4,320.0,3389.5,33.79,True,Active,shazia,None,Normal,5: Lying down (controlled)
1789494458.3235476,32936,Person E,1883.3,2821.1,-80.0,3389.5,33.73,True,Active,shazia,None,Normal,5: Lying down (controlled)
1789494458.620419,32937,Person E,1883.2,2820.9,160.0,3390.05,33.68,True,Active,shazia,None,Normal,5: Lying down (controlled)
1789494458.7141623,32938,Person E,1883.2,2820.2,160.0,3390.33,33.72,True,Active,shazia,None,Normal,5: Lying down (controlled)
1789494458.7766447,32939,Person E,1883.2,2819.7,-80.0,3391.71,33.72,True,Active,shazia,None,Normal,5: Lying down (controlled)
1789494458.8860116,32940,Person E,1883.5,2819.9,240.0,3397.26,33.74,True,Active,shazia,None,Normal,5: Lying down (controlled)
1789494458.9953787,32941,Person E,1884.4,2820.2,640.0,3399.49,33.8,True,Active,shazia,None,Normal,5: Lying down (controlled)
1789494459.1360097,32942,Person E,1885.3,2820.4,160.0,3397.55,33.84,True,Active,shazia,None,Normal,5: Lying down (controlled)
1789494459.2141128,32943,Person E,1885.5,2820.5,-80.0,3392.83,33.81,True,Active,shazia,None,Normal,5: Lying down (controlled)
1789494459.323496,32944,Person E,1884.8,2820.8,0.0,3387.28,33.67,True,Active,shazia,None,Normal,5: Lying down (controlled)
1789494459.3859754,32945,Person E,1883.2,2821.0,160.0,3382.3,33.54,True,Active,shazia,None,Normal,5: Lying down (controlled)
1789494459.479736,32946,Person E,1881.4,2820.7,160.0,3377.03,33.5,True,Active,shazia,None,Normal,5: Lying down (controlled)
1789494459.5734627,32947,Person E,1879.6,2820.3,320.0,3376.76,33.46,True,Active,shazia,None,Normal,5: Lying down (controlled)
1789494459.651598,32948,Person E,1878.1,2820.0,320.0,3379.52,33.53,True,Active,shazia,None,Normal,5: Lying down (controlled)
1789494459.729718,32949,Person E,1876.9,2819.5,160.0,3380.9,33.6,True,Active,shazia,None,Normal,5: Lying down (controlled)
1789494459.8078377,32950,Person E,1875.7,2818.3,160.0,3380.62,33.69,True,Active,shazia,None,Normal,5: Lying down (controlled)
1789494459.8703134,32951,Person E,1874.3,2817.2,-80.0,3382.56,33.7,True,Active,shazia,None,Normal,5: Lying down (controlled)
1789494459.9640572,32952,Person E,1873.1,2816.8,240.0,3387.55,33.71,True,Active,shazia,None,Normal,5: Lying down (controlled)
1789494460.0578206,32953,Person E,1872.7,2816.9,640.0,3391.44,33.75,True,Active,shazia,None,Normal,5: Lying down (controlled)
1789494460.1203153,32954,Person E,1873.4,2817.1,320.0,3392.83,33.75,True,Active,shazia,None,Normal,5: Lying down (controlled)
1789494460.1984355,32955,Person E,1874.9,2817.4,320.0,3393.1,33.73,True,Active,shazia,None,Normal,5: Lying down (controlled)
1789494460.292164,32956,Person E,1877.2,2818.0,240.0,3394.77,33.77,True,Active,shazia,None,Normal,5: Lying down (controlled)
1789494460.3859076,32957,Person E,1879.9,2818.4,160.0,3395.05,33.81,True,Active,shazia,None,Normal,5: Lying down (controlled)
1789494460.4796512,32958,Person E,1882.0,2818.4,160.0,3391.17,33.83,True,Active,shazia,None,Normal,5: Lying down (controlled)
1789494460.5421455,32959,Person E,1883.7,2818.4,320.0,3390.34,33.84,True,Active,shazia,None,Normal,5: Lying down (controlled)
1789494460.6359057,32960,Person E,1885.6,2818.6,320.0,3392.85,33.93,True,Active,shazia,None,Normal,5: Lying down (controlled)
1789494460.745254,32961,Person E,1887.6,2818.5,160.0,3392.87,33.99,True,Active,shazia,None,Normal,5: Lying down (controlled)
1789494460.8233728,32962,Person E,1889.1,2818.0,-80.0,3391.75,33.97,True,Active,shazia,None,Normal,5: Lying down (controlled)
1789494460.9015121,32963,Person E,1890.0,2817.5,-80.0,3392.3,33.92,True,Active,shazia,None,Normal,5: Lying down (controlled)
1789494460.995256,32964,Person E,1890.9,2817.3,240.0,3396.17,33.9,True,Active,shazia,None,Normal,5: Lying down (controlled)
1789494461.0577512,32965,Person E,1892.1,2817.2,640.0,3398.95,33.91,True,Active,shazia,None,Normal,5: Lying down (controlled)
1789494461.1671002,32966,Person E,1893.1,2817.1,320.0,3399.51,33.92,True,Active,shazia,None,Normal,5: Lying down (controlled)
1789494461.2452216,32967,Person E,1893.5,2817.2,-80.0,3398.11,33.85,True,Active,shazia,None,Normal,5: Lying down (controlled)
1789494461.3389635,32968,Person E,1893.2,2818.0,-80.0,3396.15,33.71,True,Active,shazia,None,Normal,5: Lying down (controlled)
1789494461.4014778,32969,Person E,1892.2,2819.2,160.0,3394.77,33.59,True,Active,shazia,None,Normal,5: Lying down (controlled)
1789494461.4795985,32970,Person E,1890.5,2820.9,-80.0,3397.55,33.54,True,Active,shazia,None,Normal,5: Lying down (controlled)
1789494461.6045887,32971,Person E,1888.7,2823.3,320.0,3402.82,33.52,True,Active,shazia,None,Normal,5: Lying down (controlled)
1789494461.6826892,32972,Person E,1887.6,2825.8,320.0,3406.42,33.58,True,Active,shazia,None,Normal,5: Lying down (controlled)
1789494461.7608087,32973,Person E,1887.2,2827.8,160.0,3406.69,33.68,True,Active,shazia,None,Normal,5: Lying down (controlled)
1789494461.8389478,32974,Person E,1886.9,2828.9,-160.0,3403.64,33.75,True,Active,shazia,None,Normal,5: Lying down (controlled)
1789494461.9170678,32975,Person E,1887.0,2829.2,320.0,3402.0,33.89,True,Active,shazia,None,Normal,5: Lying down (controlled)
1789494462.0107963,32976,Person E,1887.5,2828.7,640.0,3398.16,34.04,True,Active,shazia,None,Normal,5: Lying down (controlled)
1789494462.1045544,32977,Person E,1888.6,2827.4,80.0,3393.48,34.13,True,Active,shazia,None,Normal,5: Lying down (controlled)
1789494462.182674,32978,Person E,1890.3,2825.3,-80.0,3388.22,34.15,True,Active,shazia,None,Normal,5: Lying down (controlled)
1789494462.2607942,32979,Person E,1891.4,2823.3,-80.0,3384.26,33.93,True,Active,shazia,None,Normal,5: Lying down (controlled)
1789494462.338897,32980,Person E,1891.1,2821.4,640.0,3380.07,33.67,True,Active,shazia,None,Normal,5: Lying down (controlled)
1789494462.4170132,32981,Person E,1890.2,2819.1,160.0,3378.68,33.61,True,Active,shazia,None,Normal,5: Lying down (controlled)
1789494462.5107572,32982,Person E,1889.2,2816.8,320.0,3381.73,33.65,True,Active,shazia,None,Normal,5: Lying down (controlled)
1789494462.6045196,32983,Person E,1888.1,2815.0,-80.0,3385.61,33.69,True,Active,shazia,None,Normal,5: Lying down (controlled)
1789494462.6826265,32984,Person E,1887.2,2813.5,640.0,3386.17,33.77,True,Active,shazia,None,Normal,5: Lying down (controlled)
1789494462.760759,32985,Person E,1885.7,2812.5,-80.0,3385.34,33.77,True,Active,shazia,None,Normal,5: Lying down (controlled)
1789494462.8544848,32986,Person E,1883.3,2812.3,-80.0,3383.12,33.72,True,Active,shazia,None,Normal,5: Lying down (controlled)
1789494462.9482272,32987,Person E,1880.4,2812.6,320.0,3379.79,33.69,True,Active,shazia,None,Normal,5: Lying down (controlled)
1789494463.0419898,32988,Person E,1878.1,2813.4,160.0,3382.01,33.75,True,Active,shazia,None,Normal,5: Lying down (controlled)
1789494463.1201103,32989,Person E,1877.4,2813.3,80.0,3379.52,33.84,True,Active,shazia,None,Normal,5: Lying down (controlled)
1789494463.198213,32990,Person E,1878.4,2812.6,320.0,3379.81,33.88,True,Active,shazia,None,Normal,5: Lying down (controlled)
1789494463.2763507,32991,Person E,1880.5,2811.8,320.0,3383.71,33.98,True,Active,shazia,None,Normal,5: Lying down (controlled)
1789494463.3700933,32992,Person E,1882.8,2810.7,160.0,3385.41,34.08,True,Active,shazia,None,Normal,5: Lying down (controlled)
1789494463.448212,32993,Person E,1885.2,2809.2,160.0,3386.56,34.17,True,Active,shazia,None,Normal,5: Lying down (controlled)
1789494463.526332,32994,Person E,1887.9,2807.6,320.0,3388.02,34.3,True,Active,shazia,None,Normal,5: Lying down (controlled)
1789494463.6044514,32995,Person E,1891.3,2805.9,240.0,3390.32,34.41,True,Active,shazia,None,Normal,5: Lying down (controlled)
1789494463.7294233,32996,Person E,1895.3,2803.8,640.0,3388.15,34.48,True,Active,shazia,None,Normal,5: Lying down (controlled)
1789494463.8231869,32997,Person E,1899.6,2801.4,160.0,3384.03,34.53,True,Active,shazia,None,Normal,5: Lying down (controlled)
1789494463.901306,32998,Person E,1903.1,2798.8,-80.0,3380.12,34.49,True,Active,shazia,None,Normal,5: Lying down (controlled)
1789494463.979427,32999,Person E,1906.1,2796.4,320.0,3376.51,34.49,True,Active,shazia,None,Normal,5: Lying down (controlled)
1789494464.073169,33000,Person E,1909.0,2794.1,160.0,3377.08,34.5,True,Active,shazia,None,Normal,5: Lying down (controlled)
1789494464.166893,33001,Person E,1911.0,2791.9,80.0,3376.77,34.47,True,Active,shazia,None,Normal,5: Lying down (controlled)
1789494464.2606418,33002,Person E,1912.4,2790.3,320.0,3380.07,34.43,True,Active,shazia,None,Normal,5: Lying down (controlled)
1789494464.3231328,33003,Person E,1913.6,2789.2,320.0,3384.24,34.44,True,Active,shazia,None,Normal,5: Lying down (controlled)
1789494464.4168952,33004,Person E,1914.6,2788.3,160.0,3386.25,34.52,True,Active,shazia,None,Normal,5: Lying down (controlled)
1789494464.4793913,33005,Person E,1915.2,2787.5,160.0,3387.12,34.57,True,Active,shazia,None,Normal,5: Lying down (controlled)
1789494464.588743,33006,Person E,1916.3,2786.7,320.0,3387.81,34.71,True,Active,shazia,None,Normal,5: Lying down (controlled)
1789494464.651235,33007,Person E,1918.1,2786.1,-80.0,3389.34,34.83,True,Active,shazia,None,Normal,5: Lying down (controlled)
1789494464.7449985,33008,Person E,1920.4,2785.4,640.0,3387.45,34.88,True,Active,shazia,None,Normal,5: Lying down (controlled)
1789494464.8074937,33009,Person E,1922.8,2784.9,320.0,3386.06,34.87,True,Active,shazia,None,Normal,5: Lying down (controlled)
1789494464.901237,33010,Person E,1924.7,2784.4,-160.0,3383.77,34.82,True,Active,shazia,None,Normal,5: Lying down (controlled)
1789494465.0105891,33011,Person E,1926.9,2783.8,240.0,3384.34,34.83,True,Active,shazia,None,Normal,5: Lying down (controlled)
1789494465.1043499,33012,Person E,1929.2,2782.8,160.0,3384.91,34.85,True,Active,shazia,None,Normal,5: Lying down (controlled)
1789494465.1824684,33013,Person E,1930.9,2781.5,160.0,3383.2,34.8,True,Active,shazia,None,Normal,5: Lying down (controlled)
1789494465.260588,33014,Person E,1931.9,2780.7,320.0,3385.35,34.74,True,Active,shazia,None,Normal,5: Lying down (controlled)
1789494465.3387072,33015,Person E,1932.8,2780.2,320.0,3388.13,34.75,True,Active,shazia,None,Normal,5: Lying down (controlled)
1789494465.4793074,33016,Person E,1932.9,2780.5,160.0,3390.85,34.69,True,Active,shazia,None,Normal,5: Lying down (controlled)
1789494465.5886762,33017,Person E,1932.3,2781.2,160.0,3391.67,34.68,True,Active,shazia,None,Normal,5: Lying down (controlled)
1789494465.6824338,33018,Person E,1931.5,2782.6,-80.0,3394.39,34.63,True,Active,shazia,None,Normal,5: Lying down (controlled)
1789494465.7449133,33019,Person E,1930.9,2784.7,240.0,3399.9,34.59,True,Active,shazia,None,Normal,5: Lying down (controlled)
1789494465.8386586,33020,Person E,1930.7,2787.0,640.0,3401.54,34.57,True,Active,shazia,None,Normal,5: Lying down (controlled)
1789494465.932398,33021,Person E,1930.2,2789.3,320.0,3400.41,34.54,True,Active,shazia,None,Normal,5: Lying down (controlled)
1789494466.0261405,33022,Person E,1929.1,2791.7,-80.0,3398.4,34.46,True,Active,shazia,None,Normal,5: Lying down (controlled)
1789494466.1042624,33023,Person E,1927.9,2794.2,240.0,3396.96,34.4,True,Active,shazia,None,Normal,5: Lying down (controlled)
1789494466.2136397,33024,Person E,1926.9,2796.2,160.0,3396.14,34.41,True,Active,shazia,None,Normal,5: Lying down (controlled)
1789494466.416748,33025,Person E,1925.5,2797.8,160.0,3393.36,34.4,True,Active,shazia,None,Normal,5: Lying down (controlled)
1789494466.557355,33026,Person E,1924.2,2799.0,320.0,3393.36,34.4,True,Active,shazia,None,Normal,5: Lying down (controlled)
1789494466.6354773,33027,Person E,1923.5,2800.0,320.0,3395.93,34.49,True,Active,shazia,None,Normal,5: Lying down (controlled)
1789494466.6979914,33028,Person E,1923.2,2800.5,160.0,3396.8,34.54,True,Active,shazia,None,Normal,5: Lying down (controlled)
1789494466.7761085,33029,Person E,1922.7,2800.3,-160.0,3395.41,34.54,True,Active,shazia,None,Normal,5: Lying down (controlled)
1789494466.8542283,33030,Person E,1922.4,2799.7,320.0,3394.9,34.58,True,Active,shazia,None,Normal,5: Lying down (controlled)
1789494466.9323275,33031,Person E,1922.4,2799.4,240.0,3397.94,34.57,True,Active,shazia,None,Normal,5: Lying down (controlled)
1789494467.0104473,33032,Person E,1922.9,2799.0,640.0,3397.94,34.57,True,Active,shazia,None,Normal,5: Lying down (controlled)
1789494467.1041949,33033,Person E,1923.3,2798.6,-80.0,3395.93,34.49,True,Active,shazia,None,Normal,5: Lying down (controlled)
1789494467.1666903,33034,Person E,1922.9,2798.3,-80.0,3391.4,34.38,True,Active,shazia,None,Normal,5: Lying down (controlled)
1789494467.244826,33035,Person E,1922.0,2798.2,240.0,3387.46,34.28,True,Active,shazia,None,Normal,5: Lying down (controlled)
1789494467.3541741,33036,Person E,1921.0,2798.1,160.0,3386.89,34.27,True,Active,shazia,None,Normal,5: Lying down (controlled)
1789494467.4166703,33037,Person E,1919.4,2798.4,-80.0,3389.37,34.24,True,Active,shazia,None,Normal,5: Lying down (controlled)
1789494467.4948096,33038,Person E,1917.0,2799.3,-80.0,3390.7,34.12,True,Active,shazia,None,Normal,5: Lying down (controlled)
1789494467.588553,33039,Person E,1914.3,2800.8,320.0,3392.6,34.02,True,Active,shazia,None,Normal,5: Lying down (controlled)
1789494467.6510286,33040,Person E,1911.4,2802.5,160.0,3392.6,34.02,True,Active,shazia,None,Normal,5: Lying down (controlled)
1789494467.729148,33041,Person E,1908.4,2803.7,-160.0,3390.94,34.04,True,Active,shazia,None,Normal,5: Lying down (controlled)
1789494467.8228915,33042,Person E,1905.1,2804.9,-80.0,3389.27,33.99,True,Active,shazia,None,Normal,5: Lying down (controlled)
1789494467.901031,33043,Person E,1902.4,2806.3,240.0,3392.31,33.98,True,Active,shazia,None,Normal,5: Lying down (controlled)
1789494467.9791508,33044,Person E,1900.4,2807.8,160.0,3392.58,33.96,True,Active,shazia,None,Normal,5: Lying down (controlled)
1789494468.0572703,33045,Person E,1899.1,2809.3,320.0,3392.58,33.96,True,Active,shazia,None,Normal,5: Lying down (controlled)
1789494468.1509972,33046,Person E,1897.4,2811.1,-80.0,3392.28,33.86,True,Active,shazia,None,Normal,5: Lying down (controlled)
1789494468.2291172,33047,Person E,1895.5,2812.8,240.0,3392.83,33.81,True,Active,shazia,None,Normal,5: Lying down (controlled)
1789494468.322877,33048,Person E,1894.2,2813.9,160.0,3392.56,33.84,True,Active,shazia,None,Normal,5: Lying down (controlled)
1789494468.385357,33049,Person E,1893.2,2814.7,-80.0,3393.66,33.8,True,Active,shazia,None,Normal,5: Lying down (controlled)
1789494468.4791179,33050,Person E,1891.6,2815.9,-80.0,3393.66,33.68,True,Active,shazia,None,Normal,5: Lying down (controlled)
1789494468.5572164,33051,Person E,1889.6,2817.6,320.0,3393.94,33.6,True,Active,shazia,None,Normal,5: Lying down (controlled)
1789494468.666587,33052,Person E,1887.9,2819.1,160.0,3392.27,33.62,True,Active,shazia,None,Normal,5: Lying down (controlled)
1789494468.7447252,33053,Person E,1885.9,2820.1,-80.0,3389.5,33.61,True,Active,shazia,None,Normal,5: Lying down (controlled)
1789494468.8540714,33054,Person E,1883.1,2821.3,-80.0,3387.03,33.45,True,Active,shazia,None,Normal,5: Lying down (controlled)
1789494468.9165862,33055,Person E,1879.7,2822.8,160.0,3386.23,33.34,True,Active,shazia,None,Normal,5: Lying down (controlled)
1789494469.0259533,33056,Person E,1876.5,2823.9,160.0,3383.75,33.3,True,Active,shazia,None,Normal,5: Lying down (controlled)
1789494469.1196814,33057,Person E,1873.6,2824.7,320.0,3383.46,33.33,True,Active,shazia,None,Normal,5: Lying down (controlled)
1789494469.1978168,33058,Person E,1870.5,2825.6,-80.0,3382.91,33.31,True,Active,shazia,None,Normal,5: Lying down (controlled)
1789494469.2603128,33059,Person E,1867.9,2826.2,240.0,3384.28,33.38,True,Active,shazia,None,Normal,5: Lying down (controlled)
1789494469.3540366,33060,Person E,1866.3,2826.2,160.0,3384.81,33.46,True,Active,shazia,None,Normal,5: Lying down (controlled)
1789494469.4634256,33061,Person E,1865.2,2825.6,160.0,3382.86,33.5,True,Active,shazia,None,Normal,5: Lying down (controlled)
1789494469.541525,33062,Person E,1864.3,2825.2,320.0,3383.96,33.53,True,Active,shazia,None,Normal,5: Lying down (controlled)
1789494469.6196625,33063,Person E,1864.2,2824.9,320.0,3386.45,33.62,True,Active,shazia,None,Normal,5: Lying down (controlled)
1789494469.7134082,33064,Person E,1865.4,2823.9,160.0,3385.34,33.71,True,Active,shazia,None,Normal,5: Lying down (controlled)
1789494469.7915258,33065,Person E,1867.3,2822.5,-80.0,3385.06,33.74,True,Active,shazia,None,Normal,5: Lying down (controlled)
1789494469.9008772,33066,Person E,1870.0,2821.1,320.0,3387.01,33.82,True,Active,shazia,None,Normal,5: Lying down (controlled)
1789494469.9633706,33067,Person E,1873.2,2819.7,160.0,3389.52,33.91,True,Active,shazia,None,Normal,5: Lying down (controlled)
1789494470.0571165,33068,Person E,1876.8,2818.0,160.0,3388.71,33.98,True,Active,shazia,None,Normal,5: Lying down (controlled)
1789494470.1352534,33069,Person E,1880.1,2816.5,320.0,3390.1,33.99,True,Active,shazia,None,Normal,5: Lying down (controlled)
1789494470.2446046,33070,Person E,1882.6,2815.5,-80.0,3390.35,33.9,True,Active,shazia,None,Normal,5: Lying down (controlled)
1789494470.369592,33071,Person E,1884.5,2815.1,640.0,3390.06,33.8,True,Active,shazia,None,Normal,5: Lying down (controlled)
1789494470.4633389,33072,Person E,1886.1,2814.6,160.0,3388.67,33.8,True,Active,shazia,None,Normal,5: Lying down (controlled)
1789494470.5414581,33073,Person E,1887.5,2814.1,320.0,3390.07,33.86,True,Active,shazia,None,Normal,5: Lying down (controlled)
1789494470.6352186,33074,Person E,1888.6,2814.1,-80.0,3391.45,33.87,True,Active,shazia,None,Normal,5: Lying down (controlled)
1789494470.713338,33075,Person E,1889.8,2813.7,640.0,3388.42,33.94,True,Active,shazia,None,Normal,5: Lying down (controlled)
1789494470.7914374,33076,Person E,1890.7,2813.0,390.0,3386.22,34.01,True,Active,shazia,None,Normal,5: Lying down (controlled)
1789494470.8695614,33077,Person E,1890.8,2812.3,-80.0,3384.27,33.99,True,Active,shazia,None,Normal,5: Lying down (controlled)
1789494470.9633203,33078,Person E,1890.7,2811.8,320.0,3384.0,34.01,True,Active,shazia,None,Normal,5: Lying down (controlled)
1789494471.0414243,33079,Person E,1890.9,2811.1,160.0,3385.41,34.08,True,Active,shazia,None,Normal,5: Lying down (controlled)
1789494471.1195614,33080,Person E,1891.7,2809.8,160.0,3384.05,34.14,True,Active,shazia,None,Normal,5: Lying down (controlled)
1789494471.2289073,33081,Person E,1893.1,2808.2,320.0,3384.61,34.15,True,Active,shazia,None,Normal,5: Lying down (controlled)
1789494471.3070266,33082,Person E,1895.0,2806.9,320.0,3388.51,34.19,True,Active,shazia,None,Normal,5: Lying down (controlled)
1789494471.4007928,33083,Person E,1896.9,2805.7,640.0,3390.76,34.24,True,Active,shazia,None,Normal,5: Lying down (controlled)
1789494471.4789102,33084,Person E,1899.0,2804.3,160.0,3391.63,34.29,True,Active,shazia,None,Normal,5: Lying down (controlled)
1789494471.5570297,33085,Person E,1901.0,2803.7,-80.0,3394.67,34.28,True,Active,shazia,None,Normal,5: Lying down (controlled)
1789494471.650757,33086,Person E,1902.3,2804.0,-80.0,3395.99,34.16,True,Active,shazia,None,Normal,5: Lying down (controlled)
1789494471.7601414,33087,Person E,1903.3,2804.9,640.0,3397.33,34.05,True,Active,shazia,None,Normal,5: Lying down (controlled)
1789494471.822638,33088,Person E,1904.0,2805.7,160.0,3394.55,34.04,True,Active,shazia,None,Normal,5: Lying down (controlled)
1789494471.9163637,33089,Person E,1903.9,2806.6,-80.0,3392.31,33.98,True,Active,shazia,None,Normal,5: Lying down (controlled)
1789494472.0101042,33090,Person E,1903.5,2807.5,320.0,3389.27,33.99,True,Active,shazia,None,Normal,5: Lying down (controlled)
1789494472.1350954,33091,Person E,1903.5,2808.2,160.0,3390.41,34.08,True,Active,shazia,None,Normal,5: Lying down (controlled)
1789494472.2132194,33092,Person E,1903.5,2808.4,80.0,3390.17,34.17,True,Active,shazia,None,Normal,5: Lying down (controlled)
1789494472.2913365,33093,Person E,1903.1,2808.6,-80.0,3390.17,34.17,True,Active,shazia,None,Normal,5: Lying down (controlled)
1789494472.369474,33094,Person E,1902.9,2808.9,320.0,3392.98,34.24,True,Active,shazia,None,Normal,5: Lying down (controlled)
1789494472.447578,33095,Person E,1902.7,2809.2,-80.0,3396.02,34.22,True,Active,shazia,None,Normal,5: Lying down (controlled)
1789494472.572587,33096,Person E,1903.2,2808.9,160.0,3396.32,34.26,True,Active,shazia,None,Normal,5: Lying down (controlled)
1789494472.6663296,33097,Person E,1904.3,2808.0,160.0,3396.06,34.28,True,Active,shazia,None,Normal,5: Lying down (controlled)
1789494472.744432,33098,Person E,1906.0,2807.4,240.0,3399.14,34.33,True,Active,shazia,None,Normal,5: Lying down (controlled)
1789494472.8225484,33099,Person E,1908.4,2806.6,640.0,3399.18,34.39,True,Active,shazia,None,Normal,5: Lying down (controlled)
1789494472.9006891,33100,Person E,1910.9,2805.7,160.0,3395.88,34.43,True,Active,shazia,None,Normal,5: Lying down (controlled)
1789494472.994414,33101,Person E,1912.6,2804.7,-80.0,3391.71,34.42,True,Active,shazia,None,Normal,5: Lying down (controlled)
1789494473.0881562,33102,Person E,1912.8,2804.1,0.0,3386.33,34.25,True,Active,shazia,None,Normal,5: Lying down (controlled)
1789494473.1662948,33103,Person E,1911.9,2803.7,160.0,3381.81,34.08,True,Active,shazia,None,Normal,5: Lying down (controlled)
1789494473.2444139,33104,Person E,1910.1,2803.4,160.0,3380.4,34.01,True,Active,shazia,None,Normal,5: Lying down (controlled)
1789494473.3381577,33105,Person E,1908.2,2803.1,320.0,3382.88,33.99,True,Active,shazia,None,Normal,5: Lying down (controlled)
1789494473.4318855,33106,Person E,1906.7,2802.9,320.0,3386.24,34.07,True,Active,shazia,None,Normal,5: Lying down (controlled)
1789494473.5256245,33107,Person E,1905.7,2803.0,-80.0,3391.26,34.14,True,Active,shazia,None,Normal,5: Lying down (controlled)
1789494473.603745,33108,Person E,1904.2,2803.2,-80.0,3392.36,34.1,True,Active,shazia,None,Normal,5: Lying down (controlled)
1789494473.6975086,33109,Person E,1902.4,2803.8,-80.0,3394.01,34.08,True,Active,shazia,None,Normal,5: Lying down (controlled)
1789494473.7912524,33110,Person E,1900.5,2805.5,-80.0,3399.25,34.0,True,Active,shazia,None,Normal,5: Lying down (controlled)
1789494473.8849742,33111,Person E,1898.9,2807.9,640.0,3402.57,33.97,True,Active,shazia,None,Normal,5: Lying down (controlled)
1789494473.9787197,33112,Person E,1898.6,2810.2,320.0,3403.69,33.99,True,Active,shazia,None,Normal,5: Lying down (controlled)
1789494474.0568416,33113,Person E,1899.3,2812.3,-80.0,3403.13,33.98,True,Active,shazia,None,Normal,5: Lying down (controlled)
1789494474.1349618,33114,Person E,1900.9,2814.2,240.0,3405.1,34.06,True,Active,shazia,None,Normal,5: Lying down (controlled)
1789494474.259969,33115,Person E,1902.6,2815.6,160.0,3404.0,34.09,True,Active,shazia,None,Normal,5: Lying down (controlled)
1789494474.3380718,33116,Person E,1903.5,2816.7,160.0,3400.4,34.09,True,Active,shazia,None,Normal,5: Lying down (controlled)
1789494474.431812,33117,Person E,1903.7,2817.5,320.0,3399.01,34.09,True,Active,shazia,None,Normal,5: Lying down (controlled)
1789494474.5099518,33118,Person E,1904.5,2817.9,320.0,3400.16,34.18,True,Active,shazia,None,Normal,5: Lying down (controlled)
1789494474.5880723,33119,Person E,1905.6,2817.8,160.0,3399.36,34.25,True,Active,shazia,None,Normal,5: Lying down (controlled)
1789494474.6818154,33120,Person E,1906.8,2816.9,-160.0,3398.54,34.26,True,Active,shazia,None,Normal,5: Lying down (controlled)
1789494474.7755432,33121,Person E,1907.9,2815.7,-80.0,3398.8,34.23,True,Active,shazia,None,Normal,5: Lying down (controlled)
1789494474.884907,33122,Person E,1908.8,2815.0,240.0,3402.94,34.19,True,Active,shazia,None,Normal,5: Lying down (controlled)
1789494474.9474056,33123,Person E,1909.6,2814.4,160.0,3402.64,34.15,True,Active,shazia,None,Normal,5: Lying down (controlled)
1789494475.0411649,33124,Person E,1909.3,2814.2,-80.0,3401.76,34.04,True,Active,shazia,None,Normal,5: Lying down (controlled)
1789494475.1192853,33125,Person E,1908.0,2814.8,-80.0,3401.71,33.85,True,Active,shazia,None,Normal,5: Lying down (controlled)
1789494475.2130084,33126,Person E,1906.1,2816.1,240.0,3400.59,33.7,True,Active,shazia,None,Normal,5: Lying down (controlled)
1789494475.3067522,33127,Person E,1904.2,2817.5,160.0,3400.03,33.69,True,Active,shazia,None,Normal,5: Lying down (controlled)
1789494475.447373,33128,Person E,1902.2,2818.7,320.0,3398.93,33.78,True,Active,shazia,None,Normal,5: Lying down (controlled)
1789494475.541113,33129,Person E,1900.4,2819.8,-80.0,3398.39,33.89,True,Active,shazia,None,Normal,5: Lying down (controlled)
1789494475.634875,33130,Person E,1899.6,2820.6,320.0,3400.66,34.07,True,Active,shazia,None,Normal,5: Lying down (controlled)
1789494475.7129748,33131,Person E,1899.8,2821.0,-80.0,3403.23,34.22,True,Active,shazia,None,Normal,5: Lying down (controlled)
1789494475.8223624,33132,Person E,1900.0,2820.9,-80.0,3403.23,34.22,True,Active,shazia,None,Normal,5: Lying down (controlled)
1789494475.884858,33133,Person E,1900.0,2821.2,-80.0,3405.12,34.12,True,Active,shazia,None,Normal,5: Lying down (controlled)
1789494475.962961,33134,Person E,1900.0,2821.9,-80.0,3407.56,33.97,True,Active,shazia,None,Normal,5: Lying down (controlled)
1789494476.0410802,33135,Person E,1900.3,2822.6,160.0,3409.2,33.83,True,Active,shazia,None,Normal,5: Lying down (controlled)
1789494476.1192,33136,Person E,1901.3,2823.0,320.0,3409.47,33.81,True,Active,shazia,None,Normal,5: Lying down (controlled)
1789494476.1973202,33137,Person E,1902.0,2823.5,-80.0,3408.08,33.74,True,Active,shazia,None,Normal,5: Lying down (controlled)
1789494476.2910805,33138,Person E,1902.4,2824.4,240.0,3408.63,33.76,True,Active,shazia,None,Normal,5: Lying down (controlled)
1789494476.3692014,33139,Person E,1902.0,2825.9,-80.0,3408.63,33.69,True,Active,shazia,None,Normal,5: Lying down (controlled)
1789494476.4473,33140,Person E,1900.4,2828.4,-80.0,3412.52,33.61,True,Active,shazia,None,Normal,5: Lying down (controlled)
1789494476.5723107,33141,Person E,1898.1,2831.6,320.0,3416.96,33.6,True,Active,shazia,None,Normal,5: Lying down (controlled)
1789494476.6504133,33142,Person E,1896.6,2834.7,320.0,3420.56,33.72,True,Active,shazia,None,Normal,5: Lying down (controlled)
1789494476.7285497,33143,Person E,1896.1,2837.2,-80.0,3423.06,33.82,True,Active,shazia,None,Normal,5: Lying down (controlled)
1789494476.8222735,33144,Person E,1896.1,2839.2,-80.0,3424.17,33.78,True,Active,shazia,None,Normal,5: Lying down (controlled)
1789494476.9004123,33145,Person E,1896.3,2841.0,-80.0,3425.27,33.69,True,Active,shazia,None,Normal,5: Lying down (controlled)
1789494477.00978,33146,Person E,1896.5,2843.0,240.0,3427.22,33.65,True,Active,shazia,None,Normal,5: Lying down (controlled)
1789494477.0879002,33147,Person E,1896.8,2844.9,160.0,3425.55,33.61,True,Active,shazia,None,Normal,5: Lying down (controlled)
1789494477.1816435,33148,Person E,1897.0,2846.7,320.0,3424.72,33.62,True,Active,shazia,None,Normal,5: Lying down (controlled)
1789494477.2597628,33149,Person E,1897.1,2848.5,-80.0,3424.18,33.54,True,Active,shazia,None,Normal,5: Lying down (controlled)
1789494477.3534932,33150,Person E,1897.4,2849.7,240.0,3424.18,33.54,True,Active,shazia,None,Normal,5: Lying down (controlled)
1789494477.4472296,33151,Person E,1897.7,2850.3,160.0,3423.62,33.59,True,Active,shazia,None,Normal,5: Lying down (controlled)
1789494477.5409744,33152,Person E,1897.2,2851.1,-80.0,3424.45,33.58,True,Active,shazia,None,Normal,5: Lying down (controlled)
1789494477.619097,33153,Person E,1896.5,2852.2,320.0,3428.33,33.62,True,Active,shazia,None,Normal,5: Lying down (controlled)
1789494477.7284825,33154,Person E,1896.7,2852.9,320.0,3431.1,33.75,True,Active,shazia,None,Normal,5: Lying down (controlled)
1789494477.8222115,33155,Person E,1898.0,2852.7,160.0,3430.84,33.89,True,Active,shazia,None,Normal,5: Lying down (controlled)
1789494477.9159486,33156,Person E,1899.5,2852.1,-80.0,3430.57,33.91,True,Active,shazia,None,Normal,5: Lying down (controlled)
1789494478.0096948,33157,Person E,1901.0,2851.8,-80.0,3431.39,33.84,True,Active,shazia,None,Normal,5: Lying down (controlled)
1789494478.0878148,33158,Person E,1902.5,2851.8,240.0,3433.05,33.82,True,Active,shazia,None,Normal,5: Lying down (controlled)
1789494478.1659343,33159,Person E,1904.0,2852.3,-80.0,3436.65,33.7,True,Active,shazia,None,Normal,5: Lying down (controlled)
1789494478.2440538,33160,Person E,1905.1,2853.2,320.0,3437.76,33.61,True,Active,shazia,None,Normal,5: Lying down (controlled)
1789494478.3377938,33161,Person E,1906.2,2854.3,320.0,3438.87,33.64,True,Active,shazia,None,Normal,5: Lying down (controlled)
1789494478.43154,33162,Person E,1907.9,2855.2,240.0,3441.36,33.73,True,Active,shazia,None,Normal,5: Lying down (controlled)
1789494478.509658,33163,Person E,1909.6,2855.6,160.0,3441.09,33.81,True,Active,shazia,None,Normal,5: Lying down (controlled)
1789494478.5877779,33164,Person E,1910.6,2856.3,-80.0,3442.48,33.82,True,Active,shazia,None,Normal,5: Lying down (controlled)
1789494478.6815414,33165,Person E,1911.0,2857.7,320.0,3444.7,33.81,True,Active,shazia,None,Normal,5: Lying down (controlled)
1789494478.775268,33166,Person E,1911.8,2859.2,320.0,3447.48,33.88,True,Active,shazia,None,Normal,5: Lying down (controlled)
1789494478.9002588,33167,Person E,1913.4,2859.9,160.0,3446.13,34.0,True,Active,shazia,None,Normal,5: Lying down (controlled)
1789494478.9627562,33168,Person E,1915.1,2860.0,-80.0,3443.37,34.05,True,Active,shazia,None,Normal,5: Lying down (controlled)
1789494479.0408914,33169,Person E,1917.3,2859.5,-80.0,3444.76,34.05,True,Active,shazia,None,Normal,5: Lying down (controlled)
1789494479.134635,33170,Person E,1919.6,2858.8,-80.0,3444.74,33.99,True,Active,shazia,None,Normal,5: Lying down (controlled)
1789494479.212734,33171,Person E,1921.5,2858.0,640.0,3442.79,33.98,True,Active,shazia,None,Normal,5: Lying down (controlled)
1789494479.3064778,33172,Person E,1922.5,2857.4,-160.0,3441.94,33.93,True,Active,shazia,None,Normal,5: Lying down (controlled)
1789494479.3845987,33173,Person E,1923.0,2856.8,-80.0,3438.9,33.94,True,Active,shazia,None,Normal,5: Lying down (controlled)
1789494479.4783607,33174,Person E,1923.9,2855.8,240.0,3439.2,34.04,True,Active,shazia,None,Normal,5: Lying down (controlled)
1789494479.6033342,33175,Person E,1925.1,2854.3,160.0,3438.96,34.12,True,Active,shazia,None,Normal,5: Lying down (controlled)
1789494479.6814518,33176,Person E,1925.7,2852.5,160.0,3435.92,34.13,True,Active,shazia,None,Normal,5: Lying down (controlled)
1789494479.7908225,33177,Person E,1925.6,2851.3,320.0,3435.62,34.1,True,Active,shazia,None,Normal,5: Lying down (controlled)
1789494479.868959,33178,Person E,1924.8,2851.0,-80.0,3436.41,33.97,True,Active,shazia,None,Normal,5: Lying down (controlled)
1789494479.947079,33179,Person E,1923.4,2851.0,160.0,3436.94,33.86,True,Active,shazia,None,Normal,5: Lying down (controlled)
1789494480.0251827,33180,Person E,1922.1,2850.7,160.0,3434.99,33.84,True,Active,shazia,None,Normal,5: Lying down (controlled)
1789494480.118922,33181,Person E,1920.7,2850.5,-80.0,3433.32,33.8,True,Active,shazia,None,Normal,5: Lying down (controlled)
1789494480.2126684,33182,Person E,1919.1,2850.5,-80.0,3433.04,33.7,True,Active,shazia,None,Normal,5: Lying down (controlled)
1789494480.2751613,33183,Person E,1917.3,2850.8,640.0,3431.38,33.66,True,Active,shazia,None,Normal,5: Lying down (controlled)
1789494480.368906,33184,Person E,1914.2,2850.8,160.0,3421.95,33.61,True,Active,shazia,None,Normal,5: Lying down (controlled)
1789494480.478273,33185,Person E,1909.7,2850.9,-80.0,3414.76,33.49,True,Active,shazia,None,Normal,5: Lying down (controlled)
1789494480.5563915,33186,Person E,1903.9,2851.5,-80.0,3408.72,33.27,True,Active,shazia,None,Normal,5: Lying down (controlled)
1789494480.66576,33187,Person E,1897.0,2852.3,160.0,3404.12,33.06,True,Active,shazia,None,Normal,5: Lying down (controlled)
1789494480.7282746,33188,Person E,1888.2,2854.6,-80.0,3407.4,32.52,True,Active,shazia,None,Normal,5: Lying down (controlled)
1789494480.8220181,33189,Person E,1878.9,2858.0,320.0,3414.71,32.25,True,Active,shazia,None,Normal,5: Lying down (controlled)
1789494480.900138,33190,Person E,1870.2,2862.1,-80.0,3421.92,32.25,True,Active,shazia,None,Normal,5: Lying down (controlled)
1789494481.0095053,33191,Person E,1863.3,2865.7,160.0,3425.73,32.51,True,Active,shazia,None,Normal,5: Lying down (controlled)
1789494481.103229,33192,Person E,1857.5,2868.6,-80.0,3425.59,32.63,True,Active,shazia,None,Normal,5: Lying down (controlled)
1789494481.181349,33193,Person E,1852.4,2872.1,-80.0,3432.8,32.63,True,Active,shazia,None,Normal,5: Lying down (controlled)
1789494481.2594717,33194,Person E,1849.5,2876.8,240.0,3445.41,32.77,True,Active,shazia,None,Normal,5: Lying down (controlled)
1789494481.3532343,33195,Person E,1849.9,2881.0,320.0,3452.05,33.16,True,Active,shazia,None,Normal,5: Lying down (controlled)
1789494481.4469593,33196,Person E,1853.3,2884.7,-80.0,3458.32,33.41,True,Active,shazia,None,Normal,5: Lying down (controlled)
1789494481.5407002,33197,Person E,1858.1,2887.8,-80.0,3456.37,33.45,True,Active,shazia,None,Normal,5: Lying down (controlled)
1789494481.6344633,33198,Person E,1866.3,2887.9,320.0,3453.01,33.66,True,Active,shazia,None,Normal,5: Lying down (controlled)
1789494481.7125652,33199,Person E,1876.8,2885.7,160.0,3453.59,33.92,True,Active,shazia,None,Normal,5: Lying down (controlled)
1789494481.7907023,33200,Person E,1887.1,2881.9,160.0,3446.42,34.04,True,Active,shazia,None,Normal,5: Lying down (controlled)
1789494481.9000525,33201,Person E,1895.7,2878.5,320.0,3444.47,34.02,True,Active,shazia,None,Normal,5: Lying down (controlled)
1789494481.9937928,33202,Person E,1904.0,2875.6,320.0,3446.97,34.05,True,Active,shazia,None,Normal,5: Lying down (controlled)
1789494482.0719318,33203,Person E,1912.3,2871.7,640.0,3445.9,34.14,True,Active,shazia,None,Normal,5: Lying down (controlled)
1789494482.1500356,33204,Person E,1919.7,2866.3,160.0,3441.27,34.3,True,Active,shazia,None,Normal,5: Lying down (controlled)
1789494482.2281547,33205,Person E,1925.6,2860.9,320.0,3440.02,34.47,True,Active,shazia,None,Normal,5: Lying down (controlled)
1789494482.3375247,33206,Person E,1929.7,2856.1,-80.0,3441.36,34.42,True,Active,shazia,None,Normal,5: Lying down (controlled)
1789494482.46253,33207,Person E,1933.6,2851.3,640.0,3438.32,34.43,True,Active,shazia,None,Normal,5: Lying down (controlled)
1789494482.5250065,33208,Person E,1936.6,2847.0,160.0,3434.2,34.48,True,Active,shazia,None,Normal,5: Lying down (controlled)
1789494482.6187701,33209,Person E,1938.0,2843.2,-160.0,3430.02,34.46,True,Active,shazia,None,Normal,5: Lying down (controlled)
1789494482.6968908,33210,Person E,1939.1,2840.1,320.0,3426.98,34.48,True,Active,shazia,None,Normal,5: Lying down (controlled)
1789494482.7749937,33211,Person E,1940.8,2836.9,160.0,3427.6,34.55,True,Active,shazia,None,Normal,5: Lying down (controlled)
1789494482.8843565,33212,Person E,1942.5,2833.7,-80.0,3430.13,34.58,True,Active,shazia,None,Normal,5: Lying down (controlled)
1789494482.9624968,33213,Person E,1943.7,2831.2,320.0,3432.03,34.54,True,Active,shazia,None,Normal,5: Lying down (controlled)
1789494483.0406168,33214,Person E,1943.9,2830.0,-80.0,3432.5,34.44,True,Active,shazia,None,Normal,5: Lying down (controlled)
1789494483.1343591,33215,Person E,1942.9,2829.6,160.0,3431.06,34.37,True,Active,shazia,None,Normal,5: Lying down (controlled)
1789494483.2280831,33216,Person E,1942.1,2828.7,160.0,3429.41,34.39,True,Active,shazia,None,Normal,5: Lying down (controlled)
1789494483.321832,33217,Person E,1941.3,2828.2,-80.0,3429.67,34.37,True,Active,shazia,None,Normal,5: Lying down (controlled)
1789494483.3999467,33218,Person E,1939.8,2828.5,-80.0,3428.21,34.24,True,Active,shazia,None,Normal,5: Lying down (controlled)
1789494483.5093145,33219,Person E,1937.9,2829.3,640.0,3425.93,34.13,True,Active,shazia,None,Normal,5: Lying down (controlled)
1789494483.587453,33220,Person E,1935.9,2829.9,160.0,3420.67,34.15,True,Active,shazia,None,Normal,5: Lying down (controlled)
1789494483.6811967,33221,Person E,1933.3,2830.3,-160.0,3416.23,34.16,True,Active,shazia,None,Normal,5: Lying down (controlled)
1789494483.7749407,33222,Person E,1930.7,2830.2,320.0,3414.61,34.23,True,Active,shazia,None,Normal,5: Lying down (controlled)
1789494483.8530607,33223,Person E,1928.5,2829.6,-80.0,3414.65,34.3,True,Active,shazia,None,Normal,5: Lying down (controlled)
1789494483.9311633,33224,Person E,1926.3,2829.3,-80.0,3417.62,34.16,True,Active,shazia,None,Normal,5: Lying down (controlled)
1789494484.0249233,33225,Person E,1923.8,2829.4,-80.0,3417.84,34.02,True,Active,shazia,None,Normal,5: Lying down (controlled)
1789494484.1186514,33226,Person E,1920.3,2830.5,-80.0,3418.9,33.8,True,Active,shazia,None,Normal,5: Lying down (controlled)
1789494484.228034,33227,Person E,1915.7,2832.2,-80.0,3418.07,33.57,True,Active,shazia,None,Normal,5: Lying down (controlled)
1789494484.3061557,33228,Person E,1910.6,2834.2,160.0,3416.46,33.35,True,Active,shazia,None,Normal,5: Lying down (controlled)
1789494484.384257,33229,Person E,1905.4,2836.6,-80.0,3417.09,33.18,True,Active,shazia,None,Normal,5: Lying down (controlled)
1789494484.4623923,33230,Person E,1899.7,2840.0,-80.0,3417.45,33.03,True,Active,shazia,None,Normal,5: Lying down (controlled)
1789494484.5561368,33231,Person E,1893.8,2843.8,640.0,3415.28,32.98,True,Active,shazia,None,Normal,5: Lying down (controlled)
1789494484.6654854,33232,Person E,1887.8,2847.5,390.0,3412.17,33.05,True,Active,shazia,None,Normal,5: Lying down (controlled)
1789494484.7436078,33233,Person E,1881.6,2850.9,-160.0,3408.53,33.11,True,Active,shazia,None,Normal,5: Lying down (controlled)
1789494484.821743,33234,Person E,1876.6,2853.1,320.0,3408.18,33.26,True,Active,shazia,None,Normal,5: Lying down (controlled)
1789494484.899863,33235,Person E,1873.2,2854.5,160.0,3410.61,33.41,True,Active,shazia,None,Normal,5: Lying down (controlled)
1789494485.0092156,33236,Person E,1871.3,2854.7,160.0,3410.03,33.52,True,Active,shazia,None,Normal,5: Lying down (controlled)
1789494485.1029663,33237,Person E,1870.9,2854.3,320.0,3412.53,33.55,True,Active,shazia,None,Normal,5: Lying down (controlled)
1789494485.1967175,33238,Person E,1871.5,2853.6,-80.0,3413.92,33.49,True,Active,shazia,None,Normal,5: Lying down (controlled)
1789494485.2748208,33239,Person E,1872.9,2852.4,240.0,3414.76,33.49,True,Active,shazia,None,Normal,5: Lying down (controlled)
1789494485.446684,33240,Person E,1875.2,2850.6,160.0,3415.03,33.52,True,Active,shazia,None,Normal,5: Lying down (controlled)
1789494485.5404258,33241,Person E,1877.6,2848.6,160.0,3411.7,33.5,True,Active,shazia,None,Normal,5: Lying down (controlled)
1789494485.649792,33242,Person E,1879.8,2847.0,320.0,3410.87,33.51,True,Active,shazia,None,Normal,5: Lying down (controlled)
1789494485.7279117,33243,Person E,1882.5,2845.7,320.0,3412.52,33.61,True,Active,shazia,None,Normal,5: Lying down (controlled)
1789494485.8060317,33244,Person E,1884.8,2844.4,160.0,3410.02,33.7,True,Active,shazia,None,Normal,5: Lying down (controlled)
1789494485.8841705,33245,Person E,1886.1,2843.2,-80.0,3407.8,33.7,True,Active,shazia,None,Normal,5: Lying down (controlled)
1789494485.9778953,33246,Person E,1886.3,2842.5,-80.0,3405.31,33.61,True,Active,shazia,None,Normal,5: Lying down (controlled)
1789494486.0716383,33247,Person E,1885.8,2841.9,160.0,3404.76,33.54,True,Active,shazia,None,Normal,5: Lying down (controlled)
1789494486.134153,33248,Person E,1885.3,2840.8,160.0,3401.99,33.53,True,Active,shazia,None,Normal,5: Lying down (controlled)
1789494486.2278972,33249,Person E,1884.7,2839.7,320.0,3402.27,33.5,True,Active,shazia,None,Normal,5: Lying down (controlled)
1789494486.2903926,33250,Person E,1883.4,2839.0,-80.0,3402.02,33.41,True,Active,shazia,None,Normal,5: Lying down (controlled)
1789494486.3997598,33251,Person E,1882.0,2838.7,640.0,3401.49,33.33,True,Active,shazia,None,Normal,5: Lying down (controlled)
1789494486.4935036,33252,Person E,1880.9,2838.3,160.0,3401.47,33.39,True,Active,shazia,None,Normal,5: Lying down (controlled)
1789494486.5716228,33253,Person E,1879.6,2837.9,320.0,3402.0,33.47,True,Active,shazia,None,Normal,5: Lying down (controlled)
1789494486.6341026,33254,Person E,1878.7,2838.0,-80.0,3405.87,33.56,True,Active,shazia,None,Normal,5: Lying down (controlled)
1789494486.7278442,33255,Person E,1878.6,2838.1,640.0,3408.08,33.68,True,Active,shazia,None,Normal,5: Lying down (controlled)
1789494486.8372104,33256,Person E,1879.4,2837.9,-80.0,3408.08,33.74,True,Active,shazia,None,Normal,5: Lying down (controlled)
1789494486.930974,33257,Person E,1880.6,2837.2,-160.0,3405.59,33.77,True,Active,shazia,None,Normal,5: Lying down (controlled)
1789494487.0090766,33258,Person E,1881.6,2836.6,-80.0,3402.53,33.72,True,Active,shazia,None,Normal,5: Lying down (controlled)
1789494487.0872128,33259,Person E,1881.8,2836.5,-80.0,3402.54,33.54,True,Active,shazia,None,Normal,5: Lying down (controlled)
1789494487.165313,33260,Person E,1881.5,2836.8,160.0,3402.87,33.34,True,Active,shazia,None,Normal,5: Lying down (controlled)
1789494487.2590601,33261,Person E,1881.2,2837.3,-80.0,3404.02,33.24,True,Active,shazia,None,Normal,5: Lying down (controlled)
1789494487.337179,33262,Person E,1880.1,2838.2,-80.0,3402.96,33.15,True,Active,shazia,None,Normal,5: Lying down (controlled)
1789494487.4153152,33263,Person E,1877.8,2839.8,-80.0,3402.78,32.99,True,Active,shazia,None,Normal,5: Lying down (controlled)
1789494487.4934154,33264,Person E,1874.2,2841.8,160.0,3402.88,32.87,True,Active,shazia,None,Normal,5: Lying down (controlled)
1789494487.5715544,33265,Person E,1869.8,2844.3,-80.0,3404.85,32.83,True,Active,shazia,None,Normal,5: Lying down (controlled)
1789494487.680922,33266,Person E,1864.9,2847.4,-80.0,3407.13,32.77,True,Active,shazia,None,Normal,5: Lying down (controlled)
1789494487.7746463,33267,Person E,1859.9,2850.9,640.0,3407.43,32.74,True,Active,shazia,None,Normal,5: Lying down (controlled)
1789494487.8527668,33268,Person E,1855.6,2853.9,160.0,3404.01,32.84,True,Active,shazia,None,Normal,5: Lying down (controlled)
1789494487.9465098,33269,Person E,1852.3,2855.9,-80.0,3401.2,32.89,True,Active,shazia,None,Normal,5: Lying down (controlled)
1789494488.0246494,33270,Person E,1850.0,2857.3,-80.0,3402.04,32.88,True,Active,shazia,None,Normal,5: Lying down (controlled)
1789494488.1183715,33271,Person E,1848.4,2858.4,160.0,3404.51,32.92,True,Active,shazia,None,Normal,5: Lying down (controlled)
1789494488.2121153,33272,Person E,1847.4,2859.0,160.0,3402.53,32.96,True,Active,shazia,None,Normal,5: Lying down (controlled)
1789494488.290236,33273,Person E,1847.4,2859.0,320.0,3402.78,32.99,True,Active,shazia,None,Normal,5: Lying down (controlled)
1789494488.3839831,33274,Person E,1848.6,2858.6,320.0,3406.05,33.08,True,Active,shazia,None,Normal,5: Lying down (controlled)
1789494488.4621017,33275,Person E,1850.6,2857.6,160.0,3407.37,33.21,True,Active,shazia,None,Normal,5: Lying down (controlled)
1789494488.5714664,33276,Person E,1853.2,2856.0,160.0,3407.89,33.28,True,Active,shazia,None,Normal,5: Lying down (controlled)
1789494488.6495862,33277,Person E,1856.1,2854.4,-80.0,3409.82,33.3,True,Active,shazia,None,Normal,5: Lying down (controlled)
1789494488.7433486,33278,Person E,1859.0,2853.5,320.0,3412.31,33.33,True,Active,shazia,None,Normal,5: Lying down (controlled)
1789494488.821449,33279,Person E,1862.4,2852.8,320.0,3413.94,33.43,True,Active,shazia,None,Normal,5: Lying down (controlled)
1789494488.9152117,33280,Person E,1866.1,2851.7,390.0,3413.09,33.5,True,Active,shazia,None,Normal,5: Lying down (controlled)
1789494489.0089371,33281,Person E,1869.8,2850.2,160.0,3412.25,33.57,True,Active,shazia,None,Normal,5: Lying down (controlled)
1789494489.1026797,33282,Person E,1873.4,2849.0,-80.0,3412.25,33.57,True,Active,shazia,None,Normal,5: Lying down (controlled)
1789494489.1808188,33283,Person E,1877.1,2847.8,160.0,3413.07,33.62,True,Active,shazia,None,Normal,5: Lying down (controlled)
1789494489.2589388,33284,Person E,1880.4,2846.2,320.0,3410.85,33.69,True,Active,shazia,None,Normal,5: Lying down (controlled)
1789494489.3526826,33285,Person E,1883.0,2844.7,-80.0,3409.19,33.71,True,Active,shazia,None,Normal,5: Lying down (controlled)
1789494489.4620287,33286,Person E,1885.5,2843.3,320.0,3410.02,33.76,True,Active,shazia,None,Normal,5: Lying down (controlled)
1789494489.5401492,33287,Person E,1888.1,2841.2,640.0,3406.71,33.86,True,Active,shazia,None,Normal,5: Lying down (controlled)
1789494489.633913,33288,Person E,1890.6,2838.7,160.0,3405.33,33.91,True,Active,shazia,None,Normal,5: Lying down (controlled)
1789494489.7120335,33289,Person E,1892.8,2836.1,320.0,3404.52,33.98,True,Active,shazia,None,Normal,5: Lying down (controlled)
1789494489.8057756,33290,Person E,1895.2,2833.8,320.0,3407.31,34.05,True,Active,shazia,None,Normal,5: Lying down (controlled)
1789494489.915124,33291,Person E,1898.0,2831.6,320.0,3409.58,34.17,True,Active,shazia,None,Normal,5: Lying down (controlled)
1789494489.9932446,33292,Person E,1901.3,2829.3,-80.0,3411.57,34.25,True,Active,shazia,None,Normal,5: Lying down (controlled)
1789494490.0713632,33293,Person E,1904.0,2827.3,-80.0,3411.54,34.19,True,Active,shazia,None,Normal,5: Lying down (controlled)
1789494490.1651068,33294,Person E,1905.8,2826.3,-80.0,3412.58,34.03,True,Active,shazia,None,Normal,5: Lying down (controlled)
1789494490.2432292,33295,Person E,1906.9,2826.1,160.0,3413.64,33.88,True,Active,shazia,None,Normal,5: Lying down (controlled)
1789494490.3369703,33296,Person E,1907.3,2825.7,80.0,3408.92,33.85,True,Active,shazia,None,Normal,5: Lying down (controlled)
1789494490.446337,33297,Person E,1907.2,2826.0,320.0,3408.64,33.82,True,Active,shazia,None,Normal,5: Lying down (controlled)
1789494490.52446,33298,Person E,1906.3,2826.7,-80.0,3406.14,33.72,True,Active,shazia,None,Normal,5: Lying down (controlled)
1789494490.6025963,33299,Person E,1905.0,2827.7,160.0,3405.58,33.71,True,Active,shazia,None,Normal,5: Lying down (controlled)
1789494490.6963406,33300,Person E,1903.3,2828.6,160.0,3405.31,33.73,True,Active,shazia,None,Normal,5: Lying down (controlled)
1789494490.7900631,33301,Person E,1901.2,2829.5,320.0,3405.31,33.79,True,Active,shazia,None,Normal,5: Lying down (controlled)
1789494490.899434,33302,Person E,1898.7,2830.5,-80.0,3405.87,33.81,True,Active,shazia,None,Normal,5: Lying down (controlled)
1789494490.9619462,33303,Person E,1896.6,2830.8,640.0,3402.27,33.87,True,Active,shazia,None,Normal,5: Lying down (controlled)
1789494491.0556898,33304,Person E,1895.3,2830.0,160.0,3398.68,33.93,True,Active,shazia,None,Normal,5: Lying down (controlled)
1789494491.1650572,33305,Person E,1894.6,2828.2,-160.0,3394.8,33.95,True,Active,shazia,None,Normal,5: Lying down (controlled)
1789494491.2431607,33306,Person E,1894.3,2826.5,-80.0,3393.14,33.97,True,Active,shazia,None,Normal,5: Lying down (controlled)
1789494491.3212767,33307,Person E,1894.0,2824.9,-80.0,3393.68,33.92,True,Active,shazia,None,Normal,5: Lying down (controlled)
1789494491.415024,33308,Person E,1894.1,2823.2,160.0,3392.57,33.9,True,Active,shazia,None,Normal,5: Lying down (controlled)
1789494491.4931405,33309,Person E,1894.2,2821.7,320.0,3393.67,33.86,True,Active,shazia,None,Normal,5: Lying down (controlled)
1789494491.5869033,33310,Person E,1893.8,2820.8,-80.0,3395.6,33.76,True,Active,shazia,None,Normal,5: Lying down (controlled)
1789494491.680648,33311,Person E,1892.8,2820.4,160.0,3396.43,33.69,True,Active,shazia,None,Normal,5: Lying down (controlled)
1789494491.789995,33312,Person E,1891.8,2820.0,160.0,3396.98,33.7,True,Active,shazia,None,Normal,5: Lying down (controlled)
1789494491.8681357,33313,Person E,1890.5,2820.3,-80.0,3397.54,33.66,True,Active,shazia,None,Normal,5: Lying down (controlled)
1789494491.9462538,33314,Person E,1888.8,2821.4,-80.0,3398.38,33.59,True,Active,shazia,None,Normal,5: Lying down (controlled)
1789494492.024355,33315,Person E,1887.1,2822.9,640.0,3397.82,33.57,True,Active,shazia,None,Normal,5: Lying down (controlled)
1789494492.1337214,33316,Person E,1885.3,2824.6,320.0,3397.27,33.56,True,Active,shazia,None,Normal,5: Lying down (controlled)
1789494492.2274663,33317,Person E,1883.2,2826.2,-80.0,3395.34,33.48,True,Active,shazia,None,Normal,5: Lying down (controlled)
1789494492.321228,33318,Person E,1881.0,2828.2,-80.0,3397.03,33.4,True,Active,shazia,None,Normal,5: Lying down (controlled)
1789494492.3837256,33319,Person E,1879.1,2830.2,160.0,3399.8,33.41,True,Active,shazia,None,Normal,5: Lying down (controlled)
1789494492.4774685,33320,Person E,1877.6,2832.2,-80.0,3403.97,33.36,True,Active,shazia,None,Normal,5: Lying down (controlled)
1789494492.5711918,33321,Person E,1876.8,2834.2,320.0,3408.68,33.39,True,Active,shazia,None,Normal,5: Lying down (controlled)
1789494492.680578,33322,Person E,1876.7,2836.2,320.0,3413.09,33.5,True,Active,shazia,None,Normal,5: Lying down (controlled)
1789494492.7586982,33323,Person E,1877.4,2837.7,160.0,3413.91,33.62,True,Active,shazia,None,Normal,5: Lying down (controlled)
1789494492.836818,33324,Person E,1878.7,2838.6,160.0,3413.07,33.69,True,Active,shazia,None,Normal,5: Lying down (controlled)
1789494492.9305613,33325,Person E,1880.2,2839.6,-80.0,3414.46,33.69,True,Active,shazia,None,Normal,5: Lying down (controlled)
1789494493.0399098,33326,Person E,1882.0,2840.8,240.0,3417.23,33.7,True,Active,shazia,None,Normal,5: Lying down (controlled)
1789494493.1180315,33327,Person E,1884.6,2841.8,640.0,3418.06,33.75,True,Active,shazia,None,Normal,5: Lying down (controlled)
1789494493.1961508,33328,Person E,1887.4,2842.5,320.0,3418.34,33.73,True,Active,shazia,None,Normal,5: Lying down (controlled)
1789494493.2742689,33329,Person E,1889.3,2843.2,-80.0,3416.12,33.61,True,Active,shazia,None,Normal,5: Lying down (controlled)
1789494493.368032,33330,Person E,1890.6,2843.6,240.0,3414.47,33.51,True,Active,shazia,None,Normal,5: Lying down (controlled)
1789494493.446134,33331,Person E,1891.5,2843.6,160.0,3413.64,33.52,True,Active,shazia,None,Normal,5: Lying down (controlled)
1789494493.5711417,33332,Person E,1891.2,2843.4,160.0,3409.76,33.48,True,Active,shazia,None,Normal,5: Lying down (controlled)
1789494493.6492631,33333,Person E,1890.2,2843.4,320.0,3408.38,33.48,True,Active,shazia,None,Normal,5: Lying down (controlled)
1789494493.7273617,33334,Person E,1889.4,2843.5,320.0,3409.47,33.56,True,Active,shazia,None,Normal,5: Lying down (controlled)
1789494493.805501,33335,Person E,1888.8,2843.1,160.0,3407.8,33.64,True,Active,shazia,None,Normal,5: Lying down (controlled)
1789494493.8992245,33336,Person E,1887.8,2842.5,-80.0,3406.69,33.62,True,Active,shazia,None,Normal,5: Lying down (controlled)
1789494493.9929724,33337,Person E,1885.8,2842.2,-80.0,3404.49,33.5,True,Active,shazia,None,Normal,5: Lying down (controlled)
1789494494.0867312,33338,Person E,1883.3,2842.0,160.0,3402.85,33.4,True,Active,shazia,None,Normal,5: Lying down (controlled)
1789494494.1648514,33339,Person E,1881.0,2842.0,-80.0,3403.45,33.29,True,Active,shazia,None,Normal,5: Lying down (controlled)
1789494494.2742035,33340,Person E,1878.8,2842.3,-80.0,3404.89,33.17,True,Active,shazia,None,Normal,5: Lying down (controlled)
1789494494.367962,33341,Person E,1876.0,2843.2,-80.0,3405.8,33.04,True,Active,shazia,None,Normal,5: Lying down (controlled)
1789494494.4460614,33342,Person E,1873.3,2844.7,160.0,3407.52,32.96,True,Active,shazia,None,Normal,5: Lying down (controlled)
1789494494.5242019,33343,Person E,1871.0,2846.2,160.0,3408.32,33.01,True,Active,shazia,None,Normal,5: Lying down (controlled)
1789494494.6179454,33344,Person E,1868.5,2847.8,-80.0,3409.11,33.07,True,Active,shazia,None,Normal,5: Lying down (controlled)
1789494494.6960459,33345,Person E,1866.4,2849.7,320.0,3412.1,33.17,True,Active,shazia,None,Normal,5: Lying down (controlled)
1789494494.8210554,33346,Person E,1865.1,2851.1,640.0,3411.21,33.3,True,Active,shazia,None,Normal,5: Lying down (controlled)
1789494494.8835318,33347,Person E,1864.7,2851.7,160.0,3407.29,33.39,True,Active,shazia,None,Normal,5: Lying down (controlled)
1789494494.977296,33348,Person E,1864.9,2851.8,-160.0,3404.79,33.41,True,Active,shazia,None,Normal,5: Lying down (controlled)
1789494495.0553994,33349,Person E,1865.4,2851.5,-80.0,3403.69,33.39,True,Active,shazia,None,Normal,5: Lying down (controlled)
1789494495.1335182,33350,Person E,1866.4,2850.8,160.0,3404.52,33.38,True,Active,shazia,None,Normal,5: Lying down (controlled)
1789494495.242902,33351,Person E,1867.7,2849.3,160.0,3400.37,33.36,True,Active,shazia,None,Normal,5: Lying down (controlled)
1789494495.3366466,33352,Person E,1869.2,2847.5,320.0,3400.65,33.34,True,Active,shazia,None,Normal,5: Lying down (controlled)
1789494495.4147651,33353,Person E,1870.8,2845.8,320.0,3402.85,33.4,True,Active,shazia,None,Normal,5: Lying down (controlled)
1789494495.5397422,33354,Person E,1872.4,2844.3,-80.0,3405.34,33.43,True,Active,shazia,None,Normal,5: Lying down (controlled)
1789494495.6647332,33355,Person E,1873.6,2842.8,160.0,3406.16,33.48,True,Active,shazia,None,Normal,5: Lying down (controlled)
1789494495.7584715,33356,Person E,1874.1,2841.9,-80.0,3406.44,33.46,True,Active,shazia,None,Normal,5: Lying down (controlled)
1789494495.836592,33357,Person E,1874.6,2842.0,240.0,3410.88,33.45,True,Active,shazia,None,Normal,5: Lying down (controlled)
1789494495.9147308,33358,Person E,1875.4,2842.4,640.0,3412.54,33.49,True,Active,shazia,None,Normal,5: Lying down (controlled)
1789494495.97721,33359,Person E,1876.1,2842.8,80.0,3410.88,33.45,True,Active,shazia,None,Normal,5: Lying down (controlled)
1789494496.0709705,33360,Person E,1875.9,2843.4,-80.0,3408.44,33.29,True,Active,shazia,None,Normal,5: Lying down (controlled)
1789494496.1490712,33361,Person E,1875.1,2844.7,240.0,3406.85,33.13,True,Active,shazia,None,Normal,5: Lying down (controlled)
1789494496.2428143,33362,Person E,1874.3,2845.9,160.0,3406.31,33.12,True,Active,shazia,None,Normal,5: Lying down (controlled)
1789494496.3053288,33363,Person E,1872.9,2846.7,160.0,3401.86,33.12,True,Active,shazia,None,Normal,5: Lying down (controlled)
1789494496.3990903,33364,Person E,1871.3,2847.3,320.0,3401.57,33.15,True,Active,shazia,None,Normal,5: Lying down (controlled)
1789494496.4928172,33365,Person E,1870.1,2847.7,320.0,3402.9,33.27,True,Active,shazia,None,Normal,5: Lying down (controlled)
1789494496.5865402,33366,Person E,1869.6,2847.5,160.0,3402.02,33.41,True,Active,shazia,None,Normal,5: Lying down (controlled)
1789494496.6802838,33367,Person E,1869.4,2846.5,-80.0,3401.44,33.51,True,Active,shazia,None,Normal,5: Lying down (controlled)
1789494496.7584038,33368,Person E,1868.5,2845.8,-80.0,3401.73,33.43,True,Active,shazia,None,Normal,5: Lying down (controlled)
1789494496.8365262,33369,Person E,1867.7,2845.6,240.0,3404.81,33.35,True,Active,shazia,None,Normal,5: Lying down (controlled)
1789494496.9146454,33370,Person E,1867.8,2845.1,640.0,3404.81,33.35,True,Active,shazia,None,Normal,5: Lying down (controlled)
1789494497.00839,33371,Person E,1868.7,2844.3,320.0,3405.09,33.33,True,Active,shazia,None,Normal,5: Lying down (controlled)
1789494497.1177566,33372,Person E,1869.6,2843.5,-80.0,3404.54,33.32,True,Active,shazia,None,Normal,5: Lying down (controlled)
1789494497.1958773,33373,Person E,1870.9,2843.0,240.0,3404.81,33.35,True,Active,shazia,None,Normal,5: Lying down (controlled)
1789494497.2740138,33374,Person E,1872.5,2842.3,160.0,3404.51,33.44,True,Active,shazia,None,Normal,5: Lying down (controlled)
1789494497.3677564,33375,Person E,1873.8,2841.6,320.0,3404.21,33.52,True,Active,shazia,None,Normal,5: Lying down (controlled)
1789494497.4614837,33376,Person E,1874.6,2841.1,-80.0,3402.26,33.56,True,Active,shazia,None,Normal,5: Lying down (controlled)
1789494497.5708673,33377,Person E,1875.5,2840.7,320.0,3403.09,33.68,True,Active,shazia,None,Normal,5: Lying down (controlled)
1789494497.6333632,33378,Person E,1877.1,2839.9,-80.0,3403.92,33.73,True,Active,shazia,None,Normal,5: Lying down (controlled)
1789494497.7270873,33379,Person E,1879.1,2838.5,160.0,3404.2,33.76,True,Active,shazia,None,Normal,5: Lying down (controlled)
1789494497.8052096,33380,Person E,1881.0,2837.1,-80.0,3403.64,33.75,True,Active,shazia,None,Normal,5: Lying down (controlled)
1789494497.8989537,33381,Person E,1882.6,2836.3,-80.0,3407.25,33.63,True,Active,shazia,None,Normal,5: Lying down (controlled)
1789494497.992694,33382,Person E,1883.9,2835.8,160.0,3407.53,33.55,True,Active,shazia,None,Normal,5: Lying down (controlled)
1789494498.0864565,33383,Person E,1884.8,2835.4,320.0,3406.43,33.52,True,Active,shazia,None,Normal,5: Lying down (controlled)
1789494498.1645765,33384,Person E,1884.9,2835.5,-80.0,3405.89,33.44,True,Active,shazia,None,Normal,5: Lying down (controlled)
1789494498.2739286,33385,Person E,1884.4,2835.9,240.0,3404.79,33.41,True,Active,shazia,None,Normal,5: Lying down (controlled)
1789494498.3676713,33386,Person E,1884.1,2836.4,160.0,3404.77,33.48,True,Active,shazia,None,Normal,5: Lying down (controlled)
1789494498.4770389,33387,Person E,1883.3,2836.9,160.0,3402.82,33.52,True,Active,shazia,None,Normal,5: Lying down (controlled)
1789494498.5395539,33388,Person E,1881.8,2837.5,-80.0,3400.62,33.46,True,Active,shazia,None,Normal,5: Lying down (controlled)
1789494498.617654,33389,Person E,1880.0,2838.2,320.0,3400.07,33.45,True,Active,shazia,None,Normal,5: Lying down (controlled)
1789494498.7114136,33390,Person E,1878.9,2838.3,160.0,3398.38,33.59,True,Active,shazia,None,Normal,5: Lying down (controlled)
1789494498.8051407,33391,Person E,1878.9,2837.0,-80.0,3396.43,33.75,True,Active,shazia,None,Normal,5: Lying down (controlled)
1789494498.8988848,33392,Person E,1878.7,2835.9,-80.0,3397.26,33.62,True,Active,shazia,None,Normal,5: Lying down (controlled)
1789494498.977004,33393,Person E,1878.3,2835.5,240.0,3400.89,33.5,True,Active,shazia,None,Normal,5: Lying down (controlled)
1789494499.0551403,33394,Person E,1878.1,2834.9,640.0,3399.78,33.47,True,Active,shazia,None,Normal,5: Lying down (controlled)
1789494499.1645107,33395,Person E,1878.2,2833.8,160.0,3396.17,33.53,True,Active,shazia,None,Normal,5: Lying down (controlled)
1789494499.2426088,33396,Person E,1878.0,2832.5,-160.0,3392.83,33.57,True,Active,shazia,None,Normal,5: Lying down (controlled)
1789494499.3363543,33397,Person E,1877.7,2831.7,-80.0,3394.5,33.55,True,Active,shazia,None,Normal,5: Lying down (controlled)
1789494499.4301143,33398,Person E,1878.0,2831.0,160.0,3396.44,33.57,True,Active,shazia,None,Normal,5: Lying down (controlled)
1789494499.5082338,33399,Person E,1878.4,2830.4,80.0,3397.27,33.56,True,Active,shazia,None,Normal,5: Lying down (controlled)
1789494499.5863378,33400,Person E,1878.4,2830.6,320.0,3400.04,33.57,True,Active,shazia,None,Normal,5: Lying down (controlled)
1789494499.6957006,33401,Person E,1878.3,2831.7,320.0,3405.03,33.63,True,Active,shazia,None,Normal,5: Lying down (controlled)
1789494499.7894483,33402,Person E,1879.3,2832.0,160.0,3405.31,33.73,True,Active,shazia,None,Normal,5: Lying down (controlled)
1789494499.8675692,33403,Person E,1881.2,2831.3,160.0,3405.59,33.83,True,Active,shazia,None,Normal,5: Lying down (controlled)
1789494499.945705,33404,Person E,1883.8,2830.2,320.0,3405.06,33.94,True,Active,shazia,None,Normal,5: Lying down (controlled)
1789494500.0394478,33405,Person E,1886.9,2829.6,240.0,3408.41,34.02,True,Active,shazia,None,Normal,5: Lying down (controlled)
1789494500.1487956,33406,Person E,1890.4,2829.1,640.0,3408.17,34.11,True,Active,shazia,None,Normal,5: Lying down (controlled)
1789494500.2269156,33407,Person E,1893.8,2828.3,-80.0,3406.78,34.1,True,Active,shazia,None,Normal,5: Lying down (controlled)
1789494500.3050542,33408,Person E,1896.5,2827.7,-80.0,3406.46,34.0,True,Active,shazia,None,Normal,5: Lying down (controlled)
1789494500.39878,33409,Person E,1898.4,2827.8,-80.0,3408.64,33.82,True,Active,shazia,None,Normal,5: Lying down (controlled)
1789494500.4769177,33410,Person E,1899.4,2828.7,160.0,3413.07,33.62,True,Active,shazia,None,Normal,5: Lying down (controlled)
1789494500.5862658,33411,Person E,1899.2,2829.6,160.0,3411.42,33.52,True,Active,shazia,None,Normal,5: Lying down (controlled)
1789494500.6643882,33412,Person E,1898.4,2831.0,320.0,3412.54,33.49,True,Active,shazia,None,Normal,5: Lying down (controlled)
1789494500.742505,33413,Person E,1897.5,2832.6,320.0,3413.91,33.56,True,Active,shazia,None,Normal,5: Lying down (controlled)
1789494500.8362484,33414,Person E,1896.7,2834.3,160.0,3414.73,33.67,True,Active,shazia,None,Normal,5: Lying down (controlled)
1789494500.9612634,33415,Person E,1895.6,2835.7,160.0,3413.9,33.74,True,Active,shazia,None,Normal,5: Lying down (controlled)
1789494501.0549865,33416,Person E,1893.9,2837.3,-80.0,3411.96,33.72,True,Active,shazia,None,Normal,5: Lying down (controlled)
1789494501.1643543,33417,Person E,1892.3,2839.1,240.0,3412.79,33.71,True,Active,shazia,None,Normal,5: Lying down (controlled)
1789494501.2268662,33418,Person E,1891.1,2840.3,640.0,3409.74,33.72,True,Active,shazia,None,Normal,5: Lying down (controlled)
1789494501.3049693,33419,Person E,1890.6,2840.5,320.0,3407.52,33.73,True,Active,shazia,None,Normal,5: Lying down (controlled)
1789494501.383105,33420,Person E,1890.7,2839.7,-80.0,3406.97,33.71,True,Active,shazia,None,Normal,5: Lying down (controlled)
1789494501.4924543,33421,Person E,1891.0,2839.1,-80.0,3408.08,33.62,True,Active,shazia,None,Normal,5: Lying down (controlled)
1789494501.5861967,33422,Person E,1891.3,2838.7,160.0,3410.86,33.57,True,Active,shazia,None,Normal,5: Lying down (controlled)
1789494501.6643353,33423,Person E,1891.3,2838.8,-80.0,3414.75,33.55,True,Active,shazia,None,Normal,5: Lying down (controlled)
1789494501.7424555,33424,Person E,1890.5,2839.7,-80.0,3417.81,33.47,True,Active,shazia,None,Normal,5: Lying down (controlled)
1789494501.8205583,33425,Person E,1889.5,2841.2,320.0,3420.86,33.46,True,Active,shazia,None,Normal,5: Lying down (controlled)
1789494501.9143004,33426,Person E,1889.3,2842.2,160.0,3419.18,33.6,True,Active,shazia,None,Normal,5: Lying down (controlled)
1789494502.0236707,33427,Person E,1889.6,2842.3,-80.0,3415.29,33.74,True,Active,shazia,None,Normal,5: Lying down (controlled)
1789494502.1018057,33428,Person E,1890.7,2841.7,-80.0,3410.88,33.93,True,Active,shazia,None,Normal,5: Lying down (controlled)
1789494502.179926,33429,Person E,1892.5,2841.0,240.0,3411.75,34.04,True,Active,shazia,None,Normal,5: Lying down (controlled)
1789494502.258045,33430,Person E,1894.5,2840.0,640.0,3409.82,34.09,True,Active,shazia,None,Normal,5: Lying down (controlled)
1789494502.3830185,33431,Person E,1896.7,2838.7,-80.0,3409.53,34.05,True,Active,shazia,None,Normal,5: Lying down (controlled)
1789494502.4611566,33432,Person E,1898.6,2837.2,-80.0,3408.95,33.97,True,Active,shazia,None,Normal,5: Lying down (controlled)
1789494502.5548995,33433,Person E,1900.5,2835.3,240.0,3409.51,33.99,True,Active,shazia,None,Normal,5: Lying down (controlled)
1789494502.617397,33434,Person E,1902.9,2832.6,160.0,3408.7,34.06,True,Active,shazia,None,Normal,5: Lying down (controlled)
1789494502.7111235,33435,Person E,1905.4,2829.6,-80.0,3409.82,34.09,True,Active,shazia,None,Normal,5: Lying down (controlled)
1789494502.804866,33436,Person E,1907.6,2827.4,320.0,3413.16,34.11,True,Active,shazia,None,Normal,5: Lying down (controlled)
1789494502.898629,33437,Person E,1909.9,2826.0,320.0,3416.53,34.19,True,Active,shazia,None,Normal,5: Lying down (controlled)
1789494502.9767296,33438,Person E,1911.8,2825.8,-80.0,3419.87,34.22,True,Active,shazia,None,Normal,5: Lying down (controlled)
1789494503.070489,33439,Person E,1912.5,2826.1,-80.0,3418.16,34.11,True,Active,shazia,None,Normal,5: Lying down (controlled)
1789494503.1485896,33440,Person E,1912.5,2826.9,320.0,3416.45,34.01,True,Active,shazia,None,Normal,5: Lying down (controlled)
1789494503.257976,33441,Person E,1911.6,2828.3,-80.0,3416.13,33.79,True,Active,shazia,None,Normal,5: Lying down (controlled)
1789494503.3360791,33442,Person E,1910.0,2829.8,80.0,3412.52,33.61,True,Active,shazia,None,Normal,5: Lying down (controlled)
1789494503.414196,33443,Person E,1905.3,2832.5,-80.0,3406.05,33.08,True,Active,shazia,None,Normal,5: Lying down (controlled)
1789494503.554831,33444,Person E,1898.4,2836.2,-80.0,3401.61,32.75,True,Active,shazia,None,Normal,5: Lying down (controlled)
1789494503.6173265,33445,Person E,1891.1,2839.1,640.0,3393.8,32.79,True,Active,shazia,None,Normal,5: Lying down (controlled)
1789494503.7266774,33446,Person E,1883.8,2841.5,160.0,3392.9,32.86,True,Active,shazia,None,Normal,5: Lying down (controlled)
1789494503.8204374,33447,Person E,1876.1,2844.0,-80.0,3394.83,32.88,True,Active,shazia,None,Normal,5: Lying down (controlled)
1789494503.8985577,33448,Person E,1868.6,2846.5,320.0,3399.22,32.93,True,Active,shazia,None,Normal,5: Lying down (controlled)
1789494503.9766767,33449,Person E,1862.6,2848.6,320.0,3402.45,33.08,True,Active,shazia,None,Normal,5: Lying down (controlled)
1789494504.054777,33450,Person E,1857.8,2850.0,160.0,3401.54,33.21,True,Active,shazia,None,Normal,5: Lying down (controlled)
1789494504.1328971,33451,Person E,1854.3,2850.4,-80.0,3400.13,33.26,True,Active,shazia,None,Normal,5: Lying down (controlled)
1789494504.2422643,33452,Person E,1851.5,2850.6,-80.0,3398.77,33.2,True,Active,shazia,None,Normal,5: Lying down (controlled)
1789494504.3204033,33453,Person E,1851.5,2849.7,160.0,3398.52,33.16,True,Active,shazia,None,Normal,5: Lying down (controlled)
1789494504.3985066,33454,Person E,1853.3,2847.9,80.0,3396.29,33.17,True,Active,shazia,None,Normal,5: Lying down (controlled)
1789494504.4922664,33455,Person E,1854.8,2846.9,-80.0,3393.56,33.1,True,Active,shazia,None,Normal,5: Lying down (controlled)
1789494504.6016343,33456,Person E,1855.9,2846.1,-80.0,3392.18,33.09,True,Active,shazia,None,Normal,5: Lying down (controlled)
1789494504.6953619,33457,Person E,1857.2,2845.0,160.0,3392.69,33.17,True,Active,shazia,None,Normal,5: Lying down (controlled)
1789494504.7734978,33458,Person E,1858.2,2843.6,-80.0,3392.95,33.2,True,Active,shazia,None,Normal,5: Lying down (controlled)
1789494504.8828683,33459,Person E,1858.3,2842.7,-80.0,3395.46,33.18,True,Active,shazia,None,Normal,5: Lying down (controlled)
1789494504.9609838,33460,Person E,1857.8,2842.9,-80.0,3400.48,33.12,True,Active,shazia,None,Normal,5: Lying down (controlled)
1789494505.0547204,33461,Person E,1857.1,2843.9,320.0,3404.67,33.07,True,Active,shazia,None,Normal,5: Lying down (controlled)
1789494505.1640956,33462,Person E,1856.6,2845.3,-80.0,3407.77,33.0,True,Active,shazia,None,Normal,5: Lying down (controlled)
1789494505.2578394,33463,Person E,1856.0,2846.8,-80.0,3407.82,32.94,True,Active,shazia,None,Normal,5: Lying down (controlled)
1789494505.3359416,33464,Person E,1855.0,2849.0,-80.0,3409.3,32.82,True,Active,shazia,None,Normal,5: Lying down (controlled)
1789494505.398438,33465,Person E,1854.2,2851.6,160.0,3411.04,32.74,True,Active,shazia,None,Normal,5: Lying down (controlled)
1789494505.539055,33466,Person E,1853.0,2855.1,-80.0,3415.07,32.6,True,Active,shazia,None,Normal,5: Lying down (controlled)
1789494505.6484203,33467,Person E,1851.0,2859.3,-80.0,3417.14,32.5,True,Active,shazia,None,Normal,5: Lying down (controlled)
1789494505.7265568,33468,Person E,1848.9,2863.7,320.0,3418.52,32.5,True,Active,shazia,None,Normal,5: Lying down (controlled)
1789494505.804676,33469,Person E,1847.4,2867.3,640.0,3417.53,32.63,True,Active,shazia,None,Normal,5: Lying down (controlled)
1789494505.882777,33470,Person E,1846.3,2869.9,-80.0,3416.33,32.73,True,Active,shazia,None,Normal,5: Lying down (controlled)
1789494505.9765394,33471,Person E,1846.0,2871.5,320.0,3416.46,32.89,True,Active,shazia,None,Normal,5: Lying down (controlled)
1789494506.0858874,33472,Person E,1846.5,2872.3,-80.0,3417.2,33.0,True,Active,shazia,None,Normal,5: Lying down (controlled)
1789494506.1640267,33473,Person E,1847.8,2872.2,640.0,3414.06,33.13,True,Active,shazia,None,Normal,5: Lying down (controlled)
1789494506.2421474,33474,Person E,1849.8,2871.0,160.0,3410.14,33.21,True,Active,shazia,None,Normal,5: Lying down (controlled)
1789494506.3202662,33475,Person E,1852.0,2868.9,-80.0,3405.41,33.25,True,Active,shazia,None,Normal,5: Lying down (controlled)
1789494506.4139931,33476,Person E,1854.9,2865.7,320.0,3404.0,33.3,True,Active,shazia,None,Normal,5: Lying down (controlled)
1789494506.5077333,33477,Person E,1858.0,2862.1,-80.0,3403.73,33.27,True,Active,shazia,None,Normal,5: Lying down (controlled)
1789494506.5858562,33478,Person E,1861.1,2858.3,320.0,3403.45,33.29,True,Active,shazia,None,Normal,5: Lying down (controlled)
1789494506.6639936,33479,Person E,1863.2,2854.9,-80.0,3400.42,33.24,True,Active,shazia,None,Normal,5: Lying down (controlled)
1789494506.7421124,33480,Person E,1864.2,2852.0,-80.0,3397.42,33.13,True,Active,shazia,None,Normal,5: Lying down (controlled)
1789494506.8670871,33481,Person E,1863.5,2849.8,-80.0,3394.19,32.99,True,Active,shazia,None,Normal,5: Lying down (controlled)
1789494506.9764717,33482,Person E,1861.6,2847.9,160.0,3390.93,32.9,True,Active,shazia,None,Normal,5: Lying down (controlled)
1789494507.038967,33483,Person E,1859.7,2846.6,320.0,3392.8,32.98,True,Active,shazia,None,Normal,5: Lying down (controlled)
1789494507.1326942,33484,Person E,1858.2,2845.9,-80.0,3396.07,33.07,True,Active,shazia,None,Normal,5: Lying down (controlled)
1789494507.1951892,33485,Person E,1857.5,2845.2,640.0,3395.72,33.21,True,Active,shazia,None,Normal,5: Lying down (controlled)
1789494507.304553,33486,Person E,1857.1,2844.5,390.0,3395.95,33.31,True,Active,shazia,None,Normal,5: Lying down (controlled)
1789494507.3826742,33487,Person E,1856.8,2843.6,-80.0,3394.56,33.31,True,Active,shazia,None,Normal,5: Lying down (controlled)
1789494507.460796,33488,Person E,1855.7,2842.7,0.0,3389.89,33.22,True,Active,shazia,None,Normal,5: Lying down (controlled)
1789494507.5389323,33489,Person E,1854.5,2841.7,160.0,3385.48,33.16,True,Active,shazia,None,Normal,5: Lying down (controlled)
1789494507.632656,33490,Person E,1854.0,2840.3,320.0,3382.97,33.19,True,Active,shazia,None,Normal,5: Lying down (controlled)
1789494507.6951551,33491,Person E,1854.2,2838.7,-80.0,3381.87,33.16,True,Active,shazia,None,Normal,5: Lying down (controlled)
1789494507.8045387,33492,Person E,1855.3,2837.3,240.0,3385.19,33.19,True,Active,shazia,None,Normal,5: Lying down (controlled)
1789494507.8826585,33493,Person E,1856.4,2835.8,640.0,3386.26,33.28,True,Active,shazia,None,Normal,5: Lying down (controlled)
1789494507.9607615,33494,Person E,1857.2,2834.0,160.0,3385.4,33.35,True,Active,shazia,None,Normal,5: Lying down (controlled)
1789494508.0388982,33495,Person E,1857.8,2832.7,320.0,3388.15,33.42,True,Active,shazia,None,Normal,5: Lying down (controlled)
1789494508.1326215,33496,Person E,1858.2,2831.8,-80.0,3390.63,33.45,True,Active,shazia,None,Normal,5: Lying down (controlled)
1789494508.2263658,33497,Person E,1858.8,2830.8,160.0,3389.52,33.48,True,Active,shazia,None,Normal,5: Lying down (controlled)
1789494508.3044846,33498,Person E,1860.2,2829.7,320.0,3388.4,33.52,True,Active,shazia,None,Normal,5: Lying down (controlled)
1789494508.3982482,33499,Person E,1861.8,2828.6,-80.0,3385.08,33.49,True,Active,shazia,None,Normal,5: Lying down (controlled)
1789494508.5388634,33500,Person E,1863.1,2827.7,-80.0,3382.59,33.46,True,Active,shazia,None,Normal,5: Lying down (controlled)
1789494508.6169674,33501,Person E,1864.7,2826.7,160.0,3382.31,33.48,True,Active,shazia,None,Normal,5: Lying down (controlled)
1789494508.7263312,33502,Person E,1866.2,2825.8,-80.0,3385.91,33.48,True,Active,shazia,None,Normal,5: Lying down (controlled)
1789494508.8044534,33503,Person E,1867.6,2825.3,320.0,3389.79,33.52,True,Active,shazia,None,Normal,5: Lying down (controlled)
1789494508.8825734,33504,Person E,1869.5,2825.2,320.0,3395.04,33.62,True,Active,shazia,None,Normal,5: Lying down (controlled)
1789494508.9450693,33505,Person E,1871.4,2825.1,-80.0,3397.82,33.69,True,Active,shazia,None,Normal,5: Lying down (controlled)
1789494509.054454,33506,Person E,1873.4,2824.6,160.0,3397.54,33.78,True,Active,shazia,None,Normal,5: Lying down (controlled)
1789494509.132553,33507,Person E,1875.2,2824.2,-80.0,3396.16,33.77,True,Active,shazia,None,Normal,5: Lying down (controlled)
1789494509.2263098,33508,Person E,1876.3,2824.4,-80.0,3396.15,33.65,True,Active,shazia,None,Normal,5: Lying down (controlled)
1789494509.3044357,33509,Person E,1876.9,2825.0,80.0,3393.39,33.52,True,Active,shazia,None,Normal,5: Lying down (controlled)
1789494509.3825395,33510,Person E,1877.5,2825.6,-80.0,3390.9,33.49,True,Active,shazia,None,Normal,5: Lying down (controlled)
1789494509.4762845,33511,Person E,1877.9,2826.2,-80.0,3389.52,33.48,True,Active,shazia,None,Normal,5: Lying down (controlled)
1789494509.5856462,33512,Person E,1877.8,2826.7,-80.0,3389.53,33.42,True,Active,shazia,None,Normal,5: Lying down (controlled)
1789494509.6637692,33513,Person E,1877.5,2826.8,160.0,3388.97,33.47,True,Active,shazia,None,Normal,5: Lying down (controlled)
1789494509.7418892,33514,Person E,1876.7,2827.1,-80.0,3393.12,33.48,True,Active,shazia,None,Normal,5: Lying down (controlled)
1789494509.8200254,33515,Person E,1875.8,2827.7,320.0,3397.83,33.51,True,Active,shazia,None,Normal,5: Lying down (controlled)
1789494509.9293766,33516,Person E,1875.3,2828.7,320.0,3403.09,33.62,True,Active,shazia,None,Normal,5: Lying down (controlled)
1789494510.0231369,33517,Person E,1875.4,2829.6,160.0,3404.2,33.7,True,Active,shazia,None,Normal,5: Lying down (controlled)
1789494510.1012402,33518,Person E,1876.7,2829.6,160.0,3403.37,33.83,True,Active,shazia,None,Normal,5: Lying down (controlled)
1789494510.1950002,33519,Person E,1878.9,2829.2,-80.0,3402.27,33.87,True,Active,shazia,None,Normal,5: Lying down (controlled)
1789494510.2730997,33520,Person E,1881.9,2828.7,240.0,3403.4,33.96,True,Active,shazia,None,Normal,5: Lying down (controlled)
1789494510.3824675,33521,Person E,1885.1,2828.1,160.0,3402.3,33.99,True,Active,shazia,None,Normal,5: Lying down (controlled)
1789494510.4605885,33522,Person E,1888.2,2827.2,-80.0,3399.24,33.94,True,Active,shazia,None,Normal,5: Lying down (controlled)
1789494510.5387256,33523,Person E,1890.8,2826.5,-80.0,3397.56,33.9,True,Active,shazia,None,Normal,5: Lying down (controlled)
1789494510.63245,33524,Person E,1893.2,2825.5,240.0,3398.12,33.91,True,Active,shazia,None,Normal,5: Lying down (controlled)
1789494510.7105894,33525,Person E,1895.2,2824.3,160.0,3398.95,33.91,True,Active,shazia,None,Normal,5: Lying down (controlled)
1789494510.8043323,33526,Person E,1896.2,2823.1,-80.0,3398.66,33.87,True,Active,shazia,None,Normal,5: Lying down (controlled)
1789494510.9136999,33527,Person E,1896.8,2822.5,320.0,3402.54,33.84,True,Active,shazia,None,Normal,5: Lying down (controlled)
1789494510.9918034,33528,Person E,1897.3,2822.5,320.0,3406.16,33.9,True,Active,shazia,None,Normal,5: Lying down (controlled)
1789494511.0699391,33529,Person E,1898.2,2822.3,160.0,3405.64,34.01,True,Active,shazia,None,Normal,5: Lying down (controlled)
1789494511.1636844,33530,Person E,1898.6,2822.1,-160.0,3403.98,34.03,True,Active,shazia,None,Normal,5: Lying down (controlled)
1789494511.2574062,33531,Person E,1898.7,2822.1,-80.0,3402.86,34.0,True,Active,shazia,None,Normal,5: Lying down (controlled)
1789494511.351151,33532,Person E,1899.4,2822.3,160.0,3404.81,34.02,True,Active,shazia,None,Normal,5: Lying down (controlled)
1789494511.4292712,33533,Person E,1900.4,2822.3,160.0,3403.15,34.04,True,Active,shazia,None,Normal,5: Lying down (controlled)
1789494511.5230167,33534,Person E,1901.4,2822.1,320.0,3402.05,34.07,True,Active,shazia,None,Normal,5: Lying down (controlled)
1789494511.6011536,33535,Person E,1902.1,2821.8,-80.0,3400.37,34.03,True,Active,shazia,None,Normal,5: Lying down (controlled)
1789494511.7261255,33536,Person E,1902.8,2821.4,240.0,3399.25,34.0,True,Active,shazia,None,Normal,5: Lying down (controlled)
1789494511.804243,33537,Person E,1903.6,2820.5,160.0,3399.54,34.04,True,Active,shazia,None,Normal,5: Lying down (controlled)
1789494511.8823833,33538,Person E,1904.0,2819.7,-80.0,3401.76,34.04,True,Active,shazia,None,Normal,5: Lying down (controlled)
1789494511.9605036,33539,Person E,1903.4,2819.9,-80.0,3403.94,33.91,True,Active,shazia,None,Normal,5: Lying down (controlled)
1789494512.054227,33540,Person E,1902.5,2820.7,320.0,3405.59,33.83,True,Active,shazia,None,Normal,5: Lying down (controlled)
1789494512.1635947,33541,Person E,1901.9,2821.2,160.0,3403.66,33.87,True,Active,shazia,None,Normal,5: Lying down (controlled)
1789494512.2573383,33542,Person E,1901.0,2821.6,-80.0,3403.1,33.86,True,Active,shazia,None,Normal,5: Lying down (controlled)
1789494512.335458,33543,Person E,1900.4,2821.9,320.0,3402.28,33.93,True,Active,shazia,None,Normal,5: Lying down (controlled)
1789494512.4135811,33544,Person E,1900.0,2822.4,160.0,3403.96,33.97,True,Active,shazia,None,Normal,5: Lying down (controlled)
1789494512.4916975,33545,Person E,1899.9,2823.2,-80.0,3406.45,33.94,True,Active,shazia,None,Normal,5: Lying down (controlled)
1789494512.6010675,33546,Person E,1900.2,2824.1,320.0,3408.39,33.96,True,Active,shazia,None,Normal,5: Lying down (controlled)
1789494512.7104332,33547,Person E,1900.1,2825.2,-80.0,3408.11,33.92,True,Active,shazia,None,Normal,5: Lying down (controlled)
1789494512.7729282,33548,Person E,1899.4,2826.6,-80.0,3409.47,33.81,True,Active,shazia,None,Normal,5: Lying down (controlled)
1789494512.8510523,33549,Person E,1898.8,2827.8,160.0,3410.57,33.71,True,Active,shazia,None,Normal,5: Lying down (controlled)
1789494512.9448123,33550,Person E,1898.0,2829.1,-80.0,3411.97,33.6,True,Active,shazia,None,Normal,5: Lying down (controlled)
1789494513.038534,33551,Person E,1896.3,2830.8,-80.0,3408.38,33.48,True,Active,shazia,None,Normal,5: Lying down (controlled)
1789494513.147922,33552,Person E,1894.0,2832.4,640.0,3403.69,33.39,True,Active,shazia,None,Normal,5: Lying down (controlled)
1789494513.2104175,33553,Person E,1891.3,2833.8,160.0,3398.96,33.42,True,Active,shazia,None,Normal,5: Lying down (controlled)
1789494513.3041432,33554,Person E,1888.1,2834.9,-80.0,3395.36,33.42,True,Active,shazia,None,Normal,5: Lying down (controlled)
1789494513.3822803,33555,Person E,1884.5,2835.9,-80.0,3394.83,33.34,True,Active,shazia,None,Normal,5: Lying down (controlled)
1789494513.49164,33556,Person E,1880.6,2836.9,160.0,3395.11,33.32,True,Active,shazia,None,Normal,5: Lying down (controlled)
1789494513.5853708,33557,Person E,1876.8,2837.9,80.0,3395.4,33.3,True,Active,shazia,None,Normal,5: Lying down (controlled)
1789494513.647888,33558,Person E,1873.8,2838.5,320.0,3397.88,33.33,True,Active,shazia,None,Normal,5: Lying down (controlled)
1789494513.7416306,33559,Person E,1871.2,2838.9,-80.0,3399.55,33.31,True,Active,shazia,None,Normal,5: Lying down (controlled)
1789494513.8353775,33560,Person E,1869.3,2838.8,720.0,3400.65,33.34,True,Active,shazia,None,Normal,5: Lying down (controlled)
1789494513.9291182,33561,Person E,1868.0,2838.6,-80.0,3399.55,33.31,True,Active,shazia,None,Normal,5: Lying down (controlled)
1789494514.022845,33562,Person E,1866.8,2838.7,-80.0,3397.94,33.21,True,Active,shazia,None,Normal,5: Lying down (controlled)
1789494514.1009815,33563,Person E,1865.2,2839.7,240.0,3398.55,33.1,True,Active,shazia,None,Normal,5: Lying down (controlled)
1789494514.1790817,33564,Person E,1863.8,2840.7,640.0,3396.04,33.13,True,Active,shazia,None,Normal,5: Lying down (controlled)
1789494514.2728448,33565,Person E,1862.9,2841.3,390.0,3394.91,33.16,True,Active,shazia,None,Normal,5: Lying down (controlled)
1789494514.382192,33566,Person E,1862.1,2841.5,-80.0,3392.4,33.19,True,Active,shazia,None,Normal,5: Lying down (controlled)
1789494514.4915597,33567,Person E,1861.1,2841.7,-80.0,3391.59,33.14,True,Active,shazia,None,Normal,5: Lying down (controlled)
1789494514.5696795,33568,Person E,1859.8,2841.8,160.0,3391.59,33.14,True,Active,shazia,None,Normal,5: Lying down (controlled)
1789494514.647799,33569,Person E,1858.3,2841.8,80.0,3391.34,33.1,True,Active,shazia,None,Normal,5: Lying down (controlled)
1789494514.7259214,33570,Person E,1856.7,2842.0,320.0,3393.56,33.1,True,Active,shazia,None,Normal,5: Lying down (controlled)
1789494514.8352873,33571,Person E,1856.0,2842.2,320.0,3397.39,33.19,True,Active,shazia,None,Normal,5: Lying down (controlled)
1789494514.897782,33572,Person E,1856.5,2841.8,160.0,3397.33,33.32,True,Active,shazia,None,Normal,5: Lying down (controlled)
1789494514.9915283,33573,Person E,1858.0,2840.7,160.0,3397.58,33.41,True,Active,shazia,None,Normal,5: Lying down (controlled)
1789494515.1009176,33574,Person E,1859.7,2839.8,-80.0,3397.85,33.45,True,Active,shazia,None,Normal,5: Lying down (controlled)
1789494515.1790333,33575,Person E,1861.7,2839.3,240.0,3401.72,33.49,True,Active,shazia,None,Normal,5: Lying down (controlled)
1789494515.2883801,33576,Person E,1864.0,2839.1,640.0,3403.38,33.53,True,Active,shazia,None,Normal,5: Lying down (controlled)
1789494515.3665192,33577,Person E,1866.4,2838.6,160.0,3400.6,33.52,True,Active,shazia,None,Normal,5: Lying down (controlled)
1789494515.4446385,33578,Person E,1868.1,2838.3,-80.0,3398.41,33.4,True,Active,shazia,None,Normal,5: Lying down (controlled)
1789494515.553992,33579,Person E,1869.3,2837.9,640.0,3394.56,33.31,True,Active,shazia,None,Normal,5: Lying down (controlled)
1789494515.6789806,33580,Person E,1870.6,2837.1,160.0,3393.99,33.35,True,Active,shazia,None,Normal,5: Lying down (controlled)
1789494515.7883449,33581,Person E,1871.5,2836.4,-80.0,3396.48,33.39,True,Active,shazia,None,Normal,5: Lying down (controlled)
1789494515.8664687,33582,Person E,1872.4,2836.2,320.0,3400.62,33.46,True,Active,shazia,None,Normal,5: Lying down (controlled)
1789494515.944588,33583,Person E,1873.7,2836.2,320.0,3404.75,33.6,True,Active,shazia,None,Normal,5: Lying down (controlled)
1789494516.0070832,33584,Person E,1875.4,2836.1,-80.0,3406.41,33.7,True,Active,shazia,None,Normal,5: Lying down (controlled)
1789494516.1008437,33585,Person E,1876.6,2835.6,-160.0,3404.2,33.7,True,Active,shazia,None,Normal,5: Lying down (controlled)
1789494516.194571,33586,Person E,1877.1,2835.3,-80.0,3403.64,33.63,True,Active,shazia,None,Normal,5: Lying down (controlled)
1789494516.303935,33587,Person E,1877.6,2835.4,160.0,3404.2,33.58,True,Active,shazia,None,Normal,5: Lying down (controlled)
1789494516.3820577,33588,Person E,1878.5,2835.1,160.0,3400.88,33.56,True,Active,shazia,None,Normal,5: Lying down (controlled)
1789494516.4601953,33589,Person E,1880.2,2834.7,320.0,3400.6,33.58,True,Active,shazia,None,Normal,5: Lying down (controlled)
1789494516.5383136,33590,Person E,1882.2,2834.5,320.0,3403.36,33.65,True,Active,shazia,None,Normal,5: Lying down (controlled)
1789494516.6320374,33591,Person E,1884.6,2833.8,640.0,3403.92,33.79,True,Active,shazia,None,Normal,5: Lying down (controlled)
1789494516.71016,33592,Person E,1886.8,2832.6,160.0,3402.83,33.88,True,Active,shazia,None,Normal,5: Lying down (controlled)
1789494516.7882967,33593,Person E,1888.7,2831.2,320.0,3403.69,33.99,True,Active,shazia,None,Normal,5: Lying down (controlled)
1789494516.8805962,33594,Person E,1890.3,2830.0,-80.0,3405.37,34.04,True,Active,shazia,None,Normal,5: Lying down (controlled)
1789494516.9587357,33595,Person E,1892.2,2828.7,160.0,3404.0,34.09,True,Active,shazia,None,Normal,5: Lying down (controlled)
1789494517.0681026,33596,Person E,1894.6,2826.9,320.0,3402.08,34.13,True,Active,shazia,None,Normal,5: Lying down (controlled)
1789494517.177471,33597,Person E,1896.7,2824.8,-80.0,3398.45,34.07,True,Active,shazia,None,Normal,5: Lying down (controlled)
1789494517.2555702,33598,Person E,1898.9,2823.0,240.0,3398.16,34.04,True,Active,shazia,None,Normal,5: Lying down (controlled)
1789494517.3337092,33599,Person E,1901.2,2821.1,160.0,3397.62,34.08,True,Active,shazia,None,Normal,5: Lying down (controlled)
1789494517.4118288,33600,Person E,1903.0,2818.8,160.0,3394.31,34.12,True,Active,shazia,None,Normal,5: Lying down (controlled)
1789494517.505553,33601,Person E,1903.6,2816.7,-80.0,3389.85,34.07,True,Active,shazia,None,Normal,5: Lying down (controlled)
1789494517.5992982,33602,Person E,1903.8,2814.9,320.0,3389.02,34.08,True,Active,shazia,None,Normal,5: Lying down (controlled)
1789494517.677416,33603,Person E,1903.4,2813.1,160.0,3386.53,34.11,True,Active,shazia,None,Normal,5: Lying down (controlled)
1789494517.77118,33604,Person E,1902.9,2811.1,160.0,3386.0,34.15,True,Active,shazia,None,Normal,5: Lying down (controlled)
1789494517.8492863,33605,Person E,1902.1,2809.5,-80.0,3386.27,34.13,True,Active,shazia,None,Normal,5: Lying down (controlled)
1789494517.9430237,33606,Person E,1901.4,2808.5,240.0,3389.87,34.13,True,Active,shazia,None,Normal,5: Lying down (controlled)
1789494518.0367858,33607,Person E,1901.3,2807.6,160.0,3390.43,34.14,True,Active,shazia,None,Normal,5: Lying down (controlled)
1789494518.0992653,33608,Person E,1901.4,2806.6,320.0,3390.43,34.14,True,Active,shazia,None,Normal,5: Lying down (controlled)
1789494518.1930087,33609,Person E,1901.1,2805.9,-80.0,3390.14,34.11,True,Active,shazia,None,Normal,5: Lying down (controlled)
1789494518.271126,33610,Person E,1900.9,2805.6,240.0,3390.7,34.12,True,Active,shazia,None,Normal,5: Lying down (controlled)
1789494518.3804955,33611,Person E,1901.4,2805.4,160.0,3391.0,34.16,True,Active,shazia,None,Normal,5: Lying down (controlled)
1789494518.4586127,33612,Person E,1901.8,2805.4,-80.0,3391.26,34.14,True,Active,shazia,None,Normal,5: Lying down (controlled)
1789494518.5523756,33613,Person E,1902.5,2806.0,320.0,3395.43,34.15,True,Active,shazia,None,Normal,5: Lying down (controlled)
1789494518.6304786,33614,Person E,1903.6,2806.9,320.0,3399.63,34.22,True,Active,shazia,None,Normal,5: Lying down (controlled)
1789494518.7242393,33615,Person E,1905.2,2807.8,-80.0,3402.7,34.27,True,Active,shazia,None,Normal,5: Lying down (controlled)
1789494518.83359,33616,Person E,1905.7,2808.9,-80.0,3401.78,34.1,True,Active,shazia,None,Normal,5: Lying down (controlled)
1789494518.911709,33617,Person E,1905.0,2810.4,320.0,3398.95,33.91,True,Active,shazia,None,Normal,5: Lying down (controlled)
1789494519.005471,33618,Person E,1903.9,2812.3,160.0,3400.04,33.81,True,Active,shazia,None,Normal,5: Lying down (controlled)
1789494519.083573,33619,Person E,1902.8,2813.9,160.0,3397.27,33.8,True,Active,shazia,None,Normal,5: Lying down (controlled)
1789494519.1616893,33620,Person E,1901.8,2815.5,320.0,3398.38,33.83,True,Active,shazia,None,Normal,5: Lying down (controlled)
1789494519.2867012,33621,Person E,1901.2,2817.6,240.0,3405.05,33.88,True,Active,shazia,None,Normal,5: Lying down (controlled)
1789494519.3648002,33622,Person E,1901.4,2819.6,160.0,3408.95,33.97,True,Active,shazia,None,Normal,5: Lying down (controlled)
1789494519.442923,33623,Person E,1901.6,2821.4,-80.0,3411.46,34.01,True,Active,shazia,None,Normal,5: Lying down (controlled)
1789494519.536683,33624,Person E,1901.5,2822.7,320.0,3409.82,34.09,True,Active,shazia,None,Normal,5: Lying down (controlled)
1789494519.6148028,33625,Person E,1901.5,2823.9,240.0,3412.63,34.16,True,Active,shazia,None,Normal,5: Lying down (controlled)
1789494519.739776,33626,Person E,1902.7,2824.6,80.0,3414.31,34.2,True,Active,shazia,None,Normal,5: Lying down (controlled)
1789494519.833518,33627,Person E,1904.4,2824.8,80.0,3410.12,34.12,True,Active,shazia,None,Normal,5: Lying down (controlled)
1789494519.9116406,33628,Person E,1906.0,2824.6,-80.0,3407.31,34.05,True,Active,shazia,None,Normal,5: Lying down (controlled)
1789494519.9741533,33629,Person E,1907.1,2825.0,-80.0,3406.72,33.92,True,Active,shazia,None,Normal,5: Lying down (controlled)
1789494520.0678964,33630,Person E,1907.5,2825.8,160.0,3407.25,33.81,True,Active,shazia,None,Normal,5: Lying down (controlled)
1789494520.1772444,33631,Person E,1907.4,2825.9,320.0,3405.32,33.85,True,Active,shazia,None,Normal,5: Lying down (controlled)
1789494520.2397401,33632,Person E,1906.9,2825.9,320.0,3406.16,33.9,True,Active,shazia,None,Normal,5: Lying down (controlled)
1789494520.3335035,33633,Person E,1906.2,2825.7,-80.0,3405.89,33.93,True,Active,shazia,None,Normal,5: Lying down (controlled)
1789494520.411623,33634,Person E,1905.4,2825.5,160.0,3403.69,33.99,True,Active,shazia,None,Normal,5: Lying down (controlled)
1789494520.5053668,33635,Person E,1904.0,2825.1,80.0,3401.47,34.0,True,Active,shazia,None,Normal,5: Lying down (controlled)
1789494520.5990932,33636,Person E,1901.8,2824.2,0.0,3394.53,33.98,True,Active,shazia,None,Normal,5: Lying down (controlled)
1789494520.692834,33637,Person E,1900.1,2823.4,240.0,3393.97,33.96,True,Active,shazia,None,Normal,5: Lying down (controlled)
1789494520.7709575,33638,Person E,1898.7,2822.4,160.0,3391.2,33.95,True,Active,shazia,None,Normal,5: Lying down (controlled)
1789494520.8490949,33639,Person E,1897.5,2821.1,-80.0,3389.24,33.87,True,Active,shazia,None,Normal,5: Lying down (controlled)
1789494520.9428363,33640,Person E,1896.5,2819.7,320.0,3390.06,33.8,True,Active,shazia,None,Normal,5: Lying down (controlled)
1789494521.052204,33641,Person E,1894.7,2819.0,0.0,3389.5,33.67,True,Active,shazia,None,Normal,5: Lying down (controlled)
1789494521.1615717,33642,Person E,1892.3,2818.6,160.0,3389.5,33.61,True,Active,shazia,None,Normal,5: Lying down (controlled)
1789494521.2396746,33643,Person E,1889.1,2818.9,-80.0,3390.63,33.45,True,Active,shazia,None,Normal,5: Lying down (controlled)
1789494521.3177948,33644,Person E,1885.3,2820.2,320.0,3393.44,33.34,True,Active,shazia,None,Normal,5: Lying down (controlled)
1789494521.4115384,33645,Person E,1882.2,2821.8,320.0,3397.58,33.41,True,Active,shazia,None,Normal,5: Lying down (controlled)
1789494521.505281,33646,Person E,1880.2,2823.8,160.0,3400.05,33.51,True,Active,shazia,None,Normal,5: Lying down (controlled)
1789494521.5990405,33647,Person E,1877.6,2825.8,-80.0,3396.19,33.41,True,Active,shazia,None,Normal,5: Lying down (controlled)
1789494521.6927862,33648,Person E,1874.6,2828.0,320.0,3392.89,33.32,True,Active,shazia,None,Normal,5: Lying down (controlled)
1789494521.7639077,33649,Person E,1872.2,2829.5,640.0,3388.43,33.39,True,Active,shazia,None,Normal,5: Lying down (controlled)
1789494521.851393,33650,Person E,1870.1,2830.1,160.0,3383.42,33.45,True,Active,shazia,None,Normal,5: Lying down (controlled)
1789494521.9451344,33651,Person E,1868.5,2830.0,-80.0,3379.82,33.45,True,Active,shazia,None,Normal,5: Lying down (controlled)
1789494522.023234,33652,Person E,1867.4,2829.5,320.0,3379.25,33.5,True,Active,shazia,None,Normal,5: Lying down (controlled)
1789494522.1169984,33653,Person E,1867.7,2828.3,240.0,3382.29,33.61,True,Active,shazia,None,Normal,5: Lying down (controlled)
1789494522.1951172,33654,Person E,1868.9,2826.4,160.0,3384.23,33.69,True,Active,shazia,None,Normal,5: Lying down (controlled)
1789494522.2888598,33655,Person E,1870.4,2824.2,320.0,3387.56,33.83,True,Active,shazia,None,Normal,5: Lying down (controlled)
1789494522.382604,33656,Person E,1872.1,2821.9,-80.0,3390.37,33.96,True,Active,shazia,None,Normal,5: Lying down (controlled)
1789494522.4763308,33657,Person E,1874.9,2819.2,640.0,3389.29,34.06,True,Active,shazia,None,Normal,5: Lying down (controlled)
1789494522.5544674,33658,Person E,1878.1,2816.5,-80.0,3388.17,34.03,True,Active,shazia,None,Normal,5: Lying down (controlled)
1789494522.632587,33659,Person E,1881.0,2814.2,-160.0,3385.39,34.02,True,Active,shazia,None,Normal,5: Lying down (controlled)
1789494522.7263136,33660,Person E,1883.6,2812.7,-80.0,3385.37,33.96,True,Active,shazia,None,Normal,5: Lying down (controlled)
1789494522.8200552,33661,Person E,1886.5,2811.7,160.0,3387.59,33.95,True,Active,shazia,None,Normal,5: Lying down (controlled)
1789494522.9137988,33662,Person E,1889.0,2810.9,160.0,3386.47,33.92,True,Active,shazia,None,Normal,5: Lying down (controlled)
1789494523.0075443,33663,Person E,1890.9,2810.3,320.0,3387.86,33.93,True,Active,shazia,None,Normal,5: Lying down (controlled)
1789494523.0856643,33664,Person E,1892.7,2810.0,320.0,3391.75,33.97,True,Active,shazia,None,Normal,5: Lying down (controlled)
1789494523.1637833,33665,Person E,1894.2,2809.8,160.0,3394.28,34.06,True,Active,shazia,None,Normal,5: Lying down (controlled)
1789494523.2887912,33666,Person E,1895.4,2809.6,-80.0,3395.43,34.15,True,Active,shazia,None,Normal,5: Lying down (controlled)
1789494523.3668942,33667,Person E,1896.9,2809.4,320.0,3396.06,34.28,True,Active,shazia,None,Normal,5: Lying down (controlled)
1789494523.4606357,33668,Person E,1899.1,2809.0,-80.0,3397.23,34.37,True,Active,shazia,None,Normal,5: Lying down (controlled)
1789494523.5387743,33669,Person E,1901.5,2808.3,640.0,3393.1,34.42,True,Active,shazia,None,Normal,5: Lying down (controlled)
1789494523.616894,33670,Person E,1904.1,2807.1,160.0,3390.06,34.44,True,Active,shazia,None,Normal,5: Lying down (controlled)
1789494523.710621,33671,Person E,1906.3,2805.5,320.0,3386.71,34.41,True,Active,shazia,None,Normal,5: Lying down (controlled)
1789494523.8043628,33672,Person E,1908.2,2804.1,-80.0,3385.54,34.32,True,Active,shazia,None,Normal,5: Lying down (controlled)
1789494523.882501,33673,Person E,1909.9,2802.9,160.0,3387.46,34.28,True,Active,shazia,None,Normal,5: Lying down (controlled)
1789494523.9762442,33674,Person E,1911.0,2802.2,-80.0,3392.12,34.19,True,Active,shazia,None,Normal,5: Lying down (controlled)
1789494524.0543644,33675,Person E,1911.6,2802.2,320.0,3397.65,34.14,True,Active,shazia,None,Normal,5: Lying down (controlled)
1789494524.163711,33676,Person E,1912.1,2802.8,320.0,3403.2,34.16,True,Active,shazia,None,Normal,5: Lying down (controlled)
1789494524.2730992,33677,Person E,1912.4,2803.7,160.0,3405.18,34.24,True,Active,shazia,None,Normal,5: Lying down (controlled)
1789494524.3512187,33678,Person E,1912.5,2804.5,160.0,3404.39,34.31,True,Active,shazia,None,Normal,5: Lying down (controlled)
1789494524.42934,33679,Person E,1912.6,2805.6,-80.0,3402.74,34.33,True,Active,shazia,None,Normal,5: Lying down (controlled)
1789494524.50744,33680,Person E,1912.2,2807.4,-80.0,3402.67,34.21,True,Active,shazia,None,Normal,5: Lying down (controlled)
1789494524.601185,33681,Person E,1911.4,2809.8,640.0,3402.05,34.07,True,Active,shazia,None,Normal,5: Lying down (controlled)
1789494524.6949246,33682,Person E,1911.0,2812.2,320.0,3403.15,34.04,True,Active,shazia,None,Normal,5: Lying down (controlled)
1789494524.7886908,33683,Person E,1910.3,2814.5,-80.0,3402.57,33.97,True,Active,shazia,None,Normal,5: Lying down (controlled)
1789494524.851168,33684,Person E,1909.5,2816.1,640.0,3400.9,33.92,True,Active,shazia,None,Normal,5: Lying down (controlled)
1789494524.9605372,33685,Person E,1908.8,2817.0,160.0,3401.18,33.96,True,Active,shazia,None,Normal,5: Lying down (controlled)
1789494525.0699008,33686,Person E,1907.6,2817.3,160.0,3398.96,33.97,True,Active,shazia,None,Normal,5: Lying down (controlled)
1789494525.1636467,33687,Person E,1906.1,2817.7,320.0,3400.08,33.99,True,Active,shazia,None,Normal,5: Lying down (controlled)
1789494525.2417822,33688,Person E,1904.5,2818.2,640.0,3399.54,34.04,True,Active,shazia,None,Normal,5: Lying down (controlled)
1789494525.3355262,33689,Person E,1903.1,2818.4,160.0,3396.52,34.12,True,Active,shazia,None,Normal,5: Lying down (controlled)
1789494525.4136262,33690,Person E,1902.3,2817.9,-80.0,3394.04,34.14,True,Active,shazia,None,Normal,5: Lying down (controlled)
1789494525.523013,33691,Person E,1901.5,2817.2,-80.0,3391.77,34.03,True,Active,shazia,None,Normal,5: Lying down (controlled)
1789494525.6167367,33692,Person E,1900.2,2816.6,160.0,3390.91,33.92,True,Active,shazia,None,Normal,5: Lying down (controlled)
1789494525.7573545,33693,Person E,1898.9,2815.9,640.0,3389.51,33.85,True,Active,shazia,None,Normal,5: Lying down (controlled)
1789494525.8667223,33694,Person E,1897.7,2815.1,-80.0,3387.56,33.83,True,Active,shazia,None,Normal,5: Lying down (controlled)
1789494525.9448624,33695,Person E,1896.5,2814.5,320.0,3389.51,33.85,True,Active,shazia,None,Normal,5: Lying down (controlled)
1789494526.0385866,33696,Person E,1895.8,2813.8,160.0,3389.25,33.93,True,Active,shazia,None,Normal,5: Lying down (controlled)
1789494526.1323268,33697,Person E,1895.4,2812.8,160.0,3389.56,34.03,True,Active,shazia,None,Normal,5: Lying down (controlled)
1789494526.210447,33698,Person E,1895.0,2811.9,-80.0,3389.85,34.07,True,Active,shazia,None,Normal,5: Lying down (controlled)
1789494526.272942,33699,Person E,1895.0,2811.6,320.0,3394.04,34.14,True,Active,shazia,None,Normal,5: Lying down (controlled)
1789494526.3510652,33700,Person E,1895.5,2811.4,80.0,3395.19,34.23,True,Active,shazia,None,Normal,5: Lying down (controlled)
1789494526.4448054,33701,Person E,1896.8,2810.7,160.0,3393.28,34.28,True,Active,shazia,None,Normal,5: Lying down (controlled)
1789494526.5229285,33702,Person E,1898.7,2809.5,-160.0,3391.63,34.29,True,Active,shazia,None,Normal,5: Lying down (controlled)
1789494526.6010637,33703,Person E,1901.4,2808.1,240.0,3393.06,34.36,True,Active,shazia,None,Normal,5: Lying down (controlled)
1789494526.6791644,33704,Person E,1904.6,2806.8,160.0,3394.75,34.4,True,Active,shazia,None,Normal,5: Lying down (controlled)
1789494526.757303,33705,Person E,1907.6,2805.3,160.0,3393.92,34.41,True,Active,shazia,None,Normal,5: Lying down (controlled)
1789494526.8666542,33706,Person E,1910.3,2804.2,320.0,3395.31,34.42,True,Active,shazia,None,Normal,5: Lying down (controlled)
1789494526.9291499,33707,Person E,1913.0,2803.4,320.0,3398.14,34.49,True,Active,shazia,None,Normal,5: Lying down (controlled)
1789494527.0229099,33708,Person E,1915.8,2802.7,80.0,3399.84,34.53,True,Active,shazia,None,Normal,5: Lying down (controlled)
1789494527.1010294,33709,Person E,1918.1,2801.7,-160.0,3398.76,34.56,True,Active,shazia,None,Normal,5: Lying down (controlled)
1789494527.1791494,33710,Person E,1919.5,2800.9,-80.0,3396.49,34.5,True,Active,shazia,None,Normal,5: Lying down (controlled)
1789494527.2885013,33711,Person E,1920.7,2800.4,390.0,3395.93,34.49,True,Active,shazia,None,Normal,5: Lying down (controlled)
1789494527.3822436,33712,Person E,1921.5,2799.9,80.0,3392.02,34.45,True,Active,shazia,None,Normal,5: Lying down (controlled)
1789494527.4603798,33713,Person E,1921.3,2799.5,-80.0,3388.62,34.37,True,Active,shazia,None,Normal,5: Lying down (controlled)
1789494527.5385,33714,Person E,1920.5,2799.4,320.0,3389.41,34.3,True,Active,shazia,None,Normal,5: Lying down (controlled)
1789494527.6478484,33715,Person E,1919.8,2799.2,640.0,3388.32,34.33,True,Active,shazia,None,Normal,5: Lying down (controlled)
1789494527.7572346,33716,Person E,1919.2,2798.9,160.0,3389.45,34.36,True,Active,shazia,None,Normal,5: Lying down (controlled)
1789494527.8509622,33717,Person E,1918.4,2798.1,320.0,3387.02,34.45,True,Active,shazia,None,Normal,5: Lying down (controlled)
1789494527.9290798,33718,Person E,1917.7,2797.1,320.0,3387.64,34.53,True,Active,shazia,None,Normal,5: Lying down (controlled)
1789494528.0072148,33719,Person E,1917.0,2796.0,640.0,3385.73,34.57,True,Active,shazia,None,Normal,5: Lying down (controlled)
1789494528.0853207,33720,Person E,1916.7,2794.6,160.0,3383.26,34.6,True,Active,shazia,None,Normal,5: Lying down (controlled)
1789494528.1946862,33721,Person E,1916.2,2793.1,-160.0,3380.74,34.56,True,Active,shazia,None,Normal,5: Lying down (controlled)
1789494528.272805,33722,Person E,1915.5,2792.0,-80.0,3378.99,34.46,True,Active,shazia,None,Normal,5: Lying down (controlled)
1789494528.3665676,33723,Person E,1915.1,2791.2,160.0,3379.76,34.39,True,Active,shazia,None,Normal,5: Lying down (controlled)
1789494528.4290466,33724,Person E,1914.6,2790.0,160.0,3376.68,34.34,True,Active,shazia,None,Normal,5: Lying down (controlled)
1789494528.5071669,33725,Person E,1913.9,2789.1,320.0,3376.94,34.32,True,Active,shazia,None,Normal,5: Lying down (controlled)
