timestamp,sequence_id,target_id,x_mm,y_mm,speed_mms,distance_mm,angle_deg,valid,status,volunteer_id,fall_subtype,pace_variant,action_label
1789153216.6148381,5406,Person C,1048.0,3192.6,160.0,3360.9,18.19,True,Active,shazia,None,Normal,5: Lying down (controlled)
1789153216.7048464,5407,Person C,1047.4,3193.0,80.0,3360.6,18.12,True,Active,shazia,None,Normal,5: Lying down (controlled)
1789153216.792414,5408,Person C,1047.0,3193.5,80.0,3361.88,18.07,True,Active,shazia,None,Normal,5: Lying down (controlled)
1789153216.8705382,5409,Person C,1046.6,3193.9,160.0,3361.57,18.06,True,Active,shazia,None,Normal,5: Lying down (controlled)
1789153216.948673,5410,Person C,1046.2,3194.7,80.0,3363.17,18.03,True,Active,shazia,None,Normal,5: Lying down (controlled)
1789153217.0111706,5411,Person C,1045.9,3195.9,80.0,3368.85,18.05,True,Active,shazia,None,Normal,5: Lying down (controlled)
1789153217.0984042,5412,Person C,1045.6,3196.8,160.0,3370.42,18.08,True,Active,shazia,None,Normal,5: Lying down (controlled)
1789153217.1865368,5413,Person C,1045.5,3197.9,80.0,3372.63,18.09,True,Active,shazia,None,Normal,5: Lying down (controlled)
1789153217.3147478,5414,Person C,1045.3,3199.6,80.0,3378.03,18.04,True,Active,shazia,None,Normal,5: Lying down (controlled)
1789153217.4061983,5415,Person C,1044.7,3201.6,160.0,3379.31,18.0,True,Active,shazia,None,Normal,5: Lying down (controlled)
1789153217.4813912,5416,Person C,1044.1,3203.8,80.0,3379.95,17.97,True,Active,shazia,None,Normal,5: Lying down (controlled)
1789153217.5549731,5417,Person C,1043.4,3206.0,80.0,3379.36,17.89,True,Active,shazia,None,Normal,5: Lying down (controlled)
1789153217.6492114,5418,Person C,1042.5,3207.9,160.0,3377.19,17.83,True,Active,shazia,None,Normal,5: Lying down (controlled)
1789153217.7315571,5419,Person C,1041.4,3210.0,80.0,3378.17,17.77,True,Active,shazia,None,Normal,5: Lying down (controlled)
1789153217.8151505,5420,Person C,1040.4,3212.2,80.0,3381.03,17.75,True,Active,shazia,None,Normal,5: Lying down (controlled)
1789153217.9316545,5421,Person C,1039.3,3213.9,160.0,3381.64,17.79,True,Active,shazia,None,Normal,5: Lying down (controlled)
1789153218.0149543,5422,Person C,1038.1,3215.5,80.0,3381.95,17.8,True,Active,shazia,None,Normal,5: Lying down (controlled)
1789153218.115,5423,Person C,1037.1,3216.5,-80.0,3379.06,17.87,True,Active,shazia,None,Normal,5: Lying down (controlled)
1789153218.215057,5424,Person C,1036.2,3216.5,160.0,3375.25,17.89,True,Active,shazia,None,Normal,5: Lying down (controlled)
1789153218.281842,5425,Person C,1035.4,3216.2,80.0,3373.99,17.88,True,Active,shazia,None,Normal,5: Lying down (controlled)
1789153218.416002,5426,Person C,1034.1,3215.8,0.0,3372.15,17.78,True,Active,shazia,None,Normal,5: Lying down (controlled)
1789153218.5319433,5427,Person C,1032.9,3215.2,160.0,3369.98,17.73,True,Active,shazia,None,Normal,5: Lying down (controlled)
1789153218.6234314,5428,Person C,1031.7,3214.5,-160.0,3366.86,17.67,True,Active,shazia,None,Normal,5: Lying down (controlled)
1789153218.702967,5429,Person C,1030.8,3213.5,80.0,3365.91,17.68,True,Active,shazia,None,Normal,5: Lying down (controlled)
1789153218.781106,5430,Person C,1030.0,3212.0,80.0,3364.31,17.7,True,Active,shazia,None,Normal,5: Lying down (controlled)
1789153218.8592055,5431,Person C,1028.9,3210.3,160.0,3362.1,17.7,True,Active,shazia,None,Normal,5: Lying down (controlled)
1789153218.921701,5432,Person C,1027.2,3208.6,0.0,3360.58,17.62,True,Active,shazia,None,Normal,5: Lying down (controlled)
1789153218.9998238,5433,Person C,1025.1,3207.1,80.0,3358.37,17.61,True,Active,shazia,None,Normal,5: Lying down (controlled)
1789153219.0707462,5434,Person C,1022.9,3205.8,160.0,3356.16,17.6,True,Active,shazia,None,Normal,5: Lying down (controlled)
1789153219.1488729,5435,Person C,1020.7,3204.8,80.0,3357.77,17.58,True,Active,shazia,None,Normal,5: Lying down (controlled)
1789153219.2113688,5436,Person C,1019.2,3204.1,80.0,3360.93,17.58,True,Active,shazia,None,Normal,5: Lying down (controlled)
1789153219.2738643,5437,Person C,1018.2,3203.5,160.0,3361.23,17.59,True,Active,shazia,None,Normal,5: Lying down (controlled)
1789153219.3676062,5438,Person C,1018.0,3202.9,80.0,3360.54,17.67,True,Active,shazia,None,Normal,5: Lying down (controlled)
1789153219.4613478,5439,Person C,1018.0,3202.2,80.0,3359.24,17.71,True,Active,shazia,None,Normal,5: Lying down (controlled)
1789153219.5394707,5440,Person C,1017.9,3201.4,160.0,3356.38,17.73,True,Active,shazia,None,Normal,5: Lying down (controlled)
1789153219.6057093,5441,Person C,1017.7,3200.7,80.0,3354.82,17.7,True,Active,shazia,None,Normal,5: Lying down (controlled)
1789153219.6838295,5442,Person C,1018.0,3200.0,80.0,3354.82,17.7,True,Active,shazia,None,Normal,5: Lying down (controlled)
1789153219.761947,5443,Person C,1018.5,3199.4,160.0,3354.17,17.72,True,Active,shazia,None,Normal,5: Lying down (controlled)
1789153219.824443,5444,Person C,1018.9,3199.2,80.0,3355.47,17.68,True,Active,shazia,None,Normal,5: Lying down (controlled)
1789153219.902583,5445,Person C,1019.6,3199.1,80.0,3358.93,17.7,True,Active,shazia,None,Normal,5: Lying down (controlled)
1789153219.980683,5446,Person C,1020.3,3198.7,160.0,3359.24,17.71,True,Active,shazia,None,Normal,5: Lying down (controlled)
1789153220.0532353,5447,Person C,1020.9,3198.2,80.0,3358.29,17.72,True,Active,shazia,None,Normal,5: Lying down (controlled)
1789153220.1427946,5448,Person C,1021.3,3198.1,80.0,3360.8,17.74,True,Active,shazia,None,Normal,5: Lying down (controlled)
1789153220.2208948,5449,Person C,1021.5,3198.2,160.0,3360.8,17.74,True,Active,shazia,None,Normal,5: Lying down (controlled)
1789153220.299034,5450,Person C,1021.7,3198.6,80.0,3360.8,17.74,True,Active,shazia,None,Normal,5: Lying down (controlled)
1789153220.3927772,5451,Person C,1022.1,3199.2,80.0,3361.75,17.73,True,Active,shazia,None,Normal,5: Lying down (controlled)
1789153220.4552732,5452,Person C,1022.5,3199.7,160.0,3360.8,17.74,True,Active,shazia,None,Normal,5: Lying down (controlled)
1789153220.533392,5453,Person C,1022.8,3200.3,80.0,3360.8,17.74,True,Active,shazia,None,Normal,5: Lying down (controlled)
1789153220.617824,5454,Person C,1023.4,3200.8,80.0,3362.06,17.75,True,Active,shazia,None,Normal,5: Lying down (controlled)
1789153220.695943,5455,Person C,1024.1,3200.9,160.0,3362.02,17.8,True,Active,shazia,None,Normal,5: Lying down (controlled)
1789153220.7740645,5456,Person C,1024.7,3200.8,160.0,3360.12,17.81,True,Active,shazia,None,Normal,5: Lying down (controlled)
1789153220.8521826,5457,Person C,1025.6,3200.8,80.0,3361.04,17.86,True,Active,shazia,None,Normal,5: Lying down (controlled)
1789153220.9302828,5458,Person C,1026.3,3200.5,160.0,3360.08,17.87,True,Active,shazia,None,Normal,5: Lying down (controlled)
1789153220.9927783,5459,Person C,1027.0,3199.9,160.0,3357.23,17.88,True,Active,shazia,None,Normal,5: Lying down (controlled)
1789153221.0708978,5460,Person C,1028.1,3199.1,80.0,3356.56,17.96,True,Active,shazia,None,Normal,5: Lying down (controlled)
1789153221.1529233,5461,Person C,1029.6,3197.8,320.0,3353.99,18.05,True,Active,shazia,None,Normal,5: Lying down (controlled)
1789153221.231047,5462,Person C,1031.3,3196.4,80.0,3352.71,18.09,True,Active,shazia,None,Normal,5: Lying down (controlled)
1789153221.3091638,5463,Person C,1033.3,3195.0,80.0,3353.64,18.14,True,Active,shazia,None,Normal,5: Lying down (controlled)
1789153221.4029067,5464,Person C,1035.5,3193.5,80.0,3354.58,18.19,True,Active,shazia,None,Normal,5: Lying down (controlled)
1789153221.4966688,5465,Person C,1037.5,3191.9,160.0,3352.99,18.21,True,Active,shazia,None,Normal,5: Lying down (controlled)
1789153221.5591648,5466,Person C,1039.2,3190.4,0.0,3351.1,18.17,True,Active,shazia,None,Normal,5: Lying down (controlled)
1789153221.640938,5467,Person C,1040.6,3188.7,80.0,3349.2,18.18,True,Active,shazia,None,Normal,5: Lying down (controlled)
1789153221.719058,5468,Person C,1041.9,3186.9,160.0,3346.99,18.18,True,Active,shazia,None,Normal,5: Lying down (controlled)
1789153221.8127809,5469,Person C,1042.9,3185.2,-80.0,3344.15,18.14,True,Active,shazia,None,Normal,5: Lying down (controlled)
1789153221.875297,5470,Person C,1043.5,3183.7,80.0,3344.15,18.14,True,Active,shazia,None,Normal,5: Lying down (controlled)
1789153221.953416,5471,Person C,1043.6,3182.6,160.0,3343.84,18.12,True,Active,shazia,None,Normal,5: Lying down (controlled)
1789153222.0471401,5472,Person C,1043.6,3181.6,80.0,3343.2,18.14,True,Active,shazia,None,Normal,5: Lying down (controlled)
1789153222.1155117,5473,Person C,1043.8,3180.5,80.0,3343.81,18.23,True,Active,shazia,None,Normal,5: Lying down (controlled)
1789153222.2092757,5474,Person C,1044.0,3179.2,160.0,3342.85,18.29,True,Active,shazia,None,Normal,5: Lying down (controlled)
1789153222.3029997,5475,Person C,1044.5,3178.4,80.0,3346.96,18.34,True,Active,shazia,None,Normal,5: Lying down (controlled)
1789153222.3654954,5476,Person C,1045.7,3177.6,390.0,3347.27,18.41,True,Active,shazia,None,Normal,5: Lying down (controlled)
1789153222.443615,5477,Person C,1047.1,3176.9,160.0,3346.95,18.45,True,Active,shazia,None,Normal,5: Lying down (controlled)
1789153222.5217342,5478,Person C,1048.5,3176.2,80.0,3344.74,18.44,True,Active,shazia,None,Normal,5: Lying down (controlled)
1789153222.615484,5479,Person C,1050.3,3175.5,80.0,3343.16,18.47,True,Active,shazia,None,Normal,5: Lying down (controlled)
1789153222.6936088,5480,Person C,1052.1,3174.6,160.0,3341.26,18.48,True,Active,shazia,None,Normal,5: Lying down (controlled)
1789153222.7717478,5481,Person C,1054.0,3173.5,80.0,3339.37,18.49,True,Active,shazia,None,Normal,5: Lying down (controlled)
1789153222.8498697,5482,Person C,1056.0,3172.7,80.0,3341.9,18.51,True,Active,shazia,None,Normal,5: Lying down (controlled)
1789153222.9123428,5483,Person C,1057.6,3172.2,160.0,3344.11,18.52,True,Active,shazia,None,Normal,5: Lying down (controlled)
1789153223.0060904,5484,Person C,1058.5,3172.1,80.0,3344.74,18.44,True,Active,shazia,None,Normal,5: Lying down (controlled)
1789153223.0842097,5485,Person C,1058.8,3171.9,480.0,3346.01,18.4,True,Active,shazia,None,Normal,5: Lying down (controlled)
1789153223.1720605,5486,Person C,1058.5,3171.9,160.0,3346.33,18.36,True,Active,shazia,None,Normal,5: Lying down (controlled)
1789153223.2501793,5487,Person C,1058.1,3172.3,80.0,3349.49,18.36,True,Active,shazia,None,Normal,5: Lying down (controlled)
1789153223.3439069,5488,Person C,1058.1,3173.5,80.0,3356.13,18.38,True,Active,shazia,None,Normal,5: Lying down (controlled)
1789153223.43765,5489,Person C,1058.2,3175.3,160.0,3360.55,18.39,True,Active,shazia,None,Normal,5: Lying down (controlled)
1789153223.515767,5490,Person C,1058.6,3177.4,80.0,3362.45,18.43,True,Active,shazia,None,Normal,5: Lying down (controlled)
1789153223.6094687,5491,Person C,1059.5,3179.8,80.0,3364.98,18.5,True,Active,shazia,None,Normal,5: Lying down (controlled)
1789153223.6932166,5492,Person C,1060.4,3181.9,160.0,3364.67,18.54,True,Active,shazia,None,Normal,5: Lying down (controlled)
1789153223.8025866,5493,Person C,1061.1,3183.7,80.0,3363.4,18.53,True,Active,shazia,None,Normal,5: Lying down (controlled)
1789153223.8807003,5494,Person C,1062.4,3185.2,80.0,3363.09,18.57,True,Active,shazia,None,Normal,5: Lying down (controlled)
1789153223.9588401,5495,Person C,1064.1,3186.3,160.0,3361.83,18.61,True,Active,shazia,None,Normal,5: Lying down (controlled)
1789153224.068187,5496,Person C,1066.0,3187.3,80.0,3361.83,18.61,True,Active,shazia,None,Normal,5: Lying down (controlled)
1789153224.1506138,5497,Person C,1068.1,3187.9,80.0,3361.84,18.67,True,Active,shazia,None,Normal,5: Lying down (controlled)
1789153224.244338,5498,Person C,1070.0,3187.7,160.0,3360.27,18.69,True,Active,shazia,None,Normal,5: Lying down (controlled)
1789153224.3381014,5499,Person C,1071.8,3186.8,80.0,3357.75,18.73,True,Active,shazia,None,Normal,5: Lying down (controlled)
1789153224.4162207,5500,Person C,1073.5,3185.9,80.0,3359.34,18.75,True,Active,shazia,None,Normal,5: Lying down (controlled)
1789153224.4943235,5501,Person C,1074.6,3184.9,160.0,3359.02,18.74,True,Active,shazia,None,Normal,5: Lying down (controlled)
1789153224.5880828,5502,Person C,1075.2,3184.0,80.0,3358.06,18.69,True,Active,shazia,None,Normal,5: Lying down (controlled)
1789153224.6882641,5503,Person C,1075.7,3183.4,80.0,3359.31,18.65,True,Active,shazia,None,Normal,5: Lying down (controlled)
1789153224.781991,5504,Person C,1075.7,3183.0,160.0,3359.3,18.59,True,Active,shazia,None,Normal,5: Lying down (controlled)
1789153224.8601272,5505,Person C,1075.4,3183.1,80.0,3361.83,18.56,True,Active,shazia,None,Normal,5: Lying down (controlled)
1789153224.9694777,5506,Person C,1075.5,3183.4,80.0,3365.0,18.61,True,Active,shazia,None,Normal,5: Lying down (controlled)
1789153225.063223,5507,Person C,1075.5,3183.8,160.0,3365.63,18.64,True,Active,shazia,None,Normal,5: Lying down (controlled)
1789153225.1639593,5508,Person C,1075.4,3184.4,80.0,3365.63,18.64,True,Active,shazia,None,Normal,5: Lying down (controlled)
1789153225.2420783,5509,Person C,1075.3,3185.4,80.0,3366.9,18.66,True,Active,shazia,None,Normal,5: Lying down (controlled)
1789153225.3358226,5510,Person C,1075.0,3186.2,160.0,3365.95,18.66,True,Active,shazia,None,Normal,5: Lying down (controlled)
1789153225.3983378,5511,Person C,1074.4,3187.0,80.0,3364.68,18.6,True,Active,shazia,None,Normal,5: Lying down (controlled)
1789153225.4764564,5512,Person C,1073.9,3187.8,80.0,3364.04,18.56,True,Active,shazia,None,Normal,5: Lying down (controlled)
1789153225.6014285,5513,Person C,1073.4,3188.3,160.0,3362.46,18.54,True,Active,shazia,None,Normal,5: Lying down (controlled)
1789153225.683721,5514,Person C,1073.0,3188.3,-80.0,3358.03,18.53,True,Active,shazia,None,Normal,5: Lying down (controlled)
1789153225.7618408,5515,Person C,1072.6,3187.9,80.0,3356.76,18.52,True,Active,shazia,None,Normal,5: Lying down (controlled)
1789153225.839961,5516,Person C,1071.8,3187.1,160.0,3354.86,18.53,True,Active,shazia,None,Normal,5: Lying down (controlled)
1789153225.91808,5517,Person C,1070.7,3186.5,80.0,3356.44,18.5,True,Active,shazia,None,Normal,5: Lying down (controlled)
1789153226.0274482,5518,Person C,1069.8,3186.0,480.0,3358.03,18.53,True,Active,shazia,None,Normal,5: Lying down (controlled)
1789153226.1055474,5519,Person C,1068.8,3185.4,160.0,3358.03,18.53,True,Active,shazia,None,Normal,5: Lying down (controlled)
1789153226.1895266,5520,Person C,1067.7,3185.0,80.0,3358.66,18.51,True,Active,shazia,None,Normal,5: Lying down (controlled)
1789153226.2676647,5521,Person C,1067.2,3184.7,480.0,3360.24,18.53,True,Active,shazia,None,Normal,5: Lying down (controlled)
1789153226.392638,5522,Person C,1067.0,3184.3,160.0,3359.61,18.55,True,Active,shazia,None,Normal,5: Lying down (controlled)
1789153226.4551349,5523,Person C,1066.9,3184.2,80.0,3361.19,18.53,True,Active,shazia,None,Normal,5: Lying down (controlled)
1789153226.5645192,5524,Person C,1067.1,3184.9,80.0,3365.3,18.52,True,Active,shazia,None,Normal,5: Lying down (controlled)
1789153226.6464112,5525,Person C,1067.3,3185.8,160.0,3365.93,18.5,True,Active,shazia,None,Normal,5: Lying down (controlled)
1789153226.7245545,5526,Person C,1067.8,3186.9,80.0,3366.88,18.55,True,Active,shazia,None,Normal,5: Lying down (controlled)
1789153226.8026545,5527,Person C,1069.1,3187.5,80.0,3366.27,18.68,True,Active,shazia,None,Normal,5: Lying down (controlled)
1789153226.9120407,5528,Person C,1070.9,3187.6,160.0,3364.74,18.81,True,Active,shazia,None,Normal,5: Lying down (controlled)
1789153226.9901412,5529,Person C,1072.9,3187.7,80.0,3365.38,18.84,True,Active,shazia,None,Normal,5: Lying down (controlled)
1789153227.0839038,5530,Person C,1075.1,3187.4,80.0,3362.87,18.88,True,Active,shazia,None,Normal,5: Lying down (controlled)
1789153227.1657674,5531,Person C,1077.1,3186.8,160.0,3360.97,18.89,True,Active,shazia,None,Normal,5: Lying down (controlled)
1789153227.2594922,5532,Person C,1078.5,3186.4,80.0,3360.31,18.8,True,Active,shazia,None,Normal,5: Lying down (controlled)
1789153227.3532348,5533,Person C,1079.7,3185.9,80.0,3360.29,18.75,True,Active,shazia,None,Normal,5: Lying down (controlled)
1789153227.4469821,5534,Person C,1080.5,3184.8,160.0,3357.43,18.71,True,Active,shazia,None,Normal,5: Lying down (controlled)
1789153227.5251176,5535,Person C,1081.4,3183.4,80.0,3355.53,18.72,True,Active,shazia,None,Normal,5: Lying down (controlled)
1789153227.6032178,5536,Person C,1082.2,3182.0,80.0,3356.18,18.75,True,Active,shazia,None,Normal,5: Lying down (controlled)
1789153227.6856122,5537,Person C,1082.3,3180.8,160.0,3355.23,18.76,True,Active,shazia,None,Normal,5: Lying down (controlled)
1789153227.794977,5538,Person C,1081.7,3180.0,80.0,3355.23,18.76,True,Active,shazia,None,Normal,5: Lying down (controlled)
1789153227.873099,5539,Person C,1080.9,3179.2,80.0,3355.23,18.76,True,Active,shazia,None,Normal,5: Lying down (controlled)
1789153227.9668431,5540,Person C,1080.0,3178.7,160.0,3355.23,18.76,True,Active,shazia,None,Normal,5: Lying down (controlled)
1789153228.0762074,5541,Person C,1078.9,3178.2,-80.0,3352.69,18.74,True,Active,shazia,None,Normal,5: Lying down (controlled)
1789153228.1580594,5542,Person C,1078.1,3177.7,80.0,3353.0,18.7,True,Active,shazia,None,Normal,5: Lying down (controlled)
1789153228.2361825,5543,Person C,1077.4,3177.1,160.0,3352.36,18.67,True,Active,shazia,None,Normal,5: Lying down (controlled)
1789153228.3299267,5544,Person C,1077.0,3177.0,80.0,3355.2,18.65,True,Active,shazia,None,Normal,5: Lying down (controlled)
1789153228.4236894,5545,Person C,1076.5,3177.1,160.0,3354.88,18.63,True,Active,shazia,None,Normal,5: Lying down (controlled)
1789153228.501809,5546,Person C,1075.6,3177.2,160.0,3354.24,18.6,True,Active,shazia,None,Normal,5: Lying down (controlled)
1789153228.579928,5547,Person C,1074.7,3177.2,80.0,3352.35,18.61,True,Active,shazia,None,Normal,5: Lying down (controlled)
1789153228.6794834,5548,Person C,1073.9,3177.0,80.0,3350.77,18.64,True,Active,shazia,None,Normal,5: Lying down (controlled)
1789153228.7888484,5549,Person C,1073.2,3176.5,160.0,3348.25,18.67,True,Active,shazia,None,Normal,5: Lying down (controlled)
1789153228.8669717,5550,Person C,1072.2,3176.1,80.0,3348.24,18.62,True,Active,shazia,None,Normal,5: Lying down (controlled)
1789153228.9450881,5551,Person C,1071.4,3176.0,80.0,3349.18,18.61,True,Active,shazia,None,Normal,5: Lying down (controlled)
1789153229.03885,5552,Person C,1070.7,3175.7,160.0,3347.92,18.6,True,Active,shazia,None,Normal,5: Lying down (controlled)
1789153229.1325772,5553,Person C,1070.5,3175.2,80.0,3346.98,18.66,True,Active,shazia,None,Normal,5: Lying down (controlled)
1789153229.2565985,5554,Person C,1070.8,3174.3,80.0,3347.64,18.75,True,Active,shazia,None,Normal,5: Lying down (controlled)
1789153229.329298,5555,Person C,1071.2,3173.3,160.0,3346.69,18.75,True,Active,shazia,None,Normal,5: Lying down (controlled)
1789153229.4074147,5556,Person C,1071.6,3172.6,80.0,3348.89,18.71,True,Active,shazia,None,Normal,5: Lying down (controlled)
1789153229.485534,5557,Person C,1072.0,3172.2,80.0,3349.84,18.7,True,Active,shazia,None,Normal,5: Lying down (controlled)
1789153229.6105256,5558,Person C,1072.1,3171.9,160.0,3348.25,18.67,True,Active,shazia,None,Normal,5: Lying down (controlled)
1789153229.6913958,5559,Person C,1071.8,3171.9,80.0,3347.29,18.62,True,Active,shazia,None,Normal,5: Lying down (controlled)
1789153229.7695315,5560,Person C,1071.7,3172.0,80.0,3348.87,18.6,True,Active,shazia,None,Normal,5: Lying down (controlled)
1789153229.8320272,5561,Person C,1071.5,3172.0,160.0,3348.55,18.58,True,Active,shazia,None,Normal,5: Lying down (controlled)
1789153229.9257698,5562,Person C,1071.3,3172.1,80.0,3348.23,18.56,True,Active,shazia,None,Normal,5: Lying down (controlled)
1789153230.0194967,5563,Person C,1070.7,3172.4,80.0,3347.91,18.55,True,Active,shazia,None,Normal,5: Lying down (controlled)
1789153230.1132567,5564,Person C,1069.4,3172.7,160.0,3346.33,18.52,True,Active,shazia,None,Normal,5: Lying down (controlled)
1789153230.1913571,5565,Person C,1068.0,3173.4,80.0,3348.85,18.49,True,Active,shazia,None,Normal,5: Lying down (controlled)
1789153230.2694767,5566,Person C,1066.8,3173.8,80.0,3348.85,18.49,True,Active,shazia,None,Normal,5: Lying down (controlled)
1789153230.363239,5567,Person C,1065.5,3174.0,160.0,3347.59,18.48,True,Active,shazia,None,Normal,5: Lying down (controlled)
1789153230.4726067,5568,Person C,1064.2,3174.2,0.0,3346.01,18.45,True,Active,shazia,None,Normal,5: Lying down (controlled)
1789153230.5663345,5569,Person C,1063.3,3174.4,80.0,3346.32,18.47,True,Active,shazia,None,Normal,5: Lying down (controlled)
1789153230.644451,5570,Person C,1062.4,3174.3,160.0,3345.06,18.46,True,Active,shazia,None,Normal,5: Lying down (controlled)
1789153230.714612,5571,Person C,1061.6,3174.0,80.0,3343.16,18.47,True,Active,shazia,None,Normal,5: Lying down (controlled)
1789153230.808374,5572,Person C,1060.9,3173.6,80.0,3342.21,18.47,True,Active,shazia,None,Normal,5: Lying down (controlled)
1789153230.9177222,5573,Person C,1060.1,3173.2,160.0,3341.58,18.44,True,Active,shazia,None,Normal,5: Lying down (controlled)
1789153230.9958415,5574,Person C,1059.2,3172.8,0.0,3339.68,18.4,True,Active,shazia,None,Normal,5: Lying down (controlled)
1789153231.0739815,5575,Person C,1058.2,3172.0,80.0,3338.1,18.37,True,Active,shazia,None,Normal,5: Lying down (controlled)
1789153231.1677265,5576,Person C,1057.1,3171.0,160.0,3335.89,18.36,True,Active,shazia,None,Normal,5: Lying down (controlled)
1789153231.2495954,5577,Person C,1056.2,3170.4,80.0,3339.05,18.36,True,Active,shazia,None,Normal,5: Lying down (controlled)
1789153231.3745668,5578,Person C,1055.7,3170.2,80.0,3342.53,18.38,True,Active,shazia,None,Normal,5: Lying down (controlled)
1789153231.452689,5579,Person C,1055.3,3170.1,80.0,3344.11,18.41,True,Active,shazia,None,Normal,5: Lying down (controlled)
1789153231.5308065,5580,Person C,1055.3,3170.0,80.0,3344.11,18.46,True,Active,shazia,None,Normal,5: Lying down (controlled)
1789153231.6089456,5581,Person C,1055.4,3170.1,80.0,3344.43,18.48,True,Active,shazia,None,Normal,5: Lying down (controlled)
1789153231.7264428,5582,Person C,1055.3,3170.0,160.0,3340.95,18.46,True,Active,shazia,None,Normal,5: Lying down (controlled)
1789153231.7889159,5583,Person C,1055.2,3169.6,0.0,3337.47,18.45,True,Active,shazia,None,Normal,5: Lying down (controlled)
1789153231.8826604,5584,Person C,1055.4,3169.0,80.0,3334.62,18.46,True,Active,shazia,None,Normal,5: Lying down (controlled)
1789153231.976423,5585,Person C,1055.7,3168.3,160.0,3332.41,18.46,True,Active,shazia,None,Normal,5: Lying down (controlled)
1789153232.0545223,5586,Person C,1056.1,3167.7,80.0,3331.46,18.46,True,Active,shazia,None,Normal,5: Lying down (controlled)
1789153232.1482856,5587,Person C,1056.6,3166.7,80.0,3331.15,18.5,True,Active,shazia,None,Normal,5: Lying down (controlled)
1789153232.2576342,5588,Person C,1057.1,3165.3,80.0,3330.83,18.54,True,Active,shazia,None,Normal,5: Lying down (controlled)
1789153232.3597064,5589,Person C,1057.8,3163.6,80.0,3330.21,18.61,True,Active,shazia,None,Normal,5: Lying down (controlled)
1789153232.4269235,5590,Person C,1058.5,3161.9,160.0,3330.22,18.67,True,Active,shazia,None,Normal,5: Lying down (controlled)
1789153232.505047,5591,Person C,1058.9,3160.2,160.0,3329.58,18.64,True,Active,shazia,None,Normal,5: Lying down (controlled)
1789153232.5831857,5592,Person C,1059.2,3158.9,0.0,3329.57,18.58,True,Active,shazia,None,Normal,5: Lying down (controlled)
1789153232.6925335,5593,Person C,1059.4,3158.0,160.0,3329.57,18.53,True,Active,shazia,None,Normal,5: Lying down (controlled)
1789153232.784191,5594,Person C,1059.4,3157.4,160.0,3328.93,18.49,True,Active,shazia,None,Normal,5: Lying down (controlled)
1789153232.8623111,5595,Person C,1059.0,3157.0,0.0,3327.35,18.41,True,Active,shazia,None,Normal,5: Lying down (controlled)
1789153233.0029259,5596,Person C,1058.2,3157.0,80.0,3328.94,18.33,True,Active,shazia,None,Normal,5: Lying down (controlled)
1789153233.0810454,5597,Person C,1056.9,3157.2,160.0,3328.94,18.28,True,Active,shazia,None,Normal,5: Lying down (controlled)
1789153233.159168,5598,Person C,1055.5,3157.7,80.0,3331.16,18.28,True,Active,shazia,None,Normal,5: Lying down (controlled)
1789153233.2685769,5599,Person C,1053.9,3158.5,80.0,3332.73,18.31,True,Active,shazia,None,Normal,5: Lying down (controlled)
1789153233.358912,5600,Person C,1051.9,3159.5,160.0,3333.37,18.29,True,Active,shazia,None,Normal,5: Lying down (controlled)
1789153233.4214153,5601,Person C,1050.2,3160.3,0.0,3331.78,18.32,True,Active,shazia,None,Normal,5: Lying down (controlled)
1789153233.5151563,5602,Person C,1048.7,3160.9,80.0,3330.52,18.3,True,Active,shazia,None,Normal,5: Lying down (controlled)
1789153233.593279,5603,Person C,1047.5,3161.4,160.0,3330.52,18.3,True,Active,shazia,None,Normal,5: Lying down (controlled)
1789153233.6870217,5604,Person C,1046.1,3161.9,0.0,3329.27,18.24,True,Active,shazia,None,Normal,5: Lying down (controlled)
1789153233.762856,5605,Person C,1044.9,3162.9,80.0,3333.08,18.16,True,Active,shazia,None,Normal,5: Lying down (controlled)
1789153233.8404353,5606,Person C,1043.8,3163.8,160.0,3334.05,18.1,True,Active,shazia,None,Normal,5: Lying down (controlled)
1789153233.9233804,5607,Person C,1042.9,3165.0,80.0,3337.54,18.07,True,Active,shazia,None,Normal,5: Lying down (controlled)
1789153234.06398,5608,Person C,1041.9,3166.1,160.0,3338.49,18.06,True,Active,shazia,None,Normal,5: Lying down (controlled)
1789153234.1889725,5609,Person C,1040.6,3167.0,160.0,3337.23,18.05,True,Active,shazia,None,Normal,5: Lying down (controlled)
1789153234.2667062,5610,Person C,1039.3,3167.4,0.0,3333.11,18.05,True,Active,shazia,None,Normal,5: Lying down (controlled)
1789153234.3448246,5611,Person C,1037.7,3167.8,80.0,3330.59,18.03,True,Active,shazia,None,Normal,5: Lying down (controlled)
1789153234.422925,5612,Person C,1036.1,3168.1,160.0,3328.38,18.03,True,Active,shazia,None,Normal,5: Lying down (controlled)
1789153234.5010474,5613,Person C,1034.3,3168.2,0.0,3325.86,18.0,True,Active,shazia,None,Normal,5: Lying down (controlled)
1789153234.5635397,5614,Person C,1033.0,3168.1,80.0,3324.27,18.03,True,Active,shazia,None,Normal,5: Lying down (controlled)
1789153234.6572876,5615,Person C,1031.9,3167.3,-160.0,3322.06,18.03,True,Active,shazia,None,Normal,5: Lying down (controlled)
1789153234.7393005,5616,Person C,1031.2,3166.3,80.0,3322.37,18.04,True,Active,shazia,None,Normal,5: Lying down (controlled)
1789153234.8174036,5617,Person C,1030.8,3164.9,160.0,3322.99,18.08,True,Active,shazia,None,Normal,5: Lying down (controlled)
1789153234.9093432,5618,Person C,1030.4,3163.4,160.0,3322.99,18.08,True,Active,shazia,None,Normal,5: Lying down (controlled)
1789153235.0187068,5619,Person C,1030.1,3162.0,0.0,3322.99,18.08,True,Active,shazia,None,Normal,5: Lying down (controlled)
1789153235.0968475,5620,Person C,1029.9,3161.0,80.0,3322.99,18.08,True,Active,shazia,None,Normal,5: Lying down (controlled)
1789153235.1749663,5621,Person C,1029.8,3160.2,160.0,3322.68,18.06,True,Active,shazia,None,Normal,5: Lying down (controlled)
1789153235.290027,5622,Person C,1029.8,3159.8,80.0,3324.58,18.05,True,Active,shazia,None,Normal,5: Lying down (controlled)
1789153235.3837686,5623,Person C,1030.3,3160.0,80.0,3329.31,18.08,True,Active,shazia,None,Normal,5: Lying down (controlled)
1789153235.477509,5624,Person C,1030.9,3160.4,160.0,3329.93,18.11,True,Active,shazia,None,Normal,5: Lying down (controlled)
1789153235.5556479,5625,Person C,1031.7,3161.1,80.0,3331.19,18.12,True,Active,shazia,None,Normal,5: Lying down (controlled)
1789153235.633768,5626,Person C,1032.6,3161.7,160.0,3330.87,18.16,True,Active,shazia,None,Normal,5: Lying down (controlled)
1789153235.7118685,5627,Person C,1033.2,3162.1,160.0,3328.65,18.15,True,Active,shazia,None,Normal,5: Lying down (controlled)
1789153235.8250616,5628,Person C,1033.9,3162.1,0.0,3325.17,18.19,True,Active,shazia,None,Normal,5: Lying down (controlled)
1789153235.903182,5629,Person C,1035.0,3161.8,80.0,3323.57,18.27,True,Active,shazia,None,Normal,5: Lying down (controlled)
1789153235.996945,5630,Person C,1036.2,3161.3,160.0,3321.98,18.3,True,Active,shazia,None,Normal,5: Lying down (controlled)
1789153236.0750442,5631,Person C,1037.3,3161.0,80.0,3323.25,18.26,True,Active,shazia,None,Normal,5: Lying down (controlled)
1789153236.153183,5632,Person C,1038.3,3160.9,80.0,3326.74,18.22,True,Active,shazia,None,Normal,5: Lying down (controlled)
1789153236.268891,5633,Person C,1038.9,3160.6,160.0,3328.33,18.19,True,Active,shazia,None,Normal,5: Lying down (controlled)
1789153236.3470113,5634,Person C,1039.3,3160.6,80.0,3331.18,18.17,True,Active,shazia,None,Normal,5: Lying down (controlled)
1789153236.4181256,5635,Person C,1039.6,3160.8,80.0,3334.03,18.16,True,Active,shazia,None,Normal,5: Lying down (controlled)
1789153236.5118499,5636,Person C,1039.5,3161.2,160.0,3334.36,18.12,True,Active,shazia,None,Normal,5: Lying down (controlled)
1789153236.5899684,5637,Person C,1039.3,3162.1,80.0,3336.59,18.07,True,Active,shazia,None,Normal,5: Lying down (controlled)
1789153236.699337,5638,Person C,1038.9,3163.5,80.0,3337.23,18.05,True,Active,shazia,None,Normal,5: Lying down (controlled)
1789153236.7908924,5639,Person C,1038.0,3165.0,160.0,3335.02,18.04,True,Active,shazia,None,Normal,5: Lying down (controlled)
1789153236.869029,5640,Person C,1037.4,3166.4,80.0,3333.41,18.13,True,Active,shazia,None,Normal,5: Lying down (controlled)
1789153236.9471319,5641,Person C,1037.3,3167.4,80.0,3332.44,18.18,True,Active,shazia,None,Normal,5: Lying down (controlled)
1789153237.0408914,5642,Person C,1037.3,3167.8,160.0,3330.54,18.2,True,Active,shazia,None,Normal,5: Lying down (controlled)
1789153237.1502593,5643,Person C,1037.3,3168.1,80.0,3331.18,18.17,True,Active,shazia,None,Normal,5: Lying down (controlled)
1789153237.2439835,5644,Person C,1037.7,3168.0,80.0,3331.48,18.24,True,Active,shazia,None,Normal,5: Lying down (controlled)
1789153237.3125858,5645,Person C,1038.2,3167.6,160.0,3331.79,18.26,True,Active,shazia,None,Normal,5: Lying down (controlled)
1789153237.3907046,5646,Person C,1039.2,3166.9,0.0,3330.83,18.32,True,Active,shazia,None,Normal,5: Lying down (controlled)
1789153237.484449,5647,Person C,1040.4,3165.7,80.0,3328.94,18.33,True,Active,shazia,None,Normal,5: Lying down (controlled)
1789153237.5938148,5648,Person C,1041.5,3164.3,160.0,3327.36,18.3,True,Active,shazia,None,Normal,5: Lying down (controlled)
1789153237.6719155,5649,Person C,1042.8,3163.3,80.0,3329.57,18.31,True,Active,shazia,None,Normal,5: Lying down (controlled)
1789153237.7536242,5650,Person C,1043.5,3162.9,80.0,3331.79,18.26,True,Active,shazia,None,Normal,5: Lying down (controlled)
1789153237.8473904,5651,Person C,1043.7,3162.7,160.0,3331.16,18.23,True,Active,shazia,None,Normal,5: Lying down (controlled)
1789153237.9244485,5652,Person C,1044.0,3162.6,80.0,3330.53,18.25,True,Active,shazia,None,Normal,5: Lying down (controlled)
1789153238.0338163,5653,Person C,1044.9,3162.3,80.0,3331.15,18.34,True,Active,shazia,None,Normal,5: Lying down (controlled)
1789153238.1431842,5654,Person C,1045.7,3162.0,160.0,3331.14,18.39,True,Active,shazia,None,Normal,5: Lying down (controlled)
1789153238.221324,5655,Person C,1046.9,3161.9,80.0,3334.62,18.46,True,Active,shazia,None,Normal,5: Lying down (controlled)
1789153238.2885592,5656,Person C,1047.9,3162.4,240.0,3338.73,18.46,True,Active,shazia,None,Normal,5: Lying down (controlled)
1789153238.3823018,5657,Person C,1048.6,3163.2,160.0,3338.73,18.4,True,Active,shazia,None,Normal,5: Lying down (controlled)
1789153238.460401,5658,Person C,1049.4,3164.3,80.0,3340.32,18.38,True,Active,shazia,None,Normal,5: Lying down (controlled)
1789153238.569789,5659,Person C,1050.2,3165.3,80.0,3341.58,18.39,True,Active,shazia,None,Normal,5: Lying down (controlled)
1789153238.6479084,5660,Person C,1051.2,3165.9,160.0,3340.63,18.39,True,Active,shazia,None,Normal,5: Lying down (controlled)
1789153238.7609136,5661,Person C,1052.5,3166.6,80.0,3341.9,18.4,True,Active,shazia,None,Normal,5: Lying down (controlled)
1789153238.8390582,5662,Person C,1053.9,3167.3,160.0,3341.58,18.44,True,Active,shazia,None,Normal,5: Lying down (controlled)
1789153238.932784,5663,Person C,1054.6,3168.0,160.0,3340.0,18.41,True,Active,shazia,None,Normal,5: Lying down (controlled)
1789153239.0265434,5664,Person C,1055.0,3168.5,0.0,3337.15,18.43,True,Active,shazia,None,Normal,5: Lying down (controlled)
1789153239.1046474,5665,Person C,1054.8,3168.6,80.0,3334.94,18.42,True,Active,shazia,None,Normal,5: Lying down (controlled)
1789153239.182783,5666,Person C,1054.4,3168.1,160.0,3332.72,18.42,True,Active,shazia,None,Normal,5: Lying down (controlled)
1789153239.266738,5667,Person C,1054.6,3167.5,80.0,3333.67,18.47,True,Active,shazia,None,Normal,5: Lying down (controlled)
1789153239.3917334,5668,Person C,1055.4,3166.9,80.0,3337.16,18.54,True,Active,shazia,None,Normal,5: Lying down (controlled)
1789153239.4542317,5669,Person C,1056.4,3166.2,160.0,3338.11,18.59,True,Active,shazia,None,Normal,5: Lying down (controlled)
1789153239.532368,5670,Person C,1057.6,3165.6,80.0,3338.75,18.62,True,Active,shazia,None,Normal,5: Lying down (controlled)
1789153239.6261108,5671,Person C,1058.7,3165.0,80.0,3339.7,18.61,True,Active,shazia,None,Normal,5: Lying down (controlled)
1789153239.735464,5672,Person C,1059.5,3164.5,160.0,3339.38,18.6,True,Active,shazia,None,Normal,5: Lying down (controlled)
1789153239.8286095,5673,Person C,1060.2,3164.4,80.0,3341.27,18.53,True,Active,shazia,None,Normal,5: Lying down (controlled)
1789153239.9379773,5674,Person C,1060.7,3164.6,160.0,3340.63,18.5,True,Active,shazia,None,Normal,5: Lying down (controlled)
1789153240.0004735,5675,Person C,1061.0,3165.0,160.0,3339.68,18.45,True,Active,shazia,None,Normal,5: Lying down (controlled)
1789153240.0942166,5676,Person C,1061.3,3165.8,80.0,3341.26,18.42,True,Active,shazia,None,Normal,5: Lying down (controlled)
1789153240.17232,5677,Person C,1061.4,3167.0,80.0,3345.37,18.42,True,Active,shazia,None,Normal,5: Lying down (controlled)
1789153240.2660635,5678,Person C,1060.9,3168.1,160.0,3346.01,18.4,True,Active,shazia,None,Normal,5: Lying down (controlled)
1789153240.3567352,5679,Person C,1060.4,3169.1,80.0,3346.01,18.45,True,Active,shazia,None,Normal,5: Lying down (controlled)
1789153240.4348707,5680,Person C,1060.0,3169.9,80.0,3345.06,18.51,True,Active,shazia,None,Normal,5: Lying down (controlled)
1789153240.521399,5681,Person C,1059.5,3170.4,160.0,3342.85,18.51,True,Active,shazia,None,Normal,5: Lying down (controlled)
1789153240.6023946,5682,Person C,1059.4,3170.6,0.0,3340.96,18.57,True,Active,shazia,None,Normal,5: Lying down (controlled)
1789153240.7071548,5683,Person C,1059.7,3170.2,160.0,3338.43,18.6,True,Active,shazia,None,Normal,5: Lying down (controlled)
1789153240.8006625,5684,Person C,1060.0,3169.5,160.0,3334.95,18.59,True,Active,shazia,None,Normal,5: Lying down (controlled)
1789153240.8817074,5685,Person C,1060.4,3168.9,80.0,3335.26,18.55,True,Active,shazia,None,Normal,5: Lying down (controlled)
1789153240.959827,5686,Person C,1060.8,3168.1,160.0,3334.94,18.53,True,Active,shazia,None,Normal,5: Lying down (controlled)
1789153241.0379655,5687,Person C,1060.9,3166.9,160.0,3334.31,18.5,True,Active,shazia,None,Normal,5: Lying down (controlled)
1789153241.1473138,5688,Person C,1060.9,3165.3,0.0,3330.83,18.48,True,Active,shazia,None,Normal,5: Lying down (controlled)
1789153241.2410579,5689,Person C,1060.5,3163.5,160.0,3327.67,18.48,True,Active,shazia,None,Normal,5: Lying down (controlled)
1789153241.3197603,5690,Person C,1059.6,3161.8,160.0,3326.08,18.46,True,Active,shazia,None,Normal,5: Lying down (controlled)
1789153241.3978608,5691,Person C,1058.4,3160.2,0.0,3323.87,18.4,True,Active,shazia,None,Normal,5: Lying down (controlled)
1789153241.4916234,5692,Person C,1056.5,3158.8,160.0,3321.66,18.34,True,Active,shazia,None,Normal,5: Lying down (controlled)
1789153241.5853512,5693,Person C,1054.3,3157.7,160.0,3321.03,18.3,True,Active,shazia,None,Normal,5: Lying down (controlled)
1789153241.6790917,5694,Person C,1052.4,3157.1,80.0,3323.25,18.31,True,Active,shazia,None,Normal,5: Lying down (controlled)
1789153241.75723,5695,Person C,1050.8,3156.5,160.0,3324.51,18.32,True,Active,shazia,None,Normal,5: Lying down (controlled)
1789153241.8389487,5696,Person C,1049.4,3156.0,80.0,3325.77,18.33,True,Active,shazia,None,Normal,5: Lying down (controlled)
1789153241.9326732,5697,Person C,1048.6,3155.4,80.0,3326.08,18.4,True,Active,shazia,None,Normal,5: Lying down (controlled)
1789153242.042061,5698,Person C,1048.3,3154.9,160.0,3325.14,18.46,True,Active,shazia,None,Normal,5: Lying down (controlled)
1789153242.120163,5699,Person C,1048.2,3154.7,80.0,3325.45,18.48,True,Active,shazia,None,Normal,5: Lying down (controlled)
1789153242.198299,5700,Person C,1048.4,3154.6,80.0,3325.77,18.49,True,Active,shazia,None,Normal,5: Lying down (controlled)
1789153242.2930384,5701,Person C,1049.0,3154.5,160.0,3324.82,18.5,True,Active,shazia,None,Normal,5: Lying down (controlled)
1789153242.3744411,5702,Person C,1049.8,3154.6,80.0,3325.14,18.46,True,Active,shazia,None,Normal,5: Lying down (controlled)
1789153242.4837883,5703,Person C,1050.9,3155.0,80.0,3328.3,18.46,True,Active,shazia,None,Normal,5: Lying down (controlled)
1789153242.5931566,5704,Person C,1052.0,3155.4,160.0,3330.51,18.47,True,Active,shazia,None,Normal,5: Lying down (controlled)
1789153242.655652,5705,Person C,1053.2,3155.7,80.0,3331.15,18.5,True,Active,shazia,None,Normal,5: Lying down (controlled)
1789153242.733772,5706,Person C,1054.9,3155.9,80.0,3333.05,18.6,True,Active,shazia,None,Normal,5: Lying down (controlled)
1789153242.8312738,5707,Person C,1056.5,3156.0,160.0,3332.12,18.66,True,Active,shazia,None,Normal,5: Lying down (controlled)
1789153242.925018,5708,Person C,1058.0,3156.2,80.0,3331.81,18.7,True,Active,shazia,None,Normal,5: Lying down (controlled)
1789153243.018741,5709,Person C,1059.8,3156.5,80.0,3334.04,18.76,True,Active,shazia,None,Normal,5: Lying down (controlled)
1789153243.1125047,5710,Person C,1061.6,3156.7,160.0,3333.42,18.78,True,Active,shazia,None,Normal,5: Lying down (controlled)
1789153243.2062316,5711,Person C,1063.3,3157.1,80.0,3334.04,18.76,True,Active,shazia,None,Normal,5: Lying down (controlled)
1789153243.2843676,5712,Person C,1065.4,3157.2,390.0,3332.79,18.8,True,Active,shazia,None,Normal,5: Lying down (controlled)
1789153243.383998,5713,Person C,1067.4,3156.8,160.0,3330.9,18.81,True,Active,shazia,None,Normal,5: Lying down (controlled)
1789153243.477761,5714,Person C,1069.5,3156.2,80.0,3331.54,18.84,True,Active,shazia,None,Normal,5: Lying down (controlled)
1789153243.540241,5715,Person C,1071.7,3155.6,80.0,3332.51,18.89,True,Active,shazia,None,Normal,5: Lying down (controlled)
1789153243.634,5716,Person C,1073.3,3154.8,160.0,3330.62,18.9,True,Active,shazia,None,Normal,5: Lying down (controlled)
1789153243.7277246,5717,Person C,1074.9,3154.1,80.0,3330.65,18.96,True,Active,shazia,None,Normal,5: Lying down (controlled)
1789153243.811579,5718,Person C,1076.4,3153.2,-80.0,3328.14,18.99,True,Active,shazia,None,Normal,5: Lying down (controlled)
1789153243.905327,5719,Person C,1077.3,3152.1,160.0,3326.54,18.96,True,Active,shazia,None,Normal,5: Lying down (controlled)
1789153243.9834657,5720,Person C,1078.0,3151.2,80.0,3327.16,18.94,True,Active,shazia,None,Normal,5: Lying down (controlled)
1789153244.0772085,5721,Person C,1078.2,3150.7,240.0,3329.95,18.82,True,Active,shazia,None,Normal,5: Lying down (controlled)
1789153244.1553283,5722,Person C,1077.7,3150.6,160.0,3330.24,18.72,True,Active,shazia,None,Normal,5: Lying down (controlled)
1789153244.2646759,5723,Person C,1077.2,3151.1,80.0,3334.03,18.7,True,Active,shazia,None,Normal,5: Lying down (controlled)
1789153244.3646777,5724,Person C,1076.9,3151.8,80.0,3337.2,18.76,True,Active,shazia,None,Normal,5: Lying down (controlled)
1789153244.4271908,5725,Person C,1076.5,3152.6,160.0,3338.79,18.78,True,Active,shazia,None,Normal,5: Lying down (controlled)
1789153244.50529,5726,Person C,1076.1,3153.6,80.0,3338.79,18.78,True,Active,shazia,None,Normal,5: Lying down (controlled)
1789153244.599033,5727,Person C,1075.8,3154.5,80.0,3338.19,18.86,True,Active,shazia,None,Normal,5: Lying down (controlled)
1789153244.7084038,5728,Person C,1075.3,3155.6,160.0,3336.92,18.85,True,Active,shazia,None,Normal,5: Lying down (controlled)
1789153244.8021445,5729,Person C,1074.8,3156.8,80.0,3336.28,18.82,True,Active,shazia,None,Normal,5: Lying down (controlled)
1789153244.8840764,5730,Person C,1073.8,3158.2,240.0,3337.19,18.7,True,Active,shazia,None,Normal,5: Lying down (controlled)
1789153244.9621947,5731,Person C,1072.9,3159.2,160.0,3336.54,18.61,True,Active,shazia,None,Normal,5: Lying down (controlled)
1789153245.0402954,5732,Person C,1072.1,3160.4,80.0,3339.05,18.53,True,Active,shazia,None,Normal,5: Lying down (controlled)
1789153245.134043,5733,Person C,1071.3,3161.6,80.0,3342.85,18.51,True,Active,shazia,None,Normal,5: Lying down (controlled)
1789153245.2277858,5734,Person C,1070.0,3162.7,160.0,3343.48,18.48,True,Active,shazia,None,Normal,5: Lying down (controlled)
1789153245.322545,5735,Person C,1068.7,3163.6,80.0,3343.16,18.52,True,Active,shazia,None,Normal,5: Lying down (controlled)
1789153245.4053197,5736,Person C,1067.9,3164.5,80.0,3344.76,18.6,True,Active,shazia,None,Normal,5: Lying down (controlled)
1789153245.499063,5737,Person C,1066.8,3165.5,160.0,3344.13,18.62,True,Active,shazia,None,Normal,5: Lying down (controlled)
1789153245.5927873,5738,Person C,1066.1,3166.8,80.0,3346.98,18.66,True,Active,shazia,None,Normal,5: Lying down (controlled)
1789153245.686534,5739,Person C,1065.8,3168.2,80.0,3348.57,18.69,True,Active,shazia,None,Normal,5: Lying down (controlled)
1789153245.7646694,5740,Person C,1066.2,3169.3,160.0,3348.89,18.71,True,Active,shazia,None,Normal,5: Lying down (controlled)
1789153245.8427908,5741,Person C,1066.8,3170.4,80.0,3348.88,18.65,True,Active,shazia,None,Normal,5: Lying down (controlled)
1789153245.9365594,5742,Person C,1067.5,3171.2,80.0,3348.87,18.6,True,Active,shazia,None,Normal,5: Lying down (controlled)
1789153246.0302815,5743,Person C,1067.9,3171.6,160.0,3347.91,18.55,True,Active,shazia,None,Normal,5: Lying down (controlled)
1789153246.1396687,5744,Person C,1068.3,3171.9,80.0,3347.59,18.53,True,Active,shazia,None,Normal,5: Lying down (controlled)
1789153246.2021656,5745,Person C,1068.6,3172.3,80.0,3347.91,18.55,True,Active,shazia,None,Normal,5: Lying down (controlled)
1789153246.2958884,5746,Person C,1068.2,3172.7,160.0,3347.27,18.52,True,Active,shazia,None,Normal,5: Lying down (controlled)
1789153246.381662,5747,Person C,1067.2,3173.3,80.0,3346.64,18.43,True,Active,shazia,None,Normal,5: Lying down (controlled)
1789153246.5066738,5748,Person C,1065.7,3173.9,80.0,3347.9,18.39,True,Active,shazia,None,Normal,5: Lying down (controlled)
1789153246.6160243,5749,Person C,1064.0,3174.4,160.0,3347.9,18.39,True,Active,shazia,None,Normal,5: Lying down (controlled)
1789153246.6941602,5750,Person C,1062.5,3175.1,80.0,3350.75,18.42,True,Active,shazia,None,Normal,5: Lying down (controlled)
1789153246.7566564,5751,Person C,1061.3,3176.0,80.0,3353.6,18.41,True,Active,shazia,None,Normal,5: Lying down (controlled)
1789153246.8383667,5752,Person C,1060.3,3176.9,160.0,3354.23,18.39,True,Active,shazia,None,Normal,5: Lying down (controlled)
1789153246.932117,5753,Person C,1059.6,3177.9,80.0,3355.18,18.38,True,Active,shazia,None,Normal,5: Lying down (controlled)
1789153247.0258598,5754,Person C,1059.2,3178.8,160.0,3354.86,18.42,True,Active,shazia,None,Normal,5: Lying down (controlled)
1789153247.1039968,5755,Person C,1058.6,3179.5,160.0,3352.65,18.41,True,Active,shazia,None,Normal,5: Lying down (controlled)
1789153247.213367,5756,Person C,1058.5,3180.0,80.0,3351.7,18.47,True,Active,shazia,None,Normal,5: Lying down (controlled)
1789153247.2758596,5757,Person C,1059.2,3180.2,80.0,3350.75,18.53,True,Active,shazia,None,Normal,5: Lying down (controlled)
1789153247.3732715,5758,Person C,1060.1,3180.0,160.0,3348.86,18.54,True,Active,shazia,None,Normal,5: Lying down (controlled)
1789153247.4670315,5759,Person C,1060.5,3179.9,80.0,3348.22,18.46,True,Active,shazia,None,Normal,5: Lying down (controlled)
1789153247.5451522,5760,Person C,1060.3,3179.8,80.0,3349.17,18.4,True,Active,shazia,None,Normal,5: Lying down (controlled)
1789153247.6232715,5761,Person C,1059.9,3179.2,160.0,3346.64,18.38,True,Active,shazia,None,Normal,5: Lying down (controlled)
1789153247.748266,5762,Person C,1059.7,3178.3,80.0,3345.06,18.4,True,Active,shazia,None,Normal,5: Lying down (controlled)
1789153247.8263621,5763,Person C,1059.7,3177.2,80.0,3344.74,18.44,True,Active,shazia,None,Normal,5: Lying down (controlled)
1789153247.9284985,5764,Person C,1059.6,3176.0,160.0,3343.16,18.47,True,Active,shazia,None,Normal,5: Lying down (controlled)
1789153248.000892,5765,Person C,1059.4,3175.2,80.0,3344.42,18.42,True,Active,shazia,None,Normal,5: Lying down (controlled)
1789153248.0789907,5766,Person C,1058.9,3174.6,80.0,3344.42,18.42,True,Active,shazia,None,Normal,5: Lying down (controlled)
1789153248.1571102,5767,Person C,1058.1,3174.1,160.0,3343.48,18.43,True,Active,shazia,None,Normal,5: Lying down (controlled)
1789153248.2664974,5768,Person C,1057.4,3173.9,80.0,3344.74,18.44,True,Active,shazia,None,Normal,5: Lying down (controlled)
1789153248.3691254,5769,Person C,1057.0,3173.8,80.0,3346.01,18.4,True,Active,shazia,None,Normal,5: Lying down (controlled)
1789153248.4472618,5770,Person C,1056.7,3173.4,160.0,3344.43,18.37,True,Active,shazia,None,Normal,5: Lying down (controlled)
1789153248.5253618,5771,Person C,1056.6,3173.1,80.0,3343.48,18.38,True,Active,shazia,None,Normal,5: Lying down (controlled)
1789153248.6191053,5772,Person C,1056.9,3173.0,80.0,3345.06,18.46,True,Active,shazia,None,Normal,5: Lying down (controlled)
1789153248.7128475,5773,Person C,1057.2,3172.9,160.0,3344.74,18.49,True,Active,shazia,None,Normal,5: Lying down (controlled)
1789153248.806592,5774,Person C,1057.5,3173.4,80.0,3348.85,18.49,True,Active,shazia,None,Normal,5: Lying down (controlled)
1789153248.890361,5775,Person C,1058.0,3173.8,80.0,3349.8,18.48,True,Active,shazia,None,Normal,5: Lying down (controlled)
1789153248.9694023,5776,Person C,1058.4,3174.2,160.0,3349.49,18.47,True,Active,shazia,None,Normal,5: Lying down (controlled)
1789153249.0475457,5777,Person C,1058.6,3175.0,80.0,3351.7,18.42,True,Active,shazia,None,Normal,5: Lying down (controlled)
1789153249.1725364,5778,Person C,1058.2,3176.2,80.0,3354.87,18.31,True,Active,shazia,None,Normal,5: Lying down (controlled)
1789153249.2506404,5779,Person C,1057.5,3177.4,160.0,3355.2,18.22,True,Active,shazia,None,Normal,5: Lying down (controlled)
1789153249.3906515,5780,Person C,1056.9,3179.0,80.0,3357.74,18.19,True,Active,shazia,None,Normal,5: Lying down (controlled)
1789153249.509393,5781,Person C,1056.4,3180.6,160.0,3357.1,18.21,True,Active,shazia,None,Normal,5: Lying down (controlled)
1789153249.5875103,5782,Person C,1055.3,3182.1,160.0,3355.84,18.2,True,Active,shazia,None,Normal,5: Lying down (controlled)
1789153249.6500096,5783,Person C,1053.6,3183.6,0.0,3353.64,18.14,True,Active,shazia,None,Normal,5: Lying down (controlled)
1789153249.7437494,5784,Person C,1051.7,3184.7,80.0,3353.33,18.12,True,Active,shazia,None,Normal,5: Lying down (controlled)
1789153249.8218887,5785,Person C,1049.6,3185.6,160.0,3351.76,18.09,True,Active,shazia,None,Normal,5: Lying down (controlled)
1789153249.9035852,5786,Person C,1047.4,3186.8,80.0,3353.99,18.05,True,Active,shazia,None,Normal,5: Lying down (controlled)
1789153249.9817092,5787,Person C,1045.3,3187.9,80.0,3355.58,18.02,True,Active,shazia,None,Normal,5: Lying down (controlled)
1789153250.059828,5788,Person C,1043.6,3188.5,160.0,3355.27,18.0,True,Active,shazia,None,Normal,5: Lying down (controlled)
1789153250.1535747,5789,Person C,1042.6,3188.9,80.0,3355.89,18.04,True,Active,shazia,None,Normal,5: Lying down (controlled)
1789153250.2317104,5790,Person C,1041.8,3188.8,80.0,3354.3,18.06,True,Active,shazia,None,Normal,5: Lying down (controlled)
1789153250.309814,5791,Person C,1040.8,3188.6,160.0,3352.09,18.06,True,Active,shazia,None,Normal,5: Lying down (controlled)
1789153250.4040675,5792,Person C,1039.6,3187.9,0.0,3345.45,18.04,True,Active,shazia,None,Normal,5: Lying down (controlled)
1789153250.5015478,5793,Person C,1038.7,3187.0,80.0,3342.29,18.04,True,Active,shazia,None,Normal,5: Lying down (controlled)
1789153250.564045,5794,Person C,1037.8,3185.8,160.0,3339.13,18.04,True,Active,shazia,None,Normal,5: Lying down (controlled)
1789153250.657805,5795,Person C,1036.8,3184.9,0.0,3340.1,17.98,True,Active,shazia,None,Normal,5: Lying down (controlled)
1789153250.7515473,5796,Person C,1035.7,3183.9,80.0,3341.08,17.92,True,Active,shazia,None,Normal,5: Lying down (controlled)
1789153250.8296673,5797,Person C,1034.4,3182.8,160.0,3341.11,17.87,True,Active,shazia,None,Normal,5: Lying down (controlled)
1789153250.9428217,5798,Person C,1033.1,3181.9,80.0,3342.71,17.84,True,Active,shazia,None,Normal,5: Lying down (controlled)
1789153251.0365813,5799,Person C,1031.9,3180.9,80.0,3342.68,17.89,True,Active,shazia,None,Normal,5: Lying down (controlled)
1789153251.1303062,5800,Person C,1030.9,3180.0,80.0,3342.65,17.95,True,Active,shazia,None,Normal,5: Lying down (controlled)
1789153251.1928048,5801,Person C,1030.1,3178.9,0.0,3339.15,17.98,True,Active,shazia,None,Normal,5: Lying down (controlled)
1789153251.270921,5802,Person C,1029.6,3178.2,160.0,3337.25,18.0,True,Active,shazia,None,Normal,5: Lying down (controlled)
1789153251.3802876,5803,Person C,1029.1,3177.5,160.0,3334.09,17.99,True,Active,shazia,None,Normal,5: Lying down (controlled)
1789153251.4644053,5804,Person C,1029.0,3177.0,80.0,3334.06,18.05,True,Active,shazia,None,Normal,5: Lying down (controlled)
1789153251.542529,5805,Person C,1029.3,3176.3,160.0,3334.37,18.07,True,Active,shazia,None,Normal,5: Lying down (controlled)
1789153251.6519158,5806,Person C,1029.7,3175.5,80.0,3334.71,18.03,True,Active,shazia,None,Normal,5: Lying down (controlled)
1789153251.7456372,5807,Person C,1030.5,3175.0,80.0,3338.82,18.02,True,Active,shazia,None,Normal,5: Lying down (controlled)
1789153251.8393993,5808,Person C,1031.5,3174.3,160.0,3339.13,18.04,True,Active,shazia,None,Normal,5: Lying down (controlled)
1789153251.9233558,5809,Person C,1032.3,3173.8,80.0,3340.39,18.05,True,Active,shazia,None,Normal,5: Lying down (controlled)
1789153252.00148,5810,Person C,1033.0,3173.6,80.0,3342.91,18.07,True,Active,shazia,None,Normal,5: Lying down (controlled)
1789153252.0796185,5811,Person C,1033.6,3173.8,160.0,3342.91,18.07,True,Active,shazia,None,Normal,5: Lying down (controlled)
1789153252.173344,5812,Person C,1034.5,3174.2,80.0,3343.84,18.12,True,Active,shazia,None,Normal,5: Lying down (controlled)
1789153252.2671053,5813,Person C,1035.5,3175.0,80.0,3344.79,18.12,True,Active,shazia,None,Normal,5: Lying down (controlled)
1789153252.3535528,5814,Person C,1036.2,3175.8,160.0,3343.84,18.12,True,Active,shazia,None,Normal,5: Lying down (controlled)
1789153252.4428828,5815,Person C,1036.7,3176.8,80.0,3345.43,18.09,True,Active,shazia,None,Normal,5: Lying down (controlled)
1789153252.5210023,5816,Person C,1037.7,3178.1,80.0,3350.17,18.12,True,Active,shazia,None,Normal,5: Lying down (controlled)
1789153252.6147285,5817,Person C,1038.7,3179.1,160.0,3351.43,18.13,True,Active,shazia,None,Normal,5: Lying down (controlled)
1789153252.7084718,5818,Person C,1039.5,3180.3,80.0,3353.02,18.11,True,Active,shazia,None,Normal,5: Lying down (controlled)
1789153252.8178368,5819,Person C,1040.4,3181.5,80.0,3354.59,18.13,True,Active,shazia,None,Normal,5: Lying down (controlled)
1789153252.895977,5820,Person C,1041.0,3182.5,160.0,3354.28,18.12,True,Active,shazia,None,Normal,5: Lying down (controlled)
1789153252.9778976,5821,Person C,1041.3,3183.6,80.0,3354.3,18.06,True,Active,shazia,None,Normal,5: Lying down (controlled)
1789153253.056036,5822,Person C,1041.0,3184.7,80.0,3353.37,18.01,True,Active,shazia,None,Normal,5: Lying down (controlled)
1789153253.1810284,5823,Person C,1040.5,3185.7,160.0,3352.75,17.98,True,Active,shazia,None,Normal,5: Lying down (controlled)
1789153253.2591279,5824,Person C,1040.3,3186.8,80.0,3353.68,18.03,True,Active,shazia,None,Normal,5: Lying down (controlled)
1789153253.3372672,5825,Person C,1040.6,3188.1,80.0,3358.72,18.07,True,Active,shazia,None,Normal,5: Lying down (controlled)
1789153253.4153676,5826,Person C,1041.0,3189.3,160.0,3362.82,18.12,True,Active,shazia,None,Normal,5: Lying down (controlled)
1789153253.5003982,5827,Person C,1041.3,3190.8,80.0,3366.62,18.1,True,Active,shazia,None,Normal,5: Lying down (controlled)
1789153253.5941446,5828,Person C,1041.5,3192.2,80.0,3366.95,18.06,True,Active,shazia,None,Normal,5: Lying down (controlled)
1789153253.687885,5829,Person C,1041.2,3193.3,160.0,3364.12,18.03,True,Active,shazia,None,Normal,5: Lying down (controlled)
1789153253.7816484,5830,Person C,1040.6,3194.4,80.0,3362.88,17.96,True,Active,shazia,None,Normal,5: Lying down (controlled)
1789153253.859748,5831,Person C,1040.3,3195.4,80.0,3362.88,17.96,True,Active,shazia,None,Normal,5: Lying down (controlled)
1789153253.9540083,5832,Person C,1040.2,3196.3,160.0,3361.62,17.95,True,Active,shazia,None,Normal,5: Lying down (controlled)
1789153254.0633755,5833,Person C,1040.2,3197.4,80.0,3363.22,17.92,True,Active,shazia,None,Normal,5: Lying down (controlled)
1789153254.125875,5834,Person C,1039.7,3199.0,80.0,3367.36,17.86,True,Active,shazia,None,Normal,5: Lying down (controlled)
1789153254.219615,5835,Person C,1038.7,3200.3,160.0,3368.01,17.84,True,Active,shazia,None,Normal,5: Lying down (controlled)
1789153254.3290043,5836,Person C,1037.2,3201.7,80.0,3371.51,17.81,True,Active,shazia,None,Normal,5: Lying down (controlled)
1789153254.4071224,5837,Person C,1035.7,3202.6,160.0,3370.56,17.81,True,Active,shazia,None,Normal,5: Lying down (controlled)
1789153254.5008478,5838,Person C,1034.3,3203.4,160.0,3370.25,17.8,True,Active,shazia,None,Normal,5: Lying down (controlled)
1789153254.6102126,5839,Person C,1033.2,3204.2,80.0,3368.35,17.81,True,Active,shazia,None,Normal,5: Lying down (controlled)
1789153254.6883318,5840,Person C,1032.7,3204.8,80.0,3367.05,17.85,True,Active,shazia,None,Normal,5: Lying down (controlled)
1789153254.7508273,5841,Person C,1032.3,3205.2,160.0,3365.46,17.88,True,Active,shazia,None,Normal,5: Lying down (controlled)
1789153254.8455436,5842,Person C,1031.8,3206.0,80.0,3367.7,17.83,True,Active,shazia,None,Normal,5: Lying down (controlled)
1789153254.942814,5843,Person C,1031.3,3207.1,80.0,3372.15,17.78,True,Active,shazia,None,Normal,5: Lying down (controlled)
1789153255.02095,5844,Person C,1030.8,3207.8,160.0,3372.5,17.75,True,Active,shazia,None,Normal,5: Lying down (controlled)
1789153255.099074,5845,Person C,1030.1,3208.8,80.0,3375.39,17.68,True,Active,shazia,None,Normal,5: Lying down (controlled)
1789153255.1956737,5846,Person C,1029.2,3209.6,160.0,3376.39,17.62,True,Active,shazia,None,Normal,5: Lying down (controlled)
1789153255.289416,5847,Person C,1028.0,3210.5,160.0,3375.48,17.57,True,Active,shazia,None,Normal,5: Lying down (controlled)
1789153255.3831394,5848,Person C,1026.2,3211.4,80.0,3373.38,17.46,True,Active,shazia,None,Normal,5: Lying down (controlled)
1789153255.4706557,5849,Person C,1024.0,3212.4,160.0,3371.22,17.4,True,Active,shazia,None,Normal,5: Lying down (controlled)
1789153255.5487921,5850,Person C,1021.3,3213.3,160.0,3367.47,17.36,True,Active,shazia,None,Normal,5: Lying down (controlled)
1789153255.6268928,5851,Person C,1018.7,3214.3,80.0,3367.11,17.4,True,Active,shazia,None,Normal,5: Lying down (controlled)
1789153255.7362802,5852,Person C,1016.4,3214.8,160.0,3365.5,17.43,True,Active,shazia,None,Normal,5: Lying down (controlled)
1789153255.8300035,5853,Person C,1014.4,3214.8,80.0,3366.1,17.46,True,Active,shazia,None,Normal,5: Lying down (controlled)
1789153255.9237468,5854,Person C,1012.7,3215.0,80.0,3369.26,17.46,True,Active,shazia,None,Normal,5: Lying down (controlled)
1789153256.0125184,5855,Person C,1011.5,3214.9,160.0,3370.82,17.49,True,Active,shazia,None,Normal,5: Lying down (controlled)
1789153256.0906382,5856,Person C,1010.6,3214.7,80.0,3371.77,17.48,True,Active,shazia,None,Normal,5: Lying down (controlled)
1789153256.168757,5857,Person C,1010.2,3214.7,80.0,3374.28,17.51,True,Active,shazia,None,Normal,5: Lying down (controlled)
1789153256.2781074,5858,Person C,1010.5,3214.5,160.0,3372.37,17.52,True,Active,shazia,None,Normal,5: Lying down (controlled)
1789153256.3874724,5859,Person C,1011.4,3214.5,80.0,3373.93,17.54,True,Active,shazia,None,Normal,5: Lying down (controlled)
1789153256.4615793,5860,Person C,1013.2,3214.8,80.0,3375.74,17.64,True,Active,shazia,None,Normal,5: Lying down (controlled)
1789153256.5272129,5861,Person C,1015.2,3215.0,160.0,3375.05,17.72,True,Active,shazia,None,Normal,5: Lying down (controlled)
1789153256.667829,5862,Person C,1017.3,3215.3,80.0,3374.71,17.75,True,Active,shazia,None,Normal,5: Lying down (controlled)
1789153256.7771947,5863,Person C,1019.8,3215.6,80.0,3376.54,17.85,True,Active,shazia,None,Normal,5: Lying down (controlled)
1789153256.8553152,5864,Person C,1022.5,3215.3,160.0,3374.61,17.91,True,Active,shazia,None,Normal,5: Lying down (controlled)
1789153256.9334533,5865,Person C,1025.2,3214.9,80.0,3375.22,17.95,True,Active,shazia,None,Normal,5: Lying down (controlled)
1789153257.0153315,5866,Person C,1027.8,3214.3,80.0,3373.96,17.94,True,Active,shazia,None,Normal,5: Lying down (controlled)
1789153257.0934513,5867,Person C,1030.1,3213.3,160.0,3371.75,17.93,True,Active,shazia,None,Normal,5: Lying down (controlled)
1789153257.1559267,5868,Person C,1032.3,3212.6,80.0,3372.4,17.91,True,Active,shazia,None,Normal,5: Lying down (controlled)
1789153257.2652946,5869,Person C,1034.2,3211.8,80.0,3372.09,17.89,True,Active,shazia,None,Normal,5: Lying down (controlled)
1789153257.359038,5870,Person C,1035.4,3211.0,160.0,3371.78,17.88,True,Active,shazia,None,Normal,5: Lying down (controlled)
1789153257.4371772,5871,Person C,1036.3,3210.6,80.0,3373.99,17.88,True,Active,shazia,None,Normal,5: Lying down (controlled)
1789153257.518949,5872,Person C,1036.8,3210.4,240.0,3374.33,17.84,True,Active,shazia,None,Normal,5: Lying down (controlled)
1789153257.6126726,5873,Person C,1036.7,3210.0,160.0,3372.43,17.85,True,Active,shazia,None,Normal,5: Lying down (controlled)
1789153257.6907918,5874,Person C,1036.5,3210.0,80.0,3373.99,17.88,True,Active,shazia,None,Normal,5: Lying down (controlled)
1789153257.7845552,5875,Person C,1036.3,3209.8,160.0,3372.7,17.92,True,Active,shazia,None,Normal,5: Lying down (controlled)
1789153257.8626764,5876,Person C,1036.2,3209.5,160.0,3370.8,17.94,True,Active,shazia,None,Normal,5: Lying down (controlled)
1789153257.956418,5877,Person C,1035.8,3208.9,0.0,3364.81,17.9,True,Active,shazia,None,Normal,5: Lying down (controlled)
1789153258.0549183,5878,Person C,1035.1,3207.8,160.0,3359.78,17.85,True,Active,shazia,None,Normal,5: Lying down (controlled)
1789153258.148663,5879,Person C,1034.1,3206.5,160.0,3356.65,17.8,True,Active,shazia,None,Normal,5: Lying down (controlled)
1789153258.2267828,5880,Person C,1033.3,3205.3,80.0,3357.91,17.81,True,Active,shazia,None,Normal,5: Lying down (controlled)
1789153258.3049207,5881,Person C,1032.5,3203.8,160.0,3357.26,17.83,True,Active,shazia,None,Normal,5: Lying down (controlled)
1789153258.3986447,5882,Person C,1031.9,3202.2,80.0,3357.26,17.83,True,Active,shazia,None,Normal,5: Lying down (controlled)
1789153258.498123,5883,Person C,1031.4,3201.1,80.0,3360.42,17.83,True,Active,shazia,None,Normal,5: Lying down (controlled)
1789153258.6075075,5884,Person C,1030.7,3199.9,80.0,3360.42,17.83,True,Active,shazia,None,Normal,5: Lying down (controlled)
1789153258.6699846,5885,Person C,1029.7,3199.0,80.0,3361.07,17.81,True,Active,shazia,None,Normal,5: Lying down (controlled)
1789153258.748123,5886,Person C,1028.5,3198.0,-80.0,3357.6,17.79,True,Active,shazia,None,Normal,5: Lying down (controlled)
1789153258.8574734,5887,Person C,1027.5,3197.2,160.0,3354.13,17.78,True,Active,shazia,None,Normal,5: Lying down (controlled)
1789153258.9668398,5888,Person C,1026.8,3196.7,80.0,3352.88,17.76,True,Active,shazia,None,Normal,5: Lying down (controlled)
1789153259.0449607,5889,Person C,1026.6,3196.4,80.0,3353.18,17.78,True,Active,shazia,None,Normal,5: Lying down (controlled)
1789153259.1219358,5890,Person C,1026.3,3195.9,160.0,3352.23,17.79,True,Active,shazia,None,Normal,5: Lying down (controlled)
1789153259.2000551,5891,Person C,1025.7,3195.6,80.0,3352.57,17.75,True,Active,shazia,None,Normal,5: Lying down (controlled)
1789153259.2938185,5892,Person C,1025.1,3195.4,80.0,3353.52,17.74,True,Active,shazia,None,Normal,5: Lying down (controlled)
1789153259.387545,5893,Person C,1024.4,3194.8,160.0,3352.57,17.75,True,Active,shazia,None,Normal,5: Lying down (controlled)
1789153259.4893794,5894,Person C,1024.2,3193.9,80.0,3351.24,17.85,True,Active,shazia,None,Normal,5: Lying down (controlled)
1789153259.5570037,5895,Person C,1024.7,3192.8,80.0,3352.14,17.95,True,Active,shazia,None,Normal,5: Lying down (controlled)
1789153259.6663742,5896,Person C,1025.8,3191.8,160.0,3351.47,18.02,True,Active,shazia,None,Normal,5: Lying down (controlled)
1789153259.7444704,5897,Person C,1027.1,3191.4,80.0,3354.32,18.01,True,Active,shazia,None,Normal,5: Lying down (controlled)
1789153259.8538373,5898,Person C,1028.4,3191.2,80.0,3354.96,17.99,True,Active,shazia,None,Normal,5: Lying down (controlled)
1789153259.9632251,5899,Person C,1029.5,3190.9,160.0,3353.7,17.98,True,Active,shazia,None,Normal,5: Lying down (controlled)
1789153260.0476558,5900,Person C,1030.7,3190.7,80.0,3354.01,17.99,True,Active,shazia,None,Normal,5: Lying down (controlled)
1789153260.1101515,5901,Person C,1032.6,3190.4,80.0,3355.56,18.07,True,Active,shazia,None,Normal,5: Lying down (controlled)
1789153260.1882713,5902,Person C,1034.8,3189.9,160.0,3355.54,18.13,True,Active,shazia,None,Normal,5: Lying down (controlled)
1789153260.3132815,5903,Person C,1037.6,3189.5,80.0,3357.41,18.22,True,Active,shazia,None,Normal,5: Lying down (controlled)
1789153260.3757575,5904,Person C,1040.1,3189.4,80.0,3358.04,18.26,True,Active,shazia,None,Normal,5: Lying down (controlled)
1789153260.4538808,5905,Person C,1041.8,3189.4,160.0,3357.41,18.22,True,Active,shazia,None,Normal,5: Lying down (controlled)
1789153260.5341084,5906,Person C,1043.1,3189.4,0.0,3355.51,18.24,True,Active,shazia,None,Normal,5: Lying down (controlled)
1789153260.627833,5907,Person C,1044.2,3188.9,160.0,3352.99,18.21,True,Active,shazia,None,Normal,5: Lying down (controlled)
1789153260.721595,5908,Person C,1045.2,3188.2,160.0,3351.41,18.19,True,Active,shazia,None,Normal,5: Lying down (controlled)
1789153260.8309627,5909,Person C,1045.9,3187.9,0.0,3353.02,18.11,True,Active,shazia,None,Normal,5: Lying down (controlled)
1789153260.9090827,5910,Person C,1046.2,3187.6,320.0,3352.09,18.06,True,Active,shazia,None,Normal,5: Lying down (controlled)
1789153260.9872031,5911,Person C,1045.5,3187.5,80.0,3352.44,17.96,True,Active,shazia,None,Normal,5: Lying down (controlled)
1789153261.0894322,5912,Person C,1044.5,3187.5,80.0,3352.44,17.96,True,Active,shazia,None,Normal,5: Lying down (controlled)
1789153261.1675308,5913,Person C,1042.9,3187.4,160.0,3351.49,17.97,True,Active,shazia,None,Normal,5: Lying down (controlled)
1789153261.292523,5914,Person C,1041.3,3187.1,80.0,3350.21,18.01,True,Active,shazia,None,Normal,5: Lying down (controlled)
1789153261.355039,5915,Person C,1040.6,3186.8,80.0,3352.38,18.13,True,Active,shazia,None,Normal,5: Lying down (controlled)
1789153261.4331417,5916,Person C,1040.4,3186.7,80.0,3353.94,18.21,True,Active,shazia,None,Normal,5: Lying down (controlled)
1789153261.5149062,5917,Person C,1040.4,3186.8,160.0,3353.94,18.21,True,Active,shazia,None,Normal,5: Lying down (controlled)
1789153261.6242797,5918,Person C,1040.6,3187.2,80.0,3355.84,18.2,True,Active,shazia,None,Normal,5: Lying down (controlled)
1789153261.7023964,5919,Person C,1041.3,3187.3,160.0,3356.15,18.21,True,Active,shazia,None,Normal,5: Lying down (controlled)
1789153261.7961602,5920,Person C,1042.1,3187.3,-80.0,3354.58,18.19,True,Active,shazia,None,Normal,5: Lying down (controlled)
1789153261.8586364,5921,Person C,1043.3,3187.2,80.0,3355.21,18.16,True,Active,shazia,None,Normal,5: Lying down (controlled)
1789153261.9680226,5922,Person C,1044.3,3187.0,160.0,3353.64,18.14,True,Active,shazia,None,Normal,5: Lying down (controlled)
1789153262.0666654,5923,Person C,1045.1,3187.2,80.0,3355.87,18.09,True,Active,shazia,None,Normal,5: Lying down (controlled)
1789153262.1760323,5924,Person C,1045.5,3187.6,-80.0,3355.25,18.06,True,Active,shazia,None,Normal,5: Lying down (controlled)
1789153262.2541711,5925,Person C,1044.9,3187.8,160.0,3352.42,18.02,True,Active,shazia,None,Normal,5: Lying down (controlled)
1789153262.3166478,5926,Person C,1043.4,3188.2,80.0,3353.09,17.94,True,Active,shazia,None,Normal,5: Lying down (controlled)
1789153262.4104102,5927,Person C,1041.9,3188.8,80.0,3354.99,17.93,True,Active,shazia,None,Normal,5: Lying down (controlled)
1789153262.5232117,5928,Person C,1040.5,3189.3,160.0,3356.25,17.94,True,Active,shazia,None,Normal,5: Lying down (controlled)
1789153262.6179938,5929,Person C,1038.9,3190.1,80.0,3358.8,17.91,True,Active,shazia,None,Normal,5: Lying down (controlled)
1789153262.680486,5930,Person C,1037.2,3191.6,80.0,3363.58,17.83,True,Active,shazia,None,Normal,5: Lying down (controlled)
1789153262.7742486,5931,Person C,1035.4,3193.4,160.0,3366.78,17.78,True,Active,shazia,None,Normal,5: Lying down (controlled)
1789153262.8523495,5932,Person C,1034.0,3195.7,80.0,3371.2,17.79,True,Active,shazia,None,Normal,5: Lying down (controlled)
1789153262.946092,5933,Person C,1033.2,3197.7,160.0,3372.43,17.85,True,Active,shazia,None,Normal,5: Lying down (controlled)
1789153263.0607927,5934,Person C,1032.6,3199.7,160.0,3372.43,17.85,True,Active,shazia,None,Normal,5: Lying down (controlled)
1789153263.1233044,5935,Person C,1032.2,3202.2,80.0,3374.98,17.82,True,Active,shazia,None,Normal,5: Lying down (controlled)
1789153263.2014043,5936,Person C,1032.3,3204.5,80.0,3375.28,17.84,True,Active,shazia,None,Normal,5: Lying down (controlled)
1789153263.2951477,5937,Person C,1032.3,3206.6,160.0,3374.98,17.82,True,Active,shazia,None,Normal,5: Lying down (controlled)
1789153263.4045165,5938,Person C,1031.8,3208.8,80.0,3375.66,17.75,True,Active,shazia,None,Normal,5: Lying down (controlled)
1789153263.5138829,5939,Person C,1030.7,3211.1,80.0,3377.34,17.61,True,Active,shazia,None,Normal,5: Lying down (controlled)
1789153263.6113179,5940,Person C,1029.3,3212.9,160.0,3376.49,17.51,True,Active,shazia,None,Normal,5: Lying down (controlled)
1789153263.939397,5941,Person C,1028.1,3214.4,80.0,3377.44,17.51,True,Active,shazia,None,Normal,5: Lying down (controlled)
1789153264.0175166,5942,Person C,1026.9,3215.3,160.0,3376.13,17.55,True,Active,shazia,None,Normal,5: Lying down (controlled)
1789153264.1014173,5943,Person C,1025.5,3215.9,80.0,3373.88,17.6,True,Active,shazia,None,Normal,5: Lying down (controlled)
1789153264.1639128,5944,Person C,1024.3,3216.5,80.0,3374.48,17.63,True,Active,shazia,None,Normal,5: Lying down (controlled)
1789153264.2576563,5945,Person C,1023.3,3216.7,160.0,3373.83,17.65,True,Active,shazia,None,Normal,5: Lying down (controlled)
1789153264.320172,5946,Person C,1022.2,3216.9,80.0,3373.83,17.65,True,Active,shazia,None,Normal,5: Lying down (controlled)
1789153264.3982904,5947,Person C,1021.6,3216.9,640.0,3373.14,17.73,True,Active,shazia,None,Normal,5: Lying down (controlled)
1789153264.4607692,5948,Person C,1021.5,3216.4,160.0,3370.59,17.76,True,Active,shazia,None,Normal,5: Lying down (controlled)
1789153264.5684986,5949,Person C,1021.9,3215.6,80.0,3370.93,17.72,True,Active,shazia,None,Normal,5: Lying down (controlled)
1789153264.6466188,5950,Person C,1022.7,3215.2,80.0,3375.09,17.66,True,Active,shazia,None,Normal,5: Lying down (controlled)
1789153264.7247388,5951,Person C,1023.0,3215.0,160.0,3376.44,17.57,True,Active,shazia,None,Normal,5: Lying down (controlled)
1789153264.7872336,5952,Person C,1023.1,3215.4,80.0,3380.25,17.55,True,Active,shazia,None,Normal,5: Lying down (controlled)
1789153264.880962,5953,Person C,1023.4,3216.0,80.0,3380.5,17.61,True,Active,shazia,None,Normal,5: Lying down (controlled)
1789153264.974704,5954,Person C,1023.7,3216.4,160.0,3379.2,17.66,True,Active,shazia,None,Normal,5: Lying down (controlled)
1789153265.0739725,5955,Person C,1024.0,3216.5,80.0,3375.7,17.69,True,Active,shazia,None,Normal,5: Lying down (controlled)
1789153265.2079613,5956,Person C,1024.1,3216.4,240.0,3373.18,17.67,True,Active,shazia,None,Normal,5: Lying down (controlled)
1789153265.286077,5957,Person C,1023.7,3216.2,160.0,3370.02,17.67,True,Active,shazia,None,Normal,5: Lying down (controlled)
1789153265.3641975,5958,Person C,1023.0,3216.2,80.0,3368.46,17.64,True,Active,shazia,None,Normal,5: Lying down (controlled)
1789153265.442318,5959,Person C,1022.5,3216.1,80.0,3368.46,17.64,True,Active,shazia,None,Normal,5: Lying down (controlled)
1789153265.5360773,5960,Person C,1022.1,3215.3,160.0,3366.25,17.64,True,Active,shazia,None,Normal,5: Lying down (controlled)
1789153265.6022122,5961,Person C,1022.2,3214.1,80.0,3365.3,17.64,True,Active,shazia,None,Normal,5: Lying down (controlled)
1789153265.680333,5962,Person C,1022.8,3212.3,80.0,3364.91,17.73,True,Active,shazia,None,Normal,5: Lying down (controlled)
1789153265.7896988,5963,Person C,1023.3,3210.5,160.0,3364.88,17.79,True,Active,shazia,None,Normal,5: Lying down (controlled)
1789153265.8677988,5964,Person C,1024.3,3208.8,80.0,3366.07,17.91,True,Active,shazia,None,Normal,5: Lying down (controlled)
1789153265.945938,5965,Person C,1025.6,3207.3,160.0,3365.4,17.98,True,Active,shazia,None,Normal,5: Lying down (controlled)
1789153266.0084338,5966,Person C,1027.1,3205.9,80.0,3364.45,17.99,True,Active,shazia,None,Normal,5: Lying down (controlled)
1789153266.0901732,5967,Person C,1028.6,3205.3,80.0,3368.9,17.95,True,Active,shazia,None,Normal,5: Lying down (controlled)
1789153266.1683006,5968,Person C,1030.1,3205.0,160.0,3370.18,17.9,True,Active,shazia,None,Normal,5: Lying down (controlled)
1789153266.246419,5969,Person C,1031.2,3204.5,-80.0,3367.05,17.85,True,Active,shazia,None,Normal,5: Lying down (controlled)
1789153266.324556,5970,Person C,1032.0,3204.3,80.0,3366.78,17.78,True,Active,shazia,None,Normal,5: Lying down (controlled)
1789153266.4026754,5971,Person C,1032.7,3204.1,160.0,3365.52,17.77,True,Active,shazia,None,Normal,5: Lying down (controlled)
1789153266.4807951,5972,Person C,1033.3,3204.0,80.0,3365.8,17.84,True,Active,shazia,None,Normal,5: Lying down (controlled)
1789153266.5588946,5973,Person C,1033.9,3203.9,-80.0,3365.76,17.89,True,Active,shazia,None,Normal,5: Lying down (controlled)
1789153266.6585343,5974,Person C,1033.7,3203.7,160.0,3363.55,17.89,True,Active,shazia,None,Normal,5: Lying down (controlled)
1789153266.7210305,5975,Person C,1032.8,3204.0,80.0,3365.49,17.82,True,Active,shazia,None,Normal,5: Lying down (controlled)
1789153266.7991498,5976,Person C,1031.9,3204.6,80.0,3367.39,17.81,True,Active,shazia,None,Normal,5: Lying down (controlled)
1789153266.8616455,5977,Person C,1031.0,3205.0,160.0,3369.94,17.78,True,Active,shazia,None,Normal,5: Lying down (controlled)
1789153266.9710126,5978,Person C,1030.4,3205.2,0.0,3370.25,17.8,True,Active,shazia,None,Normal,5: Lying down (controlled)
1789153267.0491533,5979,Person C,1030.1,3205.7,80.0,3370.9,17.77,True,Active,shazia,None,Normal,5: Lying down (controlled)
1789153267.1330643,5980,Person C,1029.9,3205.8,-160.0,3367.12,17.74,True,Active,shazia,None,Normal,5: Lying down (controlled)
1789153267.2111838,5981,Person C,1029.8,3205.9,80.0,3366.17,17.75,True,Active,shazia,None,Normal,5: Lying down (controlled)
1789153267.3049476,5982,Person C,1029.4,3205.7,160.0,3362.67,17.78,True,Active,shazia,None,Normal,5: Lying down (controlled)
1789153267.3986702,5983,Person C,1028.7,3205.6,160.0,3362.67,17.78,True,Active,shazia,None,Normal,5: Lying down (controlled)
1789153267.4924138,5984,Person C,1027.9,3205.8,80.0,3363.01,17.75,True,Active,shazia,None,Normal,5: Lying down (controlled)
1789153267.5705335,5985,Person C,1027.2,3205.7,160.0,3362.4,17.71,True,Active,shazia,None,Normal,5: Lying down (controlled)
1789153267.648673,5986,Person C,1026.5,3205.6,80.0,3364.31,17.7,True,Active,shazia,None,Normal,5: Lying down (controlled)
1789153267.7736487,5987,Person C,1025.8,3205.4,80.0,3365.91,17.68,True,Active,shazia,None,Normal,5: Lying down (controlled)
1789153267.8361437,5988,Person C,1025.0,3205.2,160.0,3365.91,17.68,True,Active,shazia,None,Normal,5: Lying down (controlled)
1789153267.94551,5989,Person C,1024.7,3205.0,80.0,3368.08,17.74,True,Active,shazia,None,Normal,5: Lying down (controlled)
1789153268.0236468,5990,Person C,1025.2,3205.3,80.0,3371.51,17.81,True,Active,shazia,None,Normal,5: Lying down (controlled)
1789153268.108372,5991,Person C,1026.0,3205.6,160.0,3371.47,17.86,True,Active,shazia,None,Normal,5: Lying down (controlled)
1789153268.1896036,5992,Person C,1027.0,3206.2,80.0,3371.44,17.91,True,Active,shazia,None,Normal,5: Lying down (controlled)
1789153268.2989705,5993,Person C,1027.9,3206.9,80.0,3372.09,17.89,True,Active,shazia,None,Normal,5: Lying down (controlled)
1789153268.37709,5994,Person C,1028.8,3207.4,160.0,3370.52,17.87,True,Active,shazia,None,Normal,5: Lying down (controlled)
1789153268.45521,5995,Person C,1029.7,3207.4,0.0,3365.15,17.86,True,Active,shazia,None,Normal,5: Lying down (controlled)
1789153268.5333493,5996,Person C,1030.5,3206.8,160.0,3361.04,17.86,True,Active,shazia,None,Normal,5: Lying down (controlled)
1789153268.667137,5997,Person C,1031.1,3205.7,160.0,3357.26,17.83,True,Active,shazia,None,Normal,5: Lying down (controlled)
1789153268.7296124,5998,Person C,1031.6,3204.7,80.0,3357.91,17.81,True,Active,shazia,None,Normal,5: Lying down (controlled)
1789153268.838996,5999,Person C,1031.6,3203.7,160.0,3358.55,17.79,True,Active,shazia,None,Normal,5: Lying down (controlled)
1789153268.9171157,6000,Person C,1031.1,3202.7,80.0,3360.46,17.78,True,Active,shazia,None,Normal,5: Lying down (controlled)
1789153268.9952347,6001,Person C,1030.6,3202.2,80.0,3365.18,17.8,True,Active,shazia,None,Normal,5: Lying down (controlled)
1789153269.0733547,6002,Person C,1030.0,3201.9,160.0,3366.75,17.83,True,Active,shazia,None,Normal,5: Lying down (controlled)
1789153269.1724267,6003,Person C,1029.6,3201.6,80.0,3368.01,17.84,True,Active,shazia,None,Normal,5: Lying down (controlled)
1789153269.266167,6004,Person C,1029.6,3201.0,160.0,3364.81,17.9,True,Active,shazia,None,Normal,5: Lying down (controlled)
1789153269.3442895,6005,Person C,1029.8,3200.6,160.0,3361.96,17.91,True,Active,shazia,None,Normal,5: Lying down (controlled)
1789153269.4380496,6006,Person C,1030.1,3200.6,80.0,3361.96,17.91,True,Active,shazia,None,Normal,5: Lying down (controlled)
1789153269.516149,6007,Person C,1030.9,3200.9,80.0,3362.57,17.94,True,Active,shazia,None,Normal,5: Lying down (controlled)
1789153269.6318557,6008,Person C,1031.8,3201.1,160.0,3362.57,17.94,True,Active,shazia,None,Normal,5: Lying down (controlled)
1789153269.709984,6009,Person C,1033.0,3201.3,80.0,3364.14,17.97,True,Active,shazia,None,Normal,5: Lying down (controlled)
1789153269.7881,6010,Person C,1034.3,3201.7,80.0,3368.25,17.97,True,Active,shazia,None,Normal,5: Lying down (controlled)
1789153269.8818429,6011,Person C,1035.2,3201.7,160.0,3367.95,17.95,True,Active,shazia,None,Normal,5: Lying down (controlled)
1789153269.9599812,6012,Person C,1036.0,3201.9,80.0,3371.11,17.95,True,Active,shazia,None,Normal,5: Lying down (controlled)
1789153270.0693302,6013,Person C,1036.7,3201.9,160.0,3370.16,17.96,True,Active,shazia,None,Normal,5: Lying down (controlled)
1789153270.1774657,6014,Person C,1037.0,3202.3,160.0,3369.54,17.92,True,Active,shazia,None,Normal,5: Lying down (controlled)
1789153270.244341,6015,Person C,1037.0,3203.0,80.0,3368.62,17.88,True,Active,shazia,None,Normal,5: Lying down (controlled)
1789153270.3224769,6016,Person C,1036.7,3203.6,160.0,3366.75,17.83,True,Active,shazia,None,Normal,5: Lying down (controlled)
1789153270.4162211,6017,Person C,1036.2,3204.2,80.0,3366.75,17.83,True,Active,shazia,None,Normal,5: Lying down (controlled)
1789153270.5255685,6018,Person C,1036.1,3204.8,80.0,3367.97,17.9,True,Active,shazia,None,Normal,5: Lying down (controlled)
1789153270.5880675,6019,Person C,1036.1,3205.3,160.0,3368.9,17.95,True,Active,shazia,None,Normal,5: Lying down (controlled)
1789153270.702823,6020,Person C,1036.2,3205.6,80.0,3371.42,17.97,True,Active,shazia,None,Normal,5: Lying down (controlled)
1789153270.780923,6021,Person C,1037.0,3206.3,80.0,3377.08,18.04,True,Active,shazia,None,Normal,5: Lying down (controlled)
1789153270.8590236,6022,Person C,1038.0,3206.8,160.0,3378.96,18.09,True,Active,shazia,None,Normal,5: Lying down (controlled)
1789153270.9527671,6023,Person C,1039.3,3207.7,80.0,3382.74,18.12,True,Active,shazia,None,Normal,5: Lying down (controlled)
1789153271.0465136,6024,Person C,1041.1,3208.4,160.0,3381.77,18.18,True,Active,shazia,None,Normal,5: Lying down (controlled)
1789153271.12465,6025,Person C,1043.1,3209.0,160.0,3380.51,18.17,True,Active,shazia,None,Normal,5: Lying down (controlled)
1789153271.2091367,6026,Person C,1045.2,3209.9,80.0,3381.79,18.12,True,Active,shazia,None,Normal,5: Lying down (controlled)
1789153271.3028815,6027,Person C,1047.3,3210.9,80.0,3382.74,18.12,True,Active,shazia,None,Normal,5: Lying down (controlled)
1789153271.4122493,6028,Person C,1049.0,3211.9,160.0,3382.74,18.12,True,Active,shazia,None,Normal,5: Lying down (controlled)
1789153271.4903698,6029,Person C,1050.8,3212.9,80.0,3383.99,18.18,True,Active,shazia,None,Normal,5: Lying down (controlled)
1789153271.5685058,6030,Person C,1052.4,3213.5,160.0,3382.09,18.19,True,Active,shazia,None,Normal,5: Lying down (controlled)
1789153271.6476417,6031,Person C,1053.8,3213.7,80.0,3383.34,18.26,True,Active,shazia,None,Normal,5: Lying down (controlled)
1789153271.7413924,6032,Person C,1055.0,3214.3,80.0,3388.4,18.25,True,Active,shazia,None,Normal,5: Lying down (controlled)
1789153271.8507586,6033,Person C,1056.0,3214.7,160.0,3389.66,18.26,True,Active,shazia,None,Normal,5: Lying down (controlled)
1789153271.9288957,6034,Person C,1056.4,3215.4,80.0,3389.67,18.21,True,Active,shazia,None,Normal,5: Lying down (controlled)
1789153272.0226197,6035,Person C,1056.7,3216.1,80.0,3388.1,18.18,True,Active,shazia,None,Normal,5: Lying down (controlled)
1789153272.1007402,6036,Person C,1057.0,3216.5,160.0,3386.52,18.15,True,Active,shazia,None,Normal,5: Lying down (controlled)
1789153272.200734,6037,Person C,1056.9,3216.8,80.0,3385.28,18.09,True,Active,shazia,None,Normal,5: Lying down (controlled)
1789153272.294496,6038,Person C,1056.7,3217.1,80.0,3384.97,18.07,True,Active,shazia,None,Normal,5: Lying down (controlled)
1789153272.38822,6039,Person C,1055.9,3217.3,160.0,3383.4,18.04,True,Active,shazia,None,Normal,5: Lying down (controlled)
1789153272.466361,6040,Person C,1055.2,3217.9,80.0,3385.61,18.05,True,Active,shazia,None,Normal,5: Lying down (controlled)
1789153272.5444596,6041,Person C,1054.4,3218.9,80.0,3390.34,18.08,True,Active,shazia,None,Normal,5: Lying down (controlled)
1789153272.638222,6042,Person C,1053.6,3219.6,160.0,3392.56,18.08,True,Active,shazia,None,Normal,5: Lying down (controlled)
1789153272.7399538,6043,Person C,1053.4,3220.3,80.0,3395.68,18.19,True,Active,shazia,None,Normal,5: Lying down (controlled)
1789153272.8493202,6044,Person C,1054.0,3220.8,160.0,3396.3,18.27,True,Active,shazia,None,Normal,5: Lying down (controlled)
1789153272.9274395,6045,Person C,1054.8,3221.2,160.0,3394.4,18.29,True,Active,shazia,None,Normal,5: Lying down (controlled)
1789153273.005557,6046,Person C,1055.4,3221.2,0.0,3388.4,18.25,True,Active,shazia,None,Normal,5: Lying down (controlled)
1789153273.0836759,6047,Person C,1056.0,3220.8,160.0,3383.35,18.2,True,Active,shazia,None,Normal,5: Lying down (controlled)
1789153273.195216,6048,Person C,1056.2,3220.2,80.0,3379.89,18.13,True,Active,shazia,None,Normal,5: Lying down (controlled)
1789153273.28896,6049,Person C,1056.4,3219.6,80.0,3378.32,18.11,True,Active,shazia,None,Normal,5: Lying down (controlled)
1789153273.3670826,6050,Person C,1056.4,3218.7,160.0,3377.06,18.1,True,Active,shazia,None,Normal,5: Lying down (controlled)
1789153273.4451993,6051,Person C,1056.3,3217.6,80.0,3379.58,18.12,True,Active,shazia,None,Normal,5: Lying down (controlled)
1789153273.5545704,6052,Person C,1056.8,3216.5,80.0,3383.66,18.22,True,Active,shazia,None,Normal,5: Lying down (controlled)
1789153273.6170647,6053,Person C,1057.0,3215.3,160.0,3384.91,18.29,True,Active,shazia,None,Normal,5: Lying down (controlled)
1789153273.7108052,6054,Person C,1056.9,3214.0,80.0,3383.64,18.33,True,Active,shazia,None,Normal,5: Lying down (controlled)
1789153273.8045692,6055,Person C,1056.6,3212.8,80.0,3382.07,18.3,True,Active,shazia,None,Normal,5: Lying down (controlled)
1789153273.882688,6056,Person C,1056.4,3211.9,160.0,3379.23,18.26,True,Active,shazia,None,Normal,5: Lying down (controlled)
1789153273.9764142,6057,Person C,1056.4,3211.3,80.0,3377.65,18.24,True,Active,shazia,None,Normal,5: Lying down (controlled)
1789153274.0545309,6058,Person C,1057.1,3210.6,80.0,3375.43,18.28,True,Active,shazia,None,Normal,5: Lying down (controlled)
1789153274.174075,6059,Person C,1058.0,3209.7,160.0,3372.58,18.3,True,Active,shazia,None,Normal,5: Lying down (controlled)
1789153274.2522185,6060,Person C,1059.3,3208.7,80.0,3371.62,18.36,True,Active,shazia,None,Normal,5: Lying down (controlled)
1789153274.3548927,6061,Person C,1060.9,3207.3,80.0,3371.3,18.45,True,Active,shazia,None,Normal,5: Lying down (controlled)
1789153274.4330204,6062,Person C,1062.0,3205.4,160.0,3369.09,18.5,True,Active,shazia,None,Normal,5: Lying down (controlled)
1789153274.5267797,6063,Person C,1063.0,3203.2,80.0,3367.2,18.56,True,Active,shazia,None,Normal,5: Lying down (controlled)
1789153274.6298053,6064,Person C,1063.8,3200.9,160.0,3364.36,18.58,True,Active,shazia,None,Normal,5: Lying down (controlled)
1789153274.6962082,6065,Person C,1064.8,3198.5,80.0,3362.46,18.59,True,Active,shazia,None,Normal,5: Lying down (controlled)
1789153274.7743278,6066,Person C,1065.9,3196.3,80.0,3361.83,18.56,True,Active,shazia,None,Normal,5: Lying down (controlled)
1789153274.8524282,6067,Person C,1067.0,3194.1,160.0,3360.24,18.53,True,Active,shazia,None,Normal,5: Lying down (controlled)
1789153274.961184,6068,Person C,1067.3,3192.3,80.0,3359.29,18.43,True,Active,shazia,None,Normal,5: Lying down (controlled)
1789153275.0653753,6069,Person C,1066.8,3191.1,80.0,3359.62,18.28,True,Active,shazia,None,Normal,5: Lying down (controlled)
1789153275.1300533,6070,Person C,1065.5,3190.3,160.0,3359.95,18.19,True,Active,shazia,None,Normal,5: Lying down (controlled)
1789153275.215334,6071,Person C,1063.3,3190.1,80.0,3362.51,18.11,True,Active,shazia,None,Normal,5: Lying down (controlled)
1789153275.3278694,6072,Person C,1060.9,3190.7,80.0,3367.26,18.08,True,Active,shazia,None,Normal,5: Lying down (controlled)
1789153275.3903415,6073,Person C,1058.2,3191.9,160.0,3370.11,18.06,True,Active,shazia,None,Normal,5: Lying down (controlled)
1789153275.499729,6074,Person C,1055.6,3193.6,80.0,3372.32,18.07,True,Active,shazia,None,Normal,5: Lying down (controlled)
1789153275.5778496,6075,Person C,1053.2,3195.3,160.0,3371.04,18.11,True,Active,shazia,None,Normal,5: Lying down (controlled)
1789153275.704159,6076,Person C,1050.9,3196.7,160.0,3367.88,18.11,True,Active,shazia,None,Normal,5: Lying down (controlled)
1789153275.7822747,6077,Person C,1048.5,3198.2,80.0,3366.95,18.06,True,Active,shazia,None,Normal,5: Lying down (controlled)
1789153275.8759995,6078,Person C,1046.5,3199.6,80.0,3366.33,18.03,True,Active,shazia,None,Normal,5: Lying down (controlled)
1789153275.9541223,6079,Person C,1045.1,3200.7,160.0,3365.71,18.0,True,Active,shazia,None,Normal,5: Lying down (controlled)
1789153276.0322385,6080,Person C,1043.6,3201.5,0.0,3362.91,17.91,True,Active,shazia,None,Normal,5: Lying down (controlled)
1789153276.1103773,6081,Person C,1041.9,3201.7,240.0,3359.16,17.82,True,Active,shazia,None,Normal,5: Lying down (controlled)
1789153276.1884778,6082,Person C,1039.9,3201.3,160.0,3357.3,17.78,True,Active,shazia,None,Normal,5: Lying down (controlled)
1789153276.2822201,6083,Person C,1038.0,3200.7,80.0,3358.55,17.79,True,Active,shazia,None,Normal,5: Lying down (controlled)
1789153276.3915887,6084,Person C,1036.1,3199.8,160.0,3357.91,17.81,True,Active,shazia,None,Normal,5: Lying down (controlled)
1789153276.4697118,6085,Person C,1034.0,3199.0,80.0,3356.95,17.81,True,Active,shazia,None,Normal,5: Lying down (controlled)
1789153276.5634706,6086,Person C,1032.1,3198.6,80.0,3358.21,17.83,True,Active,shazia,None,Normal,5: Lying down (controlled)
1789153276.6415718,6087,Person C,1030.4,3198.2,160.0,3357.91,17.81,True,Active,shazia,None,Normal,5: Lying down (controlled)
1789153276.7628124,6088,Person C,1028.8,3197.8,80.0,3357.6,17.79,True,Active,shazia,None,Normal,5: Lying down (controlled)
1789153276.8565562,6089,Person C,1027.5,3197.5,80.0,3358.86,17.8,True,Active,shazia,None,Normal,5: Lying down (controlled)
1789153276.950303,6090,Person C,1026.7,3197.4,160.0,3359.51,17.78,True,Active,shazia,None,Normal,5: Lying down (controlled)
1789153277.0128145,6091,Person C,1026.2,3197.2,-80.0,3355.73,17.75,True,Active,shazia,None,Normal,5: Lying down (controlled)
1789153277.1377869,6092,Person C,1025.7,3197.1,80.0,3354.82,17.7,True,Active,shazia,None,Normal,5: Lying down (controlled)
1789153277.2216575,6093,Person C,1024.9,3196.8,160.0,3353.26,17.67,True,Active,shazia,None,Normal,5: Lying down (controlled)
1789153277.3427987,6094,Person C,1023.8,3196.6,80.0,3352.65,17.64,True,Active,shazia,None,Normal,5: Lying down (controlled)
1789153277.4052951,6095,Person C,1022.9,3196.3,160.0,3351.35,17.68,True,Active,shazia,None,Normal,5: Lying down (controlled)
1789153277.5146432,6096,Person C,1021.9,3195.6,160.0,3348.5,17.7,True,Active,shazia,None,Normal,5: Lying down (controlled)
1789153277.5771594,6097,Person C,1021.1,3194.9,80.0,3348.8,17.72,True,Active,shazia,None,Normal,5: Lying down (controlled)
1789153277.6709013,6098,Person C,1020.4,3194.2,80.0,3348.8,17.72,True,Active,shazia,None,Normal,5: Lying down (controlled)
1789153277.7901318,6099,Person C,1019.5,3193.4,160.0,3348.5,17.7,True,Active,shazia,None,Normal,5: Lying down (controlled)
1789153277.8682356,6100,Person C,1018.2,3192.6,0.0,3347.93,17.61,True,Active,shazia,None,Normal,5: Lying down (controlled)
1789153277.9307308,6101,Person C,1016.9,3191.9,320.0,3345.12,17.57,True,Active,shazia,None,Normal,5: Lying down (controlled)
1789153278.0244908,6102,Person C,1015.4,3191.2,80.0,3343.61,17.49,True,Active,shazia,None,Normal,5: Lying down (controlled)
1789153278.1182334,6103,Person C,1013.9,3191.1,80.0,3347.78,17.43,True,Active,shazia,None,Normal,5: Lying down (controlled)
1789153278.1963363,6104,Person C,1012.5,3191.3,160.0,3350.35,17.4,True,Active,shazia,None,Normal,5: Lying down (controlled)
1789153278.2803636,6105,Person C,1011.0,3191.9,80.0,3352.55,17.41,True,Active,shazia,None,Normal,5: Lying down (controlled)
1789153278.3584635,6106,Person C,1009.8,3192.8,80.0,3353.45,17.46,True,Active,shazia,None,Normal,5: Lying down (controlled)
1789153278.420962,6107,Person C,1008.6,3193.5,160.0,3351.84,17.48,True,Active,shazia,None,Normal,5: Lying down (controlled)
1789153278.5147026,6108,Person C,1007.4,3194.2,80.0,3351.84,17.48,True,Active,shazia,None,Normal,5: Lying down (controlled)
1789153278.6240697,6109,Person C,1006.2,3195.0,80.0,3352.5,17.46,True,Active,shazia,None,Normal,5: Lying down (controlled)
1789153278.6865659,6110,Person C,1005.5,3195.7,160.0,3352.5,17.46,True,Active,shazia,None,Normal,5: Lying down (controlled)
1789153278.7803082,6111,Person C,1004.9,3196.8,80.0,3353.81,17.42,True,Active,shazia,None,Normal,5: Lying down (controlled)
1789153278.8896987,6112,Person C,1005.0,3198.2,80.0,3357.27,17.44,True,Active,shazia,None,Normal,5: Lying down (controlled)
1789153278.9677963,6113,Person C,1005.3,3199.1,160.0,3357.27,17.44,True,Active,shazia,None,Normal,5: Lying down (controlled)
1789153279.0615418,6114,Person C,1006.0,3199.5,80.0,3356.26,17.5,True,Active,shazia,None,Normal,5: Lying down (controlled)
1789153279.1396785,6115,Person C,1006.9,3199.5,80.0,3355.26,17.55,True,Active,shazia,None,Normal,5: Lying down (controlled)
1789153279.2254536,6116,Person C,1007.6,3199.2,160.0,3352.7,17.59,True,Active,shazia,None,Normal,5: Lying down (controlled)
1789153279.350468,6117,Person C,1008.4,3199.0,80.0,3352.35,17.62,True,Active,shazia,None,Normal,5: Lying down (controlled)
1789153279.428571,6118,Person C,1009.2,3198.7,240.0,3351.4,17.63,True,Active,shazia,None,Normal,5: Lying down (controlled)
1789153279.522313,6119,Person C,1010.0,3198.2,160.0,3350.14,17.62,True,Active,shazia,None,Normal,5: Lying down (controlled)
1789153279.600431,6120,Person C,1010.2,3197.7,0.0,3348.33,17.52,True,Active,shazia,None,Normal,5: Lying down (controlled)
1789153279.6785703,6121,Person C,1010.1,3196.8,160.0,3344.92,17.45,True,Active,shazia,None,Normal,5: Lying down (controlled)
1789153279.763152,6122,Person C,1009.6,3195.7,80.0,3345.28,17.41,True,Active,shazia,None,Normal,5: Lying down (controlled)
1789153279.8568766,6123,Person C,1009.6,3194.6,80.0,3346.77,17.49,True,Active,shazia,None,Normal,5: Lying down (controlled)
1789153279.9506223,6124,Person C,1009.6,3193.5,160.0,3345.77,17.55,True,Active,shazia,None,Normal,5: Lying down (controlled)
1789153280.0287416,6125,Person C,1009.6,3192.4,80.0,3344.77,17.61,True,Active,shazia,None,Normal,5: Lying down (controlled)
1789153280.116941,6126,Person C,1010.3,3191.5,80.0,3346.25,17.75,True,Active,shazia,None,Normal,5: Lying down (controlled)
1789153280.1950605,6127,Person C,1011.3,3190.6,160.0,3346.82,17.83,True,Active,shazia,None,Normal,5: Lying down (controlled)
1789153280.300271,6128,Person C,1012.6,3189.9,80.0,3348.69,17.88,True,Active,shazia,None,Normal,5: Lying down (controlled)
1789153280.3940115,6129,Person C,1014.2,3189.4,480.0,3350.26,17.9,True,Active,shazia,None,Normal,5: Lying down (controlled)
1789153280.4721508,6130,Person C,1016.4,3188.9,160.0,3350.26,17.9,True,Active,shazia,None,Normal,5: Lying down (controlled)
1789153280.5502696,6131,Person C,1019.1,3188.8,80.0,3352.16,17.89,True,Active,shazia,None,Normal,5: Lying down (controlled)
1789153280.6440134,6132,Person C,1022.1,3188.9,80.0,3355.33,17.89,True,Active,shazia,None,Normal,5: Lying down (controlled)
1789153280.7572882,6133,Person C,1024.6,3189.1,160.0,3356.28,17.89,True,Active,shazia,None,Normal,5: Lying down (controlled)
1789153280.8822849,6134,Person C,1027.2,3189.5,80.0,3357.51,17.95,True,Active,shazia,None,Normal,5: Lying down (controlled)
1789153281.0072758,6135,Person C,1029.9,3190.1,80.0,3358.74,18.02,True,Active,shazia,None,Normal,5: Lying down (controlled)
1789153281.0854104,6136,Person C,1031.9,3190.6,160.0,3357.15,18.05,True,Active,shazia,None,Normal,5: Lying down (controlled)
1789153281.163515,6137,Person C,1033.7,3190.7,0.0,3353.33,18.12,True,Active,shazia,None,Normal,5: Lying down (controlled)
1789153281.2572532,6138,Person C,1035.4,3190.2,80.0,3349.2,18.18,True,Active,shazia,None,Normal,5: Lying down (controlled)
1789153281.3197525,6139,Person C,1036.9,3189.3,160.0,3346.35,18.2,True,Active,shazia,None,Normal,5: Lying down (controlled)
1789153281.397872,6140,Person C,1038.4,3188.0,160.0,3342.55,18.22,True,Active,shazia,None,Normal,5: Lying down (controlled)
1789153281.4603677,6141,Person C,1040.0,3186.2,160.0,3340.01,18.25,True,Active,shazia,None,Normal,5: Lying down (controlled)
1789153281.5541449,6142,Person C,1041.4,3183.8,-80.0,3336.85,18.25,True,Active,shazia,None,Normal,5: Lying down (controlled)
1789153281.6634946,6143,Person C,1042.8,3181.1,80.0,3334.95,18.26,True,Active,shazia,None,Normal,5: Lying down (controlled)
1789153281.7668848,6144,Person C,1043.7,3178.3,160.0,3333.69,18.25,True,Active,shazia,None,Normal,5: Lying down (controlled)
1789153281.8450253,6145,Person C,1044.4,3175.4,80.0,3333.37,18.29,True,Active,shazia,None,Normal,5: Lying down (controlled)
1789153281.923144,6146,Person C,1045.7,3172.8,80.0,3336.52,18.4,True,Active,shazia,None,Normal,5: Lying down (controlled)
1789153282.0012639,6147,Person C,1047.3,3170.7,160.0,3338.42,18.49,True,Active,shazia,None,Normal,5: Lying down (controlled)
1789153282.1106143,6148,Person C,1049.0,3169.3,80.0,3341.27,18.53,True,Active,shazia,None,Normal,5: Lying down (controlled)
1789153282.1887343,6149,Person C,1050.8,3168.3,80.0,3342.53,18.54,True,Active,shazia,None,Normal,5: Lying down (controlled)
1789153282.2727466,6150,Person C,1052.5,3167.5,160.0,3340.32,18.54,True,Active,shazia,None,Normal,5: Lying down (controlled)
1789153282.335262,6151,Person C,1054.4,3167.0,80.0,3341.27,18.59,True,Active,shazia,None,Normal,5: Lying down (controlled)
1789153282.4290063,6152,Person C,1057.2,3166.7,80.0,3342.89,18.72,True,Active,shazia,None,Normal,5: Lying down (controlled)
1789153282.5227323,6153,Person C,1060.8,3166.5,160.0,3344.52,18.86,True,Active,shazia,None,Normal,5: Lying down (controlled)
1789153282.6164758,6154,Person C,1065.0,3166.4,80.0,3346.14,18.94,True,Active,shazia,None,Normal,5: Lying down (controlled)
1789153282.6946132,6155,Person C,1069.3,3166.2,160.0,3345.22,19.0,True,Active,shazia,None,Normal,5: Lying down (controlled)
1789153282.7787437,6156,Person C,1072.7,3165.8,160.0,3343.62,18.97,True,Active,shazia,None,Normal,5: Lying down (controlled)
1789153282.8881152,6157,Person C,1075.3,3165.7,80.0,3345.81,18.92,True,Active,shazia,None,Normal,5: Lying down (controlled)
1789153282.9662108,6158,Person C,1077.4,3165.6,80.0,3347.06,18.88,True,Active,shazia,None,Normal,5: Lying down (controlled)
1789153283.1380947,6159,Person C,1078.9,3165.5,160.0,3346.39,18.79,True,Active,shazia,None,Normal,5: Lying down (controlled)
1789153283.216214,6160,Person C,1079.9,3165.7,0.0,3345.41,18.69,True,Active,shazia,None,Normal,5: Lying down (controlled)
1789153283.3000424,6161,Person C,1080.1,3165.9,160.0,3343.81,18.61,True,Active,shazia,None,Normal,5: Lying down (controlled)
1789153283.3625398,6162,Person C,1078.9,3166.1,-160.0,3340.95,18.52,True,Active,shazia,None,Normal,5: Lying down (controlled)
1789153283.4562652,6163,Person C,1076.7,3166.5,80.0,3341.26,18.48,True,Active,shazia,None,Normal,5: Lying down (controlled)
1789153283.5500064,6164,Person C,1073.8,3166.9,160.0,3340.63,18.45,True,Active,shazia,None,Normal,5: Lying down (controlled)
1789153283.628145,6165,Person C,1070.4,3167.5,80.0,3340.0,18.41,True,Active,shazia,None,Normal,5: Lying down (controlled)
1789153283.706265,6166,Person C,1067.5,3168.4,80.0,3342.84,18.45,True,Active,shazia,None,Normal,5: Lying down (controlled)
1789153283.7843654,6167,Person C,1064.9,3169.0,160.0,3343.16,18.47,True,Active,shazia,None,Normal,5: Lying down (controlled)
1789153283.862484,6168,Person C,1062.2,3169.8,80.0,3346.01,18.4,True,Active,shazia,None,Normal,5: Lying down (controlled)
1789153283.940604,6169,Person C,1059.2,3170.8,80.0,3346.34,18.25,True,Active,shazia,None,Normal,5: Lying down (controlled)
1789153284.0343661,6170,Person C,1056.2,3171.8,160.0,3345.42,18.15,True,Active,shazia,None,Normal,5: Lying down (controlled)
1789153284.1124663,6171,Person C,1053.4,3173.1,80.0,3347.33,18.08,True,Active,shazia,None,Normal,5: Lying down (controlled)
1789153284.2062294,6172,Person C,1051.0,3175.0,80.0,3351.47,18.02,True,Active,shazia,None,Normal,5: Lying down (controlled)
1789153284.2941644,6173,Person C,1048.6,3176.8,160.0,3350.85,17.99,True,Active,shazia,None,Normal,5: Lying down (controlled)
1789153284.3879128,6174,Person C,1046.2,3178.8,80.0,3352.14,17.95,True,Active,shazia,None,Normal,5: Lying down (controlled)
1789153284.4856825,6175,Person C,1044.1,3180.7,160.0,3351.49,17.97,True,Active,shazia,None,Normal,5: Lying down (controlled)
1789153284.56382,6176,Person C,1041.7,3182.2,160.0,3349.59,17.98,True,Active,shazia,None,Normal,5: Lying down (controlled)
1789153284.6419394,6177,Person C,1039.1,3183.7,80.0,3349.28,17.96,True,Active,shazia,None,Normal,5: Lying down (controlled)
1789153284.7669306,6178,Person C,1036.7,3184.7,80.0,3348.02,17.95,True,Active,shazia,None,Normal,5: Lying down (controlled)
1789153284.8632762,6179,Person C,1034.9,3185.2,160.0,3345.5,17.93,True,Active,shazia,None,Normal,5: Lying down (controlled)
1789153284.941376,6180,Person C,1033.7,3185.8,80.0,3347.41,17.92,True,Active,shazia,None,Normal,5: Lying down (controlled)
1789153285.0195138,6181,Person C,1032.8,3186.4,80.0,3350.26,17.9,True,Active,shazia,None,Normal,5: Lying down (controlled)
1789153285.0976338,6182,Person C,1032.0,3186.6,160.0,3350.9,17.88,True,Active,shazia,None,Normal,5: Lying down (controlled)
1789153285.191361,6183,Person C,1031.6,3186.9,80.0,3352.47,17.91,True,Active,shazia,None,Normal,5: Lying down (controlled)
1789153285.285101,6184,Person C,1031.7,3186.8,160.0,3351.49,17.97,True,Active,shazia,None,Normal,5: Lying down (controlled)
1789153285.3745933,6185,Person C,1031.7,3186.6,160.0,3349.59,17.98,True,Active,shazia,None,Normal,5: Lying down (controlled)
1789153285.4527326,6186,Person C,1031.8,3186.6,80.0,3349.9,18.0,True,Active,shazia,None,Normal,5: Lying down (controlled)
1789153285.5308325,6187,Person C,1032.1,3186.5,160.0,3349.26,18.02,True,Active,shazia,None,Normal,5: Lying down (controlled)
1789153285.6318808,6188,Person C,1032.7,3186.5,80.0,3349.88,18.05,True,Active,shazia,None,Normal,5: Lying down (controlled)
1789153285.7412674,6189,Person C,1033.4,3186.8,80.0,3350.52,18.03,True,Active,shazia,None,Normal,5: Lying down (controlled)
1789153285.809545,6190,Person C,1034.1,3186.8,160.0,3349.57,18.03,True,Active,shazia,None,Normal,5: Lying down (controlled)
1789153285.8876455,6191,Person C,1034.7,3186.5,80.0,3349.26,18.02,True,Active,shazia,None,Normal,5: Lying down (controlled)
1789153285.9813886,6192,Person C,1035.6,3186.2,80.0,3350.83,18.05,True,Active,shazia,None,Normal,5: Lying down (controlled)
1789153286.0907605,6193,Person C,1036.3,3185.7,160.0,3349.88,18.05,True,Active,shazia,None,Normal,5: Lying down (controlled)
1789153286.1845024,6194,Person C,1036.9,3185.2,80.0,3348.6,18.09,True,Active,shazia,None,Normal,5: Lying down (controlled)
1789153286.2469962,6195,Person C,1037.8,3184.8,80.0,3348.58,18.15,True,Active,shazia,None,Normal,5: Lying down (controlled)
1789153286.3446496,6196,Person C,1038.6,3184.3,160.0,3347.63,18.15,True,Active,shazia,None,Normal,5: Lying down (controlled)
1789153286.4540195,6197,Person C,1039.2,3184.0,80.0,3348.27,18.13,True,Active,shazia,None,Normal,5: Lying down (controlled)
1789153286.5477433,6198,Person C,1039.6,3183.7,80.0,3348.27,18.13,True,Active,shazia,None,Normal,5: Lying down (controlled)
1789153286.6270323,6199,Person C,1040.1,3183.1,160.0,3346.37,18.14,True,Active,shazia,None,Normal,5: Lying down (controlled)
1789153286.6895118,6200,Person C,1040.7,3182.5,80.0,3345.73,18.16,True,Active,shazia,None,Normal,5: Lying down (controlled)
1789153286.7832518,6201,Person C,1041.7,3181.9,80.0,3346.66,18.21,True,Active,shazia,None,Normal,5: Lying down (controlled)
1789153286.8797538,6202,Person C,1042.7,3181.1,160.0,3346.34,18.25,True,Active,shazia,None,Normal,5: Lying down (controlled)
1789153286.98912,6203,Person C,1043.9,3180.4,80.0,3346.97,18.28,True,Active,shazia,None,Normal,5: Lying down (controlled)
1789153287.051599,6204,Person C,1044.8,3180.1,80.0,3348.55,18.26,True,Active,shazia,None,Normal,5: Lying down (controlled)
1789153287.1453412,6205,Person C,1045.2,3179.9,160.0,3347.93,18.22,True,Active,shazia,None,Normal,5: Lying down (controlled)
1789153287.2234602,6206,Person C,1045.5,3180.2,80.0,3351.41,18.19,True,Active,shazia,None,Normal,5: Lying down (controlled)
1789153287.346179,6207,Person C,1045.7,3180.6,240.0,3352.69,18.14,True,Active,shazia,None,Normal,5: Lying down (controlled)
1789153287.4086547,6208,Person C,1045.7,3181.0,160.0,3352.07,18.11,True,Active,shazia,None,Normal,5: Lying down (controlled)
1789153287.5023983,6209,Person C,1044.9,3181.5,0.0,3348.64,17.99,True,Active,shazia,None,Normal,5: Lying down (controlled)
1789153287.5961418,6210,Person C,1043.5,3182.0,80.0,3346.15,17.91,True,Active,shazia,None,Normal,5: Lying down (controlled)
1789153287.6742778,6211,Person C,1041.4,3182.4,80.0,3343.97,17.85,True,Active,shazia,None,Normal,5: Lying down (controlled)
1789153287.768021,6212,Person C,1038.9,3183.1,80.0,3345.26,17.81,True,Active,shazia,None,Normal,5: Lying down (controlled)
1789153287.8837917,6213,Person C,1036.2,3183.6,160.0,3343.35,17.82,True,Active,shazia,None,Normal,5: Lying down (controlled)
1789153287.9619162,6214,Person C,1033.7,3183.7,80.0,3341.76,17.84,True,Active,shazia,None,Normal,5: Lying down (controlled)
1789153288.040051,6215,Person C,1031.2,3183.9,80.0,3342.1,17.81,True,Active,shazia,None,Normal,5: Lying down (controlled)
1789153288.211898,6216,Person C,1028.8,3183.6,160.0,3341.14,17.81,True,Active,shazia,None,Normal,5: Lying down (controlled)
1789153288.392306,6217,Person C,1026.8,3183.2,80.0,3342.71,17.84,True,Active,shazia,None,Normal,5: Lying down (controlled)
1789153288.5485067,6218,Person C,1025.7,3182.9,80.0,3345.81,17.95,True,Active,shazia,None,Normal,5: Lying down (controlled)
1789153288.6110044,6219,Person C,1026.0,3182.7,320.0,3347.66,18.05,True,Active,shazia,None,Normal,5: Lying down (controlled)
1789153288.6891413,6220,Person C,1027.4,3182.4,80.0,3347.63,18.15,True,Active,shazia,None,Normal,5: Lying down (controlled)
1789153288.7516365,6221,Person C,1030.0,3182.0,80.0,3348.23,18.29,True,Active,shazia,None,Normal,5: Lying down (controlled)
1789153288.8333998,6222,Person C,1033.3,3181.2,160.0,3347.9,18.39,True,Active,shazia,None,Normal,5: Lying down (controlled)
1789153288.911544,6223,Person C,1036.9,3180.3,80.0,3346.01,18.45,True,Active,shazia,None,Normal,5: Lying down (controlled)
1789153289.00527,6224,Person C,1040.9,3179.6,80.0,3347.59,18.53,True,Active,shazia,None,Normal,5: Lying down (controlled)
1789153289.083389,6225,Person C,1045.2,3178.8,160.0,3347.91,18.55,True,Active,shazia,None,Normal,5: Lying down (controlled)
1789153289.161506,6226,Person C,1049.4,3178.4,80.0,3350.44,18.52,True,Active,shazia,None,Normal,5: Lying down (controlled)
1789153289.2396255,6227,Person C,1052.7,3178.6,240.0,3354.86,18.36,True,Active,shazia,None,Normal,5: Lying down (controlled)
1789153289.355415,6228,Person C,1054.5,3179.2,160.0,3357.1,18.21,True,Active,shazia,None,Normal,5: Lying down (controlled)
1789153289.4491827,6229,Person C,1055.3,3180.0,-80.0,3357.75,18.13,True,Active,shazia,None,Normal,5: Lying down (controlled)
1789153289.5116782,6230,Person C,1055.3,3181.2,80.0,3359.03,18.09,True,Active,shazia,None,Normal,5: Lying down (controlled)
1789153289.5897784,6231,Person C,1054.2,3182.6,160.0,3358.1,18.04,True,Active,shazia,None,Normal,5: Lying down (controlled)
1789153289.6678977,6232,Person C,1052.4,3184.3,80.0,3358.43,18.0,True,Active,shazia,None,Normal,5: Lying down (controlled)
1789153289.761643,6233,Person C,1050.5,3186.1,160.0,3357.15,18.05,True,Active,shazia,None,Normal,5: Lying down (controlled)
1789153289.8763342,6234,Person C,1048.0,3187.7,160.0,3354.94,18.04,True,Active,shazia,None,Normal,5: Lying down (controlled)
1789153289.9388306,6235,Person C,1045.3,3189.0,0.0,3351.78,18.04,True,Active,shazia,None,Normal,5: Lying down (controlled)
1789153290.0169487,6236,Person C,1042.5,3189.8,80.0,3349.26,18.02,True,Active,shazia,None,Normal,5: Lying down (controlled)
1789153290.0950696,6237,Person C,1040.2,3189.8,160.0,3347.69,17.99,True,Active,shazia,None,Normal,5: Lying down (controlled)
1789153290.1887965,6238,Person C,1038.0,3189.3,0.0,3345.53,17.88,True,Active,shazia,None,Normal,5: Lying down (controlled)
1789153290.266913,6239,Person C,1035.7,3188.9,80.0,3346.86,17.78,True,Active,shazia,None,Normal,5: Lying down (controlled)
1789153290.3450508,6240,Person C,1033.2,3188.3,-160.0,3345.64,17.71,True,Active,shazia,None,Normal,5: Lying down (controlled)
1789153290.4232008,6241,Person C,1030.9,3188.1,80.0,3349.14,17.68,True,Active,shazia,None,Normal,5: Lying down (controlled)
1789153290.501304,6242,Person C,1028.7,3187.8,160.0,3348.84,17.66,True,Active,shazia,None,Normal,5: Lying down (controlled)
1789153290.595064,6243,Person C,1026.2,3187.7,160.0,3348.54,17.64,True,Active,shazia,None,Normal,5: Lying down (controlled)
1789153290.673167,6244,Person C,1023.9,3188.1,80.0,3351.7,17.65,True,Active,shazia,None,Normal,5: Lying down (controlled)
1789153290.7513046,6245,Person C,1021.6,3188.8,160.0,3351.4,17.63,True,Active,shazia,None,Normal,5: Lying down (controlled)
1789153290.829423,6246,Person C,1019.3,3189.9,80.0,3352.7,17.59,True,Active,shazia,None,Normal,5: Lying down (controlled)
1789153290.9147546,6247,Person C,1017.0,3191.2,80.0,3353.05,17.55,True,Active,shazia,None,Normal,5: Lying down (controlled)
1789153291.0241184,6248,Person C,1015.4,3192.5,160.0,3353.05,17.55,True,Active,shazia,None,Normal,5: Lying down (controlled)
1789153291.102222,6249,Person C,1014.4,3193.7,80.0,3355.26,17.55,True,Active,shazia,None,Normal,5: Lying down (controlled)
1789153291.195982,6250,Person C,1014.3,3195.2,80.0,3359.63,17.62,True,Active,shazia,None,Normal,5: Lying down (controlled)
1789153291.258478,6251,Person C,1014.6,3196.5,160.0,3362.44,17.66,True,Active,shazia,None,Normal,5: Lying down (controlled)
1789153291.3365812,6252,Person C,1015.0,3198.3,80.0,3367.21,17.63,True,Active,shazia,None,Normal,5: Lying down (controlled)
1789153291.4358666,6253,Person C,1015.8,3200.3,160.0,3370.02,17.67,True,Active,shazia,None,Normal,5: Lying down (controlled)
1789153291.5139866,6254,Person C,1016.3,3202.1,160.0,3370.37,17.63,True,Active,shazia,None,Normal,5: Lying down (controlled)
1789153291.5921106,6255,Person C,1016.8,3203.7,80.0,3368.16,17.63,True,Active,shazia,None,Normal,5: Lying down (controlled)
1789153291.670229,6256,Person C,1017.7,3205.1,80.0,3368.77,17.66,True,Active,shazia,None,Normal,5: Lying down (controlled)
1789153291.79524,6257,Person C,1018.8,3206.2,160.0,3366.86,17.67,True,Active,shazia,None,Normal,5: Lying down (controlled)
1789153291.8639848,6258,Person C,1020.3,3207.3,80.0,3368.08,17.74,True,Active,shazia,None,Normal,5: Lying down (controlled)
1789153291.9577336,6259,Person C,1022.0,3208.5,80.0,3371.85,17.77,True,Active,shazia,None,Normal,5: Lying down (controlled)
1789153292.0514958,6260,Person C,1023.4,3209.4,160.0,3372.46,17.8,True,Active,shazia,None,Normal,5: Lying down (controlled)
1789153292.1295974,6261,Person C,1024.4,3210.2,80.0,3373.11,17.78,True,Active,shazia,None,Normal,5: Lying down (controlled)
1789153292.2077355,6262,Person C,1025.5,3210.4,160.0,3372.46,17.8,True,Active,shazia,None,Normal,5: Lying down (controlled)
1789153292.3171017,6263,Person C,1026.2,3210.2,160.0,3370.25,17.8,True,Active,shazia,None,Normal,5: Lying down (controlled)
1789153292.4069772,6264,Person C,1027.2,3210.0,80.0,3371.51,17.81,True,Active,shazia,None,Normal,5: Lying down (controlled)
1789153292.4850974,6265,Person C,1028.4,3209.8,80.0,3369.91,17.83,True,Active,shazia,None,Normal,5: Lying down (controlled)
1789153292.5632176,6266,Person C,1029.4,3209.4,160.0,3368.01,17.84,True,Active,shazia,None,Normal,5: Lying down (controlled)
1789153292.6569607,6267,Person C,1030.4,3209.1,0.0,3367.05,17.85,True,Active,shazia,None,Normal,5: Lying down (controlled)
1789153292.7507067,6268,Person C,1030.8,3208.9,80.0,3367.39,17.81,True,Active,shazia,None,Normal,5: Lying down (controlled)
1789153292.8444502,6269,Person C,1030.6,3208.4,160.0,3366.48,17.76,True,Active,shazia,None,Normal,5: Lying down (controlled)
1789153292.9359848,6270,Person C,1029.9,3208.2,80.0,3368.42,17.7,True,Active,shazia,None,Normal,5: Lying down (controlled)
1789153293.0141048,6271,Person C,1029.1,3208.0,160.0,3368.77,17.66,True,Active,shazia,None,Normal,5: Lying down (controlled)
1789153293.1547058,6272,Person C,1028.1,3208.1,160.0,3370.37,17.63,True,Active,shazia,None,Normal,5: Lying down (controlled)
1789153293.2328243,6273,Person C,1027.3,3208.3,0.0,3369.72,17.66,True,Active,shazia,None,Normal,5: Lying down (controlled)
1789153293.326563,6274,Person C,1026.5,3208.2,80.0,3368.12,17.68,True,Active,shazia,None,Normal,5: Lying down (controlled)
1789153293.38908,6275,Person C,1025.8,3208.2,160.0,3367.77,17.72,True,Active,shazia,None,Normal,5: Lying down (controlled)
1789153293.467224,6276,Person C,1025.7,3208.3,80.0,3368.65,17.82,True,Active,shazia,None,Normal,5: Lying down (controlled)
1789153293.5453238,6277,Person C,1026.0,3208.4,160.0,3368.93,17.89,True,Active,shazia,None,Normal,5: Lying down (controlled)
1789153293.6546903,6278,Person C,1027.1,3208.3,80.0,3369.82,17.99,True,Active,shazia,None,Normal,5: Lying down (controlled)
1789153293.7484353,6279,Person C,1029.2,3208.5,80.0,3374.84,18.09,True,Active,shazia,None,Normal,5: Lying down (controlled)
1789153293.8265572,6280,Person C,1032.1,3208.6,160.0,3378.3,18.16,True,Active,shazia,None,Normal,5: Lying down (controlled)
1789153293.9146354,6281,Person C,1035.3,3208.7,80.0,3379.56,18.17,True,Active,shazia,None,Normal,5: Lying down (controlled)
1789153294.0083416,6282,Person C,1038.4,3208.6,80.0,3378.94,18.14,True,Active,shazia,None,Normal,5: Lying down (controlled)
1789153294.1020863,6283,Person C,1041.0,3208.4,160.0,3375.79,18.09,True,Active,shazia,None,Normal,5: Lying down (controlled)
1789153294.1802082,6284,Person C,1043.0,3208.5,80.0,3375.2,18.0,True,Active,shazia,None,Normal,5: Lying down (controlled)
1789153294.2583427,6285,Person C,1044.7,3208.8,80.0,3375.84,17.98,True,Active,shazia,None,Normal,5: Lying down (controlled)
1789153294.352066,6286,Person C,1045.7,3209.1,160.0,3374.58,17.97,True,Active,shazia,None,Normal,5: Lying down (controlled)
1789153294.4673352,6287,Person C,1046.1,3209.6,80.0,3374.91,17.93,True,Active,shazia,None,Normal,5: Lying down (controlled)
1789153294.5298293,6288,Person C,1045.7,3210.6,80.0,3378.11,17.88,True,Active,shazia,None,Normal,5: Lying down (controlled)
1789153294.6235728,6289,Person C,1044.4,3211.4,160.0,3378.44,17.84,True,Active,shazia,None,Normal,5: Lying down (controlled)
1789153294.7016923,6290,Person C,1042.6,3211.9,80.0,3377.49,17.84,True,Active,shazia,None,Normal,5: Lying down (controlled)
1789153294.7954335,6291,Person C,1041.2,3212.3,80.0,3379.03,17.93,True,Active,shazia,None,Normal,5: Lying down (controlled)
1789153294.889177,6292,Person C,1040.3,3212.5,160.0,3378.05,17.98,True,Active,shazia,None,Normal,5: Lying down (controlled)
1789153294.9829228,6293,Person C,1040.0,3213.1,80.0,3380.57,18.01,True,Active,shazia,None,Normal,5: Lying down (controlled)
1789153295.0610394,6294,Person C,1040.3,3213.7,80.0,3381.83,18.02,True,Active,shazia,None,Normal,5: Lying down (controlled)
1789153295.154803,6295,Person C,1040.5,3214.1,160.0,3380.26,17.99,True,Active,shazia,None,Normal,5: Lying down (controlled)
1789153295.2485268,6296,Person C,1040.7,3214.6,80.0,3379.95,17.97,True,Active,shazia,None,Normal,5: Lying down (controlled)
1789153295.3266459,6297,Person C,1041.3,3215.0,80.0,3380.57,18.01,True,Active,shazia,None,Normal,5: Lying down (controlled)
1789153295.4297287,6298,Person C,1042.1,3214.8,160.0,3378.67,18.02,True,Active,shazia,None,Normal,5: Lying down (controlled)
1789153295.5234725,6299,Person C,1043.2,3214.4,80.0,3378.03,18.04,True,Active,shazia,None,Normal,5: Lying down (controlled)
1789153295.6015959,6300,Person C,1044.5,3213.5,-80.0,3372.94,18.1,True,Active,shazia,None,Normal,5: Lying down (controlled)
1789153295.6797314,6301,Person C,1045.3,3212.2,160.0,3369.14,18.12,True,Active,shazia,None,Normal,5: Lying down (controlled)
1789153295.7734563,6302,Person C,1045.6,3210.9,80.0,3366.62,18.1,True,Active,shazia,None,Normal,5: Lying down (controlled)
1789153295.8672178,6303,Person C,1045.8,3209.1,80.0,3364.08,18.13,True,Active,shazia,None,Normal,5: Lying down (controlled)
1789153295.9814336,6304,Person C,1045.8,3207.0,160.0,3361.87,18.13,True,Active,shazia,None,Normal,5: Lying down (controlled)
1789153296.0439296,6305,Person C,1045.7,3205.2,80.0,3362.83,18.07,True,Active,shazia,None,Normal,5: Lying down (controlled)
1789153296.122046,6306,Person C,1045.5,3203.7,80.0,3365.07,18.02,True,Active,shazia,None,Normal,5: Lying down (controlled)
1789153296.2158082,6307,Person C,1044.8,3202.3,160.0,3365.09,17.97,True,Active,shazia,None,Normal,5: Lying down (controlled)
1789153296.3095355,6308,Person C,1044.2,3201.2,80.0,3366.35,17.98,True,Active,shazia,None,Normal,5: Lying down (controlled)
1789153296.4090786,6309,Person C,1043.6,3200.0,160.0,3364.76,18.0,True,Active,shazia,None,Normal,5: Lying down (controlled)
1789153296.4872026,6310,Person C,1042.7,3199.2,160.0,3362.55,18.0,True,Active,shazia,None,Normal,5: Lying down (controlled)
1789153296.6121967,6311,Person C,1041.3,3198.6,0.0,3359.1,17.93,True,Active,shazia,None,Normal,5: Lying down (controlled)
1789153296.7528324,6312,Person C,1039.8,3198.0,160.0,3356.28,17.89,True,Active,shazia,None,Normal,5: Lying down (controlled)
1789153296.8621776,6313,Person C,1037.9,3197.5,160.0,3353.45,17.85,True,Active,shazia,None,Normal,5: Lying down (controlled)
1789153296.9612796,6314,Person C,1035.8,3196.9,0.0,3349.68,17.82,True,Active,shazia,None,Normal,5: Lying down (controlled)
1789153297.0237772,6315,Person C,1034.1,3195.9,160.0,3348.08,17.85,True,Active,shazia,None,Normal,5: Lying down (controlled)
1789153297.1018949,6316,Person C,1032.6,3194.6,80.0,3348.08,17.85,True,Active,shazia,None,Normal,5: Lying down (controlled)
1789153297.1800156,6317,Person C,1031.7,3193.2,80.0,3349.0,17.89,True,Active,shazia,None,Normal,5: Lying down (controlled)
1789153297.2737582,6318,Person C,1030.9,3191.4,160.0,3346.76,17.94,True,Active,shazia,None,Normal,5: Lying down (controlled)
1789153297.3518784,6319,Person C,1029.8,3189.9,160.0,3347.1,17.9,True,Active,shazia,None,Normal,5: Lying down (controlled)
1789153297.4338262,6320,Person C,1028.9,3188.5,80.0,3346.45,17.93,True,Active,shazia,None,Normal,5: Lying down (controlled)
1789153297.5119464,6321,Person C,1028.6,3187.2,160.0,3345.81,17.95,True,Active,shazia,None,Normal,5: Lying down (controlled)
1789153297.5900664,6322,Person C,1028.4,3185.9,-80.0,3343.29,17.93,True,Active,shazia,None,Normal,5: Lying down (controlled)
1789153297.6838098,6323,Person C,1028.2,3184.5,-80.0,3339.51,17.89,True,Active,shazia,None,Normal,5: Lying down (controlled)
1789153297.793158,6324,Person C,1028.2,3183.3,160.0,3338.26,17.88,True,Active,shazia,None,Normal,5: Lying down (controlled)
1789153297.8556736,6325,Person C,1028.1,3182.7,80.0,3342.06,17.86,True,Active,shazia,None,Normal,5: Lying down (controlled)
1789153297.939669,6326,Person C,1028.3,3182.7,80.0,3348.69,17.88,True,Active,shazia,None,Normal,5: Lying down (controlled)
1789153298.0177891,6327,Person C,1028.4,3183.1,160.0,3353.12,17.89,True,Active,shazia,None,Normal,5: Lying down (controlled)
1789153298.1115198,6328,Person C,1028.8,3184.0,80.0,3356.56,17.96,True,Active,shazia,None,Normal,5: Lying down (controlled)
1789153298.189634,6329,Person C,1029.6,3185.0,80.0,3359.08,17.98,True,Active,shazia,None,Normal,5: Lying down (controlled)
1789153298.283377,6330,Person C,1030.4,3186.1,160.0,3359.39,18.0,True,Active,shazia,None,Normal,5: Lying down (controlled)
1789153298.3771408,6331,Person C,1030.8,3187.3,80.0,3358.46,17.95,True,Active,shazia,None,Normal,5: Lying down (controlled)
1789153298.445195,6332,Person C,1031.2,3188.6,80.0,3356.89,17.92,True,Active,shazia,None,Normal,5: Lying down (controlled)
1789153298.554562,6333,Person C,1031.7,3190.1,160.0,3355.33,17.89,True,Active,shazia,None,Normal,5: Lying down (controlled)
1789153298.6483061,6334,Person C,1032.1,3191.8,80.0,3355.66,17.86,True,Active,shazia,None,Normal,5: Lying down (controlled)
1789153298.7420492,6335,Person C,1032.3,3193.4,80.0,3357.91,17.81,True,Active,shazia,None,Normal,5: Lying down (controlled)
1789153298.8045456,6336,Person C,1032.1,3194.5,160.0,3358.55,17.79,True,Active,shazia,None,Normal,5: Lying down (controlled)
1789153298.8826644,6337,Person C,1031.9,3195.2,80.0,3359.16,17.82,True,Active,shazia,None,Normal,5: Lying down (controlled)
1789153298.9963934,6338,Person C,1031.5,3195.6,80.0,3359.13,17.87,True,Active,shazia,None,Normal,5: Lying down (controlled)
1789153299.0901175,6339,Person C,1031.0,3195.6,160.0,3357.54,17.9,True,Active,shazia,None,Normal,5: Lying down (controlled)
1789153299.168257,6340,Person C,1030.3,3195.7,80.0,3358.18,17.88,True,Active,shazia,None,Normal,5: Lying down (controlled)
1789153299.2463768,6341,Person C,1029.7,3195.7,160.0,3356.62,17.85,True,Active,shazia,None,Normal,5: Lying down (controlled)
1789153299.324477,6342,Person C,1028.9,3195.7,160.0,3354.44,17.79,True,Active,shazia,None,Normal,5: Lying down (controlled)
1789153299.4394538,6343,Person C,1027.8,3195.7,80.0,3351.96,17.72,True,Active,shazia,None,Normal,5: Lying down (controlled)
1789153299.517578,6344,Person C,1026.6,3195.4,160.0,3349.14,17.68,True,Active,shazia,None,Normal,5: Lying down (controlled)
1789153299.595718,6345,Person C,1025.2,3194.9,80.0,3348.89,17.61,True,Active,shazia,None,Normal,5: Lying down (controlled)
1789153299.7050664,6346,Person C,1023.9,3194.4,80.0,3349.84,17.6,True,Active,shazia,None,Normal,5: Lying down (controlled)
1789153299.7988117,6347,Person C,1022.5,3193.7,160.0,3348.23,17.63,True,Active,shazia,None,Normal,5: Lying down (controlled)
1789153299.8925512,6348,Person C,1021.1,3193.0,80.0,3348.19,17.68,True,Active,shazia,None,Normal,5: Lying down (controlled)
1789153299.976562,6349,Person C,1020.3,3192.6,80.0,3351.28,17.79,True,Active,shazia,None,Normal,5: Lying down (controlled)
1789153300.0546975,6350,Person C,1020.2,3192.1,160.0,3353.12,17.89,True,Active,shazia,None,Normal,5: Lying down (controlled)
1789153300.1484416,6351,Person C,1020.6,3191.8,80.0,3354.99,17.93,True,Active,shazia,None,Normal,5: Lying down (controlled)
1789153300.2265418,6352,Person C,1021.3,3191.8,80.0,3356.58,17.91,True,Active,shazia,None,Normal,5: Lying down (controlled)
1789153300.3203046,6353,Person C,1022.2,3191.9,160.0,3355.66,17.86,True,Active,shazia,None,Normal,5: Lying down (controlled)
1789153300.4140306,6354,Person C,1023.0,3192.4,80.0,3356.34,17.78,True,Active,shazia,None,Normal,5: Lying down (controlled)
1789153300.4957404,6355,Person C,1023.9,3193.1,80.0,3358.29,17.72,True,Active,shazia,None,Normal,5: Lying down (controlled)
1789153300.5738623,6356,Person C,1024.7,3193.7,160.0,3357.98,17.7,True,Active,shazia,None,Normal,5: Lying down (controlled)
1789153300.6676064,6357,Person C,1025.4,3194.5,80.0,3357.98,17.7,True,Active,shazia,None,Normal,5: Lying down (controlled)
1789153300.7769701,6358,Person C,1026.0,3195.2,160.0,3356.69,17.74,True,Active,shazia,None,Normal,5: Lying down (controlled)
1789153300.8707142,6359,Person C,1026.0,3195.7,160.0,3356.04,17.77,True,Active,shazia,None,Normal,5: Lying down (controlled)
1789153300.9332097,6360,Person C,1025.4,3196.3,80.0,3356.99,17.76,True,Active,shazia,None,Normal,5: Lying down (controlled)
1789153301.0306606,6361,Person C,1024.5,3196.8,80.0,3356.99,17.76,True,Active,shazia,None,Normal,5: Lying down (controlled)
1789153301.10876,6362,Person C,1023.7,3197.0,160.0,3356.04,17.77,True,Active,shazia,None,Normal,5: Lying down (controlled)
1789153301.2181273,6363,Person C,1023.5,3197.0,0.0,3355.05,17.82,True,Active,shazia,None,Normal,5: Lying down (controlled)
1789153301.2962496,6364,Person C,1023.9,3196.7,160.0,3354.71,17.86,True,Active,shazia,None,Normal,5: Lying down (controlled)
1789153301.3743668,6365,Person C,1024.5,3196.0,160.0,3353.45,17.85,True,Active,shazia,None,Normal,5: Lying down (controlled)
1789153301.4740214,6366,Person C,1025.4,3195.3,80.0,3354.07,17.88,True,Active,shazia,None,Normal,5: Lying down (controlled)
1789153301.5833879,6367,Person C,1026.4,3194.4,160.0,3352.47,17.91,True,Active,shazia,None,Normal,5: Lying down (controlled)
1789153301.677131,6368,Person C,1027.6,3193.5,80.0,3351.8,17.99,True,Active,shazia,None,Normal,5: Lying down (controlled)
1789153301.7708578,6369,Person C,1028.8,3192.2,-80.0,3347.35,18.03,True,Active,shazia,None,Normal,5: Lying down (controlled)
1789153301.8333714,6370,Person C,1029.9,3190.5,160.0,3344.19,18.03,True,Active,shazia,None,Normal,5: Lying down (controlled)
1789153301.9114907,6371,Person C,1031.0,3188.8,80.0,3344.19,18.03,True,Active,shazia,None,Normal,5: Lying down (controlled)
1789153302.0346437,6372,Person C,1032.0,3187.4,80.0,3345.79,18.0,True,Active,shazia,None,Normal,5: Lying down (controlled)
1789153302.0971386,6373,Person C,1032.5,3186.4,160.0,3347.07,17.96,True,Active,shazia,None,Normal,5: Lying down (controlled)
1789153302.1908813,6374,Person C,1032.6,3185.8,80.0,3349.31,17.91,True,Active,shazia,None,Normal,5: Lying down (controlled)
1789153302.2846453,6375,Person C,1032.7,3185.8,80.0,3353.76,17.87,True,Active,shazia,None,Normal,5: Lying down (controlled)
1789153302.362745,6376,Person C,1032.4,3186.0,160.0,3355.05,17.82,True,Active,shazia,None,Normal,5: Lying down (controlled)
1789153302.4757586,6377,Person C,1032.0,3186.7,80.0,3357.91,17.81,True,Active,shazia,None,Normal,5: Lying down (controlled)
1789153302.5695052,6378,Person C,1031.5,3187.5,80.0,3357.87,17.86,True,Active,shazia,None,Normal,5: Lying down (controlled)
1789153302.6476252,6379,Person C,1031.0,3188.7,160.0,3357.23,17.88,True,Active,shazia,None,Normal,5: Lying down (controlled)
1789153302.7257643,6380,Person C,1031.1,3189.8,0.0,3354.96,17.99,True,Active,shazia,None,Normal,5: Lying down (controlled)
1789153302.8038836,6381,Person C,1031.3,3190.6,160.0,3352.42,18.02,True,Active,shazia,None,Normal,5: Lying down (controlled)
1789153302.8976288,6382,Person C,1031.6,3191.0,160.0,3350.52,18.03,True,Active,shazia,None,Normal,5: Lying down (controlled)
1789153302.9968526,6383,Person C,1031.5,3191.1,0.0,3347.71,17.94,True,Active,shazia,None,Normal,5: Lying down (controlled)
1789153303.0905793,6384,Person C,1031.3,3190.9,160.0,3346.79,17.89,True,Active,shazia,None,Normal,5: Lying down (controlled)
1789153303.1686983,6385,Person C,1031.0,3190.3,160.0,3347.13,17.85,True,Active,shazia,None,Normal,5: Lying down (controlled)
1789153303.2468152,6386,Person C,1031.2,3189.6,80.0,3349.0,17.89,True,Active,shazia,None,Normal,5: Lying down (controlled)
1789153303.3405619,6387,Person C,1031.7,3188.5,160.0,3348.97,17.95,True,Active,shazia,None,Normal,5: Lying down (controlled)
1789153303.6437001,6388,Person C,1031.9,3187.6,80.0,3349.92,17.94,True,Active,shazia,None,Normal,5: Lying down (controlled)
1789153303.706195,6389,Person C,1032.5,3186.9,80.0,3352.42,18.02,True,Active,shazia,None,Normal,5: Lying down (controlled)
1789153303.768691,6390,Person C,1032.8,3186.6,160.0,3353.04,18.05,True,Active,shazia,None,Normal,5: Lying down (controlled)
1789153303.8780613,6391,Person C,1033.2,3186.9,80.0,3356.51,18.07,True,Active,shazia,None,Normal,5: Lying down (controlled)
1789153303.9561822,6392,Person C,1033.8,3187.6,80.0,3359.03,18.09,True,Active,shazia,None,Normal,5: Lying down (controlled)
1789153304.0375767,6393,Person C,1034.9,3188.5,160.0,3359.67,18.07,True,Active,shazia,None,Normal,5: Lying down (controlled)
1789153304.1469634,6394,Person C,1035.8,3189.1,-80.0,3355.27,18.0,True,Active,shazia,None,Normal,5: Lying down (controlled)
1789153304.2094436,6395,Person C,1036.4,3189.5,80.0,3352.78,17.93,True,Active,shazia,None,Normal,5: Lying down (controlled)
1789153304.287579,6396,Person C,1036.5,3189.6,160.0,3350.26,17.9,True,Active,shazia,None,Normal,5: Lying down (controlled)
1789153304.3656998,6397,Person C,1036.0,3189.8,80.0,3349.34,17.86,True,Active,shazia,None,Normal,5: Lying down (controlled)
1789153304.4437978,6398,Person C,1035.7,3190.1,80.0,3351.86,17.88,True,Active,shazia,None,Normal,5: Lying down (controlled)
1789153304.5122056,6399,Person C,1034.9,3190.4,160.0,3352.81,17.87,True,Active,shazia,None,Normal,5: Lying down (controlled)
1789153304.590342,6400,Person C,1033.8,3190.5,0.0,3350.6,17.87,True,Active,shazia,None,Normal,5: Lying down (controlled)
1789153304.6684625,6401,Person C,1032.3,3190.0,160.0,3347.13,17.85,True,Active,shazia,None,Normal,5: Lying down (controlled)
1789153304.7465818,6402,Person C,1030.4,3189.2,160.0,3345.56,17.82,True,Active,shazia,None,Normal,5: Lying down (controlled)
1789153304.809062,6403,Person C,1028.1,3188.5,0.0,3345.94,17.73,True,Active,shazia,None,Normal,5: Lying down (controlled)
1789153304.9027998,6404,Person C,1026.1,3188.3,160.0,3347.24,17.69,True,Active,shazia,None,Normal,5: Lying down (controlled)
1789153304.9809203,6405,Person C,1024.4,3188.3,80.0,3347.58,17.65,True,Active,shazia,None,Normal,5: Lying down (controlled)
1789153305.0642738,6406,Person C,1023.2,3188.6,80.0,3349.45,17.69,True,Active,shazia,None,Normal,5: Lying down (controlled)
1789153305.1423936,6407,Person C,1022.5,3188.7,160.0,3348.15,17.74,True,Active,shazia,None,Normal,5: Lying down (controlled)
1789153305.236137,6408,Person C,1021.7,3188.4,80.0,3346.55,17.76,True,Active,shazia,None,Normal,5: Lying down (controlled)
1789153305.3142405,6409,Person C,1021.3,3188.0,80.0,3347.77,17.83,True,Active,shazia,None,Normal,5: Lying down (controlled)
1789153305.3923569,6410,Person C,1021.1,3187.8,160.0,3348.08,17.85,True,Active,shazia,None,Normal,5: Lying down (controlled)
1789153305.470495,6411,Person C,1021.1,3188.2,80.0,3350.94,17.83,True,Active,shazia,None,Normal,5: Lying down (controlled)
1789153305.5663445,6412,Person C,1021.2,3188.8,80.0,3351.58,17.81,True,Active,shazia,None,Normal,5: Lying down (controlled)
1789153305.6600668,6413,Person C,1021.7,3189.3,160.0,3352.23,17.79,True,Active,shazia,None,Normal,5: Lying down (controlled)
1789153305.769439,6414,Person C,1022.3,3189.9,80.0,3354.78,17.75,True,Active,shazia,None,Normal,5: Lying down (controlled)
1789153305.831932,6415,Person C,1023.1,3190.7,80.0,3357.64,17.74,True,Active,shazia,None,Normal,5: Lying down (controlled)
1789153305.9413204,6416,Person C,1023.6,3191.4,160.0,3357.64,17.74,True,Active,shazia,None,Normal,5: Lying down (controlled)
1789153306.023318,6417,Person C,1024.0,3192.5,80.0,3359.85,17.74,True,Active,shazia,None,Normal,5: Lying down (controlled)
1789153306.1170757,6418,Person C,1024.3,3193.7,160.0,3358.9,17.75,True,Active,shazia,None,Normal,5: Lying down (controlled)
1789153306.2107987,6419,Person C,1024.1,3194.8,160.0,3357.64,17.74,True,Active,shazia,None,Normal,5: Lying down (controlled)
1789153306.3045413,6420,Person C,1023.9,3195.9,80.0,3357.94,17.76,True,Active,shazia,None,Normal,5: Lying down (controlled)
1789153306.3670573,6421,Person C,1023.7,3196.5,160.0,3356.04,17.77,True,Active,shazia,None,Normal,5: Lying down (controlled)
1789153306.460782,6422,Person C,1023.6,3197.0,80.0,3356.04,17.77,True,Active,shazia,None,Normal,5: Lying down (controlled)
1789153306.5583224,6423,Person C,1023.8,3197.5,80.0,3357.6,17.79,True,Active,shazia,None,Normal,5: Lying down (controlled)
1789153306.6520858,6424,Person C,1024.2,3197.5,160.0,3356.0,17.82,True,Active,shazia,None,Normal,5: Lying down (controlled)
1789153306.730206,6425,Person C,1024.8,3197.3,80.0,3357.57,17.85,True,Active,shazia,None,Normal,5: Lying down (controlled)
1789153306.8083062,6426,Person C,1025.7,3197.3,80.0,3360.39,17.88,True,Active,shazia,None,Normal,5: Lying down (controlled)
1789153306.9176745,6427,Person C,1026.5,3197.1,160.0,3360.39,17.88,True,Active,shazia,None,Normal,5: Lying down (controlled)
1789153306.9957922,6428,Person C,1027.2,3196.9,80.0,3359.13,17.87,True,Active,shazia,None,Normal,5: Lying down (controlled)
1789153307.0952072,6429,Person C,1028.0,3197.0,80.0,3361.04,17.86,True,Active,shazia,None,Normal,5: Lying down (controlled)
1789153307.1733456,6430,Person C,1028.5,3197.1,160.0,3360.42,17.83,True,Active,shazia,None,Normal,5: Lying down (controlled)
1789153307.2670898,6431,Person C,1028.8,3197.6,80.0,3361.72,17.79,True,Active,shazia,None,Normal,5: Lying down (controlled)
1789153307.3497267,6432,Person C,1028.9,3198.1,80.0,3361.1,17.76,True,Active,shazia,None,Normal,5: Lying down (controlled)
1789153307.4378774,6433,Person C,1028.7,3198.4,160.0,3359.85,17.74,True,Active,shazia,None,Normal,5: Lying down (controlled)
1789153307.554625,6434,Person C,1028.3,3198.9,80.0,3359.54,17.73,True,Active,shazia,None,Normal,5: Lying down (controlled)
1789153307.632744,6435,Person C,1027.8,3199.3,160.0,3359.85,17.74,True,Active,shazia,None,Normal,5: Lying down (controlled)
1789153307.695221,6436,Person C,1026.9,3199.3,160.0,3357.64,17.74,True,Active,shazia,None,Normal,5: Lying down (controlled)
