timestamp,sequence_id,target_id,x_mm,y_mm,speed_mms,distance_mm,angle_deg,valid,status,volunteer_id,fall_subtype,pace_variant,action_label
1789150865.2522628,3033,Person B,998.3,3114.3,560.0,3264.95,17.78,True,Active,shazia,None,Normal,5: Lying down (controlled)
1789150865.3514745,3034,Person B,997.4,3113.3,160.0,3264.64,17.76,True,Active,shazia,None,Normal,5: Lying down (controlled)
1789150865.411183,3035,Person B,997.0,3112.1,160.0,3264.34,17.75,True,Active,shazia,None,Normal,5: Lying down (controlled)
1789150865.4893072,3036,Person B,997.2,3110.9,0.0,3265.25,17.8,True,Active,shazia,None,Normal,5: Lying down (controlled)
1789150865.583055,3037,Person B,997.7,3110.0,160.0,3265.87,17.83,True,Active,shazia,None,Normal,5: Lying down (controlled)
1789150865.676794,3038,Person B,998.1,3109.2,-80.0,3264.58,17.87,True,Active,shazia,None,Normal,5: Lying down (controlled)
1789150865.768037,3039,Person B,998.3,3108.7,80.0,3265.53,17.87,True,Active,shazia,None,Normal,5: Lying down (controlled)
1789150865.8525167,3040,Person B,998.7,3108.5,160.0,3266.48,17.86,True,Active,shazia,None,Normal,5: Lying down (controlled)
1789150865.9355156,3041,Person B,999.3,3108.6,320.0,3268.04,17.89,True,Active,shazia,None,Normal,5: Lying down (controlled)
1789150866.053225,3042,Person B,1000.3,3109.0,160.0,3269.92,17.94,True,Active,shazia,None,Normal,5: Lying down (controlled)
1789150866.152097,3043,Person B,1001.4,3109.2,160.0,3270.23,17.95,True,Active,shazia,None,Normal,5: Lying down (controlled)
1789150866.2351928,3044,Person B,1002.7,3109.9,560.0,3275.29,17.94,True,Active,shazia,None,Normal,5: Lying down (controlled)
1789150866.3188047,3045,Person B,1003.8,3110.8,-80.0,3276.27,17.88,True,Active,shazia,None,Normal,5: Lying down (controlled)
1789150866.3855307,3046,Person B,1004.6,3111.8,160.0,3277.22,17.88,True,Active,shazia,None,Normal,5: Lying down (controlled)
1789150866.5033717,3047,Person B,1005.5,3112.6,0.0,3276.24,17.94,True,Active,shazia,None,Normal,5: Lying down (controlled)
1789150866.6189566,3048,Person B,1006.7,3113.4,320.0,3275.88,18.03,True,Active,shazia,None,Normal,5: Lying down (controlled)
1789150866.6871045,3049,Person B,1007.9,3114.0,160.0,3274.93,18.04,True,Active,shazia,None,Normal,5: Lying down (controlled)
1789150866.76901,3050,Person B,1008.7,3114.3,-80.0,3271.8,17.98,True,Active,shazia,None,Normal,5: Lying down (controlled)
1789150866.8513234,3051,Person B,1009.1,3114.2,160.0,3268.32,17.96,True,Active,shazia,None,Normal,5: Lying down (controlled)
1789150866.938139,3052,Person B,1009.0,3113.9,240.0,3266.76,17.94,True,Active,shazia,None,Normal,5: Lying down (controlled)
1789150867.0024147,3053,Person B,1008.7,3113.8,560.0,3268.35,17.91,True,Active,shazia,None,Normal,5: Lying down (controlled)
1789150867.0857904,3054,Person B,1008.2,3113.3,160.0,3269.0,17.89,True,Active,shazia,None,Normal,5: Lying down (controlled)
1789150867.1699958,3055,Person B,1007.9,3112.8,160.0,3270.59,17.86,True,Active,shazia,None,Normal,5: Lying down (controlled)
1789150867.2449808,3056,Person B,1007.3,3112.1,-80.0,3268.72,17.81,True,Active,shazia,None,Normal,5: Lying down (controlled)
1789150867.3089514,3057,Person B,1006.0,3111.7,240.0,3268.45,17.74,True,Active,shazia,None,Normal,5: Lying down (controlled)
1789150867.3870685,3058,Person B,1004.0,3111.4,-80.0,3266.89,17.71,True,Active,shazia,None,Normal,5: Lying down (controlled)
1789150867.4748602,3059,Person B,1001.7,3111.1,-80.0,3265.03,17.67,True,Active,shazia,None,Normal,5: Lying down (controlled)
1789150867.5529785,3060,Person B,999.8,3111.0,160.0,3265.03,17.67,True,Active,shazia,None,Normal,5: Lying down (controlled)
1789150867.6310995,3061,Person B,998.4,3111.1,640.0,3264.99,17.72,True,Active,shazia,None,Normal,5: Lying down (controlled)
1789150867.7248254,3062,Person B,997.7,3111.1,160.0,3264.61,17.82,True,Active,shazia,None,Normal,5: Lying down (controlled)
1789150867.7873173,3063,Person B,997.4,3110.8,160.0,3264.58,17.87,True,Active,shazia,None,Normal,5: Lying down (controlled)
1789150867.8810809,3064,Person B,996.7,3110.9,160.0,3267.81,17.76,True,Active,shazia,None,Normal,5: Lying down (controlled)
1789150867.9561124,3065,Person B,995.7,3111.4,80.0,3272.3,17.67,True,Active,shazia,None,Normal,5: Lying down (controlled)
1789150868.0186317,3066,Person B,994.8,3112.2,160.0,3273.6,17.62,True,Active,shazia,None,Normal,5: Lying down (controlled)
1789150868.0893204,3067,Person B,994.7,3112.9,0.0,3274.82,17.69,True,Active,shazia,None,Normal,5: Lying down (controlled)
1789150868.1986885,3068,Person B,995.1,3113.7,320.0,3275.73,17.74,True,Active,shazia,None,Normal,5: Lying down (controlled)
1789150868.2612052,3069,Person B,995.9,3114.5,160.0,3275.08,17.76,True,Active,shazia,None,Normal,5: Lying down (controlled)
1789150868.339324,3070,Person B,997.0,3115.0,-80.0,3273.14,17.83,True,Active,shazia,None,Normal,5: Lying down (controlled)
1789150868.419122,3071,Person B,998.2,3115.4,160.0,3272.47,17.9,True,Active,shazia,None,Normal,5: Lying down (controlled)
1789150868.4964619,3072,Person B,999.0,3115.8,240.0,3270.87,17.93,True,Active,shazia,None,Normal,5: Lying down (controlled)
1789150868.5902054,3073,Person B,999.6,3116.5,560.0,3273.08,17.94,True,Active,shazia,None,Normal,5: Lying down (controlled)
1789150868.6683455,3074,Person B,1000.7,3116.9,160.0,3274.98,17.93,True,Active,shazia,None,Normal,5: Lying down (controlled)
1789150868.7464643,3075,Person B,1001.8,3117.0,160.0,3276.61,17.84,True,Active,shazia,None,Normal,5: Lying down (controlled)
1789150868.8089597,3076,Person B,1002.9,3117.1,-80.0,3277.9,17.8,True,Active,shazia,None,Normal,5: Lying down (controlled)
1789150868.9183273,3077,Person B,1003.6,3117.3,160.0,3278.85,17.79,True,Active,shazia,None,Normal,5: Lying down (controlled)
1789150868.9964392,3078,Person B,1004.0,3117.3,-80.0,3276.95,17.8,True,Active,shazia,None,Normal,5: Lying down (controlled)
1789150869.0745614,3079,Person B,1004.0,3117.3,-80.0,3275.08,17.76,True,Active,shazia,None,Normal,5: Lying down (controlled)
1789150869.1526775,3080,Person B,1003.5,3117.5,160.0,3273.52,17.73,True,Active,shazia,None,Normal,5: Lying down (controlled)
1789150869.2308173,3081,Person B,1002.6,3117.8,-80.0,3272.57,17.74,True,Active,shazia,None,Normal,5: Lying down (controlled)
1789150869.3401647,3082,Person B,1001.7,3118.2,160.0,3271.92,17.76,True,Active,shazia,None,Normal,5: Lying down (controlled)
1789150869.4495347,3083,Person B,1000.4,3118.6,160.0,3272.91,17.7,True,Active,shazia,None,Normal,5: Lying down (controlled)
1789150869.5813103,3084,Person B,999.2,3119.3,560.0,3277.98,17.69,True,Active,shazia,None,Normal,5: Lying down (controlled)
1789150869.6438258,3085,Person B,998.5,3119.9,160.0,3280.19,17.69,True,Active,shazia,None,Normal,5: Lying down (controlled)
1789150869.7063,3086,Person B,998.2,3120.4,160.0,3281.75,17.72,True,Active,shazia,None,Normal,5: Lying down (controlled)
1789150869.8156748,3087,Person B,997.7,3120.8,-80.0,3281.14,17.69,True,Active,shazia,None,Normal,5: Lying down (controlled)
1789150869.8937871,3088,Person B,997.0,3121.5,320.0,3281.49,17.65,True,Active,shazia,None,Normal,5: Lying down (controlled)
1789150869.9562821,3089,Person B,996.8,3122.2,-80.0,3281.14,17.69,True,Active,shazia,None,Normal,5: Lying down (controlled)
1789150870.0394092,3090,Person B,997.2,3122.9,320.0,3281.41,17.76,True,Active,shazia,None,Normal,5: Lying down (controlled)
1789150870.1175292,3091,Person B,997.9,3123.6,160.0,3281.37,17.82,True,Active,shazia,None,Normal,5: Lying down (controlled)
1789150870.226876,3092,Person B,998.6,3124.3,320.0,3280.72,17.84,True,Active,shazia,None,Normal,5: Lying down (controlled)
1789150870.3049984,3093,Person B,999.9,3124.6,160.0,3279.74,17.9,True,Active,shazia,None,Normal,5: Lying down (controlled)
1789150870.3831155,3094,Person B,1001.2,3124.3,240.0,3279.1,17.92,True,Active,shazia,None,Normal,5: Lying down (controlled)
1789150870.445613,3095,Person B,1002.4,3124.1,560.0,3281.95,17.9,True,Active,shazia,None,Normal,5: Lying down (controlled)
1789150870.5742812,3096,Person B,1003.9,3123.9,80.0,3284.44,17.98,True,Active,shazia,None,Normal,5: Lying down (controlled)
1789150870.6523998,3097,Person B,1005.7,3123.7,160.0,3284.75,18.0,True,Active,shazia,None,Normal,5: Lying down (controlled)
1789150870.746141,3098,Person B,1007.5,3123.3,-80.0,3283.18,17.97,True,Active,shazia,None,Normal,5: Lying down (controlled)
1789150870.8242798,3099,Person B,1009.0,3122.9,320.0,3281.92,17.96,True,Active,shazia,None,Normal,5: Lying down (controlled)
1789150870.9023993,3100,Person B,1010.0,3122.6,160.0,3281.62,17.94,True,Active,shazia,None,Normal,5: Lying down (controlled)
1789150870.9851775,3101,Person B,1010.7,3122.3,-80.0,3280.66,17.95,True,Active,shazia,None,Normal,5: Lying down (controlled)
1789150871.0789442,3102,Person B,1011.3,3121.9,160.0,3278.76,17.96,True,Active,shazia,None,Normal,5: Lying down (controlled)
1789150871.1726682,3103,Person B,1011.6,3121.5,-80.0,3276.86,17.97,True,Active,shazia,None,Normal,5: Lying down (controlled)
1789150871.2664316,3104,Person B,1012.2,3121.0,160.0,3276.19,18.05,True,Active,shazia,None,Normal,5: Lying down (controlled)
1789150871.328927,3105,Person B,1012.9,3120.2,160.0,3276.5,18.06,True,Active,shazia,None,Normal,5: Lying down (controlled)
1789150871.4226549,3106,Person B,1013.3,3119.7,560.0,3280.93,18.08,True,Active,shazia,None,Normal,5: Lying down (controlled)
1789150871.5066853,3107,Person B,1013.6,3119.4,-80.0,3282.83,18.07,True,Active,shazia,None,Normal,5: Lying down (controlled)
1789150871.5847895,3108,Person B,1014.0,3119.2,240.0,3282.52,18.05,True,Active,shazia,None,Normal,5: Lying down (controlled)
1789150871.6629066,3109,Person B,1014.5,3119.0,-80.0,3281.57,18.05,True,Active,shazia,None,Normal,5: Lying down (controlled)
1789150871.7410247,3110,Person B,1015.1,3118.8,320.0,3281.57,18.05,True,Active,shazia,None,Normal,5: Lying down (controlled)
1789150871.8191445,3111,Person B,1015.7,3118.6,160.0,3280.62,18.06,True,Active,shazia,None,Normal,5: Lying down (controlled)
1789150871.9285126,3112,Person B,1015.9,3118.3,-80.0,3276.53,18.01,True,Active,shazia,None,Normal,5: Lying down (controlled)
1789150872.012342,3113,Person B,1015.8,3117.9,160.0,3272.75,17.98,True,Active,shazia,None,Normal,5: Lying down (controlled)
1789150872.0904598,3114,Person B,1015.0,3117.6,240.0,3270.87,17.93,True,Active,shazia,None,Normal,5: Lying down (controlled)
1789150872.2310936,3115,Person B,1014.1,3117.3,560.0,3270.87,17.93,True,Active,shazia,None,Normal,5: Lying down (controlled)
1789150872.3091946,3116,Person B,1013.0,3116.8,160.0,3272.77,17.92,True,Active,shazia,None,Normal,5: Lying down (controlled)
1789150872.387314,3117,Person B,1011.6,3116.5,160.0,3275.66,17.85,True,Active,shazia,None,Normal,5: Lying down (controlled)
1789150872.4810762,3118,Person B,1009.8,3116.6,-80.0,3277.94,17.74,True,Active,shazia,None,Normal,5: Lying down (controlled)
1789150872.56501,3119,Person B,1007.8,3116.9,160.0,3278.28,17.71,True,Active,shazia,None,Normal,5: Lying down (controlled)
1789150872.64311,3120,Person B,1005.4,3117.2,-80.0,3277.07,17.64,True,Active,shazia,None,Normal,5: Lying down (controlled)
1789150872.72123,3121,Person B,1002.4,3117.6,-80.0,3275.26,17.54,True,Active,shazia,None,Normal,5: Lying down (controlled)
1789150872.7993531,3122,Person B,999.4,3118.3,160.0,3274.05,17.47,True,Active,shazia,None,Normal,5: Lying down (controlled)
1789150872.9087174,3123,Person B,996.6,3119.2,-80.0,3272.8,17.46,True,Active,shazia,None,Normal,5: Lying down (controlled)
1789150872.9868364,3124,Person B,994.4,3120.0,160.0,3271.79,17.52,True,Active,shazia,None,Normal,5: Lying down (controlled)
1789150873.0686438,3125,Person B,992.2,3120.7,240.0,3270.84,17.53,True,Active,shazia,None,Normal,5: Lying down (controlled)
1789150873.1623874,3126,Person B,990.2,3121.4,240.0,3273.35,17.55,True,Active,shazia,None,Normal,5: Lying down (controlled)
1789150873.256131,3127,Person B,988.7,3121.9,160.0,3275.86,17.57,True,Active,shazia,None,Normal,5: Lying down (controlled)
1789150873.3498733,3128,Person B,988.0,3122.6,560.0,3282.48,17.59,True,Active,shazia,None,Normal,5: Lying down (controlled)
1789150873.4280128,3129,Person B,988.0,3123.5,320.0,3286.86,17.66,True,Active,shazia,None,Normal,5: Lying down (controlled)
1789150873.526234,3130,Person B,988.7,3124.4,160.0,3287.77,17.71,True,Active,shazia,None,Normal,5: Lying down (controlled)
1789150873.60435,3131,Person B,989.9,3125.0,-80.0,3284.61,17.71,True,Active,shazia,None,Normal,5: Lying down (controlled)
1789150873.713717,3132,Person B,991.6,3125.3,320.0,3282.05,17.74,True,Active,shazia,None,Normal,5: Lying down (controlled)
1789150873.8074443,3133,Person B,993.3,3125.4,160.0,3278.89,17.74,True,Active,shazia,None,Normal,5: Lying down (controlled)
1789150873.8699405,3134,Person B,994.6,3125.8,80.0,3279.54,17.72,True,Active,shazia,None,Normal,5: Lying down (controlled)
1789150873.9949286,3135,Person B,995.8,3126.2,-80.0,3278.28,17.71,True,Active,shazia,None,Normal,5: Lying down (controlled)
1789150874.073048,3136,Person B,996.5,3126.5,160.0,3278.32,17.65,True,Active,shazia,None,Normal,5: Lying down (controlled)
1789150874.1667922,3137,Person B,996.5,3126.8,-80.0,3278.72,17.56,True,Active,shazia,None,Normal,5: Lying down (controlled)
1789150874.2761781,3138,Person B,995.9,3126.6,480.0,3278.77,17.5,True,Active,shazia,None,Normal,5: Lying down (controlled)
1789150874.3542979,3139,Person B,994.5,3126.1,240.0,3277.87,17.45,True,Active,shazia,None,Normal,5: Lying down (controlled)
1789150874.4167933,3140,Person B,992.7,3125.4,-80.0,3275.66,17.44,True,Active,shazia,None,Normal,5: Lying down (controlled)
1789150874.5146291,3141,Person B,990.8,3124.9,240.0,3274.11,17.42,True,Active,shazia,None,Normal,5: Lying down (controlled)
1789150874.5964499,3142,Person B,988.8,3124.4,-80.0,3271.24,17.43,True,Active,shazia,None,Normal,5: Lying down (controlled)
1789150874.705838,3143,Person B,987.2,3124.1,320.0,3271.19,17.49,True,Active,shazia,None,Normal,5: Lying down (controlled)
1789150874.7683332,3144,Person B,985.9,3123.6,160.0,3270.84,17.53,True,Active,shazia,None,Normal,5: Lying down (controlled)
1789150874.8776865,3145,Person B,984.7,3123.1,80.0,3269.89,17.53,True,Active,shazia,None,Normal,5: Lying down (controlled)
1789150874.9401798,3146,Person B,983.8,3122.4,-80.0,3268.93,17.54,True,Active,shazia,None,Normal,5: Lying down (controlled)
1789150875.0401127,3147,Person B,983.2,3121.6,160.0,3269.28,17.5,True,Active,shazia,None,Normal,5: Lying down (controlled)
1789150875.149478,3148,Person B,982.9,3120.5,-80.0,3267.38,17.51,True,Active,shazia,None,Normal,5: Lying down (controlled)
1789150875.2275972,3149,Person B,983.1,3119.2,80.0,3266.07,17.55,True,Active,shazia,None,Normal,5: Lying down (controlled)
1789150875.3057168,3150,Person B,983.5,3118.0,240.0,3265.42,17.57,True,Active,shazia,None,Normal,5: Lying down (controlled)
1789150875.3838406,3151,Person B,984.4,3116.8,-80.0,3265.37,17.63,True,Active,shazia,None,Normal,5: Lying down (controlled)
1789150875.5088272,3152,Person B,985.4,3115.9,240.0,3265.68,17.65,True,Active,shazia,None,Normal,5: Lying down (controlled)
1789150875.593228,3153,Person B,985.8,3115.1,-80.0,3264.77,17.6,True,Active,shazia,None,Normal,5: Lying down (controlled)
1789150875.6713645,3154,Person B,986.0,3114.6,320.0,3266.67,17.59,True,Active,shazia,None,Normal,5: Lying down (controlled)
1789150875.7494833,3155,Person B,986.4,3114.2,160.0,3267.28,17.62,True,Active,shazia,None,Normal,5: Lying down (controlled)
1789150875.827603,3156,Person B,986.6,3114.0,240.0,3267.63,17.58,True,Active,shazia,None,Normal,5: Lying down (controlled)
1789150875.92133,3157,Person B,987.2,3113.7,160.0,3268.23,17.61,True,Active,shazia,None,Normal,5: Lying down (controlled)
1789150876.0150733,3158,Person B,987.9,3113.7,160.0,3269.49,17.63,True,Active,shazia,None,Normal,5: Lying down (controlled)
1789150876.0990627,3159,Person B,988.7,3114.4,560.0,3275.16,17.65,True,Active,shazia,None,Normal,5: Lying down (controlled)
1789150876.1771817,3160,Person B,989.8,3115.5,-80.0,3279.24,17.7,True,Active,shazia,None,Normal,5: Lying down (controlled)
1789150876.2709258,3161,Person B,990.9,3116.8,160.0,3281.1,17.74,True,Active,shazia,None,Normal,5: Lying down (controlled)
1789150876.3802767,3162,Person B,991.9,3118.1,-80.0,3281.1,17.74,True,Active,shazia,None,Normal,5: Lying down (controlled)
1789150876.4740174,3163,Person B,993.4,3119.3,320.0,3280.76,17.78,True,Active,shazia,None,Normal,5: Lying down (controlled)
1789150876.5401928,3164,Person B,995.0,3120.2,160.0,3280.11,17.81,True,Active,shazia,None,Normal,5: Lying down (controlled)
1789150876.6339598,3165,Person B,996.4,3121.0,-80.0,3279.16,17.81,True,Active,shazia,None,Normal,5: Lying down (controlled)
1789150876.74333,3166,Person B,998.2,3121.6,160.0,3278.82,17.85,True,Active,shazia,None,Normal,5: Lying down (controlled)
1789150876.8370697,3167,Person B,999.7,3122.1,240.0,3277.56,17.84,True,Active,shazia,None,Normal,5: Lying down (controlled)
1789150876.9307945,3168,Person B,1001.2,3122.6,560.0,3278.82,17.85,True,Active,shazia,None,Normal,5: Lying down (controlled)
1789150877.0089333,3169,Person B,1002.5,3122.7,160.0,3280.08,17.86,True,Active,shazia,None,Normal,5: Lying down (controlled)
1789150877.0934758,3170,Person B,1003.7,3122.9,560.0,3284.81,17.89,True,Active,shazia,None,Normal,5: Lying down (controlled)
1789150877.171579,3171,Person B,1004.6,3123.2,-80.0,3286.71,17.88,True,Active,shazia,None,Normal,5: Lying down (controlled)
1789150877.2809627,3172,Person B,1005.5,3123.5,160.0,3286.71,17.88,True,Active,shazia,None,Normal,5: Lying down (controlled)
1789150877.3903098,3173,Person B,1006.5,3123.7,-80.0,3285.73,17.94,True,Active,shazia,None,Normal,5: Lying down (controlled)
1789150877.4684498,3174,Person B,1007.9,3123.9,320.0,3286.32,18.03,True,Active,shazia,None,Normal,5: Lying down (controlled)
1789150877.5309458,3175,Person B,1009.6,3124.1,160.0,3286.3,18.08,True,Active,shazia,None,Normal,5: Lying down (controlled)
1789150877.6143613,3176,Person B,1011.5,3124.4,320.0,3287.54,18.15,True,Active,shazia,None,Normal,5: Lying down (controlled)
1789150877.7237291,3177,Person B,1013.9,3124.7,160.0,3287.84,18.22,True,Active,shazia,None,Normal,5: Lying down (controlled)
1789150877.8018475,3178,Person B,1016.2,3124.9,240.0,3287.84,18.22,True,Active,shazia,None,Normal,5: Lying down (controlled)
1789150877.879987,3179,Person B,1018.4,3125.3,560.0,3290.69,18.2,True,Active,shazia,None,Normal,5: Lying down (controlled)
1789150877.9581065,3180,Person B,1020.2,3125.3,160.0,3290.38,18.19,True,Active,shazia,None,Normal,5: Lying down (controlled)
1789150878.0554385,3181,Person B,1021.7,3125.2,160.0,3290.4,18.13,True,Active,shazia,None,Normal,5: Lying down (controlled)
1789150878.1492057,3182,Person B,1023.1,3125.2,80.0,3291.04,18.11,True,Active,shazia,None,Normal,5: Lying down (controlled)
1789150878.2429326,3183,Person B,1024.2,3125.4,160.0,3291.04,18.11,True,Active,shazia,None,Normal,5: Lying down (controlled)
1789150878.3210685,3184,Person B,1024.8,3125.8,80.0,3291.99,18.1,True,Active,shazia,None,Normal,5: Lying down (controlled)
1789150878.4148118,3185,Person B,1025.4,3126.4,320.0,3293.87,18.15,True,Active,shazia,None,Normal,5: Lying down (controlled)
1789150878.4929123,3186,Person B,1025.6,3127.0,160.0,3293.87,18.15,True,Active,shazia,None,Normal,5: Lying down (controlled)
1789150878.5931535,3187,Person B,1025.1,3127.5,-80.0,3291.04,18.11,True,Active,shazia,None,Normal,5: Lying down (controlled)
1789150878.6868942,3188,Person B,1024.6,3127.8,160.0,3289.13,18.12,True,Active,shazia,None,Normal,5: Lying down (controlled)
1789150878.7650135,3189,Person B,1023.8,3127.7,240.0,3287.25,18.08,True,Active,shazia,None,Normal,5: Lying down (controlled)
1789150878.8431516,3190,Person B,1022.9,3127.9,560.0,3289.48,18.03,True,Active,shazia,None,Normal,5: Lying down (controlled)
1789150878.9681437,3191,Person B,1022.0,3128.2,240.0,3290.46,17.97,True,Active,shazia,None,Normal,5: Lying down (controlled)
1789150879.030623,3192,Person B,1021.0,3128.5,240.0,3290.79,17.93,True,Active,shazia,None,Normal,5: Lying down (controlled)
1789150879.1307359,3193,Person B,1020.1,3128.9,80.0,3292.05,17.94,True,Active,shazia,None,Normal,5: Lying down (controlled)
1789150879.2088587,3194,Person B,1019.2,3129.3,240.0,3293.01,17.93,True,Active,shazia,None,Normal,5: Lying down (controlled)
1789150879.3043807,3195,Person B,1017.9,3129.4,-80.0,3290.79,17.93,True,Active,shazia,None,Normal,5: Lying down (controlled)
1789150879.3833444,3196,Person B,1016.7,3129.2,320.0,3288.25,17.96,True,Active,shazia,None,Normal,5: Lying down (controlled)
1789150879.4770677,3197,Person B,1015.7,3129.0,160.0,3286.04,17.96,True,Active,shazia,None,Normal,5: Lying down (controlled)
1789150879.5687842,3198,Person B,1014.2,3128.7,-80.0,3281.64,17.89,True,Active,shazia,None,Normal,5: Lying down (controlled)
1789150879.6519356,3199,Person B,1012.7,3128.1,160.0,3276.92,17.86,True,Active,shazia,None,Normal,5: Lying down (controlled)
1789150879.7456794,3200,Person B,1011.0,3127.0,240.0,3273.79,17.8,True,Active,shazia,None,Normal,5: Lying down (controlled)
1789150879.8394234,3201,Person B,1009.6,3125.6,-80.0,3272.84,17.81,True,Active,shazia,None,Normal,5: Lying down (controlled)
1789150879.9175258,3202,Person B,1008.3,3124.0,160.0,3271.58,17.8,True,Active,shazia,None,Normal,5: Lying down (controlled)
1789150880.0268896,3203,Person B,1007.0,3122.2,240.0,3270.93,17.82,True,Active,shazia,None,Normal,5: Lying down (controlled)
1789150880.108791,3204,Person B,1005.4,3120.3,-80.0,3270.02,17.77,True,Active,shazia,None,Normal,5: Lying down (controlled)
1789150880.1869266,3205,Person B,1003.7,3118.6,240.0,3269.41,17.74,True,Active,shazia,None,Normal,5: Lying down (controlled)
1789150880.2806695,3206,Person B,1002.1,3116.8,-80.0,3266.21,17.79,True,Active,shazia,None,Normal,5: Lying down (controlled)
1789150880.374397,3207,Person B,1001.0,3114.9,320.0,3264.58,17.87,True,Active,shazia,None,Normal,5: Lying down (controlled)
1789150880.4681394,3208,Person B,1000.7,3113.2,160.0,3264.55,17.93,True,Active,shazia,None,Normal,5: Lying down (controlled)
1789150880.5462759,3209,Person B,1000.4,3111.8,-80.0,3262.67,17.89,True,Active,shazia,None,Normal,5: Lying down (controlled)
1789150880.6281712,3210,Person B,1000.7,3110.4,160.0,3261.38,17.93,True,Active,shazia,None,Normal,5: Lying down (controlled)
1789150880.7219338,3211,Person B,1000.8,3109.1,240.0,3260.77,17.9,True,Active,shazia,None,Normal,5: Lying down (controlled)
1789150880.8312845,3212,Person B,1000.9,3108.4,560.0,3265.22,17.85,True,Active,shazia,None,Normal,5: Lying down (controlled)
1789150880.925031,3213,Person B,1001.1,3108.2,480.0,3269.64,17.86,True,Active,shazia,None,Normal,5: Lying down (controlled)
1789150881.0031648,3214,Person B,1001.6,3108.3,160.0,3272.5,17.85,True,Active,shazia,None,Normal,5: Lying down (controlled)
1789150881.0812645,3215,Person B,1002.3,3108.3,-80.0,3271.54,17.85,True,Active,shazia,None,Normal,5: Lying down (controlled)
1789150881.175028,3216,Person B,1002.8,3108.5,160.0,3269.64,17.86,True,Active,shazia,None,Normal,5: Lying down (controlled)
1789150881.2687523,3217,Person B,1002.8,3108.8,-80.0,3267.43,17.86,True,Active,shazia,None,Normal,5: Lying down (controlled)
1789150881.3624945,3218,Person B,1002.5,3109.2,560.0,3267.43,17.86,True,Active,shazia,None,Normal,5: Lying down (controlled)
1789150881.440635,3219,Person B,1002.5,3109.6,160.0,3266.48,17.86,True,Active,shazia,None,Normal,5: Lying down (controlled)
1789150881.5187542,3220,Person B,1002.3,3110.2,240.0,3266.48,17.86,True,Active,shazia,None,Normal,5: Lying down (controlled)
1789150881.6562438,3221,Person B,1002.6,3110.6,160.0,3265.5,17.92,True,Active,shazia,None,Normal,5: Lying down (controlled)
1789150881.734383,3222,Person B,1003.0,3110.5,240.0,3265.5,17.92,True,Active,shazia,None,Normal,5: Lying down (controlled)
1789150881.8124824,3223,Person B,1003.4,3110.5,560.0,3270.87,17.93,True,Active,shazia,None,Normal,5: Lying down (controlled)
1789150881.9062455,3224,Person B,1004.0,3110.4,80.0,3273.39,17.95,True,Active,shazia,None,Normal,5: Lying down (controlled)
1789150881.9843457,3225,Person B,1004.7,3110.5,240.0,3274.65,17.96,True,Active,shazia,None,Normal,5: Lying down (controlled)
1789150882.0624843,3226,Person B,1005.1,3110.7,0.0,3272.77,17.92,True,Active,shazia,None,Normal,5: Lying down (controlled)
1789150882.1612835,3227,Person B,1005.4,3111.1,320.0,3272.16,17.89,True,Active,shazia,None,Normal,5: Lying down (controlled)
1789150882.2706718,3228,Person B,1005.5,3111.3,-80.0,3269.64,17.86,True,Active,shazia,None,Normal,5: Lying down (controlled)
1789150882.3331666,3229,Person B,1005.1,3111.5,-80.0,3267.16,17.79,True,Active,shazia,None,Normal,5: Lying down (controlled)
1789150882.4112859,3230,Person B,1004.4,3111.5,160.0,3264.34,17.75,True,Active,shazia,None,Normal,5: Lying down (controlled)
1789150882.5050294,3231,Person B,1003.3,3111.6,240.0,3263.08,17.74,True,Active,shazia,None,Normal,5: Lying down (controlled)
1789150882.5987566,3232,Person B,1002.6,3111.6,160.0,3263.35,17.81,True,Active,shazia,None,Normal,5: Lying down (controlled)
1789150882.6877832,3233,Person B,1002.1,3111.1,160.0,3264.58,17.87,True,Active,shazia,None,Normal,5: Lying down (controlled)
1789150882.7815065,3234,Person B,1001.8,3110.9,560.0,3270.56,17.91,True,Active,shazia,None,Normal,5: Lying down (controlled)
1789150882.8596456,3235,Person B,1002.1,3110.9,80.0,3275.58,18.01,True,Active,shazia,None,Normal,5: Lying down (controlled)
1789150882.9533901,3236,Person B,1003.1,3111.1,160.0,3277.77,18.08,True,Active,shazia,None,Normal,5: Lying down (controlled)
1789150883.047116,3237,Person B,1003.9,3111.4,0.0,3277.48,18.0,True,Active,shazia,None,Normal,5: Lying down (controlled)
1789150883.1418781,3238,Person B,1004.7,3112.0,320.0,3277.81,17.97,True,Active,shazia,None,Normal,5: Lying down (controlled)
1789150883.2378378,3239,Person B,1005.8,3112.8,160.0,3278.15,17.93,True,Active,shazia,None,Normal,5: Lying down (controlled)
1789150883.3315802,3240,Person B,1006.7,3113.6,-80.0,3274.71,17.85,True,Active,shazia,None,Normal,5: Lying down (controlled)
1789150883.4096806,3241,Person B,1007.4,3114.4,160.0,3272.84,17.81,True,Active,shazia,None,Normal,5: Lying down (controlled)
1789150883.5034435,3242,Person B,1007.5,3115.2,240.0,3271.27,17.78,True,Active,shazia,None,Normal,5: Lying down (controlled)
1789150883.6113005,3243,Person B,1007.2,3116.2,560.0,3273.18,17.77,True,Active,shazia,None,Normal,5: Lying down (controlled)
1789150883.6771863,3244,Person B,1006.4,3116.9,160.0,3274.78,17.74,True,Active,shazia,None,Normal,5: Lying down (controlled)
1789150883.7553267,3245,Person B,1005.2,3117.8,560.0,3280.45,17.77,True,Active,shazia,None,Normal,5: Lying down (controlled)
1789150883.8490689,3246,Person B,1003.5,3119.0,-80.0,3283.96,17.73,True,Active,shazia,None,Normal,5: Lying down (controlled)
1789150883.949615,3247,Person B,1002.1,3120.2,160.0,3284.61,17.71,True,Active,shazia,None,Normal,5: Lying down (controlled)
1789150884.0589874,3248,Person B,1001.0,3121.1,-80.0,3283.01,17.73,True,Active,shazia,None,Normal,5: Lying down (controlled)
1789150884.134151,3249,Person B,1000.2,3121.8,320.0,3282.36,17.76,True,Active,shazia,None,Normal,5: Lying down (controlled)
1789150884.212274,3250,Person B,999.9,3122.7,160.0,3282.36,17.76,True,Active,shazia,None,Normal,5: Lying down (controlled)
1789150884.3997602,3251,Person B,1000.4,3123.5,320.0,3281.98,17.85,True,Active,shazia,None,Normal,5: Lying down (controlled)
1789150884.4935007,3252,Person B,1001.4,3124.2,160.0,3281.0,17.91,True,Active,shazia,None,Normal,5: Lying down (controlled)
1789150884.5716205,3253,Person B,1002.4,3124.6,240.0,3280.05,17.92,True,Active,shazia,None,Normal,5: Lying down (controlled)
1789150884.6534297,3254,Person B,1003.5,3125.1,560.0,3282.9,17.9,True,Active,shazia,None,Normal,5: Lying down (controlled)
1789150884.731549,3255,Person B,1004.0,3125.2,160.0,3282.93,17.84,True,Active,shazia,None,Normal,5: Lying down (controlled)
1789150884.8096695,3256,Person B,1004.6,3125.3,480.0,3286.74,17.82,True,Active,shazia,None,Normal,5: Lying down (controlled)
1789150884.887773,3257,Person B,1005.3,3125.4,80.0,3287.69,17.82,True,Active,shazia,None,Normal,5: Lying down (controlled)
1789150884.9971352,3258,Person B,1006.0,3125.5,160.0,3286.1,17.84,True,Active,shazia,None,Normal,5: Lying down (controlled)
1789150885.0596347,3259,Person B,1006.5,3125.6,-80.0,3284.84,17.83,True,Active,shazia,None,Normal,5: Lying down (controlled)
1789150885.1436434,3260,Person B,1007.0,3125.4,320.0,3281.98,17.85,True,Active,shazia,None,Normal,5: Lying down (controlled)
1789150885.2374063,3261,Person B,1006.9,3125.3,160.0,3280.72,17.84,True,Active,shazia,None,Normal,5: Lying down (controlled)
1789150885.3155093,3262,Person B,1006.5,3125.4,80.0,3280.72,17.84,True,Active,shazia,None,Normal,5: Lying down (controlled)
1789150885.409252,3263,Person B,1006.3,3125.3,160.0,3278.48,17.89,True,Active,shazia,None,Normal,5: Lying down (controlled)
1789150885.4873898,3264,Person B,1006.0,3124.8,240.0,3277.22,17.88,True,Active,shazia,None,Normal,5: Lying down (controlled)
1789150885.5498853,3265,Person B,1006.1,3124.0,-80.0,3275.63,17.9,True,Active,shazia,None,Normal,5: Lying down (controlled)
1789150885.6436095,3266,Person B,1006.2,3122.7,160.0,3274.68,17.91,True,Active,shazia,None,Normal,5: Lying down (controlled)
1789150885.7061057,3267,Person B,1006.3,3121.1,240.0,3272.77,17.92,True,Active,shazia,None,Normal,5: Lying down (controlled)
1789150885.8154914,3268,Person B,1006.7,3119.4,320.0,3271.15,18.0,True,Active,shazia,None,Normal,5: Lying down (controlled)
1789150885.8992457,3269,Person B,1007.3,3117.5,240.0,3268.61,18.04,True,Active,shazia,None,Normal,5: Lying down (controlled)
1789150886.0242398,3270,Person B,1008.1,3115.7,-80.0,3267.33,18.08,True,Active,shazia,None,Normal,5: Lying down (controlled)
1789150886.1023617,3271,Person B,1009.4,3113.8,320.0,3266.67,18.16,True,Active,shazia,None,Normal,5: Lying down (controlled)
1789150886.1982093,3272,Person B,1010.7,3111.8,160.0,3265.72,18.16,True,Active,shazia,None,Normal,5: Lying down (controlled)
1789150886.2763295,3273,Person B,1011.4,3109.9,-80.0,3262.58,18.11,True,Active,shazia,None,Normal,5: Lying down (controlled)
1789150886.354446,3274,Person B,1012.1,3107.9,160.0,3260.36,18.1,True,Active,shazia,None,Normal,5: Lying down (controlled)
1789150886.4325686,3275,Person B,1012.5,3106.0,240.0,3258.79,18.07,True,Active,shazia,None,Normal,5: Lying down (controlled)
1789150886.5107043,3276,Person B,1012.8,3104.6,560.0,3262.29,18.04,True,Active,shazia,None,Normal,5: Lying down (controlled)
1789150886.620051,3277,Person B,1012.9,3103.6,240.0,3263.57,17.99,True,Active,shazia,None,Normal,5: Lying down (controlled)
1789150886.6880596,3278,Person B,1012.0,3103.2,160.0,3264.58,17.87,True,Active,shazia,None,Normal,5: Lying down (controlled)
1789150886.766195,3279,Person B,1010.4,3103.1,-80.0,3262.74,17.77,True,Active,shazia,None,Normal,5: Lying down (controlled)
1789150886.8599384,3280,Person B,1008.1,3103.2,240.0,3261.22,17.69,True,Active,shazia,None,Normal,5: Lying down (controlled)
1789150886.969287,3281,Person B,1005.0,3103.5,-80.0,3260.0,17.62,True,Active,shazia,None,Normal,5: Lying down (controlled)
1789150887.0474055,3282,Person B,1001.9,3103.8,320.0,3259.05,17.63,True,Active,shazia,None,Normal,5: Lying down (controlled)
1789150887.1469088,3283,Person B,999.4,3104.3,160.0,3259.66,17.66,True,Active,shazia,None,Normal,5: Lying down (controlled)
1789150887.2250328,3284,Person B,996.8,3105.0,-80.0,3259.05,17.63,True,Active,shazia,None,Normal,5: Lying down (controlled)
1789150887.3031712,3285,Person B,994.6,3105.7,160.0,3258.7,17.67,True,Active,shazia,None,Normal,5: Lying down (controlled)
1789150887.3968954,3286,Person B,992.5,3105.9,240.0,3257.75,17.67,True,Active,shazia,None,Normal,5: Lying down (controlled)
1789150887.5062823,3287,Person B,990.7,3106.2,560.0,3260.91,17.67,True,Active,shazia,None,Normal,5: Lying down (controlled)
1789150887.584386,3288,Person B,989.8,3106.2,160.0,3261.82,17.72,True,Active,shazia,None,Normal,5: Lying down (controlled)
1789150887.6625018,3289,Person B,989.9,3106.7,390.0,3267.81,17.76,True,Active,shazia,None,Normal,5: Lying down (controlled)
1789150887.7406218,3290,Person B,991.4,3107.6,80.0,3274.37,17.89,True,Active,shazia,None,Normal,5: Lying down (controlled)
1789150887.8499947,3291,Person B,993.8,3108.9,320.0,3279.71,17.95,True,Active,shazia,None,Normal,5: Lying down (controlled)
1789150887.9281092,3292,Person B,996.2,3110.1,-80.0,3277.81,17.97,True,Active,shazia,None,Normal,5: Lying down (controlled)
1789150888.0218513,3293,Person B,998.6,3111.0,320.0,3275.58,18.01,True,Active,shazia,None,Normal,5: Lying down (controlled)
1789150888.1156147,3294,Person B,1001.4,3111.6,160.0,3273.34,18.06,True,Active,shazia,None,Normal,5: Lying down (controlled)
1789150888.1864846,3295,Person B,1003.6,3112.0,-80.0,3269.25,18.01,True,Active,shazia,None,Normal,5: Lying down (controlled)
1789150888.2802458,3296,Person B,1005.6,3112.1,160.0,3264.83,18.0,True,Active,shazia,None,Normal,5: Lying down (controlled)
1789150888.3895934,3297,Person B,1007.1,3111.9,160.0,3263.59,17.94,True,Active,shazia,None,Normal,5: Lying down (controlled)
1789150888.467717,3298,Person B,1008.1,3112.3,560.0,3268.69,17.87,True,Active,shazia,None,Normal,5: Lying down (controlled)
1789150888.5614767,3299,Person B,1008.3,3112.6,-80.0,3271.27,17.78,True,Active,shazia,None,Normal,5: Lying down (controlled)
1789150888.6395774,3300,Person B,1007.4,3112.7,160.0,3272.57,17.74,True,Active,shazia,None,Normal,5: Lying down (controlled)
1789150888.7218955,3301,Person B,1005.7,3112.9,80.0,3276.42,17.66,True,Active,shazia,None,Normal,5: Lying down (controlled)
1789150888.8468866,3302,Person B,1003.7,3113.6,240.0,3278.37,17.59,True,Active,shazia,None,Normal,5: Lying down (controlled)
1789150888.9249911,3303,Person B,1001.3,3114.6,-80.0,3277.77,17.56,True,Active,shazia,None,Normal,5: Lying down (controlled)
1789150889.0031273,3304,Person B,998.8,3115.7,-80.0,3276.16,17.59,True,Active,shazia,None,Normal,5: Lying down (controlled)
1789150889.09687,3305,Person B,996.8,3116.8,160.0,3273.6,17.62,True,Active,shazia,None,Normal,5: Lying down (controlled)
1789150889.1794794,3306,Person B,994.9,3118.0,-80.0,3270.44,17.62,True,Active,shazia,None,Normal,5: Lying down (controlled)
1789150889.2732046,3307,Person B,993.7,3118.9,160.0,3268.49,17.69,True,Active,shazia,None,Normal,5: Lying down (controlled)
1789150889.3669505,3308,Person B,992.8,3119.1,160.0,3267.84,17.71,True,Active,shazia,None,Normal,5: Lying down (controlled)
1789150889.4606905,3309,Person B,992.5,3119.4,560.0,3273.22,17.72,True,Active,shazia,None,Normal,5: Lying down (controlled)
1789150889.5388303,3310,Person B,992.9,3119.8,80.0,3277.6,17.78,True,Active,shazia,None,Normal,5: Lying down (controlled)
1789150889.6697,3311,Person B,993.8,3119.8,160.0,3279.16,17.81,True,Active,shazia,None,Normal,5: Lying down (controlled)
1789150889.7634473,3312,Person B,994.9,3119.8,-80.0,3281.71,17.78,True,Active,shazia,None,Normal,5: Lying down (controlled)
1789150889.8571906,3313,Person B,996.1,3119.8,320.0,3281.41,17.76,True,Active,shazia,None,Normal,5: Lying down (controlled)
1789150889.935313,3314,Person B,997.1,3120.0,-80.0,3281.1,17.74,True,Active,shazia,None,Normal,5: Lying down (controlled)
1789150890.013449,3315,Person B,997.8,3120.5,-80.0,3280.49,17.71,True,Active,shazia,None,Normal,5: Lying down (controlled)
1789150890.0915692,3316,Person B,998.6,3121.1,160.0,3278.59,17.72,True,Active,shazia,None,Normal,5: Lying down (controlled)
1789150890.1852922,3317,Person B,999.1,3121.7,240.0,3275.73,17.74,True,Active,shazia,None,Normal,5: Lying down (controlled)
1789150890.263412,3318,Person B,999.6,3122.5,560.0,3276.99,17.75,True,Active,shazia,None,Normal,5: Lying down (controlled)
1789150890.341533,3319,Person B,999.8,3122.9,160.0,3277.63,17.73,True,Active,shazia,None,Normal,5: Lying down (controlled)
1789150890.4196718,3320,Person B,999.6,3123.5,560.0,3282.7,17.72,True,Active,shazia,None,Normal,5: Lying down (controlled)
1789150890.5133975,3321,Person B,999.0,3124.4,-80.0,3285.9,17.66,True,Active,shazia,None,Normal,5: Lying down (controlled)
1789150890.6071582,3322,Person B,998.4,3125.1,160.0,3286.55,17.64,True,Active,shazia,None,Normal,5: Lying down (controlled)
1789150890.6972978,3323,Person B,997.8,3125.6,-80.0,3284.35,17.64,True,Active,shazia,None,Normal,5: Lying down (controlled)
1789150890.775419,3324,Person B,997.4,3125.9,320.0,3282.74,17.66,True,Active,shazia,None,Normal,5: Lying down (controlled)
1789150890.8691778,3325,Person B,997.3,3126.0,160.0,3281.14,17.69,True,Active,shazia,None,Normal,5: Lying down (controlled)
1789150890.9472778,3326,Person B,997.1,3126.0,-80.0,3277.98,17.69,True,Active,shazia,None,Normal,5: Lying down (controlled)
1789150891.0566452,3327,Person B,997.0,3126.0,160.0,3275.43,17.72,True,Active,shazia,None,Normal,5: Lying down (controlled)
1789150891.1347654,3328,Person B,996.7,3126.0,160.0,3276.07,17.7,True,Active,shazia,None,Normal,5: Lying down (controlled)
1789150891.2320938,3329,Person B,996.6,3126.4,560.0,3281.14,17.69,True,Active,shazia,None,Normal,5: Lying down (controlled)
1789150891.3102138,3330,Person B,996.2,3126.6,240.0,3283.39,17.64,True,Active,shazia,None,Normal,5: Lying down (controlled)
1789150891.4039373,3331,Person B,996.1,3126.3,240.0,3282.74,17.66,True,Active,shazia,None,Normal,5: Lying down (controlled)
1789150891.4976845,3332,Person B,996.3,3125.7,-80.0,3281.44,17.71,True,Active,shazia,None,Normal,5: Lying down (controlled)
1789150891.607068,3333,Person B,996.6,3125.2,240.0,3280.49,17.71,True,Active,shazia,None,Normal,5: Lying down (controlled)
1789150891.6895568,3334,Person B,996.7,3124.6,-80.0,3277.33,17.71,True,Active,shazia,None,Normal,5: Lying down (controlled)
1789150891.753702,3335,Person B,996.9,3124.0,320.0,3276.03,17.75,True,Active,shazia,None,Normal,5: Lying down (controlled)
1789150891.847445,3336,Person B,997.3,3123.5,160.0,3274.43,17.78,True,Active,shazia,None,Normal,5: Lying down (controlled)
1789150891.9411886,3337,Person B,997.6,3123.2,320.0,3273.48,17.79,True,Active,shazia,None,Normal,5: Lying down (controlled)
1789150892.0505362,3338,Person B,998.2,3122.7,160.0,3273.14,17.83,True,Active,shazia,None,Normal,5: Lying down (controlled)
1789150892.1130357,3339,Person B,998.6,3121.7,160.0,3272.84,17.81,True,Active,shazia,None,Normal,5: Lying down (controlled)
1789150892.1947758,3340,Person B,998.6,3120.4,-80.0,3271.01,17.71,True,Active,shazia,None,Normal,5: Lying down (controlled)
1789150892.3353956,3341,Person B,997.9,3119.3,80.0,3270.14,17.6,True,Active,shazia,None,Normal,5: Lying down (controlled)
1789150892.4135149,3342,Person B,996.8,3118.4,240.0,3269.53,17.57,True,Active,shazia,None,Normal,5: Lying down (controlled)
1789150892.5072591,3343,Person B,995.9,3117.5,-80.0,3269.19,17.61,True,Active,shazia,None,Normal,5: Lying down (controlled)
1789150892.5853972,3344,Person B,995.2,3116.8,240.0,3268.54,17.63,True,Active,shazia,None,Normal,5: Lying down (controlled)
1789150892.6635172,3345,Person B,994.4,3116.2,-80.0,3267.89,17.65,True,Active,shazia,None,Normal,5: Lying down (controlled)
1789150892.7475011,3346,Person B,993.4,3115.6,-80.0,3265.68,17.65,True,Active,shazia,None,Normal,5: Lying down (controlled)
1789150892.841225,3347,Person B,992.4,3115.0,160.0,3264.72,17.65,True,Active,shazia,None,Normal,5: Lying down (controlled)
1789150892.9349692,3348,Person B,991.5,3114.5,320.0,3265.63,17.7,True,Active,shazia,None,Normal,5: Lying down (controlled)
1789150892.997468,3349,Person B,991.1,3113.9,160.0,3265.9,17.77,True,Active,shazia,None,Normal,5: Lying down (controlled)
1789150893.0912273,3350,Person B,991.5,3113.4,160.0,3267.46,17.8,True,Active,shazia,None,Normal,5: Lying down (controlled)
1789150893.1849554,3351,Person B,993.0,3113.3,560.0,3273.76,17.86,True,Active,shazia,None,Normal,5: Lying down (controlled)
1789150893.2845857,3352,Person B,995.0,3113.4,160.0,3276.58,17.9,True,Active,shazia,None,Normal,5: Lying down (controlled)
1789150893.3939373,3353,Person B,996.7,3113.7,160.0,3277.22,17.88,True,Active,shazia,None,Normal,5: Lying down (controlled)
1789150893.4564326,3354,Person B,998.3,3114.0,-80.0,3276.27,17.88,True,Active,shazia,None,Normal,5: Lying down (controlled)
1789150893.5345492,3355,Person B,999.8,3114.2,160.0,3274.37,17.89,True,Active,shazia,None,Normal,5: Lying down (controlled)
1789150893.6595626,3356,Person B,1001.1,3114.4,-80.0,3271.54,17.85,True,Active,shazia,None,Normal,5: Lying down (controlled)
1789150893.7376788,3357,Person B,1002.3,3114.4,320.0,3268.38,17.85,True,Active,shazia,None,Normal,5: Lying down (controlled)
1789150893.8314059,3358,Person B,1003.2,3114.3,160.0,3267.43,17.86,True,Active,shazia,None,Normal,5: Lying down (controlled)
1789150893.9095418,3359,Person B,1003.3,3114.0,-80.0,3263.35,17.81,True,Active,shazia,None,Normal,5: Lying down (controlled)
1789150893.9876623,3360,Person B,1003.0,3113.5,160.0,3261.79,17.78,True,Active,shazia,None,Normal,5: Lying down (controlled)
1789150894.0657804,3361,Person B,1002.0,3112.4,240.0,3260.22,17.75,True,Active,shazia,None,Normal,5: Lying down (controlled)
1789150894.1751485,3362,Person B,1000.7,3111.0,-80.0,3259.27,17.76,True,Active,shazia,None,Normal,5: Lying down (controlled)
1789150894.2651472,3363,Person B,999.4,3109.5,160.0,3258.97,17.74,True,Active,shazia,None,Normal,5: Lying down (controlled)
1789150894.3432872,3364,Person B,998.2,3108.0,240.0,3258.32,17.76,True,Active,shazia,None,Normal,5: Lying down (controlled)
1789150894.4214065,3365,Person B,996.9,3106.7,-80.0,3258.01,17.75,True,Active,shazia,None,Normal,5: Lying down (controlled)
1789150894.5151331,3366,Person B,995.7,3105.7,240.0,3258.36,17.71,True,Active,shazia,None,Normal,5: Lying down (controlled)
1789150894.6088767,3367,Person B,994.3,3105.0,-80.0,3257.45,17.66,True,Active,shazia,None,Normal,5: Lying down (controlled)
1789150894.7026198,3368,Person B,993.0,3104.5,320.0,3258.7,17.67,True,Active,shazia,None,Normal,5: Lying down (controlled)
1789150894.784981,3369,Person B,992.2,3104.3,160.0,3259.01,17.68,True,Active,shazia,None,Normal,5: Lying down (controlled)
1789150894.8943293,3370,Person B,991.4,3104.2,-80.0,3258.4,17.65,True,Active,shazia,None,Normal,5: Lying down (controlled)
1789150894.9724677,3371,Person B,990.7,3104.2,160.0,3258.1,17.63,True,Active,shazia,None,Normal,5: Lying down (controlled)
1789150895.0974596,3372,Person B,989.8,3104.2,240.0,3256.54,17.61,True,Active,shazia,None,Normal,5: Lying down (controlled)
1789150895.1755593,3373,Person B,989.3,3104.2,160.0,3257.45,17.66,True,Active,shazia,None,Normal,5: Lying down (controlled)
1789150895.2573268,3374,Person B,988.8,3104.3,160.0,3257.75,17.67,True,Active,shazia,None,Normal,5: Lying down (controlled)
1789150895.3198233,3375,Person B,988.7,3104.8,560.0,3262.47,17.7,True,Active,shazia,None,Normal,5: Lying down (controlled)
1789150895.4135473,3376,Person B,989.2,3105.7,560.0,3268.45,17.74,True,Active,shazia,None,Normal,5: Lying down (controlled)
1789150895.507291,3377,Person B,990.0,3106.8,240.0,3270.36,17.73,True,Active,shazia,None,Normal,5: Lying down (controlled)
1789150895.6166577,3378,Person B,990.5,3107.9,-80.0,3270.7,17.69,True,Active,shazia,None,Normal,5: Lying down (controlled)
1789150895.694797,3379,Person B,991.0,3108.8,320.0,3269.1,17.72,True,Active,shazia,None,Normal,5: Lying down (controlled)
1789150895.7609322,3380,Person B,991.7,3109.7,160.0,3269.1,17.72,True,Active,shazia,None,Normal,5: Lying down (controlled)
1789150895.854657,3381,Person B,992.3,3110.5,-80.0,3267.54,17.69,True,Active,shazia,None,Normal,5: Lying down (controlled)
1789150895.948403,3382,Person B,993.2,3111.3,160.0,3266.89,17.71,True,Active,shazia,None,Normal,5: Lying down (controlled)
1789150896.057767,3383,Person B,993.7,3112.1,240.0,3266.59,17.7,True,Active,shazia,None,Normal,5: Lying down (controlled)
1789150896.1358898,3384,Person B,994.3,3112.7,160.0,3265.29,17.74,True,Active,shazia,None,Normal,5: Lying down (controlled)
1789150896.1983826,3385,Person B,994.6,3112.9,160.0,3265.29,17.74,True,Active,shazia,None,Normal,5: Lying down (controlled)
1789150896.2958796,3386,Person B,994.6,3112.6,-80.0,3265.6,17.76,True,Active,shazia,None,Normal,5: Lying down (controlled)
1789150896.4052463,3387,Person B,994.8,3112.2,-80.0,3267.16,17.79,True,Active,shazia,None,Normal,5: Lying down (controlled)
1789150896.4989884,3388,Person B,995.3,3111.7,240.0,3267.46,17.8,True,Active,shazia,None,Normal,5: Lying down (controlled)
1789150896.5771081,3389,Person B,995.3,3111.5,0.0,3267.2,17.73,True,Active,shazia,None,Normal,5: Lying down (controlled)
1789150896.6552465,3390,Person B,995.2,3111.4,320.0,3267.84,17.71,True,Active,shazia,None,Normal,5: Lying down (controlled)
1789150896.7391717,3391,Person B,995.1,3111.4,-80.0,3267.24,17.68,True,Active,shazia,None,Normal,5: Lying down (controlled)
1789150896.8329203,3392,Person B,994.5,3111.4,-80.0,3265.07,17.61,True,Active,shazia,None,Normal,5: Lying down (controlled)
1789150896.9266622,3393,Person B,993.8,3111.2,160.0,3262.56,17.59,True,Active,shazia,None,Normal,5: Lying down (controlled)
1789150897.0048018,3394,Person B,992.8,3111.1,240.0,3261.3,17.58,True,Active,shazia,None,Normal,5: Lying down (controlled)
1789150897.098545,3395,Person B,992.2,3110.7,160.0,3259.66,17.66,True,Active,shazia,None,Normal,5: Lying down (controlled)
1789150897.223541,3396,Person B,991.7,3110.2,240.0,3259.31,17.7,True,Active,shazia,None,Normal,5: Lying down (controlled)
1789150897.301668,3397,Person B,991.2,3110.1,560.0,3264.68,17.71,True,Active,shazia,None,Normal,5: Lying down (controlled)
1789150897.4266572,3398,Person B,990.8,3110.6,560.0,3271.01,17.71,True,Active,shazia,None,Normal,5: Lying down (controlled)
1789150897.4891722,3399,Person B,990.9,3111.1,160.0,3272.26,17.72,True,Active,shazia,None,Normal,5: Lying down (controlled)
1789150897.5828955,3400,Person B,990.9,3111.3,-80.0,3269.75,17.7,True,Active,shazia,None,Normal,5: Lying down (controlled)
1789150897.6610339,3401,Person B,991.1,3111.3,320.0,3267.84,17.71,True,Active,shazia,None,Normal,5: Lying down (controlled)
1789150897.7584767,3402,Person B,991.7,3111.1,240.0,3264.99,17.72,True,Active,shazia,None,Normal,5: Lying down (controlled)
1789150897.8365798,3403,Person B,992.2,3111.1,80.0,3264.07,17.67,True,Active,shazia,None,Normal,5: Lying down (controlled)
1789150897.914716,3404,Person B,992.9,3111.0,160.0,3262.47,17.7,True,Active,shazia,None,Normal,5: Lying down (controlled)
1789150897.9928167,3405,Person B,992.8,3111.3,320.0,3262.21,17.63,True,Active,shazia,None,Normal,5: Lying down (controlled)
1789150898.0709362,3406,Person B,992.1,3111.5,-80.0,3259.1,17.57,True,Active,shazia,None,Normal,5: Lying down (controlled)
1789150898.1803064,3407,Person B,990.9,3111.1,160.0,3257.24,17.53,True,Active,shazia,None,Normal,5: Lying down (controlled)
1789150898.2800508,3408,Person B,989.3,3110.0,-80.0,3255.68,17.5,True,Active,shazia,None,Normal,5: Lying down (controlled)
1789150898.3581903,3409,Person B,987.7,3108.6,160.0,3254.08,17.53,True,Active,shazia,None,Normal,5: Lying down (controlled)
1789150898.4362903,3410,Person B,986.5,3107.3,240.0,3253.73,17.57,True,Active,shazia,None,Normal,5: Lying down (controlled)
1789150898.5210218,3411,Person B,985.3,3106.1,-80.0,3252.77,17.57,True,Active,shazia,None,Normal,5: Lying down (controlled)
1789150898.6286979,3412,Person B,984.4,3105.1,320.0,3252.73,17.63,True,Active,shazia,None,Normal,5: Lying down (controlled)
1789150898.7245886,3413,Person B,984.1,3104.0,160.0,3252.68,17.68,True,Active,shazia,None,Normal,5: Lying down (controlled)
1789150898.8163228,3414,Person B,983.6,3102.8,0.0,3249.52,17.68,True,Active,shazia,None,Normal,5: Lying down (controlled)
1789150898.8976023,3415,Person B,983.7,3101.2,-80.0,3247.27,17.73,True,Active,shazia,None,Normal,5: Lying down (controlled)
1789150899.0047004,3416,Person B,984.0,3099.8,160.0,3246.66,17.7,True,Active,shazia,None,Normal,5: Lying down (controlled)
1789150899.074452,3417,Person B,984.7,3098.3,-80.0,3245.06,17.73,True,Active,shazia,None,Normal,5: Lying down (controlled)
1789150899.1662803,3418,Person B,985.6,3096.8,160.0,3244.11,17.73,True,Active,shazia,None,Normal,5: Lying down (controlled)
1789150899.2465973,3419,Person B,986.6,3095.4,240.0,3243.77,17.77,True,Active,shazia,None,Normal,5: Lying down (controlled)
1789150899.327727,3420,Person B,987.4,3094.2,-80.0,3244.72,17.76,True,Active,shazia,None,Normal,5: Lying down (controlled)
1789150899.4080808,3421,Person B,988.3,3093.1,160.0,3245.02,17.78,True,Active,shazia,None,Normal,5: Lying down (controlled)
1789150899.5046601,3422,Person B,988.9,3092.0,-80.0,3244.07,17.79,True,Active,shazia,None,Normal,5: Lying down (controlled)
1789150899.596399,3423,Person B,989.0,3091.2,80.0,3245.37,17.74,True,Active,shazia,None,Normal,5: Lying down (controlled)
1789150899.7187734,3424,Person B,989.1,3090.7,160.0,3245.06,17.73,True,Active,shazia,None,Normal,5: Lying down (controlled)
1789150899.870312,3425,Person B,989.0,3090.5,80.0,3245.06,17.73,True,Active,shazia,None,Normal,5: Lying down (controlled)
1789150899.9640512,3426,Person B,989.6,3090.3,-80.0,3246.59,17.81,True,Active,shazia,None,Normal,5: Lying down (controlled)
1789150900.0577939,3427,Person B,990.2,3090.3,240.0,3246.89,17.83,True,Active,shazia,None,Normal,5: Lying down (controlled)
1789150900.1359177,3428,Person B,991.0,3090.2,-80.0,3245.6,17.87,True,Active,shazia,None,Normal,5: Lying down (controlled)
1789150900.1984289,3429,Person B,992.1,3090.0,80.0,3245.24,17.97,True,Active,shazia,None,Normal,5: Lying down (controlled)
1789150900.2765489,3430,Person B,993.5,3089.6,160.0,3245.21,18.02,True,Active,shazia,None,Normal,5: Lying down (controlled)
1789150900.3567307,3431,Person B,995.2,3089.1,-80.0,3245.5,18.09,True,Active,shazia,None,Normal,5: Lying down (controlled)
1789150900.4660978,3432,Person B,997.2,3088.6,320.0,3245.49,18.15,True,Active,shazia,None,Normal,5: Lying down (controlled)
1789150900.5285773,3433,Person B,999.5,3087.9,160.0,3245.8,18.17,True,Active,shazia,None,Normal,5: Lying down (controlled)
1789150900.6322742,3434,Person B,1001.6,3087.1,-80.0,3243.91,18.12,True,Active,shazia,None,Normal,5: Lying down (controlled)
1789150900.7103887,3435,Person B,1003.7,3086.2,160.0,3242.96,18.13,True,Active,shazia,None,Normal,5: Lying down (controlled)
1789150900.7728834,3436,Person B,1005.1,3085.2,240.0,3241.39,18.1,True,Active,shazia,None,Normal,5: Lying down (controlled)
1789150900.8626375,3437,Person B,1006.3,3084.4,560.0,3242.98,18.07,True,Active,shazia,None,Normal,5: Lying down (controlled)
1789150900.9407585,3438,Person B,1007.0,3084.0,240.0,3243.95,18.01,True,Active,shazia,None,Normal,5: Lying down (controlled)
1789150901.03452,3439,Person B,1006.9,3084.0,160.0,3244.93,17.95,True,Active,shazia,None,Normal,5: Lying down (controlled)
1789150901.1126392,3440,Person B,1006.5,3084.4,80.0,3247.78,17.93,True,Active,shazia,None,Normal,5: Lying down (controlled)
1789150901.1907582,3441,Person B,1005.8,3085.0,160.0,3249.04,17.94,True,Active,shazia,None,Normal,5: Lying down (controlled)
1789150901.2844818,3442,Person B,1005.1,3085.7,-80.0,3249.97,17.99,True,Active,shazia,None,Normal,5: Lying down (controlled)
1789150901.36808,3443,Person B,1004.8,3086.1,320.0,3248.67,18.09,True,Active,shazia,None,Normal,5: Lying down (controlled)
1789150901.4618409,3444,Person B,1005.2,3086.4,160.0,3248.01,18.17,True,Active,shazia,None,Normal,5: Lying down (controlled)
1789150901.5399427,3445,Person B,1005.8,3086.7,80.0,3247.68,18.21,True,Active,shazia,None,Normal,5: Lying down (controlled)
1789150901.6337032,3446,Person B,1006.6,3087.0,-80.0,3246.73,18.22,True,Active,shazia,None,Normal,5: Lying down (controlled)
1789150901.7274263,3447,Person B,1007.2,3087.2,160.0,3246.75,18.16,True,Active,shazia,None,Normal,5: Lying down (controlled)
1789150901.8211696,3448,Person B,1007.8,3087.2,-80.0,3245.81,18.11,True,Active,shazia,None,Normal,5: Lying down (controlled)
1789150901.9041438,3449,Person B,1009.0,3087.0,80.0,3246.75,18.16,True,Active,shazia,None,Normal,5: Lying down (controlled)
1789150901.9979074,3450,Person B,1010.3,3086.4,240.0,3246.11,18.18,True,Active,shazia,None,Normal,5: Lying down (controlled)
1789150902.0916333,3451,Person B,1011.5,3085.7,-80.0,3246.11,18.18,True,Active,shazia,None,Normal,5: Lying down (controlled)
1789150902.2009983,3452,Person B,1012.4,3085.0,-80.0,3246.11,18.18,True,Active,shazia,None,Normal,5: Lying down (controlled)
1789150902.2947457,3453,Person B,1012.8,3084.7,160.0,3247.06,18.18,True,Active,shazia,None,Normal,5: Lying down (controlled)
1789150902.363101,3454,Person B,1012.6,3084.6,-80.0,3246.44,18.14,True,Active,shazia,None,Normal,5: Lying down (controlled)
1789150902.4568446,3455,Person B,1012.1,3084.7,160.0,3247.07,18.12,True,Active,shazia,None,Normal,5: Lying down (controlled)
1789150902.5349445,3456,Person B,1011.4,3084.9,240.0,3246.45,18.09,True,Active,shazia,None,Normal,5: Lying down (controlled)
1789150902.6130672,3457,Person B,1010.8,3085.3,560.0,3248.69,18.04,True,Active,shazia,None,Normal,5: Lying down (controlled)
1789150902.7224362,3458,Person B,1010.4,3085.9,160.0,3250.28,18.01,True,Active,shazia,None,Normal,5: Lying down (controlled)
1789150902.7849267,3459,Person B,1010.0,3086.9,480.0,3255.01,18.04,True,Active,shazia,None,Normal,5: Lying down (controlled)
1789150902.8842537,3460,Person B,1009.4,3088.6,80.0,3260.41,17.99,True,Active,shazia,None,Normal,5: Lying down (controlled)
1789150902.9779947,3461,Person B,1008.7,3090.6,160.0,3262.95,17.96,True,Active,shazia,None,Normal,5: Lying down (controlled)
1789150903.1030052,3462,Person B,1007.6,3093.0,80.0,3265.53,17.87,True,Active,shazia,None,Normal,5: Lying down (controlled)
1789150903.181109,3463,Person B,1006.4,3095.7,80.0,3269.03,17.83,True,Active,shazia,None,Normal,5: Lying down (controlled)
1789150903.2748685,3464,Person B,1005.4,3098.4,160.0,3269.03,17.83,True,Active,shazia,None,Normal,5: Lying down (controlled)
1789150903.337364,3465,Person B,1004.6,3101.2,80.0,3271.24,17.84,True,Active,shazia,None,Normal,5: Lying down (controlled)
1789150903.4191506,3466,Person B,1004.3,3104.0,160.0,3272.16,17.89,True,Active,shazia,None,Normal,5: Lying down (controlled)
1789150903.512878,3467,Person B,1004.2,3106.5,160.0,3272.16,17.89,True,Active,shazia,None,Normal,5: Lying down (controlled)
1789150903.5909925,3468,Person B,1004.3,3109.2,560.0,3276.27,17.88,True,Active,shazia,None,Normal,5: Lying down (controlled)
1789150903.6847568,3469,Person B,1003.7,3111.6,-80.0,3276.0,17.81,True,Active,shazia,None,Normal,5: Lying down (controlled)
1789150903.794127,3470,Person B,1003.2,3113.3,160.0,3275.05,17.82,True,Active,shazia,None,Normal,5: Lying down (controlled)
1789150903.9118397,3471,Person B,1002.5,3114.7,-80.0,3274.13,17.77,True,Active,shazia,None,Normal,5: Lying down (controlled)
1789150903.9899573,3472,Person B,1002.2,3115.5,320.0,3272.23,17.78,True,Active,shazia,None,Normal,5: Lying down (controlled)
1789150904.083701,3473,Person B,1001.8,3115.8,160.0,3270.66,17.75,True,Active,shazia,None,Normal,5: Lying down (controlled)
1789150904.1618366,3474,Person B,1001.6,3116.0,80.0,3270.32,17.79,True,Active,shazia,None,Normal,5: Lying down (controlled)
1789150904.2399392,3475,Person B,1001.6,3115.7,160.0,3268.38,17.85,True,Active,shazia,None,Normal,5: Lying down (controlled)
1789150904.3024325,3476,Person B,1001.5,3115.4,160.0,3269.0,17.89,True,Active,shazia,None,Normal,5: Lying down (controlled)
1789150904.4156096,3477,Person B,1001.6,3114.8,-80.0,3266.76,17.94,True,Active,shazia,None,Normal,5: Lying down (controlled)
1789150904.5093503,3478,Person B,1001.9,3113.7,160.0,3266.73,17.99,True,Active,shazia,None,Normal,5: Lying down (controlled)
1789150904.5874891,3479,Person B,1002.8,3112.3,240.0,3265.45,18.04,True,Active,shazia,None,Normal,5: Lying down (controlled)
1789150904.6656098,3480,Person B,1003.6,3111.0,80.0,3265.14,18.02,True,Active,shazia,None,Normal,5: Lying down (controlled)
1789150904.7749574,3481,Person B,1004.7,3109.7,240.0,3265.14,18.02,True,Active,shazia,None,Normal,5: Lying down (controlled)
1789150904.8530793,3482,Person B,1005.9,3108.3,-80.0,3262.59,18.05,True,Active,shazia,None,Normal,5: Lying down (controlled)
1789150904.9526882,3483,Person B,1007.3,3106.8,80.0,3260.69,18.06,True,Active,shazia,None,Normal,5: Lying down (controlled)
1789150905.0308108,3484,Person B,1008.5,3105.8,480.0,3264.5,18.04,True,Active,shazia,None,Normal,5: Lying down (controlled)
1789150905.108927,3485,Person B,1009.4,3105.4,640.0,3267.35,18.02,True,Active,shazia,None,Normal,5: Lying down (controlled)
1789150905.2026713,3486,Person B,1010.4,3105.2,480.0,3270.18,18.06,True,Active,shazia,None,Normal,5: Lying down (controlled)
1789150905.296417,3487,Person B,1011.3,3105.8,480.0,3275.24,18.05,True,Active,shazia,None,Normal,5: Lying down (controlled)
1789150905.3946376,3488,Person B,1011.8,3107.5,560.0,3284.44,17.98,True,Active,shazia,None,Normal,5: Lying down (controlled)
1789150905.4727738,3489,Person B,1012.1,3110.2,80.0,3292.05,17.94,True,Active,shazia,None,Normal,5: Lying down (controlled)
1789150905.5508933,3490,Person B,1012.3,3113.2,160.0,3294.29,17.89,True,Active,shazia,None,Normal,5: Lying down (controlled)
1789150905.660265,3491,Person B,1012.5,3116.1,-80.0,3293.34,17.9,True,Active,shazia,None,Normal,5: Lying down (controlled)
1789150905.738364,3492,Person B,1012.7,3119.1,240.0,3291.75,17.92,True,Active,shazia,None,Normal,5: Lying down (controlled)
1789150905.8321085,3493,Person B,1012.8,3122.1,160.0,3289.54,17.92,True,Active,shazia,None,Normal,5: Lying down (controlled)
1789150905.929031,3494,Person B,1012.7,3124.8,80.0,3289.87,17.88,True,Active,shazia,None,Normal,5: Lying down (controlled)
1789150906.007131,3495,Person B,1012.6,3127.1,160.0,3288.92,17.88,True,Active,shazia,None,Normal,5: Lying down (controlled)
1789150906.0852509,3496,Person B,1012.0,3129.0,240.0,3286.4,17.86,True,Active,shazia,None,Normal,5: Lying down (controlled)
1789150906.1789978,3497,Person B,1011.2,3130.3,-80.0,3285.15,17.85,True,Active,shazia,None,Normal,5: Lying down (controlled)
1789150906.2727404,3498,Person B,1010.2,3130.5,160.0,3283.27,17.81,True,Active,shazia,None,Normal,5: Lying down (controlled)
1789150906.350877,3499,Person B,1009.0,3129.7,-80.0,3280.76,17.78,True,Active,shazia,None,Normal,5: Lying down (controlled)
1789150906.432603,3500,Person B,1008.2,3128.2,320.0,3277.56,17.84,True,Active,shazia,None,Normal,5: Lying down (controlled)
1789150906.526346,3501,Person B,1007.6,3126.6,160.0,3276.27,17.88,True,Active,shazia,None,Normal,5: Lying down (controlled)
1789150906.620089,3502,Person B,1007.1,3125.0,-80.0,3274.98,17.93,True,Active,shazia,None,Normal,5: Lying down (controlled)
1789150906.729461,3503,Person B,1007.1,3123.2,320.0,3272.41,18.01,True,Active,shazia,None,Normal,5: Lying down (controlled)
1789150906.7919564,3504,Person B,1007.5,3121.1,160.0,3271.13,18.06,True,Active,shazia,None,Normal,5: Lying down (controlled)
1789150906.8914628,3505,Person B,1007.8,3118.6,-80.0,3266.07,18.07,True,Active,shazia,None,Normal,5: Lying down (controlled)
1789150906.9695914,3506,Person B,1008.5,3115.9,160.0,3262.89,18.12,True,Active,shazia,None,Normal,5: Lying down (controlled)
1789150907.0789547,3507,Person B,1009.2,3113.1,240.0,3260.67,18.12,True,Active,shazia,None,Normal,5: Lying down (controlled)
1789150907.1726995,3508,Person B,1010.1,3110.7,560.0,3263.22,18.09,True,Active,shazia,None,Normal,5: Lying down (controlled)
1789150907.250837,3509,Person B,1011.5,3108.6,80.0,3265.1,18.13,True,Active,shazia,None,Normal,5: Lying down (controlled)
1789150907.3445609,3510,Person B,1012.8,3107.0,160.0,3266.36,18.14,True,Active,shazia,None,Normal,5: Lying down (controlled)
1789150907.4354284,3511,Person B,1014.0,3105.7,-80.0,3267.62,18.15,True,Active,shazia,None,Normal,5: Lying down (controlled)
1789150907.5291696,3512,Person B,1015.0,3104.7,320.0,3268.57,18.15,True,Active,shazia,None,Normal,5: Lying down (controlled)
1789150907.6229122,3513,Person B,1015.4,3104.2,-80.0,3268.9,18.11,True,Active,shazia,None,Normal,5: Lying down (controlled)
1789150907.7010517,3514,Person B,1015.1,3103.8,-80.0,3266.4,18.03,True,Active,shazia,None,Normal,5: Lying down (controlled)
1789150907.7791712,3515,Person B,1014.7,3103.8,160.0,3264.83,18.0,True,Active,shazia,None,Normal,5: Lying down (controlled)
1789150907.8572712,3516,Person B,1014.0,3103.9,240.0,3261.67,18.0,True,Active,shazia,None,Normal,5: Lying down (controlled)
1789150907.9654162,3517,Person B,1013.4,3104.3,560.0,3262.62,18.0,True,Active,shazia,None,Normal,5: Lying down (controlled)
1789150908.0435402,3518,Person B,1012.9,3104.5,160.0,3263.57,17.99,True,Active,shazia,None,Normal,5: Lying down (controlled)
1789150908.121659,3519,Person B,1012.0,3105.2,560.0,3268.97,17.94,True,Active,shazia,None,Normal,5: Lying down (controlled)
1789150908.2154188,3520,Person B,1011.2,3106.2,560.0,3273.39,17.95,True,Active,shazia,None,Normal,5: Lying down (controlled)
1789150908.3091617,3521,Person B,1010.4,3107.2,160.0,3274.65,17.96,True,Active,shazia,None,Normal,5: Lying down (controlled)
1789150908.4185102,3522,Person B,1009.6,3107.9,-80.0,3272.75,17.98,True,Active,shazia,None,Normal,5: Lying down (controlled)
1789150908.4966307,3523,Person B,1009.4,3108.2,320.0,3271.13,18.06,True,Active,shazia,None,Normal,5: Lying down (controlled)
1789150908.5903926,3524,Person B,1009.8,3108.3,160.0,3268.59,18.09,True,Active,shazia,None,Normal,5: Lying down (controlled)
1789150908.6684964,3525,Person B,1010.2,3108.1,-80.0,3264.17,18.08,True,Active,shazia,None,Normal,5: Lying down (controlled)
1789150908.7778828,3526,Person B,1010.8,3107.8,160.0,3260.67,18.12,True,Active,shazia,None,Normal,5: Lying down (controlled)
1789150908.8559785,3527,Person B,1011.1,3107.3,240.0,3258.79,18.07,True,Active,shazia,None,Normal,5: Lying down (controlled)
1789150908.9457257,3528,Person B,1011.4,3107.0,560.0,3261.64,18.06,True,Active,shazia,None,Normal,5: Lying down (controlled)
1789150909.0394897,3529,Person B,1011.7,3106.3,80.0,3263.24,18.03,True,Active,shazia,None,Normal,5: Lying down (controlled)
1789150909.1175895,3530,Person B,1011.7,3105.4,160.0,3264.83,18.0,True,Active,shazia,None,Normal,5: Lying down (controlled)
1789150909.1957119,3531,Person B,1011.0,3104.5,0.0,3263.93,17.9,True,Active,shazia,None,Normal,5: Lying down (controlled)
1789150909.2894564,3532,Person B,1010.0,3103.7,320.0,3262.06,17.85,True,Active,shazia,None,Normal,5: Lying down (controlled)
1789150909.3831954,3533,Person B,1008.3,3103.2,160.0,3261.14,17.8,True,Active,shazia,None,Normal,5: Lying down (controlled)
1789150909.467744,3534,Person B,1006.5,3102.8,-80.0,3259.24,17.81,True,Active,shazia,None,Normal,5: Lying down (controlled)
1789150909.5614877,3535,Person B,1005.2,3102.6,160.0,3258.25,17.87,True,Active,shazia,None,Normal,5: Lying down (controlled)
1789150909.6395876,3536,Person B,1004.0,3102.8,160.0,3258.87,17.91,True,Active,shazia,None,Normal,5: Lying down (controlled)
1789150909.7489576,3537,Person B,1003.2,3103.7,240.0,3264.88,17.89,True,Active,shazia,None,Normal,5: Lying down (controlled)
1789150909.8427181,3538,Person B,1002.6,3104.7,160.0,3269.3,17.9,True,Active,shazia,None,Normal,5: Lying down (controlled)
1789150909.9244728,3539,Person B,1002.2,3106.5,390.0,3279.13,17.87,True,Active,shazia,None,Normal,5: Lying down (controlled)
1789150910.0025961,3540,Person B,1002.4,3109.2,80.0,3291.13,17.89,True,Active,shazia,None,Normal,5: Lying down (controlled)
1789150910.080716,3541,Person B,1003.5,3112.4,160.0,3297.76,17.91,True,Active,shazia,None,Normal,5: Lying down (controlled)
1789150910.1901023,3542,Person B,1004.3,3116.0,-80.0,3298.78,17.79,True,Active,shazia,None,Normal,5: Lying down (controlled)
1789150910.2838295,3543,Person B,1005.1,3119.5,320.0,3296.91,17.75,True,Active,shazia,None,Normal,5: Lying down (controlled)
1789150910.3619666,3544,Person B,1005.8,3123.0,160.0,3294.7,17.74,True,Active,shazia,None,Normal,5: Lying down (controlled)
1789150910.4438155,3545,Person B,1006.0,3126.3,-80.0,3290.28,17.73,True,Active,shazia,None,Normal,5: Lying down (controlled)
1789150910.5375595,3546,Person B,1005.8,3129.3,-80.0,3286.82,17.71,True,Active,shazia,None,Normal,5: Lying down (controlled)
1789150910.646907,3547,Person B,1005.3,3131.6,160.0,3285.26,17.68,True,Active,shazia,None,Normal,5: Lying down (controlled)
1789150910.7250302,3548,Person B,1004.1,3133.7,-80.0,3285.65,17.59,True,Active,shazia,None,Normal,5: Lying down (controlled)
1789150910.80315,3549,Person B,1002.4,3135.0,240.0,3286.35,17.51,True,Active,shazia,None,Normal,5: Lying down (controlled)
1789150910.881266,3550,Person B,999.9,3135.3,160.0,3286.4,17.46,True,Active,shazia,None,Normal,5: Lying down (controlled)
1789150910.9787376,3551,Person B,997.3,3134.9,-80.0,3286.05,17.5,True,Active,shazia,None,Normal,5: Lying down (controlled)
1789150911.0881054,3552,Person B,995.6,3134.1,320.0,3286.0,17.55,True,Active,shazia,None,Normal,5: Lying down (controlled)
1789150911.1662266,3553,Person B,994.2,3133.3,160.0,3285.04,17.56,True,Active,shazia,None,Normal,5: Lying down (controlled)
1789150911.2599685,3554,Person B,993.0,3132.3,80.0,3281.53,17.6,True,Active,shazia,None,Normal,5: Lying down (controlled)
1789150911.3380692,3555,Person B,992.4,3131.1,160.0,3277.03,17.69,True,Active,shazia,None,Normal,5: Lying down (controlled)
1789150911.4161882,3556,Person B,992.2,3129.8,240.0,3273.82,17.75,True,Active,shazia,None,Normal,5: Lying down (controlled)
1789150911.515473,3557,Person B,992.7,3128.3,-80.0,3272.5,17.85,True,Active,shazia,None,Normal,5: Lying down (controlled)
1789150911.6248572,3558,Person B,993.9,3126.5,160.0,3272.16,17.89,True,Active,shazia,None,Normal,5: Lying down (controlled)
1789150911.7185845,3559,Person B,995.1,3124.3,-80.0,3269.03,17.83,True,Active,shazia,None,Normal,5: Lying down (controlled)
1789150911.7810957,3560,Person B,996.2,3121.9,80.0,3266.85,17.77,True,Active,shazia,None,Normal,5: Lying down (controlled)
1789150911.87484,3561,Person B,997.1,3119.5,160.0,3265.9,17.77,True,Active,shazia,None,Normal,5: Lying down (controlled)
1789150911.973068,3562,Person B,997.8,3117.1,-80.0,3265.25,17.8,True,Active,shazia,None,Normal,5: Lying down (controlled)
1789150912.0668106,3563,Person B,998.5,3114.6,-80.0,3263.35,17.81,True,Active,shazia,None,Normal,5: Lying down (controlled)
1789150912.14495,3564,Person B,999.2,3112.4,160.0,3262.7,17.83,True,Active,shazia,None,Normal,5: Lying down (controlled)
1789150912.2230487,3565,Person B,999.4,3110.7,-80.0,3261.45,17.82,True,Active,shazia,None,Normal,5: Lying down (controlled)
1789150912.3167925,3566,Person B,999.6,3109.3,160.0,3261.11,17.86,True,Active,shazia,None,Normal,5: Lying down (controlled)
1789150912.4105556,3567,Person B,999.5,3108.3,160.0,3262.67,17.89,True,Active,shazia,None,Normal,5: Lying down (controlled)
1789150912.523791,3568,Person B,999.2,3107.9,160.0,3267.43,17.86,True,Active,shazia,None,Normal,5: Lying down (controlled)
1789150912.601912,3569,Person B,999.2,3108.1,560.0,3270.93,17.82,True,Active,shazia,None,Normal,5: Lying down (controlled)
1789150912.6644063,3570,Person B,999.2,3109.3,560.0,3278.28,17.71,True,Active,shazia,None,Normal,5: Lying down (controlled)
1789150912.7893784,3571,Person B,999.0,3111.4,560.0,3285.3,17.63,True,Active,shazia,None,Normal,5: Lying down (controlled)
1789150912.883141,3572,Person B,998.8,3114.1,320.0,3290.37,17.62,True,Active,shazia,None,Normal,5: Lying down (controlled)
1789150912.9830918,3573,Person B,998.8,3116.9,160.0,3290.02,17.66,True,Active,shazia,None,Normal,5: Lying down (controlled)
1789150913.0455701,3574,Person B,998.3,3119.6,-80.0,3286.9,17.6,True,Active,shazia,None,Normal,5: Lying down (controlled)
1789150913.1705835,3575,Person B,997.8,3122.2,160.0,3284.69,17.6,True,Active,shazia,None,Normal,5: Lying down (controlled)
1789150913.2486975,3576,Person B,996.9,3124.8,160.0,3283.14,17.57,True,Active,shazia,None,Normal,5: Lying down (controlled)
1789150913.3736885,3577,Person B,995.9,3127.6,480.0,3286.3,17.57,True,Active,shazia,None,Normal,5: Lying down (controlled)
1789150913.4361682,3578,Person B,995.0,3129.9,160.0,3286.6,17.59,True,Active,shazia,None,Normal,5: Lying down (controlled)
1789150913.525015,3579,Person B,994.5,3132.3,480.0,3292.27,17.61,True,Active,shazia,None,Normal,5: Lying down (controlled)
1789150913.618775,3580,Person B,995.0,3134.0,320.0,3296.0,17.7,True,Active,shazia,None,Normal,5: Lying down (controlled)
1789150913.6812704,3581,Person B,996.1,3134.8,160.0,3296.26,17.77,True,Active,shazia,None,Normal,5: Lying down (controlled)
1789150913.7749946,3582,Person B,997.6,3134.8,-80.0,3294.94,17.87,True,Active,shazia,None,Normal,5: Lying down (controlled)
1789150913.8531175,3583,Person B,999.3,3134.5,320.0,3292.36,17.96,True,Active,shazia,None,Normal,5: Lying down (controlled)
1789150913.9312534,3584,Person B,1001.6,3134.1,160.0,3290.13,18.01,True,Active,shazia,None,Normal,5: Lying down (controlled)
1789150914.0062516,3585,Person B,1003.9,3133.6,-80.0,3286.96,18.0,True,Active,shazia,None,Normal,5: Lying down (controlled)
1789150914.0843515,3586,Person B,1006.4,3133.0,160.0,3285.06,18.02,True,Active,shazia,None,Normal,5: Lying down (controlled)
1789150914.1937215,3587,Person B,1008.7,3132.2,160.0,3285.7,17.99,True,Active,shazia,None,Normal,5: Lying down (controlled)
1789150914.3030858,3588,Person B,1010.7,3131.9,560.0,3289.84,17.93,True,Active,shazia,None,Normal,5: Lying down (controlled)
1789150914.3656013,3589,Person B,1012.6,3131.6,80.0,3295.22,17.94,True,Active,shazia,None,Normal,5: Lying down (controlled)
1789150914.4437208,3590,Person B,1013.9,3131.3,160.0,3297.12,17.93,True,Active,shazia,None,Normal,5: Lying down (controlled)
1789150914.6512349,3591,Person B,1014.7,3131.0,0.0,3295.86,17.92,True,Active,shazia,None,Normal,5: Lying down (controlled)
1789150914.7606,3592,Person B,1015.0,3130.9,320.0,3294.91,17.92,True,Active,shazia,None,Normal,5: Lying down (controlled)
1789150914.8230987,3593,Person B,1015.0,3131.0,160.0,3293.31,17.95,True,Active,shazia,None,Normal,5: Lying down (controlled)
1789150914.9012148,3594,Person B,1015.1,3131.1,80.0,3291.39,18.02,True,Active,shazia,None,Normal,5: Lying down (controlled)
1789150914.9853191,3595,Person B,1015.6,3131.1,160.0,3288.51,18.09,True,Active,shazia,None,Normal,5: Lying down (controlled)
1789150915.0634387,3596,Person B,1015.9,3131.1,240.0,3285.99,18.07,True,Active,shazia,None,Normal,5: Lying down (controlled)
1789150915.141538,3597,Person B,1016.3,3130.8,-80.0,3284.09,18.08,True,Active,shazia,None,Normal,5: Lying down (controlled)
1789150915.2196615,3598,Person B,1016.7,3129.9,160.0,3282.52,18.05,True,Active,shazia,None,Normal,5: Lying down (controlled)
1789150915.2821736,3599,Person B,1016.4,3128.4,-80.0,3280.02,17.97,True,Active,shazia,None,Normal,5: Lying down (controlled)
1789150915.3759165,3600,Person B,1015.4,3126.6,-80.0,3276.92,17.86,True,Active,shazia,None,Normal,5: Lying down (controlled)
1789150915.438413,3601,Person B,1014.3,3124.8,160.0,3275.35,17.83,True,Active,shazia,None,Normal,5: Lying down (controlled)
1789150915.5380275,3602,Person B,1013.2,3122.9,160.0,3273.45,17.84,True,Active,shazia,None,Normal,5: Lying down (controlled)
1789150915.6005285,3603,Person B,1012.2,3121.0,320.0,3272.16,17.89,True,Active,shazia,None,Normal,5: Lying down (controlled)
1789150915.694286,3604,Person B,1011.0,3119.2,160.0,3270.56,17.91,True,Active,shazia,None,Normal,5: Lying down (controlled)
1789150915.803634,3605,Person B,1009.9,3117.6,80.0,3269.89,17.99,True,Active,shazia,None,Normal,5: Lying down (controlled)
1789150915.8817542,3606,Person B,1009.6,3115.9,160.0,3268.9,18.11,True,Active,shazia,None,Normal,5: Lying down (controlled)
1789150915.9911203,3607,Person B,1009.5,3114.1,240.0,3266.67,18.16,True,Active,shazia,None,Normal,5: Lying down (controlled)
1789150916.0536158,3608,Person B,1009.8,3112.2,240.0,3265.39,18.2,True,Active,shazia,None,Normal,5: Lying down (controlled)
1789150916.1317399,3609,Person B,1010.7,3110.4,80.0,3265.71,18.22,True,Active,shazia,None,Normal,5: Lying down (controlled)
1789150916.2254987,3610,Person B,1012.3,3108.6,160.0,3264.76,18.22,True,Active,shazia,None,Normal,5: Lying down (controlled)
1789150916.3660953,3611,Person B,1014.3,3106.7,-80.0,3263.48,18.27,True,Active,shazia,None,Normal,5: Lying down (controlled)
1789150916.475481,3612,Person B,1016.4,3104.9,390.0,3262.85,18.29,True,Active,shazia,None,Normal,5: Lying down (controlled)
1789150916.5500586,3613,Person B,1018.5,3103.1,-80.0,3261.58,18.33,True,Active,shazia,None,Normal,5: Lying down (controlled)
1789150916.6281781,3614,Person B,1021.0,3101.1,320.0,3259.36,18.44,True,Active,shazia,None,Normal,5: Lying down (controlled)
1789150916.7063134,3615,Person B,1023.4,3099.0,160.0,3257.46,18.51,True,Active,shazia,None,Normal,5: Lying down (controlled)
1789150916.76881,3616,Person B,1025.1,3097.2,80.0,3257.15,18.49,True,Active,shazia,None,Normal,5: Lying down (controlled)
1789150916.8781605,3617,Person B,1026.4,3095.7,-80.0,3256.51,18.46,True,Active,shazia,None,Normal,5: Lying down (controlled)
1789150916.9719214,3618,Person B,1027.2,3094.6,160.0,3257.46,18.4,True,Active,shazia,None,Normal,5: Lying down (controlled)
1789150917.053832,3619,Person B,1027.7,3094.0,560.0,3261.58,18.33,True,Active,shazia,None,Normal,5: Lying down (controlled)
1789150917.131932,3620,Person B,1028.4,3094.0,80.0,3266.95,18.34,True,Active,shazia,None,Normal,5: Lying down (controlled)
1789150917.2256942,3621,Person B,1029.1,3094.7,390.0,3272.33,18.35,True,Active,shazia,None,Normal,5: Lying down (controlled)
1789150917.3350616,3622,Person B,1030.2,3095.8,0.0,3276.75,18.41,True,Active,shazia,None,Normal,5: Lying down (controlled)
1789150917.4287882,3623,Person B,1031.4,3097.2,320.0,3278.65,18.46,True,Active,shazia,None,Normal,5: Lying down (controlled)
1789150917.5280142,3624,Person B,1032.1,3098.9,160.0,3277.7,18.46,True,Active,shazia,None,Normal,5: Lying down (controlled)
1789150917.590509,3625,Person B,1032.2,3100.3,-80.0,3271.06,18.45,True,Active,shazia,None,Normal,5: Lying down (controlled)
1789150917.6842532,3626,Person B,1032.4,3101.1,160.0,3265.37,18.48,True,Active,shazia,None,Normal,5: Lying down (controlled)
1789150917.7936006,3627,Person B,1032.6,3101.5,240.0,3260.94,18.47,True,Active,shazia,None,Normal,5: Lying down (controlled)
1789150917.871723,3628,Person B,1033.2,3101.4,480.0,3258.41,18.5,True,Active,shazia,None,Normal,5: Lying down (controlled)
1789150917.9498591,3629,Person B,1033.7,3100.8,240.0,3257.46,18.45,True,Active,shazia,None,Normal,5: Lying down (controlled)
1789150918.031737,3630,Person B,1034.0,3100.1,480.0,3261.26,18.43,True,Active,shazia,None,Normal,5: Lying down (controlled)
1789150918.1098533,3631,Person B,1034.4,3099.1,80.0,3264.1,18.47,True,Active,shazia,None,Normal,5: Lying down (controlled)
1789150918.2035966,3632,Person B,1034.5,3097.9,160.0,3265.69,18.5,True,Active,shazia,None,Normal,5: Lying down (controlled)
1789150918.3129663,3633,Person B,1034.5,3096.4,-80.0,3264.42,18.54,True,Active,shazia,None,Normal,5: Lying down (controlled)
1789150918.3754792,3634,Person B,1034.5,3094.9,-80.0,3263.48,18.55,True,Active,shazia,None,Normal,5: Lying down (controlled)
1789150918.4848464,3635,Person B,1034.7,3093.9,160.0,3262.21,18.53,True,Active,shazia,None,Normal,5: Lying down (controlled)
1789150918.582338,3636,Person B,1034.3,3093.7,-80.0,3262.21,18.42,True,Active,shazia,None,Normal,5: Lying down (controlled)
1789150918.660459,3637,Person B,1033.8,3094.0,160.0,3262.21,18.37,True,Active,shazia,None,Normal,5: Lying down (controlled)
1789150918.769826,3638,Person B,1033.0,3095.0,160.0,3265.38,18.31,True,Active,shazia,None,Normal,5: Lying down (controlled)
1789150918.832338,3639,Person B,1032.3,3096.6,240.0,3270.45,18.25,True,Active,shazia,None,Normal,5: Lying down (controlled)
1789150918.910458,3640,Person B,1031.7,3098.2,160.0,3274.56,18.24,True,Active,shazia,None,Normal,5: Lying down (controlled)
1789150918.9885778,3641,Person B,1030.9,3100.4,390.0,3282.47,18.21,True,Active,shazia,None,Normal,5: Lying down (controlled)
1789150919.0883694,3642,Person B,1030.1,3103.0,-80.0,3287.84,18.22,True,Active,shazia,None,Normal,5: Lying down (controlled)
1789150919.1821084,3643,Person B,1028.9,3106.1,320.0,3290.07,18.17,True,Active,shazia,None,Normal,5: Lying down (controlled)
1789150919.3696158,3644,Person B,1027.6,3109.1,-80.0,3287.86,18.16,True,Active,shazia,None,Normal,5: Lying down (controlled)
1789150919.4477348,3645,Person B,1025.9,3111.9,-80.0,3283.45,18.1,True,Active,shazia,None,Normal,5: Lying down (controlled)
1789150919.5141325,3646,Person B,1024.6,3114.2,160.0,3279.98,18.08,True,Active,shazia,None,Normal,5: Lying down (controlled)
1789150919.623506,3647,Person B,1023.0,3116.1,-80.0,3275.27,18.0,True,Active,shazia,None,Normal,5: Lying down (controlled)
1789150919.7016263,3648,Person B,1021.3,3117.2,160.0,3270.54,17.97,True,Active,shazia,None,Normal,5: Lying down (controlled)
1789150919.7797642,3649,Person B,1019.3,3117.7,160.0,3269.0,17.89,True,Active,shazia,None,Normal,5: Lying down (controlled)
1789150919.8578823,3650,Person B,1016.4,3117.9,0.0,3267.5,17.75,True,Active,shazia,None,Normal,5: Lying down (controlled)
1789150920.0203238,3651,Person B,1012.9,3117.4,-80.0,3266.93,17.66,True,Active,shazia,None,Normal,5: Lying down (controlled)
1789150920.0828276,3652,Person B,1009.3,3116.4,160.0,3267.24,17.68,True,Active,shazia,None,Normal,5: Lying down (controlled)
1789150920.1609433,3653,Person B,1006.4,3114.9,-80.0,3266.85,17.77,True,Active,shazia,None,Normal,5: Lying down (controlled)
1789150920.2547069,3654,Person B,1004.2,3113.3,320.0,3265.83,17.89,True,Active,shazia,None,Normal,5: Lying down (controlled)
1789150920.33281,3655,Person B,1002.7,3111.9,160.0,3265.5,17.92,True,Active,shazia,None,Normal,5: Lying down (controlled)
1789150920.410947,3656,Person B,1001.4,3110.5,-80.0,3262.64,17.94,True,Active,shazia,None,Normal,5: Lying down (controlled)
1789150920.4890661,3657,Person B,1000.8,3109.2,160.0,3261.05,17.97,True,Active,shazia,None,Normal,5: Lying down (controlled)
1789150920.5871634,3658,Person B,1000.4,3108.1,240.0,3258.84,17.96,True,Active,shazia,None,Normal,5: Lying down (controlled)
1789150920.6652822,3659,Person B,1000.6,3107.2,560.0,3261.05,17.97,True,Active,shazia,None,Normal,5: Lying down (controlled)
1789150920.7434046,3660,Person B,1001.4,3106.4,160.0,3262.34,17.92,True,Active,shazia,None,Normal,5: Lying down (controlled)
1789150920.821521,3661,Person B,1002.4,3105.9,160.0,3265.22,17.85,True,Active,shazia,None,Normal,5: Lying down (controlled)
1789150920.9308884,3662,Person B,1003.2,3105.6,-80.0,3266.82,17.82,True,Active,shazia,None,Normal,5: Lying down (controlled)
1789150921.0090086,3663,Person B,1003.5,3105.6,160.0,3267.77,17.82,True,Active,shazia,None,Normal,5: Lying down (controlled)
1789150921.0915153,3664,Person B,1002.9,3105.9,-80.0,3266.85,17.77,True,Active,shazia,None,Normal,5: Lying down (controlled)
1789150921.1696353,3665,Person B,1002.1,3106.1,-80.0,3264.95,17.78,True,Active,shazia,None,Normal,5: Lying down (controlled)
1789150921.2321327,3666,Person B,1001.5,3106.4,160.0,3263.66,17.82,True,Active,shazia,None,Normal,5: Lying down (controlled)
1789150921.3414817,3667,Person B,1000.7,3106.7,-80.0,3261.45,17.82,True,Active,shazia,None,Normal,5: Lying down (controlled)
1789150921.4196181,3668,Person B,1000.3,3107.0,160.0,3260.46,17.88,True,Active,shazia,None,Normal,5: Lying down (controlled)
1789150921.4977367,3669,Person B,999.8,3107.1,240.0,3260.46,17.88,True,Active,shazia,None,Normal,5: Lying down (controlled)
1789150921.5795238,3670,Person B,999.6,3107.4,560.0,3264.58,17.87,True,Active,shazia,None,Normal,5: Lying down (controlled)
1789150921.673269,3671,Person B,999.6,3107.5,160.0,3266.17,17.85,True,Active,shazia,None,Normal,5: Lying down (controlled)
1789150921.7826345,3672,Person B,999.8,3107.3,240.0,3265.53,17.87,True,Active,shazia,None,Normal,5: Lying down (controlled)
1789150921.860739,3673,Person B,1000.5,3106.7,320.0,3264.21,17.97,True,Active,shazia,None,Normal,5: Lying down (controlled)
1789150921.9388545,3674,Person B,1001.9,3105.8,160.0,3262.59,18.05,True,Active,shazia,None,Normal,5: Lying down (controlled)
1789150922.0169935,3675,Person B,1003.5,3104.9,-80.0,3261.31,18.1,True,Active,shazia,None,Normal,5: Lying down (controlled)
1789150922.0994391,3676,Person B,1005.4,3103.9,320.0,3260.02,18.2,True,Active,shazia,None,Normal,5: Lying down (controlled)
1789150922.2087872,3677,Person B,1007.6,3103.0,160.0,3259.7,18.23,True,Active,shazia,None,Normal,5: Lying down (controlled)
1789150922.3025308,3678,Person B,1009.7,3102.1,80.0,3258.42,18.28,True,Active,shazia,None,Normal,5: Lying down (controlled)
1789150922.3806696,3679,Person B,1012.1,3100.9,-80.0,3256.52,18.35,True,Active,shazia,None,Normal,5: Lying down (controlled)
1789150922.45877,3680,Person B,1014.3,3099.3,240.0,3256.2,18.33,True,Active,shazia,None,Normal,5: Lying down (controlled)
1789150922.5427048,3681,Person B,1016.6,3097.2,-80.0,3253.36,18.35,True,Active,shazia,None,Normal,5: Lying down (controlled)
1789150922.6364558,3682,Person B,1018.8,3095.1,80.0,3252.41,18.35,True,Active,shazia,None,Normal,5: Lying down (controlled)
1789150922.730195,3683,Person B,1020.3,3093.3,240.0,3251.78,18.32,True,Active,shazia,None,Normal,5: Lying down (controlled)
1789150922.808316,3684,Person B,1021.1,3091.8,-80.0,3250.84,18.27,True,Active,shazia,None,Normal,5: Lying down (controlled)
1789150922.9489498,3685,Person B,1021.4,3090.5,320.0,3249.9,18.22,True,Active,shazia,None,Normal,5: Lying down (controlled)
1789150923.011445,3686,Person B,1021.1,3089.7,80.0,3251.48,18.19,True,Active,shazia,None,Normal,5: Lying down (controlled)
1789150923.1110282,3687,Person B,1020.3,3089.1,-80.0,3251.5,18.13,True,Active,shazia,None,Normal,5: Lying down (controlled)
1789150923.1735215,3688,Person B,1019.4,3088.6,160.0,3250.86,18.16,True,Active,shazia,None,Normal,5: Lying down (controlled)
1789150923.2829082,3689,Person B,1018.0,3088.3,240.0,3249.29,18.13,True,Active,shazia,None,Normal,5: Lying down (controlled)
1789150923.3610272,3690,Person B,1016.8,3088.2,560.0,3251.5,18.13,True,Active,shazia,None,Normal,5: Lying down (controlled)
1789150923.4391286,3691,Person B,1015.4,3088.7,160.0,3253.73,18.08,True,Active,shazia,None,Normal,5: Lying down (controlled)
1789150923.5328734,3692,Person B,1014.0,3090.0,560.0,3260.38,18.05,True,Active,shazia,None,Normal,5: Lying down (controlled)
1789150923.6243622,3693,Person B,1012.6,3092.0,-80.0,3266.42,17.97,True,Active,shazia,None,Normal,5: Lying down (controlled)
1789150923.7025006,3694,Person B,1011.4,3094.2,160.0,3268.02,17.95,True,Active,shazia,None,Normal,5: Lying down (controlled)
1789150923.796224,3695,Person B,1010.5,3096.1,-80.0,3265.16,17.96,True,Active,shazia,None,Normal,5: Lying down (controlled)
1789150923.905611,3696,Person B,1009.9,3097.7,320.0,3264.83,18.0,True,Active,shazia,None,Normal,5: Lying down (controlled)
1789150923.9993546,3697,Person B,1009.6,3099.0,160.0,3262.93,18.01,True,Active,shazia,None,Normal,5: Lying down (controlled)
1789150924.0898852,3698,Person B,1009.4,3099.8,0.0,3257.84,18.08,True,Active,shazia,None,Normal,5: Lying down (controlled)
1789150924.168025,3699,Person B,1009.8,3100.3,160.0,3255.28,18.17,True,Active,shazia,None,Normal,5: Lying down (controlled)
1789150924.261767,3700,Person B,1010.1,3100.4,240.0,3253.38,18.18,True,Active,shazia,None,Normal,5: Lying down (controlled)
1789150924.3242438,3701,Person B,1010.6,3099.9,-80.0,3250.53,18.2,True,Active,shazia,None,Normal,5: Lying down (controlled)
1789150924.4492347,3702,Person B,1011.0,3098.6,160.0,3249.27,18.18,True,Active,shazia,None,Normal,5: Lying down (controlled)
1789150924.5117307,3703,Person B,1011.5,3096.6,240.0,3248.96,18.17,True,Active,shazia,None,Normal,5: Lying down (controlled)
1789150924.5955973,3704,Person B,1012.1,3094.4,-80.0,3248.96,18.17,True,Active,shazia,None,Normal,5: Lying down (controlled)
1789150924.720592,3705,Person B,1012.6,3092.7,240.0,3250.55,18.14,True,Active,shazia,None,Normal,5: Lying down (controlled)
1789150924.814319,3706,Person B,1012.7,3091.0,-80.0,3248.98,18.11,True,Active,shazia,None,Normal,5: Lying down (controlled)
1789150924.8924356,3707,Person B,1012.4,3089.8,80.0,3250.59,18.03,True,Active,shazia,None,Normal,5: Lying down (controlled)
1789150924.970555,3708,Person B,1011.7,3089.3,160.0,3250.92,17.99,True,Active,shazia,None,Normal,5: Lying down (controlled)
1789150925.068118,3709,Person B,1010.3,3089.8,390.0,3255.7,17.91,True,Active,shazia,None,Normal,5: Lying down (controlled)
1789150925.146242,3710,Person B,1009.0,3091.0,480.0,3260.77,17.9,True,Active,shazia,None,Normal,5: Lying down (controlled)
1789150925.2243614,3711,Person B,1007.7,3093.1,480.0,3266.48,17.86,True,Active,shazia,None,Normal,5: Lying down (controlled)
1789150925.3181076,3712,Person B,1007.0,3095.9,560.0,3273.72,17.91,True,Active,shazia,None,Normal,5: Lying down (controlled)
1789150925.411851,3713,Person B,1007.5,3098.9,80.0,3279.03,18.09,True,Active,shazia,None,Normal,5: Lying down (controlled)
1789150925.4899874,3714,Person B,1009.0,3102.0,160.0,3283.09,18.25,True,Active,shazia,None,Normal,5: Lying down (controlled)
1789150925.5915065,3715,Person B,1011.7,3104.3,0.0,3280.86,18.46,True,Active,shazia,None,Normal,5: Lying down (controlled)
1789150925.669645,3716,Person B,1015.4,3106.1,320.0,3277.72,18.63,True,Active,shazia,None,Normal,5: Lying down (controlled)
1789150925.7946365,3717,Person B,1019.3,3107.5,160.0,3276.13,18.6,True,Active,shazia,None,Normal,5: Lying down (controlled)
1789150925.8883746,3718,Person B,1023.2,3109.1,320.0,3278.34,18.55,True,Active,shazia,None,Normal,5: Lying down (controlled)
1789150925.9664993,3719,Person B,1027.2,3110.2,160.0,3278.65,18.51,True,Active,shazia,None,Normal,5: Lying down (controlled)
1789150926.0446196,3720,Person B,1030.6,3110.9,240.0,3278.02,18.42,True,Active,shazia,None,Normal,5: Lying down (controlled)
1789150926.1282845,3721,Person B,1033.6,3111.1,480.0,3277.7,18.35,True,Active,shazia,None,Normal,5: Lying down (controlled)
1789150926.206403,3722,Person B,1035.7,3110.9,160.0,3278.35,18.27,True,Active,shazia,None,Normal,5: Lying down (controlled)
1789150926.6177456,3723,Person B,1036.5,3110.4,240.0,3276.77,18.25,True,Active,shazia,None,Normal,5: Lying down (controlled)
1789150926.6802607,3724,Person B,1036.4,3109.7,80.0,3276.13,18.27,True,Active,shazia,None,Normal,5: Lying down (controlled)
1789150926.7583802,3725,Person B,1035.2,3109.5,240.0,3275.18,18.27,True,Active,shazia,None,Normal,5: Lying down (controlled)
1789150926.8365002,3726,Person B,1033.4,3109.6,-80.0,3272.96,18.32,True,Active,shazia,None,Normal,5: Lying down (controlled)
1789150926.9146006,3727,Person B,1032.1,3109.8,320.0,3273.91,18.37,True,Active,shazia,None,Normal,5: Lying down (controlled)
1789150927.023971,3728,Person B,1031.0,3109.7,160.0,3273.91,18.37,True,Active,shazia,None,Normal,5: Lying down (controlled)
1789150927.0864835,3729,Person B,1030.1,3109.7,320.0,3275.81,18.36,True,Active,shazia,None,Normal,5: Lying down (controlled)
1789150927.1646318,3730,Person B,1029.7,3109.6,160.0,3275.81,18.36,True,Active,shazia,None,Normal,5: Lying down (controlled)
1789150927.227107,3731,Person B,1029.4,3109.5,240.0,3275.81,18.31,True,Active,shazia,None,Normal,5: Lying down (controlled)
1789150927.3364763,3732,Person B,1029.4,3109.5,560.0,3278.35,18.27,True,Active,shazia,None,Normal,5: Lying down (controlled)
1789150927.4302175,3733,Person B,1029.3,3109.7,160.0,3278.36,18.22,True,Active,shazia,None,Normal,5: Lying down (controlled)
1789150927.4927166,3734,Person B,1029.1,3109.9,160.0,3277.41,18.22,True,Active,shazia,None,Normal,5: Lying down (controlled)
1789150927.5708358,3735,Person B,1029.3,3110.1,80.0,3277.71,18.3,True,Active,shazia,None,Normal,5: Lying down (controlled)
1789150927.641041,3736,Person B,1029.4,3110.7,320.0,3278.97,18.31,True,Active,shazia,None,Normal,5: Lying down (controlled)
1789150927.7347853,3737,Person B,1029.0,3111.0,-80.0,3275.5,18.29,True,Active,shazia,None,Normal,5: Lying down (controlled)
1789150927.8285284,3738,Person B,1028.6,3111.3,320.0,3275.5,18.29,True,Active,shazia,None,Normal,5: Lying down (controlled)
1789150927.9222686,3739,Person B,1028.2,3111.4,160.0,3275.5,18.29,True,Active,shazia,None,Normal,5: Lying down (controlled)
1789150927.9847648,3740,Person B,1027.6,3111.8,320.0,3277.72,18.24,True,Active,shazia,None,Normal,5: Lying down (controlled)
1789150928.062903,3741,Person B,1027.3,3112.4,480.0,3280.57,18.23,True,Active,shazia,None,Normal,5: Lying down (controlled)
1789150928.1466143,3742,Person B,1026.9,3113.0,160.0,3282.79,18.18,True,Active,shazia,None,Normal,5: Lying down (controlled)
1789150928.240064,3743,Person B,1026.9,3114.2,560.0,3289.76,18.15,True,Active,shazia,None,Normal,5: Lying down (controlled)
1789150928.3320525,3744,Person B,1026.9,3115.9,-80.0,3293.56,18.13,True,Active,shazia,None,Normal,5: Lying down (controlled)
1789150928.3945487,3745,Person B,1026.5,3117.8,160.0,3294.51,18.13,True,Active,shazia,None,Normal,5: Lying down (controlled)
1789150928.4726684,3746,Person B,1026.3,3119.2,0.0,3291.64,18.2,True,Active,shazia,None,Normal,5: Lying down (controlled)
1789150928.5507877,3747,Person B,1026.5,3120.8,560.0,3291.32,18.24,True,Active,shazia,None,Normal,5: Lying down (controlled)
1789150928.6370726,3748,Person B,1026.6,3122.2,160.0,3289.11,18.23,True,Active,shazia,None,Normal,5: Lying down (controlled)
1789150928.7151954,3749,Person B,1026.7,3123.7,320.0,3290.06,18.23,True,Active,shazia,None,Normal,5: Lying down (controlled)
1789150928.7933156,3750,Person B,1027.1,3124.8,160.0,3289.42,18.25,True,Active,shazia,None,Normal,5: Lying down (controlled)
1789150928.8558116,3751,Person B,1027.3,3125.6,240.0,3288.79,18.21,True,Active,shazia,None,Normal,5: Lying down (controlled)
1789150928.965195,3752,Person B,1027.6,3126.4,560.0,3291.33,18.18,True,Active,shazia,None,Normal,5: Lying down (controlled)
1789150929.0433147,3753,Person B,1027.7,3126.6,160.0,3291.97,18.16,True,Active,shazia,None,Normal,5: Lying down (controlled)
1789150929.141079,3754,Person B,1027.6,3126.4,240.0,3291.35,18.13,True,Active,shazia,None,Normal,5: Lying down (controlled)
1789150929.2035577,3755,Person B,1026.8,3125.9,-80.0,3287.27,18.02,True,Active,shazia,None,Normal,5: Lying down (controlled)
1789150929.2816937,3756,Person B,1025.2,3125.7,240.0,3284.78,17.94,True,Active,shazia,None,Normal,5: Lying down (controlled)
1789150929.375437,3757,Person B,1023.0,3125.2,-80.0,3279.74,17.9,True,Active,shazia,None,Normal,5: Lying down (controlled)
1789150929.4691615,3758,Person B,1020.9,3124.8,320.0,3278.79,17.9,True,Active,shazia,None,Normal,5: Lying down (controlled)
1789150929.5472834,3759,Person B,1018.8,3124.1,160.0,3276.89,17.92,True,Active,shazia,None,Normal,5: Lying down (controlled)
1789150929.6312544,3760,Person B,1016.3,3123.6,240.0,3276.92,17.86,True,Active,shazia,None,Normal,5: Lying down (controlled)
1789150929.6937697,3761,Person B,1014.0,3123.4,480.0,3279.77,17.84,True,Active,shazia,None,Normal,5: Lying down (controlled)
1789150929.8187416,3762,Person B,1011.4,3123.1,160.0,3280.45,17.77,True,Active,shazia,None,Normal,5: Lying down (controlled)
1789150929.896866,3763,Person B,1008.8,3122.8,240.0,3281.1,17.74,True,Active,shazia,None,Normal,5: Lying down (controlled)
1789150930.0374794,3764,Person B,1006.9,3122.2,480.0,3279.77,17.84,True,Active,shazia,None,Normal,5: Lying down (controlled)
1789150930.1312249,3765,Person B,1006.1,3121.5,240.0,3278.15,17.93,True,Active,shazia,None,Normal,5: Lying down (controlled)
1789150930.2093508,3766,Person B,1006.2,3120.6,-80.0,3276.53,18.01,True,Active,shazia,None,Normal,5: Lying down (controlled)
1789150930.303095,3767,Person B,1007.0,3119.9,-80.0,3275.55,18.07,True,Active,shazia,None,Normal,5: Lying down (controlled)
1789150930.3968408,3768,Person B,1007.8,3119.2,160.0,3274.6,18.08,True,Active,shazia,None,Normal,5: Lying down (controlled)
1789150930.4593341,3769,Person B,1008.7,3118.6,640.0,3273.96,18.1,True,Active,shazia,None,Normal,5: Lying down (controlled)
1789150930.537472,3770,Person B,1010.2,3117.7,160.0,3273.0,18.16,True,Active,shazia,None,Normal,5: Lying down (controlled)
1789150930.6257644,3771,Person B,1012.0,3116.8,390.0,3276.78,18.19,True,Active,shazia,None,Normal,5: Lying down (controlled)
1789150930.7351546,3772,Person B,1014.3,3116.0,0.0,3279.94,18.19,True,Active,shazia,None,Normal,5: Lying down (controlled)
1789150930.8288822,3773,Person B,1016.8,3115.3,480.0,3282.16,18.2,True,Active,shazia,None,Normal,5: Lying down (controlled)
1789150930.9070182,3774,Person B,1018.6,3115.0,160.0,3282.48,18.16,True,Active,shazia,None,Normal,5: Lying down (controlled)
1789150930.9695134,3775,Person B,1020.0,3114.9,-80.0,3281.53,18.16,True,Active,shazia,None,Normal,5: Lying down (controlled)
1789150931.063239,3776,Person B,1020.9,3115.1,240.0,3281.22,18.15,True,Active,shazia,None,Normal,5: Lying down (controlled)
1789150931.1315868,3777,Person B,1021.3,3115.4,-80.0,3279.65,18.12,True,Active,shazia,None,Normal,5: Lying down (controlled)
1789150931.225335,3778,Person B,1022.0,3115.6,320.0,3278.68,18.18,True,Active,shazia,None,Normal,5: Lying down (controlled)
1789150931.319098,3779,Person B,1022.9,3115.8,160.0,3278.67,18.24,True,Active,shazia,None,Normal,5: Lying down (controlled)
1789150931.3971977,3780,Person B,1023.4,3116.2,240.0,3278.36,18.22,True,Active,shazia,None,Normal,5: Lying down (controlled)
1789150931.4597127,3781,Person B,1023.5,3116.4,-80.0,3278.99,18.2,True,Active,shazia,None,Normal,5: Lying down (controlled)
1789150931.5534368,3782,Person B,1023.1,3116.3,240.0,3277.75,18.13,True,Active,shazia,None,Normal,5: Lying down (controlled)
1789150931.6315556,3783,Person B,1022.3,3116.4,560.0,3280.62,18.06,True,Active,shazia,None,Normal,5: Lying down (controlled)
1789150931.7096949,3784,Person B,1021.6,3116.5,80.0,3281.26,18.04,True,Active,shazia,None,Normal,5: Lying down (controlled)
1789150931.8502913,3785,Person B,1020.7,3116.6,240.0,3279.69,18.01,True,Active,shazia,None,Normal,5: Lying down (controlled)
1789150931.9127867,3786,Person B,1019.9,3116.6,0.0,3278.74,18.01,True,Active,shazia,None,Normal,5: Lying down (controlled)
1789150932.0221536,3787,Person B,1019.3,3116.5,320.0,3276.84,18.03,True,Active,shazia,None,Normal,5: Lying down (controlled)
1789150932.100277,3788,Person B,1018.2,3116.6,160.0,3276.22,17.99,True,Active,shazia,None,Normal,5: Lying down (controlled)
1789150932.1881013,3789,Person B,1016.5,3116.9,160.0,3276.24,17.94,True,Active,shazia,None,Normal,5: Lying down (controlled)
1789150932.2505968,3790,Person B,1014.8,3117.0,160.0,3274.03,17.93,True,Active,shazia,None,Normal,5: Lying down (controlled)
1789150932.3287177,3791,Person B,1012.9,3117.1,240.0,3274.06,17.88,True,Active,shazia,None,Normal,5: Lying down (controlled)
1789150932.4224436,3792,Person B,1011.5,3117.3,480.0,3275.32,17.89,True,Active,shazia,None,Normal,5: Lying down (controlled)
1789150932.5318072,3793,Person B,1010.1,3117.2,160.0,3275.35,17.83,True,Active,shazia,None,Normal,5: Lying down (controlled)
1789150932.6099474,3794,Person B,1008.9,3117.0,240.0,3275.66,17.85,True,Active,shazia,None,Normal,5: Lying down (controlled)
1789150932.7230263,3795,Person B,1007.8,3116.9,-80.0,3275.35,17.83,True,Active,shazia,None,Normal,5: Lying down (controlled)
1789150932.7855186,3796,Person B,1006.6,3116.8,240.0,3274.09,17.82,True,Active,shazia,None,Normal,5: Lying down (controlled)
1789150932.8948672,3797,Person B,1005.4,3116.8,-80.0,3273.14,17.83,True,Active,shazia,None,Normal,5: Lying down (controlled)
1789150932.972989,3798,Person B,1004.6,3116.6,320.0,3271.85,17.87,True,Active,shazia,None,Normal,5: Lying down (controlled)
1789150933.0511255,3799,Person B,1003.9,3116.3,160.0,3271.24,17.84,True,Active,shazia,None,Normal,5: Lying down (controlled)
1789150933.145864,3800,Person B,1003.4,3116.0,640.0,3269.64,17.86,True,Active,shazia,None,Normal,5: Lying down (controlled)
1789150933.2422426,3801,Person B,1003.4,3115.3,160.0,3267.4,17.91,True,Active,shazia,None,Normal,5: Lying down (controlled)
1789150933.3203611,3802,Person B,1003.3,3114.3,240.0,3265.5,17.92,True,Active,shazia,None,Normal,5: Lying down (controlled)
1789150933.4297285,3803,Person B,1003.6,3113.0,-80.0,3263.9,17.95,True,Active,shazia,None,Normal,5: Lying down (controlled)
1789150933.492244,3804,Person B,1003.7,3111.6,240.0,3262.64,17.94,True,Active,shazia,None,Normal,5: Lying down (controlled)
1789150933.5859687,3805,Person B,1003.9,3110.2,240.0,3262.64,17.94,True,Active,shazia,None,Normal,5: Lying down (controlled)
1789150933.6677928,3806,Person B,1004.6,3108.6,320.0,3261.02,18.02,True,Active,shazia,None,Normal,5: Lying down (controlled)
1789150933.7927659,3807,Person B,1005.5,3107.0,240.0,3260.69,18.06,True,Active,shazia,None,Normal,5: Lying down (controlled)
1789150933.8865097,3808,Person B,1006.1,3105.4,-80.0,3258.48,18.06,True,Active,shazia,None,Normal,5: Lying down (controlled)
1789150933.9490242,3809,Person B,1006.9,3103.7,320.0,3257.53,18.06,True,Active,shazia,None,Normal,5: Lying down (controlled)
1789150934.0271242,3810,Person B,1007.5,3102.1,160.0,3256.27,18.05,True,Active,shazia,None,Normal,5: Lying down (controlled)
1789150934.120886,3811,Person B,1007.9,3100.8,640.0,3256.27,18.05,True,Active,shazia,None,Normal,5: Lying down (controlled)
1789150934.2361698,3812,Person B,1008.5,3099.5,160.0,3254.99,18.1,True,Active,shazia,None,Normal,5: Lying down (controlled)
1789150934.345538,3813,Person B,1008.9,3098.4,240.0,3254.68,18.08,True,Active,shazia,None,Normal,5: Lying down (controlled)
1789150934.4080331,3814,Person B,1009.4,3097.3,-80.0,3253.73,18.08,True,Active,shazia,None,Normal,5: Lying down (controlled)
1789150934.4861555,3815,Person B,1009.7,3096.2,160.0,3253.11,18.05,True,Active,shazia,None,Normal,5: Lying down (controlled)
1789150934.5642922,3816,Person B,1009.6,3095.7,480.0,3255.96,18.03,True,Active,shazia,None,Normal,5: Lying down (controlled)
1789150934.663922,3817,Person B,1009.7,3095.4,320.0,3258.15,18.1,True,Active,shazia,None,Normal,5: Lying down (controlled)
1789150934.7732968,3818,Person B,1010.1,3095.3,160.0,3258.77,18.13,True,Active,shazia,None,Normal,5: Lying down (controlled)
1789150934.8357933,3819,Person B,1010.3,3095.1,-80.0,3256.25,18.11,True,Active,shazia,None,Normal,5: Lying down (controlled)
1789150934.91391,3820,Person B,1010.5,3094.8,320.0,3254.04,18.1,True,Active,shazia,None,Normal,5: Lying down (controlled)
1789150935.0232992,3821,Person B,1010.6,3094.4,160.0,3252.78,18.09,True,Active,shazia,None,Normal,5: Lying down (controlled)
1789150935.1326628,3822,Person B,1010.3,3094.4,80.0,3254.06,18.05,True,Active,shazia,None,Normal,5: Lying down (controlled)
1789150935.2263868,3823,Person B,1010.0,3094.3,-80.0,3252.8,18.03,True,Active,shazia,None,Normal,5: Lying down (controlled)
1789150935.2889028,3824,Person B,1009.4,3094.6,160.0,3254.72,17.97,True,Active,shazia,None,Normal,5: Lying down (controlled)
1789150935.3670216,3825,Person B,1008.8,3095.0,-80.0,3255.06,17.93,True,Active,shazia,None,Normal,5: Lying down (controlled)
1789150935.445142,3826,Person B,1007.8,3095.2,-80.0,3254.78,17.86,True,Active,shazia,None,Normal,5: Lying down (controlled)
1789150935.5545094,3827,Person B,1006.2,3095.4,240.0,3255.12,17.82,True,Active,shazia,None,Normal,5: Lying down (controlled)
1789150935.6482368,3828,Person B,1004.2,3095.7,0.0,3255.46,17.78,True,Active,shazia,None,Normal,5: Lying down (controlled)
1789150935.7209165,3829,Person B,1002.4,3096.3,240.0,3256.41,17.77,True,Active,shazia,None,Normal,5: Lying down (controlled)
1789150935.877176,3830,Person B,1000.6,3097.4,80.0,3258.97,17.74,True,Active,shazia,None,Normal,5: Lying down (controlled)
1789150935.955297,3831,Person B,999.1,3098.7,320.0,3260.53,17.77,True,Active,shazia,None,Normal,5: Lying down (controlled)
1789150936.049021,3832,Person B,998.1,3099.7,160.0,3260.49,17.82,True,Active,shazia,None,Normal,5: Lying down (controlled)
1789150936.1271389,3833,Person B,997.4,3100.7,80.0,3260.15,17.86,True,Active,shazia,None,Normal,5: Lying down (controlled)
1789150936.2088706,3834,Person B,996.9,3101.3,-80.0,3258.9,17.85,True,Active,shazia,None,Normal,5: Lying down (controlled)
1789150936.2713656,3835,Person B,996.4,3101.9,160.0,3259.24,17.81,True,Active,shazia,None,Normal,5: Lying down (controlled)
1789150936.365106,3836,Person B,996.2,3102.5,240.0,3259.88,17.79,True,Active,shazia,None,Normal,5: Lying down (controlled)
1789150936.4276016,3837,Person B,996.4,3103.0,80.0,3260.49,17.82,True,Active,shazia,None,Normal,5: Lying down (controlled)
1789150936.5213475,3838,Person B,996.8,3103.3,240.0,3259.54,17.83,True,Active,shazia,None,Normal,5: Lying down (controlled)
1789150936.6151085,3839,Person B,996.9,3103.8,0.0,3261.48,17.76,True,Active,shazia,None,Normal,5: Lying down (controlled)
1789150936.6972275,3840,Person B,997.0,3104.1,320.0,3262.13,17.74,True,Active,shazia,None,Normal,5: Lying down (controlled)
1789150936.8065958,3841,Person B,997.2,3104.0,-80.0,3260.19,17.81,True,Active,shazia,None,Normal,5: Lying down (controlled)
1789150936.8690767,3842,Person B,997.2,3103.9,640.0,3259.54,17.83,True,Active,shazia,None,Normal,5: Lying down (controlled)
1789150936.9784417,3843,Person B,997.2,3103.7,160.0,3258.25,17.87,True,Active,shazia,None,Normal,5: Lying down (controlled)
1789150937.1190734,3844,Person B,997.1,3103.5,240.0,3256.69,17.85,True,Active,shazia,None,Normal,5: Lying down (controlled)
1789150937.1851473,3845,Person B,997.2,3103.1,-80.0,3255.73,17.85,True,Active,shazia,None,Normal,5: Lying down (controlled)
1789150937.2632902,3846,Person B,997.2,3102.5,160.0,3254.17,17.82,True,Active,shazia,None,Normal,5: Lying down (controlled)
1789150937.3257692,3847,Person B,996.9,3101.9,240.0,3253.86,17.81,True,Active,shazia,None,Normal,5: Lying down (controlled)
1789150937.4351358,3848,Person B,996.5,3101.2,-80.0,3251.65,17.8,True,Active,shazia,None,Normal,5: Lying down (controlled)
1789150937.4976296,3849,Person B,996.3,3100.1,240.0,3250.4,17.79,True,Active,shazia,None,Normal,5: Lying down (controlled)
1789150937.5913923,3850,Person B,995.9,3099.0,80.0,3250.43,17.73,True,Active,shazia,None,Normal,5: Lying down (controlled)
1789150937.6694927,3851,Person B,995.2,3098.4,80.0,3252.34,17.72,True,Active,shazia,None,Normal,5: Lying down (controlled)
1789150937.8002424,3852,Person B,994.6,3097.8,160.0,3252.0,17.76,True,Active,shazia,None,Normal,5: Lying down (controlled)
1789150937.8783426,3853,Person B,993.9,3097.4,80.0,3252.3,17.78,True,Active,shazia,None,Normal,5: Lying down (controlled)
1789150937.972105,3854,Person B,993.4,3097.1,-80.0,3252.3,17.78,True,Active,shazia,None,Normal,5: Lying down (controlled)
1789150938.0346007,3855,Person B,992.9,3097.1,160.0,3254.2,17.77,True,Active,shazia,None,Normal,5: Lying down (controlled)
1789150938.1752207,3856,Person B,992.5,3097.3,240.0,3254.85,17.74,True,Active,shazia,None,Normal,5: Lying down (controlled)
1789150938.2727394,3857,Person B,992.4,3097.4,480.0,3254.51,17.78,True,Active,shazia,None,Normal,5: Lying down (controlled)
1789150938.3508775,3858,Person B,992.4,3097.8,160.0,3255.46,17.78,True,Active,shazia,None,Normal,5: Lying down (controlled)
1789150938.4133737,3859,Person B,992.6,3098.2,-80.0,3254.82,17.8,True,Active,shazia,None,Normal,5: Lying down (controlled)
1789150938.5070972,3860,Person B,993.3,3098.3,320.0,3253.52,17.84,True,Active,shazia,None,Normal,5: Lying down (controlled)
1789150938.5695927,3861,Person B,994.0,3098.2,160.0,3253.52,17.84,True,Active,shazia,None,Normal,5: Lying down (controlled)
1789150938.6477163,3862,Person B,994.7,3098.3,320.0,3255.09,17.87,True,Active,shazia,None,Normal,5: Lying down (controlled)
1789150938.747424,3863,Person B,995.6,3098.4,160.0,3256.01,17.92,True,Active,shazia,None,Normal,5: Lying down (controlled)
1789150938.8411846,3864,Person B,996.5,3098.6,240.0,3256.96,17.92,True,Active,shazia,None,Normal,5: Lying down (controlled)
1789150938.9192836,3865,Person B,997.5,3099.0,560.0,3261.08,17.91,True,Active,shazia,None,Normal,5: Lying down (controlled)
1789150939.0442967,3866,Person B,998.6,3099.5,160.0,3262.98,17.9,True,Active,shazia,None,Normal,5: Lying down (controlled)
1789150939.1380382,3867,Person B,999.5,3100.2,160.0,3263.93,17.9,True,Active,shazia,None,Normal,5: Lying down (controlled)
1789150939.2530124,3868,Person B,1000.2,3100.6,-80.0,3261.41,17.87,True,Active,shazia,None,Normal,5: Lying down (controlled)
1789150939.3155088,3869,Person B,1000.6,3101.2,320.0,3261.75,17.84,True,Active,shazia,None,Normal,5: Lying down (controlled)
1789150939.3957858,3870,Person B,1000.7,3101.8,-80.0,3259.54,17.83,True,Active,shazia,None,Normal,5: Lying down (controlled)
1789150939.473888,3871,Person B,1000.6,3102.4,-80.0,3258.93,17.8,True,Active,shazia,None,Normal,5: Lying down (controlled)
1789150939.5676477,3872,Person B,1000.2,3102.8,160.0,3257.67,17.78,True,Active,shazia,None,Normal,5: Lying down (controlled)
1789150939.6769984,3873,Person B,999.2,3103.3,240.0,3257.71,17.73,True,Active,shazia,None,Normal,5: Lying down (controlled)
1789150939.772386,3874,Person B,998.0,3103.7,-80.0,3257.1,17.7,True,Active,shazia,None,Normal,5: Lying down (controlled)
1789150939.8504896,3875,Person B,996.4,3103.8,160.0,3257.14,17.64,True,Active,shazia,None,Normal,5: Lying down (controlled)
1789150939.9442306,3876,Person B,994.9,3103.6,-80.0,3256.49,17.66,True,Active,shazia,None,Normal,5: Lying down (controlled)
1789150940.0379577,3877,Person B,993.5,3103.2,-80.0,3255.84,17.68,True,Active,shazia,None,Normal,5: Lying down (controlled)
1789150940.1160784,3878,Person B,992.5,3102.8,160.0,3254.55,17.73,True,Active,shazia,None,Normal,5: Lying down (controlled)
1789150940.194194,3879,Person B,992.3,3102.0,-80.0,3253.52,17.84,True,Active,shazia,None,Normal,5: Lying down (controlled)
1789150940.2786381,3880,Person B,992.6,3101.2,320.0,3252.85,17.92,True,Active,shazia,None,Normal,5: Lying down (controlled)
1789150940.3567574,3881,Person B,993.0,3100.4,160.0,3252.54,17.91,True,Active,shazia,None,Normal,5: Lying down (controlled)
1789150940.4505038,3882,Person B,993.5,3099.3,0.0,3248.74,17.93,True,Active,shazia,None,Normal,5: Lying down (controlled)
1789150940.5286198,3883,Person B,994.7,3097.8,160.0,3247.12,18.01,True,Active,shazia,None,Normal,5: Lying down (controlled)
1789150940.6223834,3884,Person B,996.2,3096.1,240.0,3245.52,18.04,True,Active,shazia,None,Normal,5: Lying down (controlled)
1789150940.700484,3885,Person B,998.5,3094.0,-80.0,3244.22,18.14,True,Active,shazia,None,Normal,5: Lying down (controlled)
1789150940.7953227,3886,Person B,1000.9,3091.9,160.0,3243.9,18.18,True,Active,shazia,None,Normal,5: Lying down (controlled)
1789150940.8890479,3887,Person B,1003.1,3090.1,160.0,3245.49,18.15,True,Active,shazia,None,Normal,5: Lying down (controlled)
1789150940.9828086,3888,Person B,1004.7,3088.7,-80.0,3246.14,18.07,True,Active,shazia,None,Normal,5: Lying down (controlled)
1789150941.0609298,3889,Person B,1005.5,3087.8,160.0,3247.42,18.03,True,Active,shazia,None,Normal,5: Lying down (controlled)
1789150941.1390276,3890,Person B,1005.5,3087.1,-80.0,3246.19,17.96,True,Active,shazia,None,Normal,5: Lying down (controlled)
1789150941.2884445,3891,Person B,1005.4,3086.4,-80.0,3245.57,17.93,True,Active,shazia,None,Normal,5: Lying down (controlled)
1789150941.3978114,3892,Person B,1005.1,3086.0,160.0,3244.01,17.9,True,Active,shazia,None,Normal,5: Lying down (controlled)
1789150941.4915361,3893,Person B,1004.6,3085.8,-80.0,3243.67,17.94,True,Active,shazia,None,Normal,5: Lying down (controlled)
1789150941.5696552,3894,Person B,1004.6,3085.7,160.0,3244.57,18.04,True,Active,shazia,None,Normal,5: Lying down (controlled)
1789150941.6477752,3895,Person B,1004.3,3085.8,240.0,3244.24,18.08,True,Active,shazia,None,Normal,5: Lying down (controlled)
1789150941.7295084,3896,Person B,1004.0,3086.4,560.0,3248.67,18.09,True,Active,shazia,None,Normal,5: Lying down (controlled)
1789150941.7920077,3897,Person B,1004.4,3087.0,80.0,3252.43,18.18,True,Active,shazia,None,Normal,5: Lying down (controlled)
1789150941.8857522,3898,Person B,1005.5,3087.5,160.0,3254.32,18.23,True,Active,shazia,None,Normal,5: Lying down (controlled)
1789150941.9638708,3899,Person B,1006.5,3088.0,0.0,3255.28,18.17,True,Active,shazia,None,Normal,5: Lying down (controlled)
1789150942.0420103,3900,Person B,1007.7,3088.6,320.0,3255.61,18.13,True,Active,shazia,None,Normal,5: Lying down (controlled)
1789150942.1201096,3901,Person B,1008.7,3089.4,160.0,3256.27,18.05,True,Active,shazia,None,Normal,5: Lying down (controlled)
1789150942.2338455,3902,Person B,1009.3,3090.2,-80.0,3253.46,17.96,True,Active,shazia,None,Normal,5: Lying down (controlled)
1789150942.3275962,3903,Person B,1009.5,3090.9,160.0,3250.95,17.93,True,Active,shazia,None,Normal,5: Lying down (controlled)
1789150942.405733,3904,Person B,1008.8,3091.8,240.0,3250.98,17.88,True,Active,shazia,None,Normal,5: Lying down (controlled)
1789150942.4838517,3905,Person B,1008.2,3092.7,-80.0,3250.95,17.93,True,Active,shazia,None,Normal,5: Lying down (controlled)
1789150942.5619545,3906,Person B,1007.4,3093.3,160.0,3251.9,17.93,True,Active,shazia,None,Normal,5: Lying down (controlled)
1789150942.655698,3907,Person B,1006.4,3094.1,480.0,3256.94,17.97,True,Active,shazia,None,Normal,5: Lying down (controlled)
1789150942.7547703,3908,Person B,1005.1,3095.4,-80.0,3262.64,17.94,True,Active,shazia,None,Normal,5: Lying down (controlled)
1789150942.8328898,3909,Person B,1004.2,3096.7,160.0,3264.85,17.95,True,Active,shazia,None,Normal,5: Lying down (controlled)
1789150942.9266315,3910,Person B,1003.5,3097.8,-80.0,3263.9,17.95,True,Active,shazia,None,Normal,5: Lying down (controlled)
1789150943.0360024,3911,Person B,1003.5,3098.5,320.0,3262.93,18.01,True,Active,shazia,None,Normal,5: Lying down (controlled)
1789150943.1141198,3912,Person B,1004.2,3099.1,160.0,3261.33,18.04,True,Active,shazia,None,Normal,5: Lying down (controlled)
1789150943.2234862,3913,Person B,1005.3,3099.6,80.0,3259.1,18.09,True,Active,shazia,None,Normal,5: Lying down (controlled)
1789150943.285995,3914,Person B,1006.9,3099.9,-80.0,3258.77,18.13,True,Active,shazia,None,Normal,5: Lying down (controlled)
1789150943.3794556,3915,Person B,1008.0,3100.4,160.0,3259.1,18.09,True,Active,shazia,None,Normal,5: Lying down (controlled)
1789150943.4575753,3916,Person B,1009.1,3100.8,-80.0,3259.1,18.09,True,Active,shazia,None,Normal,5: Lying down (controlled)
1789150943.5513,3917,Person B,1010.1,3100.9,80.0,3260.99,18.13,True,Active,shazia,None,Normal,5: Lying down (controlled)
1789150943.6450455,3918,Person B,1010.9,3100.4,240.0,3260.36,18.1,True,Active,shazia,None,Normal,5: Lying down (controlled)
1789150943.7231653,3919,Person B,1011.4,3099.6,-80.0,3258.79,18.07,True,Active,shazia,None,Normal,5: Lying down (controlled)
1789150943.8111103,3920,Person B,1011.9,3099.0,320.0,3259.74,18.07,True,Active,shazia,None,Normal,5: Lying down (controlled)
1789150943.9048538,3921,Person B,1011.8,3098.7,160.0,3259.76,18.01,True,Active,shazia,None,Normal,5: Lying down (controlled)
1789150943.9985974,3922,Person B,1011.5,3098.5,-80.0,3258.5,18.0,True,Active,shazia,None,Normal,5: Lying down (controlled)
1789150944.0923214,3923,Person B,1011.1,3098.4,160.0,3256.91,18.03,True,Active,shazia,None,Normal,5: Lying down (controlled)
1789150944.1704607,3924,Person B,1010.3,3098.4,240.0,3256.29,18.0,True,Active,shazia,None,Normal,5: Lying down (controlled)
1789150944.267818,3925,Person B,1009.7,3098.5,480.0,3258.2,17.98,True,Active,shazia,None,Normal,5: Lying down (controlled)
1789150944.3772013,3926,Person B,1008.9,3098.7,160.0,3258.53,17.95,True,Active,shazia,None,Normal,5: Lying down (controlled)
1789150944.4553058,3927,Person B,1007.7,3098.8,240.0,3258.22,17.93,True,Active,shazia,None,Normal,5: Lying down (controlled)
1789150944.5646687,3928,Person B,1006.3,3099.0,-80.0,3257.94,17.86,True,Active,shazia,None,Normal,5: Lying down (controlled)
1789150944.6427917,3929,Person B,1004.8,3099.4,240.0,3257.98,17.8,True,Active,shazia,None,Normal,5: Lying down (controlled)
1789150944.720928,3930,Person B,1003.1,3099.5,-80.0,3255.46,17.78,True,Active,shazia,None,Normal,5: Lying down (controlled)
1789150944.802944,3931,Person B,1002.1,3099.3,320.0,3254.78,17.86,True,Active,shazia,None,Normal,5: Lying down (controlled)
1789150944.9122953,3932,Person B,1001.4,3099.1,160.0,3254.44,17.89,True,Active,shazia,None,Normal,5: Lying down (controlled)
1789150944.974788,3933,Person B,1000.6,3099.0,-80.0,3253.49,17.9,True,Active,shazia,None,Normal,5: Lying down (controlled)
1789150945.1622944,3934,Person B,1000.4,3098.7,160.0,3252.82,17.98,True,Active,shazia,None,Normal,5: Lying down (controlled)
1789150945.2559104,3935,Person B,1000.3,3098.3,160.0,3254.08,17.99,True,Active,shazia,None,Normal,5: Lying down (controlled)
1789150945.3847964,3936,Person B,1000.5,3098.3,560.0,3259.15,17.98,True,Active,shazia,None,Normal,5: Lying down (controlled)
1789150945.4785378,3937,Person B,1001.0,3098.7,560.0,3263.57,17.99,True,Active,shazia,None,Normal,5: Lying down (controlled)
1789150945.5410347,3938,Person B,1002.1,3099.1,160.0,3265.14,18.02,True,Active,shazia,None,Normal,5: Lying down (controlled)
1789150945.6503994,3939,Person B,1003.9,3099.2,-80.0,3264.48,18.1,True,Active,shazia,None,Normal,5: Lying down (controlled)
1789150945.7129135,3940,Person B,1006.3,3099.4,320.0,3264.77,18.17,True,Active,shazia,None,Normal,5: Lying down (controlled)
1789150945.783584,3941,Person B,1008.4,3099.7,160.0,3264.13,18.19,True,Active,shazia,None,Normal,5: Lying down (controlled)
1789150945.8773315,3942,Person B,1010.0,3099.7,-80.0,3259.4,18.16,True,Active,shazia,None,Normal,5: Lying down (controlled)
1789150945.955454,3943,Person B,1011.6,3099.4,160.0,3255.6,18.18,True,Active,shazia,None,Normal,5: Lying down (controlled)
1789150946.049214,3944,Person B,1012.5,3099.3,160.0,3254.66,18.13,True,Active,shazia,None,Normal,5: Lying down (controlled)
1789150946.127335,3945,Person B,1012.9,3099.1,-80.0,3253.42,18.07,True,Active,shazia,None,Normal,5: Lying down (controlled)
1789150946.2054336,3946,Person B,1013.0,3098.6,160.0,3254.7,18.02,True,Active,shazia,None,Normal,5: Lying down (controlled)
1789150946.2679322,3947,Person B,1012.8,3097.7,240.0,3254.39,18.01,True,Active,shazia,None,Normal,5: Lying down (controlled)
1789150946.3684072,3948,Person B,1012.5,3096.7,0.0,3254.7,18.02,True,Active,shazia,None,Normal,5: Lying down (controlled)
1789150946.4465473,3949,Person B,1012.0,3095.8,160.0,3254.37,18.06,True,Active,shazia,None,Normal,5: Lying down (controlled)
1789150946.524647,3950,Person B,1011.0,3095.2,160.0,3255.96,18.03,True,Active,shazia,None,Normal,5: Lying down (controlled)
1789150946.6027675,3951,Person B,1009.6,3094.5,-80.0,3253.13,17.99,True,Active,shazia,None,Normal,5: Lying down (controlled)
1789150946.6965098,3952,Person B,1008.6,3094.0,160.0,3251.54,18.02,True,Active,shazia,None,Normal,5: Lying down (controlled)
1789150946.7590091,3953,Person B,1007.5,3093.8,240.0,3250.28,18.01,True,Active,shazia,None,Normal,5: Lying down (controlled)
1789150946.8722575,3954,Person B,1006.9,3093.7,480.0,3251.85,18.04,True,Active,shazia,None,Normal,5: Lying down (controlled)
1789150946.9503772,3955,Person B,1006.7,3093.8,160.0,3253.75,18.03,True,Active,shazia,None,Normal,5: Lying down (controlled)
1789150947.0597248,3956,Person B,1006.8,3094.4,560.0,3260.72,18.01,True,Active,shazia,None,Normal,5: Lying down (controlled)
1789150947.1378443,3957,Person B,1007.2,3095.3,-80.0,3264.19,18.02,True,Active,shazia,None,Normal,5: Lying down (controlled)
1789150947.2628362,3958,Person B,1007.5,3096.3,160.0,3265.14,18.02,True,Active,shazia,None,Normal,5: Lying down (controlled)
1789150947.3451672,3959,Person B,1007.8,3097.2,-80.0,3263.86,18.06,True,Active,shazia,None,Normal,5: Lying down (controlled)
1789150947.4076633,3960,Person B,1008.6,3097.6,320.0,3262.25,18.15,True,Active,shazia,None,Normal,5: Lying down (controlled)
1789150947.4857824,3961,Person B,1010.0,3098.0,160.0,3261.28,18.21,True,Active,shazia,None,Normal,5: Lying down (controlled)
1789150947.5951493,3962,Person B,1011.2,3098.5,240.0,3260.02,18.2,True,Active,shazia,None,Normal,5: Lying down (controlled)
1789150947.6888924,3963,Person B,1012.7,3098.9,160.0,3258.75,18.24,True,Active,shazia,None,Normal,5: Lying down (controlled)
1789150947.7513888,3964,Person B,1013.9,3099.2,160.0,3258.43,18.22,True,Active,shazia,None,Normal,5: Lying down (controlled)
1789150947.835098,3965,Person B,1015.2,3099.7,480.0,3262.55,18.22,True,Active,shazia,None,Normal,5: Lying down (controlled)
1789150947.9132183,3966,Person B,1016.8,3099.5,80.0,3263.8,18.29,True,Active,shazia,None,Normal,5: Lying down (controlled)
1789150948.0382097,3967,Person B,1018.3,3099.0,160.0,3264.11,18.3,True,Active,shazia,None,Normal,5: Lying down (controlled)
1789150948.1163318,3968,Person B,1020.1,3098.2,-80.0,3263.16,18.36,True,Active,shazia,None,Normal,5: Lying down (controlled)
1789150948.1944475,3969,Person B,1022.0,3097.4,320.0,3262.21,18.42,True,Active,shazia,None,Normal,5: Lying down (controlled)
1789150948.2725673,3970,Person B,1023.5,3096.7,160.0,3260.31,18.43,True,Active,shazia,None,Normal,5: Lying down (controlled)
1789150948.350717,3971,Person B,1024.4,3095.8,0.0,3255.57,18.41,True,Active,shazia,None,Normal,5: Lying down (controlled)
1789150948.4600844,3972,Person B,1025.3,3094.5,160.0,3250.51,18.42,True,Active,shazia,None,Normal,5: Lying down (controlled)
1789150948.5381846,3973,Person B,1025.7,3093.3,240.0,3248.61,18.37,True,Active,shazia,None,Normal,5: Lying down (controlled)
1789150948.6163054,3974,Person B,1025.9,3091.9,-80.0,3245.77,18.33,True,Active,shazia,None,Normal,5: Lying down (controlled)
1789150948.7100677,3975,Person B,1025.7,3090.0,160.0,3243.87,18.29,True,Active,shazia,None,Normal,5: Lying down (controlled)
1789150948.803812,3976,Person B,1024.9,3088.2,160.0,3244.2,18.25,True,Active,shazia,None,Normal,5: Lying down (controlled)
1789150948.8923678,3977,Person B,1023.4,3086.9,0.0,3247.07,18.12,True,Active,shazia,None,Normal,5: Lying down (controlled)
1789150948.9861114,3978,Person B,1021.3,3086.2,160.0,3249.95,18.05,True,Active,shazia,None,Normal,5: Lying down (controlled)
1789150949.079872,3979,Person B,1018.8,3086.1,80.0,3253.44,18.01,True,Active,shazia,None,Normal,5: Lying down (controlled)
1789150949.1579716,3980,Person B,1016.3,3086.2,640.0,3253.44,18.01,True,Active,shazia,None,Normal,5: Lying down (controlled)
1789150949.2360916,3981,Person B,1014.2,3086.5,160.0,3251.85,18.04,True,Active,shazia,None,Normal,5: Lying down (controlled)
1789150949.3298347,3982,Person B,1012.2,3087.2,240.0,3250.9,18.04,True,Active,shazia,None,Normal,5: Lying down (controlled)
1789150949.4235816,3983,Person B,1010.6,3088.3,480.0,3254.06,18.05,True,Active,shazia,None,Normal,5: Lying down (controlled)
1789150949.501718,3984,Person B,1009.2,3089.8,160.0,3255.65,18.02,True,Active,shazia,None,Normal,5: Lying down (controlled)
1789150949.595441,3985,Person B,1008.3,3091.9,480.0,3261.02,18.02,True,Active,shazia,None,Normal,5: Lying down (controlled)
1789150949.7204516,3986,Person B,1008.0,3094.2,320.0,3265.12,18.07,True,Active,shazia,None,Normal,5: Lying down (controlled)
1789150949.7829275,3987,Person B,1008.5,3096.1,160.0,3266.69,18.1,True,Active,shazia,None,Normal,5: Lying down (controlled)
1789150949.8887603,3988,Person B,1009.2,3097.5,-80.0,3265.43,18.09,True,Active,shazia,None,Normal,5: Lying down (controlled)
1789150949.9668806,3989,Person B,1010.2,3098.2,320.0,3263.2,18.14,True,Active,shazia,None,Normal,5: Lying down (controlled)
1789150950.044984,3990,Person B,1011.3,3098.7,160.0,3261.61,18.17,True,Active,shazia,None,Normal,5: Lying down (controlled)
1789150950.1387434,3991,Person B,1012.1,3099.3,80.0,3260.04,18.14,True,Active,shazia,None,Normal,5: Lying down (controlled)
1789150950.2480943,3992,Person B,1012.7,3099.8,-80.0,3257.51,18.12,True,Active,shazia,None,Normal,5: Lying down (controlled)
1789150950.3105872,3993,Person B,1012.9,3100.2,160.0,3258.48,18.06,True,Active,shazia,None,Normal,5: Lying down (controlled)
1789150950.3979259,3994,Person B,1013.1,3100.4,240.0,3258.17,18.04,True,Active,shazia,None,Normal,5: Lying down (controlled)
1789150950.4916527,3995,Person B,1013.7,3100.0,80.0,3259.08,18.15,True,Active,shazia,None,Normal,5: Lying down (controlled)
1789150950.6010401,3996,Person B,1014.3,3099.3,160.0,3260.33,18.21,True,Active,shazia,None,Normal,5: Lying down (controlled)
1789150950.7104034,3997,Person B,1015.3,3098.4,-80.0,3261.26,18.32,True,Active,shazia,None,Normal,5: Lying down (controlled)
1789150950.804148,3998,Person B,1016.8,3097.6,320.0,3262.52,18.38,True,Active,shazia,None,Normal,5: Lying down (controlled)
1789150950.8828533,3999,Person B,1018.1,3097.2,160.0,3263.47,18.38,True,Active,shazia,None,Normal,5: Lying down (controlled)
1789150950.960953,4000,Person B,1018.7,3097.0,-80.0,3261.59,18.28,True,Active,shazia,None,Normal,5: Lying down (controlled)
1789150951.0234516,4001,Person B,1019.2,3096.9,160.0,3260.65,18.23,True,Active,shazia,None,Normal,5: Lying down (controlled)
1789150951.1484594,4002,Person B,1019.5,3097.0,240.0,3259.4,18.16,True,Active,shazia,None,Normal,5: Lying down (controlled)
1789150951.242203,4003,Person B,1020.1,3097.2,480.0,3262.25,18.15,True,Active,shazia,None,Normal,5: Lying down (controlled)
1789150951.3370516,4004,Person B,1020.7,3097.5,160.0,3262.89,18.12,True,Active,shazia,None,Normal,5: Lying down (controlled)
1789150951.4026487,4005,Person B,1020.9,3098.4,480.0,3268.26,18.13,True,Active,shazia,None,Normal,5: Lying down (controlled)
1789150951.4807477,4006,Person B,1020.6,3099.9,80.0,3273.65,18.08,True,Active,shazia,None,Normal,5: Lying down (controlled)
1789150951.5744934,4007,Person B,1019.6,3101.6,160.0,3274.29,18.06,True,Active,shazia,None,Normal,5: Lying down (controlled)
1789150951.6682377,4008,Person B,1018.4,3103.1,-80.0,3273.01,18.1,True,Active,shazia,None,Normal,5: Lying down (controlled)
1789150951.7463572,4009,Person B,1017.6,3104.2,320.0,3271.41,18.19,True,Active,shazia,None,Normal,5: Lying down (controlled)
1789150951.8244743,4010,Person B,1017.7,3105.1,160.0,3270.45,18.25,True,Active,shazia,None,Normal,5: Lying down (controlled)
1789150951.9072833,4011,Person B,1018.1,3105.8,240.0,3268.55,18.26,True,Active,shazia,None,Normal,5: Lying down (controlled)
1789150952.0166512,4012,Person B,1019.2,3106.2,160.0,3266.64,18.32,True,Active,shazia,None,Normal,5: Lying down (controlled)
1789150952.1103966,4013,Person B,1020.3,3106.2,160.0,3265.69,18.33,True,Active,shazia,None,Normal,5: Lying down (controlled)
1789150952.1885343,4014,Person B,1021.3,3106.6,560.0,3269.81,18.27,True,Active,shazia,None,Normal,5: Lying down (controlled)
1789150952.2666373,4015,Person B,1022.2,3106.7,560.0,3272.02,18.27,True,Active,shazia,None,Normal,5: Lying down (controlled)
1789150952.3662775,4016,Person B,1023.2,3106.3,160.0,3272.97,18.27,True,Active,shazia,None,Normal,5: Lying down (controlled)
1789150952.4600205,4017,Person B,1024.3,3105.5,-80.0,3270.12,18.29,True,Active,shazia,None,Normal,5: Lying down (controlled)
1789150952.569405,4018,Person B,1025.5,3104.7,160.0,3269.17,18.35,True,Active,shazia,None,Normal,5: Lying down (controlled)
1789150952.6318808,4019,Person B,1026.5,3104.0,160.0,3267.9,18.39,True,Active,shazia,None,Normal,5: Lying down (controlled)
1789150952.7256439,4020,Person B,1027.0,3103.7,560.0,3269.17,18.35,True,Active,shazia,None,Normal,5: Lying down (controlled)
1789150952.8037627,4021,Person B,1027.6,3103.7,160.0,3270.43,18.36,True,Active,shazia,None,Normal,5: Lying down (controlled)
1789150952.9131246,4022,Person B,1027.6,3104.1,240.0,3270.44,18.3,True,Active,shazia,None,Normal,5: Lying down (controlled)
1789150953.0225108,4023,Person B,1027.0,3104.9,560.0,3271.41,18.19,True,Active,shazia,None,Normal,5: Lying down (controlled)
1789150953.085005,4024,Person B,1026.4,3105.4,320.0,3272.68,18.14,True,Active,shazia,None,Normal,5: Lying down (controlled)
1789150953.1787283,4025,Person B,1025.7,3105.6,160.0,3271.73,18.15,True,Active,shazia,None,Normal,5: Lying down (controlled)
1789150953.2568676,4026,Person B,1025.0,3105.5,-80.0,3269.83,18.16,True,Active,shazia,None,Normal,5: Lying down (controlled)
1789150953.3349707,4027,Person B,1024.3,3105.6,320.0,3268.88,18.16,True,Active,shazia,None,Normal,5: Lying down (controlled)
1789150953.4239976,4028,Person B,1023.2,3105.9,160.0,3268.57,18.15,True,Active,shazia,None,Normal,5: Lying down (controlled)
1789150953.5177386,4029,Person B,1021.9,3106.3,-80.0,3267.62,18.15,True,Active,shazia,None,Normal,5: Lying down (controlled)
1789150953.5958574,4030,Person B,1021.0,3106.4,160.0,3267.29,18.19,True,Active,shazia,None,Normal,5: Lying down (controlled)
1789150953.6896234,4031,Person B,1020.0,3106.3,240.0,3266.34,18.2,True,Active,shazia,None,Normal,5: Lying down (controlled)
1789150953.783348,4032,Person B,1019.5,3106.3,160.0,3268.87,18.22,True,Active,shazia,None,Normal,5: Lying down (controlled)
1789150953.8814702,4033,Person B,1019.8,3106.0,160.0,3269.5,18.25,True,Active,shazia,None,Normal,5: Lying down (controlled)
1789150953.9595938,4034,Person B,1020.4,3105.5,160.0,3269.81,18.27,True,Active,shazia,None,Normal,5: Lying down (controlled)
1789150954.0533345,4035,Person B,1021.3,3105.1,560.0,3270.75,18.32,True,Active,shazia,None,Normal,5: Lying down (controlled)
1789150954.1314723,4036,Person B,1022.4,3105.0,320.0,3272.33,18.35,True,Active,shazia,None,Normal,5: Lying down (controlled)
1789150954.2408223,4037,Person B,1024.1,3105.1,80.0,3275.17,18.44,True,Active,shazia,None,Normal,5: Lying down (controlled)
1789150954.334568,4038,Person B,1026.2,3105.3,-80.0,3277.07,18.48,True,Active,shazia,None,Normal,5: Lying down (controlled)
1789150954.4169157,4039,Person B,1028.3,3105.6,160.0,3277.07,18.48,True,Active,shazia,None,Normal,5: Lying down (controlled)
1789150954.4950194,4040,Person B,1030.0,3105.9,240.0,3275.49,18.46,True,Active,shazia,None,Normal,5: Lying down (controlled)
1789150954.5887606,4041,Person B,1031.7,3106.2,160.0,3274.54,18.46,True,Active,shazia,None,Normal,5: Lying down (controlled)
1789150954.682506,4042,Person B,1033.1,3106.4,160.0,3275.17,18.44,True,Active,shazia,None,Normal,5: Lying down (controlled)
1789150954.7762463,4043,Person B,1034.1,3107.1,560.0,3279.28,18.38,True,Active,shazia,None,Normal,5: Lying down (controlled)
1789150954.8543663,4044,Person B,1035.2,3108.1,320.0,3282.76,18.4,True,Active,shazia,None,Normal,5: Lying down (controlled)
1789150954.9373863,4045,Person B,1035.9,3109.2,240.0,3283.39,18.37,True,Active,shazia,None,Normal,5: Lying down (controlled)
1789150955.0311103,4046,Person B,1036.5,3110.0,-80.0,3281.81,18.4,True,Active,shazia,None,Normal,5: Lying down (controlled)
1789150955.1248732,4047,Person B,1036.8,3110.4,320.0,3279.91,18.47,True,Active,shazia,None,Normal,5: Lying down (controlled)
1789150955.2185967,4048,Person B,1036.7,3110.6,160.0,3278.65,18.46,True,Active,shazia,None,Normal,5: Lying down (controlled)
1789150955.2967358,4049,Person B,1036.3,3110.3,0.0,3272.96,18.43,True,Active,shazia,None,Normal,5: Lying down (controlled)
1789150955.4107258,4050,Person B,1036.0,3109.7,160.0,3268.85,18.44,True,Active,shazia,None,Normal,5: Lying down (controlled)
1789150955.473223,4051,Person B,1035.5,3109.0,240.0,3266.32,18.42,True,Active,shazia,None,Normal,5: Lying down (controlled)
1789150955.5825894,4052,Person B,1034.7,3108.1,-80.0,3264.11,18.36,True,Active,shazia,None,Normal,5: Lying down (controlled)
1789150955.6450694,4053,Person B,1033.8,3106.7,160.0,3263.16,18.31,True,Active,shazia,None,Normal,5: Lying down (controlled)
1789150955.738812,4054,Person B,1032.5,3105.1,160.0,3263.48,18.27,True,Active,shazia,None,Normal,5: Lying down (controlled)
1789150955.8481762,4055,Person B,1031.3,3103.2,-80.0,3261.59,18.28,True,Active,shazia,None,Normal,5: Lying down (controlled)
1789150955.94192,4056,Person B,1029.9,3101.5,320.0,3261.27,18.26,True,Active,shazia,None,Normal,5: Lying down (controlled)
1789150956.0356636,4057,Person B,1027.9,3100.1,-80.0,3260.33,18.21,True,Active,shazia,None,Normal,5: Lying down (controlled)
1789150956.1137865,4058,Person B,1025.4,3098.8,-80.0,3258.46,18.11,True,Active,shazia,None,Normal,5: Lying down (controlled)
1789150956.2075458,4059,Person B,1022.9,3098.1,160.0,3258.48,18.06,True,Active,shazia,None,Normal,5: Lying down (controlled)
1789150956.3325405,4060,Person B,1020.2,3097.8,240.0,3257.55,18.01,True,Active,shazia,None,Normal,5: Lying down (controlled)
1789150956.4022021,4061,Person B,1017.8,3097.7,160.0,3257.86,18.02,True,Active,shazia,None,Normal,5: Lying down (controlled)
1789150956.4959264,4062,Person B,1015.7,3097.8,160.0,3258.5,18.0,True,Active,shazia,None,Normal,5: Lying down (controlled)
1789150956.574049,4063,Person B,1014.2,3098.2,480.0,3262.29,18.04,True,Active,shazia,None,Normal,5: Lying down (controlled)
1789150956.652166,4064,Person B,1013.5,3098.5,320.0,3264.15,18.14,True,Active,shazia,None,Normal,5: Lying down (controlled)
1789150956.7302854,4065,Person B,1012.9,3098.9,240.0,3263.51,18.16,True,Active,shazia,None,Normal,5: Lying down (controlled)
1789150956.824623,4066,Person B,1012.5,3099.2,240.0,3262.87,18.18,True,Active,shazia,None,Normal,5: Lying down (controlled)
1789150956.9235642,4067,Person B,1012.7,3099.4,320.0,3262.86,18.24,True,Active,shazia,None,Normal,5: Lying down (controlled)
1789150957.0016818,4068,Person B,1013.5,3099.6,160.0,3262.86,18.24,True,Active,shazia,None,Normal,5: Lying down (controlled)
1789150957.0798013,4069,Person B,1014.6,3099.7,80.0,3262.86,18.24,True,Active,shazia,None,Normal,5: Lying down (controlled)
1789150957.15794,4070,Person B,1016.4,3099.6,160.0,3262.21,18.31,True,Active,shazia,None,Normal,5: Lying down (controlled)
1789150957.2516644,4071,Person B,1018.2,3099.5,160.0,3262.53,18.33,True,Active,shazia,None,Normal,5: Lying down (controlled)
1789150957.3454113,4072,Person B,1020.5,3099.0,-80.0,3260.94,18.41,True,Active,shazia,None,Normal,5: Lying down (controlled)
1789150957.445079,4073,Person B,1022.7,3098.1,240.0,3260.62,18.45,True,Active,shazia,None,Normal,5: Lying down (controlled)
1789150957.5232139,4074,Person B,1024.2,3097.2,240.0,3260.31,18.43,True,Active,shazia,None,Normal,5: Lying down (controlled)
1789150957.6013143,4075,Person B,1025.4,3096.4,0.0,3259.68,18.4,True,Active,shazia,None,Normal,5: Lying down (controlled)
1789150957.6950765,4076,Person B,1026.3,3095.8,320.0,3259.99,18.36,True,Active,shazia,None,Normal,5: Lying down (controlled)
1789150957.8200681,4077,Person B,1026.7,3095.5,160.0,3261.26,18.32,True,Active,shazia,None,Normal,5: Lying down (controlled)
1789150957.9175453,4078,Person B,1026.8,3095.1,-80.0,3259.37,18.27,True,Active,shazia,None,Normal,5: Lying down (controlled)
1789150957.995645,4079,Person B,1026.8,3094.5,160.0,3257.16,18.27,True,Active,shazia,None,Normal,5: Lying down (controlled)
1789150958.0737836,4080,Person B,1026.2,3094.0,240.0,3255.58,18.24,True,Active,shazia,None,Normal,5: Lying down (controlled)
1789150958.1519032,4081,Person B,1025.5,3093.9,480.0,3259.38,18.22,True,Active,shazia,None,Normal,5: Lying down (controlled)
1789150958.2924995,4082,Person B,1024.2,3094.3,160.0,3260.66,18.17,True,Active,shazia,None,Normal,5: Lying down (controlled)
1789150958.4024026,4083,Person B,1022.7,3095.4,480.0,3266.36,18.14,True,Active,shazia,None,Normal,5: Lying down (controlled)
1789150958.5318003,4084,Person B,1021.6,3096.7,320.0,3269.2,18.18,True,Active,shazia,None,Normal,5: Lying down (controlled)
