timestamp,sequence_id,target_id,x_mm,y_mm,speed_mms,distance_mm,angle_deg,valid,status,volunteer_id,fall_subtype,pace_variant,action_label
1789491608.663342,911,Person A,1484.8,1664.7,-480.0,2252.86,42.12,True,Searching,shazia,None,Normal,5: Lying down (controlled)
1789491608.741467,912,Person A,1484.8,1664.7,-480.0,2252.86,42.12,True,Searching,shazia,None,Normal,5: Lying down (controlled)
1789491608.850831,913,Person A,1484.8,1664.7,-480.0,2252.86,42.12,True,Searching,shazia,None,Normal,5: Lying down (controlled)
1789491608.9445755,914,Person A,1484.8,1664.7,-480.0,2252.86,42.12,True,Searching,shazia,None,Normal,5: Lying down (controlled)
1789491609.0226943,915,Person A,1484.8,1664.7,-480.0,2252.86,42.12,True,Searching,shazia,None,Normal,5: Lying down (controlled)
1789491609.122713,916,Person A,1484.8,1664.7,-480.0,2252.86,42.12,True,Searching,shazia,None,Normal,5: Lying down (controlled)
1789491609.2069752,917,Person A,1484.8,1664.7,-480.0,2252.86,42.12,True,Searching,shazia,None,Normal,5: Lying down (controlled)
1789491609.2894554,918,Person A,1484.8,1664.7,-480.0,2252.86,42.12,True,Searching,shazia,None,Normal,5: Lying down (controlled)
1789491609.3988252,919,Person A,1484.8,1664.7,-480.0,2252.86,42.12,True,Searching,shazia,None,Normal,5: Lying down (controlled)
1789491609.4613197,920,Person A,1484.8,1664.7,-480.0,2252.86,42.12,True,Searching,shazia,None,Normal,5: Lying down (controlled)
1789491609.5394394,921,Person A,1484.8,1664.7,-480.0,2252.86,42.12,True,Searching,shazia,None,Normal,5: Lying down (controlled)
1789491609.6175773,922,Person A,1484.8,1664.7,-480.0,2252.86,42.12,True,Searching,shazia,None,Normal,5: Lying down (controlled)
1789491609.740271,923,Person A,1484.8,1664.7,-480.0,2252.86,42.12,True,Searching,shazia,None,Normal,5: Lying down (controlled)
1789491609.8402221,924,Person A,1484.8,1664.7,-480.0,2252.86,42.12,True,Searching,shazia,None,Normal,5: Lying down (controlled)
1789491609.9244685,925,Person A,1484.8,1664.7,-480.0,2252.86,42.12,True,Searching,shazia,None,Normal,5: Lying down (controlled)
1789491609.9903302,926,Person A,1484.8,1664.7,-480.0,2252.86,42.12,True,Searching,shazia,None,Normal,5: Lying down (controlled)
1789491610.0734549,927,Person A,1484.8,1664.7,-480.0,2252.86,42.12,True,Searching,shazia,None,Normal,5: Lying down (controlled)
1789491610.173777,928,Person A,1484.8,1664.7,-480.0,2252.86,42.12,True,Searching,shazia,None,Normal,5: Lying down (controlled)
1789491610.2904,929,Person A,1484.8,1664.7,-480.0,2252.86,42.12,True,Searching,shazia,None,Normal,5: Lying down (controlled)
1789491610.407867,930,Person A,1484.8,1664.7,-480.0,2252.86,42.12,True,Searching,shazia,None,Normal,5: Lying down (controlled)
1789491610.5211785,931,Person A,1484.8,1664.7,-480.0,2252.86,42.12,True,Searching,shazia,None,Normal,5: Lying down (controlled)
1789491610.5993142,932,Person A,1484.8,1664.7,-480.0,2252.86,42.12,True,Searching,shazia,None,Normal,5: Lying down (controlled)
1789491610.7068026,933,Person A,1484.8,1664.7,-480.0,2252.86,42.12,True,Searching,shazia,None,Normal,5: Lying down (controlled)
1789491610.7947073,934,Person A,1484.8,1664.7,-480.0,2252.86,42.12,True,Searching,shazia,None,Normal,5: Lying down (controlled)
1789491610.872827,935,Person A,1484.8,1664.7,-480.0,2252.86,42.12,True,Searching,shazia,None,Normal,5: Lying down (controlled)
1789491610.9353225,936,Person A,1484.8,1664.7,-480.0,2252.86,42.12,True,Searching,shazia,None,Normal,5: Lying down (controlled)
1789491611.0134428,937,Person A,1484.8,1664.7,-480.0,2252.86,42.12,True,Searching,shazia,None,Normal,5: Lying down (controlled)
1789491611.0759177,938,Person A,1484.8,1664.7,-480.0,2252.86,42.12,True,Searching,shazia,None,Normal,5: Lying down (controlled)
1789491611.1853058,939,Person A,1484.8,1664.7,-480.0,2252.86,42.12,True,Searching,shazia,None,Normal,5: Lying down (controlled)
1789491611.2477853,940,Person A,1484.8,1664.7,-480.0,2252.86,42.12,True,Searching,shazia,None,Normal,5: Lying down (controlled)
1789491611.3102808,941,Person A,1484.8,1664.7,-480.0,2252.86,42.12,True,Searching,shazia,None,Normal,5: Lying down (controlled)
1789491611.388418,942,Person A,1484.8,1664.7,-480.0,2252.86,42.12,True,Searching,shazia,None,Normal,5: Lying down (controlled)
1789491611.4977648,943,Person A,1484.8,1664.7,-480.0,2252.86,42.12,True,Searching,shazia,None,Normal,5: Lying down (controlled)
1789491611.575886,944,Person A,1484.8,1664.7,-480.0,2252.86,42.12,True,Searching,shazia,None,Normal,5: Lying down (controlled)
1789491611.6540036,945,Person A,1484.8,1664.7,-480.0,2252.86,42.12,True,Searching,shazia,None,Normal,5: Lying down (controlled)
1789491611.7321432,946,Person A,1484.8,1664.7,-480.0,2252.86,42.12,True,Searching,shazia,None,Normal,5: Lying down (controlled)
1789491611.794639,947,Person A,1484.8,1664.7,-480.0,2252.86,42.12,True,Searching,shazia,None,Normal,5: Lying down (controlled)
1789491611.8883626,948,Person A,1484.8,1664.7,-480.0,2252.86,42.12,True,Searching,shazia,None,Normal,5: Lying down (controlled)
1789491611.982108,949,Person A,1484.8,1664.7,-480.0,2252.86,42.12,True,Searching,shazia,None,Normal,5: Lying down (controlled)
1789491612.0602257,950,Person A,1484.8,1664.7,-480.0,2252.86,42.12,True,Searching,shazia,None,Normal,5: Lying down (controlled)
1789491612.1227264,951,Person A,1484.8,1664.7,-480.0,2252.86,42.12,True,Searching,shazia,None,Normal,5: Lying down (controlled)
1789491612.2008412,952,Person A,1484.8,1664.7,-480.0,2252.86,42.12,True,Searching,shazia,None,Normal,5: Lying down (controlled)
1789491612.2945845,953,Person A,1484.8,1664.7,-480.0,2252.86,42.12,True,Searching,shazia,None,Normal,5: Lying down (controlled)
1789491612.4195955,954,Person A,1484.8,1664.7,-480.0,2252.86,42.12,True,Searching,shazia,None,Normal,5: Lying down (controlled)
1789491612.482091,955,Person A,1484.8,1664.7,-480.0,2252.86,42.12,True,Searching,shazia,None,Normal,5: Lying down (controlled)
1789491612.5445688,956,Person A,1484.8,1664.7,-480.0,2252.86,42.12,True,Searching,shazia,None,Normal,5: Lying down (controlled)
1789491612.6226876,957,Person A,1484.8,1664.7,-480.0,2252.86,42.12,True,Searching,shazia,None,Normal,5: Lying down (controlled)
1789491612.7008073,958,Person A,1484.8,1664.7,-480.0,2252.86,42.12,True,Searching,shazia,None,Normal,5: Lying down (controlled)
1789491612.7945514,959,Person A,1484.8,1664.7,-480.0,2252.86,42.12,True,Searching,shazia,None,Normal,5: Lying down (controlled)
1789491612.8726897,960,Person A,1484.8,1664.7,-480.0,2252.86,42.12,True,Searching,shazia,None,Normal,5: Lying down (controlled)
1789491612.95081,961,Person A,1484.8,1664.7,-480.0,2252.86,42.12,True,Searching,shazia,None,Normal,5: Lying down (controlled)
1789491613.0289288,962,Person A,1484.8,1664.7,-480.0,2252.86,42.12,True,Searching,shazia,None,Normal,5: Lying down (controlled)
1789491613.1070487,963,Person A,1484.8,1664.7,-480.0,2252.86,42.12,True,Searching,shazia,None,Normal,5: Lying down (controlled)
1789491613.1851518,964,Person A,1484.8,1664.7,-480.0,2252.86,42.12,True,Searching,shazia,None,Normal,5: Lying down (controlled)
1789491613.3101594,965,Person A,1484.8,1664.7,-480.0,2252.86,42.12,True,Searching,shazia,None,Normal,5: Lying down (controlled)
1789491613.372655,966,Person A,1484.8,1664.7,-480.0,2252.86,42.12,True,Searching,shazia,None,Normal,5: Lying down (controlled)
1789491613.4507754,967,Person A,1484.8,1664.7,-480.0,2252.86,42.12,True,Searching,shazia,None,Normal,5: Lying down (controlled)
1789491613.52888,968,Person A,1484.8,1664.7,-480.0,2252.86,42.12,True,Searching,shazia,None,Normal,5: Lying down (controlled)
1789491613.606994,969,Person A,1484.8,1664.7,-480.0,2252.86,42.12,True,Searching,shazia,None,Normal,5: Lying down (controlled)
1789491613.700741,970,Person A,1484.8,1664.7,-480.0,2252.86,42.12,True,Searching,shazia,None,Normal,5: Lying down (controlled)
1789491613.8101108,971,Person A,1484.8,1664.7,-480.0,2252.86,42.12,True,Searching,shazia,None,Normal,5: Lying down (controlled)
1789491613.8882253,972,Person A,1484.8,1664.7,-480.0,2252.86,42.12,True,Searching,shazia,None,Normal,5: Lying down (controlled)
1789491613.9819725,973,Person A,1484.8,1664.7,-480.0,2252.86,42.12,True,Searching,shazia,None,Normal,5: Lying down (controlled)
1789491614.060092,974,Person A,1484.8,1664.7,-480.0,2252.86,42.12,True,Searching,shazia,None,Normal,5: Lying down (controlled)
1789491614.1538332,975,Person A,1484.8,1664.7,-480.0,2252.86,42.12,True,Searching,shazia,None,Normal,5: Lying down (controlled)
1789491614.231972,976,Person A,1484.8,1664.7,-480.0,2252.86,42.12,True,Searching,shazia,None,Normal,5: Lying down (controlled)
1789491614.3250208,977,Person A,1484.8,1664.7,-480.0,2252.86,42.12,True,Searching,shazia,None,Normal,5: Lying down (controlled)
1789491614.4343922,978,Person A,1484.8,1664.7,-480.0,2252.86,42.12,True,Searching,shazia,None,Normal,5: Lying down (controlled)
1789491614.5081162,979,Person A,1484.8,1664.7,-480.0,2252.86,42.12,True,Searching,shazia,None,Normal,5: Lying down (controlled)
1789491614.5862336,980,Person A,1484.8,1664.7,-480.0,2252.86,42.12,True,Searching,shazia,None,Normal,5: Lying down (controlled)
1789491614.6828213,981,Person A,1484.8,1664.7,-480.0,2252.86,42.12,True,Searching,shazia,None,Normal,5: Lying down (controlled)
1789491614.7609413,982,Person A,1484.8,1664.7,-480.0,2252.86,42.12,True,Searching,shazia,None,Normal,5: Lying down (controlled)
1789491614.870292,983,Person A,1484.8,1664.7,-480.0,2252.86,42.12,True,Searching,shazia,None,Normal,5: Lying down (controlled)
1789491614.9640524,984,Person A,1484.8,1664.7,-480.0,2252.86,42.12,True,Searching,shazia,None,Normal,5: Lying down (controlled)
1789491615.0421548,985,Person A,1484.8,1664.7,-480.0,2252.86,42.12,True,Searching,shazia,None,Normal,5: Lying down (controlled)
1789491615.1202924,986,Person A,1484.8,1664.7,-480.0,2252.86,42.12,True,Searching,shazia,None,Normal,5: Lying down (controlled)
1789491615.2140362,987,Person A,1484.8,1664.7,-480.0,2252.86,42.12,True,Searching,shazia,None,Normal,5: Lying down (controlled)
1789491615.307759,988,Person A,1484.8,1664.7,-480.0,2252.86,42.12,True,Searching,shazia,None,Normal,5: Lying down (controlled)
1789491615.4015057,989,Person A,1484.8,1664.7,-480.0,2252.86,42.12,True,Searching,shazia,None,Normal,5: Lying down (controlled)
1789491615.4796422,990,Person A,1484.8,1664.7,-480.0,2252.86,42.12,True,Searching,shazia,None,Normal,5: Lying down (controlled)
1789491615.5577614,991,Person A,1484.8,1664.7,-480.0,2252.86,42.12,True,Searching,shazia,None,Normal,5: Lying down (controlled)
1789491615.651506,992,Person A,1484.8,1664.7,-480.0,2252.86,42.12,True,Searching,shazia,None,Normal,5: Lying down (controlled)
1789491615.7452319,993,Person A,1484.8,1664.7,-480.0,2252.86,42.12,True,Searching,shazia,None,Normal,5: Lying down (controlled)
1789491615.8389919,994,Person A,1484.8,1664.7,-480.0,2252.86,42.12,True,Searching,shazia,None,Normal,5: Lying down (controlled)
1789491615.9170957,995,Person A,1484.8,1664.7,-480.0,2252.86,42.12,True,Searching,shazia,None,Normal,5: Lying down (controlled)
1789491616.0108564,996,Person A,1484.8,1664.7,-480.0,2252.86,42.12,True,Searching,shazia,None,Normal,5: Lying down (controlled)
1789491616.1045797,997,Person A,1484.8,1664.7,-480.0,2252.86,42.12,True,Searching,shazia,None,Normal,5: Lying down (controlled)
1789491616.2139666,998,Person A,1484.8,1664.7,-480.0,2252.86,42.12,True,Searching,shazia,None,Normal,5: Lying down (controlled)
1789491616.2920663,999,Person A,1484.8,1664.7,-480.0,2252.86,42.12,True,Searching,shazia,None,Normal,5: Lying down (controlled)
1789491616.370189,1000,Person A,1484.8,1664.7,-480.0,2252.86,42.12,True,Searching,shazia,None,Normal,5: Lying down (controlled)
1789491616.4795544,1001,Person A,1484.8,1664.7,-480.0,2252.86,42.12,True,Searching,shazia,None,Normal,5: Lying down (controlled)
1789491616.5576735,1002,Person A,1484.8,1664.7,-480.0,2252.86,42.12,True,Searching,shazia,None,Normal,5: Lying down (controlled)
1789491616.6514196,1003,Person A,1484.8,1664.7,-480.0,2252.86,42.12,True,Searching,shazia,None,Normal,5: Lying down (controlled)
1789491616.7295396,1004,Person A,1484.8,1664.7,-480.0,2252.86,42.12,True,Searching,shazia,None,Normal,5: Lying down (controlled)
1789491616.8232808,1005,Person A,1484.8,1664.7,-480.0,2252.86,42.12,True,Searching,shazia,None,Normal,5: Lying down (controlled)
1789491616.901419,1006,Person A,1484.8,1664.7,-480.0,2252.86,42.12,True,Searching,shazia,None,Normal,5: Lying down (controlled)
1789491616.9795222,1007,Person A,1484.8,1664.7,-480.0,2252.86,42.12,True,Searching,shazia,None,Normal,5: Lying down (controlled)
1789491617.1045108,1008,Person A,1484.8,1664.7,-480.0,2252.86,42.12,True,Searching,shazia,None,Normal,5: Lying down (controlled)
1789491617.1826293,1009,Person A,1484.8,1664.7,-480.0,2252.86,42.12,True,Searching,shazia,None,Normal,5: Lying down (controlled)
1789491617.2607505,1010,Person A,1484.8,1664.7,-480.0,2252.86,42.12,True,Searching,shazia,None,Normal,5: Lying down (controlled)
1789491617.3388712,1011,Person A,1484.8,1664.7,-480.0,2252.86,42.12,True,Searching,shazia,None,Normal,5: Lying down (controlled)
1789491617.4326336,1012,Person A,1484.8,1664.7,-480.0,2252.86,42.12,True,Searching,shazia,None,Normal,5: Lying down (controlled)
1789491617.5419817,1013,Person A,1484.8,1664.7,-480.0,2252.86,42.12,True,Searching,shazia,None,Normal,5: Lying down (controlled)
1789491617.6513507,1014,Person A,1484.8,1664.7,-480.0,2252.86,42.12,True,Searching,shazia,None,Normal,5: Lying down (controlled)
1789491617.7138445,1015,Person A,1484.8,1664.7,-480.0,2252.86,42.12,True,Searching,shazia,None,Normal,5: Lying down (controlled)
1789491617.7919633,1016,Person A,1484.8,1664.7,-480.0,2252.86,42.12,True,Searching,shazia,None,Normal,5: Lying down (controlled)
1789491617.8701031,1017,Person A,1484.8,1664.7,-480.0,2252.86,42.12,True,Searching,shazia,None,Normal,5: Lying down (controlled)
1789491617.9638298,1018,Person A,1484.8,1664.7,-480.0,2252.86,42.12,True,Searching,shazia,None,Normal,5: Lying down (controlled)
1789491618.05757,1019,Person A,1484.8,1664.7,-480.0,2252.86,42.12,True,Searching,shazia,None,Normal,5: Lying down (controlled)
1789491618.1513162,1020,Person A,1484.8,1664.7,-480.0,2252.86,42.12,True,Searching,shazia,None,Normal,5: Lying down (controlled)
1789491618.2294362,1021,Person A,1484.8,1664.7,-480.0,2252.86,42.12,True,Searching,shazia,None,Normal,5: Lying down (controlled)
1789491618.3231783,1022,Person A,1484.8,1664.7,-480.0,2252.86,42.12,True,Searching,shazia,None,Normal,5: Lying down (controlled)
1789491618.4325442,1023,Person A,1484.8,1664.7,-480.0,2252.86,42.12,True,Searching,shazia,None,Normal,5: Lying down (controlled)
1789491618.5262897,1024,Person A,1484.8,1664.7,-480.0,2252.86,42.12,True,Searching,shazia,None,Normal,5: Lying down (controlled)
1789491618.6044087,1025,Person A,1484.8,1664.7,-480.0,2252.86,42.12,True,Searching,shazia,None,Normal,5: Lying down (controlled)
1789491618.682527,1026,Person A,1484.8,1664.7,-480.0,2252.86,42.12,True,Searching,shazia,None,Normal,5: Lying down (controlled)
1789491618.8075225,1027,Person A,1484.8,1664.7,-480.0,2252.86,42.12,True,Searching,shazia,None,Normal,5: Lying down (controlled)
1789491618.88564,1028,Person A,1484.8,1664.7,-480.0,2252.86,42.12,True,Searching,shazia,None,Normal,5: Lying down (controlled)
1789491618.9793844,1029,Person A,1484.8,1664.7,-480.0,2252.86,42.12,True,Searching,shazia,None,Normal,5: Lying down (controlled)
1789491619.0887542,1030,Person A,1484.8,1664.7,-480.0,2252.86,42.12,True,Searching,shazia,None,Normal,5: Lying down (controlled)
1789491619.213761,1031,Person A,1484.8,1664.7,-480.0,2252.86,42.12,True,Searching,shazia,None,Normal,5: Lying down (controlled)
1789491619.276256,1032,Person A,1484.8,1664.7,-480.0,2252.86,42.12,True,Searching,shazia,None,Normal,5: Lying down (controlled)
1789491619.3699803,1033,Person A,1484.8,1664.7,-480.0,2252.86,42.12,True,Searching,shazia,None,Normal,5: Lying down (controlled)
1789491619.4637265,1034,Person A,1484.8,1664.7,-480.0,2252.86,42.12,True,Searching,shazia,None,Normal,5: Lying down (controlled)
1789491619.5418482,1035,Person A,1484.8,1664.7,-480.0,2252.86,42.12,True,Searching,shazia,None,Normal,5: Lying down (controlled)
1789491619.6043394,1036,Person A,1484.8,1664.7,-480.0,2252.86,42.12,True,Searching,shazia,None,Normal,5: Lying down (controlled)
1789491619.682463,1037,Person A,1484.8,1664.7,-480.0,2252.86,42.12,True,Searching,shazia,None,Normal,5: Lying down (controlled)
1789491619.7762218,1038,Person A,1484.8,1664.7,-480.0,2252.86,42.12,True,Searching,shazia,None,Normal,5: Lying down (controlled)
1789491619.869945,1039,Person A,1484.8,1664.7,-480.0,2252.86,42.12,True,Searching,shazia,None,Normal,5: Lying down (controlled)
1789491619.9636934,1040,Person A,1484.8,1664.7,-480.0,2252.86,42.12,True,Searching,shazia,None,Normal,5: Lying down (controlled)
1789491620.0261877,1041,Person A,1484.8,1664.7,-480.0,2252.86,42.12,True,Searching,shazia,None,Normal,5: Lying down (controlled)
1789491620.1043272,1042,Person A,1484.8,1664.7,-480.0,2252.86,42.12,True,Searching,shazia,None,Normal,5: Lying down (controlled)
1789491620.2136915,1043,Person A,1484.8,1664.7,-480.0,2252.86,42.12,True,Searching,shazia,None,Normal,5: Lying down (controlled)
1789491620.291792,1044,Person A,1484.8,1664.7,-480.0,2252.86,42.12,True,Searching,shazia,None,Normal,5: Lying down (controlled)
1789491620.3855364,1045,Person A,1484.8,1664.7,-480.0,2252.86,42.12,True,Searching,shazia,None,Normal,5: Lying down (controlled)
1789491620.463655,1046,Person A,1484.8,1664.7,-480.0,2252.86,42.12,True,Searching,shazia,None,Normal,5: Lying down (controlled)
1789491620.5417745,1047,Person A,1484.8,1664.7,-480.0,2252.86,42.12,True,Searching,shazia,None,Normal,5: Lying down (controlled)
1789491620.651145,1048,Person A,1484.8,1664.7,-480.0,2252.86,42.12,True,Searching,shazia,None,Normal,5: Lying down (controlled)
1789491620.7292655,1049,Person A,1484.8,1664.7,-480.0,2252.86,42.12,True,Searching,shazia,None,Normal,5: Lying down (controlled)
1789491620.823025,1050,Person A,1484.8,1664.7,-480.0,2252.86,42.12,True,Searching,shazia,None,Normal,5: Lying down (controlled)
1789491620.9011438,1051,Person A,1484.8,1664.7,-480.0,2252.86,42.12,True,Searching,shazia,None,Normal,5: Lying down (controlled)
1789491620.994887,1052,Person A,1484.8,1664.7,-480.0,2252.86,42.12,True,Searching,shazia,None,Normal,5: Lying down (controlled)
1789491621.1042364,1053,Person A,1484.8,1664.7,-480.0,2252.86,42.12,True,Searching,shazia,None,Normal,5: Lying down (controlled)
1789491621.1979816,1054,Person A,1484.8,1664.7,-480.0,2252.86,42.12,True,Searching,shazia,None,Normal,5: Lying down (controlled)
1789491621.2761183,1055,Person A,1484.8,1664.7,-480.0,2252.86,42.12,True,Searching,shazia,None,Normal,5: Lying down (controlled)
1789491621.3542383,1056,Person A,1484.8,1664.7,-480.0,2252.86,42.12,True,Searching,shazia,None,Normal,5: Lying down (controlled)
1789491621.4792325,1057,Person A,1484.8,1664.7,-480.0,2252.86,42.12,True,Searching,shazia,None,Normal,5: Lying down (controlled)
1789491621.5885804,1058,Person A,1484.8,1664.7,-480.0,2252.86,42.12,True,Searching,shazia,None,Normal,5: Lying down (controlled)
1789491621.6823208,1059,Person A,1484.8,1664.7,-480.0,2252.86,42.12,True,Searching,shazia,None,Normal,5: Lying down (controlled)
1789491621.7604434,1060,Person A,1484.8,1664.7,-480.0,2252.86,42.12,True,Searching,shazia,None,Normal,5: Lying down (controlled)
1789491621.838563,1061,Person A,1484.8,1664.7,-480.0,2252.86,42.12,True,Searching,shazia,None,Normal,5: Lying down (controlled)
1789491621.901059,1062,Person A,1484.8,1664.7,-480.0,2252.86,42.12,True,Searching,shazia,None,Normal,5: Lying down (controlled)
1789491622.010423,1063,Person A,1484.8,1664.7,-480.0,2252.86,42.12,True,Searching,shazia,None,Normal,5: Lying down (controlled)
1789491622.1041667,1064,Person A,1484.8,1664.7,-480.0,2252.86,42.12,True,Searching,shazia,None,Normal,5: Lying down (controlled)
1789491622.1823058,1065,Person A,1484.8,1664.7,-480.0,2252.86,42.12,True,Searching,shazia,None,Normal,5: Lying down (controlled)
1789491622.260427,1066,Person A,1484.8,1664.7,-480.0,2252.86,42.12,True,Searching,shazia,None,Normal,5: Lying down (controlled)
1789491622.3541515,1067,Person A,1484.8,1664.7,-480.0,2252.86,42.12,True,Searching,shazia,None,Normal,5: Lying down (controlled)
1789491622.432272,1068,Person A,1484.8,1664.7,-480.0,2252.86,42.12,True,Searching,shazia,None,Normal,5: Lying down (controlled)
1789491622.5103903,1069,Person A,1484.8,1664.7,-480.0,2252.86,42.12,True,Searching,shazia,None,Normal,5: Lying down (controlled)
1789491622.5885117,1070,Person A,1484.8,1664.7,-480.0,2252.86,42.12,True,Searching,shazia,None,Normal,5: Lying down (controlled)
1789491622.682272,1071,Person A,1484.8,1664.7,-480.0,2252.86,42.12,True,Searching,shazia,None,Normal,5: Lying down (controlled)
1789491622.7760007,1072,Person A,1484.8,1664.7,-480.0,2252.86,42.12,True,Searching,shazia,None,Normal,5: Lying down (controlled)
1789491622.8697393,1073,Person A,1484.8,1664.7,-480.0,2252.86,42.12,True,Searching,shazia,None,Normal,5: Lying down (controlled)
1789491622.963502,1074,Person A,1484.8,1664.7,-480.0,2252.86,42.12,True,Searching,shazia,None,Normal,5: Lying down (controlled)
1789491623.0572317,1075,Person A,1484.8,1664.7,-480.0,2252.86,42.12,True,Searching,shazia,None,Normal,5: Lying down (controlled)
1789491623.1978457,1076,Person A,1484.8,1664.7,-480.0,2252.86,42.12,True,Searching,shazia,None,Normal,5: Lying down (controlled)
1789491623.2759645,1077,Person A,1484.8,1664.7,-480.0,2252.86,42.12,True,Searching,shazia,None,Normal,5: Lying down (controlled)
1789491623.369705,1078,Person A,1484.8,1664.7,-480.0,2252.86,42.12,True,Searching,shazia,None,Normal,5: Lying down (controlled)
1789491623.4478247,1079,Person A,1484.8,1664.7,-480.0,2252.86,42.12,True,Searching,shazia,None,Normal,5: Lying down (controlled)
1789491623.5259655,1080,Person A,1484.8,1664.7,-480.0,2252.86,42.12,True,Searching,shazia,None,Normal,5: Lying down (controlled)
1789491623.6040826,1081,Person A,1484.8,1664.7,-480.0,2252.86,42.12,True,Searching,shazia,None,Normal,5: Lying down (controlled)
1789491623.6822028,1082,Person A,1484.8,1664.7,-480.0,2252.86,42.12,True,Searching,shazia,None,Normal,5: Lying down (controlled)
1789491623.760323,1083,Person A,1484.8,1664.7,-480.0,2252.86,42.12,True,Searching,shazia,None,Normal,5: Lying down (controlled)
1789491623.8696709,1084,Person A,1484.8,1664.7,-480.0,2252.86,42.12,True,Searching,shazia,None,Normal,5: Lying down (controlled)
1789491623.9478111,1085,Person A,1484.8,1664.7,-480.0,2252.86,42.12,True,Searching,shazia,None,Normal,5: Lying down (controlled)
1789491624.0103078,1086,Person A,1484.8,1664.7,-480.0,2252.86,42.12,True,Searching,shazia,None,Normal,5: Lying down (controlled)
1789491624.2290254,1087,Person A,1484.8,1664.7,-480.0,2252.86,42.12,True,Searching,shazia,None,Normal,5: Lying down (controlled)
1789491624.2915196,1088,Person A,1484.8,1664.7,-480.0,2252.86,42.12,True,Searching,shazia,None,Normal,5: Lying down (controlled)
1789491624.3852599,1089,Person A,1484.8,1664.7,-480.0,2252.86,42.12,True,Searching,shazia,None,Normal,5: Lying down (controlled)
1789491624.4790032,1090,Person A,1484.8,1664.7,-480.0,2252.86,42.12,True,Searching,shazia,None,Normal,5: Lying down (controlled)
1789491624.5571284,1091,Person A,1484.8,1664.7,-480.0,2252.86,42.12,True,Searching,shazia,None,Normal,5: Lying down (controlled)
1789491624.6508703,1092,Person A,1484.8,1664.7,-480.0,2252.86,42.12,True,Searching,shazia,None,Normal,5: Lying down (controlled)
1789491624.7133658,1093,Person A,1484.8,1664.7,-480.0,2252.86,42.12,True,Searching,shazia,None,Normal,5: Lying down (controlled)
1789491624.8227303,1094,Person A,1484.8,1664.7,-480.0,2252.86,42.12,True,Searching,shazia,None,Normal,5: Lying down (controlled)
1789491624.900855,1095,Person A,1484.8,1664.7,-480.0,2252.86,42.12,True,Searching,shazia,None,Normal,5: Lying down (controlled)
1789491624.9789693,1096,Person A,1484.8,1664.7,-480.0,2252.86,42.12,True,Searching,shazia,None,Normal,5: Lying down (controlled)
1789491625.057092,1097,Person A,1484.8,1664.7,-480.0,2252.86,42.12,True,Searching,shazia,None,Normal,5: Lying down (controlled)
1789491625.1508358,1098,Person A,1484.8,1664.7,-480.0,2252.86,42.12,True,Searching,shazia,None,Normal,5: Lying down (controlled)
1789491625.244576,1099,Person A,1484.8,1664.7,-480.0,2252.86,42.12,True,Searching,shazia,None,Normal,5: Lying down (controlled)
1789491625.3227162,1100,Person A,1484.8,1664.7,-480.0,2252.86,42.12,True,Searching,shazia,None,Normal,5: Lying down (controlled)
1789491625.385211,1101,Person A,1484.8,1664.7,-480.0,2252.86,42.12,True,Searching,shazia,None,Normal,5: Lying down (controlled)
1789491625.4789357,1102,Person A,1484.8,1664.7,-480.0,2252.86,42.12,True,Searching,shazia,None,Normal,5: Lying down (controlled)
1789491625.5414305,1103,Person A,1484.8,1664.7,-480.0,2252.86,42.12,True,Searching,shazia,None,Normal,5: Lying down (controlled)
1789491625.6351745,1104,Person A,1484.8,1664.7,-480.0,2252.86,42.12,True,Searching,shazia,None,Normal,5: Lying down (controlled)
1789491625.7289178,1105,Person A,1484.8,1664.7,-480.0,2252.86,42.12,True,Searching,shazia,None,Normal,5: Lying down (controlled)
1789491625.807038,1106,Person A,1484.8,1664.7,-480.0,2252.86,42.12,True,Searching,shazia,None,Normal,5: Lying down (controlled)
1789491625.900781,1107,Person A,1484.8,1664.7,-480.0,2252.86,42.12,True,Searching,shazia,None,Normal,5: Lying down (controlled)
1789491625.9789007,1108,Person A,1484.8,1664.7,-480.0,2252.86,42.12,True,Searching,shazia,None,Normal,5: Lying down (controlled)
1789491626.0882688,1109,Person A,1484.8,1664.7,-480.0,2252.86,42.12,True,Searching,shazia,None,Normal,5: Lying down (controlled)
1789491626.1663928,1110,Person A,1484.8,1664.7,-480.0,2252.86,42.12,True,Searching,shazia,None,Normal,5: Lying down (controlled)
1789491626.2445073,1111,Person A,1484.8,1664.7,-480.0,2252.86,42.12,True,Searching,shazia,None,Normal,5: Lying down (controlled)
1789491626.3382702,1112,Person A,1484.8,1664.7,-480.0,2252.86,42.12,True,Searching,shazia,None,Normal,5: Lying down (controlled)
1789491626.4319973,1113,Person A,1484.8,1664.7,-480.0,2252.86,42.12,True,Searching,shazia,None,Normal,5: Lying down (controlled)
1789491626.525738,1114,Person A,1484.8,1664.7,-480.0,2252.86,42.12,True,Searching,shazia,None,Normal,5: Lying down (controlled)
1789491626.603877,1115,Person A,1484.8,1664.7,-480.0,2252.86,42.12,True,Searching,shazia,None,Normal,5: Lying down (controlled)
1789491626.7132258,1116,Person A,1484.8,1664.7,-480.0,2252.86,42.12,True,Searching,shazia,None,Normal,5: Lying down (controlled)
1789491626.7913456,1117,Person A,1484.8,1664.7,-480.0,2252.86,42.12,True,Searching,shazia,None,Normal,5: Lying down (controlled)
1789491626.8850882,1118,Person A,1484.8,1664.7,-480.0,2252.86,42.12,True,Searching,shazia,None,Normal,5: Lying down (controlled)
1789491626.9632077,1119,Person A,1484.8,1664.7,-480.0,2252.86,42.12,True,Searching,shazia,None,Normal,5: Lying down (controlled)
1789491627.041328,1120,Person A,1484.8,1664.7,-480.0,2252.86,42.12,True,Searching,shazia,None,Normal,5: Lying down (controlled)
1789491627.1350715,1121,Person A,1484.8,1664.7,-480.0,2252.86,42.12,True,Searching,shazia,None,Normal,5: Lying down (controlled)
1789491627.244443,1122,Person A,1484.8,1664.7,-480.0,2252.86,42.12,True,Searching,shazia,None,Normal,5: Lying down (controlled)
1789491627.3225615,1123,Person A,1484.8,1664.7,-480.0,2252.86,42.12,True,Searching,shazia,None,Normal,5: Lying down (controlled)
1789491627.416302,1124,Person A,1484.8,1664.7,-480.0,2252.86,42.12,True,Searching,shazia,None,Normal,5: Lying down (controlled)
1789491627.4788005,1125,Person A,1484.8,1664.7,-480.0,2252.86,42.12,True,Searching,shazia,None,Normal,5: Lying down (controlled)
1789491627.650663,1126,Person A,1484.8,1664.7,-480.0,2252.86,42.12,True,Searching,shazia,None,Normal,5: Lying down (controlled)
1789491627.7600296,1127,Person A,1484.8,1664.7,-480.0,2252.86,42.12,True,Searching,shazia,None,Normal,5: Lying down (controlled)
1789491627.8693953,1128,Person A,1484.8,1664.7,-480.0,2252.86,42.12,True,Searching,shazia,None,Normal,5: Lying down (controlled)
1789491627.947518,1129,Person A,1484.8,1664.7,-480.0,2252.86,42.12,True,Searching,shazia,None,Normal,5: Lying down (controlled)
1789491628.0256546,1130,Person A,1484.8,1664.7,-480.0,2252.86,42.12,True,Searching,shazia,None,Normal,5: Lying down (controlled)
1789491628.103775,1131,Person A,1484.8,1664.7,-480.0,2252.86,42.12,True,Searching,shazia,None,Normal,5: Lying down (controlled)
1789491628.1818938,1132,Person A,1484.8,1664.7,-480.0,2252.86,42.12,True,Searching,shazia,None,Normal,5: Lying down (controlled)
1789491628.259996,1133,Person A,1484.8,1664.7,-480.0,2252.86,42.12,True,Searching,shazia,None,Normal,5: Lying down (controlled)
1789491628.3537369,1134,Person A,1484.8,1664.7,-480.0,2252.86,42.12,True,Searching,shazia,None,Normal,5: Lying down (controlled)
1789491628.4318602,1135,Person A,1484.8,1664.7,-480.0,2252.86,42.12,True,Searching,shazia,None,Normal,5: Lying down (controlled)
1789491628.509997,1136,Person A,1484.8,1664.7,-480.0,2252.86,42.12,True,Searching,shazia,None,Normal,5: Lying down (controlled)
1789491628.5724754,1137,Person A,1484.8,1664.7,-480.0,2252.86,42.12,True,Searching,shazia,None,Normal,5: Lying down (controlled)
1789491628.6818588,1138,Person A,1484.8,1664.7,-480.0,2252.86,42.12,True,Searching,shazia,None,Normal,5: Lying down (controlled)
1789491628.775603,1139,Person A,1484.8,1664.7,-480.0,2252.86,42.12,True,Searching,shazia,None,Normal,5: Lying down (controlled)
1789491628.8537223,1140,Person A,1484.8,1664.7,-480.0,2252.86,42.12,True,Searching,shazia,None,Normal,5: Lying down (controlled)
1789491628.9318423,1141,Person A,1484.8,1664.7,-480.0,2252.86,42.12,True,Searching,shazia,None,Normal,5: Lying down (controlled)
1789491629.009946,1142,Person A,1484.8,1664.7,-480.0,2252.86,42.12,True,Searching,shazia,None,Normal,5: Lying down (controlled)
1789491629.1036892,1143,Person A,1484.8,1664.7,-480.0,2252.86,42.12,True,Searching,shazia,None,Normal,5: Lying down (controlled)
1789491629.197429,1144,Person A,1484.8,1664.7,-480.0,2252.86,42.12,True,Searching,shazia,None,Normal,5: Lying down (controlled)
1789491629.2755694,1145,Person A,1484.8,1664.7,-480.0,2252.86,42.12,True,Searching,shazia,None,Normal,5: Lying down (controlled)
1789491629.3536713,1146,Person A,1484.8,1664.7,-480.0,2252.86,42.12,True,Searching,shazia,None,Normal,5: Lying down (controlled)
1789491629.4474125,1147,Person A,1484.8,1664.7,-480.0,2252.86,42.12,True,Searching,shazia,None,Normal,5: Lying down (controlled)
1789491629.55678,1148,Person A,1484.8,1664.7,-480.0,2252.86,42.12,True,Searching,shazia,None,Normal,5: Lying down (controlled)
1789491629.6505249,1149,Person A,1484.8,1664.7,-480.0,2252.86,42.12,True,Searching,shazia,None,Normal,5: Lying down (controlled)
1789491629.7286458,1150,Person A,1484.8,1664.7,-480.0,2252.86,42.12,True,Searching,shazia,None,Normal,5: Lying down (controlled)
1789491629.806763,1151,Person A,1484.8,1664.7,-480.0,2252.86,42.12,True,Searching,shazia,None,Normal,5: Lying down (controlled)
1789491629.8849013,1152,Person A,1484.8,1664.7,-480.0,2252.86,42.12,True,Searching,shazia,None,Normal,5: Lying down (controlled)
1789491629.9942498,1153,Person A,1484.8,1664.7,-480.0,2252.86,42.12,True,Searching,shazia,None,Normal,5: Lying down (controlled)
1789491630.1036203,1154,Person A,1484.8,1664.7,-480.0,2252.86,42.12,True,Searching,shazia,None,Normal,5: Lying down (controlled)
1789491630.1661172,1155,Person A,1484.8,1664.7,-480.0,2252.86,42.12,True,Searching,shazia,None,Normal,5: Lying down (controlled)
1789491630.244234,1156,Person A,1484.8,1664.7,-480.0,2252.86,42.12,True,Searching,shazia,None,Normal,5: Lying down (controlled)
1789491630.3379788,1157,Person A,1484.8,1664.7,-480.0,2252.86,42.12,True,Searching,shazia,None,Normal,5: Lying down (controlled)
1789491630.431724,1158,Person A,1484.8,1664.7,-480.0,2252.86,42.12,True,Searching,shazia,None,Normal,5: Lying down (controlled)
1789491630.525465,1159,Person A,1484.8,1664.7,-480.0,2252.86,42.12,True,Searching,shazia,None,Normal,5: Lying down (controlled)
1789491630.6192074,1160,Person A,1484.8,1664.7,-480.0,2252.86,42.12,True,Searching,shazia,None,Normal,5: Lying down (controlled)
1789491630.697346,1161,Person A,1484.8,1664.7,-480.0,2252.86,42.12,True,Searching,shazia,None,Normal,5: Lying down (controlled)
1789491630.7910771,1162,Person A,1484.8,1664.7,-480.0,2252.86,42.12,True,Searching,shazia,None,Normal,5: Lying down (controlled)
1789491630.8848162,1163,Person A,1484.8,1664.7,-480.0,2252.86,42.12,True,Searching,shazia,None,Normal,5: Lying down (controlled)
1789491630.9629369,1164,Person A,1484.8,1664.7,-480.0,2252.86,42.12,True,Searching,shazia,None,Normal,5: Lying down (controlled)
1789491631.0410542,1165,Person A,1484.8,1664.7,-480.0,2252.86,42.12,True,Searching,shazia,None,Normal,5: Lying down (controlled)
1789491631.1347988,1166,Person A,1484.8,1664.7,-480.0,2252.86,42.12,True,Searching,shazia,None,Normal,5: Lying down (controlled)
1789491631.228543,1167,Person A,1484.8,1664.7,-480.0,2252.86,42.12,True,Searching,shazia,None,Normal,5: Lying down (controlled)
1789491631.3222866,1168,Person A,1484.8,1664.7,-480.0,2252.86,42.12,True,Searching,shazia,None,Normal,5: Lying down (controlled)
1789491631.4160295,1169,Person A,1484.8,1664.7,-480.0,2252.86,42.12,True,Searching,shazia,None,Normal,5: Lying down (controlled)
1789491631.4941468,1170,Person A,1484.8,1664.7,-480.0,2252.86,42.12,True,Searching,shazia,None,Normal,5: Lying down (controlled)
1789491631.619143,1171,Person A,1484.8,1664.7,-480.0,2252.86,42.12,True,Searching,shazia,None,Normal,5: Lying down (controlled)
1789491631.759758,1172,Person A,1484.8,1664.7,-480.0,2252.86,42.12,True,Searching,shazia,None,Normal,5: Lying down (controlled)
1789491631.8691204,1173,Person A,1484.8,1664.7,-480.0,2252.86,42.12,True,Searching,shazia,None,Normal,5: Lying down (controlled)
1789491631.9472435,1174,Person A,1484.8,1664.7,-480.0,2252.86,42.12,True,Searching,shazia,None,Normal,5: Lying down (controlled)
1789491632.0253603,1175,Person A,1484.8,1664.7,-480.0,2252.86,42.12,True,Searching,shazia,None,Normal,5: Lying down (controlled)
1789491632.1034799,1176,Person A,1484.8,1664.7,-480.0,2252.86,42.12,True,Searching,shazia,None,Normal,5: Lying down (controlled)
1789491632.1815991,1177,Person A,1484.8,1664.7,-480.0,2252.86,42.12,True,Searching,shazia,None,Normal,5: Lying down (controlled)
1789491632.2753448,1178,Person A,1484.8,1664.7,-480.0,2252.86,42.12,True,Searching,shazia,None,Normal,5: Lying down (controlled)
1789491632.3534634,1179,Person A,1484.8,1664.7,-480.0,2252.86,42.12,True,Searching,shazia,None,Normal,5: Lying down (controlled)
1789491632.4316015,1180,Person A,1484.8,1664.7,-480.0,2252.86,42.12,True,Searching,shazia,None,Normal,5: Lying down (controlled)
1789491632.5253258,1181,Person A,1484.8,1664.7,-480.0,2252.86,42.12,True,Searching,shazia,None,Normal,5: Lying down (controlled)
1789491632.5878243,1182,Person A,1484.8,1664.7,-480.0,2252.86,42.12,True,Searching,shazia,None,Normal,5: Lying down (controlled)
1789491632.6815643,1183,Person A,1484.8,1664.7,-480.0,2252.86,42.12,True,Searching,shazia,None,Normal,5: Lying down (controlled)
1789491632.7597046,1184,Person A,1484.8,1664.7,-480.0,2252.86,42.12,True,Searching,shazia,None,Normal,5: Lying down (controlled)
1789491632.853428,1185,Person A,1484.8,1664.7,-480.0,2252.86,42.12,True,Searching,shazia,None,Normal,5: Lying down (controlled)
1789491632.9315479,1186,Person A,1484.8,1664.7,-480.0,2252.86,42.12,True,Searching,shazia,None,Normal,5: Lying down (controlled)
1789491633.0096886,1187,Person A,1484.8,1664.7,-480.0,2252.86,42.12,True,Searching,shazia,None,Normal,5: Lying down (controlled)
1789491633.1190379,1188,Person A,1484.8,1664.7,-480.0,2252.86,42.12,True,Searching,shazia,None,Normal,5: Lying down (controlled)
1789491633.2127788,1189,Person A,1484.8,1664.7,-480.0,2252.86,42.12,True,Searching,shazia,None,Normal,5: Lying down (controlled)
1789491633.2908978,1190,Person A,1484.8,1664.7,-480.0,2252.86,42.12,True,Searching,shazia,None,Normal,5: Lying down (controlled)
1789491633.3690183,1191,Person A,1484.8,1664.7,-480.0,2252.86,42.12,True,Searching,shazia,None,Normal,5: Lying down (controlled)
1789491633.4471405,1192,Person A,1484.8,1664.7,-480.0,2252.86,42.12,True,Searching,shazia,None,Normal,5: Lying down (controlled)
1789491633.5565073,1193,Person A,1484.8,1664.7,-480.0,2252.86,42.12,True,Searching,shazia,None,Normal,5: Lying down (controlled)
1789491633.6502488,1194,Person A,1484.8,1664.7,-480.0,2252.86,42.12,True,Searching,shazia,None,Normal,5: Lying down (controlled)
1789491633.7283676,1195,Person A,1484.8,1664.7,-480.0,2252.86,42.12,True,Searching,shazia,None,Normal,5: Lying down (controlled)
1789491633.8064878,1196,Person A,1484.8,1664.7,-480.0,2252.86,42.12,True,Searching,shazia,None,Normal,5: Lying down (controlled)
1789491633.9002328,1197,Person A,1484.8,1664.7,-480.0,2252.86,42.12,True,Searching,shazia,None,Normal,5: Lying down (controlled)
1789491634.0096016,1198,Person A,1484.8,1664.7,-480.0,2252.86,42.12,True,Searching,shazia,None,Normal,5: Lying down (controlled)
1789491634.1033456,1199,Person A,1484.8,1664.7,-480.0,2252.86,42.12,True,Searching,shazia,None,Normal,5: Lying down (controlled)
1789491634.1814826,1200,Person A,1484.8,1664.7,-480.0,2252.86,42.12,True,Searching,shazia,None,Normal,5: Lying down (controlled)
1789491634.2596018,1201,Person A,1484.8,1664.7,-480.0,2252.86,42.12,True,Searching,shazia,None,Normal,5: Lying down (controlled)
1789491634.337704,1202,Person A,1484.8,1664.7,-480.0,2252.86,42.12,True,Searching,shazia,None,Normal,5: Lying down (controlled)
1789491634.4314642,1203,Person A,1484.8,1664.7,-480.0,2252.86,42.12,True,Searching,shazia,None,Normal,5: Lying down (controlled)
1789491634.5408125,1204,Person A,1484.8,1664.7,-480.0,2252.86,42.12,True,Searching,shazia,None,Normal,5: Lying down (controlled)
1789491634.6189322,1205,Person A,1484.8,1664.7,-480.0,2252.86,42.12,True,Searching,shazia,None,Normal,5: Lying down (controlled)
1789491634.6970518,1206,Person A,1484.8,1664.7,-480.0,2252.86,42.12,True,Searching,shazia,None,Normal,5: Lying down (controlled)
1789491634.884544,1207,Person A,1484.8,1664.7,-480.0,2252.86,42.12,True,Searching,shazia,None,Normal,5: Lying down (controlled)
1789491635.0251734,1208,Person A,1484.8,1664.7,-480.0,2252.86,42.12,True,Searching,shazia,None,Normal,5: Lying down (controlled)
1789491635.1032932,1209,Person A,1484.8,1664.7,-480.0,2252.86,42.12,True,Searching,shazia,None,Normal,5: Lying down (controlled)
1789491635.181394,1210,Person A,1484.8,1664.7,-480.0,2252.86,42.12,True,Searching,shazia,None,Normal,5: Lying down (controlled)
1789491635.2595139,1211,Person A,1484.8,1664.7,-480.0,2252.86,42.12,True,Searching,shazia,None,Normal,5: Lying down (controlled)
1789491635.3220115,1212,Person A,1484.8,1664.7,-480.0,2252.86,42.12,True,Searching,shazia,None,Normal,5: Lying down (controlled)
1789491635.4157553,1213,Person A,1484.8,1664.7,-480.0,2252.86,42.12,True,Searching,shazia,None,Normal,5: Lying down (controlled)
1789491635.4938715,1214,Person A,1484.8,1664.7,-480.0,2252.86,42.12,True,Searching,shazia,None,Normal,5: Lying down (controlled)
1789491635.571991,1215,Person A,1484.8,1664.7,-480.0,2252.86,42.12,True,Searching,shazia,None,Normal,5: Lying down (controlled)
1789491635.6501114,1216,Person A,1484.8,1664.7,-480.0,2252.86,42.12,True,Searching,shazia,None,Normal,5: Lying down (controlled)
1789491635.7126262,1217,Person A,1484.8,1664.7,-480.0,2252.86,42.12,True,Searching,shazia,None,Normal,5: Lying down (controlled)
1789491635.8219748,1218,Person A,1484.8,1664.7,-480.0,2252.86,42.12,True,Searching,shazia,None,Normal,5: Lying down (controlled)
1789491635.915737,1219,Person A,1484.8,1664.7,-480.0,2252.86,42.12,True,Searching,shazia,None,Normal,5: Lying down (controlled)
1789491635.993857,1220,Person A,1484.8,1664.7,-480.0,2252.86,42.12,True,Searching,shazia,None,Normal,5: Lying down (controlled)
1789491636.1188304,1221,Person A,1484.8,1664.7,-480.0,2252.86,42.12,True,Searching,shazia,None,Normal,5: Lying down (controlled)
1789491636.243826,1222,Person A,1484.8,1664.7,-480.0,2252.86,42.12,True,Searching,shazia,None,Normal,5: Lying down (controlled)
1789491636.3063195,1223,Person A,1484.8,1664.7,-480.0,2252.86,42.12,True,Searching,shazia,None,Normal,5: Lying down (controlled)
1789491636.3688147,1224,Person A,1484.8,1664.7,-480.0,2252.86,42.12,True,Searching,shazia,None,Normal,5: Lying down (controlled)
1789491636.4625566,1225,Person A,1484.8,1664.7,-480.0,2252.86,42.12,True,Searching,shazia,None,Normal,5: Lying down (controlled)
1789491636.540675,1226,Person A,1484.8,1664.7,-480.0,2252.86,42.12,True,Searching,shazia,None,Normal,5: Lying down (controlled)
1789491636.603173,1227,Person A,1484.8,1664.7,-480.0,2252.86,42.12,True,Searching,shazia,None,Normal,5: Lying down (controlled)
1789491636.6969173,1228,Person A,1484.8,1664.7,-480.0,2252.86,42.12,True,Searching,shazia,None,Normal,5: Lying down (controlled)
1789491636.7594123,1229,Person A,1484.8,1664.7,-480.0,2252.86,42.12,True,Searching,shazia,None,Normal,5: Lying down (controlled)
1789491636.8531735,1230,Person A,1484.8,1664.7,-480.0,2252.86,42.12,True,Searching,shazia,None,Normal,5: Lying down (controlled)
1789491636.9312735,1231,Person A,1484.8,1664.7,-480.0,2252.86,42.12,True,Searching,shazia,None,Normal,5: Lying down (controlled)
1789491637.0095656,1232,Person A,1484.8,1664.7,-480.0,2252.86,42.12,True,Searching,shazia,None,Normal,5: Lying down (controlled)
1789491637.1032896,1233,Person A,1484.8,1664.7,-480.0,2252.86,42.12,True,Searching,shazia,None,Normal,5: Lying down (controlled)
1789491637.2126567,1234,Person A,1484.8,1664.7,-480.0,2252.86,42.12,True,Searching,shazia,None,Normal,5: Lying down (controlled)
1789491637.2907963,1235,Person A,1484.8,1664.7,-480.0,2252.86,42.12,True,Searching,shazia,None,Normal,5: Lying down (controlled)
1789491637.3845403,1236,Person A,1484.8,1664.7,-480.0,2252.86,42.12,True,Searching,shazia,None,Normal,5: Lying down (controlled)
1789491637.4626603,1237,Person A,1484.8,1664.7,-480.0,2252.86,42.12,True,Searching,shazia,None,Normal,5: Lying down (controlled)
1789491637.556404,1238,Person A,1484.8,1664.7,-480.0,2252.86,42.12,True,Searching,shazia,None,Normal,5: Lying down (controlled)
1789491637.6345062,1239,Person A,1484.8,1664.7,-480.0,2252.86,42.12,True,Searching,shazia,None,Normal,5: Lying down (controlled)
1789491637.7282665,1240,Person A,1484.8,1664.7,-480.0,2252.86,42.12,True,Searching,shazia,None,Normal,5: Lying down (controlled)
1789491637.8063662,1241,Person A,1484.8,1664.7,-480.0,2252.86,42.12,True,Searching,shazia,None,Normal,5: Lying down (controlled)
1789491637.90013,1242,Person A,1484.8,1664.7,-480.0,2252.86,42.12,True,Searching,shazia,None,Normal,5: Lying down (controlled)
1789491638.025121,1243,Person A,1484.8,1664.7,-480.0,2252.86,42.12,True,Searching,shazia,None,Normal,5: Lying down (controlled)
1789491638.321976,1244,Person A,1484.8,1664.7,-480.0,2252.86,42.12,True,Searching,shazia,None,Normal,5: Lying down (controlled)
1789491638.4000955,1245,Person A,1484.8,1664.7,-480.0,2252.86,42.12,True,Searching,shazia,None,Normal,5: Lying down (controlled)
1789491638.478215,1246,Person A,1484.8,1664.7,-480.0,2252.86,42.12,True,Searching,shazia,None,Normal,5: Lying down (controlled)
1789491638.5563357,1247,Person A,1484.8,1664.7,-480.0,2252.86,42.12,True,Searching,shazia,None,Normal,5: Lying down (controlled)
1789491638.6657035,1248,Person A,1484.8,1664.7,-480.0,2252.86,42.12,True,Searching,shazia,None,Normal,5: Lying down (controlled)
1789491638.7438023,1249,Person A,1484.8,1664.7,-480.0,2252.86,42.12,True,Searching,shazia,None,Normal,5: Lying down (controlled)
1789491638.8063028,1250,Person A,1484.8,1664.7,-480.0,2252.86,42.12,True,Searching,shazia,None,Normal,5: Lying down (controlled)
1789491638.884437,1251,Person A,1484.8,1664.7,-480.0,2252.86,42.12,True,Searching,shazia,None,Normal,5: Lying down (controlled)
1789491638.9625576,1252,Person A,1484.8,1664.7,-480.0,2252.86,42.12,True,Searching,shazia,None,Normal,5: Lying down (controlled)
1789491639.0562835,1253,Person A,1484.8,1664.7,-480.0,2252.86,42.12,True,Searching,shazia,None,Normal,5: Lying down (controlled)
1789491639.1187787,1254,Person A,1484.8,1664.7,-480.0,2252.86,42.12,True,Searching,shazia,None,Normal,5: Lying down (controlled)
1789491639.212522,1255,Person A,1484.8,1664.7,-480.0,2252.86,42.12,True,Searching,shazia,None,Normal,5: Lying down (controlled)
1789491639.275019,1256,Person A,1484.8,1664.7,-480.0,2252.86,42.12,True,Searching,shazia,None,Normal,5: Lying down (controlled)
1789491639.3531384,1257,Person A,1484.8,1664.7,-480.0,2252.86,42.12,True,Searching,shazia,None,Normal,5: Lying down (controlled)
1789491639.4468825,1258,Person A,1484.8,1664.7,-480.0,2252.86,42.12,True,Searching,shazia,None,Normal,5: Lying down (controlled)
1789491639.524999,1259,Person A,1484.8,1664.7,-480.0,2252.86,42.12,True,Searching,shazia,None,Normal,5: Lying down (controlled)
1789491639.6031187,1260,Person A,1484.8,1664.7,-480.0,2252.86,42.12,True,Searching,shazia,None,Normal,5: Lying down (controlled)
1789491639.6812382,1261,Person A,1484.8,1664.7,-480.0,2252.86,42.12,True,Searching,shazia,None,Normal,5: Lying down (controlled)
1789491639.7593584,1262,Person A,1484.8,1664.7,-480.0,2252.86,42.12,True,Searching,shazia,None,Normal,5: Lying down (controlled)
1789491639.8374765,1263,Person A,1484.8,1664.7,-480.0,2252.86,42.12,True,Searching,shazia,None,Normal,5: Lying down (controlled)
1789491639.9624875,1264,Person A,1484.8,1664.7,-480.0,2252.86,42.12,True,Searching,shazia,None,Normal,5: Lying down (controlled)
1789491640.0249836,1265,Person A,1484.8,1664.7,-480.0,2252.86,42.12,True,Searching,shazia,None,Normal,5: Lying down (controlled)
1789491640.1187274,1266,Person A,1484.8,1664.7,-480.0,2252.86,42.12,True,Searching,shazia,None,Normal,5: Lying down (controlled)
1789491640.196847,1267,Person A,1484.8,1664.7,-480.0,2252.86,42.12,True,Searching,shazia,None,Normal,5: Lying down (controlled)
1789491640.2749476,1268,Person A,1484.8,1664.7,-480.0,2252.86,42.12,True,Searching,shazia,None,Normal,5: Lying down (controlled)
1789491640.384318,1269,Person A,1484.8,1664.7,-480.0,2252.86,42.12,True,Searching,shazia,None,Normal,5: Lying down (controlled)
1789491640.5093093,1270,Person A,1484.8,1664.7,-480.0,2252.86,42.12,True,Searching,shazia,None,Normal,5: Lying down (controlled)
1789491640.5874276,1271,Person A,1484.8,1664.7,-480.0,2252.86,42.12,True,Searching,shazia,None,Normal,5: Lying down (controlled)
1789491640.6655643,1272,Person A,1484.8,1664.7,-480.0,2252.86,42.12,True,Searching,shazia,None,Normal,5: Lying down (controlled)
1789491640.759288,1273,Person A,1484.8,1664.7,-480.0,2252.86,42.12,True,Searching,shazia,None,Normal,5: Lying down (controlled)
1789491640.853032,1274,Person A,1484.8,1664.7,-480.0,2252.86,42.12,True,Searching,shazia,None,Normal,5: Lying down (controlled)
1789491640.931153,1275,Person A,1484.8,1664.7,-480.0,2252.86,42.12,True,Searching,shazia,None,Normal,5: Lying down (controlled)
1789491641.0092921,1276,Person A,1484.8,1664.7,-480.0,2252.86,42.12,True,Searching,shazia,None,Normal,5: Lying down (controlled)
1789491641.0874119,1277,Person A,1484.8,1664.7,-480.0,2252.86,42.12,True,Searching,shazia,None,Normal,5: Lying down (controlled)
1789491641.1498942,1278,Person A,1484.8,1664.7,-480.0,2252.86,42.12,True,Searching,shazia,None,Normal,5: Lying down (controlled)
1789491641.2436302,1279,Person A,1484.8,1664.7,-480.0,2252.86,42.12,True,Searching,shazia,None,Normal,5: Lying down (controlled)
1789491641.3217692,1280,Person A,1484.8,1664.7,-480.0,2252.86,42.12,True,Searching,shazia,None,Normal,5: Lying down (controlled)
1789491641.3998895,1281,Person A,1484.8,1664.7,-480.0,2252.86,42.12,True,Searching,shazia,None,Normal,5: Lying down (controlled)
1789491641.4780087,1282,Person A,1484.8,1664.7,-480.0,2252.86,42.12,True,Searching,shazia,None,Normal,5: Lying down (controlled)
1789491641.5561285,1283,Person A,1484.8,1664.7,-480.0,2252.86,42.12,True,Searching,shazia,None,Normal,5: Lying down (controlled)
1789491641.6498566,1284,Person A,1484.8,1664.7,-480.0,2252.86,42.12,True,Searching,shazia,None,Normal,5: Lying down (controlled)
1789491641.7435987,1285,Person A,1484.8,1664.7,-480.0,2252.86,42.12,True,Searching,shazia,None,Normal,5: Lying down (controlled)
1789491641.8217185,1286,Person A,1484.8,1664.7,-480.0,2252.86,42.12,True,Searching,shazia,None,Normal,5: Lying down (controlled)
1789491641.91546,1287,Person A,1484.8,1664.7,-480.0,2252.86,42.12,True,Searching,shazia,None,Normal,5: Lying down (controlled)
1789491642.0248265,1288,Person A,1484.8,1664.7,-480.0,2252.86,42.12,True,Searching,shazia,None,Normal,5: Lying down (controlled)
1789491642.1185706,1289,Person A,1484.8,1664.7,-480.0,2252.86,42.12,True,Searching,shazia,None,Normal,5: Lying down (controlled)
1789491642.1966898,1290,Person A,1484.8,1664.7,-480.0,2252.86,42.12,True,Searching,shazia,None,Normal,5: Lying down (controlled)
1789491642.2748125,1291,Person A,1484.8,1664.7,-480.0,2252.86,42.12,True,Searching,shazia,None,Normal,5: Lying down (controlled)
1789491642.352949,1292,Person A,1484.8,1664.7,-480.0,2252.86,42.12,True,Searching,shazia,None,Normal,5: Lying down (controlled)
1789491642.4466755,1293,Person A,1484.8,1664.7,-480.0,2252.86,42.12,True,Searching,shazia,None,Normal,5: Lying down (controlled)
1789491642.5404353,1294,Person A,1484.8,1664.7,-480.0,2252.86,42.12,True,Searching,shazia,None,Normal,5: Lying down (controlled)
1789491642.6341796,1295,Person A,1484.8,1664.7,-480.0,2252.86,42.12,True,Searching,shazia,None,Normal,5: Lying down (controlled)
1789491642.7122993,1296,Person A,1484.8,1664.7,-480.0,2252.86,42.12,True,Searching,shazia,None,Normal,5: Lying down (controlled)
1789491642.8060288,1297,Person A,1484.8,1664.7,-480.0,2252.86,42.12,True,Searching,shazia,None,Normal,5: Lying down (controlled)
1789491642.8997667,1298,Person A,1484.8,1664.7,-480.0,2252.86,42.12,True,Searching,shazia,None,Normal,5: Lying down (controlled)
1789491643.0091536,1299,Person A,1484.8,1664.7,-480.0,2252.86,42.12,True,Searching,shazia,None,Normal,5: Lying down (controlled)
1789491643.0716496,1300,Person A,1484.8,1664.7,-480.0,2252.86,42.12,True,Searching,shazia,None,Normal,5: Lying down (controlled)
1789491643.1497693,1301,Person A,1484.8,1664.7,-480.0,2252.86,42.12,True,Searching,shazia,None,Normal,5: Lying down (controlled)
1789491643.2435126,1302,Person A,1484.8,1664.7,-480.0,2252.86,42.12,True,Searching,shazia,None,Normal,5: Lying down (controlled)
1789491643.3372567,1303,Person A,1484.8,1664.7,-480.0,2252.86,42.12,True,Searching,shazia,None,Normal,5: Lying down (controlled)
1789491643.4309828,1304,Person A,1484.8,1664.7,-480.0,2252.86,42.12,True,Searching,shazia,None,Normal,5: Lying down (controlled)
1789491643.509119,1305,Person A,1484.8,1664.7,-480.0,2252.86,42.12,True,Searching,shazia,None,Normal,5: Lying down (controlled)
1789491643.6184866,1306,Person A,1484.8,1664.7,-480.0,2252.86,42.12,True,Searching,shazia,None,Normal,5: Lying down (controlled)
1789491643.6966064,1307,Person A,1484.8,1664.7,-480.0,2252.86,42.12,True,Searching,shazia,None,Normal,5: Lying down (controlled)
1789491643.7903502,1308,Person A,1484.8,1664.7,-480.0,2252.86,42.12,True,Searching,shazia,None,Normal,5: Lying down (controlled)
1789491643.8840768,1309,Person A,1484.8,1664.7,-480.0,2252.86,42.12,True,Searching,shazia,None,Normal,5: Lying down (controlled)
1789491643.9622145,1310,Person A,1484.8,1664.7,-480.0,2252.86,42.12,True,Searching,shazia,None,Normal,5: Lying down (controlled)
1789491644.040313,1311,Person A,1484.8,1664.7,-480.0,2252.86,42.12,True,Searching,shazia,None,Normal,5: Lying down (controlled)
1789491644.1653244,1312,Person A,1484.8,1664.7,-480.0,2252.86,42.12,True,Searching,shazia,None,Normal,5: Lying down (controlled)
1789491644.2590687,1313,Person A,1484.8,1664.7,-480.0,2252.86,42.12,True,Searching,shazia,None,Normal,5: Lying down (controlled)
1789491644.337168,1314,Person A,1484.8,1664.7,-480.0,2252.86,42.12,True,Searching,shazia,None,Normal,5: Lying down (controlled)
1789491644.4152906,1315,Person A,1484.8,1664.7,-480.0,2252.86,42.12,True,Searching,shazia,None,Normal,5: Lying down (controlled)
1789491644.4934268,1316,Person A,1484.8,1664.7,-480.0,2252.86,42.12,True,Searching,shazia,None,Normal,5: Lying down (controlled)
1789491644.6652734,1317,Person A,1484.8,1664.7,-480.0,2252.86,42.12,True,Searching,shazia,None,Normal,5: Lying down (controlled)
1789491644.774641,1318,Person A,1484.8,1664.7,-480.0,2252.86,42.12,True,Searching,shazia,None,Normal,5: Lying down (controlled)
1789491644.8683827,1319,Person A,1484.8,1664.7,-480.0,2252.86,42.12,True,Searching,shazia,None,Normal,5: Lying down (controlled)
1789491644.9308772,1320,Person A,1484.8,1664.7,-480.0,2252.86,42.12,True,Searching,shazia,None,Normal,5: Lying down (controlled)
1789491645.0246396,1321,Person A,1484.8,1664.7,-480.0,2252.86,42.12,True,Searching,shazia,None,Normal,5: Lying down (controlled)
1789491645.0871356,1322,Person A,1484.8,1664.7,-480.0,2252.86,42.12,True,Searching,shazia,None,Normal,5: Lying down (controlled)
1789491645.1808593,1323,Person A,1484.8,1664.7,-480.0,2252.86,42.12,True,Searching,shazia,None,Normal,5: Lying down (controlled)
1789491645.2433553,1324,Person A,1484.8,1664.7,-480.0,2252.86,42.12,True,Searching,shazia,None,Normal,5: Lying down (controlled)
1789491645.3371186,1325,Person A,1484.8,1664.7,-480.0,2252.86,42.12,True,Searching,shazia,None,Normal,5: Lying down (controlled)
1789491645.3996148,1326,Person A,1484.8,1664.7,-480.0,2252.86,42.12,True,Searching,shazia,None,Normal,5: Lying down (controlled)
1789491645.4933574,1327,Person A,1484.8,1664.7,-480.0,2252.86,42.12,True,Searching,shazia,None,Normal,5: Lying down (controlled)
1789491645.5714588,1328,Person A,1484.8,1664.7,-480.0,2252.86,42.12,True,Searching,shazia,None,Normal,5: Lying down (controlled)
1789491645.665221,1329,Person A,1484.8,1664.7,-480.0,2252.86,42.12,True,Searching,shazia,None,Normal,5: Lying down (controlled)
1789491645.7433403,1330,Person A,1484.8,1664.7,-480.0,2252.86,42.12,True,Searching,shazia,None,Normal,5: Lying down (controlled)
1789491645.821441,1331,Person A,1484.8,1664.7,-480.0,2252.86,42.12,True,Searching,shazia,None,Normal,5: Lying down (controlled)
1789491645.9151847,1332,Person A,1484.8,1664.7,-480.0,2252.86,42.12,True,Searching,shazia,None,Normal,5: Lying down (controlled)
1789491646.0245547,1333,Person A,1484.8,1664.7,-480.0,2252.86,42.12,True,Searching,shazia,None,Normal,5: Lying down (controlled)
1789491646.1026912,1334,Person A,1484.8,1664.7,-480.0,2252.86,42.12,True,Searching,shazia,None,Normal,5: Lying down (controlled)
1789491646.1964185,1335,Person A,1484.8,1664.7,-480.0,2252.86,42.12,True,Searching,shazia,None,Normal,5: Lying down (controlled)
1789491646.2745547,1336,Person A,1484.8,1664.7,-480.0,2252.86,42.12,True,Searching,shazia,None,Normal,5: Lying down (controlled)
1789491646.3526745,1337,Person A,1484.8,1664.7,-480.0,2252.86,42.12,True,Searching,shazia,None,Normal,5: Lying down (controlled)
1789491646.4620245,1338,Person A,1484.8,1664.7,-480.0,2252.86,42.12,True,Searching,shazia,None,Normal,5: Lying down (controlled)
1789491646.5557692,1339,Person A,1484.8,1664.7,-480.0,2252.86,42.12,True,Searching,shazia,None,Normal,5: Lying down (controlled)
1789491646.6338851,1340,Person A,1484.8,1664.7,-480.0,2252.86,42.12,True,Searching,shazia,None,Normal,5: Lying down (controlled)
1789491646.7276483,1341,Person A,1484.8,1664.7,-480.0,2252.86,42.12,True,Searching,shazia,None,Normal,5: Lying down (controlled)
1789491646.8057683,1342,Person A,1484.8,1664.7,-480.0,2252.86,42.12,True,Searching,shazia,None,Normal,5: Lying down (controlled)
1789491646.9151187,1343,Person A,1484.8,1664.7,-480.0,2252.86,42.12,True,Searching,shazia,None,Normal,5: Lying down (controlled)
1789491647.008879,1344,Person A,1484.8,1664.7,-480.0,2252.86,42.12,True,Searching,shazia,None,Normal,5: Lying down (controlled)
1789491647.0869985,1345,Person A,1484.8,1664.7,-480.0,2252.86,42.12,True,Searching,shazia,None,Normal,5: Lying down (controlled)
1789491647.1650987,1346,Person A,1484.8,1664.7,-480.0,2252.86,42.12,True,Searching,shazia,None,Normal,5: Lying down (controlled)
1789491647.2432208,1347,Person A,1484.8,1664.7,-480.0,2252.86,42.12,True,Searching,shazia,None,Normal,5: Lying down (controlled)
1789491647.3525846,1348,Person A,1484.8,1664.7,-480.0,2252.86,42.12,True,Searching,shazia,None,Normal,5: Lying down (controlled)
1789491647.4619727,1349,Person A,1484.8,1664.7,-480.0,2252.86,42.12,True,Searching,shazia,None,Normal,5: Lying down (controlled)
1789491647.5400925,1350,Person A,1484.8,1664.7,-480.0,2252.86,42.12,True,Searching,shazia,None,Normal,5: Lying down (controlled)
1789491647.618212,1351,Person A,1484.8,1664.7,-480.0,2252.86,42.12,True,Searching,shazia,None,Normal,5: Lying down (controlled)
1789491647.6963315,1352,Person A,1484.8,1664.7,-480.0,2252.86,42.12,True,Searching,shazia,None,Normal,5: Lying down (controlled)
1789491647.7900586,1353,Person A,1484.8,1664.7,-480.0,2252.86,42.12,True,Searching,shazia,None,Normal,5: Lying down (controlled)
1789491647.8838193,1354,Person A,1484.8,1664.7,-480.0,2252.86,42.12,True,Searching,shazia,None,Normal,5: Lying down (controlled)
1789491647.96192,1355,Person A,1484.8,1664.7,-480.0,2252.86,42.12,True,Searching,shazia,None,Normal,5: Lying down (controlled)
1789491648.0556817,1356,Person A,1484.8,1664.7,-480.0,2252.86,42.12,True,Searching,shazia,None,Normal,5: Lying down (controlled)
1789491648.133802,1357,Person A,1484.8,1664.7,-480.0,2252.86,42.12,True,Searching,shazia,None,Normal,5: Lying down (controlled)
1789491648.227528,1358,Person A,1484.8,1664.7,-480.0,2252.86,42.12,True,Searching,shazia,None,Normal,5: Lying down (controlled)
1789491648.3368938,1359,Person A,1484.8,1664.7,-480.0,2252.86,42.12,True,Searching,shazia,None,Normal,5: Lying down (controlled)
1789491648.399408,1360,Person A,1484.8,1664.7,-480.0,2252.86,42.12,True,Searching,shazia,None,Normal,5: Lying down (controlled)
1789491648.493152,1361,Person A,1484.8,1664.7,-480.0,2252.86,42.12,True,Searching,shazia,None,Normal,5: Lying down (controlled)
1789491648.6649966,1362,Person A,1484.8,1664.7,-480.0,2252.86,42.12,True,Searching,shazia,None,Normal,5: Lying down (controlled)
1789491648.7587435,1363,Person A,1484.8,1664.7,-480.0,2252.86,42.12,True,Searching,shazia,None,Normal,5: Lying down (controlled)
1789491648.8524826,1364,Person A,1484.8,1664.7,-480.0,2252.86,42.12,True,Searching,shazia,None,Normal,5: Lying down (controlled)
1789491648.930602,1365,Person A,1484.8,1664.7,-480.0,2252.86,42.12,True,Searching,shazia,None,Normal,5: Lying down (controlled)
1789491649.0087214,1366,Person A,1484.8,1664.7,-480.0,2252.86,42.12,True,Searching,shazia,None,Normal,5: Lying down (controlled)
1789491649.0868413,1367,Person A,1484.8,1664.7,-480.0,2252.86,42.12,True,Searching,shazia,None,Normal,5: Lying down (controlled)
1789491649.1962097,1368,Person A,1484.8,1664.7,-480.0,2252.86,42.12,True,Searching,shazia,None,Normal,5: Lying down (controlled)
1789491649.2743294,1369,Person A,1484.8,1664.7,-480.0,2252.86,42.12,True,Searching,shazia,None,Normal,5: Lying down (controlled)
1789491649.3524683,1370,Person A,1484.8,1664.7,-480.0,2252.86,42.12,True,Searching,shazia,None,Normal,5: Lying down (controlled)
1789491649.430588,1371,Person A,1484.8,1664.7,-480.0,2252.86,42.12,True,Searching,shazia,None,Normal,5: Lying down (controlled)
1789491649.5087068,1372,Person A,1484.8,1664.7,-480.0,2252.86,42.12,True,Searching,shazia,None,Normal,5: Lying down (controlled)
1789491649.6180742,1373,Person A,1484.8,1664.7,-480.0,2252.86,42.12,True,Searching,shazia,None,Normal,5: Lying down (controlled)
1789491649.727442,1374,Person A,1484.8,1664.7,-480.0,2252.86,42.12,True,Searching,shazia,None,Normal,5: Lying down (controlled)
1789491649.789938,1375,Person A,1484.8,1664.7,-480.0,2252.86,42.12,True,Searching,shazia,None,Normal,5: Lying down (controlled)
1789491649.868038,1376,Person A,1484.8,1664.7,-480.0,2252.86,42.12,True,Searching,shazia,None,Normal,5: Lying down (controlled)
1789491649.9461765,1377,Person A,1484.8,1664.7,-480.0,2252.86,42.12,True,Searching,shazia,None,Normal,5: Lying down (controlled)
1789491650.0399206,1378,Person A,1484.8,1664.7,-480.0,2252.86,42.12,True,Searching,shazia,None,Normal,5: Lying down (controlled)
1789491650.1024005,1379,Person A,1484.8,1664.7,-480.0,2252.86,42.12,True,Searching,shazia,None,Normal,5: Lying down (controlled)
1789491650.1961596,1380,Person A,1484.8,1664.7,-480.0,2252.86,42.12,True,Searching,shazia,None,Normal,5: Lying down (controlled)
1789491650.2742794,1381,Person A,1484.8,1664.7,-480.0,2252.86,42.12,True,Searching,shazia,None,Normal,5: Lying down (controlled)
1789491650.3680048,1382,Person A,1484.8,1664.7,-480.0,2252.86,42.12,True,Searching,shazia,None,Normal,5: Lying down (controlled)
1789491650.4773734,1383,Person A,1484.8,1664.7,-480.0,2252.86,42.12,True,Searching,shazia,None,Normal,5: Lying down (controlled)
1789491650.5554936,1384,Person A,1484.8,1664.7,-480.0,2252.86,42.12,True,Searching,shazia,None,Normal,5: Lying down (controlled)
1789491650.6336293,1385,Person A,1484.8,1664.7,-480.0,2252.86,42.12,True,Searching,shazia,None,Normal,5: Lying down (controlled)
1789491650.7273738,1386,Person A,1484.8,1664.7,-480.0,2252.86,42.12,True,Searching,shazia,None,Normal,5: Lying down (controlled)
1789491650.8054926,1387,Person A,1484.8,1664.7,-480.0,2252.86,42.12,True,Searching,shazia,None,Normal,5: Lying down (controlled)
1789491650.9148405,1388,Person A,1484.8,1664.7,-480.0,2252.86,42.12,True,Searching,shazia,None,Normal,5: Lying down (controlled)
1789491651.008604,1389,Person A,1484.8,1664.7,-480.0,2252.86,42.12,True,Searching,shazia,None,Normal,5: Lying down (controlled)
1789491651.0867233,1390,Person A,1484.8,1664.7,-480.0,2252.86,42.12,True,Searching,shazia,None,Normal,5: Lying down (controlled)
1789491651.164843,1391,Person A,1484.8,1664.7,-480.0,2252.86,42.12,True,Searching,shazia,None,Normal,5: Lying down (controlled)
1789491651.2585683,1392,Person A,1484.8,1664.7,-480.0,2252.86,42.12,True,Searching,shazia,None,Normal,5: Lying down (controlled)
1789491651.383561,1393,Person A,1484.8,1664.7,-480.0,2252.86,42.12,True,Searching,shazia,None,Normal,5: Lying down (controlled)
1789491651.4616814,1394,Person A,1484.8,1664.7,-480.0,2252.86,42.12,True,Searching,shazia,None,Normal,5: Lying down (controlled)
1789491651.5398176,1395,Person A,1484.8,1664.7,-480.0,2252.86,42.12,True,Searching,shazia,None,Normal,5: Lying down (controlled)
1789491651.617937,1396,Person A,1484.8,1664.7,-480.0,2252.86,42.12,True,Searching,shazia,None,Normal,5: Lying down (controlled)
1789491651.7116816,1397,Person A,1484.8,1664.7,-480.0,2252.86,42.12,True,Searching,shazia,None,Normal,5: Lying down (controlled)
1789491651.7897804,1398,Person A,1484.8,1664.7,-480.0,2252.86,42.12,True,Searching,shazia,None,Normal,5: Lying down (controlled)
1789491651.8991477,1399,Person A,1484.8,1664.7,-480.0,2252.86,42.12,True,Searching,shazia,None,Normal,5: Lying down (controlled)
1789491651.9616635,1400,Person A,1484.8,1664.7,-480.0,2252.86,42.12,True,Searching,shazia,None,Normal,5: Lying down (controlled)
1789491652.0397637,1401,Person A,1484.8,1664.7,-480.0,2252.86,42.12,True,Searching,shazia,None,Normal,5: Lying down (controlled)
1789491652.1491501,1402,Person A,1484.8,1664.7,-480.0,2252.86,42.12,True,Searching,shazia,None,Normal,5: Lying down (controlled)
1789491652.2428772,1403,Person A,1484.8,1664.7,-480.0,2252.86,42.12,True,Searching,shazia,None,Normal,5: Lying down (controlled)
1789491652.3366213,1404,Person A,1484.8,1664.7,-480.0,2252.86,42.12,True,Searching,shazia,None,Normal,5: Lying down (controlled)
1789491652.4147387,1405,Person A,1484.8,1664.7,-480.0,2252.86,42.12,True,Searching,shazia,None,Normal,5: Lying down (controlled)
1789491652.4928575,1406,Person A,1484.8,1664.7,-480.0,2252.86,42.12,True,Searching,shazia,None,Normal,5: Lying down (controlled)
1789491652.6803486,1407,Person A,1484.8,1664.7,-480.0,2252.86,42.12,True,Searching,shazia,None,Normal,5: Lying down (controlled)
1789491652.7740915,1408,Person A,1484.8,1664.7,-480.0,2252.86,42.12,True,Searching,shazia,None,Normal,5: Lying down (controlled)
1789491652.867832,1409,Person A,1484.8,1664.7,-480.0,2252.86,42.12,True,Searching,shazia,None,Normal,5: Lying down (controlled)
1789491652.945951,1410,Person A,1484.8,1664.7,-480.0,2252.86,42.12,True,Searching,shazia,None,Normal,5: Lying down (controlled)
1789491653.008467,1411,Person A,1484.8,1664.7,-480.0,2252.86,42.12,True,Searching,shazia,None,Normal,5: Lying down (controlled)
1789491653.1021905,1412,Person A,1484.8,1664.7,-480.0,2252.86,42.12,True,Searching,shazia,None,Normal,5: Lying down (controlled)
1789491653.1646855,1413,Person A,1484.8,1664.7,-480.0,2252.86,42.12,True,Searching,shazia,None,Normal,5: Lying down (controlled)
1789491653.2584336,1414,Person A,1484.8,1664.7,-480.0,2252.86,42.12,True,Searching,shazia,None,Normal,5: Lying down (controlled)
1789491653.3365695,1415,Person A,1484.8,1664.7,-480.0,2252.86,42.12,True,Searching,shazia,None,Normal,5: Lying down (controlled)
1789491653.414689,1416,Person A,1484.8,1664.7,-480.0,2252.86,42.12,True,Searching,shazia,None,Normal,5: Lying down (controlled)
1789491653.524037,1417,Person A,1484.8,1664.7,-480.0,2252.86,42.12,True,Searching,shazia,None,Normal,5: Lying down (controlled)
1789491653.7427711,1418,Person A,1484.8,1664.7,-480.0,2252.86,42.12,True,Searching,shazia,None,Normal,5: Lying down (controlled)
1789491653.820894,1419,Person A,1484.8,1664.7,-480.0,2252.86,42.12,True,Searching,shazia,None,Normal,5: Lying down (controlled)
1789491653.8833897,1420,Person A,1484.8,1664.7,-480.0,2252.86,42.12,True,Searching,shazia,None,Normal,5: Lying down (controlled)
1789491653.9458828,1421,Person A,1484.8,1664.7,-480.0,2252.86,42.12,True,Searching,shazia,None,Normal,5: Lying down (controlled)
1789491654.024003,1422,Person A,1484.8,1664.7,-480.0,2252.86,42.12,True,Searching,shazia,None,Normal,5: Lying down (controlled)
1789491654.1646225,1423,Person A,1484.8,1664.7,-480.0,2252.86,42.12,True,Searching,shazia,None,Normal,5: Lying down (controlled)
1789491654.2427564,1424,Person A,1484.8,1664.7,-480.0,2252.86,42.12,True,Searching,shazia,None,Normal,5: Lying down (controlled)
1789491654.305233,1425,Person A,1484.8,1664.7,-480.0,2252.86,42.12,True,Searching,shazia,None,Normal,5: Lying down (controlled)
1789491654.3677285,1426,Person A,1484.8,1664.7,-480.0,2252.86,42.12,True,Searching,shazia,None,Normal,5: Lying down (controlled)
1789491654.508364,1427,Person A,1484.8,1664.7,-480.0,2252.86,42.12,True,Searching,shazia,None,Normal,5: Lying down (controlled)
1789491654.5864842,1428,Person A,1484.8,1664.7,-480.0,2252.86,42.12,True,Searching,shazia,None,Normal,5: Lying down (controlled)
1789491654.6645863,1429,Person A,1484.8,1664.7,-480.0,2252.86,42.12,True,Searching,shazia,None,Normal,5: Lying down (controlled)
1789491654.7583458,1430,Person A,1484.8,1664.7,-480.0,2252.86,42.12,True,Searching,shazia,None,Normal,5: Lying down (controlled)
1789491654.820842,1431,Person A,1484.8,1664.7,-480.0,2252.86,42.12,True,Searching,shazia,None,Normal,5: Lying down (controlled)
1789491654.898961,1432,Person A,1484.8,1664.7,-480.0,2252.86,42.12,True,Searching,shazia,None,Normal,5: Lying down (controlled)
1789491654.9926853,1433,Person A,1484.8,1664.7,-480.0,2252.86,42.12,True,Searching,shazia,None,Normal,5: Lying down (controlled)
1789491655.0864315,1434,Person A,1484.8,1664.7,-480.0,2252.86,42.12,True,Searching,shazia,None,Normal,5: Lying down (controlled)
1789491655.1645684,1435,Person A,1484.8,1664.7,-480.0,2252.86,42.12,True,Searching,shazia,None,Normal,5: Lying down (controlled)
1789491655.2426882,1436,Person A,1484.8,1664.7,-480.0,2252.86,42.12,True,Searching,shazia,None,Normal,5: Lying down (controlled)
1789491655.3208072,1437,Person A,1484.8,1664.7,-480.0,2252.86,42.12,True,Searching,shazia,None,Normal,5: Lying down (controlled)
1789491655.4145343,1438,Person A,1484.8,1664.7,-480.0,2252.86,42.12,True,Searching,shazia,None,Normal,5: Lying down (controlled)
1789491655.492671,1439,Person A,1484.8,1664.7,-480.0,2252.86,42.12,True,Searching,shazia,None,Normal,5: Lying down (controlled)
1789491655.5707717,1440,Person A,1484.8,1664.7,-480.0,2252.86,42.12,True,Searching,shazia,None,Normal,5: Lying down (controlled)
1789491655.648891,1441,Person A,1484.8,1664.7,-480.0,2252.86,42.12,True,Searching,shazia,None,Normal,5: Lying down (controlled)
1789491655.7270098,1442,Person A,1484.8,1664.7,-480.0,2252.86,42.12,True,Searching,shazia,None,Normal,5: Lying down (controlled)
1789491655.789506,1443,Person A,1484.8,1664.7,-480.0,2252.86,42.12,True,Searching,shazia,None,Normal,5: Lying down (controlled)
1789491655.898876,1444,Person A,1484.8,1664.7,-480.0,2252.86,42.12,True,Searching,shazia,None,Normal,5: Lying down (controlled)
1789491655.9770124,1445,Person A,1484.8,1664.7,-480.0,2252.86,42.12,True,Searching,shazia,None,Normal,5: Lying down (controlled)
1789491656.0551326,1446,Person A,1484.8,1664.7,-480.0,2252.86,42.12,True,Searching,shazia,None,Normal,5: Lying down (controlled)
1789491656.1488752,1447,Person A,1484.8,1664.7,-480.0,2252.86,42.12,True,Searching,shazia,None,Normal,5: Lying down (controlled)
1789491656.2269752,1448,Person A,1484.8,1664.7,-480.0,2252.86,42.12,True,Searching,shazia,None,Normal,5: Lying down (controlled)
1789491656.3519888,1449,Person A,1484.8,1664.7,-480.0,2252.86,42.12,True,Searching,shazia,None,Normal,5: Lying down (controlled)
1789491656.4457138,1450,Person A,1484.8,1664.7,-480.0,2252.86,42.12,True,Searching,shazia,None,Normal,5: Lying down (controlled)
1789491656.50821,1451,Person A,1484.8,1664.7,-480.0,2252.86,42.12,True,Searching,shazia,None,Normal,5: Lying down (controlled)
1789491656.5863452,1452,Person A,1484.8,1664.7,-480.0,2252.86,42.12,True,Searching,shazia,None,Normal,5: Lying down (controlled)
1789491656.6956937,1453,Person A,1484.8,1664.7,-480.0,2252.86,42.12,True,Searching,shazia,None,Normal,5: Lying down (controlled)
1789491656.805061,1454,Person A,1484.8,1664.7,-480.0,2252.86,42.12,True,Searching,shazia,None,Normal,5: Lying down (controlled)
1789491656.8675766,1455,Person A,1484.8,1664.7,-480.0,2252.86,42.12,True,Searching,shazia,None,Normal,5: Lying down (controlled)
1789491656.9456792,1456,Person A,1484.8,1664.7,-480.0,2252.86,42.12,True,Searching,shazia,None,Normal,5: Lying down (controlled)
1789491657.0862923,1457,Person A,1484.8,1664.7,-480.0,2252.86,42.12,True,Searching,shazia,None,Normal,5: Lying down (controlled)
1789491657.2269115,1458,Person A,1484.8,1664.7,-480.0,2252.86,42.12,True,Searching,shazia,None,Normal,5: Lying down (controlled)
1789491657.3206503,1459,Person A,1484.8,1664.7,-480.0,2252.86,42.12,True,Searching,shazia,None,Normal,5: Lying down (controlled)
1789491657.3987734,1460,Person A,1484.8,1664.7,-480.0,2252.86,42.12,True,Searching,shazia,None,Normal,5: Lying down (controlled)
1789491657.47689,1461,Person A,1484.8,1664.7,-480.0,2252.86,42.12,True,Searching,shazia,None,Normal,5: Lying down (controlled)
1789491657.5393884,1462,Person A,1484.8,1664.7,-480.0,2252.86,42.12,True,Searching,shazia,None,Normal,5: Lying down (controlled)
1789491657.6487565,1463,Person A,1484.8,1664.7,-480.0,2252.86,42.12,True,Searching,shazia,None,Normal,5: Lying down (controlled)
1789491657.7112515,1464,Person A,1484.8,1664.7,-480.0,2252.86,42.12,True,Searching,shazia,None,Normal,5: Lying down (controlled)
1789491657.8050125,1465,Person A,1484.8,1664.7,-480.0,2252.86,42.12,True,Searching,shazia,None,Normal,5: Lying down (controlled)
1789491657.8831317,1466,Person A,1484.8,1664.7,-480.0,2252.86,42.12,True,Searching,shazia,None,Normal,5: Lying down (controlled)
1789491657.9612305,1467,Person A,1484.8,1664.7,-480.0,2252.86,42.12,True,Searching,shazia,None,Normal,5: Lying down (controlled)
1789491658.0549963,1468,Person A,1484.8,1664.7,-480.0,2252.86,42.12,True,Searching,shazia,None,Normal,5: Lying down (controlled)
1789491658.1487386,1469,Person A,1484.8,1664.7,-480.0,2252.86,42.12,True,Searching,shazia,None,Normal,5: Lying down (controlled)
1789491658.226858,1470,Person A,1484.8,1664.7,-480.0,2252.86,42.12,True,Searching,shazia,None,Normal,5: Lying down (controlled)
1789491658.3049772,1471,Person A,1484.8,1664.7,-480.0,2252.86,42.12,True,Searching,shazia,None,Normal,5: Lying down (controlled)
1789491658.3674731,1472,Person A,1484.8,1664.7,-480.0,2252.86,42.12,True,Searching,shazia,None,Normal,5: Lying down (controlled)
1789491658.4768226,1473,Person A,1484.8,1664.7,-480.0,2252.86,42.12,True,Searching,shazia,None,Normal,5: Lying down (controlled)
1789491658.5705645,1474,Person A,1484.8,1664.7,-480.0,2252.86,42.12,True,Searching,shazia,None,Normal,5: Lying down (controlled)
1789491658.6487043,1475,Person A,1484.8,1664.7,-480.0,2252.86,42.12,True,Searching,shazia,None,Normal,5: Lying down (controlled)
1789491658.7268236,1476,Person A,1484.8,1664.7,-480.0,2252.86,42.12,True,Searching,shazia,None,Normal,5: Lying down (controlled)
1789491658.8517957,1477,Person A,1484.8,1664.7,-480.0,2252.86,42.12,True,Searching,shazia,None,Normal,5: Lying down (controlled)
1789491658.929918,1478,Person A,1484.8,1664.7,-480.0,2252.86,42.12,True,Searching,shazia,None,Normal,5: Lying down (controlled)
1789491659.0393028,1479,Person A,1484.8,1664.7,-480.0,2252.86,42.12,True,Searching,shazia,None,Normal,5: Lying down (controlled)
1789491659.117405,1480,Person A,1484.8,1664.7,-480.0,2252.86,42.12,True,Searching,shazia,None,Normal,5: Lying down (controlled)
1789491659.1955223,1481,Person A,1484.8,1664.7,-480.0,2252.86,42.12,True,Searching,shazia,None,Normal,5: Lying down (controlled)
1789491659.273661,1482,Person A,1484.8,1664.7,-480.0,2252.86,42.12,True,Searching,shazia,None,Normal,5: Lying down (controlled)
1789491659.351764,1483,Person A,1484.8,1664.7,-480.0,2252.86,42.12,True,Searching,shazia,None,Normal,5: Lying down (controlled)
1789491659.4611342,1484,Person A,1484.8,1664.7,-480.0,2252.86,42.12,True,Searching,shazia,None,Normal,5: Lying down (controlled)
1789491659.5392482,1485,Person A,1484.8,1664.7,-480.0,2252.86,42.12,True,Searching,shazia,None,Normal,5: Lying down (controlled)
1789491659.6173677,1486,Person A,1484.8,1664.7,-480.0,2252.86,42.12,True,Searching,shazia,None,Normal,5: Lying down (controlled)
1789491659.7111309,1487,Person A,1484.8,1664.7,-480.0,2252.86,42.12,True,Searching,shazia,None,Normal,5: Lying down (controlled)
1789491659.8048594,1488,Person A,1484.8,1664.7,-480.0,2252.86,42.12,True,Searching,shazia,None,Normal,5: Lying down (controlled)
1789491659.9142423,1489,Person A,1484.8,1664.7,-480.0,2252.86,42.12,True,Searching,shazia,None,Normal,5: Lying down (controlled)
1789491659.9923615,1490,Person A,1484.8,1664.7,-480.0,2252.86,42.12,True,Searching,shazia,None,Normal,5: Lying down (controlled)
1789491660.0704648,1491,Person A,1484.8,1664.7,-480.0,2252.86,42.12,True,Searching,shazia,None,Normal,5: Lying down (controlled)
1789491660.148601,1492,Person A,1484.8,1664.7,-480.0,2252.86,42.12,True,Searching,shazia,None,Normal,5: Lying down (controlled)
1789491660.2423277,1493,Person A,1484.8,1664.7,-480.0,2252.86,42.12,True,Searching,shazia,None,Normal,5: Lying down (controlled)
1789491660.3673358,1494,Person A,1484.8,1664.7,-480.0,2252.86,42.12,True,Searching,shazia,None,Normal,5: Lying down (controlled)
1789491660.4454558,1495,Person A,1484.8,1664.7,-480.0,2252.86,42.12,True,Searching,shazia,None,Normal,5: Lying down (controlled)
1789491660.5079317,1496,Person A,1484.8,1664.7,-480.0,2252.86,42.12,True,Searching,shazia,None,Normal,5: Lying down (controlled)
1789491660.601694,1497,Person A,1484.8,1664.7,-480.0,2252.86,42.12,True,Searching,shazia,None,Normal,5: Lying down (controlled)
1789491660.711065,1498,Person A,1484.8,1664.7,-480.0,2252.86,42.12,True,Searching,shazia,None,Normal,5: Lying down (controlled)
1789491660.7891827,1499,Person A,1484.8,1664.7,-480.0,2252.86,42.12,True,Searching,shazia,None,Normal,5: Lying down (controlled)
1789491660.8673017,1500,Person A,1484.8,1664.7,-480.0,2252.86,42.12,True,Searching,shazia,None,Normal,5: Lying down (controlled)
1789491660.9454021,1501,Person A,1484.8,1664.7,-480.0,2252.86,42.12,True,Searching,shazia,None,Normal,5: Lying down (controlled)
1789491661.039165,1502,Person A,1484.8,1664.7,-480.0,2252.86,42.12,True,Searching,shazia,None,Normal,5: Lying down (controlled)
1789491661.1797616,1503,Person A,1484.8,1664.7,-480.0,2252.86,42.12,True,Searching,shazia,None,Normal,5: Lying down (controlled)
1789491661.2891324,1504,Person A,1484.8,1664.7,-480.0,2252.86,42.12,True,Searching,shazia,None,Normal,5: Lying down (controlled)
1789491661.3828914,1505,Person A,1484.8,1664.7,-480.0,2252.86,42.12,True,Searching,shazia,None,Normal,5: Lying down (controlled)
1789491661.4609942,1506,Person A,1484.8,1664.7,-480.0,2252.86,42.12,True,Searching,shazia,None,Normal,5: Lying down (controlled)
1789491661.5391107,1507,Person A,1484.8,1664.7,-480.0,2252.86,42.12,True,Searching,shazia,None,Normal,5: Lying down (controlled)
1789491661.6172304,1508,Person A,1484.8,1664.7,-480.0,2252.86,42.12,True,Searching,shazia,None,Normal,5: Lying down (controlled)
1789491661.7109933,1509,Person A,1484.8,1664.7,-480.0,2252.86,42.12,True,Searching,shazia,None,Normal,5: Lying down (controlled)
1789491661.7891128,1510,Person A,1484.8,1664.7,-480.0,2252.86,42.12,True,Searching,shazia,None,Normal,5: Lying down (controlled)
1789491661.8672326,1511,Person A,1484.8,1664.7,-480.0,2252.86,42.12,True,Searching,shazia,None,Normal,5: Lying down (controlled)
1789491661.960963,1512,Person A,1484.8,1664.7,-480.0,2252.86,42.12,True,Searching,shazia,None,Normal,5: Lying down (controlled)
1789491662.0234554,1513,Person A,1484.8,1664.7,-480.0,2252.86,42.12,True,Searching,shazia,None,Normal,5: Lying down (controlled)
1789491662.117199,1514,Person A,1484.8,1664.7,-480.0,2252.86,42.12,True,Searching,shazia,None,Normal,5: Lying down (controlled)
1789491662.2109396,1515,Person A,1484.8,1664.7,-480.0,2252.86,42.12,True,Searching,shazia,None,Normal,5: Lying down (controlled)
1789491662.2890785,1516,Person A,1484.8,1664.7,-480.0,2252.86,42.12,True,Searching,shazia,None,Normal,5: Lying down (controlled)
1789491662.3828235,1517,Person A,1484.8,1664.7,-480.0,2252.86,42.12,True,Searching,shazia,None,Normal,5: Lying down (controlled)
1789491662.4765468,1518,Person A,1484.8,1664.7,-480.0,2252.86,42.12,True,Searching,shazia,None,Normal,5: Lying down (controlled)
1789491662.5702932,1519,Person A,1484.8,1664.7,-480.0,2252.86,42.12,True,Searching,shazia,None,Normal,5: Lying down (controlled)
1789491662.6484103,1520,Person A,1484.8,1664.7,-480.0,2252.86,42.12,True,Searching,shazia,None,Normal,5: Lying down (controlled)
1789491662.7265327,1521,Person A,1484.8,1664.7,-480.0,2252.86,42.12,True,Searching,shazia,None,Normal,5: Lying down (controlled)
1789491662.820292,1522,Person A,1484.8,1664.7,-480.0,2252.86,42.12,True,Searching,shazia,None,Normal,5: Lying down (controlled)
1789491662.9296412,1523,Person A,1484.8,1664.7,-480.0,2252.86,42.12,True,Searching,shazia,None,Normal,5: Lying down (controlled)
1789491663.007759,1524,Person A,1484.8,1664.7,-480.0,2252.86,42.12,True,Searching,shazia,None,Normal,5: Lying down (controlled)
1789491663.085899,1525,Person A,1484.8,1664.7,-480.0,2252.86,42.12,True,Searching,shazia,None,Normal,5: Lying down (controlled)
1789491663.2108917,1526,Person A,1484.8,1664.7,-480.0,2252.86,42.12,True,Searching,shazia,None,Normal,5: Lying down (controlled)
1789491663.2733858,1527,Person A,1484.8,1664.7,-480.0,2252.86,42.12,True,Searching,shazia,None,Normal,5: Lying down (controlled)
1789491663.367129,1528,Person A,1484.8,1664.7,-480.0,2252.86,42.12,True,Searching,shazia,None,Normal,5: Lying down (controlled)
1789491663.4608564,1529,Person A,1484.8,1664.7,-480.0,2252.86,42.12,True,Searching,shazia,None,Normal,5: Lying down (controlled)
1789491663.5389931,1530,Person A,1484.8,1664.7,-480.0,2252.86,42.12,True,Searching,shazia,None,Normal,5: Lying down (controlled)
1789491663.6327367,1531,Person A,1484.8,1664.7,-480.0,2252.86,42.12,True,Searching,shazia,None,Normal,5: Lying down (controlled)
1789491663.7108562,1532,Person A,1484.8,1664.7,-480.0,2252.86,42.12,True,Searching,shazia,None,Normal,5: Lying down (controlled)
1789491663.8045828,1533,Person A,1484.8,1664.7,-480.0,2252.86,42.12,True,Searching,shazia,None,Normal,5: Lying down (controlled)
1789491663.898326,1534,Person A,1484.8,1664.7,-480.0,2252.86,42.12,True,Searching,shazia,None,Normal,5: Lying down (controlled)
1789491663.976444,1535,Person A,1484.8,1664.7,-480.0,2252.86,42.12,True,Searching,shazia,None,Normal,5: Lying down (controlled)
1789491664.070206,1536,Person A,1484.8,1664.7,-480.0,2252.86,42.12,True,Searching,shazia,None,Normal,5: Lying down (controlled)
1789491664.1639311,1537,Person A,1484.8,1664.7,-480.0,2252.86,42.12,True,Searching,shazia,None,Normal,5: Lying down (controlled)
1789491664.2576933,1538,Person A,1484.8,1664.7,-480.0,2252.86,42.12,True,Searching,shazia,None,Normal,5: Lying down (controlled)
1789491664.3514168,1539,Person A,1484.8,1664.7,-480.0,2252.86,42.12,True,Searching,shazia,None,Normal,5: Lying down (controlled)
1789491664.4295564,1540,Person A,1484.8,1664.7,-480.0,2252.86,42.12,True,Searching,shazia,None,Normal,5: Lying down (controlled)
1789491664.5076756,1541,Person A,1484.8,1664.7,-480.0,2252.86,42.12,True,Searching,shazia,None,Normal,5: Lying down (controlled)
1789491664.6014004,1542,Person A,1484.8,1664.7,-480.0,2252.86,42.12,True,Searching,shazia,None,Normal,5: Lying down (controlled)
1789491664.710789,1543,Person A,1484.8,1664.7,-480.0,2252.86,42.12,True,Searching,shazia,None,Normal,5: Lying down (controlled)
1789491664.8201363,1544,Person A,1484.8,1664.7,-480.0,2252.86,42.12,True,Searching,shazia,None,Normal,5: Lying down (controlled)
1789491664.9138987,1545,Person A,1484.8,1664.7,-480.0,2252.86,42.12,True,Searching,shazia,None,Normal,5: Lying down (controlled)
1789491664.9763942,1546,Person A,1484.8,1664.7,-480.0,2252.86,42.12,True,Searching,shazia,None,Normal,5: Lying down (controlled)
1789491665.0544968,1547,Person A,1484.8,1664.7,-480.0,2252.86,42.12,True,Searching,shazia,None,Normal,5: Lying down (controlled)
1789491665.1482568,1548,Person A,1484.8,1664.7,-480.0,2252.86,42.12,True,Searching,shazia,None,Normal,5: Lying down (controlled)
1789491665.2888575,1549,Person A,1484.8,1664.7,-480.0,2252.86,42.12,True,Searching,shazia,None,Normal,5: Lying down (controlled)
1789491665.3825963,1550,Person A,1484.8,1664.7,-480.0,2252.86,42.12,True,Searching,shazia,None,Normal,5: Lying down (controlled)
1789491665.46072,1551,Person A,1484.8,1664.7,-480.0,2252.86,42.12,True,Searching,shazia,None,Normal,5: Lying down (controlled)
1789491665.5388403,1552,Person A,1484.8,1664.7,-480.0,2252.86,42.12,True,Searching,shazia,None,Normal,5: Lying down (controlled)
1789491665.632579,1553,Person A,1484.8,1664.7,-480.0,2252.86,42.12,True,Searching,shazia,None,Normal,5: Lying down (controlled)
1789491665.7106981,1554,Person A,1484.8,1664.7,-480.0,2252.86,42.12,True,Searching,shazia,None,Normal,5: Lying down (controlled)
1789491665.7888405,1555,Person A,1484.8,1664.7,-480.0,2252.86,42.12,True,Searching,shazia,None,Normal,5: Lying down (controlled)
1789491665.8669577,1556,Person A,1484.8,1664.7,-480.0,2252.86,42.12,True,Searching,shazia,None,Normal,5: Lying down (controlled)
1789491665.9450605,1557,Person A,1484.8,1664.7,-480.0,2252.86,42.12,True,Searching,shazia,None,Normal,5: Lying down (controlled)
1789491666.0231767,1558,Person A,1484.8,1664.7,-480.0,2252.86,42.12,True,Searching,shazia,None,Normal,5: Lying down (controlled)
1789491666.1169238,1559,Person A,1484.8,1664.7,-480.0,2252.86,42.12,True,Searching,shazia,None,Normal,5: Lying down (controlled)
1789491666.2106838,1560,Person A,1484.8,1664.7,-480.0,2252.86,42.12,True,Searching,shazia,None,Normal,5: Lying down (controlled)
1789491666.3200545,1561,Person A,1484.8,1664.7,-480.0,2252.86,42.12,True,Searching,shazia,None,Normal,5: Lying down (controlled)
1789491666.3981717,1562,Person A,1484.8,1664.7,-480.0,2252.86,42.12,True,Searching,shazia,None,Normal,5: Lying down (controlled)
1789491666.491898,1563,Person A,1484.8,1664.7,-480.0,2252.86,42.12,True,Searching,shazia,None,Normal,5: Lying down (controlled)
1789491666.5700145,1564,Person A,1484.8,1664.7,-480.0,2252.86,42.12,True,Searching,shazia,None,Normal,5: Lying down (controlled)
1789491666.6481352,1565,Person A,1484.8,1664.7,-480.0,2252.86,42.12,True,Searching,shazia,None,Normal,5: Lying down (controlled)
1789491666.7262547,1566,Person A,1484.8,1664.7,-480.0,2252.86,42.12,True,Searching,shazia,None,Normal,5: Lying down (controlled)
1789491666.820001,1567,Person A,1484.8,1664.7,-480.0,2252.86,42.12,True,Searching,shazia,None,Normal,5: Lying down (controlled)
1789491666.9449897,1568,Person A,1484.8,1664.7,-480.0,2252.86,42.12,True,Searching,shazia,None,Normal,5: Lying down (controlled)
1789491667.0231097,1569,Person A,1484.8,1664.7,-480.0,2252.86,42.12,True,Searching,shazia,None,Normal,5: Lying down (controlled)
1789491667.1012478,1570,Person A,1484.8,1664.7,-480.0,2252.86,42.12,True,Searching,shazia,None,Normal,5: Lying down (controlled)
1789491667.1793485,1571,Person A,1484.8,1664.7,-480.0,2252.86,42.12,True,Searching,shazia,None,Normal,5: Lying down (controlled)
1789491667.2731113,1572,Person A,1484.8,1664.7,-480.0,2252.86,42.12,True,Searching,shazia,None,Normal,5: Lying down (controlled)
1789491667.3824804,1573,Person A,1484.8,1664.7,-480.0,2252.86,42.12,True,Searching,shazia,None,Normal,5: Lying down (controlled)
1789491667.4762065,1574,Person A,1484.8,1664.7,-480.0,2252.86,42.12,True,Searching,shazia,None,Normal,5: Lying down (controlled)
1789491667.5387182,1575,Person A,1484.8,1664.7,-480.0,2252.86,42.12,True,Searching,shazia,None,Normal,5: Lying down (controlled)
1789491667.6168206,1576,Person A,1484.8,1664.7,-480.0,2252.86,42.12,True,Searching,shazia,None,Normal,5: Lying down (controlled)
1789491667.7105815,1577,Person A,1484.8,1664.7,-480.0,2252.86,42.12,True,Searching,shazia,None,Normal,5: Lying down (controlled)
1789491667.8199484,1578,Person A,1484.8,1664.7,-480.0,2252.86,42.12,True,Searching,shazia,None,Normal,5: Lying down (controlled)
1789491667.9136753,1579,Person A,1484.8,1664.7,-480.0,2252.86,42.12,True,Searching,shazia,None,Normal,5: Lying down (controlled)
1789491667.991795,1580,Person A,1484.8,1664.7,-480.0,2252.86,42.12,True,Searching,shazia,None,Normal,5: Lying down (controlled)
1789491668.0699127,1581,Person A,1484.8,1664.7,-480.0,2252.86,42.12,True,Searching,shazia,None,Normal,5: Lying down (controlled)
1789491668.1636755,1582,Person A,1484.8,1664.7,-480.0,2252.86,42.12,True,Searching,shazia,None,Normal,5: Lying down (controlled)
1789491668.2574017,1583,Person A,1484.8,1664.7,-480.0,2252.86,42.12,True,Searching,shazia,None,Normal,5: Lying down (controlled)
1789491668.351147,1584,Person A,1484.8,1664.7,-480.0,2252.86,42.12,True,Searching,shazia,None,Normal,5: Lying down (controlled)
1789491668.4292817,1585,Person A,1484.8,1664.7,-480.0,2252.86,42.12,True,Searching,shazia,None,Normal,5: Lying down (controlled)
1789491668.507382,1586,Person A,1484.8,1664.7,-480.0,2252.86,42.12,True,Searching,shazia,None,Normal,5: Lying down (controlled)
1789491668.6011443,1587,Person A,1484.8,1664.7,-480.0,2252.86,42.12,True,Searching,shazia,None,Normal,5: Lying down (controlled)
1789491668.7104955,1588,Person A,1484.8,1664.7,-480.0,2252.86,42.12,True,Searching,shazia,None,Normal,5: Lying down (controlled)
1789491668.8042388,1589,Person A,1484.8,1664.7,-480.0,2252.86,42.12,True,Searching,shazia,None,Normal,5: Lying down (controlled)
1789491668.8667352,1590,Person A,1484.8,1664.7,-480.0,2252.86,42.12,True,Searching,shazia,None,Normal,5: Lying down (controlled)
1789491668.9604788,1591,Person A,1484.8,1664.7,-480.0,2252.86,42.12,True,Searching,shazia,None,Normal,5: Lying down (controlled)
1789491669.0542262,1592,Person A,1484.8,1664.7,-480.0,2252.86,42.12,True,Searching,shazia,None,Normal,5: Lying down (controlled)
1789491669.163607,1593,Person A,1484.8,1664.7,-480.0,2252.86,42.12,True,Searching,shazia,None,Normal,5: Lying down (controlled)
1789491669.241709,1594,Person A,1484.8,1664.7,-480.0,2252.86,42.12,True,Searching,shazia,None,Normal,5: Lying down (controlled)
1789491669.3198457,1595,Person A,1484.8,1664.7,-480.0,2252.86,42.12,True,Searching,shazia,None,Normal,5: Lying down (controlled)
1789491669.4760683,1596,Person A,1484.8,1664.7,-480.0,2252.86,42.12,True,Searching,shazia,None,Normal,5: Lying down (controlled)
1789491669.569814,1597,Person A,1484.8,1664.7,-480.0,2252.86,42.12,True,Searching,shazia,None,Normal,5: Lying down (controlled)
1789491669.6635513,1598,Person A,1484.8,1664.7,-480.0,2252.86,42.12,True,Searching,shazia,None,Normal,5: Lying down (controlled)
1789491669.7416716,1599,Person A,1484.8,1664.7,-480.0,2252.86,42.12,True,Searching,shazia,None,Normal,5: Lying down (controlled)
1789491669.819811,1600,Person A,1484.8,1664.7,-480.0,2252.86,42.12,True,Searching,shazia,None,Normal,5: Lying down (controlled)
1789491669.8979309,1601,Person A,1484.8,1664.7,-480.0,2252.86,42.12,True,Searching,shazia,None,Normal,5: Lying down (controlled)
1789491669.97605,1602,Person A,1484.8,1664.7,-480.0,2252.86,42.12,True,Searching,shazia,None,Normal,5: Lying down (controlled)
1789491670.05417,1603,Person A,1484.8,1664.7,-480.0,2252.86,42.12,True,Searching,shazia,None,Normal,5: Lying down (controlled)
1789491670.1635182,1604,Person A,1484.8,1664.7,-480.0,2252.86,42.12,True,Searching,shazia,None,Normal,5: Lying down (controlled)
1789491670.2416568,1605,Person A,1484.8,1664.7,-480.0,2252.86,42.12,True,Searching,shazia,None,Normal,5: Lying down (controlled)
1789491670.3197765,1606,Person A,1484.8,1664.7,-480.0,2252.86,42.12,True,Searching,shazia,None,Normal,5: Lying down (controlled)
1789491670.3978965,1607,Person A,1484.8,1664.7,-480.0,2252.86,42.12,True,Searching,shazia,None,Normal,5: Lying down (controlled)
1789491670.4759967,1608,Person A,1484.8,1664.7,-480.0,2252.86,42.12,True,Searching,shazia,None,Normal,5: Lying down (controlled)
1789491670.585367,1609,Person A,1484.8,1664.7,-480.0,2252.86,42.12,True,Searching,shazia,None,Normal,5: Lying down (controlled)
1789491670.6634834,1610,Person A,1484.8,1664.7,-480.0,2252.86,42.12,True,Searching,shazia,None,Normal,5: Lying down (controlled)
1789491670.7494242,1611,Person A,1484.8,1664.7,-480.0,2252.86,42.12,True,Searching,shazia,None,Normal,5: Lying down (controlled)
1789491670.8275433,1612,Person A,1484.8,1664.7,-480.0,2252.86,42.12,True,Searching,shazia,None,Normal,5: Lying down (controlled)
1789491670.93689,1613,Person A,1484.8,1664.7,-480.0,2252.86,42.12,True,Searching,shazia,None,Normal,5: Lying down (controlled)
1789491671.0462773,1614,Person A,1484.8,1664.7,-480.0,2252.86,42.12,True,Searching,shazia,None,Normal,5: Lying down (controlled)
1789491671.1087742,1615,Person A,1484.8,1664.7,-480.0,2252.86,42.12,True,Searching,shazia,None,Normal,5: Lying down (controlled)
1789491671.1868935,1616,Person A,1484.8,1664.7,-480.0,2252.86,42.12,True,Searching,shazia,None,Normal,5: Lying down (controlled)
1789491671.280636,1617,Person A,1484.8,1664.7,-480.0,2252.86,42.12,True,Searching,shazia,None,Normal,5: Lying down (controlled)
1789491671.3743594,1618,Person A,1484.8,1664.7,-480.0,2252.86,42.12,True,Searching,shazia,None,Normal,5: Lying down (controlled)
1789491671.4681032,1619,Person A,1484.8,1664.7,-480.0,2252.86,42.12,True,Searching,shazia,None,Normal,5: Lying down (controlled)
1789491671.5462267,1620,Person A,1484.8,1664.7,-480.0,2252.86,42.12,True,Searching,shazia,None,Normal,5: Lying down (controlled)
1789491671.6243622,1621,Person A,1484.8,1664.7,-480.0,2252.86,42.12,True,Searching,shazia,None,Normal,5: Lying down (controlled)
1789491671.71809,1622,Person A,1484.8,1664.7,-480.0,2252.86,42.12,True,Searching,shazia,None,Normal,5: Lying down (controlled)
1789491671.8274531,1623,Person A,1484.8,1664.7,-480.0,2252.86,42.12,True,Searching,shazia,None,Normal,5: Lying down (controlled)
1789491671.9212177,1624,Person A,1484.8,1664.7,-480.0,2252.86,42.12,True,Searching,shazia,None,Normal,5: Lying down (controlled)
1789491671.9993372,1625,Person A,1484.8,1664.7,-480.0,2252.86,42.12,True,Searching,shazia,None,Normal,5: Lying down (controlled)
1789491672.0774562,1626,Person A,1484.8,1664.7,-480.0,2252.86,42.12,True,Searching,shazia,None,Normal,5: Lying down (controlled)
1789491672.1555755,1627,Person A,1484.8,1664.7,-480.0,2252.86,42.12,True,Searching,shazia,None,Normal,5: Lying down (controlled)
1789491672.2805486,1628,Person A,1484.8,1664.7,-480.0,2252.86,42.12,True,Searching,shazia,None,Normal,5: Lying down (controlled)
1789491672.374312,1629,Person A,1484.8,1664.7,-480.0,2252.86,42.12,True,Searching,shazia,None,Normal,5: Lying down (controlled)
1789491672.4368079,1630,Person A,1484.8,1664.7,-480.0,2252.86,42.12,True,Searching,shazia,None,Normal,5: Lying down (controlled)
1789491672.5149078,1631,Person A,1484.8,1664.7,-480.0,2252.86,42.12,True,Searching,shazia,None,Normal,5: Lying down (controlled)
1789491672.6086507,1632,Person A,1484.8,1664.7,-480.0,2252.86,42.12,True,Searching,shazia,None,Normal,5: Lying down (controlled)
1789491672.7023935,1633,Person A,1484.8,1664.7,-480.0,2252.86,42.12,True,Searching,shazia,None,Normal,5: Lying down (controlled)
1789491672.796142,1634,Person A,1484.8,1664.7,-480.0,2252.86,42.12,True,Searching,shazia,None,Normal,5: Lying down (controlled)
1789491672.874277,1635,Person A,1484.8,1664.7,-480.0,2252.86,42.12,True,Searching,shazia,None,Normal,5: Lying down (controlled)
1789491672.968,1636,Person A,1484.8,1664.7,-480.0,2252.86,42.12,True,Searching,shazia,None,Normal,5: Lying down (controlled)
1789491673.061765,1637,Person A,1484.8,1664.7,-480.0,2252.86,42.12,True,Searching,shazia,None,Normal,5: Lying down (controlled)
1789491673.1711156,1638,Person A,1484.8,1664.7,-480.0,2252.86,42.12,True,Searching,shazia,None,Normal,5: Lying down (controlled)
1789491673.2648547,1639,Person A,1484.8,1664.7,-480.0,2252.86,42.12,True,Searching,shazia,None,Normal,5: Lying down (controlled)
1789491673.3429747,1640,Person A,1484.8,1664.7,-480.0,2252.86,42.12,True,Searching,shazia,None,Normal,5: Lying down (controlled)
1789491673.4835947,1641,Person A,1484.8,1664.7,-480.0,2252.86,42.12,True,Searching,shazia,None,Normal,5: Lying down (controlled)
1789491673.5773337,1642,Person A,1484.8,1664.7,-480.0,2252.86,42.12,True,Searching,shazia,None,Normal,5: Lying down (controlled)
1789491673.6554558,1643,Person A,1484.8,1664.7,-480.0,2252.86,42.12,True,Searching,shazia,None,Normal,5: Lying down (controlled)
1789491673.7491963,1644,Person A,1484.8,1664.7,-480.0,2252.86,42.12,True,Searching,shazia,None,Normal,5: Lying down (controlled)
1789491673.8273199,1645,Person A,1484.8,1664.7,-480.0,2252.86,42.12,True,Searching,shazia,None,Normal,5: Lying down (controlled)
1789491673.9054363,1646,Person A,1484.8,1664.7,-480.0,2252.86,42.12,True,Searching,shazia,None,Normal,5: Lying down (controlled)
1789491673.967951,1647,Person A,1484.8,1664.7,-480.0,2252.86,42.12,True,Searching,shazia,None,Normal,5: Lying down (controlled)
1789491674.0929425,1648,Person A,1484.8,1664.7,-480.0,2252.86,42.12,True,Searching,shazia,None,Normal,5: Lying down (controlled)
1789491674.1710455,1649,Person A,1484.8,1664.7,-480.0,2252.86,42.12,True,Searching,shazia,None,Normal,5: Lying down (controlled)
1789491674.233539,1650,Person A,1484.8,1664.7,-480.0,2252.86,42.12,True,Searching,shazia,None,Normal,5: Lying down (controlled)
1789491674.3273022,1651,Person A,1484.8,1664.7,-480.0,2252.86,42.12,True,Searching,shazia,None,Normal,5: Lying down (controlled)
1789491674.389798,1652,Person A,1484.8,1664.7,-480.0,2252.86,42.12,True,Searching,shazia,None,Normal,5: Lying down (controlled)
1789491674.467897,1653,Person A,1484.8,1664.7,-480.0,2252.86,42.12,True,Searching,shazia,None,Normal,5: Lying down (controlled)
1789491674.5772696,1654,Person A,1484.8,1664.7,-480.0,2252.86,42.12,True,Searching,shazia,None,Normal,5: Lying down (controlled)
1789491674.6554039,1655,Person A,1484.8,1664.7,-480.0,2252.86,42.12,True,Searching,shazia,None,Normal,5: Lying down (controlled)
1789491674.7491488,1656,Person A,1484.8,1664.7,-480.0,2252.86,42.12,True,Searching,shazia,None,Normal,5: Lying down (controlled)
1789491674.8428729,1657,Person A,1484.8,1664.7,-480.0,2252.86,42.12,True,Searching,shazia,None,Normal,5: Lying down (controlled)
1789491674.936618,1658,Person A,1484.8,1664.7,-480.0,2252.86,42.12,True,Searching,shazia,None,Normal,5: Lying down (controlled)
1789491675.0147345,1659,Person A,1484.8,1664.7,-480.0,2252.86,42.12,True,Searching,shazia,None,Normal,5: Lying down (controlled)
1789491675.0928578,1660,Person A,1484.8,1664.7,-480.0,2252.86,42.12,True,Searching,shazia,None,Normal,5: Lying down (controlled)
1789491675.1866174,1661,Person A,1484.8,1664.7,-480.0,2252.86,42.12,True,Searching,shazia,None,Normal,5: Lying down (controlled)
1789491675.2803621,1662,Person A,1484.8,1664.7,-480.0,2252.86,42.12,True,Searching,shazia,None,Normal,5: Lying down (controlled)
1789491675.389709,1663,Person A,1484.8,1664.7,-480.0,2252.86,42.12,True,Searching,shazia,None,Normal,5: Lying down (controlled)
1789491675.467828,1664,Person A,1484.8,1664.7,-480.0,2252.86,42.12,True,Searching,shazia,None,Normal,5: Lying down (controlled)
1789491675.5459678,1665,Person A,1484.8,1664.7,-480.0,2252.86,42.12,True,Searching,shazia,None,Normal,5: Lying down (controlled)
1789491675.6553388,1666,Person A,1484.8,1664.7,-480.0,2252.86,42.12,True,Searching,shazia,None,Normal,5: Lying down (controlled)
1789491675.7334552,1667,Person A,1484.8,1664.7,-480.0,2252.86,42.12,True,Searching,shazia,None,Normal,5: Lying down (controlled)
1789491675.827182,1668,Person A,1484.8,1664.7,-480.0,2252.86,42.12,True,Searching,shazia,None,Normal,5: Lying down (controlled)
1789491675.9209254,1669,Person A,1484.8,1664.7,-480.0,2252.86,42.12,True,Searching,shazia,None,Normal,5: Lying down (controlled)
1789491675.999062,1670,Person A,1484.8,1664.7,-480.0,2252.86,42.12,True,Searching,shazia,None,Normal,5: Lying down (controlled)
1789491676.0771625,1671,Person A,1484.8,1664.7,-480.0,2252.86,42.12,True,Searching,shazia,None,Normal,5: Lying down (controlled)
1789491676.1709254,1672,Person A,1484.8,1664.7,-480.0,2252.86,42.12,True,Searching,shazia,None,Normal,5: Lying down (controlled)
1789491676.2802725,1673,Person A,1484.8,1664.7,-480.0,2252.86,42.12,True,Searching,shazia,None,Normal,5: Lying down (controlled)
1789491676.3740182,1674,Person A,1484.8,1664.7,-480.0,2252.86,42.12,True,Searching,shazia,None,Normal,5: Lying down (controlled)
1789491676.4365125,1675,Person A,1484.8,1664.7,-480.0,2252.86,42.12,True,Searching,shazia,None,Normal,5: Lying down (controlled)
1789491676.5146322,1676,Person A,1484.8,1664.7,-480.0,2252.86,42.12,True,Searching,shazia,None,Normal,5: Lying down (controlled)
1789491676.6083755,1677,Person A,1484.8,1664.7,-480.0,2252.86,42.12,True,Searching,shazia,None,Normal,5: Lying down (controlled)
1789491676.733386,1678,Person A,1484.8,1664.7,-480.0,2252.86,42.12,True,Searching,shazia,None,Normal,5: Lying down (controlled)
1789491676.795866,1679,Person A,1484.8,1664.7,-480.0,2252.86,42.12,True,Searching,shazia,None,Normal,5: Lying down (controlled)
1789491676.8740022,1680,Person A,1484.8,1664.7,-480.0,2252.86,42.12,True,Searching,shazia,None,Normal,5: Lying down (controlled)
1789491676.967746,1681,Person A,1484.8,1664.7,-480.0,2252.86,42.12,True,Searching,shazia,None,Normal,5: Lying down (controlled)
1789491677.0614896,1682,Person A,1484.8,1664.7,-480.0,2252.86,42.12,True,Searching,shazia,None,Normal,5: Lying down (controlled)
1789491677.1552124,1683,Person A,1484.8,1664.7,-480.0,2252.86,42.12,True,Searching,shazia,None,Normal,5: Lying down (controlled)
1789491677.2489622,1684,Person A,1484.8,1664.7,-480.0,2252.86,42.12,True,Searching,shazia,None,Normal,5: Lying down (controlled)
1789491677.3270955,1685,Person A,1484.8,1664.7,-480.0,2252.86,42.12,True,Searching,shazia,None,Normal,5: Lying down (controlled)
1789491677.4676967,1686,Person A,1484.8,1664.7,-480.0,2252.86,42.12,True,Searching,shazia,None,Normal,5: Lying down (controlled)
1789491677.5770826,1687,Person A,1484.8,1664.7,-480.0,2252.86,42.12,True,Searching,shazia,None,Normal,5: Lying down (controlled)
1789491677.6708035,1688,Person A,1484.8,1664.7,-480.0,2252.86,42.12,True,Searching,shazia,None,Normal,5: Lying down (controlled)
1789491677.7489252,1689,Person A,1484.8,1664.7,-480.0,2252.86,42.12,True,Searching,shazia,None,Normal,5: Lying down (controlled)
1789491677.827045,1690,Person A,1484.8,1664.7,-480.0,2252.86,42.12,True,Searching,shazia,None,Normal,5: Lying down (controlled)
1789491677.9051626,1691,Person A,1484.8,1664.7,-480.0,2252.86,42.12,True,Searching,shazia,None,Normal,5: Lying down (controlled)
1789491677.9676764,1692,Person A,1484.8,1664.7,-480.0,2252.86,42.12,True,Searching,shazia,None,Normal,5: Lying down (controlled)
1789491678.0926485,1693,Person A,1484.8,1664.7,-480.0,2252.86,42.12,True,Searching,shazia,None,Normal,5: Lying down (controlled)
1789491678.1707723,1694,Person A,1484.8,1664.7,-480.0,2252.86,42.12,True,Searching,shazia,None,Normal,5: Lying down (controlled)
1789491678.2489073,1695,Person A,1484.8,1664.7,-480.0,2252.86,42.12,True,Searching,shazia,None,Normal,5: Lying down (controlled)
1789491678.327007,1696,Person A,1484.8,1664.7,-480.0,2252.86,42.12,True,Searching,shazia,None,Normal,5: Lying down (controlled)
1789491678.405146,1697,Person A,1484.8,1664.7,-480.0,2252.86,42.12,True,Searching,shazia,None,Normal,5: Lying down (controlled)
1789491678.4988697,1698,Person A,1484.8,1664.7,-480.0,2252.86,42.12,True,Searching,shazia,None,Normal,5: Lying down (controlled)
1789491678.608257,1699,Person A,1484.8,1664.7,-480.0,2252.86,42.12,True,Searching,shazia,None,Normal,5: Lying down (controlled)
1789491678.6707368,1700,Person A,1484.8,1664.7,-480.0,2252.86,42.12,True,Searching,shazia,None,Normal,5: Lying down (controlled)
1789491678.811352,1701,Person A,1484.8,1664.7,-480.0,2252.86,42.12,True,Searching,shazia,None,Normal,5: Lying down (controlled)
1789491678.8738477,1702,Person A,1484.8,1664.7,-480.0,2252.86,42.12,True,Searching,shazia,None,Normal,5: Lying down (controlled)
1789491678.951968,1703,Person A,1484.8,1664.7,-480.0,2252.86,42.12,True,Searching,shazia,None,Normal,5: Lying down (controlled)
1789491679.0457077,1704,Person A,1484.8,1664.7,-480.0,2252.86,42.12,True,Searching,shazia,None,Normal,5: Lying down (controlled)
1789491679.123847,1705,Person A,1484.8,1664.7,-480.0,2252.86,42.12,True,Searching,shazia,None,Normal,5: Lying down (controlled)
1789491679.201967,1706,Person A,1484.8,1664.7,-480.0,2252.86,42.12,True,Searching,shazia,None,Normal,5: Lying down (controlled)
1789491679.280067,1707,Person A,1484.8,1664.7,-480.0,2252.86,42.12,True,Searching,shazia,None,Normal,5: Lying down (controlled)
1789491679.373813,1708,Person A,1484.8,1664.7,-480.0,2252.86,42.12,True,Searching,shazia,None,Normal,5: Lying down (controlled)
1789491679.483178,1709,Person A,1484.8,1664.7,-480.0,2252.86,42.12,True,Searching,shazia,None,Normal,5: Lying down (controlled)
1789491679.561298,1710,Person A,1484.8,1664.7,-480.0,2252.86,42.12,True,Searching,shazia,None,Normal,5: Lying down (controlled)
1789491679.6394176,1711,Person A,1484.8,1664.7,-480.0,2252.86,42.12,True,Searching,shazia,None,Normal,5: Lying down (controlled)
1789491679.73318,1712,Person A,1484.8,1664.7,-480.0,2252.86,42.12,True,Searching,shazia,None,Normal,5: Lying down (controlled)
1789491679.8269072,1713,Person A,1484.8,1664.7,-480.0,2252.86,42.12,True,Searching,shazia,None,Normal,5: Lying down (controlled)
1789491679.920648,1714,Person A,1484.8,1664.7,-480.0,2252.86,42.12,True,Searching,shazia,None,Normal,5: Lying down (controlled)
1789491679.9987876,1715,Person A,1484.8,1664.7,-480.0,2252.86,42.12,True,Searching,shazia,None,Normal,5: Lying down (controlled)
1789491680.0768871,1716,Person A,1484.8,1664.7,-480.0,2252.86,42.12,True,Searching,shazia,None,Normal,5: Lying down (controlled)
1789491680.1706512,1717,Person A,1484.8,1664.7,-480.0,2252.86,42.12,True,Searching,shazia,None,Normal,5: Lying down (controlled)
1789491680.280018,1718,Person A,1484.8,1664.7,-480.0,2252.86,42.12,True,Searching,shazia,None,Normal,5: Lying down (controlled)
1789491680.358121,1719,Person A,1484.8,1664.7,-480.0,2252.86,42.12,True,Searching,shazia,None,Normal,5: Lying down (controlled)
1789491680.4362578,1720,Person A,1484.8,1664.7,-480.0,2252.86,42.12,True,Searching,shazia,None,Normal,5: Lying down (controlled)
1789491680.561252,1721,Person A,1484.8,1664.7,-480.0,2252.86,42.12,True,Searching,shazia,None,Normal,5: Lying down (controlled)
1789491680.6393688,1722,Person A,1484.8,1664.7,-480.0,2252.86,42.12,True,Searching,shazia,None,Normal,5: Lying down (controlled)
1789491680.748735,1723,Person A,1484.8,1664.7,-480.0,2252.86,42.12,True,Searching,shazia,None,Normal,5: Lying down (controlled)
1789491680.8268385,1724,Person A,1484.8,1664.7,-480.0,2252.86,42.12,True,Searching,shazia,None,Normal,5: Lying down (controlled)
1789491680.9049547,1725,Person A,1484.8,1664.7,-480.0,2252.86,42.12,True,Searching,shazia,None,Normal,5: Lying down (controlled)
1789491680.9830956,1726,Person A,1484.8,1664.7,-480.0,2252.86,42.12,True,Searching,shazia,None,Normal,5: Lying down (controlled)
1789491681.0612137,1727,Person A,1484.8,1664.7,-480.0,2252.86,42.12,True,Searching,shazia,None,Normal,5: Lying down (controlled)
1789491681.1549373,1728,Person A,1484.8,1664.7,-480.0,2252.86,42.12,True,Searching,shazia,None,Normal,5: Lying down (controlled)
1789491681.2330575,1729,Person A,1484.8,1664.7,-480.0,2252.86,42.12,True,Searching,shazia,None,Normal,5: Lying down (controlled)
1789491681.326821,1730,Person A,1484.8,1664.7,-480.0,2252.86,42.12,True,Searching,shazia,None,Normal,5: Lying down (controlled)
1789491681.4830449,1731,Person A,1484.8,1664.7,-480.0,2252.86,42.12,True,Searching,shazia,None,Normal,5: Lying down (controlled)
1789491681.5924127,1732,Person A,1484.8,1664.7,-480.0,2252.86,42.12,True,Searching,shazia,None,Normal,5: Lying down (controlled)
1789491681.701775,1733,Person A,1484.8,1664.7,-480.0,2252.86,42.12,True,Searching,shazia,None,Normal,5: Lying down (controlled)
1789491681.795518,1734,Person A,1484.8,1664.7,-480.0,2252.86,42.12,True,Searching,shazia,None,Normal,5: Lying down (controlled)
1789491681.8580341,1735,Person A,1484.8,1664.7,-480.0,2252.86,42.12,True,Searching,shazia,None,Normal,5: Lying down (controlled)
1789491681.9361377,1736,Person A,1484.8,1664.7,-480.0,2252.86,42.12,True,Searching,shazia,None,Normal,5: Lying down (controlled)
1789491682.014257,1737,Person A,1484.8,1664.7,-480.0,2252.86,42.12,True,Searching,shazia,None,Normal,5: Lying down (controlled)
1789491682.108017,1738,Person A,1484.8,1664.7,-480.0,2252.86,42.12,True,Searching,shazia,None,Normal,5: Lying down (controlled)
1789491682.1861184,1739,Person A,1484.8,1664.7,-480.0,2252.86,42.12,True,Searching,shazia,None,Normal,5: Lying down (controlled)
1789491682.2642567,1740,Person A,1484.8,1664.7,-480.0,2252.86,42.12,True,Searching,shazia,None,Normal,5: Lying down (controlled)
1789491682.3423755,1741,Person A,1484.8,1664.7,-480.0,2252.86,42.12,True,Searching,shazia,None,Normal,5: Lying down (controlled)
1789491682.420477,1742,Person A,1484.8,1664.7,-480.0,2252.86,42.12,True,Searching,shazia,None,Normal,5: Lying down (controlled)
1789491682.529844,1743,Person A,1484.8,1664.7,-480.0,2252.86,42.12,True,Searching,shazia,None,Normal,5: Lying down (controlled)
1789491682.6235905,1744,Person A,1484.8,1664.7,-480.0,2252.86,42.12,True,Searching,shazia,None,Normal,5: Lying down (controlled)
1789491682.7017262,1745,Person A,1484.8,1664.7,-480.0,2252.86,42.12,True,Searching,shazia,None,Normal,5: Lying down (controlled)
1789491682.764222,1746,Person A,1484.8,1664.7,-480.0,2252.86,42.12,True,Searching,shazia,None,Normal,5: Lying down (controlled)
1789491682.842342,1747,Person A,1484.8,1664.7,-480.0,2252.86,42.12,True,Searching,shazia,None,Normal,5: Lying down (controlled)
1789491682.9517093,1748,Person A,1484.8,1664.7,-480.0,2252.86,42.12,True,Searching,shazia,None,Normal,5: Lying down (controlled)
1789491683.0298104,1749,Person A,1484.8,1664.7,-480.0,2252.86,42.12,True,Searching,shazia,None,Normal,5: Lying down (controlled)
1789491683.1235526,1750,Person A,1484.8,1664.7,-480.0,2252.86,42.12,True,Searching,shazia,None,Normal,5: Lying down (controlled)
1789491683.201673,1751,Person A,1484.8,1664.7,-480.0,2252.86,42.12,True,Searching,shazia,None,Normal,5: Lying down (controlled)
1789491683.2798119,1752,Person A,1484.8,1664.7,-480.0,2252.86,42.12,True,Searching,shazia,None,Normal,5: Lying down (controlled)
1789491683.3891594,1753,Person A,1484.8,1664.7,-480.0,2252.86,42.12,True,Searching,shazia,None,Normal,5: Lying down (controlled)
1789491683.4829023,1754,Person A,1484.8,1664.7,-480.0,2252.86,42.12,True,Searching,shazia,None,Normal,5: Lying down (controlled)
1789491683.561042,1755,Person A,1484.8,1664.7,-480.0,2252.86,42.12,True,Searching,shazia,None,Normal,5: Lying down (controlled)
1789491683.6391428,1756,Person A,1484.8,1664.7,-480.0,2252.86,42.12,True,Searching,shazia,None,Normal,5: Lying down (controlled)
1789491683.7485108,1757,Person A,1484.8,1664.7,-480.0,2252.86,42.12,True,Searching,shazia,None,Normal,5: Lying down (controlled)
1789491683.8266327,1758,Person A,1484.8,1664.7,-480.0,2252.86,42.12,True,Searching,shazia,None,Normal,5: Lying down (controlled)
1789491683.9360163,1759,Person A,1484.8,1664.7,-480.0,2252.86,42.12,True,Searching,shazia,None,Normal,5: Lying down (controlled)
1789491683.9985123,1760,Person A,1484.8,1664.7,-480.0,2252.86,42.12,True,Searching,shazia,None,Normal,5: Lying down (controlled)
1789491684.0922556,1761,Person A,1484.8,1664.7,-480.0,2252.86,42.12,True,Searching,shazia,None,Normal,5: Lying down (controlled)
1789491684.2016294,1762,Person A,1484.8,1664.7,-480.0,2252.86,42.12,True,Searching,shazia,None,Normal,5: Lying down (controlled)
1789491684.2797234,1763,Person A,1484.8,1664.7,-480.0,2252.86,42.12,True,Searching,shazia,None,Normal,5: Lying down (controlled)
1789491684.3734696,1764,Person A,1484.8,1664.7,-480.0,2252.86,42.12,True,Searching,shazia,None,Normal,5: Lying down (controlled)
1789491684.4672298,1765,Person A,1484.8,1664.7,-480.0,2252.86,42.12,True,Searching,shazia,None,Normal,5: Lying down (controlled)
1789491684.5609908,1766,Person A,1484.8,1664.7,-480.0,2252.86,42.12,True,Searching,shazia,None,Normal,5: Lying down (controlled)
1789491684.6390939,1767,Person A,1484.8,1664.7,-480.0,2252.86,42.12,True,Searching,shazia,None,Normal,5: Lying down (controlled)
1789491684.7484446,1768,Person A,1484.8,1664.7,-480.0,2252.86,42.12,True,Searching,shazia,None,Normal,5: Lying down (controlled)
1789491684.8109398,1769,Person A,1484.8,1664.7,-480.0,2252.86,42.12,True,Searching,shazia,None,Normal,5: Lying down (controlled)
1789491684.9046996,1770,Person A,1484.8,1664.7,-480.0,2252.86,42.12,True,Searching,shazia,None,Normal,5: Lying down (controlled)
1789491684.9828196,1771,Person A,1484.8,1664.7,-480.0,2252.86,42.12,True,Searching,shazia,None,Normal,5: Lying down (controlled)
1789491685.0609396,1772,Person A,1484.8,1664.7,-480.0,2252.86,42.12,True,Searching,shazia,None,Normal,5: Lying down (controlled)
1789491685.18593,1773,Person A,1484.8,1664.7,-480.0,2252.86,42.12,True,Searching,shazia,None,Normal,5: Lying down (controlled)
1789491685.279658,1774,Person A,1484.8,1664.7,-480.0,2252.86,42.12,True,Searching,shazia,None,Normal,5: Lying down (controlled)
1789491685.3421538,1775,Person A,1484.8,1664.7,-480.0,2252.86,42.12,True,Searching,shazia,None,Normal,5: Lying down (controlled)
1789491685.4671452,1776,Person A,1484.8,1664.7,-480.0,2252.86,42.12,True,Searching,shazia,None,Normal,5: Lying down (controlled)
1789491685.5921376,1777,Person A,1484.8,1664.7,-480.0,2252.86,42.12,True,Searching,shazia,None,Normal,5: Lying down (controlled)
1789491685.6858792,1778,Person A,1484.8,1664.7,-480.0,2252.86,42.12,True,Searching,shazia,None,Normal,5: Lying down (controlled)
1789491685.7639987,1779,Person A,1484.8,1664.7,-480.0,2252.86,42.12,True,Searching,shazia,None,Normal,5: Lying down (controlled)
1789491685.85776,1780,Person A,1484.8,1664.7,-480.0,2252.86,42.12,True,Searching,shazia,None,Normal,5: Lying down (controlled)
1789491685.9358802,1781,Person A,1484.8,1664.7,-480.0,2252.86,42.12,True,Searching,shazia,None,Normal,5: Lying down (controlled)
1789491686.0139985,1782,Person A,1484.8,1664.7,-480.0,2252.86,42.12,True,Searching,shazia,None,Normal,5: Lying down (controlled)
1789491686.0921183,1783,Person A,1484.8,1664.7,-480.0,2252.86,42.12,True,Searching,shazia,None,Normal,5: Lying down (controlled)
1789491686.1858451,1784,Person A,1484.8,1664.7,-480.0,2252.86,42.12,True,Searching,shazia,None,Normal,5: Lying down (controlled)
1789491686.2639818,1785,Person A,1484.8,1664.7,-480.0,2252.86,42.12,True,Searching,shazia,None,Normal,5: Lying down (controlled)
1789491686.3421004,1786,Person A,1484.8,1664.7,-480.0,2252.86,42.12,True,Searching,shazia,None,Normal,5: Lying down (controlled)
1789491686.4045973,1787,Person A,1484.8,1664.7,-480.0,2252.86,42.12,True,Searching,shazia,None,Normal,5: Lying down (controlled)
1789491686.5139446,1788,Person A,1484.8,1664.7,-480.0,2252.86,42.12,True,Searching,shazia,None,Normal,5: Lying down (controlled)
1789491686.5920682,1789,Person A,1484.8,1664.7,-480.0,2252.86,42.12,True,Searching,shazia,None,Normal,5: Lying down (controlled)
1789491686.6701865,1790,Person A,1484.8,1664.7,-480.0,2252.86,42.12,True,Searching,shazia,None,Normal,5: Lying down (controlled)
1789491686.7639282,1791,Person A,1484.8,1664.7,-480.0,2252.86,42.12,True,Searching,shazia,None,Normal,5: Lying down (controlled)
1789491686.8420475,1792,Person A,1484.8,1664.7,-480.0,2252.86,42.12,True,Searching,shazia,None,Normal,5: Lying down (controlled)
1789491686.967058,1793,Person A,1484.8,1664.7,-480.0,2252.86,42.12,True,Searching,shazia,None,Normal,5: Lying down (controlled)
1789491687.0295346,1794,Person A,1484.8,1664.7,-480.0,2252.86,42.12,True,Searching,shazia,None,Normal,5: Lying down (controlled)
1789491687.1232975,1795,Person A,1484.8,1664.7,-480.0,2252.86,42.12,True,Searching,shazia,None,Normal,5: Lying down (controlled)
1789491687.2014177,1796,Person A,1484.8,1664.7,-480.0,2252.86,42.12,True,Searching,shazia,None,Normal,5: Lying down (controlled)
1789491687.295161,1797,Person A,1484.8,1664.7,-480.0,2252.86,42.12,True,Searching,shazia,None,Normal,5: Lying down (controlled)
1789491687.420133,1798,Person A,1484.8,1664.7,-480.0,2252.86,42.12,True,Searching,shazia,None,Normal,5: Lying down (controlled)
1789491687.5138955,1799,Person A,1484.8,1664.7,-480.0,2252.86,42.12,True,Searching,shazia,None,Normal,5: Lying down (controlled)
1789491687.592015,1800,Person A,1484.8,1664.7,-480.0,2252.86,42.12,True,Searching,shazia,None,Normal,5: Lying down (controlled)
1789491687.662429,1801,Person A,1484.8,1664.7,-480.0,2252.86,42.12,True,Searching,shazia,None,Normal,5: Lying down (controlled)
1789491687.740573,1802,Person A,1484.8,1664.7,-480.0,2252.86,42.12,True,Searching,shazia,None,Normal,5: Lying down (controlled)
1789491687.8342957,1803,Person A,1484.8,1664.7,-480.0,2252.86,42.12,True,Searching,shazia,None,Normal,5: Lying down (controlled)
1789491687.943664,1804,Person A,1484.8,1664.7,-480.0,2252.86,42.12,True,Searching,shazia,None,Normal,5: Lying down (controlled)
1789491688.0217829,1805,Person A,1484.8,1664.7,-480.0,2252.86,42.12,True,Searching,shazia,None,Normal,5: Lying down (controlled)
1789491688.099906,1806,Person A,1484.8,1664.7,-480.0,2252.86,42.12,True,Searching,shazia,None,Normal,5: Lying down (controlled)
1789491688.193649,1807,Person A,1484.8,1664.7,-480.0,2252.86,42.12,True,Searching,shazia,None,Normal,5: Lying down (controlled)
1789491688.2717686,1808,Person A,1484.8,1664.7,-480.0,2252.86,42.12,True,Searching,shazia,None,Normal,5: Lying down (controlled)
1789491688.3811362,1809,Person A,1484.8,1664.7,-480.0,2252.86,42.12,True,Searching,shazia,None,Normal,5: Lying down (controlled)
