timestamp,sequence_id,target_id,x_mm,y_mm,speed_mms,distance_mm,angle_deg,valid,status,volunteer_id,fall_subtype,pace_variant,action_label
1789493370.170986,20699,Person E,1945.11,2786.11,160.0,3398.01,34.9,True,Active,shazia,None,Normal,5: Lying down (controlled)
1789493370.2703378,20700,Person E,1944.6,2786.3,-80.0,3396.55,34.83,True,Active,shazia,None,Normal,5: Lying down (controlled)
1789493370.333954,20701,Person E,1943.6,2786.8,320.0,3396.8,34.81,True,Active,shazia,None,Normal,5: Lying down (controlled)
1789493370.4433403,20702,Person E,1943.4,2787.1,320.0,3399.08,34.86,True,Active,shazia,None,Normal,5: Lying down (controlled)
1789493370.5214405,20703,Person E,1943.5,2787.2,160.0,3398.59,34.91,True,Active,shazia,None,Normal,5: Lying down (controlled)
1789493370.5995646,20704,Person E,1943.1,2787.2,-80.0,3396.05,34.88,True,Active,shazia,None,Normal,5: Lying down (controlled)
1789493370.7895381,20705,Person E,1942.1,2787.7,-80.0,3394.77,34.73,True,Active,shazia,None,Normal,5: Lying down (controlled)
1789493370.9296892,20706,Person E,1940.3,2788.4,160.0,3393.25,34.6,True,Active,shazia,None,Normal,5: Lying down (controlled)
1789493371.0375109,20707,Person E,1938.2,2788.9,160.0,3390.98,34.55,True,Active,shazia,None,Normal,5: Lying down (controlled)
1789493371.1056116,20708,Person E,1935.2,2789.8,-80.0,3388.93,34.41,True,Active,shazia,None,Normal,5: Lying down (controlled)
1789493371.2031734,20709,Person E,1931.4,2790.9,-80.0,3385.5,34.26,True,Active,shazia,None,Normal,5: Lying down (controlled)
1789493371.270917,20710,Person E,1926.8,2792.5,-80.0,3383.73,34.04,True,Active,shazia,None,Normal,5: Lying down (controlled)
1789493371.370969,20711,Person E,1919.6,2795.2,-80.0,3378.69,33.54,True,Active,shazia,None,Normal,5: Lying down (controlled)
1789493371.454455,20712,Person E,1910.0,2799.6,-80.0,3381.91,33.1,True,Active,shazia,None,Normal,5: Lying down (controlled)
1789493371.5549319,20713,Person E,1899.5,2805.5,320.0,3389.0,32.88,True,Active,shazia,None,Normal,5: Lying down (controlled)
1789493371.6548865,20714,Person E,1889.9,2811.4,160.0,3391.42,32.98,True,Active,shazia,None,Normal,5: Lying down (controlled)
1789493371.721596,20715,Person E,1881.7,2816.9,-80.0,3394.69,33.06,True,Active,shazia,None,Normal,5: Lying down (controlled)
1789493371.8049963,20716,Person E,1873.9,2822.2,-80.0,3393.89,33.01,True,Active,shazia,None,Normal,5: Lying down (controlled)
1789493371.9217741,20717,Person E,1866.2,2827.9,-80.0,3395.62,32.93,True,Active,shazia,None,Normal,5: Lying down (controlled)
1789493371.9882247,20718,Person E,1859.5,2833.7,240.0,3400.06,32.92,True,Active,shazia,None,Normal,5: Lying down (controlled)
1789493372.071584,20719,Person E,1853.8,2839.3,640.0,3400.61,32.94,True,Active,shazia,None,Normal,5: Lying down (controlled)
1789493372.1551366,20720,Person E,1849.8,2844.0,320.0,3400.81,33.04,True,Active,shazia,None,Normal,5: Lying down (controlled)
1789493372.2409527,20721,Person E,1848.8,2847.3,-80.0,3400.77,33.1,True,Active,shazia,None,Normal,5: Lying down (controlled)
1789493372.3368807,20722,Person E,1850.6,2848.5,160.0,3401.8,33.25,True,Active,shazia,None,Normal,5: Lying down (controlled)
1789493372.415,20723,Person E,1853.7,2848.1,160.0,3402.59,33.36,True,Active,shazia,None,Normal,5: Lying down (controlled)
1789493372.493138,20724,Person E,1856.4,2847.7,-80.0,3402.85,33.4,True,Active,shazia,None,Normal,5: Lying down (controlled)
1789493372.571258,20725,Person E,1857.9,2847.5,-80.0,3401.23,33.29,True,Active,shazia,None,Normal,5: Lying down (controlled)
1789493372.6649852,20726,Person E,1859.1,2847.2,640.0,3397.94,33.21,True,Active,shazia,None,Normal,5: Lying down (controlled)
1789493372.7431056,20727,Person E,1860.7,2846.0,160.0,3394.3,33.27,True,Active,shazia,None,Normal,5: Lying down (controlled)
1789493372.805601,20728,Person E,1862.3,2844.0,160.0,3392.06,33.33,True,Active,shazia,None,Normal,5: Lying down (controlled)
1789493372.8837202,20729,Person E,1863.9,2841.9,-80.0,3391.77,33.36,True,Active,shazia,None,Normal,5: Lying down (controlled)
1789493372.9618568,20730,Person E,1865.4,2840.0,160.0,3393.14,33.42,True,Active,shazia,None,Normal,5: Lying down (controlled)
1789493373.0399613,20731,Person E,1866.8,2838.5,-80.0,3395.91,33.43,True,Active,shazia,None,Normal,5: Lying down (controlled)
1789493373.1493273,20732,Person E,1868.1,2837.5,320.0,3400.6,33.52,True,Active,shazia,None,Normal,5: Lying down (controlled)
1789493373.227463,20733,Person E,1869.5,2836.8,320.0,3404.47,33.62,True,Active,shazia,None,Normal,5: Lying down (controlled)
1789493373.305582,20734,Person E,1871.3,2836.3,-80.0,3408.63,33.69,True,Active,shazia,None,Normal,5: Lying down (controlled)
1789493373.3836827,20735,Person E,1873.9,2835.4,160.0,3408.08,33.74,True,Active,shazia,None,Normal,5: Lying down (controlled)
1789493373.4618025,20736,Person E,1877.7,2834.2,320.0,3408.92,33.85,True,Active,shazia,None,Normal,5: Lying down (controlled)
1789493373.5555496,20737,Person E,1882.0,2833.6,240.0,3413.1,33.93,True,Active,shazia,None,Normal,5: Lying down (controlled)
1789493373.6336858,20738,Person E,1886.4,2833.3,640.0,3413.95,33.98,True,Active,shazia,None,Normal,5: Lying down (controlled)
1789493373.7118053,20739,Person E,1890.9,2832.8,320.0,3412.58,34.03,True,Active,shazia,None,Normal,5: Lying down (controlled)
1789493373.7899082,20740,Person E,1894.9,2832.1,-160.0,3409.53,34.05,True,Active,shazia,None,Normal,5: Lying down (controlled)
1789493373.868027,20741,Person E,1898.8,2830.7,320.0,3405.95,34.11,True,Active,shazia,None,Normal,5: Lying down (controlled)
1789493373.9617708,20742,Person E,1902.2,2829.0,160.0,3405.42,34.16,True,Active,shazia,None,Normal,5: Lying down (controlled)
1789493374.0399072,20743,Person E,1905.2,2827.0,320.0,3404.62,34.23,True,Active,shazia,None,Normal,5: Lying down (controlled)
1789493374.102403,20744,Person E,1907.5,2824.8,-80.0,3403.23,34.22,True,Active,shazia,None,Normal,5: Lying down (controlled)
1789493374.1805224,20745,Person E,1910.0,2823.0,240.0,3407.14,34.26,True,Active,shazia,None,Normal,5: Lying down (controlled)
1789493374.2898736,20746,Person E,1912.1,2821.2,640.0,3405.78,34.32,True,Active,shazia,None,Normal,5: Lying down (controlled)
1789493374.3836133,20747,Person E,1913.7,2819.1,160.0,3404.7,34.35,True,Active,shazia,None,Normal,5: Lying down (controlled)
1789493374.4617338,20748,Person E,1915.4,2816.8,320.0,3404.48,34.43,True,Active,shazia,None,Normal,5: Lying down (controlled)
1789493374.539853,20749,Person E,1917.1,2814.7,-80.0,3404.79,34.47,True,Active,shazia,None,Normal,5: Lying down (controlled)
1789493374.6179745,20750,Person E,1919.0,2812.7,160.0,3403.71,34.5,True,Active,shazia,None,Normal,5: Lying down (controlled)
1789493374.680472,20751,Person E,1921.2,2811.0,390.0,3404.33,34.58,True,Active,shazia,None,Normal,5: Lying down (controlled)
1789493374.7742152,20752,Person E,1923.3,2809.3,-80.0,3403.25,34.61,True,Active,shazia,None,Normal,5: Lying down (controlled)
1789493374.8367274,20753,Person E,1924.4,2808.3,-80.0,3402.57,34.47,True,Active,shazia,None,Normal,5: Lying down (controlled)
1789493374.9148474,20754,Person E,1924.9,2807.7,160.0,3401.09,34.35,True,Active,shazia,None,Normal,5: Lying down (controlled)
1789493374.9929671,20755,Person E,1924.9,2806.9,320.0,3400.53,34.33,True,Active,shazia,None,Normal,5: Lying down (controlled)
1789493375.1023152,20756,Person E,1925.0,2806.5,320.0,3403.05,34.37,True,Active,shazia,None,Normal,5: Lying down (controlled)
1789493375.1960578,20757,Person E,1925.5,2806.3,320.0,3405.87,34.44,True,Active,shazia,None,Normal,5: Lying down (controlled)
1789493375.258573,20758,Person E,1926.2,2806.0,640.0,3405.97,34.56,True,Active,shazia,None,Normal,5: Lying down (controlled)
1789493375.3366768,20759,Person E,1926.9,2805.4,160.0,3403.82,34.62,True,Active,shazia,None,Normal,5: Lying down (controlled)
1789493375.414796,20760,Person E,1928.0,2804.8,320.0,3405.01,34.71,True,Active,shazia,None,Normal,5: Lying down (controlled)
1789493375.508537,20761,Person E,1929.1,2804.5,240.0,3408.12,34.76,True,Active,shazia,None,Normal,5: Lying down (controlled)
1789493375.5866597,20762,Person E,1930.2,2804.3,640.0,3407.86,34.78,True,Active,shazia,None,Normal,5: Lying down (controlled)
1789493375.6647954,20763,Person E,1932.1,2803.7,320.0,3408.43,34.8,True,Active,shazia,None,Normal,5: Lying down (controlled)
1789493375.7741485,20764,Person E,1935.1,2802.8,320.0,3410.72,34.85,True,Active,shazia,None,Normal,5: Lying down (controlled)
1789493375.8991392,20765,Person E,1938.9,2801.6,240.0,3412.26,34.98,True,Active,shazia,None,Normal,5: Lying down (controlled)
1789493375.9772553,20766,Person E,1943.0,2800.0,160.0,3413.25,35.09,True,Active,shazia,None,Normal,5: Lying down (controlled)
1789493376.0709984,20767,Person E,1946.1,2798.2,80.0,3408.74,35.04,True,Active,shazia,None,Normal,5: Lying down (controlled)
1789493376.1491373,20768,Person E,1948.4,2796.7,320.0,3406.78,35.02,True,Active,shazia,None,Normal,5: Lying down (controlled)
1789493376.2272394,20769,Person E,1950.8,2795.6,320.0,3408.5,35.06,True,Active,shazia,None,Normal,5: Lying down (controlled)
1789493376.3053625,20770,Person E,1952.9,2794.5,160.0,3408.01,35.11,True,Active,shazia,None,Normal,5: Lying down (controlled)
1789493376.3834972,20771,Person E,1954.5,2793.2,160.0,3406.62,35.1,True,Active,shazia,None,Normal,5: Lying down (controlled)
1789493376.4615963,20772,Person E,1955.6,2792.1,-80.0,3405.14,35.04,True,Active,shazia,None,Normal,5: Lying down (controlled)
1789493376.5397356,20773,Person E,1956.5,2791.3,240.0,3407.02,35.0,True,Active,shazia,None,Normal,5: Lying down (controlled)
1789493376.6178362,20774,Person E,1956.6,2790.5,160.0,3404.73,34.94,True,Active,shazia,None,Normal,5: Lying down (controlled)
1789493376.6959743,20775,Person E,1956.0,2790.0,320.0,3404.73,34.94,True,Active,shazia,None,Normal,5: Lying down (controlled)
1789493376.7925627,20776,Person E,1954.4,2789.8,-80.0,3402.44,34.89,True,Active,shazia,None,Normal,5: Lying down (controlled)
1789493376.8808603,20777,Person E,1952.5,2790.1,-80.0,3400.34,34.75,True,Active,shazia,None,Normal,5: Lying down (controlled)
1789493376.9605157,20778,Person E,1950.3,2790.6,160.0,3398.31,34.67,True,Active,shazia,None,Normal,5: Lying down (controlled)
1789493377.0386355,20779,Person E,1947.3,2791.2,160.0,3396.29,34.59,True,Active,shazia,None,Normal,5: Lying down (controlled)
1789493377.1038725,20780,Person E,1944.1,2792.0,320.0,3396.29,34.59,True,Active,shazia,None,Normal,5: Lying down (controlled)
1789493377.1976182,20781,Person E,1941.9,2792.6,320.0,3398.94,34.74,True,Active,shazia,None,Normal,5: Lying down (controlled)
1789493377.2757385,20782,Person E,1940.9,2792.6,160.0,3399.41,34.9,True,Active,shazia,None,Normal,5: Lying down (controlled)
1789493377.3538742,20783,Person E,1940.3,2792.1,-80.0,3399.49,34.96,True,Active,shazia,None,Normal,5: Lying down (controlled)
1789493377.431994,20784,Person E,1940.8,2791.3,320.0,3401.05,35.09,True,Active,shazia,None,Normal,5: Lying down (controlled)
1789493377.49447,20785,Person E,1941.9,2790.3,160.0,3402.86,35.19,True,Active,shazia,None,Normal,5: Lying down (controlled)
1789493377.588214,20786,Person E,1943.5,2789.3,640.0,3403.44,35.2,True,Active,shazia,None,Normal,5: Lying down (controlled)
1789493377.6663334,20787,Person E,1945.9,2788.2,320.0,3405.07,35.18,True,Active,shazia,None,Normal,5: Lying down (controlled)
1789493377.7444532,20788,Person E,1949.1,2787.3,320.0,3409.26,35.2,True,Active,shazia,None,Normal,5: Lying down (controlled)
1789493377.8225725,20789,Person E,1953.1,2786.4,160.0,3411.8,35.23,True,Active,shazia,None,Normal,5: Lying down (controlled)
1789493377.900696,20790,Person E,1957.2,2785.5,160.0,3412.38,35.24,True,Active,shazia,None,Normal,5: Lying down (controlled)
1789493377.9944391,20791,Person E,1960.7,2784.9,320.0,3414.11,35.28,True,Active,shazia,None,Normal,5: Lying down (controlled)
1789493378.07256,20792,Person E,1963.9,2785.0,240.0,3418.63,35.33,True,Active,shazia,None,Normal,5: Lying down (controlled)
1789493378.1350543,20793,Person E,1967.0,2785.3,640.0,3419.79,35.36,True,Active,shazia,None,Normal,5: Lying down (controlled)
1789493378.213192,20794,Person E,1969.2,2786.0,-80.0,3419.45,35.32,True,Active,shazia,None,Normal,5: Lying down (controlled)
1789493378.2913096,20795,Person E,1970.8,2787.2,320.0,3421.9,35.29,True,Active,shazia,None,Normal,5: Lying down (controlled)
1789493378.3850362,20796,Person E,1972.5,2788.5,240.0,3423.87,35.31,True,Active,shazia,None,Normal,5: Lying down (controlled)
1789493378.463173,20797,Person E,1974.3,2789.9,-80.0,3426.89,35.29,True,Active,shazia,None,Normal,5: Lying down (controlled)
1789493378.5569174,20798,Person E,1975.9,2790.8,320.0,3425.84,35.33,True,Active,shazia,None,Normal,5: Lying down (controlled)
1789493378.6194122,20799,Person E,1977.4,2791.6,320.0,3427.0,35.35,True,Active,shazia,None,Normal,5: Lying down (controlled)
1789493378.6975327,20800,Person E,1979.2,2792.5,320.0,3430.13,35.4,True,Active,shazia,None,Normal,5: Lying down (controlled)
1789493378.7912583,20801,Person E,1981.1,2793.1,160.0,3430.0,35.48,True,Active,shazia,None,Normal,5: Lying down (controlled)
1789493378.869379,20802,Person E,1982.5,2793.4,160.0,3429.19,35.49,True,Active,shazia,None,Normal,5: Lying down (controlled)
1789493378.9475148,20803,Person E,1983.3,2793.6,-80.0,3426.05,35.45,True,Active,shazia,None,Normal,5: Lying down (controlled)
1789493379.010011,20804,Person E,1983.9,2793.8,240.0,3424.55,35.38,True,Active,shazia,None,Normal,5: Lying down (controlled)
1789493379.0881305,20805,Person E,1984.1,2793.7,640.0,3422.24,35.33,True,Active,shazia,None,Normal,5: Lying down (controlled)
1789493379.1974783,20806,Person E,1983.8,2793.5,320.0,3420.5,35.29,True,Active,shazia,None,Normal,5: Lying down (controlled)
1789493379.259973,20807,Person E,1983.6,2793.1,320.0,3422.47,35.31,True,Active,shazia,None,Normal,5: Lying down (controlled)
1789493379.3381138,20808,Person E,1983.3,2793.2,-80.0,3424.92,35.28,True,Active,shazia,None,Normal,5: Lying down (controlled)
1789493379.416232,20809,Person E,1982.8,2793.4,160.0,3425.74,35.27,True,Active,shazia,None,Normal,5: Lying down (controlled)
1789493379.5099754,20810,Person E,1981.7,2793.6,-80.0,3425.4,35.23,True,Active,shazia,None,Normal,5: Lying down (controlled)
1789493379.6193445,20811,Person E,1980.3,2794.3,320.0,3427.61,35.22,True,Active,shazia,None,Normal,5: Lying down (controlled)
1789493379.728694,20812,Person E,1979.3,2795.1,320.0,3429.92,35.28,True,Active,shazia,None,Normal,5: Lying down (controlled)
1789493379.8068113,20813,Person E,1978.8,2795.8,160.0,3428.87,35.31,True,Active,shazia,None,Normal,5: Lying down (controlled)
1789493379.884934,20814,Person E,1978.3,2796.2,-80.0,3424.92,35.28,True,Active,shazia,None,Normal,5: Lying down (controlled)
1789493379.9630518,20815,Person E,1976.9,2796.4,0.0,3415.8,35.12,True,Active,shazia,None,Normal,5: Lying down (controlled)
1789493380.0411751,20816,Person E,1974.5,2796.6,160.0,3408.33,34.94,True,Active,shazia,None,Normal,5: Lying down (controlled)
1789493380.1349163,20817,Person E,1970.8,2796.6,80.0,3401.22,34.8,True,Active,shazia,None,Normal,5: Lying down (controlled)
1789493380.1974285,20818,Person E,1965.3,2796.5,320.0,3392.63,34.53,True,Active,shazia,None,Normal,5: Lying down (controlled)
1789493380.2755287,20819,Person E,1959.2,2796.4,-80.0,3390.06,34.44,True,Active,shazia,None,Normal,5: Lying down (controlled)
1789493380.3536484,20820,Person E,1952.4,2796.7,-80.0,3389.11,34.26,True,Active,shazia,None,Normal,5: Lying down (controlled)
1789493380.447392,20821,Person E,1945.0,2797.2,160.0,3389.61,34.15,True,Active,shazia,None,Normal,5: Lying down (controlled)
1789493380.525512,20822,Person E,1936.8,2797.9,160.0,3389.02,34.08,True,Active,shazia,None,Normal,5: Lying down (controlled)
1789493380.6036327,20823,Person E,1928.7,2798.9,320.0,3390.97,34.1,True,Active,shazia,None,Normal,5: Lying down (controlled)
1789493380.6817517,20824,Person E,1921.1,2799.9,640.0,3389.87,34.13,True,Active,shazia,None,Normal,5: Lying down (controlled)
1789493380.759871,20825,Person E,1914.7,2801.0,-80.0,3388.48,34.13,True,Active,shazia,None,Normal,5: Lying down (controlled)
1789493380.853615,20826,Person E,1909.4,2802.1,-80.0,3387.36,34.1,True,Active,shazia,None,Normal,5: Lying down (controlled)
1789493380.9473605,20827,Person E,1905.2,2803.1,320.0,3385.71,34.12,True,Active,shazia,None,Normal,5: Lying down (controlled)
1789493381.0254986,20828,Person E,1903.2,2803.9,160.0,3387.95,34.17,True,Active,shazia,None,Normal,5: Lying down (controlled)
1789493381.0879927,20829,Person E,1901.8,2804.5,160.0,3387.12,34.18,True,Active,shazia,None,Normal,5: Lying down (controlled)
1789493381.2910876,20830,Person E,1901.7,2804.7,320.0,3390.2,34.23,True,Active,shazia,None,Normal,5: Lying down (controlled)
1789493381.400455,20831,Person E,1902.2,2804.7,-80.0,3392.42,34.22,True,Active,shazia,None,Normal,5: Lying down (controlled)
1789493381.4629464,20832,Person E,1902.4,2804.9,-80.0,3391.8,34.09,True,Active,shazia,None,Normal,5: Lying down (controlled)
1789493381.5410671,20833,Person E,1901.8,2805.3,160.0,3390.92,33.98,True,Active,shazia,None,Normal,5: Lying down (controlled)
1789493381.619206,20834,Person E,1901.4,2805.9,320.0,3392.6,34.02,True,Active,shazia,None,Normal,5: Lying down (controlled)
1789493381.6973257,20835,Person E,1901.7,2806.8,240.0,3397.62,34.08,True,Active,shazia,None,Normal,5: Lying down (controlled)
1789493381.8066928,20836,Person E,1902.8,2807.6,640.0,3400.16,34.18,True,Active,shazia,None,Normal,5: Lying down (controlled)
1789493381.8847928,20837,Person E,1904.1,2808.1,160.0,3397.15,34.25,True,Active,shazia,None,Normal,5: Lying down (controlled)
1789493381.9473088,20838,Person E,1904.8,2808.3,-80.0,3393.54,34.25,True,Active,shazia,None,Normal,5: Lying down (controlled)
1789493382.0254283,20839,Person E,1904.8,2808.8,-80.0,3391.26,34.14,True,Active,shazia,None,Normal,5: Lying down (controlled)
1789493382.1191628,20840,Person E,1904.0,2809.4,160.0,3390.68,34.06,True,Active,shazia,None,Normal,5: Lying down (controlled)
1789493382.197273,20841,Person E,1902.7,2809.8,160.0,3388.44,34.0,True,Active,shazia,None,Normal,5: Lying down (controlled)
1789493382.2753937,20842,Person E,1902.1,2809.9,320.0,3389.27,33.99,True,Active,shazia,None,Normal,5: Lying down (controlled)
1789493382.353515,20843,Person E,1903.0,2809.6,320.0,3393.48,34.13,True,Active,shazia,None,Normal,5: Lying down (controlled)
1789493382.4316337,20844,Person E,1904.4,2809.1,160.0,3396.32,34.26,True,Active,shazia,None,Normal,5: Lying down (controlled)
1789493382.50977,20845,Person E,1905.6,2808.2,160.0,3396.92,34.34,True,Active,shazia,None,Normal,5: Lying down (controlled)
1789493382.5722456,20846,Person E,1906.1,2807.6,-80.0,3398.01,34.3,True,Active,shazia,None,Normal,5: Lying down (controlled)
1789493382.6816163,20847,Person E,1905.4,2807.8,-80.0,3394.87,34.13,True,Active,shazia,None,Normal,5: Lying down (controlled)
1789493382.7597542,20848,Person E,1903.9,2808.5,640.0,3390.92,33.98,True,Active,shazia,None,Normal,5: Lying down (controlled)
1789493382.822249,20849,Person E,1902.8,2809.0,320.0,3389.25,33.93,True,Active,shazia,None,Normal,5: Lying down (controlled)
1789493382.9159918,20850,Person E,1901.6,2809.5,-80.0,3388.12,33.84,True,Active,shazia,None,Normal,5: Lying down (controlled)
1789493382.994091,20851,Person E,1900.3,2810.4,-80.0,3388.66,33.74,True,Active,shazia,None,Normal,5: Lying down (controlled)
1789493383.1034787,20852,Person E,1899.0,2811.4,160.0,3390.33,33.72,True,Active,shazia,None,Normal,5: Lying down (controlled)
1789493383.1815994,20853,Person E,1896.5,2812.9,-80.0,3391.99,33.64,True,Active,shazia,None,Normal,5: Lying down (controlled)
1789493383.2440748,20854,Person E,1893.6,2814.9,320.0,3396.71,33.67,True,Active,shazia,None,Normal,5: Lying down (controlled)
1789493383.3222158,20855,Person E,1890.9,2817.4,240.0,3402.53,33.72,True,Active,shazia,None,Normal,5: Lying down (controlled)
1789493383.415938,20856,Person E,1888.8,2819.7,160.0,3405.31,33.79,True,Active,shazia,None,Normal,5: Lying down (controlled)
1789493383.525309,20857,Person E,1887.9,2821.7,160.0,3406.42,33.82,True,Active,shazia,None,Normal,5: Lying down (controlled)
1789493383.6034455,20858,Person E,1887.8,2823.6,-80.0,3406.14,33.78,True,Active,shazia,None,Normal,5: Lying down (controlled)
1789493383.6659405,20859,Person E,1887.5,2825.7,240.0,3405.03,33.69,True,Active,shazia,None,Normal,5: Lying down (controlled)
1789493383.7596645,20860,Person E,1887.2,2827.7,160.0,3403.09,33.62,True,Active,shazia,None,Normal,5: Lying down (controlled)
1789493383.8534093,20861,Person E,1887.2,2829.1,320.0,3400.32,33.61,True,Active,shazia,None,Normal,5: Lying down (controlled)
1789493383.9627767,20862,Person E,1886.9,2830.2,-160.0,3397.82,33.57,True,Active,shazia,None,Normal,5: Lying down (controlled)
1789493384.0565202,20863,Person E,1886.5,2831.0,-80.0,3396.45,33.51,True,Active,shazia,None,Normal,5: Lying down (controlled)
1789493384.1190343,20864,Person E,1885.6,2831.6,160.0,3396.73,33.48,True,Active,shazia,None,Normal,5: Lying down (controlled)
1789493384.2127593,20865,Person E,1883.8,2831.7,160.0,3393.41,33.46,True,Active,shazia,None,Normal,5: Lying down (controlled)
1789493384.3065228,20866,Person E,1881.6,2831.6,320.0,3392.29,33.49,True,Active,shazia,None,Normal,5: Lying down (controlled)
1789493384.4002466,20867,Person E,1880.0,2831.4,320.0,3395.88,33.62,True,Active,shazia,None,Normal,5: Lying down (controlled)
1789493384.478384,20868,Person E,1879.5,2830.6,160.0,3396.71,33.79,True,Active,shazia,None,Normal,5: Lying down (controlled)
1789493384.5565038,20869,Person E,1880.1,2829.3,160.0,3397.56,33.9,True,Active,shazia,None,Normal,5: Lying down (controlled)
1789493384.6346076,20870,Person E,1881.2,2827.9,-80.0,3397.56,33.9,True,Active,shazia,None,Normal,5: Lying down (controlled)
1789493384.7283497,20871,Person E,1882.7,2827.0,240.0,3401.17,33.9,True,Active,shazia,None,Normal,5: Lying down (controlled)
1789493384.822111,20872,Person E,1884.7,2826.2,640.0,3402.28,33.93,True,Active,shazia,None,Normal,5: Lying down (controlled)
1789493384.915835,20873,Person E,1887.1,2825.3,320.0,3402.28,33.93,True,Active,shazia,None,Normal,5: Lying down (controlled)
1789493384.9783332,20874,Person E,1889.2,2824.5,-80.0,3401.71,33.85,True,Active,shazia,None,Normal,5: Lying down (controlled)
1789493385.0720937,20875,Person E,1890.6,2824.1,-80.0,3397.82,33.69,True,Active,shazia,None,Normal,5: Lying down (controlled)
1789493385.150194,20876,Person E,1891.0,2824.1,160.0,3394.5,33.55,True,Active,shazia,None,Normal,5: Lying down (controlled)
1789493385.2595615,20877,Person E,1890.7,2824.0,320.0,3393.38,33.58,True,Active,shazia,None,Normal,5: Lying down (controlled)
1789493385.3376808,20878,Person E,1889.6,2824.3,-80.0,3393.1,33.61,True,Active,shazia,None,Normal,5: Lying down (controlled)
1789493385.4158034,20879,Person E,1888.3,2825.1,240.0,3396.99,33.64,True,Active,shazia,None,Normal,5: Lying down (controlled)
1789493385.478296,20880,Person E,1887.3,2826.3,-80.0,3401.98,33.65,True,Active,shazia,None,Normal,5: Lying down (controlled)
1789493385.5720606,20881,Person E,1886.2,2827.2,160.0,3402.53,33.66,True,Active,shazia,None,Normal,5: Lying down (controlled)
1789493385.6814077,20882,Person E,1885.5,2827.9,320.0,3404.2,33.76,True,Active,shazia,None,Normal,5: Lying down (controlled)
1789493385.7595274,20883,Person E,1885.5,2828.7,240.0,3408.92,33.85,True,Active,shazia,None,Normal,5: Lying down (controlled)
1789493385.8376496,20884,Person E,1886.2,2829.1,640.0,3408.94,33.91,True,Active,shazia,None,Normal,5: Lying down (controlled)
1789493385.9157662,20885,Person E,1888.3,2829.1,320.0,3409.51,33.99,True,Active,shazia,None,Normal,5: Lying down (controlled)
1789493386.025153,20886,Person E,1891.3,2828.7,-80.0,3407.85,34.01,True,Active,shazia,None,Normal,5: Lying down (controlled)
1789493386.1345224,20887,Person E,1894.8,2828.2,240.0,3408.73,34.12,True,Active,shazia,None,Normal,5: Lying down (controlled)
1789493386.2126405,20888,Person E,1898.6,2827.5,160.0,3408.49,34.2,True,Active,shazia,None,Normal,5: Lying down (controlled)
1789493386.2907596,20889,Person E,1902.0,2826.5,560.0,3407.66,34.21,True,Active,shazia,None,Normal,5: Lying down (controlled)
1789493386.384484,20890,Person E,1905.4,2825.3,320.0,3411.01,34.24,True,Active,shazia,None,Normal,5: Lying down (controlled)
1789493386.4626038,20891,Person E,1909.3,2824.1,320.0,3414.39,34.32,True,Active,shazia,None,Normal,5: Lying down (controlled)
1789493386.571972,20892,Person E,1912.9,2822.8,160.0,3413.6,34.39,True,Active,shazia,None,Normal,5: Lying down (controlled)
1789493386.6501102,20893,Person E,1915.9,2821.1,-160.0,3411.69,34.43,True,Active,shazia,None,Normal,5: Lying down (controlled)
1789493386.7438538,20894,Person E,1918.8,2819.2,320.0,3409.53,34.5,True,Active,shazia,None,Normal,5: Lying down (controlled)
1789493386.8063495,20895,Person E,1921.8,2817.5,240.0,3412.36,34.57,True,Active,shazia,None,Normal,5: Lying down (controlled)
1789493386.962574,20896,Person E,1924.9,2815.8,640.0,3411.28,34.6,True,Active,shazia,None,Normal,5: Lying down (controlled)
1789493387.0563323,20897,Person E,1927.8,2814.4,320.0,3413.55,34.65,True,Active,shazia,None,Normal,5: Lying down (controlled)
1789493387.1344526,20898,Person E,1930.9,2813.2,320.0,3416.15,34.75,True,Active,shazia,None,Normal,5: Lying down (controlled)
1789493387.2125714,20899,Person E,1934.8,2811.8,240.0,3418.25,34.88,True,Active,shazia,None,Normal,5: Lying down (controlled)
1789493387.2906914,20900,Person E,1938.9,2809.9,160.0,3418.65,34.98,True,Active,shazia,None,Normal,5: Lying down (controlled)
1789493387.384419,20901,Person E,1942.3,2808.3,-80.0,3420.54,34.94,True,Active,shazia,None,Normal,5: Lying down (controlled)
1789493387.4781585,20902,Person E,1945.4,2807.3,320.0,3423.0,34.91,True,Active,shazia,None,Normal,5: Lying down (controlled)
1789493387.5562816,20903,Person E,1949.0,2806.5,320.0,3425.62,35.0,True,Active,shazia,None,Normal,5: Lying down (controlled)
1789493387.6344173,20904,Person E,1952.8,2805.7,160.0,3424.64,35.1,True,Active,shazia,None,Normal,5: Lying down (controlled)
1789493387.7125375,20905,Person E,1955.9,2804.6,-160.0,3421.04,35.1,True,Active,shazia,None,Normal,5: Lying down (controlled)
1789493387.821888,20906,Person E,1958.9,2803.4,320.0,3418.58,35.13,True,Active,shazia,None,Normal,5: Lying down (controlled)
1789493387.9156294,20907,Person E,1961.6,2802.3,240.0,3419.98,35.13,True,Active,shazia,None,Normal,5: Lying down (controlled)
1789493387.9937685,20908,Person E,1963.6,2801.2,640.0,3418.58,35.13,True,Active,shazia,None,Normal,5: Lying down (controlled)
1789493388.0718884,20909,Person E,1964.8,2800.4,320.0,3418.58,35.13,True,Active,shazia,None,Normal,5: Lying down (controlled)
1789493388.165612,20910,Person E,1965.2,2799.9,-80.0,3416.86,35.09,True,Active,shazia,None,Normal,5: Lying down (controlled)
1789493388.3062303,20911,Person E,1965.6,2799.1,240.0,3416.28,35.07,True,Active,shazia,None,Normal,5: Lying down (controlled)
1789493388.3999906,20912,Person E,1966.0,2797.9,160.0,3415.46,35.08,True,Active,shazia,None,Normal,5: Lying down (controlled)
1789493388.4937348,20913,Person E,1965.4,2797.0,-80.0,3414.8,35.01,True,Active,shazia,None,Normal,5: Lying down (controlled)
1789493388.556229,20914,Person E,1964.4,2796.7,320.0,3416.44,34.99,True,Active,shazia,None,Normal,5: Lying down (controlled)
1789493388.6499722,20915,Person E,1963.9,2796.8,320.0,3418.98,35.02,True,Active,shazia,None,Normal,5: Lying down (controlled)
1789493388.712452,20916,Person E,1963.6,2796.8,160.0,3416.86,35.09,True,Active,shazia,None,Normal,5: Lying down (controlled)
1789493388.8061924,20917,Person E,1963.1,2796.5,-80.0,3414.65,35.09,True,Active,shazia,None,Normal,5: Lying down (controlled)
1789493388.8843162,20918,Person E,1961.6,2796.7,-80.0,3411.61,34.9,True,Active,shazia,None,Normal,5: Lying down (controlled)
1789493388.962451,20919,Person E,1959.0,2797.5,240.0,3410.26,34.69,True,Active,shazia,None,Normal,5: Lying down (controlled)
1789493389.0405715,20920,Person E,1956.0,2798.5,160.0,3407.93,34.58,True,Active,shazia,None,Normal,5: Lying down (controlled)
1789493389.1499379,20921,Person E,1952.4,2799.5,-80.0,3403.96,34.48,True,Active,shazia,None,Normal,5: Lying down (controlled)
1789493389.2124145,20922,Person E,1948.7,2800.6,320.0,3403.4,34.47,True,Active,shazia,None,Normal,5: Lying down (controlled)
1789493389.3061779,20923,Person E,1946.1,2801.3,240.0,3405.72,34.58,True,Active,shazia,None,Normal,5: Lying down (controlled)
1789493389.3842971,20924,Person E,1944.2,2801.5,160.0,3407.23,34.71,True,Active,shazia,None,Normal,5: Lying down (controlled)
1789493389.4780428,20925,Person E,1942.1,2801.8,-80.0,3409.44,34.7,True,Active,shazia,None,Normal,5: Lying down (controlled)
1789493389.5874083,20926,Person E,1940.1,2802.8,320.0,3413.62,34.71,True,Active,shazia,None,Normal,5: Lying down (controlled)
1789493389.649887,20927,Person E,1938.7,2804.1,320.0,3417.29,34.77,True,Active,shazia,None,Normal,5: Lying down (controlled)
1789493389.7436318,20928,Person E,1938.8,2804.7,160.0,3417.11,34.86,True,Active,shazia,None,Normal,5: Lying down (controlled)
1789493389.8217702,20929,Person E,1939.8,2804.5,-80.0,3414.32,34.85,True,Active,shazia,None,Normal,5: Lying down (controlled)
1789493389.9154916,20930,Person E,1940.9,2804.1,-80.0,3410.9,34.77,True,Active,shazia,None,Normal,5: Lying down (controlled)
1789493389.9936113,20931,Person E,1942.4,2803.9,240.0,3410.83,34.71,True,Active,shazia,None,Normal,5: Lying down (controlled)
1789493390.1029978,20932,Person E,1943.7,2803.5,160.0,3407.48,34.68,True,Active,shazia,None,Normal,5: Lying down (controlled)
1789493390.1811185,20933,Person E,1943.7,2803.4,-80.0,3404.89,34.59,True,Active,shazia,None,Normal,5: Lying down (controlled)
1789493390.2592216,20934,Person E,1942.5,2803.7,-80.0,3402.88,34.51,True,Active,shazia,None,Normal,5: Lying down (controlled)
1789493390.3529813,20935,Person E,1941.0,2803.9,240.0,3402.57,34.47,True,Active,shazia,None,Normal,5: Lying down (controlled)
1789493390.4467244,20936,Person E,1939.2,2803.7,160.0,3401.75,34.48,True,Active,shazia,None,Normal,5: Lying down (controlled)
1789493390.5560918,20937,Person E,1936.8,2803.6,-80.0,3402.83,34.45,True,Active,shazia,None,Normal,5: Lying down (controlled)
1789493390.6341946,20938,Person E,1934.4,2804.1,320.0,3407.57,34.48,True,Active,shazia,None,Normal,5: Lying down (controlled)
1789493390.7123117,20939,Person E,1932.9,2804.8,320.0,3411.54,34.58,True,Active,shazia,None,Normal,5: Lying down (controlled)
1789493390.8060775,20940,Person E,1932.5,2805.2,160.0,3411.91,34.67,True,Active,shazia,None,Normal,5: Lying down (controlled)
1789493390.9154224,20941,Person E,1932.5,2805.2,160.0,3410.83,34.71,True,Active,shazia,None,Normal,5: Lying down (controlled)
1789493390.9779215,20942,Person E,1932.5,2805.4,-80.0,3409.13,34.66,True,Active,shazia,None,Normal,5: Lying down (controlled)
1789493391.0716617,20943,Person E,1931.5,2805.8,-80.0,3402.53,34.41,True,Active,shazia,None,Normal,5: Lying down (controlled)
1789493391.1497815,20944,Person E,1929.4,2806.3,640.0,3395.16,34.17,True,Active,shazia,None,Normal,5: Lying down (controlled)
1789493391.2591496,20945,Person E,1927.2,2806.7,320.0,3393.48,34.13,True,Active,shazia,None,Normal,5: Lying down (controlled)
1789493391.3528953,20946,Person E,1924.9,2807.0,-80.0,3391.26,34.14,True,Active,shazia,None,Normal,5: Lying down (controlled)
1789493391.446656,20947,Person E,1923.1,2806.8,240.0,3391.03,34.22,True,Active,shazia,None,Normal,5: Lying down (controlled)
1789493391.5091517,20948,Person E,1921.2,2806.1,160.0,3391.06,34.28,True,Active,shazia,None,Normal,5: Lying down (controlled)
1789493391.6028788,20949,Person E,1918.5,2805.6,-80.0,3392.15,34.25,True,Active,shazia,None,Normal,5: Lying down (controlled)
1789493391.6809952,20950,Person E,1915.7,2805.8,320.0,3397.71,34.27,True,Active,shazia,None,Normal,5: Lying down (controlled)
1789493391.7903655,20951,Person E,1913.5,2806.2,320.0,3401.66,34.36,True,Active,shazia,None,Normal,5: Lying down (controlled)
1789493391.8841085,20952,Person E,1912.1,2806.5,160.0,3403.66,34.44,True,Active,shazia,None,Normal,5: Lying down (controlled)
1789493391.962229,20953,Person E,1912.2,2806.4,-160.0,3402.27,34.44,True,Active,shazia,None,Normal,5: Lying down (controlled)
1789493392.040365,20954,Person E,1913.5,2806.3,-80.0,3401.66,34.36,True,Active,shazia,None,Normal,5: Lying down (controlled)
1789493392.1341102,20955,Person E,1915.0,2806.6,240.0,3404.39,34.31,True,Active,shazia,None,Normal,5: Lying down (controlled)
1789493392.2434554,20956,Person E,1916.4,2807.2,640.0,3404.09,34.27,True,Active,shazia,None,Normal,5: Lying down (controlled)
1789493392.3215752,20957,Person E,1917.6,2808.1,320.0,3405.22,34.3,True,Active,shazia,None,Normal,5: Lying down (controlled)
1789493392.3996959,20958,Person E,1919.2,2809.2,320.0,3409.17,34.4,True,Active,shazia,None,Normal,5: Lying down (controlled)
1789493392.5403152,20959,Person E,1921.9,2809.8,240.0,3412.36,34.57,True,Active,shazia,None,Normal,5: Lying down (controlled)
1789493392.6340559,20960,Person E,1925.0,2809.8,160.0,3415.26,34.7,True,Active,shazia,None,Normal,5: Lying down (controlled)
1789493392.7434418,20961,Person E,1927.4,2810.2,-80.0,3418.55,34.66,True,Active,shazia,None,Normal,5: Lying down (controlled)
1789493392.8371663,20962,Person E,1929.5,2811.1,320.0,3422.98,34.65,True,Active,shazia,None,Normal,5: Lying down (controlled)
1789493392.9152846,20963,Person E,1932.0,2812.2,320.0,3425.51,34.68,True,Active,shazia,None,Normal,5: Lying down (controlled)
1789493392.9778001,20964,Person E,1935.0,2812.8,160.0,3423.61,34.72,True,Active,shazia,None,Normal,5: Lying down (controlled)
1789493393.0559008,20965,Person E,1937.9,2812.7,-160.0,3420.0,34.72,True,Active,shazia,None,Normal,5: Lying down (controlled)
1789493393.1496444,20966,Person E,1940.3,2812.5,-80.0,3416.02,34.63,True,Active,shazia,None,Normal,5: Lying down (controlled)
1789493393.2433915,20967,Person E,1941.9,2812.1,640.0,3410.97,34.56,True,Active,shazia,None,Normal,5: Lying down (controlled)
1789493393.3058841,20968,Person E,1942.3,2811.1,80.0,3403.19,34.55,True,Active,shazia,None,Normal,5: Lying down (controlled)
1789493393.399647,20969,Person E,1940.8,2810.0,80.0,3394.8,34.46,True,Active,shazia,None,Normal,5: Lying down (controlled)
1789493393.4777503,20970,Person E,1937.3,2809.3,-80.0,3389.67,34.28,True,Active,shazia,None,Normal,5: Lying down (controlled)
1789493393.5714898,20971,Person E,1932.8,2808.5,160.0,3386.53,34.11,True,Active,shazia,None,Normal,5: Lying down (controlled)
1789493393.6496131,20972,Person E,1927.9,2807.4,160.0,3386.24,34.07,True,Active,shazia,None,Normal,5: Lying down (controlled)
1789493393.743373,20973,Person E,1922.4,2806.4,-80.0,3386.22,34.01,True,Active,shazia,None,Normal,5: Lying down (controlled)
1789493393.8214924,20974,Person E,1917.0,2805.9,320.0,3389.0,34.02,True,Active,shazia,None,Normal,5: Lying down (controlled)
1789493393.9152374,20975,Person E,1912.1,2805.6,640.0,3389.85,34.07,True,Active,shazia,None,Normal,5: Lying down (controlled)
1789493394.0245876,20976,Person E,1908.1,2805.2,-80.0,3390.14,34.11,True,Active,shazia,None,Normal,5: Lying down (controlled)
1789493394.102703,20977,Person E,1904.1,2805.2,-80.0,3388.44,34.0,True,Active,shazia,None,Normal,5: Lying down (controlled)
1789493394.1964667,20978,Person E,1899.7,2806.1,-80.0,3385.9,33.85,True,Active,shazia,None,Normal,5: Lying down (controlled)
1789493394.2745864,20979,Person E,1894.7,2807.9,-80.0,3381.73,33.59,True,Active,shazia,None,Normal,5: Lying down (controlled)
1789493394.3526864,20980,Person E,1889.3,2810.1,160.0,3377.92,33.31,True,Active,shazia,None,Normal,5: Lying down (controlled)
1789493394.4464333,20981,Person E,1884.0,2812.6,320.0,3378.01,33.13,True,Active,shazia,None,Normal,5: Lying down (controlled)
1789493394.5558167,20982,Person E,1879.6,2815.0,320.0,3381.84,33.22,True,Active,shazia,None,Normal,5: Lying down (controlled)
1789493394.6339366,20983,Person E,1876.1,2817.1,160.0,3384.3,33.32,True,Active,shazia,None,Normal,5: Lying down (controlled)
1789493394.7120578,20984,Person E,1872.8,2818.8,160.0,3384.83,33.39,True,Active,shazia,None,Normal,5: Lying down (controlled)
1789493394.8057804,20985,Person E,1869.5,2820.3,160.0,3383.97,33.46,True,Active,shazia,None,Normal,5: Lying down (controlled)
1789493394.8995435,20986,Person E,1866.6,2821.8,240.0,3386.45,33.56,True,Active,shazia,None,Normal,5: Lying down (controlled)
1789493395.008891,20987,Person E,1864.6,2823.0,640.0,3387.28,33.61,True,Active,shazia,None,Normal,5: Lying down (controlled)
1789493395.0713909,20988,Person E,1863.6,2823.5,160.0,3384.5,33.66,True,Active,shazia,None,Normal,5: Lying down (controlled)
1789493395.1651347,20989,Person E,1864.1,2823.1,-160.0,3381.18,33.7,True,Active,shazia,None,Normal,5: Lying down (controlled)
1789493395.2432506,20990,Person E,1865.9,2821.9,-80.0,3377.85,33.68,True,Active,shazia,None,Normal,5: Lying down (controlled)
1789493395.3526223,20991,Person E,1868.6,2820.0,160.0,3377.01,33.69,True,Active,shazia,None,Normal,5: Lying down (controlled)
1789493395.446365,20992,Person E,1870.1,2818.3,-80.0,3375.91,33.6,True,Active,shazia,None,Normal,5: Lying down (controlled)
1789493395.5401247,20993,Person E,1870.9,2816.9,320.0,3377.02,33.56,True,Active,shazia,None,Normal,5: Lying down (controlled)
1789493395.6026013,20994,Person E,1872.2,2815.7,320.0,3382.01,33.69,True,Active,shazia,None,Normal,5: Lying down (controlled)
1789493395.6807208,20995,Person E,1874.0,2814.5,160.0,3383.96,33.83,True,Active,shazia,None,Normal,5: Lying down (controlled)
1789493395.8057306,20996,Person E,1875.7,2813.2,160.0,3385.09,33.92,True,Active,shazia,None,Normal,5: Lying down (controlled)
1789493395.8838515,20997,Person E,1877.6,2811.5,320.0,3383.73,34.04,True,Active,shazia,None,Normal,5: Lying down (controlled)
1789493395.9775949,20998,Person E,1879.9,2809.9,240.0,3384.05,34.14,True,Active,shazia,None,Normal,5: Lying down (controlled)
1789493396.0557148,20999,Person E,1882.3,2808.5,640.0,3382.96,34.17,True,Active,shazia,None,Normal,5: Lying down (controlled)
1789493396.1338143,21000,Person E,1884.7,2807.3,-80.0,3381.27,34.13,True,Active,shazia,None,Normal,5: Lying down (controlled)
1789493396.227561,21001,Person E,1886.3,2806.3,-80.0,3377.62,34.01,True,Active,shazia,None,Normal,5: Lying down (controlled)
1789493396.321304,21002,Person E,1887.2,2805.7,-80.0,3375.91,33.78,True,Active,shazia,None,Normal,5: Lying down (controlled)
1789493396.4150643,21003,Person E,1887.2,2805.3,640.0,3373.69,33.6,True,Active,shazia,None,Normal,5: Lying down (controlled)
1789493396.4931853,21004,Person E,1885.8,2804.8,160.0,3370.09,33.54,True,Active,shazia,None,Normal,5: Lying down (controlled)
1789493396.6025546,21005,Person E,1883.7,2804.4,320.0,3368.98,33.57,True,Active,shazia,None,Normal,5: Lying down (controlled)
1789493396.665031,21006,Person E,1882.1,2804.1,320.0,3373.69,33.72,True,Active,shazia,None,Normal,5: Lying down (controlled)
1789493396.7743979,21007,Person E,1880.8,2804.0,160.0,3375.64,33.86,True,Active,shazia,None,Normal,5: Lying down (controlled)
1789493396.8681588,21008,Person E,1879.4,2804.1,160.0,3377.04,33.93,True,Active,shazia,None,Normal,5: Lying down (controlled)
1789493396.9462585,21009,Person E,1877.7,2804.7,-80.0,3378.42,33.87,True,Active,shazia,None,Normal,5: Lying down (controlled)
1789493397.0400224,21010,Person E,1876.4,2805.7,240.0,3382.3,33.85,True,Active,shazia,None,Normal,5: Lying down (controlled)
1789493397.1337473,21011,Person E,1875.9,2806.7,640.0,3383.13,33.84,True,Active,shazia,None,Normal,5: Lying down (controlled)
1789493397.2275088,21012,Person E,1876.4,2807.0,-80.0,3381.18,33.82,True,Active,shazia,None,Normal,5: Lying down (controlled)
1789493397.3056278,21013,Person E,1877.9,2806.8,320.0,3380.35,33.83,True,Active,shazia,None,Normal,5: Lying down (controlled)
1789493397.3993719,21014,Person E,1880.6,2806.5,240.0,3382.6,33.95,True,Active,shazia,None,Normal,5: Lying down (controlled)
1789493397.4774919,21015,Person E,1883.8,2806.2,160.0,3384.29,34.05,True,Active,shazia,None,Normal,5: Lying down (controlled)
1789493397.5712144,21016,Person E,1886.1,2805.8,160.0,3383.2,34.08,True,Active,shazia,None,Normal,5: Lying down (controlled)
1789493397.6962101,21017,Person E,1888.0,2805.6,320.0,3384.61,34.15,True,Active,shazia,None,Normal,5: Lying down (controlled)
1789493397.7743456,21018,Person E,1890.1,2805.5,320.0,3387.98,34.23,True,Active,shazia,None,Normal,5: Lying down (controlled)
1789493397.8993373,21019,Person E,1892.8,2804.9,160.0,3388.58,34.31,True,Active,shazia,None,Normal,5: Lying down (controlled)
1789493397.9774578,21020,Person E,1895.5,2803.9,-80.0,3389.15,34.32,True,Active,shazia,None,Normal,5: Lying down (controlled)
1789493398.0868094,21021,Person E,1897.8,2803.2,-80.0,3390.2,34.23,True,Active,shazia,None,Normal,5: Lying down (controlled)
1789493398.2118006,21022,Person E,1900.1,2803.1,240.0,3393.21,34.15,True,Active,shazia,None,Normal,5: Lying down (controlled)
1789493398.2899356,21023,Person E,1902.3,2803.2,640.0,3393.48,34.13,True,Active,shazia,None,Normal,5: Lying down (controlled)
1789493398.3524315,21024,Person E,1903.4,2803.7,-80.0,3392.89,34.06,True,Active,shazia,None,Normal,5: Lying down (controlled)
1789493398.4461565,21025,Person E,1903.7,2804.5,320.0,3392.6,34.02,True,Active,shazia,None,Normal,5: Lying down (controlled)
1789493398.5242743,21026,Person E,1904.6,2805.2,240.0,3394.04,34.14,True,Active,shazia,None,Normal,5: Lying down (controlled)
1789493398.6336453,21027,Person E,1905.7,2805.8,160.0,3395.76,34.25,True,Active,shazia,None,Normal,5: Lying down (controlled)
1789493398.7117813,21028,Person E,1906.3,2806.1,160.0,3393.84,34.29,True,Active,shazia,None,Normal,5: Lying down (controlled)
1789493398.7898817,21029,Person E,1906.9,2806.6,320.0,3396.1,34.35,True,Active,shazia,None,Normal,5: Lying down (controlled)
1789493398.8680036,21030,Person E,1908.1,2807.0,320.0,3399.23,34.45,True,Active,shazia,None,Normal,5: Lying down (controlled)
1789493398.9617476,21031,Person E,1910.1,2806.8,160.0,3399.84,34.53,True,Active,shazia,None,Normal,5: Lying down (controlled)
1789493399.0398643,21032,Person E,1912.3,2806.0,160.0,3399.02,34.54,True,Active,shazia,None,Normal,5: Lying down (controlled)
1789493399.1336272,21033,Person E,1914.9,2804.9,320.0,3399.07,34.6,True,Active,shazia,None,Normal,5: Lying down (controlled)
1789493399.2117472,21034,Person E,1918.2,2803.9,240.0,3403.25,34.61,True,Active,shazia,None,Normal,5: Lying down (controlled)
1789493399.289867,21035,Person E,1921.7,2802.8,640.0,3403.25,34.61,True,Active,shazia,None,Normal,5: Lying down (controlled)
1789493399.3835914,21036,Person E,1924.1,2802.1,-80.0,3401.8,34.54,True,Active,shazia,None,Normal,5: Lying down (controlled)
1789493399.461714,21037,Person E,1925.7,2801.7,320.0,3401.49,34.51,True,Active,shazia,None,Normal,5: Lying down (controlled)
1789493399.5554569,21038,Person E,1926.5,2802.0,-80.0,3400.83,34.37,True,Active,shazia,None,Normal,5: Lying down (controlled)
1789493399.6335926,21039,Person E,1926.6,2802.4,160.0,3399.96,34.32,True,Active,shazia,None,Normal,5: Lying down (controlled)
1789493399.7117124,21040,Person E,1925.2,2803.5,-80.0,3400.42,34.15,True,Active,shazia,None,Normal,5: Lying down (controlled)
1789493399.8054364,21041,Person E,1923.0,2805.3,320.0,3402.32,34.05,True,Active,shazia,None,Normal,5: Lying down (controlled)
1789493399.8991842,21042,Person E,1920.4,2807.2,0.0,3400.08,33.99,True,Active,shazia,None,Normal,5: Lying down (controlled)
1789493399.9773197,21043,Person E,1917.4,2808.9,160.0,3396.21,34.02,True,Active,shazia,None,Normal,5: Lying down (controlled)
1789493400.0710435,21044,Person E,1914.1,2810.1,160.0,3394.55,34.04,True,Active,shazia,None,Normal,5: Lying down (controlled)
1789493400.1491826,21045,Person E,1911.2,2811.0,320.0,3394.31,34.12,True,Active,shazia,None,Normal,5: Lying down (controlled)
1789493400.2429113,21046,Person E,1909.3,2811.9,240.0,3398.5,34.2,True,Active,shazia,None,Normal,5: Lying down (controlled)
1789493400.336653,21047,Person E,1908.1,2812.5,640.0,3399.66,34.28,True,Active,shazia,None,Normal,5: Lying down (controlled)
1789493400.414773,21048,Person E,1908.2,2812.5,320.0,3401.4,34.39,True,Active,shazia,None,Normal,5: Lying down (controlled)
1789493400.4929087,21049,Person E,1909.3,2812.4,320.0,3405.35,34.48,True,Active,shazia,None,Normal,5: Lying down (controlled)
1789493400.586653,21050,Person E,1912.0,2811.6,240.0,3409.07,34.6,True,Active,shazia,None,Normal,5: Lying down (controlled)
1789493400.680377,21051,Person E,1915.5,2810.2,160.0,3410.52,34.67,True,Active,shazia,None,Normal,5: Lying down (controlled)
1789493400.7741199,21052,Person E,1919.2,2808.6,160.0,3407.73,34.66,True,Active,shazia,None,Normal,5: Lying down (controlled)
1789493400.867883,21053,Person E,1922.9,2807.3,320.0,3406.34,34.66,True,Active,shazia,None,Normal,5: Lying down (controlled)
1789493400.9460042,21054,Person E,1926.5,2806.0,640.0,3404.13,34.66,True,Active,shazia,None,Normal,5: Lying down (controlled)
1789493401.0241227,21055,Person E,1929.6,2804.5,160.0,3399.45,34.7,True,Active,shazia,None,Normal,5: Lying down (controlled)
1789493401.1334693,21056,Person E,1931.7,2802.8,-80.0,3396.35,34.65,True,Active,shazia,None,Normal,5: Lying down (controlled)
1789493401.242842,21057,Person E,1932.6,2801.8,-80.0,3396.49,34.5,True,Active,shazia,None,Normal,5: Lying down (controlled)
1789493401.320977,21058,Person E,1932.2,2801.6,160.0,3397.49,34.35,True,Active,shazia,None,Normal,5: Lying down (controlled)
1789493401.3990972,21059,Person E,1931.0,2801.4,640.0,3396.92,34.34,True,Active,shazia,None,Normal,5: Lying down (controlled)
1789493401.4771974,21060,Person E,1928.6,2801.4,-80.0,3395.49,34.27,True,Active,shazia,None,Normal,5: Lying down (controlled)
1789493401.570943,21061,Person E,1925.2,2801.7,-80.0,3393.77,34.17,True,Active,shazia,None,Normal,5: Lying down (controlled)
1789493401.6646867,21062,Person E,1921.6,2802.2,390.0,3391.53,34.11,True,Active,shazia,None,Normal,5: Lying down (controlled)
1789493401.7428071,21063,Person E,1918.0,2802.7,160.0,3390.14,34.11,True,Active,shazia,None,Normal,5: Lying down (controlled)
1789493401.8521938,21064,Person E,1914.2,2803.7,-80.0,3390.94,34.04,True,Active,shazia,None,Normal,5: Lying down (controlled)
1789493401.9459343,21065,Person E,1910.8,2805.4,320.0,3394.28,34.06,True,Active,shazia,None,Normal,5: Lying down (controlled)
1789493402.039658,21066,Person E,1907.9,2807.1,640.0,3394.01,34.08,True,Active,shazia,None,Normal,5: Lying down (controlled)
1789493402.1177769,21067,Person E,1905.8,2808.0,160.0,3392.09,34.13,True,Active,shazia,None,Normal,5: Lying down (controlled)
1789493402.2115414,21068,Person E,1904.3,2808.0,-160.0,3389.05,34.14,True,Active,shazia,None,Normal,5: Lying down (controlled)
1789493402.289641,21069,Person E,1902.4,2808.0,-80.0,3386.24,34.07,True,Active,shazia,None,Normal,5: Lying down (controlled)
1789493402.383391,21070,Person E,1900.5,2807.8,640.0,3383.17,34.02,True,Active,shazia,None,Normal,5: Lying down (controlled)
1789493402.4615068,21071,Person E,1899.0,2806.9,80.0,3377.91,34.04,True,Active,shazia,None,Normal,5: Lying down (controlled)
1789493402.5552506,21072,Person E,1898.0,2805.7,320.0,3375.99,34.09,True,Active,shazia,None,Normal,5: Lying down (controlled)
1789493402.6333885,21073,Person E,1897.9,2804.5,320.0,3379.65,34.21,True,Active,shazia,None,Normal,5: Lying down (controlled)
1789493402.7271302,21074,Person E,1898.8,2802.6,720.0,3380.29,34.34,True,Active,shazia,None,Normal,5: Lying down (controlled)
1789493402.8052497,21075,Person E,1899.8,2800.3,160.0,3380.89,34.42,True,Active,shazia,None,Normal,5: Lying down (controlled)
1789493402.9146035,21076,Person E,1900.9,2797.9,320.0,3380.38,34.47,True,Active,shazia,None,Normal,5: Lying down (controlled)
1789493403.0239687,21077,Person E,1902.3,2795.7,320.0,3381.82,34.53,True,Active,shazia,None,Normal,5: Lying down (controlled)
1789493403.1021047,21078,Person E,1903.9,2793.6,640.0,3380.74,34.56,True,Active,shazia,None,Normal,5: Lying down (controlled)
1789493403.1958497,21079,Person E,1905.6,2791.8,-80.0,3380.94,34.48,True,Active,shazia,None,Normal,5: Lying down (controlled)
1789493403.2583442,21080,Person E,1906.7,2790.6,-80.0,3379.42,34.29,True,Active,shazia,None,Normal,5: Lying down (controlled)
1789493403.3520708,21081,Person E,1906.9,2790.6,320.0,3379.03,34.07,True,Active,shazia,None,Normal,5: Lying down (controlled)
1789493403.4770799,21082,Person E,1907.0,2791.1,160.0,3380.69,34.05,True,Active,shazia,None,Normal,5: Lying down (controlled)
1789493403.5551987,21083,Person E,1906.4,2791.7,640.0,3381.25,34.07,True,Active,shazia,None,Normal,5: Lying down (controlled)
1789493403.648927,21084,Person E,1905.7,2792.7,320.0,3384.61,34.15,True,Active,shazia,None,Normal,5: Lying down (controlled)
1789493403.7895424,21085,Person E,1905.5,2793.9,320.0,3389.67,34.28,True,Active,shazia,None,Normal,5: Lying down (controlled)
1789493403.8832843,21086,Person E,1905.9,2794.9,160.0,3390.88,34.43,True,Active,shazia,None,Normal,5: Lying down (controlled)
1789493403.961401,21087,Person E,1906.4,2795.8,160.0,3392.07,34.51,True,Active,shazia,None,Normal,5: Lying down (controlled)
1789493404.0395403,21088,Person E,1906.8,2797.2,-80.0,3394.54,34.49,True,Active,shazia,None,Normal,5: Lying down (controlled)
1789493404.1176407,21089,Person E,1907.7,2798.7,240.0,3398.4,34.46,True,Active,shazia,None,Normal,5: Lying down (controlled)
1789493404.1957796,21090,Person E,1909.7,2799.8,640.0,3399.79,34.47,True,Active,shazia,None,Normal,5: Lying down (controlled)
1789493404.3051276,21091,Person E,1912.4,2799.9,160.0,3395.06,34.44,True,Active,shazia,None,Normal,5: Lying down (controlled)
1789493404.3832507,21092,Person E,1914.7,2799.7,-160.0,3391.97,34.39,True,Active,shazia,None,Normal,5: Lying down (controlled)
1789493404.461386,21093,Person E,1916.0,2799.5,-80.0,3386.89,34.27,True,Active,shazia,None,Normal,5: Lying down (controlled)
1789493404.539506,21094,Person E,1916.0,2799.4,160.0,3383.78,34.16,True,Active,shazia,None,Normal,5: Lying down (controlled)
1789493404.6176062,21095,Person E,1914.8,2799.0,160.0,3379.62,34.15,True,Active,shazia,None,Normal,5: Lying down (controlled)
1789493404.6957285,21096,Person E,1912.2,2799.0,-80.0,3376.25,34.06,True,Active,shazia,None,Normal,5: Lying down (controlled)
1789493404.789472,21097,Person E,1908.9,2799.2,320.0,3375.13,34.03,True,Active,shazia,None,Normal,5: Lying down (controlled)
1789493404.867609,21098,Person E,1906.1,2798.7,160.0,3374.62,34.14,True,Active,shazia,None,Normal,5: Lying down (controlled)
1789493404.9457085,21099,Person E,1903.5,2797.7,160.0,3375.48,34.19,True,Active,shazia,None,Normal,5: Lying down (controlled)
1789493405.0394711,21100,Person E,1901.2,2796.3,320.0,3375.25,34.28,True,Active,shazia,None,Normal,5: Lying down (controlled)
1789493405.1331987,21101,Person E,1899.5,2795.1,-80.0,3375.55,34.32,True,Active,shazia,None,Normal,5: Lying down (controlled)
1789493405.2269387,21102,Person E,1898.3,2793.7,640.0,3373.64,34.36,True,Active,shazia,None,Normal,5: Lying down (controlled)
1789493405.3050783,21103,Person E,1898.0,2791.9,80.0,3370.34,34.4,True,Active,shazia,None,Normal,5: Lying down (controlled)
1789493405.3831787,21104,Person E,1898.2,2789.7,-160.0,3366.73,34.4,True,Active,shazia,None,Normal,5: Lying down (controlled)
1789493405.476925,21105,Person E,1898.1,2787.6,0.0,3361.69,34.33,True,Active,shazia,None,Normal,5: Lying down (controlled)
1789493405.5862923,21106,Person E,1898.5,2785.5,160.0,3361.13,34.32,True,Active,shazia,None,Normal,5: Lying down (controlled)
1789493405.6644106,21107,Person E,1898.5,2783.3,80.0,3356.93,34.24,True,Active,shazia,None,Normal,5: Lying down (controlled)
1789493405.7581716,21108,Person E,1897.7,2781.5,320.0,3355.24,34.2,True,Active,shazia,None,Normal,5: Lying down (controlled)
1789493405.8362722,21109,Person E,1897.1,2780.0,320.0,3359.7,34.25,True,Active,shazia,None,Normal,5: Lying down (controlled)
1789493405.9300222,21110,Person E,1896.6,2778.7,160.0,3361.69,34.33,True,Active,shazia,None,Normal,5: Lying down (controlled)
1789493406.0393836,21111,Person E,1896.2,2777.4,160.0,3362.56,34.38,True,Active,shazia,None,Normal,5: Lying down (controlled)
1789493406.1175022,21112,Person E,1896.4,2776.2,320.0,3364.87,34.5,True,Active,shazia,None,Normal,5: Lying down (controlled)
1789493406.2112663,21113,Person E,1897.2,2775.3,-80.0,3367.45,34.6,True,Active,shazia,None,Normal,5: Lying down (controlled)
1789493406.289386,21114,Person E,1898.3,2774.4,640.0,3365.55,34.64,True,Active,shazia,None,Normal,5: Lying down (controlled)
1789493406.3831308,21115,Person E,1899.9,2773.4,160.0,3362.51,34.65,True,Active,shazia,None,Normal,5: Lying down (controlled)
1789493406.4768555,21116,Person E,1901.1,2772.3,-80.0,3358.85,34.59,True,Active,shazia,None,Normal,5: Lying down (controlled)
1789493406.5705993,21117,Person E,1902.5,2771.2,320.0,3355.76,34.55,True,Active,shazia,None,Normal,5: Lying down (controlled)
1789493406.6487164,21118,Person E,1904.4,2770.2,160.0,3357.71,34.57,True,Active,shazia,None,Normal,5: Lying down (controlled)
1789493406.7268555,21119,Person E,1905.5,2769.0,160.0,3356.01,34.52,True,Active,shazia,None,Normal,5: Lying down (controlled)
1789493406.8205824,21120,Person E,1906.3,2768.1,320.0,3358.8,34.53,True,Active,shazia,None,Normal,5: Lying down (controlled)
1789493406.9143422,21121,Person E,1907.5,2767.4,320.0,3363.59,34.62,True,Active,shazia,None,Normal,5: Lying down (controlled)
1789493407.008067,21122,Person E,1908.6,2766.8,160.0,3366.18,34.71,True,Active,shazia,None,Normal,5: Lying down (controlled)
1789493407.0862072,21123,Person E,1909.4,2766.3,160.0,3367.89,34.76,True,Active,shazia,None,Normal,5: Lying down (controlled)
1789493407.1643062,21124,Person E,1910.5,2765.9,320.0,3368.53,34.83,True,Active,shazia,None,Normal,5: Lying down (controlled)
1789493407.2580688,21125,Person E,1911.9,2765.6,-80.0,3368.03,34.88,True,Active,shazia,None,Normal,5: Lying down (controlled)
1789493407.351797,21126,Person E,1913.8,2765.2,640.0,3366.39,34.9,True,Active,shazia,None,Normal,5: Lying down (controlled)
1789493407.4611804,21127,Person E,1915.7,2764.8,-80.0,3363.28,34.85,True,Active,shazia,None,Normal,5: Lying down (controlled)
1789493407.5392995,21128,Person E,1916.5,2764.8,-80.0,3362.26,34.68,True,Active,shazia,None,Normal,5: Lying down (controlled)
1789493407.617419,21129,Person E,1916.9,2765.3,-80.0,3362.4,34.53,True,Active,shazia,None,Normal,5: Lying down (controlled)
1789493407.7111437,21130,Person E,1916.7,2766.1,160.0,3364.26,34.43,True,Active,shazia,None,Normal,5: Lying down (controlled)
1789493407.8205106,21131,Person E,1915.3,2766.8,160.0,3361.43,34.36,True,Active,shazia,None,Normal,5: Lying down (controlled)
1789493407.9142737,21132,Person E,1913.3,2767.8,320.0,3363.08,34.34,True,Active,shazia,None,Normal,5: Lying down (controlled)
1789493408.008018,21133,Person E,1911.6,2769.0,320.0,3368.12,34.4,True,Active,shazia,None,Normal,5: Lying down (controlled)
1789493408.0705147,21134,Person E,1910.0,2770.4,160.0,3370.95,34.47,True,Active,shazia,None,Normal,5: Lying down (controlled)
1789493408.1642568,21135,Person E,1908.6,2771.9,160.0,3372.39,34.54,True,Active,shazia,None,Normal,5: Lying down (controlled)
1789493408.2579834,21136,Person E,1907.3,2773.6,-80.0,3372.96,34.55,True,Active,shazia,None,Normal,5: Lying down (controlled)
1789493408.3673522,21137,Person E,1906.7,2775.8,240.0,3377.96,34.56,True,Active,shazia,None,Normal,5: Lying down (controlled)
1789493408.429847,21138,Person E,1907.2,2777.6,640.0,3379.91,34.57,True,Active,shazia,None,Normal,5: Lying down (controlled)
1789493408.5235903,21139,Person E,1908.4,2779.0,320.0,3380.74,34.56,True,Active,shazia,None,Normal,5: Lying down (controlled)
1789493408.601727,21140,Person E,1910.2,2780.0,320.0,3382.69,34.58,True,Active,shazia,None,Normal,5: Lying down (controlled)
1789493408.711074,21141,Person E,1912.4,2781.3,-80.0,3384.6,34.54,True,Active,shazia,None,Normal,5: Lying down (controlled)
1789493408.7891967,21142,Person E,1914.6,2782.4,640.0,3384.6,34.54,True,Active,shazia,None,Normal,5: Lying down (controlled)
1789493408.8673337,21143,Person E,1915.9,2783.0,160.0,3380.43,34.53,True,Active,shazia,None,Normal,5: Lying down (controlled)
1789493408.961077,21144,Person E,1916.6,2783.5,320.0,3379.04,34.52,True,Active,shazia,None,Normal,5: Lying down (controlled)
1789493409.0391967,21145,Person E,1917.4,2784.2,320.0,3382.69,34.58,True,Active,shazia,None,Normal,5: Lying down (controlled)
1789493409.1485655,21146,Person E,1918.4,2784.8,160.0,3383.58,34.63,True,Active,shazia,None,Normal,5: Lying down (controlled)
1789493409.2891643,21147,Person E,1919.1,2785.0,160.0,3383.58,34.63,True,Active,shazia,None,Normal,5: Lying down (controlled)
1789493409.3985295,21148,Person E,1919.2,2785.5,-80.0,3384.6,34.54,True,Active,shazia,None,Normal,5: Lying down (controlled)
1789493409.476667,21149,Person E,1918.6,2786.8,-80.0,3388.06,34.36,True,Active,shazia,None,Normal,5: Lying down (controlled)
1789493409.5547667,21150,Person E,1916.9,2788.8,640.0,3389.61,34.15,True,Active,shazia,None,Normal,5: Lying down (controlled)
1789493409.6641374,21151,Person E,1914.6,2791.5,320.0,3393.97,33.96,True,Active,shazia,None,Normal,5: Lying down (controlled)
1789493409.742257,21152,Person E,1912.3,2794.3,320.0,3394.8,33.95,True,Active,shazia,None,Normal,5: Lying down (controlled)
1789493409.835999,21153,Person E,1910.2,2797.6,-80.0,3395.9,33.92,True,Active,shazia,None,Normal,5: Lying down (controlled)
1789493409.91412,21154,Person E,1908.4,2801.1,160.0,3397.85,33.94,True,Active,shazia,None,Normal,5: Lying down (controlled)
1789493409.992237,21155,Person E,1906.1,2804.3,80.0,3396.19,33.96,True,Active,shazia,None,Normal,5: Lying down (controlled)
1789493410.0859807,21156,Person E,1903.8,2807.7,320.0,3398.69,33.99,True,Active,shazia,None,Normal,5: Lying down (controlled)
1789493410.1797266,21157,Person E,1901.9,2811.4,240.0,3403.42,34.02,True,Active,shazia,None,Normal,5: Lying down (controlled)
1789493410.242223,21158,Person E,1901.0,2814.7,160.0,3406.78,34.1,True,Active,shazia,None,Normal,5: Lying down (controlled)
1789493410.3203397,21159,Person E,1901.0,2817.1,-80.0,3407.9,34.13,True,Active,shazia,None,Normal,5: Lying down (controlled)
1789493410.3984594,21160,Person E,1901.4,2819.0,-80.0,3407.58,34.03,True,Active,shazia,None,Normal,5: Lying down (controlled)
1789493410.4922023,21161,Person E,1902.1,2820.1,240.0,3407.01,33.96,True,Active,shazia,None,Normal,5: Lying down (controlled)
1789493410.6015718,21162,Person E,1902.6,2821.0,640.0,3405.06,33.94,True,Active,shazia,None,Normal,5: Lying down (controlled)
1789493410.6796896,21163,Person E,1903.0,2821.6,-80.0,3403.11,33.92,True,Active,shazia,None,Normal,5: Lying down (controlled)
1789493410.7578282,21164,Person E,1902.7,2822.3,-80.0,3401.99,33.83,True,Active,shazia,None,Normal,5: Lying down (controlled)
1789493410.8672,21165,Person E,1901.2,2823.4,0.0,3396.99,33.64,True,Active,shazia,None,Normal,5: Lying down (controlled)
1789493410.9452991,21166,Person E,1898.4,2824.4,640.0,3391.46,33.5,True,Active,shazia,None,Normal,5: Lying down (controlled)
1789493411.0390422,21167,Person E,1895.2,2824.8,320.0,3388.95,33.53,True,Active,shazia,None,Normal,5: Lying down (controlled)
1789493411.1015384,21168,Person E,1891.8,2825.3,320.0,3392.0,33.58,True,Active,shazia,None,Normal,5: Lying down (controlled)
1789493411.195282,21169,Person E,1889.1,2825.7,320.0,3396.15,33.71,True,Active,shazia,None,Normal,5: Lying down (controlled)
1789493411.2734196,21170,Person E,1887.7,2825.6,160.0,3398.94,33.84,True,Active,shazia,None,Normal,5: Lying down (controlled)
1789493411.3671625,21171,Person E,1887.1,2825.0,160.0,3398.68,33.93,True,Active,shazia,None,Normal,5: Lying down (controlled)
1789493411.460889,21172,Person E,1886.5,2824.6,-80.0,3398.39,33.89,True,Active,shazia,None,Normal,5: Lying down (controlled)
1789493411.539005,21173,Person E,1886.1,2824.7,240.0,3401.71,33.85,True,Active,shazia,None,Normal,5: Lying down (controlled)
1789493411.6171253,21174,Person E,1886.1,2824.6,640.0,3401.16,33.84,True,Active,shazia,None,Normal,5: Lying down (controlled)
1789493411.7108874,21175,Person E,1887.4,2824.4,320.0,3402.54,33.84,True,Active,shazia,None,Normal,5: Lying down (controlled)
1789493411.8046324,21176,Person E,1890.1,2824.2,320.0,3404.77,33.9,True,Active,shazia,None,Normal,5: Lying down (controlled)
1789493411.8983555,21177,Person E,1893.6,2824.1,240.0,3407.58,34.03,True,Active,shazia,None,Normal,5: Lying down (controlled)
1789493411.97648,21178,Person E,1897.1,2823.7,160.0,3408.17,34.11,True,Active,shazia,None,Normal,5: Lying down (controlled)
1789493412.0545979,21179,Person E,1899.5,2823.1,160.0,3404.56,34.11,True,Active,shazia,None,Normal,5: Lying down (controlled)
1789493412.179586,21180,Person E,1901.0,2822.7,320.0,3404.0,34.09,True,Active,shazia,None,Normal,5: Lying down (controlled)
1789493412.2577064,21181,Person E,1902.8,2822.5,320.0,3407.1,34.2,True,Active,shazia,None,Normal,5: Lying down (controlled)
1789493412.3514526,21182,Person E,1905.2,2821.8,160.0,3406.05,34.29,True,Active,shazia,None,Normal,5: Lying down (controlled)
1789493412.429572,21183,Person E,1907.8,2820.5,160.0,3405.52,34.34,True,Active,shazia,None,Normal,5: Lying down (controlled)
1789493412.5076888,21184,Person E,1910.4,2819.1,-80.0,3404.13,34.33,True,Active,shazia,None,Normal,5: Lying down (controlled)
1789493412.6014326,21185,Person E,1913.0,2817.8,240.0,3406.35,34.33,True,Active,shazia,None,Normal,5: Lying down (controlled)
1789493412.6951752,21186,Person E,1915.3,2816.4,640.0,3406.09,34.35,True,Active,shazia,None,Normal,5: Lying down (controlled)
1789493412.7889228,21187,Person E,1916.9,2815.3,320.0,3407.48,34.36,True,Active,shazia,None,Normal,5: Lying down (controlled)
1789493412.8670392,21188,Person E,1917.9,2814.6,-80.0,3408.0,34.31,True,Active,shazia,None,Normal,5: Lying down (controlled)
1789493412.9608023,21189,Person E,1918.2,2814.9,-80.0,3408.73,34.12,True,Active,shazia,None,Normal,5: Lying down (controlled)
1789493413.0701697,21190,Person E,1917.7,2815.9,160.0,3409.49,33.93,True,Active,shazia,None,Normal,5: Lying down (controlled)
1789493413.1482685,21191,Person E,1915.7,2817.2,160.0,3406.7,33.8,True,Active,shazia,None,Normal,5: Lying down (controlled)
1789493413.2420173,21192,Person E,1913.0,2819.0,320.0,3405.86,33.75,True,Active,shazia,None,Normal,5: Lying down (controlled)
1789493413.3201358,21193,Person E,1910.7,2821.0,320.0,3409.2,33.83,True,Active,shazia,None,Normal,5: Lying down (controlled)
1789493413.3982737,21194,Person E,1909.1,2823.0,-80.0,3411.71,33.92,True,Active,shazia,None,Normal,5: Lying down (controlled)
1789493413.4920154,21195,Person E,1907.1,2824.8,-80.0,3410.04,33.88,True,Active,shazia,None,Normal,5: Lying down (controlled)
1789493413.6013837,21196,Person E,1904.6,2826.9,-80.0,3409.47,33.81,True,Active,shazia,None,Normal,5: Lying down (controlled)
1789493413.6794863,21197,Person E,1902.0,2829.1,240.0,3411.13,33.79,True,Active,shazia,None,Normal,5: Lying down (controlled)
1789493413.757622,21198,Person E,1899.7,2831.1,640.0,3411.69,33.8,True,Active,shazia,None,Normal,5: Lying down (controlled)
1789493413.8357422,21199,Person E,1898.5,2832.4,320.0,3412.8,33.83,True,Active,shazia,None,Normal,5: Lying down (controlled)
1789493413.929486,21200,Person E,1898.3,2833.2,-80.0,3415.02,33.83,True,Active,shazia,None,Normal,5: Lying down (controlled)
1789493414.0232098,21201,Person E,1899.4,2833.7,320.0,3416.98,33.9,True,Active,shazia,None,Normal,5: Lying down (controlled)
1789493414.116956,21202,Person E,1901.0,2833.9,160.0,3416.43,33.95,True,Active,shazia,None,Normal,5: Lying down (controlled)
1789493414.1950927,21203,Person E,1901.7,2833.8,160.0,3412.27,33.94,True,Active,shazia,None,Normal,5: Lying down (controlled)
1789493414.3200834,21204,Person E,1901.8,2833.6,320.0,3410.61,33.96,True,Active,shazia,None,Normal,5: Lying down (controlled)
1789493414.3825798,21205,Person E,1903.0,2833.0,320.0,3411.77,34.1,True,Active,shazia,None,Normal,5: Lying down (controlled)
1789493414.4919467,21206,Person E,1905.1,2831.8,160.0,3411.27,34.21,True,Active,shazia,None,Normal,5: Lying down (controlled)
1789493414.5856705,21207,Person E,1907.4,2830.1,160.0,3409.92,34.27,True,Active,shazia,None,Normal,5: Lying down (controlled)
1789493414.6638107,21208,Person E,1910.0,2827.8,320.0,3407.22,34.38,True,Active,shazia,None,Normal,5: Lying down (controlled)
1789493414.757553,21209,Person E,1912.7,2825.3,240.0,3407.26,34.44,True,Active,shazia,None,Normal,5: Lying down (controlled)
1789493414.9293993,21210,Person E,1915.3,2822.4,640.0,3405.61,34.46,True,Active,shazia,None,Normal,5: Lying down (controlled)
1789493415.0231411,21211,Person E,1916.9,2819.8,-80.0,3404.44,34.37,True,Active,shazia,None,Normal,5: Lying down (controlled)
1789493415.1168873,21212,Person E,1917.4,2817.6,-80.0,3401.02,34.23,True,Active,shazia,None,Normal,5: Lying down (controlled)
1789493415.1950245,21213,Person E,1917.3,2815.8,240.0,3396.79,34.09,True,Active,shazia,None,Normal,5: Lying down (controlled)
1789493415.273144,21214,Person E,1916.8,2814.3,160.0,3395.38,34.03,True,Active,shazia,None,Normal,5: Lying down (controlled)
1789493415.351263,21215,Person E,1914.8,2813.1,160.0,3390.64,33.94,True,Active,shazia,None,Normal,5: Lying down (controlled)
1789493415.4606102,21216,Person E,1912.1,2812.3,320.0,3389.52,33.91,True,Active,shazia,None,Normal,5: Lying down (controlled)
1789493415.5387294,21217,Person E,1909.9,2811.6,320.0,3391.77,34.03,True,Active,shazia,None,Normal,5: Lying down (controlled)
1789493415.6168504,21218,Person E,1908.2,2811.5,-80.0,3396.82,34.15,True,Active,shazia,None,Normal,5: Lying down (controlled)
1789493415.6949725,21219,Person E,1906.7,2811.5,-160.0,3398.8,34.23,True,Active,shazia,None,Normal,5: Lying down (controlled)
1789493415.773109,21220,Person E,1904.9,2811.7,-80.0,3397.11,34.19,True,Active,shazia,None,Normal,5: Lying down (controlled)
1789493415.8668337,21221,Person E,1903.5,2812.0,240.0,3399.03,34.15,True,Active,shazia,None,Normal,5: Lying down (controlled)
1789493415.960576,21222,Person E,1903.0,2812.0,640.0,3398.21,34.16,True,Active,shazia,None,Normal,5: Lying down (controlled)
1789493416.0387154,21223,Person E,1903.4,2811.9,320.0,3398.21,34.16,True,Active,shazia,None,Normal,5: Lying down (controlled)
1789493416.1168358,21224,Person E,1904.4,2811.8,320.0,3400.16,34.18,True,Active,shazia,None,Normal,5: Lying down (controlled)
1789493416.194955,21225,Person E,1906.7,2811.7,240.0,3402.7,34.27,True,Active,shazia,None,Normal,5: Lying down (controlled)
1789493416.2887003,21226,Person E,1909.5,2811.6,160.0,3404.39,34.31,True,Active,shazia,None,Normal,5: Lying down (controlled)
1789493416.3824224,21227,Person E,1911.4,2811.6,160.0,3402.44,34.29,True,Active,shazia,None,Normal,5: Lying down (controlled)
1789493416.476185,21228,Person E,1912.5,2811.6,320.0,3403.01,34.31,True,Active,shazia,None,Normal,5: Lying down (controlled)
1789493416.5386822,21229,Person E,1913.6,2811.8,320.0,3406.65,34.37,True,Active,shazia,None,Normal,5: Lying down (controlled)
1789493416.6167812,21230,Person E,1915.3,2811.9,160.0,3407.52,34.42,True,Active,shazia,None,Normal,5: Lying down (controlled)
1789493416.7105293,21231,Person E,1917.2,2811.5,160.0,3406.44,34.45,True,Active,shazia,None,Normal,5: Lying down (controlled)
1789493416.8042688,21232,Person E,1918.7,2811.4,-80.0,3405.83,34.38,True,Active,shazia,None,Normal,5: Lying down (controlled)
1789493416.882391,21233,Person E,1920.1,2811.7,240.0,3408.56,34.32,True,Active,shazia,None,Normal,5: Lying down (controlled)
1789493416.9605076,21234,Person E,1921.1,2812.0,640.0,3408.26,34.29,True,Active,shazia,None,Normal,5: Lying down (controlled)
1789493417.0542521,21235,Person E,1921.4,2812.1,160.0,3405.22,34.3,True,Active,shazia,None,Normal,5: Lying down (controlled)
1789493417.1480143,21236,Person E,1921.1,2812.0,-160.0,3401.88,34.28,True,Active,shazia,None,Normal,5: Lying down (controlled)
1789493417.241758,21237,Person E,1920.6,2812.2,-80.0,3401.28,34.2,True,Active,shazia,None,Normal,5: Lying down (controlled)
1789493417.3198586,21238,Person E,1919.7,2812.7,160.0,3402.08,34.13,True,Active,shazia,None,Normal,5: Lying down (controlled)
1789493417.4136214,21239,Person E,1917.7,2813.2,560.0,3399.54,34.04,True,Active,shazia,None,Normal,5: Lying down (controlled)
1789493417.491721,21240,Person E,1915.1,2814.0,320.0,3399.52,33.98,True,Active,shazia,None,Normal,5: Lying down (controlled)
1789493417.6010888,21241,Person E,1912.8,2815.2,320.0,3403.42,34.02,True,Active,shazia,None,Normal,5: Lying down (controlled)
1789493417.6948328,21242,Person E,1911.8,2816.0,160.0,3406.81,34.16,True,Active,shazia,None,Normal,5: Lying down (controlled)
1789493417.7729712,21243,Person E,1911.6,2816.1,160.0,3408.26,34.29,True,Active,shazia,None,Normal,5: Lying down (controlled)
1789493417.8666985,21244,Person E,1911.7,2816.3,-80.0,3410.48,34.28,True,Active,shazia,None,Normal,5: Lying down (controlled)
1789493417.9448347,21245,Person E,1912.3,2817.0,320.0,3414.39,34.32,True,Active,shazia,None,Normal,5: Lying down (controlled)
1789493418.0542018,21246,Person E,1913.8,2817.9,320.0,3417.77,34.4,True,Active,shazia,None,Normal,5: Lying down (controlled)
1789493418.1479259,21247,Person E,1916.0,2818.3,160.0,3416.99,34.47,True,Active,shazia,None,Normal,5: Lying down (controlled)
1789493418.2260485,21248,Person E,1918.3,2818.3,-80.0,3415.04,34.45,True,Active,shazia,None,Normal,5: Lying down (controlled)
1789493418.3041859,21249,Person E,1920.7,2818.2,-80.0,3412.21,34.38,True,Active,shazia,None,Normal,5: Lying down (controlled)
1789493418.382285,21250,Person E,1923.3,2818.1,240.0,3413.3,34.35,True,Active,shazia,None,Normal,5: Lying down (controlled)
1789493418.4760313,21251,Person E,1925.3,2817.9,640.0,3413.0,34.31,True,Active,shazia,None,Normal,5: Lying down (controlled)
1789493418.5697746,21252,Person E,1926.4,2817.9,320.0,3413.0,34.31,True,Active,shazia,None,Normal,5: Lying down (controlled)
1789493418.6479113,21253,Person E,1926.6,2818.1,-80.0,3411.04,34.3,True,Active,shazia,None,Normal,5: Lying down (controlled)
1789493418.741655,21254,Person E,1925.4,2818.1,-80.0,3403.73,34.11,True,Active,shazia,None,Normal,5: Lying down (controlled)
1789493418.8353803,21255,Person E,1922.5,2817.8,160.0,3395.63,33.94,True,Active,shazia,None,Normal,5: Lying down (controlled)
1789493418.9291253,21256,Person E,1919.0,2816.8,320.0,3389.83,34.01,True,Active,shazia,None,Normal,5: Lying down (controlled)
1789493419.0385098,21257,Person E,1915.6,2815.7,320.0,3388.75,34.1,True,Active,shazia,None,Normal,5: Lying down (controlled)
1789493419.101008,21258,Person E,1913.2,2814.5,320.0,3391.59,34.23,True,Active,shazia,None,Normal,5: Lying down (controlled)
1789493419.1947296,21259,Person E,1911.9,2813.1,160.0,3393.32,34.34,True,Active,shazia,None,Normal,5: Lying down (controlled)
1789493419.2728488,21260,Person E,1911.1,2811.3,160.0,3393.92,34.41,True,Active,shazia,None,Normal,5: Lying down (controlled)
1789493419.3822367,21261,Person E,1910.5,2809.4,-80.0,3393.92,34.41,True,Active,shazia,None,Normal,5: Lying down (controlled)
1789493419.4759629,21262,Person E,1910.0,2807.9,240.0,3397.79,34.39,True,Active,shazia,None,Normal,5: Lying down (controlled)
1789493419.5540795,21263,Person E,1909.7,2806.6,160.0,3398.62,34.38,True,Active,shazia,None,Normal,5: Lying down (controlled)
1789493419.6322184,21264,Person E,1910.2,2805.6,-80.0,3398.27,34.28,True,Active,shazia,None,Normal,5: Lying down (controlled)
1789493419.7103186,21265,Person E,1911.1,2804.8,-80.0,3394.04,34.14,True,Active,shazia,None,Normal,5: Lying down (controlled)
1789493419.8196893,21266,Person E,1911.2,2804.9,-80.0,3391.21,34.01,True,Active,shazia,None,Normal,5: Lying down (controlled)
1789493419.929055,21267,Person E,1910.5,2805.5,160.0,3389.81,33.95,True,Active,shazia,None,Normal,5: Lying down (controlled)
1789493419.9915688,21268,Person E,1908.5,2806.1,160.0,3385.36,33.9,True,Active,shazia,None,Normal,5: Lying down (controlled)
1789493420.0853133,21269,Person E,1905.8,2806.7,320.0,3383.14,33.9,True,Active,shazia,None,Normal,5: Lying down (controlled)
1789493420.163413,21270,Person E,1903.7,2807.3,320.0,3387.07,34.06,True,Active,shazia,None,Normal,5: Lying down (controlled)
1789493420.257159,21271,Person E,1902.4,2807.7,160.0,3389.9,34.19,True,Active,shazia,None,Normal,5: Lying down (controlled)
1789493420.3665245,21272,Person E,1901.5,2807.4,160.0,3390.24,34.29,True,Active,shazia,None,Normal,5: Lying down (controlled)
1789493420.4915192,21273,Person E,1900.7,2807.1,-80.0,3391.63,34.29,True,Active,shazia,None,Normal,5: Lying down (controlled)
1789493420.6009023,21274,Person E,1900.7,2807.0,240.0,3397.45,34.29,True,Active,shazia,None,Normal,5: Lying down (controlled)
1789493420.6790051,21275,Person E,1901.8,2807.0,640.0,3400.23,34.3,True,Active,shazia,None,Normal,5: Lying down (controlled)
1789493420.7727487,21276,Person E,1903.8,2806.5,160.0,3398.31,34.34,True,Active,shazia,None,Normal,5: Lying down (controlled)
1789493420.8508644,21277,Person E,1906.3,2805.6,320.0,3396.4,34.38,True,Active,shazia,None,Normal,5: Lying down (controlled)
1789493420.9446282,21278,Person E,1909.0,2804.9,-80.0,3394.71,34.34,True,Active,shazia,None,Normal,5: Lying down (controlled)
1789493421.022748,21279,Person E,1912.0,2804.5,160.0,3396.66,34.36,True,Active,shazia,None,Normal,5: Lying down (controlled)
1789493421.1008685,21280,Person E,1913.8,2804.3,640.0,3395.53,34.33,True,Active,shazia,None,Normal,5: Lying down (controlled)
1789493421.1945915,21281,Person E,1915.0,2804.4,320.0,3397.49,34.35,True,Active,shazia,None,Normal,5: Lying down (controlled)
1789493421.2883556,21282,Person E,1915.6,2805.1,-80.0,3399.4,34.31,True,Active,shazia,None,Normal,5: Lying down (controlled)
1789493421.3820982,21283,Person E,1916.3,2805.6,160.0,3399.7,34.34,True,Active,shazia,None,Normal,5: Lying down (controlled)
1789493421.4602187,21284,Person E,1916.7,2805.6,160.0,3399.7,34.34,True,Active,shazia,None,Normal,5: Lying down (controlled)
1789493421.569567,21285,Person E,1916.5,2805.5,-80.0,3398.27,34.28,True,Active,shazia,None,Normal,5: Lying down (controlled)
1789493421.663313,21286,Person E,1916.0,2805.8,320.0,3397.97,34.24,True,Active,shazia,None,Normal,5: Lying down (controlled)
1789493421.725805,21287,Person E,1916.1,2806.2,320.0,3400.27,34.36,True,Active,shazia,None,Normal,5: Lying down (controlled)
1789493421.8195488,21288,Person E,1917.1,2806.4,160.0,3402.01,34.46,True,Active,shazia,None,Normal,5: Lying down (controlled)
1789493421.897669,21289,Person E,1917.6,2806.4,-80.0,3399.49,34.43,True,Active,shazia,None,Normal,5: Lying down (controlled)
1789493421.9757884,21290,Person E,1917.1,2806.8,80.0,3396.02,34.22,True,Active,shazia,None,Normal,5: Lying down (controlled)
1789493422.069532,21291,Person E,1915.0,2807.5,240.0,3391.48,33.99,True,Active,shazia,None,Normal,5: Lying down (controlled)
1789493422.147651,21292,Person E,1912.3,2808.0,160.0,3388.41,33.88,True,Active,shazia,None,Normal,5: Lying down (controlled)
1789493422.2257738,21293,Person E,1908.7,2809.1,-80.0,3388.66,33.74,True,Active,shazia,None,Normal,5: Lying down (controlled)
1789493422.3195338,21294,Person E,1904.2,2810.7,-80.0,3387.84,33.56,True,Active,shazia,None,Normal,5: Lying down (controlled)
1789493422.397654,21295,Person E,1896.8,2814.3,-80.0,3387.32,32.9,True,Active,shazia,None,Normal,5: Lying down (controlled)
1789493422.5070019,21296,Person E,1887.0,2819.5,160.0,3387.61,32.38,True,Active,shazia,None,Normal,5: Lying down (controlled)
1789493422.6007643,21297,Person E,1875.1,2824.8,160.0,3379.29,32.19,True,Active,shazia,None,Normal,5: Lying down (controlled)
1789493422.678884,21298,Person E,1862.7,2830.3,320.0,3379.82,32.2,True,Active,shazia,None,Normal,5: Lying down (controlled)
1789493422.757004,21299,Person E,1851.6,2835.6,320.0,3382.63,32.37,True,Active,shazia,None,Normal,5: Lying down (controlled)
1789493422.8351235,21300,Person E,1842.6,2839.9,160.0,3382.4,32.55,True,Active,shazia,None,Normal,5: Lying down (controlled)
1789493422.9288504,21301,Person E,1835.6,2843.4,160.0,3382.26,32.68,True,Active,shazia,None,Normal,5: Lying down (controlled)
1789493423.0225904,21302,Person E,1829.4,2846.2,-160.0,3377.75,32.74,True,Active,shazia,None,Normal,5: Lying down (controlled)
1789493423.1163373,21303,Person E,1824.2,2848.4,240.0,3378.54,32.8,True,Active,shazia,None,Normal,5: Lying down (controlled)
1789493423.194474,21304,Person E,1819.8,2849.8,160.0,3375.47,32.81,True,Active,shazia,None,Normal,5: Lying down (controlled)
1789493423.288218,21305,Person E,1818.2,2849.1,-80.0,3372.77,32.74,True,Active,shazia,None,Normal,5: Lying down (controlled)
1789493423.3975658,21306,Person E,1818.2,2847.0,-80.0,3369.9,32.57,True,Active,shazia,None,Normal,5: Lying down (controlled)
1789493423.4600642,21307,Person E,1818.5,2845.3,-80.0,3366.52,32.38,True,Active,shazia,None,Normal,5: Lying down (controlled)
1789493423.5538242,21308,Person E,1815.5,2844.7,-80.0,3358.83,31.82,True,Active,shazia,None,Normal,5: Lying down (controlled)
1789493423.631944,21309,Person E,1809.3,2845.5,-80.0,3356.67,31.4,True,Active,shazia,None,Normal,5: Lying down (controlled)
1789493423.725668,21310,Person E,1801.7,2847.5,-80.0,3359.19,31.28,True,Active,shazia,None,Normal,5: Lying down (controlled)
1789493423.8194149,21311,Person E,1794.0,2850.0,320.0,3362.65,31.34,True,Active,shazia,None,Normal,5: Lying down (controlled)
1789493423.913158,21312,Person E,1786.7,2853.3,-80.0,3366.96,31.4,True,Active,shazia,None,Normal,5: Lying down (controlled)
1789493423.9912953,21313,Person E,1779.7,2856.4,160.0,3367.53,31.51,True,Active,shazia,None,Normal,5: Lying down (controlled)
1789493424.0694134,21314,Person E,1773.1,2859.5,80.0,3366.54,31.58,True,Active,shazia,None,Normal,5: Lying down (controlled)
1789493424.1631384,21315,Person E,1767.6,2862.6,240.0,3369.69,31.67,True,Active,shazia,None,Normal,5: Lying down (controlled)
1789493424.272525,21316,Person E,1764.1,2865.2,320.0,3373.25,31.83,True,Active,shazia,None,Normal,5: Lying down (controlled)
1789493424.3506253,21317,Person E,1762.6,2866.8,160.0,3372.07,32.02,True,Active,shazia,None,Normal,5: Lying down (controlled)
1789493424.444369,21318,Person E,1765.1,2866.8,160.0,3372.08,32.18,True,Active,shazia,None,Normal,5: Lying down (controlled)
1789493424.522488,21319,Person E,1769.9,2865.5,-80.0,3370.92,32.21,True,Active,shazia,None,Normal,5: Lying down (controlled)
1789493424.6162357,21320,Person E,1775.7,2863.6,240.0,3373.59,32.29,True,Active,shazia,None,Normal,5: Lying down (controlled)
1789493424.7412424,21321,Person E,1781.2,2861.3,160.0,3372.12,32.34,True,Active,shazia,None,Normal,5: Lying down (controlled)
1789493424.8037186,21322,Person E,1786.8,2858.7,320.0,3374.49,32.44,True,Active,shazia,None,Normal,5: Lying down (controlled)
1789493424.9131057,21323,Person E,1792.5,2856.4,320.0,3378.25,32.54,True,Active,shazia,None,Normal,5: Lying down (controlled)
1789493424.991226,21324,Person E,1798.9,2854.2,240.0,3381.96,32.7,True,Active,shazia,None,Normal,5: Lying down (controlled)
1789493425.069345,21325,Person E,1805.4,2851.7,160.0,3383.22,32.83,True,Active,shazia,None,Normal,5: Lying down (controlled)
1789493425.1787124,21326,Person E,1811.3,2849.3,-80.0,3384.55,32.89,True,Active,shazia,None,Normal,5: Lying down (controlled)
1789493425.2568173,21327,Person E,1815.9,2847.6,-80.0,3382.38,32.83,True,Active,shazia,None,Normal,5: Lying down (controlled)
1789493425.3349514,21328,Person E,1819.5,2846.5,320.0,3382.14,32.8,True,Active,shazia,None,Normal,5: Lying down (controlled)
1789493425.413052,21329,Person E,1823.4,2845.1,160.0,3380.11,32.9,True,Active,shazia,None,Normal,5: Lying down (controlled)
1789493425.4911716,21330,Person E,1827.1,2843.2,160.0,3377.54,32.99,True,Active,shazia,None,Normal,5: Lying down (controlled)
1789493425.6005387,21331,Person E,1830.4,2841.5,-80.0,3375.62,32.97,True,Active,shazia,None,Normal,5: Lying down (controlled)
1789493425.6943018,21332,Person E,1832.6,2840.0,-80.0,3373.74,32.89,True,Active,shazia,None,Normal,5: Lying down (controlled)
1789493425.7724214,21333,Person E,1833.8,2838.4,160.0,3371.27,32.86,True,Active,shazia,None,Normal,5: Lying down (controlled)
1789493425.8817694,21334,Person E,1834.0,2837.0,-80.0,3371.27,32.86,True,Active,shazia,None,Normal,5: Lying down (controlled)
1789493426.0536373,21335,Person E,1833.2,2836.0,-80.0,3370.48,32.8,True,Active,shazia,None,Normal,5: Lying down (controlled)
1789493426.163005,21336,Person E,1831.8,2835.2,240.0,3370.24,32.77,True,Active,shazia,None,Normal,5: Lying down (controlled)
1789493426.2567475,21337,Person E,1831.4,2834.2,160.0,3371.81,32.87,True,Active,shazia,None,Normal,5: Lying down (controlled)
1789493426.3348832,21338,Person E,1831.5,2832.9,160.0,3371.76,32.93,True,Active,shazia,None,Normal,5: Lying down (controlled)
1789493426.4130027,21339,Person E,1831.8,2832.0,320.0,3374.19,33.03,True,Active,shazia,None,Normal,5: Lying down (controlled)
1789493426.4911227,21340,Person E,1832.4,2831.7,320.0,3378.3,33.1,True,Active,shazia,None,Normal,5: Lying down (controlled)
1789493426.5848475,21341,Person E,1834.2,2831.3,160.0,3382.1,33.26,True,Active,shazia,None,Normal,5: Lying down (controlled)
1789493426.6786094,21342,Person E,1837.2,2830.5,160.0,3383.44,33.39,True,Active,shazia,None,Normal,5: Lying down (controlled)
1789493426.7567294,21343,Person E,1840.4,2829.9,-80.0,3383.73,33.37,True,Active,shazia,None,Normal,5: Lying down (controlled)
1789493426.8348482,21344,Person E,1842.9,2829.6,-80.0,3382.39,33.24,True,Active,shazia,None,Normal,5: Lying down (controlled)
1789493426.9129682,21345,Person E,1845.1,2829.5,320.0,3381.62,33.13,True,Active,shazia,None,Normal,5: Lying down (controlled)
1789493427.022316,21346,Person E,1847.3,2829.0,160.0,3378.01,33.13,True,Active,shazia,None,Normal,5: Lying down (controlled)
1789493427.116079,21347,Person E,1849.0,2828.5,160.0,3376.88,33.16,True,Active,shazia,None,Normal,5: Lying down (controlled)
1789493427.178559,21348,Person E,1851.0,2827.9,320.0,3377.66,33.27,True,Active,shazia,None,Normal,5: Lying down (controlled)
1789493427.2566752,21349,Person E,1853.0,2827.6,240.0,3382.63,33.34,True,Active,shazia,None,Normal,5: Lying down (controlled)
1789493427.334794,21350,Person E,1854.8,2827.1,640.0,3383.99,33.4,True,Active,shazia,None,Normal,5: Lying down (controlled)
1789493427.4441652,21351,Person E,1856.1,2826.7,320.0,3385.91,33.48,True,Active,shazia,None,Normal,5: Lying down (controlled)
1789493427.5222812,21352,Person E,1857.3,2826.7,320.0,3390.06,33.56,True,Active,shazia,None,Normal,5: Lying down (controlled)
1789493427.600402,21353,Person E,1859.6,2826.4,240.0,3393.93,33.72,True,Active,shazia,None,Normal,5: Lying down (controlled)
1789493427.6785405,21354,Person E,1863.3,2825.6,160.0,3396.16,33.84,True,Active,shazia,None,Normal,5: Lying down (controlled)
1789493427.7566407,21355,Person E,1867.5,2824.6,-80.0,3396.44,33.81,True,Active,shazia,None,Normal,5: Lying down (controlled)
1789493427.8503888,21356,Person E,1872.1,2824.1,320.0,3399.21,33.82,True,Active,shazia,None,Normal,5: Lying down (controlled)
1789493427.9285066,21357,Person E,1877.2,2823.7,320.0,3401.73,33.91,True,Active,shazia,None,Normal,5: Lying down (controlled)
1789493428.0066266,21358,Person E,1882.1,2823.3,160.0,3401.47,34.0,True,Active,shazia,None,Normal,5: Lying down (controlled)
1789493428.100387,21359,Person E,1886.3,2822.5,-80.0,3399.25,34.0,True,Active,shazia,None,Normal,5: Lying down (controlled)
1789493428.1785066,21360,Person E,1889.8,2821.8,-80.0,3397.58,33.96,True,Active,shazia,None,Normal,5: Lying down (controlled)
1789493428.2878735,21361,Person E,1892.8,2821.5,240.0,3400.07,33.93,True,Active,shazia,None,Normal,5: Lying down (controlled)
1789493428.3503501,21362,Person E,1895.1,2821.1,160.0,3399.51,33.92,True,Active,shazia,None,Normal,5: Lying down (controlled)
1789493428.4441133,21363,Person E,1896.6,2820.9,320.0,3400.62,33.95,True,Active,shazia,None,Normal,5: Lying down (controlled)
1789493428.5222135,21364,Person E,1897.4,2820.7,-80.0,3398.96,33.97,True,Active,shazia,None,Normal,5: Lying down (controlled)
1789493428.6159565,21365,Person E,1898.6,2820.1,240.0,3398.16,34.04,True,Active,shazia,None,Normal,5: Lying down (controlled)
1789493428.725327,21366,Person E,1899.9,2819.1,160.0,3398.18,34.1,True,Active,shazia,None,Normal,5: Lying down (controlled)
1789493428.803463,21367,Person E,1900.5,2818.4,-80.0,3399.28,34.06,True,Active,shazia,None,Normal,5: Lying down (controlled)
1789493428.8972068,21368,Person E,1901.0,2818.2,320.0,3402.61,34.09,True,Active,shazia,None,Normal,5: Lying down (controlled)
1789493428.9753277,21369,Person E,1902.3,2818.2,320.0,3406.54,34.18,True,Active,shazia,None,Normal,5: Lying down (controlled)
1789493429.0534463,21370,Person E,1904.3,2817.9,160.0,3406.31,34.27,True,Active,shazia,None,Normal,5: Lying down (controlled)
1789493429.1627939,21371,Person E,1906.5,2817.1,160.0,3405.78,34.32,True,Active,shazia,None,Normal,5: Lying down (controlled)
1789493429.2565415,21372,Person E,1909.1,2816.0,320.0,3405.0,34.39,True,Active,shazia,None,Normal,5: Lying down (controlled)
1789493429.3346574,21373,Person E,1911.9,2815.1,240.0,3408.91,34.42,True,Active,shazia,None,Normal,5: Lying down (controlled)
1789493429.4127967,21374,Person E,1914.8,2814.4,160.0,3409.48,34.44,True,Active,shazia,None,Normal,5: Lying down (controlled)
1789493429.5065403,21375,Person E,1917.4,2814.1,320.0,3410.3,34.43,True,Active,shazia,None,Normal,5: Lying down (controlled)
1789493429.6159077,21376,Person E,1919.9,2813.9,320.0,3410.61,34.46,True,Active,shazia,None,Normal,5: Lying down (controlled)
1789493429.6940107,21377,Person E,1923.1,2813.4,240.0,3413.18,34.56,True,Active,shazia,None,Normal,5: Lying down (controlled)
1789493429.772148,21378,Person E,1926.4,2812.6,160.0,3414.63,34.62,True,Active,shazia,None,Normal,5: Lying down (controlled)
1789493429.8658903,21379,Person E,1928.8,2811.6,160.0,3411.85,34.61,True,Active,shazia,None,Normal,5: Lying down (controlled)
1789493429.9596355,21380,Person E,1930.8,2810.9,320.0,3411.85,34.61,True,Active,shazia,None,Normal,5: Lying down (controlled)
1789493430.053377,21381,Person E,1933.0,2810.4,320.0,3414.12,34.67,True,Active,shazia,None,Normal,5: Lying down (controlled)
1789493430.1471045,21382,Person E,1935.2,2809.9,160.0,3413.36,34.74,True,Active,shazia,None,Normal,5: Lying down (controlled)
1789493430.2252245,21383,Person E,1937.1,2809.0,160.0,3412.29,34.77,True,Active,shazia,None,Normal,5: Lying down (controlled)
1789493430.303341,21384,Person E,1939.3,2807.7,320.0,3411.29,34.86,True,Active,shazia,None,Normal,5: Lying down (controlled)
1789493430.3970847,21385,Person E,1941.7,2806.1,-80.0,3410.79,34.91,True,Active,shazia,None,Normal,5: Lying down (controlled)
1789493430.490848,21386,Person E,1943.8,2804.4,640.0,3408.58,34.92,True,Active,shazia,None,Normal,5: Lying down (controlled)
1789493430.6002147,21387,Person E,1944.5,2802.8,80.0,3404.01,34.81,True,Active,shazia,None,Normal,5: Lying down (controlled)
1789493430.6783185,21388,Person E,1943.6,2801.6,-80.0,3399.64,34.61,True,Active,shazia,None,Normal,5: Lying down (controlled)
1789493430.7720587,21389,Person E,1941.3,2800.9,320.0,3393.06,34.36,True,Active,shazia,None,Normal,5: Lying down (controlled)
1789493430.8501976,21390,Person E,1938.0,2800.2,640.0,3387.42,34.22,True,Active,shazia,None,Normal,5: Lying down (controlled)
1789493430.943943,21391,Person E,1933.2,2800.0,-80.0,3385.39,34.02,True,Active,shazia,None,Normal,5: Lying down (controlled)
1789493431.0376658,21392,Person E,1926.8,2801.3,320.0,3388.11,33.72,True,Active,shazia,None,Normal,5: Lying down (controlled)
1789493431.1158042,21393,Person E,1921.0,2802.8,320.0,3392.0,33.82,True,Active,shazia,None,Normal,5: Lying down (controlled)
1789493431.2095478,21394,Person E,1915.4,2804.5,160.0,3393.68,33.92,True,Active,shazia,None,Normal,5: Lying down (controlled)
1789493431.2876484,21395,Person E,1909.9,2806.4,160.0,3395.36,33.97,True,Active,shazia,None,Normal,5: Lying down (controlled)
1789493431.3970172,21396,Person E,1904.5,2808.6,-80.0,3396.19,33.96,True,Active,shazia,None,Normal,5: Lying down (controlled)
1789493431.475138,21397,Person E,1900.2,2810.9,320.0,3398.69,33.99,True,Active,shazia,None,Normal,5: Lying down (controlled)
1789493431.615755,21398,Person E,1897.2,2812.8,640.0,3398.42,34.01,True,Active,shazia,None,Normal,5: Lying down (controlled)
1789493431.7251382,21399,Person E,1895.5,2814.3,-80.0,3395.92,33.98,True,Active,shazia,None,Normal,5: Lying down (controlled)
1789493431.8032572,21400,Person E,1894.6,2815.6,-160.0,3393.14,33.97,True,Active,shazia,None,Normal,5: Lying down (controlled)
1789493431.8813622,21401,Person E,1894.0,2816.3,0.0,3387.85,33.87,True,Active,shazia,None,Normal,5: Lying down (controlled)
1789493431.975104,21402,Person E,1894.1,2815.7,160.0,3383.68,33.79,True,Active,shazia,None,Normal,5: Lying down (controlled)
1789493432.0532403,21403,Person E,1892.9,2814.9,160.0,3378.68,33.73,True,Active,shazia,None,Normal,5: Lying down (controlled)
1789493432.1313403,21404,Person E,1891.1,2814.3,320.0,3378.68,33.73,True,Active,shazia,None,Normal,5: Lying down (controlled)
1789493432.2094603,21405,Person E,1889.7,2813.6,320.0,3381.74,33.84,True,Active,shazia,None,Normal,5: Lying down (controlled)
1789493432.287582,21406,Person E,1889.1,2812.5,160.0,3383.71,33.98,True,Active,shazia,None,Normal,5: Lying down (controlled)
1789493432.3813262,21407,Person E,1888.7,2811.1,160.0,3384.85,34.07,True,Active,shazia,None,Normal,5: Lying down (controlled)
1789493432.4594462,21408,Person E,1888.1,2809.8,-80.0,3384.29,34.05,True,Active,shazia,None,Normal,5: Lying down (controlled)
1789493432.5532057,21409,Person E,1888.0,2808.6,320.0,3385.41,34.08,True,Active,shazia,None,Normal,5: Lying down (controlled)
1789493432.6781774,21410,Person E,1888.2,2807.4,640.0,3384.32,34.11,True,Active,shazia,None,Normal,5: Lying down (controlled)
1789493432.7563007,21411,Person E,1889.2,2805.9,160.0,3381.01,34.15,True,Active,shazia,None,Normal,5: Lying down (controlled)
1789493432.8656688,21412,Person E,1890.3,2804.3,-80.0,3376.55,34.1,True,Active,shazia,None,Normal,5: Lying down (controlled)
1789493432.9594111,21413,Person E,1891.0,2803.2,-80.0,3373.44,33.93,True,Active,shazia,None,Normal,5: Lying down (controlled)
1789493433.021907,21414,Person E,1890.8,2802.5,160.0,3371.75,33.77,True,Active,shazia,None,Normal,5: Lying down (controlled)
1789493433.1625197,21415,Person E,1889.5,2801.8,560.0,3368.69,33.72,True,Active,shazia,None,Normal,5: Lying down (controlled)
1789493433.2719061,21416,Person E,1887.5,2801.5,320.0,3370.08,33.72,True,Active,shazia,None,Normal,5: Lying down (controlled)
1789493433.3812578,21417,Person E,1885.2,2801.4,0.0,3371.19,33.75,True,Active,shazia,None,Normal,5: Lying down (controlled)
1789493433.4593737,21418,Person E,1883.3,2801.1,160.0,3371.2,33.81,True,Active,shazia,None,Normal,5: Lying down (controlled)
1789493433.521873,21419,Person E,1881.5,2800.5,160.0,3370.38,33.88,True,Active,shazia,None,Normal,5: Lying down (controlled)
1789493433.6000085,21420,Person E,1880.2,2799.7,320.0,3370.41,34.01,True,Active,shazia,None,Normal,5: Lying down (controlled)
1789493433.6937325,21421,Person E,1879.6,2799.0,320.0,3371.85,34.13,True,Active,shazia,None,Normal,5: Lying down (controlled)
1789493433.7874787,21422,Person E,1879.9,2798.3,640.0,3372.44,34.21,True,Active,shazia,None,Normal,5: Lying down (controlled)
1789493433.8655958,21423,Person E,1881.0,2797.4,-80.0,3372.14,34.17,True,Active,shazia,None,Normal,5: Lying down (controlled)
1789493433.943719,21424,Person E,1882.1,2796.6,-80.0,3371.24,34.0,True,Active,shazia,None,Normal,5: Lying down (controlled)
1789493434.0218353,21425,Person E,1882.8,2796.4,-80.0,3370.92,33.84,True,Active,shazia,None,Normal,5: Lying down (controlled)
1789493434.1155825,21426,Person E,1883.3,2796.3,160.0,3372.03,33.8,True,Active,shazia,None,Normal,5: Lying down (controlled)
1789493434.209322,21427,Person E,1883.3,2796.3,80.0,3371.19,33.75,True,Active,shazia,None,Normal,5: Lying down (controlled)
1789493434.2874613,21428,Person E,1882.5,2796.9,-80.0,3371.75,33.64,True,Active,shazia,None,Normal,5: Lying down (controlled)
1789493434.3655808,21429,Person E,1880.9,2797.8,0.0,3368.98,33.57,True,Active,shazia,None,Normal,5: Lying down (controlled)
1789493434.443701,21430,Person E,1878.8,2798.8,160.0,3367.03,33.61,True,Active,shazia,None,Normal,5: Lying down (controlled)
1789493434.5374246,21431,Person E,1875.8,2800.0,-80.0,3365.09,33.6,True,Active,shazia,None,Normal,5: Lying down (controlled)
1789493434.6467922,21432,Person E,1872.0,2801.4,-80.0,3362.88,33.54,True,Active,shazia,None,Normal,5: Lying down (controlled)
1789493434.7249312,21433,Person E,1868.3,2802.8,240.0,3363.16,33.52,True,Active,shazia,None,Normal,5: Lying down (controlled)
1789493434.8030312,21434,Person E,1865.7,2803.6,640.0,3363.43,33.55,True,Active,shazia,None,Normal,5: Lying down (controlled)
1789493434.8811512,21435,Person E,1863.7,2803.9,-80.0,3362.33,33.52,True,Active,shazia,None,Normal,5: Lying down (controlled)
1789493434.9748986,21436,Person E,1861.8,2803.7,-160.0,3359.83,33.55,True,Active,shazia,None,Normal,5: Lying down (controlled)
1789493435.0686378,21437,Person E,1860.7,2803.2,320.0,3360.93,33.64,True,Active,shazia,None,Normal,5: Lying down (controlled)
1789493435.1624014,21438,Person E,1860.5,2802.3,160.0,3363.15,33.7,True,Active,shazia,None,Normal,5: Lying down (controlled)
1789493435.2248979,21439,Person E,1861.0,2801.1,80.0,3361.76,33.76,True,Active,shazia,None,Normal,5: Lying down (controlled)
1789493435.3186212,21440,Person E,1861.8,2800.2,320.0,3363.99,33.81,True,Active,shazia,None,Normal,5: Lying down (controlled)
1789493435.4436316,21441,Person E,1863.5,2799.4,320.0,3367.89,33.91,True,Active,shazia,None,Normal,5: Lying down (controlled)
1789493435.5217354,21442,Person E,1866.2,2798.5,160.0,3370.41,34.01,True,Active,shazia,None,Normal,5: Lying down (controlled)
1789493435.5998714,21443,Person E,1869.2,2797.4,160.0,3370.7,34.04,True,Active,shazia,None,Normal,5: Lying down (controlled)
1789493435.6779914,21444,Person E,1872.1,2796.3,160.0,3370.43,34.07,True,Active,shazia,None,Normal,5: Lying down (controlled)
1789493435.7717211,21445,Person E,1874.7,2795.4,-80.0,3369.29,33.98,True,Active,shazia,None,Normal,5: Lying down (controlled)
1789493435.849834,21446,Person E,1877.0,2794.9,640.0,3368.45,33.93,True,Active,shazia,None,Normal,5: Lying down (controlled)
1789493435.9435813,21447,Person E,1878.1,2794.8,-80.0,3366.21,33.81,True,Active,shazia,None,Normal,5: Lying down (controlled)
1789493436.0216997,21448,Person E,1878.3,2795.1,320.0,3366.75,33.7,True,Active,shazia,None,Normal,5: Lying down (controlled)
1789493436.0998387,21449,Person E,1878.9,2795.5,320.0,3368.42,33.8,True,Active,shazia,None,Normal,5: Lying down (controlled)
1789493436.193563,21450,Person E,1879.6,2795.8,160.0,3370.38,33.88,True,Active,shazia,None,Normal,5: Lying down (controlled)
1789493436.3029475,21451,Person E,1879.8,2795.9,160.0,3369.83,33.93,True,Active,shazia,None,Normal,5: Lying down (controlled)
1789493436.381053,21452,Person E,1879.7,2796.2,320.0,3372.34,33.96,True,Active,shazia,None,Normal,5: Lying down (controlled)
1789493436.4591875,21453,Person E,1880.2,2796.6,320.0,3376.81,34.08,True,Active,shazia,None,Normal,5: Lying down (controlled)
1789493436.537307,21454,Person E,1881.3,2796.9,160.0,3379.09,34.19,True,Active,shazia,None,Normal,5: Lying down (controlled)
1789493436.631031,21455,Person E,1883.1,2796.8,160.0,3378.56,34.24,True,Active,shazia,None,Normal,5: Lying down (controlled)
1789493436.7403986,21456,Person E,1885.7,2796.4,320.0,3379.72,34.33,True,Active,shazia,None,Normal,5: Lying down (controlled)
1789493436.8747997,21457,Person E,1889.4,2796.0,240.0,3383.63,34.37,True,Active,shazia,None,Normal,5: Lying down (controlled)
1789493437.0154195,21458,Person E,1893.8,2795.2,640.0,3384.76,34.39,True,Active,shazia,None,Normal,5: Lying down (controlled)
1789493437.093537,21459,Person E,1897.5,2794.6,-160.0,3384.19,34.38,True,Active,shazia,None,Normal,5: Lying down (controlled)
1789493437.1716735,21460,Person E,1900.7,2794.2,320.0,3385.02,34.37,True,Active,shazia,None,Normal,5: Lying down (controlled)
1789493437.249777,21461,Person E,1903.8,2793.9,0.0,3384.76,34.39,True,Active,shazia,None,Normal,5: Lying down (controlled)
1789493437.374784,21462,Person E,1906.7,2793.4,160.0,3384.5,34.42,True,Active,shazia,None,Normal,5: Lying down (controlled)
1789493437.4528842,21463,Person E,1908.6,2792.8,80.0,3382.54,34.4,True,Active,shazia,None,Normal,5: Lying down (controlled)
1789493437.5310242,21464,Person E,1909.8,2792.5,320.0,3383.37,34.39,True,Active,shazia,None,Normal,5: Lying down (controlled)
1789493437.6091254,21465,Person E,1911.3,2792.5,320.0,3387.02,34.45,True,Active,shazia,None,Normal,5: Lying down (controlled)
1789493437.7185109,21466,Person E,1912.7,2792.7,160.0,3389.28,34.51,True,Active,shazia,None,Normal,5: Lying down (controlled)
1789493437.8278587,21467,Person E,1913.7,2792.6,160.0,3388.46,34.52,True,Active,shazia,None,Normal,5: Lying down (controlled)
1789493437.8903553,21468,Person E,1915.0,2792.4,320.0,3390.47,34.59,True,Active,shazia,None,Normal,5: Lying down (controlled)
1789493437.9684737,21469,Person E,1916.7,2792.5,240.0,3394.65,34.61,True,Active,shazia,None,Normal,5: Lying down (controlled)
1789493438.0465941,21470,Person E,1918.6,2792.4,640.0,3394.96,34.64,True,Active,shazia,None,Normal,5: Lying down (controlled)
1789493438.1403565,21471,Person E,1920.6,2792.5,320.0,3396.92,34.66,True,Active,shazia,None,Normal,5: Lying down (controlled)
1789493438.2497244,21472,Person E,1922.7,2792.8,320.0,3398.88,34.68,True,Active,shazia,None,Normal,5: Lying down (controlled)
1789493438.3278244,21473,Person E,1925.6,2793.1,240.0,3401.48,34.77,True,Active,shazia,None,Normal,5: Lying down (controlled)
1789493438.421605,21474,Person E,1928.8,2793.2,160.0,3402.37,34.83,True,Active,shazia,None,Normal,5: Lying down (controlled)
1789493438.499688,21475,Person E,1931.2,2793.0,160.0,3399.01,34.8,True,Active,shazia,None,Normal,5: Lying down (controlled)
1789493438.6090753,21476,Person E,1933.0,2792.7,320.0,3397.05,34.78,True,Active,shazia,None,Normal,5: Lying down (controlled)
1789493438.7027986,21477,Person E,1935.4,2792.3,320.0,3398.84,34.89,True,Active,shazia,None,Normal,5: Lying down (controlled)
1789493438.7809181,21478,Person E,1937.7,2791.8,160.0,3399.49,34.96,True,Active,shazia,None,Normal,5: Lying down (controlled)
1789493438.8434336,21479,Person E,1939.7,2790.9,160.0,3398.67,34.97,True,Active,shazia,None,Normal,5: Lying down (controlled)
1789493438.9371574,21480,Person E,1941.3,2790.2,-80.0,3398.34,34.93,True,Active,shazia,None,Normal,5: Lying down (controlled)
1789493439.015278,21481,Person E,1942.7,2789.8,240.0,3401.62,34.9,True,Active,shazia,None,Normal,5: Lying down (controlled)
1789493439.1090207,21482,Person E,1943.8,2789.4,640.0,3401.87,34.87,True,Active,shazia,None,Normal,5: Lying down (controlled)
1789493439.1871595,21483,Person E,1944.3,2789.3,320.0,3403.51,34.85,True,Active,shazia,None,Normal,5: Lying down (controlled)
1789493439.2808862,21484,Person E,1944.9,2789.4,320.0,3406.62,34.9,True,Active,shazia,None,Normal,5: Lying down (controlled)
1789493439.3433993,21485,Person E,1946.5,2789.5,240.0,3408.99,35.01,True,Active,shazia,None,Normal,5: Lying down (controlled)
1789493439.4527469,21486,Person E,1948.9,2789.4,160.0,3409.98,35.13,True,Active,shazia,None,Normal,5: Lying down (controlled)
1789493439.5465097,21487,Person E,1950.7,2789.7,-80.0,3411.62,35.11,True,Active,shazia,None,Normal,5: Lying down (controlled)
1789493439.6246135,21488,Person E,1952.1,2790.6,320.0,3414.89,35.07,True,Active,shazia,None,Normal,5: Lying down (controlled)
1789493439.7339985,21489,Person E,1953.6,2791.8,160.0,3417.1,35.06,True,Active,shazia,None,Normal,5: Lying down (controlled)
1789493439.827727,21490,Person E,1955.2,2792.6,160.0,3414.07,35.08,True,Active,shazia,None,Normal,5: Lying down (controlled)
1789493439.9058435,21491,Person E,1956.4,2792.8,-80.0,3410.14,35.04,True,Active,shazia,None,Normal,5: Lying down (controlled)
1789493439.9995875,21492,Person E,1957.6,2792.6,320.0,3407.11,35.06,True,Active,shazia,None,Normal,5: Lying down (controlled)
1789493440.0777235,21493,Person E,1958.9,2792.0,160.0,3406.04,35.09,True,Active,shazia,None,Normal,5: Lying down (controlled)
1789493440.1558428,21494,Person E,1959.7,2791.5,-80.0,3407.11,35.06,True,Active,shazia,None,Normal,5: Lying down (controlled)
1789493440.2339437,21495,Person E,1959.9,2791.5,320.0,3410.14,35.04,True,Active,shazia,None,Normal,5: Lying down (controlled)
1789493440.3120627,21496,Person E,1959.7,2792.2,320.0,3414.56,35.03,True,Active,shazia,None,Normal,5: Lying down (controlled)
1789493440.405826,21497,Person E,1959.8,2792.7,720.0,3416.28,35.07,True,Active,shazia,None,Normal,5: Lying down (controlled)
1789493440.4839265,21498,Person E,1959.9,2792.6,160.0,3414.65,35.09,True,Active,shazia,None,Normal,5: Lying down (controlled)
1789493440.5620658,21499,Person E,1960.3,2792.0,320.0,3414.49,35.17,True,Active,shazia,None,Normal,5: Lying down (controlled)
1789493440.6401653,21500,Person E,1961.1,2791.6,240.0,3415.41,35.23,True,Active,shazia,None,Normal,5: Lying down (controlled)
1789493440.749552,21501,Person E,1962.2,2791.2,640.0,3413.2,35.23,True,Active,shazia,None,Normal,5: Lying down (controlled)
1789493440.843297,21502,Person E,1963.3,2790.8,320.0,3410.17,35.25,True,Active,shazia,None,Normal,5: Lying down (controlled)
1789493440.9214153,21503,Person E,1963.8,2790.5,-80.0,3406.47,35.19,True,Active,shazia,None,Normal,5: Lying down (controlled)
1789493440.999535,21504,Person E,1963.5,2790.1,0.0,3402.11,35.05,True,Active,shazia,None,Normal,5: Lying down (controlled)
1789493441.0776558,21505,Person E,1962.5,2789.4,160.0,3398.67,34.97,True,Active,shazia,None,Normal,5: Lying down (controlled)
1789493441.187022,21506,Person E,1960.6,2788.3,160.0,3394.66,34.87,True,Active,shazia,None,Normal,5: Lying down (controlled)
1789493441.2807457,21507,Person E,1958.0,2787.4,320.0,3394.02,34.8,True,Active,shazia,None,Normal,5: Lying down (controlled)
1789493441.3588665,21508,Person E,1955.7,2786.8,320.0,3396.55,34.83,True,Active,shazia,None,Normal,5: Lying down (controlled)
1789493441.4369855,21509,Person E,1953.2,2786.3,160.0,3396.05,34.88,True,Active,shazia,None,Normal,5: Lying down (controlled)
1789493441.5307488,21510,Person E,1950.2,2785.9,-80.0,3394.91,34.85,True,Active,shazia,None,Normal,5: Lying down (controlled)
1789493441.624476,21511,Person E,1947.4,2785.4,320.0,3393.02,34.89,True,Active,shazia,None,Normal,5: Lying down (controlled)
1789493441.702596,21512,Person E,1944.8,2785.4,240.0,3395.23,34.89,True,Active,shazia,None,Normal,5: Lying down (controlled)
1789493441.7963393,21513,Person E,1942.6,2785.5,640.0,3394.66,34.87,True,Active,shazia,None,Normal,5: Lying down (controlled)
1789493441.874475,21514,Person E,1941.4,2785.5,320.0,3395.23,34.89,True,Active,shazia,None,Normal,5: Lying down (controlled)
1789493441.9682007,21515,Person E,1941.1,2785.7,320.0,3398.59,34.91,True,Active,shazia,None,Normal,5: Lying down (controlled)
1789493442.0619428,21516,Person E,1941.6,2786.2,0.0,3401.62,34.9,True,Active,shazia,None,Normal,5: Lying down (controlled)
1789493442.1556885,21517,Person E,1942.5,2786.6,160.0,3402.44,34.89,True,Active,shazia,None,Normal,5: Lying down (controlled)
1789493442.2494357,21518,Person E,1942.8,2786.8,160.0,3399.9,34.85,True,Active,shazia,None,Normal,5: Lying down (controlled)
1789493442.3900495,21519,Person E,1942.8,2787.2,320.0,3399.33,34.84,True,Active,shazia,None,Normal,5: Lying down (controlled)
1789493442.4837887,21520,Person E,1942.9,2787.4,640.0,3397.12,34.85,True,Active,shazia,None,Normal,5: Lying down (controlled)
1789493442.5619113,21521,Person E,1943.0,2787.5,160.0,3394.41,34.9,True,Active,shazia,None,Normal,5: Lying down (controlled)
1789493442.6556714,21522,Person E,1942.9,2787.1,160.0,3391.38,34.91,True,Active,shazia,None,Normal,5: Lying down (controlled)
1789493442.7494152,21523,Person E,1943.2,2786.5,320.0,3391.46,34.97,True,Active,shazia,None,Normal,5: Lying down (controlled)
1789493442.8275347,21524,Person E,1943.7,2785.3,640.0,3388.26,35.07,True,Active,shazia,None,Normal,5: Lying down (controlled)
1789493442.9056544,21525,Person E,1943.8,2783.4,160.0,3383.6,35.11,True,Active,shazia,None,Normal,5: Lying down (controlled)
1789493442.983758,21526,Person E,1943.9,2781.2,320.0,3384.17,35.12,True,Active,shazia,None,Normal,5: Lying down (controlled)
1789493443.077497,21527,Person E,1944.2,2779.2,320.0,3387.78,35.12,True,Active,shazia,None,Normal,5: Lying down (controlled)
1789493443.1556375,21528,Person E,1945.0,2777.5,720.0,3390.56,35.13,True,Active,shazia,None,Normal,5: Lying down (controlled)
1789493443.2337573,21529,Person E,1945.9,2775.8,160.0,3390.56,35.13,True,Active,shazia,None,Normal,5: Lying down (controlled)
1789493443.311857,21530,Person E,1946.4,2774.4,160.0,3388.51,35.05,True,Active,shazia,None,Normal,5: Lying down (controlled)
1789493443.4212437,21531,Person E,1946.6,2773.7,320.0,3389.82,34.99,True,Active,shazia,None,Normal,5: Lying down (controlled)
1789493443.5149689,21532,Person E,1946.6,2773.2,640.0,3387.28,34.96,True,Active,shazia,None,Normal,5: Lying down (controlled)
1789493443.5930874,21533,Person E,1945.9,2773.1,-80.0,3386.63,34.89,True,Active,shazia,None,Normal,5: Lying down (controlled)
1789493443.6712072,21534,Person E,1944.4,2773.6,-160.0,3383.77,34.82,True,Active,shazia,None,Normal,5: Lying down (controlled)
1789493443.749328,21535,Person E,1943.0,2774.4,320.0,3382.13,34.84,True,Active,shazia,None,Normal,5: Lying down (controlled)
1789493443.8743374,21536,Person E,1941.7,2775.1,160.0,3382.45,34.87,True,Active,shazia,None,Normal,5: Lying down (controlled)
1789493443.9524572,21537,Person E,1940.2,2775.4,160.0,3381.63,34.88,True,Active,shazia,None,Normal,5: Lying down (controlled)
1789493444.0462022,21538,Person E,1938.7,2775.7,320.0,3384.42,34.89,True,Active,shazia,None,Normal,5: Lying down (controlled)
1789493444.1086771,21539,Person E,1937.7,2776.3,320.0,3389.74,34.93,True,Active,shazia,None,Normal,5: Lying down (controlled)
1789493444.2024403,21540,Person E,1937.6,2777.1,-80.0,3394.49,34.96,True,Active,shazia,None,Normal,5: Lying down (controlled)
1789493444.2805433,21541,Person E,1937.6,2777.8,160.0,3395.55,34.93,True,Active,shazia,None,Normal,5: Lying down (controlled)
1789493444.3742864,21542,Person E,1937.5,2778.6,160.0,3393.27,34.87,True,Active,shazia,None,Normal,5: Lying down (controlled)
1789493444.452423,21543,Person E,1937.6,2779.4,240.0,3393.76,34.82,True,Active,shazia,None,Normal,5: Lying down (controlled)
1789493444.530523,21544,Person E,1938.1,2780.0,640.0,3391.55,34.83,True,Active,shazia,None,Normal,5: Lying down (controlled)
1789493444.6398969,21545,Person E,1938.6,2780.6,320.0,3389.91,34.85,True,Active,shazia,None,Normal,5: Lying down (controlled)
1789493444.7336366,21546,Person E,1939.1,2781.4,320.0,3391.87,34.87,True,Active,shazia,None,Normal,5: Lying down (controlled)
1789493444.843021,21547,Person E,1940.2,2782.2,240.0,3394.49,34.96,True,Active,shazia,None,Normal,5: Lying down (controlled)
1789493444.9211402,21548,Person E,1941.5,2782.8,160.0,3396.78,35.01,True,Active,shazia,None,Normal,5: Lying down (controlled)
1789493444.9992604,21549,Person E,1942.7,2782.9,320.0,3397.44,35.09,True,Active,shazia,None,Normal,5: Lying down (controlled)
1789493445.0929852,21550,Person E,1943.8,2782.8,320.0,3399.98,35.12,True,Active,shazia,None,Normal,5: Lying down (controlled)
1789493445.1711047,21551,Person E,1945.5,2782.7,320.0,3404.5,35.17,True,Active,shazia,None,Normal,5: Lying down (controlled)
1789493445.2804744,21552,Person E,1947.8,2782.7,160.0,3406.47,35.19,True,Active,shazia,None,Normal,5: Lying down (controlled)
1789493445.3586106,21553,Person E,1950.1,2782.5,160.0,3405.32,35.16,True,Active,shazia,None,Normal,5: Lying down (controlled)
1789493445.4367304,21554,Person E,1951.8,2782.7,-80.0,3402.93,35.04,True,Active,shazia,None,Normal,5: Lying down (controlled)
1789493445.5304763,21555,Person E,1953.0,2783.5,240.0,3403.34,34.94,True,Active,shazia,None,Normal,5: Lying down (controlled)
1789493445.624197,21556,Person E,1953.5,2784.2,160.0,3400.48,34.87,True,Active,shazia,None,Normal,5: Lying down (controlled)
1789493445.7179415,21557,Person E,1953.1,2785.0,320.0,3398.76,34.83,True,Active,shazia,None,Normal,5: Lying down (controlled)
1789493445.7960813,21558,Person E,1952.5,2785.9,320.0,3400.72,34.84,True,Active,shazia,None,Normal,5: Lying down (controlled)
1789493445.8898044,21559,Person E,1951.6,2787.3,-80.0,3403.76,34.83,True,Active,shazia,None,Normal,5: Lying down (controlled)
1789493445.967944,21560,Person E,1950.3,2788.8,160.0,3404.83,34.8,True,Active,shazia,None,Normal,5: Lying down (controlled)
1789493446.0616674,21561,Person E,1948.7,2790.0,320.0,3405.15,34.83,True,Active,shazia,None,Normal,5: Lying down (controlled)
1789493446.171036,21562,Person E,1947.4,2791.2,320.0,3408.83,34.89,True,Active,shazia,None,Normal,5: Lying down (controlled)
1789493446.2647984,21563,Person E,1946.7,2792.5,-80.0,3411.94,34.94,True,Active,shazia,None,Normal,5: Lying down (controlled)
1789493446.342918,21564,Person E,1946.9,2793.3,160.0,3410.63,34.99,True,Active,shazia,None,Normal,5: Lying down (controlled)
1789493446.4210215,21565,Person E,1947.3,2793.5,-80.0,3407.27,34.97,True,Active,shazia,None,Normal,5: Lying down (controlled)
1789493446.5147648,21566,Person E,1948.4,2793.3,320.0,3405.14,35.04,True,Active,shazia,None,Normal,5: Lying down (controlled)
1789493446.6241288,21567,Person E,1949.8,2792.6,640.0,3401.05,35.09,True,Active,shazia,None,Normal,5: Lying down (controlled)
1789493446.6866455,21568,Person E,1950.9,2791.2,640.0,3395.56,35.13,True,Active,shazia,None,Normal,5: Lying down (controlled)
1789493446.780388,21569,Person E,1951.8,2789.3,320.0,3393.35,35.14,True,Active,shazia,None,Normal,5: Lying down (controlled)
1789493446.8741128,21570,Person E,1952.9,2787.5,320.0,3396.38,35.12,True,Active,shazia,None,Normal,5: Lying down (controlled)
1789493446.9678557,21571,Person E,1953.6,2786.5,-80.0,3400.96,35.03,True,Active,shazia,None,Normal,5: Lying down (controlled)
1789493447.061599,21572,Person E,1953.6,2785.9,160.0,3403.91,34.95,True,Active,shazia,None,Normal,5: Lying down (controlled)
1789493447.1241148,21573,Person E,1953.6,2785.0,320.0,3404.56,35.03,True,Active,shazia,None,Normal,5: Lying down (controlled)
1789493447.249106,21574,Person E,1953.6,2784.6,320.0,3407.35,35.03,True,Active,shazia,None,Normal,5: Lying down (controlled)
1789493447.3116019,21575,Person E,1953.9,2784.3,640.0,3406.53,35.04,True,Active,shazia,None,Normal,5: Lying down (controlled)
1789493447.4053252,21576,Person E,1953.9,2784.0,160.0,3402.68,35.07,True,Active,shazia,None,Normal,5: Lying down (controlled)
1789493447.4990695,21577,Person E,1953.4,2784.0,-80.0,3398.17,35.02,True,Active,shazia,None,Normal,5: Lying down (controlled)
1789493447.5772085,21578,Person E,1952.8,2784.2,320.0,3393.75,35.03,True,Active,shazia,None,Normal,5: Lying down (controlled)
1789493447.6553283,21579,Person E,1952.3,2784.7,160.0,3394.57,35.02,True,Active,shazia,None,Normal,5: Lying down (controlled)
1789493447.7490711,21580,Person E,1951.5,2785.3,-80.0,3396.7,34.95,True,Active,shazia,None,Normal,5: Lying down (controlled)
1789493447.8740482,21581,Person E,1951.2,2785.5,320.0,3400.88,34.97,True,Active,shazia,None,Normal,5: Lying down (controlled)
1789493447.9990432,21582,Person E,1951.1,2785.6,0.0,3404.16,34.93,True,Active,shazia,None,Normal,5: Lying down (controlled)
1789493448.092779,21583,Person E,1950.8,2785.8,160.0,3404.48,34.96,True,Active,shazia,None,Normal,5: Lying down (controlled)
1789493448.1708987,21584,Person E,1950.3,2785.7,160.0,3403.66,34.97,True,Active,shazia,None,Normal,5: Lying down (controlled)
1789493448.255323,21585,Person E,1949.2,2785.8,-80.0,3401.05,34.88,True,Active,shazia,None,Normal,5: Lying down (controlled)
1789493448.349066,21586,Person E,1947.8,2786.5,240.0,3400.4,34.81,True,Active,shazia,None,Normal,5: Lying down (controlled)
1789493448.4427905,21587,Person E,1946.7,2787.3,640.0,3398.44,34.79,True,Active,shazia,None,Normal,5: Lying down (controlled)
1789493448.5209303,21588,Person E,1945.8,2788.3,320.0,3396.8,34.81,True,Active,shazia,None,Normal,5: Lying down (controlled)
