timestamp,sequence_id,target_id,x_mm,y_mm,speed_mms,distance_mm,angle_deg,valid,status,volunteer_id,fall_subtype,pace_variant,action_label
1789494135.7185652,29306,Person E,1952.6,2814.3,160.0,3429.17,34.74,True,Active,shazia,None,Normal,5: Lying down (controlled)
1789494135.807751,29307,Person E,1952.8,2816.1,-80.0,3430.76,34.66,True,Active,shazia,None,Normal,5: Lying down (controlled)
1789494135.8796504,29308,Person E,1952.1,2818.1,-80.0,3430.38,34.56,True,Active,shazia,None,Normal,5: Lying down (controlled)
1789494135.957751,29309,Person E,1950.9,2820.3,320.0,3431.98,34.48,True,Active,shazia,None,Normal,5: Lying down (controlled)
1789494136.0358737,29310,Person E,1950.1,2822.2,240.0,3433.63,34.46,True,Active,shazia,None,Normal,5: Lying down (controlled)
1789494136.1262631,29311,Person E,1949.3,2823.4,160.0,3432.8,34.47,True,Active,shazia,None,Normal,5: Lying down (controlled)
1789494136.2429082,29312,Person E,1948.0,2824.6,-80.0,3432.5,34.44,True,Active,shazia,None,Normal,5: Lying down (controlled)
1789494136.3340673,29313,Person E,1945.5,2826.2,-80.0,3431.25,34.23,True,Active,shazia,None,Normal,5: Lying down (controlled)
1789494136.4175465,29314,Person E,1942.1,2828.4,320.0,3429.49,34.01,True,Active,shazia,None,Normal,5: Lying down (controlled)
1789494136.5008466,29315,Person E,1938.4,2830.6,160.0,3425.32,33.99,True,Active,shazia,None,Normal,5: Lying down (controlled)
1789494136.5842555,29316,Person E,1934.0,2832.6,-80.0,3420.87,33.94,True,Active,shazia,None,Normal,5: Lying down (controlled)
1789494136.6842735,29317,Person E,1929.0,2834.6,-80.0,3419.18,33.78,True,Active,shazia,None,Normal,5: Lying down (controlled)
1789494136.7666829,29318,Person E,1923.9,2836.6,160.0,3418.34,33.67,True,Active,shazia,None,Normal,5: Lying down (controlled)
1789494136.8834713,29319,Person E,1918.5,2838.9,-80.0,3420.85,33.52,True,Active,shazia,None,Normal,5: Lying down (controlled)
1789494136.968767,29320,Person E,1912.7,2841.5,-80.0,3422.82,33.42,True,Active,shazia,None,Normal,5: Lying down (controlled)
1789494137.051824,29321,Person E,1906.6,2844.2,-80.0,3421.17,33.37,True,Active,shazia,None,Normal,5: Lying down (controlled)
1789494137.20181,29322,Person E,1900.3,2846.8,-80.0,3418.97,33.32,True,Active,shazia,None,Normal,5: Lying down (controlled)
1789494137.3012674,29323,Person E,1894.9,2848.5,160.0,3415.36,33.32,True,Active,shazia,None,Normal,5: Lying down (controlled)
1789494137.3679495,29324,Person E,1891.1,2849.3,320.0,3415.06,33.4,True,Active,shazia,None,Normal,5: Lying down (controlled)
1789494137.4513116,29325,Person E,1888.0,2850.2,-80.0,3415.59,33.48,True,Active,shazia,None,Normal,5: Lying down (controlled)
1789494137.5519812,29326,Person E,1885.6,2851.0,160.0,3414.19,33.53,True,Active,shazia,None,Normal,5: Lying down (controlled)
1789494137.642177,29327,Person E,1883.9,2851.4,-80.0,3413.09,33.5,True,Active,shazia,None,Normal,5: Lying down (controlled)
1789494137.7203002,29328,Person E,1882.4,2851.6,-80.0,3411.72,33.44,True,Active,shazia,None,Normal,5: Lying down (controlled)
1789494137.7827957,29329,Person E,1881.2,2851.3,-80.0,3411.73,33.38,True,Active,shazia,None,Normal,5: Lying down (controlled)
1789494137.860932,29330,Person E,1880.4,2850.6,160.0,3412.57,33.37,True,Active,shazia,None,Normal,5: Lying down (controlled)
1789494137.9390323,29331,Person E,1879.7,2849.9,80.0,3411.47,33.34,True,Active,shazia,None,Normal,5: Lying down (controlled)
1789494138.032775,29332,Person E,1879.4,2849.4,320.0,3413.14,33.32,True,Active,shazia,None,Normal,5: Lying down (controlled)
1789494138.0952713,29333,Person E,1879.7,2849.5,320.0,3417.85,33.35,True,Active,shazia,None,Normal,5: Lying down (controlled)
1789494138.1733944,29334,Person E,1879.9,2849.8,720.0,3418.66,33.4,True,Active,shazia,None,Normal,5: Lying down (controlled)
1789494138.2358892,29335,Person E,1880.0,2850.0,160.0,3417.81,33.47,True,Active,shazia,None,Normal,5: Lying down (controlled)
1789494138.3140104,29336,Person E,1880.0,2850.6,-80.0,3419.2,33.48,True,Active,shazia,None,Normal,5: Lying down (controlled)
1789494138.4233768,29337,Person E,1880.1,2851.6,-80.0,3421.98,33.43,True,Active,shazia,None,Normal,5: Lying down (controlled)
1789494138.5014942,29338,Person E,1880.4,2852.6,160.0,3421.72,33.39,True,Active,shazia,None,Normal,5: Lying down (controlled)
1789494138.5639923,29339,Person E,1880.8,2853.5,-80.0,3421.45,33.35,True,Active,shazia,None,Normal,5: Lying down (controlled)
1789494138.6421096,29340,Person E,1881.2,2854.3,320.0,3421.45,33.35,True,Active,shazia,None,Normal,5: Lying down (controlled)
1789494138.7202482,29341,Person E,1881.5,2855.1,0.0,3419.8,33.31,True,Active,shazia,None,Normal,5: Lying down (controlled)
1789494138.798351,29342,Person E,1881.8,2855.5,160.0,3418.13,33.33,True,Active,shazia,None,Normal,5: Lying down (controlled)
1789494138.8920946,29343,Person E,1881.5,2855.5,-80.0,3416.2,33.31,True,Active,shazia,None,Normal,5: Lying down (controlled)
1789494138.9702137,29344,Person E,1881.0,2855.8,320.0,3418.42,33.3,True,Active,shazia,None,Normal,5: Lying down (controlled)
1789494139.0483363,29345,Person E,1880.6,2856.5,320.0,3421.45,33.35,True,Active,shazia,None,Normal,5: Lying down (controlled)
1789494139.126451,29346,Person E,1880.5,2856.8,160.0,3421.15,33.43,True,Active,shazia,None,Normal,5: Lying down (controlled)
1789494139.2201934,29347,Person E,1880.6,2856.4,-80.0,3419.2,33.48,True,Active,shazia,None,Normal,5: Lying down (controlled)
1789494139.2983336,29348,Person E,1880.3,2856.2,-80.0,3418.4,33.36,True,Active,shazia,None,Normal,5: Lying down (controlled)
1789494139.3764331,29349,Person E,1879.5,2856.5,-80.0,3419.57,33.21,True,Active,shazia,None,Normal,5: Lying down (controlled)
1789494139.454553,29350,Person E,1878.2,2857.0,160.0,3418.51,33.12,True,Active,shazia,None,Normal,5: Lying down (controlled)
1789494139.5326734,29351,Person E,1877.2,2857.5,320.0,3418.51,33.12,True,Active,shazia,None,Normal,5: Lying down (controlled)
1789494139.6264157,29352,Person E,1876.0,2858.1,-80.0,3416.58,33.1,True,Active,shazia,None,Normal,5: Lying down (controlled)
1789494139.7045372,29353,Person E,1875.1,2858.4,240.0,3413.77,33.15,True,Active,shazia,None,Normal,5: Lying down (controlled)
1789494139.7826583,29354,Person E,1874.0,2858.3,-80.0,3411.55,33.16,True,Active,shazia,None,Normal,5: Lying down (controlled)
1789494139.860778,29355,Person E,1872.5,2858.1,-80.0,3411.55,33.16,True,Active,shazia,None,Normal,5: Lying down (controlled)
1789494139.9388945,29356,Person E,1870.3,2858.3,-80.0,3410.75,33.11,True,Active,shazia,None,Normal,5: Lying down (controlled)
1789494140.032642,29357,Person E,1867.9,2858.9,320.0,3411.04,33.08,True,Active,shazia,None,Normal,5: Lying down (controlled)
1789494140.1107607,29358,Person E,1866.4,2858.7,160.0,3408.49,33.17,True,Active,shazia,None,Normal,5: Lying down (controlled)
1789494140.1938627,29359,Person E,1865.8,2857.5,160.0,3406.24,33.24,True,Active,shazia,None,Normal,5: Lying down (controlled)
1789494140.2658682,29360,Person E,1866.4,2855.7,320.0,3406.74,33.37,True,Active,shazia,None,Normal,5: Lying down (controlled)
1789494140.3596077,29361,Person E,1867.6,2853.7,240.0,3408.38,33.48,True,Active,shazia,None,Normal,5: Lying down (controlled)
1789494140.4692535,29362,Person E,1869.2,2851.6,160.0,3407.82,33.52,True,Active,shazia,None,Normal,5: Lying down (controlled)
1789494140.547392,29363,Person E,1870.5,2849.7,-80.0,3405.04,33.51,True,Active,shazia,None,Normal,5: Lying down (controlled)
1789494140.6259682,29364,Person E,1871.8,2848.1,320.0,3405.33,33.49,True,Active,shazia,None,Normal,5: Lying down (controlled)
1789494140.700431,29365,Person E,1873.1,2846.3,720.0,3403.66,33.51,True,Active,shazia,None,Normal,5: Lying down (controlled)
1789494140.7785532,29366,Person E,1874.7,2844.1,160.0,3401.16,33.54,True,Active,shazia,None,Normal,5: Lying down (controlled)
1789494140.9035418,29367,Person E,1876.2,2841.8,-80.0,3400.05,33.51,True,Active,shazia,None,Normal,5: Lying down (controlled)
1789494140.9660378,29368,Person E,1877.5,2840.2,320.0,3402.27,33.5,True,Active,shazia,None,Normal,5: Lying down (controlled)
1789494141.0441577,29369,Person E,1879.0,2838.9,640.0,3403.65,33.57,True,Active,shazia,None,Normal,5: Lying down (controlled)
1789494141.1066558,29370,Person E,1879.8,2838.0,-80.0,3403.65,33.57,True,Active,shazia,None,Normal,5: Lying down (controlled)
1789494141.2160206,29371,Person E,1880.1,2837.3,-80.0,3404.2,33.58,True,Active,shazia,None,Normal,5: Lying down (controlled)
1789494141.3253906,29372,Person E,1880.8,2836.7,320.0,3406.69,33.68,True,Active,shazia,None,Normal,5: Lying down (controlled)
1789494141.4503841,29373,Person E,1882.0,2836.4,160.0,3409.19,33.71,True,Active,shazia,None,Normal,5: Lying down (controlled)
1789494141.5441232,29374,Person E,1883.7,2835.7,320.0,3408.92,33.79,True,Active,shazia,None,Normal,5: Lying down (controlled)
1789494141.6066198,29375,Person E,1885.6,2835.1,-80.0,3409.2,33.83,True,Active,shazia,None,Normal,5: Lying down (controlled)
1789494141.700365,29376,Person E,1887.8,2835.0,320.0,3412.53,33.85,True,Active,shazia,None,Normal,5: Lying down (controlled)
1789494141.7941048,29377,Person E,1890.3,2835.0,160.0,3413.92,33.86,True,Active,shazia,None,Normal,5: Lying down (controlled)
1789494141.8722281,29378,Person E,1892.5,2834.7,160.0,3411.97,33.84,True,Active,shazia,None,Normal,5: Lying down (controlled)
1789494141.9503503,29379,Person E,1894.5,2834.2,320.0,3410.6,33.9,True,Active,shazia,None,Normal,5: Lying down (controlled)
1789494142.0284677,29380,Person E,1896.2,2833.4,0.0,3406.43,33.88,True,Active,shazia,None,Normal,5: Lying down (controlled)
1789494142.122208,29381,Person E,1897.9,2832.1,640.0,3402.84,33.94,True,Active,shazia,None,Normal,5: Lying down (controlled)
1789494142.2159529,29382,Person E,1898.8,2830.5,-80.0,3398.41,33.95,True,Active,shazia,None,Normal,5: Lying down (controlled)
1789494142.2784674,29383,Person E,1898.9,2828.6,-80.0,3393.96,33.9,True,Active,shazia,None,Normal,5: Lying down (controlled)
1789494142.372211,29384,Person E,1898.5,2826.8,240.0,3391.74,33.91,True,Active,shazia,None,Normal,5: Lying down (controlled)
1789494142.4347076,29385,Person E,1898.3,2824.9,160.0,3392.31,33.98,True,Active,shazia,None,Normal,5: Lying down (controlled)
1789494142.5284328,29386,Person E,1898.4,2822.3,320.0,3391.53,34.11,True,Active,shazia,None,Normal,5: Lying down (controlled)
1789494142.6221764,29387,Person E,1898.9,2819.2,320.0,3391.03,34.22,True,Active,shazia,None,Normal,5: Lying down (controlled)
1789494142.7003133,29388,Person E,1900.4,2816.2,320.0,3395.53,34.33,True,Active,shazia,None,Normal,5: Lying down (controlled)
1789494142.7628088,29389,Person E,1902.2,2813.2,160.0,3395.88,34.43,True,Active,shazia,None,Normal,5: Lying down (controlled)
1789494142.8557796,29390,Person E,1904.6,2810.4,160.0,3396.75,34.48,True,Active,shazia,None,Normal,5: Lying down (controlled)
1789494142.9495249,29391,Person E,1906.8,2808.0,-80.0,3395.36,34.48,True,Active,shazia,None,Normal,5: Lying down (controlled)
1789494143.0391555,29392,Person E,1908.8,2806.2,-80.0,3394.75,34.4,True,Active,shazia,None,Normal,5: Lying down (controlled)
1789494143.117278,29393,Person E,1910.8,2804.6,160.0,3391.93,34.33,True,Active,shazia,None,Normal,5: Lying down (controlled)
1789494143.1982462,29394,Person E,1912.6,2803.3,320.0,3391.06,34.28,True,Active,shazia,None,Normal,5: Lying down (controlled)
1789494143.276365,29395,Person E,1914.0,2802.5,320.0,3393.54,34.25,True,Active,shazia,None,Normal,5: Lying down (controlled)
1789494143.3700895,29396,Person E,1914.6,2802.7,-80.0,3396.55,34.18,True,Active,shazia,None,Normal,5: Lying down (controlled)
1789494143.4638362,29397,Person E,1914.6,2803.6,160.0,3398.47,34.13,True,Active,shazia,None,Normal,5: Lying down (controlled)
1789494143.5419722,29398,Person E,1913.6,2804.4,160.0,3396.52,34.12,True,Active,shazia,None,Normal,5: Lying down (controlled)
1789494143.6200721,29399,Person E,1912.1,2805.6,320.0,3397.35,34.11,True,Active,shazia,None,Normal,5: Lying down (controlled)
1789494143.7138293,29400,Person E,1910.7,2806.8,320.0,3398.77,34.17,True,Active,shazia,None,Normal,5: Lying down (controlled)
1789494143.823183,29401,Person E,1909.6,2807.8,390.0,3397.41,34.23,True,Active,shazia,None,Normal,5: Lying down (controlled)
1789494143.901322,29402,Person E,1908.7,2808.6,-80.0,3396.29,34.2,True,Active,shazia,None,Normal,5: Lying down (controlled)
1789494143.995066,29403,Person E,1908.4,2809.6,-80.0,3398.5,34.2,True,Active,shazia,None,Normal,5: Lying down (controlled)
1789494144.057542,29404,Person E,1908.9,2810.6,160.0,3402.14,34.26,True,Active,shazia,None,Normal,5: Lying down (controlled)
1789494144.1513047,29405,Person E,1909.5,2811.2,160.0,3401.88,34.28,True,Active,shazia,None,Normal,5: Lying down (controlled)
1789494144.2450325,29406,Person E,1910.3,2811.7,320.0,3405.18,34.24,True,Active,shazia,None,Normal,5: Lying down (controlled)
1789494144.3387744,29407,Person E,1911.3,2812.3,320.0,3409.05,34.22,True,Active,shazia,None,Normal,5: Lying down (controlled)
1789494144.416892,29408,Person E,1912.7,2813.0,160.0,3410.18,34.24,True,Active,shazia,None,Normal,5: Lying down (controlled)
1789494144.495012,29409,Person E,1914.2,2813.5,160.0,3409.92,34.27,True,Active,shazia,None,Normal,5: Lying down (controlled)
1789494144.5731509,29410,Person E,1915.7,2813.7,320.0,3408.87,34.36,True,Active,shazia,None,Normal,5: Lying down (controlled)
1789494144.6668756,29411,Person E,1917.5,2813.8,0.0,3408.39,34.47,True,Active,shazia,None,Normal,5: Lying down (controlled)
1789494144.7606385,29412,Person E,1920.0,2813.4,320.0,3407.11,34.59,True,Active,shazia,None,Normal,5: Lying down (controlled)
1789494144.838741,29413,Person E,1922.7,2812.6,-80.0,3407.17,34.65,True,Active,shazia,None,Normal,5: Lying down (controlled)
1789494144.9168775,29414,Person E,1924.6,2811.6,-80.0,3404.64,34.61,True,Active,shazia,None,Normal,5: Lying down (controlled)
1789494144.9949777,29415,Person E,1926.2,2810.8,-80.0,3404.33,34.58,True,Active,shazia,None,Normal,5: Lying down (controlled)
1789494145.0887241,29416,Person E,1927.9,2809.6,160.0,3404.89,34.59,True,Active,shazia,None,Normal,5: Lying down (controlled)
1789494145.1980884,29417,Person E,1929.2,2808.0,80.0,3403.19,34.55,True,Active,shazia,None,Normal,5: Lying down (controlled)
1789494145.2762084,29418,Person E,1930.2,2806.9,320.0,3406.74,34.49,True,Active,shazia,None,Normal,5: Lying down (controlled)
1789494145.354329,29419,Person E,1931.3,2806.3,320.0,3411.17,34.48,True,Active,shazia,None,Normal,5: Lying down (controlled)
1789494145.4480777,29420,Person E,1932.2,2806.2,160.0,3413.13,34.5,True,Active,shazia,None,Normal,5: Lying down (controlled)
1789494145.5261908,29421,Person E,1932.7,2806.4,160.0,3412.87,34.52,True,Active,shazia,None,Normal,5: Lying down (controlled)
1789494145.6043139,29422,Person E,1932.6,2807.0,-80.0,3411.48,34.51,True,Active,shazia,None,Normal,5: Lying down (controlled)
1789494145.698074,29423,Person E,1932.1,2808.1,240.0,3413.39,34.47,True,Active,shazia,None,Normal,5: Lying down (controlled)
1789494145.776178,29424,Person E,1931.8,2809.3,80.0,3412.82,34.46,True,Active,shazia,None,Normal,5: Lying down (controlled)
1789494145.8542962,29425,Person E,1931.5,2810.5,320.0,3412.52,34.42,True,Active,shazia,None,Normal,5: Lying down (controlled)
1789494145.9636612,29426,Person E,1931.2,2811.9,320.0,3414.73,34.42,True,Active,shazia,None,Normal,5: Lying down (controlled)
1789494146.0574088,29427,Person E,1931.0,2813.8,-80.0,3417.73,34.34,True,Active,shazia,None,Normal,5: Lying down (controlled)
1789494146.1355443,29428,Person E,1930.9,2815.5,160.0,3420.21,34.31,True,Active,shazia,None,Normal,5: Lying down (controlled)
1789494146.2292874,29429,Person E,1930.4,2817.4,-80.0,3424.04,34.23,True,Active,shazia,None,Normal,5: Lying down (controlled)
1789494146.3074074,29430,Person E,1929.6,2819.7,320.0,3427.61,34.17,True,Active,shazia,None,Normal,5: Lying down (controlled)
1789494146.4323792,29431,Person E,1928.9,2822.2,320.0,3429.56,34.19,True,Active,shazia,None,Normal,5: Lying down (controlled)
1789494146.5104985,29432,Person E,1928.4,2824.6,390.0,3428.47,34.22,True,Active,shazia,None,Normal,5: Lying down (controlled)
1789494146.604246,29433,Person E,1927.7,2826.6,-80.0,3425.96,34.19,True,Active,shazia,None,Normal,5: Lying down (controlled)
1789494146.7448618,29434,Person E,1926.2,2828.8,-80.0,3422.57,34.04,True,Active,shazia,None,Normal,5: Lying down (controlled)
1789494146.8542285,29435,Person E,1924.2,2831.0,160.0,3419.48,33.94,True,Active,shazia,None,Normal,5: Lying down (controlled)
1789494146.9479702,29436,Person E,1921.5,2833.5,-80.0,3420.29,33.81,True,Active,shazia,None,Normal,5: Lying down (controlled)
1789494147.0573387,29437,Person E,1918.9,2835.7,320.0,3421.39,33.77,True,Active,shazia,None,Normal,5: Lying down (controlled)
1789494147.1198347,29438,Person E,1916.6,2837.9,320.0,3425.56,33.79,True,Active,shazia,None,Normal,5: Lying down (controlled)
1789494147.197954,29439,Person E,1915.0,2839.3,160.0,3426.68,33.88,True,Active,shazia,None,Normal,5: Lying down (controlled)
1789494147.2760737,29440,Person E,1913.9,2839.9,160.0,3426.42,33.96,True,Active,shazia,None,Normal,5: Lying down (controlled)
1789494147.3541937,29441,Person E,1912.6,2840.4,-80.0,3426.42,33.96,True,Active,shazia,None,Normal,5: Lying down (controlled)
1789494147.447934,29442,Person E,1911.1,2841.5,-80.0,3429.18,33.91,True,Active,shazia,None,Normal,5: Lying down (controlled)
1789494147.526073,29443,Person E,1909.8,2842.8,640.0,3429.45,33.88,True,Active,shazia,None,Normal,5: Lying down (controlled)
1789494147.6510682,29444,Person E,1909.2,2843.5,160.0,3425.02,33.89,True,Active,shazia,None,Normal,5: Lying down (controlled)
1789494147.7291713,29445,Person E,1908.9,2843.9,-80.0,3421.13,33.86,True,Active,shazia,None,Normal,5: Lying down (controlled)
1789494147.8229077,29446,Person E,1909.1,2843.4,240.0,3417.25,33.88,True,Active,shazia,None,Normal,5: Lying down (controlled)
1789494147.9010303,29447,Person E,1908.9,2842.9,-80.0,3416.13,33.79,True,Active,shazia,None,Normal,5: Lying down (controlled)
1789494147.9947913,29448,Person E,1908.2,2841.7,160.0,3411.69,33.8,True,Active,shazia,None,Normal,5: Lying down (controlled)
1789494148.0728936,29449,Person E,1907.2,2840.6,320.0,3411.97,33.84,True,Active,shazia,None,Normal,5: Lying down (controlled)
1789494148.1510303,29450,Person E,1906.3,2840.0,320.0,3416.42,33.89,True,Active,shazia,None,Normal,5: Lying down (controlled)
1789494148.244754,29451,Person E,1905.9,2839.1,160.0,3416.72,33.99,True,Active,shazia,None,Normal,5: Lying down (controlled)
1789494148.338501,29452,Person E,1906.0,2837.5,160.0,3416.47,34.07,True,Active,shazia,None,Normal,5: Lying down (controlled)
1789494148.416619,29453,Person E,1906.5,2835.5,160.0,3415.67,34.14,True,Active,shazia,None,Normal,5: Lying down (controlled)
1789494148.479116,29454,Person E,1907.6,2834.1,240.0,3419.57,34.18,True,Active,shazia,None,Normal,5: Lying down (controlled)
1789494148.5572343,29455,Person E,1909.4,2832.9,640.0,3421.26,34.22,True,Active,shazia,None,Normal,5: Lying down (controlled)
1789494148.6822443,29456,Person E,1911.3,2831.8,160.0,3418.78,34.25,True,Active,shazia,None,Normal,5: Lying down (controlled)
1789494148.7759705,29457,Person E,1913.2,2830.3,-80.0,3414.31,34.2,True,Active,shazia,None,Normal,5: Lying down (controlled)
1789494148.838467,29458,Person E,1914.7,2829.5,-80.0,3413.43,34.09,True,Active,shazia,None,Normal,5: Lying down (controlled)
1789494148.9165845,29459,Person E,1915.6,2829.0,160.0,3412.85,34.01,True,Active,shazia,None,Normal,5: Lying down (controlled)
1789494148.9947228,29460,Person E,1915.7,2828.2,160.0,3410.34,33.98,True,Active,shazia,None,Normal,5: Lying down (controlled)
1789494149.088446,29461,Person E,1915.3,2827.7,320.0,3410.34,33.98,True,Active,shazia,None,Normal,5: Lying down (controlled)
1789494149.1665692,29462,Person E,1914.9,2827.6,320.0,3413.41,34.03,True,Active,shazia,None,Normal,5: Lying down (controlled)
1789494149.260311,29463,Person E,1914.6,2827.5,160.0,3413.16,34.11,True,Active,shazia,None,Normal,5: Lying down (controlled)
1789494149.3384292,29464,Person E,1914.1,2827.0,160.0,3412.63,34.16,True,Active,shazia,None,Normal,5: Lying down (controlled)
1789494149.4321752,29465,Person E,1913.5,2826.4,-80.0,3412.92,34.19,True,Active,shazia,None,Normal,5: Lying down (controlled)
1789494149.5259187,29466,Person E,1913.0,2826.4,240.0,3415.97,34.18,True,Active,shazia,None,Normal,5: Lying down (controlled)
1789494149.6196625,29467,Person E,1912.9,2826.7,160.0,3416.23,34.16,True,Active,shazia,None,Normal,5: Lying down (controlled)
1789494149.7134037,29468,Person E,1912.8,2826.9,-80.0,3414.53,34.05,True,Active,shazia,None,Normal,5: Lying down (controlled)
1789494149.775902,29469,Person E,1912.1,2827.0,-80.0,3409.77,33.9,True,Active,shazia,None,Normal,5: Lying down (controlled)
1789494149.9165342,29470,Person E,1910.5,2827.6,-80.0,3406.41,33.7,True,Active,shazia,None,Normal,5: Lying down (controlled)
1789494149.994633,29471,Person E,1908.1,2828.6,160.0,3405.31,33.55,True,Active,shazia,None,Normal,5: Lying down (controlled)
1789494150.0883772,29472,Person E,1904.6,2830.2,-80.0,3407.29,33.39,True,Active,shazia,None,Normal,5: Lying down (controlled)
1789494150.1665,29473,Person E,1900.6,2832.7,320.0,3411.76,33.32,True,Active,shazia,None,Normal,5: Lying down (controlled)
1789494150.2446182,29474,Person E,1897.0,2835.4,320.0,3415.06,33.4,True,Active,shazia,None,Normal,5: Lying down (controlled)
1789494150.322736,29475,Person E,1893.7,2837.9,160.0,3415.31,33.5,True,Active,shazia,None,Normal,5: Lying down (controlled)
1789494150.4164994,29476,Person E,1890.4,2839.9,-80.0,3414.19,33.53,True,Active,shazia,None,Normal,5: Lying down (controlled)
1789494150.5258675,29477,Person E,1886.7,2842.0,-80.0,3413.1,33.44,True,Active,shazia,None,Normal,5: Lying down (controlled)
1789494150.5883634,29478,Person E,1883.4,2844.4,240.0,3416.17,33.37,True,Active,shazia,None,Normal,5: Lying down (controlled)
1789494150.68209,29479,Person E,1880.9,2846.8,80.0,3415.91,33.33,True,Active,shazia,None,Normal,5: Lying down (controlled)
1789494150.7602262,29480,Person E,1879.6,2848.8,320.0,3415.91,33.33,True,Active,shazia,None,Normal,5: Lying down (controlled)
1789494150.8695743,29481,Person E,1879.4,2850.5,320.0,3418.4,33.36,True,Active,shazia,None,Normal,5: Lying down (controlled)
1789494150.9789608,29482,Person E,1880.6,2851.3,240.0,3420.58,33.48,True,Active,shazia,None,Normal,5: Lying down (controlled)
1789494151.057062,29483,Person E,1882.4,2851.2,160.0,3420.84,33.58,True,Active,shazia,None,Normal,5: Lying down (controlled)
1789494151.1352012,29484,Person E,1883.8,2851.1,-80.0,3421.95,33.61,True,Active,shazia,None,Normal,5: Lying down (controlled)
1789494151.275822,29485,Person E,1884.9,2851.5,320.0,3424.72,33.62,True,Active,shazia,None,Normal,5: Lying down (controlled)
1789494151.3695447,29486,Person E,1886.3,2852.1,320.0,3426.94,33.67,True,Active,shazia,None,Normal,5: Lying down (controlled)
1789494151.478927,29487,Person E,1888.3,2852.5,-80.0,3427.49,33.69,True,Active,shazia,None,Normal,5: Lying down (controlled)
1789494151.5570478,29488,Person E,1890.2,2852.3,-160.0,3425.0,33.65,True,Active,shazia,None,Normal,5: Lying down (controlled)
1789494151.6351504,29489,Person E,1892.1,2852.3,-80.0,3426.39,33.6,True,Active,shazia,None,Normal,5: Lying down (controlled)
1789494151.8070138,29490,Person E,1894.2,2852.4,160.0,3428.33,33.62,True,Active,shazia,None,Normal,5: Lying down (controlled)
1789494151.900752,29491,Person E,1896.0,2852.1,80.0,3425.83,33.64,True,Active,shazia,None,Normal,5: Lying down (controlled)
1789494151.9788764,29492,Person E,1897.5,2852.0,320.0,3428.05,33.7,True,Active,shazia,None,Normal,5: Lying down (controlled)
1789494152.0570123,29493,Person E,1898.9,2852.4,320.0,3431.93,33.74,True,Active,shazia,None,Normal,5: Lying down (controlled)
1789494152.1351314,29494,Person E,1900.1,2853.0,-80.0,3433.59,33.72,True,Active,shazia,None,Normal,5: Lying down (controlled)
1789494152.228858,29495,Person E,1901.1,2853.3,160.0,3432.76,33.73,True,Active,shazia,None,Normal,5: Lying down (controlled)
1789494152.3069777,29496,Person E,1901.6,2853.8,-80.0,3433.87,33.69,True,Active,shazia,None,Normal,5: Lying down (controlled)
1789494152.36947,29497,Person E,1902.1,2854.6,240.0,3436.92,33.68,True,Active,shazia,None,Normal,5: Lying down (controlled)
1789494152.4632173,29498,Person E,1903.2,2855.5,640.0,3438.59,33.72,True,Active,shazia,None,Normal,5: Lying down (controlled)
1789494152.5413344,29499,Person E,1904.4,2856.0,-80.0,3437.2,33.72,True,Active,shazia,None,Normal,5: Lying down (controlled)
1789494152.6038296,29500,Person E,1905.5,2856.4,160.0,3437.76,33.73,True,Active,shazia,None,Normal,5: Lying down (controlled)
1789494152.7288232,29501,Person E,1906.4,2857.2,-80.0,3437.48,33.69,True,Active,shazia,None,Normal,5: Lying down (controlled)
1789494152.8069403,29502,Person E,1906.9,2858.0,160.0,3437.48,33.69,True,Active,shazia,None,Normal,5: Lying down (controlled)
1789494152.9007041,29503,Person E,1906.9,2858.1,160.0,3432.76,33.73,True,Active,shazia,None,Normal,5: Lying down (controlled)
1789494152.9631994,29504,Person E,1907.0,2857.8,320.0,3431.66,33.76,True,Active,shazia,None,Normal,5: Lying down (controlled)
1789494153.0569265,29505,Person E,1907.5,2857.5,320.0,3433.05,33.82,True,Active,shazia,None,Normal,5: Lying down (controlled)
1789494153.1350436,29506,Person E,1908.4,2856.8,160.0,3433.06,33.88,True,Active,shazia,None,Normal,5: Lying down (controlled)
1789494153.244411,29507,Person E,1909.4,2855.4,160.0,3430.86,33.95,True,Active,shazia,None,Normal,5: Lying down (controlled)
1789494153.3225303,29508,Person E,1910.1,2853.9,-80.0,3430.03,33.96,True,Active,shazia,None,Normal,5: Lying down (controlled)
1789494153.4319031,29509,Person E,1910.2,2852.8,-80.0,3428.61,33.83,True,Active,shazia,None,Normal,5: Lying down (controlled)
1789494153.5100203,29510,Person E,1909.5,2852.0,640.0,3427.22,33.71,True,Active,shazia,None,Normal,5: Lying down (controlled)
1789494153.6193843,29511,Person E,1908.6,2851.2,320.0,3425.83,33.64,True,Active,shazia,None,Normal,5: Lying down (controlled)
1789494153.7131295,29512,Person E,1907.2,2850.7,-80.0,3425.56,33.55,True,Active,shazia,None,Normal,5: Lying down (controlled)
1789494153.7912686,29513,Person E,1905.0,2851.4,-80.0,3426.44,33.36,True,Active,shazia,None,Normal,5: Lying down (controlled)
1789494153.8693879,29514,Person E,1902.1,2852.9,160.0,3428.16,33.22,True,Active,shazia,None,Normal,5: Lying down (controlled)
1789494153.9474876,29515,Person E,1898.2,2854.5,160.0,3424.88,33.13,True,Active,shazia,None,Normal,5: Lying down (controlled)
1789494154.025607,29516,Person E,1893.9,2856.4,320.0,3425.17,33.11,True,Active,shazia,None,Normal,5: Lying down (controlled)
1789494154.1193497,29517,Person E,1889.8,2858.7,320.0,3427.36,33.17,True,Active,shazia,None,Normal,5: Lying down (controlled)
1789494154.2130966,29518,Person E,1886.2,2860.7,160.0,3426.75,33.27,True,Active,shazia,None,Normal,5: Lying down (controlled)
1789494154.2912333,29519,Person E,1883.7,2862.0,160.0,3425.61,33.37,True,Active,shazia,None,Normal,5: Lying down (controlled)
1789494154.3693368,29520,Person E,1882.0,2862.9,-80.0,3425.32,33.39,True,Active,shazia,None,Normal,5: Lying down (controlled)
1789494154.463079,29521,Person E,1880.9,2864.0,240.0,3428.93,33.39,True,Active,shazia,None,Normal,5: Lying down (controlled)
1789494154.525575,29522,Person E,1880.6,2865.0,640.0,3432.25,33.41,True,Active,shazia,None,Normal,5: Lying down (controlled)
1789494154.6193166,29523,Person E,1881.3,2865.2,320.0,3431.96,33.44,True,Active,shazia,None,Normal,5: Lying down (controlled)
1789494154.6974556,29524,Person E,1882.8,2864.8,320.0,3433.07,33.46,True,Active,shazia,None,Normal,5: Lying down (controlled)
1789494154.7755551,29525,Person E,1885.4,2864.3,240.0,3434.99,33.54,True,Active,shazia,None,Normal,5: Lying down (controlled)
1789494154.853679,29526,Person E,1888.5,2863.5,160.0,3435.54,33.62,True,Active,shazia,None,Normal,5: Lying down (controlled)
1789494154.9630418,29527,Person E,1891.1,2862.2,160.0,3430.82,33.65,True,Active,shazia,None,Normal,5: Lying down (controlled)
1789494155.041166,29528,Person E,1893.2,2861.0,320.0,3428.32,33.68,True,Active,shazia,None,Normal,5: Lying down (controlled)
1789494155.119283,29529,Person E,1895.2,2860.2,320.0,3429.99,33.72,True,Active,shazia,None,Normal,5: Lying down (controlled)
1789494155.1974208,29530,Person E,1897.4,2859.1,640.0,3428.33,33.8,True,Active,shazia,None,Normal,5: Lying down (controlled)
1789494155.3067725,29531,Person E,1899.4,2857.4,-160.0,3425.84,33.82,True,Active,shazia,None,Normal,5: Lying down (controlled)
1789494155.400514,29532,Person E,1901.0,2855.3,-160.0,3423.62,33.83,True,Active,shazia,None,Normal,5: Lying down (controlled)
1789494155.478632,29533,Person E,1902.6,2853.4,240.0,3425.01,33.83,True,Active,shazia,None,Normal,5: Lying down (controlled)
1789494155.5723786,29534,Person E,1904.0,2851.5,160.0,3425.01,33.83,True,Active,shazia,None,Normal,5: Lying down (controlled)
1789494155.6504955,29535,Person E,1904.9,2849.6,320.0,3424.18,33.84,True,Active,shazia,None,Normal,5: Lying down (controlled)
1789494155.775506,29536,Person E,1904.9,2848.0,-80.0,3422.23,33.76,True,Active,shazia,None,Normal,5: Lying down (controlled)
1789494155.8692336,29537,Person E,1904.8,2846.9,240.0,3421.11,33.74,True,Active,shazia,None,Normal,5: Lying down (controlled)
1789494155.947369,29538,Person E,1904.9,2845.9,160.0,3420.56,33.78,True,Active,shazia,None,Normal,5: Lying down (controlled)
1789494156.0098486,29539,Person E,1904.7,2844.5,160.0,3417.24,33.82,True,Active,shazia,None,Normal,5: Lying down (controlled)
1789494156.087985,29540,Person E,1904.1,2843.5,320.0,3416.68,33.81,True,Active,shazia,None,Normal,5: Lying down (controlled)
1789494156.2129567,29541,Person E,1903.9,2842.8,320.0,3418.91,33.86,True,Active,shazia,None,Normal,5: Lying down (controlled)
1789494156.2910795,29542,Person E,1904.0,2842.0,160.0,3417.53,33.92,True,Active,shazia,None,Normal,5: Lying down (controlled)
1789494156.369196,29543,Person E,1904.0,2840.8,-160.0,3415.05,33.95,True,Active,shazia,None,Normal,5: Lying down (controlled)
1789494156.447336,29544,Person E,1903.7,2839.7,-80.0,3414.2,33.89,True,Active,shazia,None,Normal,5: Lying down (controlled)
1789494156.5410624,29545,Person E,1903.3,2839.1,240.0,3416.97,33.84,True,Active,shazia,None,Normal,5: Lying down (controlled)
1789494156.6348019,29546,Person E,1903.5,2838.5,160.0,3418.35,33.85,True,Active,shazia,None,Normal,5: Lying down (controlled)
1789494156.728549,29547,Person E,1903.8,2838.0,320.0,3418.63,33.82,True,Active,shazia,None,Normal,5: Lying down (controlled)
1789494156.8222942,29548,Person E,1903.4,2838.0,-80.0,3418.34,33.73,True,Active,shazia,None,Normal,5: Lying down (controlled)
1789494156.9702926,29549,Person E,1902.8,2838.6,240.0,3418.89,33.68,True,Active,shazia,None,Normal,5: Lying down (controlled)
1789494157.064034,29550,Person E,1902.2,2839.0,160.0,3416.68,33.69,True,Active,shazia,None,Normal,5: Lying down (controlled)
1789494157.1734023,29551,Person E,1901.1,2839.5,-80.0,3416.95,33.66,True,Active,shazia,None,Normal,5: Lying down (controlled)
1789494157.2671442,29552,Person E,1899.9,2840.6,320.0,3420.0,33.65,True,Active,shazia,None,Normal,5: Lying down (controlled)
1789494157.3608868,29553,Person E,1899.3,2842.0,320.0,3423.33,33.73,True,Active,shazia,None,Normal,5: Lying down (controlled)
1789494157.4233825,29554,Person E,1899.4,2842.9,160.0,3422.23,33.82,True,Active,shazia,None,Normal,5: Lying down (controlled)
1789494157.517126,29555,Person E,1899.8,2843.0,-160.0,3420.02,33.89,True,Active,shazia,None,Normal,5: Lying down (controlled)
1789494157.5952487,29556,Person E,1900.2,2843.0,-80.0,3420.58,33.9,True,Active,shazia,None,Normal,5: Lying down (controlled)
1789494157.6889923,29557,Person E,1900.6,2843.3,240.0,3423.35,33.85,True,Active,shazia,None,Normal,5: Lying down (controlled)
1789494157.7671304,29558,Person E,1901.4,2843.6,160.0,3425.28,33.81,True,Active,shazia,None,Normal,5: Lying down (controlled)
1789494157.8452487,29559,Person E,1902.3,2843.9,320.0,3426.39,33.78,True,Active,shazia,None,Normal,5: Lying down (controlled)
1789494157.9233513,29560,Person E,1903.0,2844.4,-80.0,3424.72,33.74,True,Active,shazia,None,Normal,5: Lying down (controlled)
1789494158.0327187,29561,Person E,1903.3,2845.1,-80.0,3424.44,33.64,True,Active,shazia,None,Normal,5: Lying down (controlled)
1789494158.1264596,29562,Person E,1903.2,2845.5,160.0,3422.78,33.6,True,Active,shazia,None,Normal,5: Lying down (controlled)
1789494158.2045794,29563,Person E,1902.3,2846.4,-80.0,3425.84,33.52,True,Active,shazia,None,Normal,5: Lying down (controlled)
1789494158.2827187,29564,Person E,1901.1,2848.1,320.0,3429.73,33.5,True,Active,shazia,None,Normal,5: Lying down (controlled)
1789494158.360839,29565,Person E,1900.2,2850.3,320.0,3433.33,33.56,True,Active,shazia,None,Normal,5: Lying down (controlled)
1789494158.4545627,29566,Person E,1899.4,2852.5,-80.0,3434.43,33.59,True,Active,shazia,None,Normal,5: Lying down (controlled)
1789494158.5483084,29567,Person E,1898.5,2854.3,-80.0,3433.33,33.56,True,Active,shazia,None,Normal,5: Lying down (controlled)
1789494158.626445,29568,Person E,1897.1,2856.0,-80.0,3431.68,33.46,True,Active,shazia,None,Normal,5: Lying down (controlled)
1789494158.704545,29569,Person E,1895.4,2857.6,160.0,3430.31,33.39,True,Active,shazia,None,Normal,5: Lying down (controlled)
1789494158.798291,29570,Person E,1893.5,2858.7,80.0,3423.39,33.37,True,Active,shazia,None,Normal,5: Lying down (controlled)
1789494158.8764114,29571,Person E,1891.8,2859.3,320.0,3420.07,33.35,True,Active,shazia,None,Normal,5: Lying down (controlled)
1789494158.9545274,29572,Person E,1890.8,2859.8,320.0,3421.43,33.41,True,Active,shazia,None,Normal,5: Lying down (controlled)
1789494159.0482743,29573,Person E,1890.3,2860.0,-80.0,3424.75,33.43,True,Active,shazia,None,Normal,5: Lying down (controlled)
1789494159.1263914,29574,Person E,1890.0,2859.7,160.0,3425.57,33.49,True,Active,shazia,None,Normal,5: Lying down (controlled)
1789494159.2201536,29575,Person E,1889.2,2859.5,-80.0,3427.24,33.47,True,Active,shazia,None,Normal,5: Lying down (controlled)
1789494159.3295212,29576,Person E,1888.4,2859.7,240.0,3431.68,33.46,True,Active,shazia,None,Normal,5: Lying down (controlled)
1789494159.4076245,29577,Person E,1888.1,2860.0,640.0,3434.17,33.49,True,Active,shazia,None,Normal,5: Lying down (controlled)
1789494159.5013847,29578,Person E,1888.5,2859.6,160.0,3430.55,33.55,True,Active,shazia,None,Normal,5: Lying down (controlled)
1789494159.5794873,29579,Person E,1889.5,2858.9,320.0,3429.99,33.6,True,Active,shazia,None,Normal,5: Lying down (controlled)
1789494159.673232,29580,Person E,1891.6,2858.4,240.0,3430.82,33.71,True,Active,shazia,None,Normal,5: Lying down (controlled)
1789494159.782596,29581,Person E,1894.4,2857.8,160.0,3430.55,33.79,True,Active,shazia,None,Normal,5: Lying down (controlled)
1789494159.8919668,29582,Person E,1896.7,2856.9,160.0,3426.67,33.82,True,Active,shazia,None,Normal,5: Lying down (controlled)
1789494159.9700825,29583,Person E,1898.6,2855.7,320.0,3425.28,33.81,True,Active,shazia,None,Normal,5: Lying down (controlled)
1789494160.063828,29584,Person E,1900.6,2854.5,320.0,3426.68,33.88,True,Active,shazia,None,Normal,5: Lying down (controlled)
1789494160.1731951,29585,Person E,1902.8,2852.7,160.0,3424.47,33.94,True,Active,shazia,None,Normal,5: Lying down (controlled)
1789494160.2513163,29586,Person E,1904.6,2850.3,-160.0,3421.7,33.93,True,Active,shazia,None,Normal,5: Lying down (controlled)
1789494160.3763077,29587,Person E,1906.1,2847.6,320.0,3420.04,33.95,True,Active,shazia,None,Normal,5: Lying down (controlled)
1789494160.4388056,29588,Person E,1907.5,2845.7,240.0,3422.53,33.92,True,Active,shazia,None,Normal,5: Lying down (controlled)
1789494160.5325446,29589,Person E,1908.5,2844.1,80.0,3422.24,33.89,True,Active,shazia,None,Normal,5: Lying down (controlled)
1789494160.6106672,29590,Person E,1908.8,2842.8,320.0,3421.69,33.87,True,Active,shazia,None,Normal,5: Lying down (controlled)
1789494160.7356548,29591,Person E,1908.9,2841.9,320.0,3423.63,33.89,True,Active,shazia,None,Normal,5: Lying down (controlled)
1789494160.8137746,29592,Person E,1909.3,2841.1,720.0,3422.26,33.95,True,Active,shazia,None,Normal,5: Lying down (controlled)
1789494160.8919141,29593,Person E,1910.0,2840.1,160.0,3420.89,34.0,True,Active,shazia,None,Normal,5: Lying down (controlled)
1789494160.9700363,29594,Person E,1910.2,2839.2,-80.0,3420.33,33.99,True,Active,shazia,None,Normal,5: Lying down (controlled)
1789494161.0481532,29595,Person E,1910.5,2838.9,320.0,3423.66,34.01,True,Active,shazia,None,Normal,5: Lying down (controlled)
1789494161.1731257,29596,Person E,1911.2,2838.6,640.0,3423.13,34.06,True,Active,shazia,None,Normal,5: Lying down (controlled)
1789494161.2668886,29597,Person E,1911.8,2838.5,-80.0,3422.57,34.04,True,Active,shazia,None,Normal,5: Lying down (controlled)
1789494161.3449912,29598,Person E,1912.0,2838.2,80.0,3421.16,33.98,True,Active,shazia,None,Normal,5: Lying down (controlled)
1789494161.423112,29599,Person E,1911.5,2838.1,-80.0,3418.63,33.82,True,Active,shazia,None,Normal,5: Lying down (controlled)
1789494161.4856067,29600,Person E,1909.9,2839.1,-80.0,3421.12,33.56,True,Active,shazia,None,Normal,5: Lying down (controlled)
1789494161.5793502,29601,Person E,1906.8,2841.2,80.0,3423.98,33.26,True,Active,shazia,None,Normal,5: Lying down (controlled)
1789494161.657467,29602,Person E,1902.8,2845.1,320.0,3432.71,33.03,True,Active,shazia,None,Normal,5: Lying down (controlled)
1789494161.751211,29603,Person E,1899.2,2849.4,320.0,3436.83,33.1,True,Active,shazia,None,Normal,5: Lying down (controlled)
1789494161.813709,29604,Person E,1896.2,2853.3,160.0,3436.21,33.21,True,Active,shazia,None,Normal,5: Lying down (controlled)
1789494161.9074502,29605,Person E,1893.1,2856.7,-80.0,3434.8,33.26,True,Active,shazia,None,Normal,5: Lying down (controlled)
1789494162.0011973,29606,Person E,1889.8,2860.2,-80.0,3433.96,33.27,True,Active,shazia,None,Normal,5: Lying down (controlled)
1789494162.0949366,29607,Person E,1886.7,2863.9,240.0,3436.18,33.27,True,Active,shazia,None,Normal,5: Lying down (controlled)
1789494162.173058,29608,Person E,1884.3,2867.5,320.0,3437.83,33.31,True,Active,shazia,None,Normal,5: Lying down (controlled)
1789494162.2668035,29609,Person E,1883.2,2870.5,320.0,3437.52,33.39,True,Active,shazia,None,Normal,5: Lying down (controlled)
1789494162.3293002,29610,Person E,1883.3,2872.1,-80.0,3435.02,33.42,True,Active,shazia,None,Normal,5: Lying down (controlled)
1789494162.423039,29611,Person E,1884.8,2872.6,240.0,3436.4,33.43,True,Active,shazia,None,Normal,5: Lying down (controlled)
1789494162.516782,29612,Person E,1887.3,2871.3,160.0,3435.56,33.5,True,Active,shazia,None,Normal,5: Lying down (controlled)
1789494162.5949025,29613,Person E,1889.3,2869.6,160.0,3433.61,33.54,True,Active,shazia,None,Normal,5: Lying down (controlled)
1789494162.6886501,29614,Person E,1891.1,2868.3,320.0,3435.26,33.58,True,Active,shazia,None,Normal,5: Lying down (controlled)
1789494162.7667854,29615,Person E,1893.3,2867.0,320.0,3436.09,33.69,True,Active,shazia,None,Normal,5: Lying down (controlled)
1789494162.8917618,29616,Person E,1895.8,2865.5,160.0,3435.26,33.76,True,Active,shazia,None,Normal,5: Lying down (controlled)
1789494163.032378,29617,Person E,1897.7,2863.9,-80.0,3433.32,33.68,True,Active,shazia,None,Normal,5: Lying down (controlled)
1789494163.1417408,29618,Person E,1899.0,2862.2,320.0,3430.82,33.65,True,Active,shazia,None,Normal,5: Lying down (controlled)
1789494163.2198796,29619,Person E,1899.9,2860.3,640.0,3426.66,33.69,True,Active,shazia,None,Normal,5: Lying down (controlled)
1789494163.2979827,29620,Person E,1900.9,2857.9,160.0,3420.56,33.78,True,Active,shazia,None,Normal,5: Lying down (controlled)
1789494163.4229898,29621,Person E,1902.0,2854.8,320.0,3416.69,33.87,True,Active,shazia,None,Normal,5: Lying down (controlled)
1789494163.5010903,29622,Person E,1903.4,2851.8,320.0,3418.38,33.97,True,Active,shazia,None,Normal,5: Lying down (controlled)
1789494163.579213,29623,Person E,1904.9,2849.0,160.0,3418.67,34.01,True,Active,shazia,None,Normal,5: Lying down (controlled)
1789494163.657331,29624,Person E,1906.1,2846.1,160.0,3417.84,34.02,True,Active,shazia,None,Normal,5: Lying down (controlled)
1789494163.735449,29625,Person E,1906.7,2843.4,-80.0,3417.01,34.02,True,Active,shazia,None,Normal,5: Lying down (controlled)
1789494163.8291922,29626,Person E,1907.1,2841.1,320.0,3418.4,34.03,True,Active,shazia,None,Normal,5: Lying down (controlled)
1789494163.9385645,29627,Person E,1908.0,2838.5,640.0,3416.74,34.05,True,Active,shazia,None,Normal,5: Lying down (controlled)
1789494164.016699,29628,Person E,1909.3,2835.4,160.0,3412.33,34.12,True,Active,shazia,None,Normal,5: Lying down (controlled)
1789494164.07918,29629,Person E,1910.5,2832.4,-80.0,3408.46,34.14,True,Active,shazia,None,Normal,5: Lying down (controlled)
1789494164.172924,29630,Person E,1911.3,2830.4,-80.0,3408.43,34.08,True,Active,shazia,None,Normal,5: Lying down (controlled)
1789494164.2666657,29631,Person E,1911.8,2829.0,160.0,3407.87,34.07,True,Active,shazia,None,Normal,5: Lying down (controlled)
1789494164.360409,29632,Person E,1911.3,2827.8,80.0,3405.64,34.01,True,Active,shazia,None,Normal,5: Lying down (controlled)
1789494164.4385257,29633,Person E,1910.5,2826.7,320.0,3405.08,34.0,True,Active,shazia,None,Normal,5: Lying down (controlled)
1789494164.5166454,29634,Person E,1910.1,2825.8,320.0,3408.14,34.04,True,Active,shazia,None,Normal,5: Lying down (controlled)
1789494164.5947683,29635,Person E,1909.9,2825.0,160.0,3409.26,34.07,True,Active,shazia,None,Normal,5: Lying down (controlled)
1789494164.6728888,29636,Person E,1909.9,2823.9,160.0,3409.29,34.13,True,Active,shazia,None,Normal,5: Lying down (controlled)
1789494164.7822535,29637,Person E,1910.0,2823.0,-80.0,3409.85,34.15,True,Active,shazia,None,Normal,5: Lying down (controlled)
1789494164.860391,29638,Person E,1910.2,2823.0,240.0,3413.46,34.15,True,Active,shazia,None,Normal,5: Lying down (controlled)
1789494164.938492,29639,Person E,1910.5,2823.5,640.0,3414.28,34.14,True,Active,shazia,None,Normal,5: Lying down (controlled)
1789494165.0010064,29640,Person E,1911.2,2823.7,320.0,3414.02,34.16,True,Active,shazia,None,Normal,5: Lying down (controlled)
1789494165.1103554,29641,Person E,1911.8,2823.8,-80.0,3412.07,34.14,True,Active,shazia,None,Normal,5: Lying down (controlled)
1789494165.204118,29642,Person E,1912.2,2824.2,-80.0,3411.19,34.03,True,Active,shazia,None,Normal,5: Lying down (controlled)
1789494165.2822368,29643,Person E,1912.4,2824.8,160.0,3411.17,33.97,True,Active,shazia,None,Normal,5: Lying down (controlled)
1789494165.3603377,29644,Person E,1911.5,2826.1,-80.0,3413.91,33.8,True,Active,shazia,None,Normal,5: Lying down (controlled)
1789494165.4384768,29645,Person E,1910.1,2828.2,320.0,3418.89,33.68,True,Active,shazia,None,Normal,5: Lying down (controlled)
1789494165.5478282,29646,Person E,1909.0,2830.5,320.0,3422.23,33.76,True,Active,shazia,None,Normal,5: Lying down (controlled)
1789494165.6415706,29647,Person E,1908.4,2832.8,-80.0,3425.56,33.85,True,Active,shazia,None,Normal,5: Lying down (controlled)
1789494165.7197075,29648,Person E,1907.3,2835.2,-80.0,3427.22,33.77,True,Active,shazia,None,Normal,5: Lying down (controlled)
1789494165.7978268,29649,Person E,1905.6,2837.9,-80.0,3427.22,33.65,True,Active,shazia,None,Normal,5: Lying down (controlled)
1789494165.8759298,29650,Person E,1903.2,2841.4,160.0,3429.73,33.5,True,Active,shazia,None,Normal,5: Lying down (controlled)
1789494166.0009375,29651,Person E,1900.4,2845.4,640.0,3429.76,33.38,True,Active,shazia,None,Normal,5: Lying down (controlled)
1789494166.0790374,29652,Person E,1897.5,2849.4,-80.0,3428.42,33.25,True,Active,shazia,None,Normal,5: Lying down (controlled)
1789494166.157158,29653,Person E,1894.4,2853.9,240.0,3431.54,33.12,True,Active,shazia,None,Normal,5: Lying down (controlled)
1789494166.235277,29654,Person E,1891.1,2858.2,-80.0,3431.67,32.94,True,Active,shazia,None,Normal,5: Lying down (controlled)
1789494166.3602877,29655,Person E,1887.4,2862.2,160.0,3432.07,32.8,True,Active,shazia,None,Normal,5: Lying down (controlled)
1789494166.4540114,29656,Person E,1882.0,2866.1,80.0,3425.28,32.65,True,Active,shazia,None,Normal,5: Lying down (controlled)
1789494166.5633833,29657,Person E,1875.3,2869.8,320.0,3419.83,32.57,True,Active,shazia,None,Normal,5: Lying down (controlled)
1789494166.6258788,29658,Person E,1869.5,2872.6,320.0,3418.85,32.7,True,Active,shazia,None,Normal,5: Lying down (controlled)
1789494166.719619,29659,Person E,1864.9,2874.4,160.0,3417.05,32.84,True,Active,shazia,None,Normal,5: Lying down (controlled)
1789494166.7977424,29660,Person E,1860.8,2875.2,-80.0,3413.99,32.85,True,Active,shazia,None,Normal,5: Lying down (controlled)
1789494166.8914828,29661,Person E,1857.2,2875.5,-80.0,3412.61,32.85,True,Active,shazia,None,Normal,5: Lying down (controlled)
1789494166.9539812,29662,Person E,1854.4,2875.4,160.0,3412.31,32.87,True,Active,shazia,None,Normal,5: Lying down (controlled)
1789494167.0477216,29663,Person E,1852.6,2874.1,160.0,3410.83,32.99,True,Active,shazia,None,Normal,5: Lying down (controlled)
1789494167.1258447,29664,Person E,1852.3,2872.1,320.0,3413.26,33.08,True,Active,shazia,None,Normal,5: Lying down (controlled)
1789494167.2195873,29665,Person E,1853.2,2869.4,0.0,3414.32,33.17,True,Active,shazia,None,Normal,5: Lying down (controlled)
1789494167.3289523,29666,Person E,1855.5,2866.5,160.0,3413.45,33.24,True,Active,shazia,None,Normal,5: Lying down (controlled)
1789494167.3914475,29667,Person E,1858.6,2863.5,160.0,3411.49,33.28,True,Active,shazia,None,Normal,5: Lying down (controlled)
1789494167.4852114,29668,Person E,1860.8,2861.2,-80.0,3411.52,33.22,True,Active,shazia,None,Normal,5: Lying down (controlled)
1789494167.578955,29669,Person E,1862.4,2859.8,240.0,3414.03,33.19,True,Active,shazia,None,Normal,5: Lying down (controlled)
1789494167.6883023,29670,Person E,1864.2,2858.7,160.0,3414.58,33.21,True,Active,shazia,None,Normal,5: Lying down (controlled)
1789494167.7664256,29671,Person E,1866.0,2857.6,320.0,3413.19,33.2,True,Active,shazia,None,Normal,5: Lying down (controlled)
1789494167.8758116,29672,Person E,1867.7,2856.2,-80.0,3409.85,33.24,True,Active,shazia,None,Normal,5: Lying down (controlled)
1789494167.9382882,29673,Person E,1868.9,2855.2,-80.0,3409.01,33.25,True,Active,shazia,None,Normal,5: Lying down (controlled)
1789494168.0320313,29674,Person E,1869.8,2854.1,160.0,3408.99,33.31,True,Active,shazia,None,Normal,5: Lying down (controlled)
1789494168.1101518,29675,Person E,1870.3,2853.2,-80.0,3409.54,33.32,True,Active,shazia,None,Normal,5: Lying down (controlled)
1789494168.2038944,29676,Person E,1870.8,2852.9,320.0,3413.69,33.34,True,Active,shazia,None,Normal,5: Lying down (controlled)
1789494168.29764,29677,Person E,1871.8,2853.0,320.0,3417.83,33.41,True,Active,shazia,None,Normal,5: Lying down (controlled)
1789494168.3757555,29678,Person E,1873.9,2852.6,160.0,3419.74,33.55,True,Active,shazia,None,Normal,5: Lying down (controlled)
1789494168.4694989,29679,Person E,1876.6,2851.3,-80.0,3418.06,33.69,True,Active,shazia,None,Normal,5: Lying down (controlled)
1789494168.5476215,29680,Person E,1879.5,2849.5,-80.0,3415.57,33.78,True,Active,shazia,None,Normal,5: Lying down (controlled)
1789494168.6569855,29681,Person E,1882.7,2847.7,240.0,3415.85,33.82,True,Active,shazia,None,Normal,5: Lying down (controlled)
1789494168.750732,29682,Person E,1885.5,2846.3,160.0,3413.63,33.76,True,Active,shazia,None,Normal,5: Lying down (controlled)
1789494168.8288682,29683,Person E,1887.2,2845.3,-80.0,3410.03,33.58,True,Active,shazia,None,Normal,5: Lying down (controlled)
1789494168.9069688,29684,Person E,1887.5,2844.9,320.0,3407.29,33.39,True,Active,shazia,None,Normal,5: Lying down (controlled)
1789494169.0163364,29685,Person E,1888.0,2844.5,240.0,3408.95,33.43,True,Active,shazia,None,Normal,5: Lying down (controlled)
1789494169.1100798,29686,Person E,1888.6,2843.7,160.0,3410.32,33.49,True,Active,shazia,None,Normal,5: Lying down (controlled)
1789494169.2194664,29687,Person E,1888.7,2842.6,160.0,3409.2,33.53,True,Active,shazia,None,Normal,5: Lying down (controlled)
1789494169.2975864,29688,Person E,1888.3,2841.8,320.0,3410.86,33.57,True,Active,shazia,None,Normal,5: Lying down (controlled)
1789494169.3757064,29689,Person E,1888.0,2841.6,320.0,3414.73,33.67,True,Active,shazia,None,Normal,5: Lying down (controlled)
1789494169.453806,29690,Person E,1887.8,2841.8,160.0,3416.12,33.73,True,Active,shazia,None,Normal,5: Lying down (controlled)
1789494169.5631785,29691,Person E,1887.4,2841.8,-160.0,3413.63,33.76,True,Active,shazia,None,Normal,5: Lying down (controlled)
1789494169.6256728,29692,Person E,1887.1,2841.9,-80.0,3412.79,33.71,True,Active,shazia,None,Normal,5: Lying down (controlled)
1789494169.7194133,29693,Person E,1887.6,2841.8,160.0,3411.96,33.66,True,Active,shazia,None,Normal,5: Lying down (controlled)
1789494169.7975338,29694,Person E,1889.2,2841.1,160.0,3410.3,33.68,True,Active,shazia,None,Normal,5: Lying down (controlled)
1789494169.8912785,29695,Person E,1890.1,2840.4,-80.0,3408.08,33.62,True,Active,shazia,None,Normal,5: Lying down (controlled)
1789494169.985024,29696,Person E,1890.6,2840.0,320.0,3409.75,33.6,True,Active,shazia,None,Normal,5: Lying down (controlled)
1789494170.0787628,29697,Person E,1891.2,2839.7,640.0,3410.02,33.64,True,Active,shazia,None,Normal,5: Lying down (controlled)
1789494170.172526,29698,Person E,1891.5,2839.2,160.0,3408.36,33.66,True,Active,shazia,None,Normal,5: Lying down (controlled)
1789494170.2506454,29699,Person E,1891.4,2838.4,320.0,3407.52,33.73,True,Active,shazia,None,Normal,5: Lying down (controlled)
1789494170.3287668,29700,Person E,1891.0,2837.5,-80.0,3406.42,33.76,True,Active,shazia,None,Normal,5: Lying down (controlled)
1789494170.4537373,29701,Person E,1891.1,2836.6,320.0,3406.71,33.86,True,Active,shazia,None,Normal,5: Lying down (controlled)
1789494170.5474854,29702,Person E,1891.9,2835.1,160.0,3404.79,33.96,True,Active,shazia,None,Normal,5: Lying down (controlled)
1789494170.6256201,29703,Person E,1893.0,2833.2,-80.0,3402.3,33.99,True,Active,shazia,None,Normal,5: Lying down (controlled)
1789494170.70374,29704,Person E,1894.0,2831.7,-80.0,3403.4,33.96,True,Active,shazia,None,Normal,5: Lying down (controlled)
1789494170.7818434,29705,Person E,1895.2,2830.5,160.0,3404.77,33.9,True,Active,shazia,None,Normal,5: Lying down (controlled)
1789494170.9068503,29706,Person E,1896.3,2829.0,160.0,3403.38,33.9,True,Active,shazia,None,Normal,5: Lying down (controlled)
1789494171.0162013,29707,Person E,1897.3,2827.7,320.0,3404.77,33.9,True,Active,shazia,None,Normal,5: Lying down (controlled)
1789494171.094321,29708,Person E,1898.5,2826.8,320.0,3407.55,33.91,True,Active,shazia,None,Normal,5: Lying down (controlled)
1789494171.1724386,29709,Person E,1899.8,2826.0,640.0,3408.12,33.98,True,Active,shazia,None,Normal,5: Lying down (controlled)
1789494171.2505586,29710,Person E,1901.1,2825.2,160.0,3407.02,34.02,True,Active,shazia,None,Normal,5: Lying down (controlled)
1789494171.3443046,29711,Person E,1902.2,2824.4,320.0,3406.22,34.09,True,Active,shazia,None,Normal,5: Lying down (controlled)
1789494171.422421,29712,Person E,1902.8,2823.8,-80.0,3403.17,34.1,True,Active,shazia,None,Normal,5: Lying down (controlled)
1789494171.5005405,29713,Person E,1903.3,2823.4,160.0,3401.78,34.1,True,Active,shazia,None,Normal,5: Lying down (controlled)
1789494171.594284,29714,Person E,1903.7,2822.5,160.0,3398.18,34.1,True,Active,shazia,None,Normal,5: Lying down (controlled)
1789494171.6724074,29715,Person E,1903.8,2821.2,-80.0,3394.55,34.04,True,Active,shazia,None,Normal,5: Lying down (controlled)
1789494171.766147,29716,Person E,1903.5,2820.1,-80.0,3392.58,33.96,True,Active,shazia,None,Normal,5: Lying down (controlled)
1789494171.8755345,29717,Person E,1903.0,2819.1,160.0,3393.68,33.92,True,Active,shazia,None,Normal,5: Lying down (controlled)
1789494171.9536352,29718,Person E,1902.3,2817.7,160.0,3392.02,33.94,True,Active,shazia,None,Normal,5: Lying down (controlled)
1789494172.031755,29719,Person E,1901.6,2816.6,320.0,3395.09,33.99,True,Active,shazia,None,Normal,5: Lying down (controlled)
1789494172.1255174,29720,Person E,1901.3,2815.9,320.0,3399.54,34.04,True,Active,shazia,None,Normal,5: Lying down (controlled)
1789494172.219241,29721,Person E,1901.1,2815.8,160.0,3404.27,34.07,True,Active,shazia,None,Normal,5: Lying down (controlled)
1789494172.3129845,29722,Person E,1901.2,2816.0,160.0,3405.39,34.1,True,Active,shazia,None,Normal,5: Lying down (controlled)
1789494172.3911245,29723,Person E,1902.0,2816.0,320.0,3406.28,34.21,True,Active,shazia,None,Normal,5: Lying down (controlled)
1789494172.469244,29724,Person E,1903.4,2816.3,240.0,3408.53,34.26,True,Active,shazia,None,Normal,5: Lying down (controlled)
1789494172.5629704,29725,Person E,1905.7,2816.6,160.0,3409.95,34.33,True,Active,shazia,None,Normal,5: Lying down (controlled)
1789494172.687959,29726,Person E,1908.5,2816.6,-80.0,3408.3,34.35,True,Active,shazia,None,Normal,5: Lying down (controlled)
1789494172.7817223,29727,Person E,1910.9,2816.4,-80.0,3405.48,34.28,True,Active,shazia,None,Normal,5: Lying down (controlled)
1789494172.859825,29728,Person E,1912.7,2816.4,-80.0,3402.11,34.19,True,Active,shazia,None,Normal,5: Lying down (controlled)
1789494172.9223206,29729,Person E,1913.9,2816.4,160.0,3401.81,34.16,True,Active,shazia,None,Normal,5: Lying down (controlled)
1789494173.0160685,29730,Person E,1914.5,2816.0,160.0,3399.6,34.16,True,Active,shazia,None,Normal,5: Lying down (controlled)
1789494173.1098044,29731,Person E,1915.0,2815.3,320.0,3401.28,34.2,True,Active,shazia,None,Normal,5: Lying down (controlled)
1789494173.2035475,29732,Person E,1916.2,2814.5,320.0,3405.52,34.34,True,Active,shazia,None,Normal,5: Lying down (controlled)
1789494173.3441677,29733,Person E,1917.5,2813.8,160.0,3407.83,34.45,True,Active,shazia,None,Normal,5: Lying down (controlled)
1789494173.437909,29734,Person E,1918.6,2813.0,160.0,3408.13,34.49,True,Active,shazia,None,Normal,5: Lying down (controlled)
1789494173.5160296,29735,Person E,1919.1,2812.7,-80.0,3410.3,34.43,True,Active,shazia,None,Normal,5: Lying down (controlled)
1789494173.6410217,29736,Person E,1919.6,2813.2,240.0,3415.25,34.37,True,Active,shazia,None,Normal,5: Lying down (controlled)
1789494173.703517,29737,Person E,1920.4,2814.0,160.0,3416.6,34.31,True,Active,shazia,None,Normal,5: Lying down (controlled)
1789494173.797277,29738,Person E,1921.6,2814.9,320.0,3416.3,34.28,True,Active,shazia,None,Normal,5: Lying down (controlled)
1789494173.8597734,29739,Person E,1922.7,2815.4,-80.0,3412.13,34.26,True,Active,shazia,None,Normal,5: Lying down (controlled)
1789494173.953497,29740,Person E,1923.8,2815.7,240.0,3408.26,34.29,True,Active,shazia,None,Normal,5: Lying down (controlled)
1789494174.04724,29741,Person E,1924.8,2815.9,160.0,3408.56,34.32,True,Active,shazia,None,Normal,5: Lying down (controlled)
1789494174.1566083,29742,Person E,1924.9,2816.5,-80.0,3411.04,34.3,True,Active,shazia,None,Normal,5: Lying down (controlled)
1789494174.2347467,29743,Person E,1923.6,2817.9,-80.0,3412.07,34.14,True,Active,shazia,None,Normal,5: Lying down (controlled)
1789494174.3128483,29744,Person E,1921.7,2820.0,320.0,3414.79,34.03,True,Active,shazia,None,Normal,5: Lying down (controlled)
1789494174.390967,29745,Person E,1919.2,2822.2,-80.0,3414.47,33.87,True,Active,shazia,None,Normal,5: Lying down (controlled)
1789494174.4690883,29746,Person E,1916.1,2824.0,-160.0,3412.8,33.77,True,Active,shazia,None,Normal,5: Lying down (controlled)
1789494174.5940793,29747,Person E,1913.0,2825.7,-80.0,3413.35,33.72,True,Active,shazia,None,Normal,5: Lying down (controlled)
1789494174.6721983,29748,Person E,1910.4,2827.6,240.0,3417.51,33.74,True,Active,shazia,None,Normal,5: Lying down (controlled)
1789494174.7503173,29749,Person E,1908.3,2830.3,-80.0,3422.78,33.72,True,Active,shazia,None,Normal,5: Lying down (controlled)
1789494174.8284376,29750,Person E,1906.5,2833.6,320.0,3425.55,33.73,True,Active,shazia,None,Normal,5: Lying down (controlled)
1789494174.9378235,29751,Person E,1904.4,2837.1,-80.0,3425.83,33.7,True,Active,shazia,None,Normal,5: Lying down (controlled)
1789494175.0315475,29752,Person E,1901.7,2841.0,-80.0,3428.33,33.56,True,Active,shazia,None,Normal,5: Lying down (controlled)
1789494175.1096673,29753,Person E,1899.3,2844.7,160.0,3429.46,33.46,True,Active,shazia,None,Normal,5: Lying down (controlled)
1789494175.1877868,29754,Person E,1897.8,2847.4,320.0,3428.89,33.57,True,Active,shazia,None,Normal,5: Lying down (controlled)
1789494175.2659123,29755,Person E,1897.7,2849.4,320.0,3430.54,33.67,True,Active,shazia,None,Normal,5: Lying down (controlled)
1789494175.3596694,29756,Person E,1898.3,2851.1,0.0,3430.27,33.69,True,Active,shazia,None,Normal,5: Lying down (controlled)
1789494175.4690175,29757,Person E,1898.7,2852.9,-80.0,3430.55,33.61,True,Active,shazia,None,Normal,5: Lying down (controlled)
1789494175.547157,29758,Person E,1898.4,2854.8,-80.0,3431.67,33.52,True,Active,shazia,None,Normal,5: Lying down (controlled)
1789494175.6252766,29759,Person E,1897.8,2856.5,320.0,3433.62,33.48,True,Active,shazia,None,Normal,5: Lying down (controlled)
1789494175.70338,29760,Person E,1897.3,2858.0,160.0,3435.27,33.52,True,Active,shazia,None,Normal,5: Lying down (controlled)
1789494175.7971194,29761,Person E,1897.0,2858.9,160.0,3431.66,33.58,True,Active,shazia,None,Normal,5: Lying down (controlled)
1789494175.9065075,29762,Person E,1897.5,2858.8,320.0,3430.27,33.63,True,Active,shazia,None,Normal,5: Lying down (controlled)
1789494176.0002701,29763,Person E,1898.2,2858.2,0.0,3428.33,33.62,True,Active,shazia,None,Normal,5: Lying down (controlled)
1789494176.078351,29764,Person E,1898.4,2857.8,160.0,3426.66,33.63,True,Active,shazia,None,Normal,5: Lying down (controlled)
1789494176.172114,29765,Person E,1898.2,2857.3,160.0,3425.27,33.69,True,Active,shazia,None,Normal,5: Lying down (controlled)
1789494176.2502131,29766,Person E,1898.0,2856.7,-80.0,3424.16,33.72,True,Active,shazia,None,Normal,5: Lying down (controlled)
1789494176.3595834,29767,Person E,1898.5,2856.2,240.0,3429.16,33.73,True,Active,shazia,None,Normal,5: Lying down (controlled)
1789494176.4377205,29768,Person E,1899.7,2855.4,640.0,3431.66,33.76,True,Active,shazia,None,Normal,5: Lying down (controlled)
1789494176.5001974,29769,Person E,1900.8,2854.4,-80.0,3431.38,33.72,True,Active,shazia,None,Normal,5: Lying down (controlled)
1789494176.5783362,29770,Person E,1900.9,2853.6,-80.0,3429.16,33.61,True,Active,shazia,None,Normal,5: Lying down (controlled)
1789494176.6876833,29771,Person E,1900.3,2853.4,-80.0,3426.68,33.51,True,Active,shazia,None,Normal,5: Lying down (controlled)
1789494176.7814302,29772,Person E,1899.2,2853.5,160.0,3425.02,33.47,True,Active,shazia,None,Normal,5: Lying down (controlled)
1789494176.8595688,29773,Person E,1898.3,2853.3,160.0,3421.69,33.51,True,Active,shazia,None,Normal,5: Lying down (controlled)
1789494176.922043,29774,Person E,1897.9,2853.1,320.0,3422.78,33.6,True,Active,shazia,None,Normal,5: Lying down (controlled)
1789494177.0157893,29775,Person E,1897.6,2852.7,640.0,3420.28,33.69,True,Active,shazia,None,Normal,5: Lying down (controlled)
1789494177.1095295,29776,Person E,1897.4,2852.0,160.0,3417.23,33.76,True,Active,shazia,None,Normal,5: Lying down (controlled)
1789494177.2188973,29777,Person E,1896.7,2850.6,-80.0,3413.63,33.76,True,Active,shazia,None,Normal,5: Lying down (controlled)
1789494177.2970173,29778,Person E,1895.9,2848.7,320.0,3411.42,33.83,True,Active,shazia,None,Normal,5: Lying down (controlled)
1789494177.39078,29779,Person E,1895.6,2846.7,160.0,3413.09,33.87,True,Active,shazia,None,Normal,5: Lying down (controlled)
1789494177.453276,29780,Person E,1896.1,2844.2,160.0,3411.15,33.91,True,Active,shazia,None,Normal,5: Lying down (controlled)
1789494177.5626433,29781,Person E,1897.4,2841.8,320.0,3413.93,33.92,True,Active,shazia,None,Normal,5: Lying down (controlled)
1789494177.6719956,29782,Person E,1899.4,2839.5,320.0,3416.99,33.96,True,Active,shazia,None,Normal,5: Lying down (controlled)
1789494177.7501307,29783,Person E,1902.0,2837.3,160.0,3417.86,34.08,True,Active,shazia,None,Normal,5: Lying down (controlled)
1789494177.8282518,29784,Person E,1904.4,2835.0,160.0,3417.06,34.15,True,Active,shazia,None,Normal,5: Lying down (controlled)
1789494177.906369,29785,Person E,1906.7,2833.2,-80.0,3418.18,34.17,True,Active,shazia,None,Normal,5: Lying down (controlled)
1789494178.0000958,29786,Person E,1908.9,2832.3,240.0,3422.06,34.15,True,Active,shazia,None,Normal,5: Lying down (controlled)
1789494178.1250877,29787,Person E,1911.3,2831.8,640.0,3422.88,34.14,True,Active,shazia,None,Normal,5: Lying down (controlled)
1789494178.218829,29788,Person E,1913.1,2832.2,-80.0,3424.78,34.04,True,Active,shazia,None,Normal,5: Lying down (controlled)
1789494178.2813249,29789,Person E,1914.2,2832.8,-80.0,3424.2,33.96,True,Active,shazia,None,Normal,5: Lying down (controlled)
1789494178.375069,29790,Person E,1914.9,2833.6,640.0,3421.7,33.93,True,Active,shazia,None,Normal,5: Lying down (controlled)
1789494178.5313122,29791,Person E,1915.4,2834.0,160.0,3420.04,33.95,True,Active,shazia,None,Normal,5: Lying down (controlled)
1789494178.6094296,29792,Person E,1915.6,2833.9,160.0,3417.28,34.0,True,Active,shazia,None,Normal,5: Lying down (controlled)
1789494178.687548,29793,Person E,1915.5,2834.0,320.0,3418.13,34.05,True,Active,shazia,None,Normal,5: Lying down (controlled)
1789494178.7500427,29794,Person E,1915.4,2833.8,640.0,3414.84,34.15,True,Active,shazia,None,Normal,5: Lying down (controlled)
1789494178.8906605,29795,Person E,1915.3,2833.1,-80.0,3411.83,34.23,True,Active,shazia,None,Normal,5: Lying down (controlled)
1789494178.9844007,29796,Person E,1914.2,2832.3,-80.0,3409.26,34.07,True,Active,shazia,None,Normal,5: Lying down (controlled)
1789494179.0781453,29797,Person E,1912.2,2831.7,-80.0,3406.72,33.92,True,Active,shazia,None,Normal,5: Lying down (controlled)
1789494179.1562839,29798,Person E,1910.1,2830.9,160.0,3406.42,33.82,True,Active,shazia,None,Normal,5: Lying down (controlled)
1789494179.21876,29799,Person E,1908.2,2829.8,160.0,3404.48,33.8,True,Active,shazia,None,Normal,5: Lying down (controlled)
1789494179.3125231,29800,Person E,1906.9,2828.8,320.0,3406.15,33.84,True,Active,shazia,None,Normal,5: Lying down (controlled)
1789494179.3906236,29801,Person E,1906.2,2828.0,320.0,3409.49,33.93,True,Active,shazia,None,Normal,5: Lying down (controlled)
1789494179.4843695,29802,Person E,1905.8,2827.6,-80.0,3411.73,33.98,True,Active,shazia,None,Normal,5: Lying down (controlled)
1789494179.562506,29803,Person E,1904.7,2827.6,-80.0,3411.98,33.9,True,Active,shazia,None,Normal,5: Lying down (controlled)
1789494179.6406257,29804,Person E,1902.4,2828.9,-80.0,3412.79,33.71,True,Active,shazia,None,Normal,5: Lying down (controlled)
1789494179.9374602,29805,Person E,1899.2,2831.4,240.0,3414.75,33.55,True,Active,shazia,None,Normal,5: Lying down (controlled)
1789494180.0155835,29806,Person E,1896.8,2833.7,160.0,3415.03,33.52,True,Active,shazia,None,Normal,5: Lying down (controlled)
1789494180.1093276,29807,Person E,1895.3,2835.6,320.0,3414.19,33.53,True,Active,shazia,None,Normal,5: Lying down (controlled)
1789494180.1874464,29808,Person E,1894.5,2837.2,320.0,3415.3,33.56,True,Active,shazia,None,Normal,5: Lying down (controlled)
1789494180.2655823,29809,Person E,1894.0,2839.3,-80.0,3419.18,33.54,True,Active,shazia,None,Normal,5: Lying down (controlled)
1789494180.3280787,29810,Person E,1893.3,2841.5,160.0,3420.57,33.54,True,Active,shazia,None,Normal,5: Lying down (controlled)
1789494180.421805,29811,Person E,1891.9,2844.0,-80.0,3422.52,33.5,True,Active,shazia,None,Normal,5: Lying down (controlled)
1789494180.4843018,29812,Person E,1890.0,2846.9,-80.0,3425.3,33.45,True,Active,shazia,None,Normal,5: Lying down (controlled)
1789494180.5780618,29813,Person E,1888.8,2849.6,320.0,3427.79,33.48,True,Active,shazia,None,Normal,5: Lying down (controlled)
1789494180.656181,29814,Person E,1888.7,2851.2,160.0,3425.56,33.55,True,Active,shazia,None,Normal,5: Lying down (controlled)
1789494180.7186775,29815,Person E,1889.4,2851.8,-80.0,3423.62,33.59,True,Active,shazia,None,Normal,5: Lying down (controlled)
1789494180.828024,29816,Person E,1890.8,2851.7,320.0,3421.95,33.73,True,Active,shazia,None,Normal,5: Lying down (controlled)
1789494180.9061465,29817,Person E,1892.8,2851.4,160.0,3422.79,33.84,True,Active,shazia,None,Normal,5: Lying down (controlled)
1789494180.984284,29818,Person E,1895.0,2851.0,-80.0,3424.19,33.9,True,Active,shazia,None,Normal,5: Lying down (controlled)
1789494181.0624025,29819,Person E,1897.2,2850.3,320.0,3425.58,33.91,True,Active,shazia,None,Normal,5: Lying down (controlled)
1789494181.1405241,29820,Person E,1899.5,2849.8,320.0,3429.18,33.91,True,Active,shazia,None,Normal,5: Lying down (controlled)
1789494181.2342665,29821,Person E,1902.1,2849.0,160.0,3430.3,33.94,True,Active,shazia,None,Normal,5: Lying down (controlled)
1789494181.3436167,29822,Person E,1905.0,2847.5,160.0,3428.93,33.99,True,Active,shazia,None,Normal,5: Lying down (controlled)
1789494181.421734,29823,Person E,1908.1,2845.4,320.0,3427.58,34.11,True,Active,shazia,None,Normal,5: Lying down (controlled)
1789494181.484249,29824,Person E,1911.6,2843.5,240.0,3429.3,34.21,True,Active,shazia,None,Normal,5: Lying down (controlled)
1789494181.5779784,29825,Person E,1915.0,2841.6,160.0,3426.82,34.24,True,Active,shazia,None,Normal,5: Lying down (controlled)
1789494181.6717176,29826,Person E,1917.7,2840.2,320.0,3425.43,34.23,True,Active,shazia,None,Normal,5: Lying down (controlled)
1789494181.7654595,29827,Person E,1919.8,2839.3,320.0,3427.08,34.21,True,Active,shazia,None,Normal,5: Lying down (controlled)
1789494181.8435996,29828,Person E,1921.8,2838.5,240.0,3428.77,34.26,True,Active,shazia,None,Normal,5: Lying down (controlled)
1789494181.9217186,29829,Person E,1923.9,2837.7,160.0,3430.72,34.27,True,Active,shazia,None,Normal,5: Lying down (controlled)
1789494181.9998214,29830,Person E,1926.2,2836.5,320.0,3432.15,34.34,True,Active,shazia,None,Normal,5: Lying down (controlled)
1789494182.109187,29831,Person E,1928.5,2835.1,-80.0,3431.63,34.38,True,Active,shazia,None,Normal,5: Lying down (controlled)
1789494182.187306,29832,Person E,1930.7,2833.4,640.0,3427.24,34.46,True,Active,shazia,None,Normal,5: Lying down (controlled)
1789494182.2654257,29833,Person E,1932.3,2831.8,-80.0,3423.38,34.48,True,Active,shazia,None,Normal,5: Lying down (controlled)
1789494182.3435478,29834,Person E,1932.7,2830.3,-80.0,3419.16,34.41,True,Active,shazia,None,Normal,5: Lying down (controlled)
1789494182.4216843,29835,Person E,1932.4,2829.2,-80.0,3416.04,34.3,True,Active,shazia,None,Normal,5: Lying down (controlled)
1789494182.5154116,29836,Person E,1931.9,2828.3,160.0,3415.17,34.25,True,Active,shazia,None,Normal,5: Lying down (controlled)
1789494182.6091545,29837,Person E,1930.9,2827.2,160.0,3412.36,34.18,True,Active,shazia,None,Normal,5: Lying down (controlled)
1789494182.6872919,29838,Person E,1929.0,2826.2,-80.0,3409.82,34.09,True,Active,shazia,None,Normal,5: Lying down (controlled)
1789494182.765391,29839,Person E,1926.4,2825.5,240.0,3410.34,33.98,True,Active,shazia,None,Normal,5: Lying down (controlled)
1789494182.8435307,29840,Person E,1923.3,2824.9,160.0,3409.78,33.97,True,Active,shazia,None,Normal,5: Lying down (controlled)
1789494182.9372573,29841,Person E,1920.0,2824.5,160.0,3409.78,33.97,True,Active,shazia,None,Normal,5: Lying down (controlled)
1789494183.0309978,29842,Person E,1916.3,2824.9,-80.0,3409.77,33.9,True,Active,shazia,None,Normal,5: Lying down (controlled)
1789494183.1091173,29843,Person E,1912.7,2826.1,240.0,3413.09,33.87,True,Active,shazia,None,Normal,5: Lying down (controlled)
1789494183.1872568,29844,Person E,1909.4,2828.1,-80.0,3417.23,33.76,True,Active,shazia,None,Normal,5: Lying down (controlled)
1789494183.2653627,29845,Person E,1906.3,2830.6,-80.0,3419.45,33.63,True,Active,shazia,None,Normal,5: Lying down (controlled)
1789494183.3591003,29846,Person E,1903.4,2833.5,320.0,3423.06,33.57,True,Active,shazia,None,Normal,5: Lying down (controlled)
1789494183.4684713,29847,Person E,1901.1,2836.2,640.0,3421.95,33.61,True,Active,shazia,None,Normal,5: Lying down (controlled)
1789494183.546607,29848,Person E,1899.6,2838.5,160.0,3420.56,33.66,True,Active,shazia,None,Normal,5: Lying down (controlled)
1789494183.6247098,29849,Person E,1898.6,2840.1,80.0,3418.06,33.69,True,Active,shazia,None,Normal,5: Lying down (controlled)
1789494183.702848,29850,Person E,1897.7,2841.8,240.0,3418.89,33.68,True,Active,shazia,None,Normal,5: Lying down (controlled)
1789494183.7809465,29851,Person E,1896.8,2843.2,640.0,3416.4,33.71,True,Active,shazia,None,Normal,5: Lying down (controlled)
1789494183.8903162,29852,Person E,1896.0,2844.3,-160.0,3414.46,33.69,True,Active,shazia,None,Normal,5: Lying down (controlled)
1789494183.9528298,29853,Person E,1894.4,2845.2,-80.0,3411.69,33.56,True,Active,shazia,None,Normal,5: Lying down (controlled)
1789494184.0465565,29854,Person E,1892.1,2846.1,-80.0,3412.02,33.35,True,Active,shazia,None,Normal,5: Lying down (controlled)
1789494184.2496686,29855,Person E,1889.4,2847.2,160.0,3413.77,33.15,True,Active,shazia,None,Normal,5: Lying down (controlled)
1789494184.374656,29856,Person E,1886.9,2847.6,160.0,3412.65,33.19,True,Active,shazia,None,Normal,5: Lying down (controlled)
1789494184.437154,29857,Person E,1885.0,2848.0,320.0,3414.81,33.3,True,Active,shazia,None,Normal,5: Lying down (controlled)
1789494184.530915,29858,Person E,1883.5,2848.3,640.0,3414.77,33.42,True,Active,shazia,None,Normal,5: Lying down (controlled)
1789494184.6090198,29859,Person E,1882.4,2848.3,160.0,3411.97,33.54,True,Active,shazia,None,Normal,5: Lying down (controlled)
1789494184.671514,29860,Person E,1881.5,2848.1,320.0,3412.25,33.57,True,Active,shazia,None,Normal,5: Lying down (controlled)
1789494184.7652538,29861,Person E,1881.1,2848.1,240.0,3414.18,33.65,True,Active,shazia,None,Normal,5: Lying down (controlled)
1789494184.8589976,29862,Person E,1881.3,2848.2,160.0,3416.4,33.71,True,Active,shazia,None,Normal,5: Lying down (controlled)
1789494184.9371371,29863,Person E,1882.6,2847.7,160.0,3414.74,33.79,True,Active,shazia,None,Normal,5: Lying down (controlled)
1789494184.9996326,29864,Person E,1885.3,2846.4,320.0,3416.13,33.85,True,Active,shazia,None,Normal,5: Lying down (controlled)
1789494185.0933588,29865,Person E,1889.6,2844.0,320.0,3417.55,33.98,True,Active,shazia,None,Normal,5: Lying down (controlled)
1789494185.1714773,29866,Person E,1894.0,2841.5,160.0,3416.18,34.03,True,Active,shazia,None,Normal,5: Lying down (controlled)
1789494185.280843,29867,Person E,1897.3,2838.9,-80.0,3411.46,34.01,True,Active,shazia,None,Normal,5: Lying down (controlled)
1789494185.3589835,29868,Person E,1899.0,2836.7,-80.0,3405.88,33.87,True,Active,shazia,None,Normal,5: Lying down (controlled)
1789494185.4371033,29869,Person E,1899.5,2835.2,160.0,3402.26,33.75,True,Active,shazia,None,Normal,5: Lying down (controlled)
1789494185.5152233,29870,Person E,1899.3,2833.7,80.0,3398.65,33.69,True,Active,shazia,None,Normal,5: Lying down (controlled)
1789494185.6089473,29871,Person E,1898.6,2832.5,320.0,3400.31,33.67,True,Active,shazia,None,Normal,5: Lying down (controlled)
1789494185.6870651,29872,Person E,1898.2,2831.2,320.0,3403.37,33.77,True,Active,shazia,None,Normal,5: Lying down (controlled)
1789494185.7808118,29873,Person E,1898.2,2829.8,160.0,3403.11,33.92,True,Active,shazia,None,Normal,5: Lying down (controlled)
1789494185.8433073,29874,Person E,1898.4,2828.2,160.0,3403.98,34.03,True,Active,shazia,None,Normal,5: Lying down (controlled)
1789494185.9370508,29875,Person E,1898.0,2827.0,-80.0,3405.37,34.04,True,Active,shazia,None,Normal,5: Lying down (controlled)
1789494186.0151696,29876,Person E,1897.5,2826.4,160.0,3408.41,34.02,True,Active,shazia,None,Normal,5: Lying down (controlled)
1789494186.108914,29877,Person E,1897.6,2826.5,-80.0,3412.85,34.01,True,Active,shazia,None,Normal,5: Lying down (controlled)
1789494186.187035,29878,Person E,1898.5,2826.9,-80.0,3414.22,33.96,True,Active,shazia,None,Normal,5: Lying down (controlled)
1789494186.249547,29879,Person E,1900.3,2827.5,320.0,3417.26,33.94,True,Active,shazia,None,Normal,5: Lying down (controlled)
1789494186.3589134,29880,Person E,1903.0,2827.9,160.0,3417.01,34.02,True,Active,shazia,None,Normal,5: Lying down (controlled)
1789494186.4526389,29881,Person E,1905.9,2827.8,160.0,3415.65,34.08,True,Active,shazia,None,Normal,5: Lying down (controlled)
1789494186.5463817,29882,Person E,1907.9,2828.1,-80.0,3417.01,34.02,True,Active,shazia,None,Normal,5: Lying down (controlled)
1789494186.6245034,29883,Person E,1909.0,2829.5,-80.0,3420.87,33.94,True,Active,shazia,None,Normal,5: Lying down (controlled)
1789494186.7026412,29884,Person E,1909.4,2831.6,160.0,3423.63,33.89,True,Active,shazia,None,Normal,5: Lying down (controlled)
1789494186.796384,29885,Person E,1909.1,2834.3,-80.0,3426.11,33.74,True,Active,shazia,None,Normal,5: Lying down (controlled)
1789494186.9057367,29886,Person E,1907.8,2837.8,-80.0,3430.28,33.51,True,Active,shazia,None,Normal,5: Lying down (controlled)
1789494186.9838505,29887,Person E,1905.3,2842.1,160.0,3434.8,33.26,True,Active,shazia,None,Normal,5: Lying down (controlled)
1789494187.0619738,29888,Person E,1898.2,2849.9,-80.0,3440.78,32.25,True,Active,shazia,None,Normal,5: Lying down (controlled)
1789494187.155735,29889,Person E,1887.1,2860.4,-80.0,3445.69,31.43,True,Active,shazia,None,Normal,5: Lying down (controlled)
1789494187.2338345,29890,Person E,1873.5,2873.5,240.0,3454.5,30.94,True,Active,shazia,None,Normal,5: Lying down (controlled)
1789494187.3432016,29891,Person E,1858.8,2888.6,-80.0,3464.49,30.67,True,Active,shazia,None,Normal,5: Lying down (controlled)
1789494187.4525719,29892,Person E,1844.6,2903.7,-80.0,3468.6,30.68,True,Active,shazia,None,Normal,5: Lying down (controlled)
1789494187.5150678,29893,Person E,1831.5,2917.9,320.0,3470.63,30.84,True,Active,shazia,None,Normal,5: Lying down (controlled)
1789494187.5931873,29894,Person E,1819.4,2930.8,720.0,3467.53,31.04,True,Active,shazia,None,Normal,5: Lying down (controlled)
1789494187.686948,29895,Person E,1808.6,2942.2,160.0,3464.3,31.21,True,Active,shazia,None,Normal,5: Lying down (controlled)
1789494187.7963147,29896,Person E,1799.1,2952.2,-80.0,3463.81,31.29,True,Active,shazia,None,Normal,5: Lying down (controlled)
1789494187.8744187,29897,Person E,1791.2,2961.0,240.0,3466.93,31.37,True,Active,shazia,None,Normal,5: Lying down (controlled)
1789494187.9525347,29898,Person E,1788.3,2966.0,160.0,3467.97,31.4,True,Active,shazia,None,Normal,5: Lying down (controlled)
1789494188.0462787,29899,Person E,1789.1,2967.9,-80.0,3466.08,31.38,True,Active,shazia,None,Normal,5: Lying down (controlled)
1789494188.14003,29900,Person E,1791.9,2967.5,320.0,3465.56,31.37,True,Active,shazia,None,Normal,5: Lying down (controlled)
1789494188.2493892,29901,Person E,1795.5,2965.6,160.0,3466.75,31.34,True,Active,shazia,None,Normal,5: Lying down (controlled)
1789494188.3431535,29902,Person E,1798.9,2963.4,160.0,3467.27,31.35,True,Active,shazia,None,Normal,5: Lying down (controlled)
1789494188.4212751,29903,Person E,1801.6,2961.4,-80.0,3467.45,31.39,True,Active,shazia,None,Normal,5: Lying down (controlled)
1789494188.499392,29904,Person E,1804.1,2960.0,320.0,3468.55,31.51,True,Active,shazia,None,Normal,5: Lying down (controlled)
1789494188.5775113,29905,Person E,1806.4,2958.9,160.0,3466.9,31.63,True,Active,shazia,None,Normal,5: Lying down (controlled)
1789494188.7025037,29906,Person E,1808.9,2957.2,160.0,3462.4,31.79,True,Active,shazia,None,Normal,5: Lying down (controlled)
1789494188.780606,29907,Person E,1811.0,2954.7,-80.0,3456.66,31.89,True,Active,shazia,None,Normal,5: Lying down (controlled)
1789494188.858742,29908,Person E,1812.4,2952.2,-80.0,3454.02,31.82,True,Active,shazia,None,Normal,5: Lying down (controlled)
1789494188.9368427,29909,Person E,1813.5,2949.8,160.0,3451.39,31.75,True,Active,shazia,None,Normal,5: Lying down (controlled)
1789494189.0305858,29910,Person E,1814.6,2947.5,-80.0,3451.71,31.72,True,Active,shazia,None,Normal,5: Lying down (controlled)
1789494189.1243303,29911,Person E,1815.7,2945.2,-80.0,3452.89,31.69,True,Active,shazia,None,Normal,5: Lying down (controlled)
1789494189.2336965,29912,Person E,1816.7,2942.8,160.0,3452.04,31.7,True,Active,shazia,None,Normal,5: Lying down (controlled)
1789494189.3118162,29913,Person E,1817.6,2940.0,160.0,3448.31,31.76,True,Active,shazia,None,Normal,5: Lying down (controlled)
1789494189.405561,29914,Person E,1818.0,2937.1,-80.0,3445.96,31.82,True,Active,shazia,None,Normal,5: Lying down (controlled)
1789494189.4680567,29915,Person E,1817.6,2934.3,0.0,3440.98,31.81,True,Active,shazia,None,Normal,5: Lying down (controlled)
1789494189.624294,29916,Person E,1816.8,2932.1,160.0,3439.49,31.87,True,Active,shazia,None,Normal,5: Lying down (controlled)
1789494189.7024345,29917,Person E,1815.8,2930.9,-80.0,3441.19,31.85,True,Active,shazia,None,Normal,5: Lying down (controlled)
1789494189.780537,29918,Person E,1815.6,2929.9,320.0,3444.47,31.88,True,Active,shazia,None,Normal,5: Lying down (controlled)
1789494189.8586562,29919,Person E,1816.8,2928.6,320.0,3446.69,32.03,True,Active,shazia,None,Normal,5: Lying down (controlled)
1789494189.9524033,29920,Person E,1818.8,2927.0,-80.0,3448.71,32.15,True,Active,shazia,None,Normal,5: Lying down (controlled)
1789494190.0305166,29921,Person E,1821.3,2924.6,-160.0,3445.77,32.26,True,Active,shazia,None,Normal,5: Lying down (controlled)
1789494190.1555288,29922,Person E,1824.1,2922.0,-80.0,3444.83,32.32,True,Active,shazia,None,Normal,5: Lying down (controlled)
1789494190.2336476,29923,Person E,1827.1,2919.7,160.0,3444.75,32.38,True,Active,shazia,None,Normal,5: Lying down (controlled)
1789494190.4836137,29924,Person E,1830.0,2918.0,-80.0,3446.98,32.38,True,Active,shazia,None,Normal,5: Lying down (controlled)
1789494190.5461097,29925,Person E,1832.5,2917.0,-80.0,3445.77,32.26,True,Active,shazia,None,Normal,5: Lying down (controlled)
1789494190.639851,29926,Person E,1834.3,2916.7,320.0,3446.49,32.15,True,Active,shazia,None,Normal,5: Lying down (controlled)
1789494190.7492182,29927,Person E,1835.5,2916.4,-80.0,3444.99,32.05,True,Active,shazia,None,Normal,5: Lying down (controlled)
1789494190.8273373,29928,Person E,1836.2,2915.8,160.0,3443.09,32.03,True,Active,shazia,None,Normal,5: Lying down (controlled)
1789494190.9054565,29929,Person E,1836.6,2914.9,320.0,3441.19,32.17,True,Active,shazia,None,Normal,5: Lying down (controlled)
1789494190.9679542,29930,Person E,1837.1,2914.0,240.0,3443.77,32.3,True,Active,shazia,None,Normal,5: Lying down (controlled)
1789494191.0773191,29931,Person E,1837.8,2912.8,640.0,3439.38,32.46,True,Active,shazia,None,Normal,5: Lying down (controlled)
1789494191.1710632,29932,Person E,1838.8,2911.4,320.0,3438.39,32.59,True,Active,shazia,None,Normal,5: Lying down (controlled)
1789494191.2491868,29933,Person E,1840.1,2910.1,320.0,3440.78,32.68,True,Active,shazia,None,Normal,5: Lying down (controlled)
1789494191.327322,29934,Person E,1841.4,2908.7,-80.0,3442.16,32.69,True,Active,shazia,None,Normal,5: Lying down (controlled)
1789494191.405442,29935,Person E,1843.7,2906.8,160.0,3442.1,32.75,True,Active,shazia,None,Normal,5: Lying down (controlled)
1789494191.4991653,29936,Person E,1847.2,2904.1,320.0,3442.53,32.88,True,Active,shazia,None,Normal,5: Lying down (controlled)
1789494191.5772886,29937,Person E,1852.0,2900.9,240.0,3443.82,33.01,True,Active,shazia,None,Normal,5: Lying down (controlled)
1789494191.6554263,29938,Person E,1857.3,2897.4,160.0,3442.11,33.09,True,Active,shazia,None,Normal,5: Lying down (controlled)
1789494191.7335458,29939,Person E,1862.0,2894.2,-160.0,3439.59,33.11,True,Active,shazia,None,Normal,5: Lying down (controlled)
1789494191.8116472,29940,Person E,1865.6,2891.1,-80.0,3437.12,33.08,True,Active,shazia,None,Normal,5: Lying down (controlled)
1789494191.9053884,29941,Person E,1868.4,2888.6,0.0,3433.51,33.08,True,Active,shazia,None,Normal,5: Lying down (controlled)
1789494191.983507,29942,Person E,1870.6,2886.4,160.0,3431.84,33.1,True,Active,shazia,None,Normal,5: Lying down (controlled)
1789494192.061647,29943,Person E,1872.0,2883.8,160.0,3426.56,33.11,True,Active,shazia,None,Normal,5: Lying down (controlled)
1789494192.1397507,29944,Person E,1873.3,2880.8,320.0,3424.04,33.14,True,Active,shazia,None,Normal,5: Lying down (controlled)
1789494192.2178712,29945,Person E,1874.4,2877.6,640.0,3421.24,33.19,True,Active,shazia,None,Normal,5: Lying down (controlled)
1789494192.295989,29946,Person E,1875.0,2874.2,160.0,3417.32,33.28,True,Active,shazia,None,Normal,5: Lying down (controlled)
1789494192.3741095,29947,Person E,1875.0,2870.6,-160.0,3413.69,33.34,True,Active,shazia,None,Normal,5: Lying down (controlled)
1789494192.4678493,29948,Person E,1874.7,2867.3,-80.0,3412.85,33.35,True,Active,shazia,None,Normal,5: Lying down (controlled)
1789494192.5459886,29949,Person E,1874.6,2864.2,160.0,3413.12,33.38,True,Active,shazia,None,Normal,5: Lying down (controlled)
1789494192.6241088,29950,Person E,1875.2,2860.8,320.0,3411.98,33.48,True,Active,shazia,None,Normal,5: Lying down (controlled)
1789494192.7178352,29951,Person E,1876.4,2857.7,320.0,3414.19,33.53,True,Active,shazia,None,Normal,5: Lying down (controlled)
1789494192.795955,29952,Person E,1878.2,2854.8,320.0,3417.51,33.62,True,Active,shazia,None,Normal,5: Lying down (controlled)
1789494192.874072,29953,Person E,1880.6,2852.1,160.0,3417.23,33.7,True,Active,shazia,None,Normal,5: Lying down (controlled)
1789494192.9521909,29954,Person E,1882.9,2849.6,-160.0,3415.84,33.69,True,Active,shazia,None,Normal,5: Lying down (controlled)
1789494193.0459554,29955,Person E,1885.0,2847.8,-80.0,3417.79,33.65,True,Active,shazia,None,Normal,5: Lying down (controlled)
1789494193.1396782,29956,Person E,1886.9,2847.1,240.0,3421.95,33.61,True,Active,shazia,None,Normal,5: Lying down (controlled)
1789494193.2334216,29957,Person E,1888.4,2847.2,160.0,3422.79,33.54,True,Active,shazia,None,Normal,5: Lying down (controlled)
1789494193.3115628,29958,Person E,1889.9,2847.7,320.0,3425.29,33.51,True,Active,shazia,None,Normal,5: Lying down (controlled)
1789494193.3896644,29959,Person E,1891.7,2848.4,320.0,3428.89,33.57,True,Active,shazia,None,Normal,5: Lying down (controlled)
1789494193.4834056,29960,Person E,1893.7,2849.2,640.0,3429.71,33.68,True,Active,shazia,None,Normal,5: Lying down (controlled)
1789494193.5771475,29961,Person E,1895.7,2849.7,160.0,3429.44,33.76,True,Active,shazia,None,Normal,5: Lying down (controlled)
1789494193.6552682,29962,Person E,1897.7,2849.7,320.0,3428.62,33.89,True,Active,shazia,None,Normal,5: Lying down (controlled)
1789494193.749014,29963,Person E,1899.7,2849.8,240.0,3429.2,33.97,True,Active,shazia,None,Normal,5: Lying down (controlled)
1789494193.8271341,29964,Person E,1902.1,2849.3,640.0,3425.07,34.08,True,Active,shazia,None,Normal,5: Lying down (controlled)
1789494193.9208803,29965,Person E,1904.7,2848.2,320.0,3423.15,34.12,True,Active,shazia,None,Normal,5: Lying down (controlled)
1789494194.0146182,29966,Person E,1906.9,2846.5,-80.0,3420.08,34.07,True,Active,shazia,None,Normal,5: Lying down (controlled)
1789494194.1239872,29967,Person E,1909.2,2844.5,240.0,3418.96,34.04,True,Active,shazia,None,Normal,5: Lying down (controlled)
1789494194.2021086,29968,Person E,1911.6,2842.1,160.0,3418.69,34.07,True,Active,shazia,None,Normal,5: Lying down (controlled)
1789494194.2802274,29969,Person E,1913.3,2839.9,-80.0,3420.06,34.01,True,Active,shazia,None,Normal,5: Lying down (controlled)
1789494194.3583448,29970,Person E,1914.5,2838.4,320.0,3423.93,33.99,True,Active,shazia,None,Normal,5: Lying down (controlled)
1789494194.4833403,29971,Person E,1915.9,2837.2,320.0,3427.29,34.07,True,Active,shazia,None,Normal,5: Lying down (controlled)
1789494194.6239545,29972,Person E,1917.2,2836.5,-80.0,3430.09,34.14,True,Active,shazia,None,Normal,5: Lying down (controlled)
1789494194.7177148,29973,Person E,1918.0,2835.8,-160.0,3427.88,34.14,True,Active,shazia,None,Normal,5: Lying down (controlled)
1789494194.7802103,29974,Person E,1917.8,2835.6,-80.0,3422.3,34.07,True,Active,shazia,None,Normal,5: Lying down (controlled)
1789494194.8739536,29975,Person E,1917.1,2835.5,160.0,3418.4,34.03,True,Active,shazia,None,Normal,5: Lying down (controlled)
1789494194.952053,29976,Person E,1916.5,2835.9,-80.0,3420.04,33.95,True,Active,shazia,None,Normal,5: Lying down (controlled)
1789494195.0458,29977,Person E,1916.0,2836.8,320.0,3423.63,33.89,True,Active,shazia,None,Normal,5: Lying down (controlled)
1789494195.12392,29978,Person E,1915.8,2838.0,320.0,3427.52,33.93,True,Active,shazia,None,Normal,5: Lying down (controlled)
1789494195.2020366,29979,Person E,1916.4,2838.6,160.0,3428.39,34.04,True,Active,shazia,None,Normal,5: Lying down (controlled)
1789494195.2801588,29980,Person E,1917.1,2838.4,-160.0,3426.19,34.1,True,Active,shazia,None,Normal,5: Lying down (controlled)
1789494195.373899,29981,Person E,1917.3,2838.1,-80.0,3425.93,34.13,True,Active,shazia,None,Normal,5: Lying down (controlled)
1789494195.4520226,29982,Person E,1916.9,2838.2,240.0,3428.68,34.07,True,Active,shazia,None,Normal,5: Lying down (controlled)
1789494195.5457654,29983,Person E,1916.0,2839.4,-80.0,3432.79,33.91,True,Active,shazia,None,Normal,5: Lying down (controlled)
1789494195.6082623,29984,Person E,1915.4,2841.6,320.0,3437.2,33.78,True,Active,shazia,None,Normal,5: Lying down (controlled)
1789494195.7020023,29985,Person E,1915.7,2844.1,320.0,3440.82,33.84,True,Active,shazia,None,Normal,5: Lying down (controlled)
1789494195.8113701,29986,Person E,1916.7,2846.2,160.0,3443.05,33.89,True,Active,shazia,None,Normal,5: Lying down (controlled)
1789494195.8738687,29987,Person E,1917.8,2847.8,-80.0,3443.05,33.89,True,Active,shazia,None,Normal,5: Lying down (controlled)
1789494195.9676123,29988,Person E,1918.2,2849.3,-80.0,3442.2,33.84,True,Active,shazia,None,Normal,5: Lying down (controlled)
1789494196.0769775,29989,Person E,1917.9,2851.5,240.0,3444.97,33.79,True,Active,shazia,None,Normal,5: Lying down (controlled)
1789494196.139475,29990,Person E,1917.3,2854.2,160.0,3445.25,33.77,True,Active,shazia,None,Normal,5: Lying down (controlled)
1789494196.2488391,29991,Person E,1916.2,2856.9,160.0,3442.19,33.72,True,Active,shazia,None,Normal,5: Lying down (controlled)
1789494196.3426037,29992,Person E,1914.3,2859.3,-80.0,3438.04,33.59,True,Active,shazia,None,Normal,5: Lying down (controlled)
1789494196.4363465,29993,Person E,1912.2,2861.2,-80.0,3436.96,33.44,True,Active,shazia,None,Normal,5: Lying down (controlled)
1789494196.5144477,29994,Person E,1910.1,2862.5,160.0,3436.42,33.37,True,Active,shazia,None,Normal,5: Lying down (controlled)
1789494196.5925663,29995,Person E,1907.5,2863.3,160.0,3433.08,33.4,True,Active,shazia,None,Normal,5: Lying down (controlled)
1789494196.6863122,29996,Person E,1904.8,2863.8,320.0,3432.23,33.47,True,Active,shazia,None,Normal,5: Lying down (controlled)
1789494196.795681,29997,Person E,1902.3,2864.3,160.0,3433.34,33.5,True,Active,shazia,None,Normal,5: Lying down (controlled)
1789494196.858176,29998,Person E,1899.6,2865.0,80.0,3433.08,33.4,True,Active,shazia,None,Normal,5: Lying down (controlled)
1789494196.9519355,29999,Person E,1896.7,2865.4,-80.0,3432.27,33.35,True,Active,shazia,None,Normal,5: Lying down (controlled)
1789494197.0300386,30000,Person E,1893.2,2865.5,0.0,3426.75,33.27,True,Active,shazia,None,Normal,5: Lying down (controlled)
1789494197.1237824,30001,Person E,1889.8,2865.4,160.0,3422.6,33.26,True,Active,shazia,None,Normal,5: Lying down (controlled)
1789494197.264415,30002,Person E,1887.1,2864.8,160.0,3418.16,33.27,True,Active,shazia,None,Normal,5: Lying down (controlled)
1789494197.358143,30003,Person E,1884.7,2863.7,-80.0,3414.58,33.21,True,Active,shazia,None,Normal,5: Lying down (controlled)
1789494197.4206367,30004,Person E,1882.7,2862.3,320.0,3413.74,33.22,True,Active,shazia,None,Normal,5: Lying down (controlled)
1789494197.514382,30005,Person E,1880.8,2861.0,160.0,3411.78,33.26,True,Active,shazia,None,Normal,5: Lying down (controlled)
1789494197.5925004,30006,Person E,1878.6,2860.1,-80.0,3412.62,33.25,True,Active,shazia,None,Normal,5: Lying down (controlled)
1789494197.686241,30007,Person E,1875.8,2859.5,-80.0,3412.94,33.16,True,Active,shazia,None,Normal,5: Lying down (controlled)
1789494197.748757,30008,Person E,1873.4,2859.1,240.0,3416.58,33.1,True,Active,shazia,None,Normal,5: Lying down (controlled)
1789494197.8268566,30009,Person E,1871.2,2858.7,160.0,3416.87,33.08,True,Active,shazia,None,Normal,5: Lying down (controlled)
1789494197.9518487,30010,Person E,1870.0,2858.6,320.0,3419.34,33.11,True,Active,shazia,None,Normal,5: Lying down (controlled)
1789494198.0143461,30011,Person E,1869.7,2858.8,320.0,3422.63,33.2,True,Active,shazia,None,Normal,5: Lying down (controlled)
1789494198.123714,30012,Person E,1870.4,2859.0,160.0,3423.67,33.35,True,Active,shazia,None,Normal,5: Lying down (controlled)
1789494198.1862097,30013,Person E,1872.3,2858.8,160.0,3423.35,33.49,True,Active,shazia,None,Normal,5: Lying down (controlled)
1789494198.2799692,30014,Person E,1874.6,2858.4,-80.0,3423.06,33.57,True,Active,shazia,None,Normal,5: Lying down (controlled)
1789494198.3893218,30015,Person E,1877.0,2858.5,240.0,3425.83,33.58,True,Active,shazia,None,Normal,5: Lying down (controlled)
1789494198.483081,30016,Person E,1879.3,2858.5,80.0,3425.28,33.57,True,Active,shazia,None,Normal,5: Lying down (controlled)
1789494198.592448,30017,Person E,1881.5,2858.4,-80.0,3424.19,33.48,True,Active,shazia,None,Normal,5: Lying down (controlled)
1789494198.686191,30018,Person E,1883.5,2857.9,320.0,3423.37,33.43,True,Active,shazia,None,Normal,5: Lying down (controlled)
1789494198.7486873,30019,Person E,1885.6,2856.9,720.0,3420.03,33.47,True,Active,shazia,None,Normal,5: Lying down (controlled)
1789494198.842432,30020,Person E,1887.4,2855.5,160.0,3417.53,33.49,True,Active,shazia,None,Normal,5: Lying down (controlled)
1789494198.9361742,30021,Person E,1888.7,2854.2,-80.0,3418.91,33.5,True,Active,shazia,None,Normal,5: Lying down (controlled)
1789494199.029901,30022,Person E,1889.6,2853.5,320.0,3422.79,33.54,True,Active,shazia,None,Normal,5: Lying down (controlled)
1789494199.0923972,30023,Person E,1890.0,2853.1,640.0,3422.23,33.58,True,Active,shazia,None,Normal,5: Lying down (controlled)
1789494199.170514,30024,Person E,1890.0,2852.7,320.0,3419.73,33.61,True,Active,shazia,None,Normal,5: Lying down (controlled)
1789494199.3423831,30025,Person E,1889.4,2851.6,-80.0,3413.35,33.6,True,Active,shazia,None,Normal,5: Lying down (controlled)
1789494199.5142598,30026,Person E,1888.7,2850.0,240.0,3408.08,33.62,True,Active,shazia,None,Normal,5: Lying down (controlled)
1789494199.5923805,30027,Person E,1888.6,2847.9,160.0,3406.14,33.66,True,Active,shazia,None,Normal,5: Lying down (controlled)
1789494199.670483,30028,Person E,1888.9,2845.4,160.0,3404.2,33.7,True,Active,shazia,None,Normal,5: Lying down (controlled)
1789494199.7486196,30029,Person E,1889.6,2843.2,320.0,3405.59,33.77,True,Active,shazia,None,Normal,5: Lying down (controlled)
1789494199.8267388,30030,Person E,1891.2,2840.9,320.0,3407.28,33.93,True,Active,shazia,None,Normal,5: Lying down (controlled)
1789494199.936106,30031,Person E,1893.3,2838.1,160.0,3407.31,34.05,True,Active,shazia,None,Normal,5: Lying down (controlled)
1789494200.0142052,30032,Person E,1895.1,2835.0,-80.0,3407.05,34.08,True,Active,shazia,None,Normal,5: Lying down (controlled)
1789494200.092326,30033,Person E,1897.3,2831.9,240.0,3408.76,34.18,True,Active,shazia,None,Normal,5: Lying down (controlled)
1789494200.1704493,30034,Person E,1899.9,2829.1,160.0,3411.01,34.24,True,Active,shazia,None,Normal,5: Lying down (controlled)
1789494200.2485843,30035,Person E,1902.7,2826.7,160.0,3409.05,34.22,True,Active,shazia,None,Normal,5: Lying down (controlled)
1789494200.357933,30036,Person E,1905.7,2825.0,320.0,3410.71,34.2,True,Active,shazia,None,Normal,5: Lying down (controlled)
1789494200.420431,30037,Person E,1909.0,2823.8,320.0,3414.61,34.23,True,Active,shazia,None,Normal,5: Lying down (controlled)
1789494200.4985504,30038,Person E,1912.6,2823.1,320.0,3418.52,34.27,True,Active,shazia,None,Normal,5: Lying down (controlled)
1789494200.5766876,30039,Person E,1916.2,2822.7,320.0,3422.42,34.31,True,Active,shazia,None,Normal,5: Lying down (controlled)
1789494200.6547916,30040,Person E,1918.7,2822.7,-80.0,3421.29,34.28,True,Active,shazia,None,Normal,5: Lying down (controlled)
1789494200.7485332,30041,Person E,1920.7,2823.3,160.0,3423.51,34.27,True,Active,shazia,None,Normal,5: Lying down (controlled)
1789494200.8266532,30042,Person E,1922.4,2823.9,160.0,3421.56,34.26,True,Active,shazia,None,Normal,5: Lying down (controlled)
1789494200.90479,30043,Person E,1923.5,2824.7,320.0,3421.56,34.26,True,Active,shazia,None,Normal,5: Lying down (controlled)
1789494200.9829092,30044,Person E,1924.4,2825.7,320.0,3424.34,34.27,True,Active,shazia,None,Normal,5: Lying down (controlled)
1789494201.0610292,30045,Person E,1925.9,2826.5,160.0,3424.11,34.35,True,Active,shazia,None,Normal,5: Lying down (controlled)
1789494201.1547556,30046,Person E,1927.6,2826.8,160.0,3422.77,34.41,True,Active,shazia,None,Normal,5: Lying down (controlled)
1789494201.248496,30047,Person E,1928.8,2826.8,-80.0,3421.38,34.4,True,Active,shazia,None,Normal,5: Lying down (controlled)
1789494201.326617,30048,Person E,1929.6,2826.9,240.0,3423.85,34.37,True,Active,shazia,None,Normal,5: Lying down (controlled)
1789494201.4047558,30049,Person E,1929.9,2826.9,160.0,3424.11,34.35,True,Active,shazia,None,Normal,5: Lying down (controlled)
1789494201.4828577,30050,Person E,1930.5,2826.8,320.0,3423.85,34.37,True,Active,shazia,None,Normal,5: Lying down (controlled)
1789494201.592242,30051,Person E,1931.4,2826.6,320.0,3426.94,34.42,True,Active,shazia,None,Normal,5: Lying down (controlled)
1789494201.6859689,30052,Person E,1932.9,2826.4,160.0,3428.38,34.48,True,Active,shazia,None,Normal,5: Lying down (controlled)
1789494201.7641048,30053,Person E,1934.6,2826.0,160.0,3427.86,34.53,True,Active,shazia,None,Normal,5: Lying down (controlled)
1789494201.8422062,30054,Person E,1936.4,2825.2,320.0,3427.91,34.59,True,Active,shazia,None,Normal,5: Lying down (controlled)
1789494201.935949,30055,Person E,1938.1,2824.8,240.0,3430.44,34.62,True,Active,shazia,None,Normal,5: Lying down (controlled)
1789494202.0296957,30056,Person E,1939.7,2824.5,640.0,3429.36,34.65,True,Active,shazia,None,Normal,5: Lying down (controlled)
1789494202.123456,30057,Person E,1941.3,2824.3,320.0,3428.8,34.64,True,Active,shazia,None,Normal,5: Lying down (controlled)
1789494202.2015753,30058,Person E,1943.1,2824.0,320.0,3431.58,34.65,True,Active,shazia,None,Normal,5: Lying down (controlled)
1789494202.3109283,30059,Person E,1945.2,2823.5,640.0,3431.89,34.69,True,Active,shazia,None,Normal,5: Lying down (controlled)
1789494202.3890429,30060,Person E,1947.1,2823.0,160.0,3430.5,34.68,True,Active,shazia,None,Normal,5: Lying down (controlled)
1789494202.4828057,30061,Person E,1948.1,2822.4,-80.0,3427.66,34.61,True,Active,shazia,None,Normal,5: Lying down (controlled)
1789494202.576533,30062,Person E,1946.8,2822.4,-80.0,3421.03,34.3,True,Active,shazia,None,Normal,5: Lying down (controlled)
1789494202.6546698,30063,Person E,1943.2,2823.2,640.0,3414.22,33.96,True,Active,shazia,None,Normal,5: Lying down (controlled)
1789494202.73279,30064,Person E,1938.2,2824.2,320.0,3408.08,33.8,True,Active,shazia,None,Normal,5: Lying down (controlled)
1789494202.8265126,30065,Person E,1933.1,2825.2,320.0,3410.03,33.82,True,Active,shazia,None,Normal,5: Lying down (controlled)
1789494202.9046323,30066,Person E,1928.6,2826.2,240.0,3412.27,33.94,True,Active,shazia,None,Normal,5: Lying down (controlled)
1789494202.998378,30067,Person E,1924.7,2827.1,160.0,3414.23,34.02,True,Active,shazia,None,Normal,5: Lying down (controlled)
1789494203.0765164,30068,Person E,1921.4,2827.2,320.0,3413.75,34.18,True,Active,shazia,None,Normal,5: Lying down (controlled)
1789494203.1702423,30069,Person E,1918.5,2827.1,320.0,3414.65,34.3,True,Active,shazia,None,Normal,5: Lying down (controlled)
1789494203.2483783,30070,Person E,1917.2,2825.6,390.0,3410.77,34.65,True,Active,shazia,None,Normal,5: Lying down (controlled)
1789494203.3733695,30071,Person E,1916.7,2822.6,160.0,3400.15,34.83,True,Active,shazia,None,Normal,5: Lying down (controlled)
1789494203.4670968,30072,Person E,1917.7,2818.8,-80.0,3395.41,34.8,True,Active,shazia,None,Normal,5: Lying down (controlled)
1789494203.5452166,30073,Person E,1920.0,2814.3,-80.0,3390.02,34.7,True,Active,shazia,None,Normal,5: Lying down (controlled)
1789494203.6233366,30074,Person E,1922.9,2809.5,640.0,3384.71,34.66,True,Active,shazia,None,Normal,5: Lying down (controlled)
1789494203.7170784,30075,Person E,1925.3,2804.2,160.0,3379.72,34.66,True,Active,shazia,None,Normal,5: Lying down (controlled)
1789494203.795199,30076,Person E,1926.9,2799.0,320.0,3378.33,34.65,True,Active,shazia,None,Normal,5: Lying down (controlled)
1789494203.8889396,30077,Person E,1928.7,2793.7,320.0,3380.67,34.77,True,Active,shazia,None,Normal,5: Lying down (controlled)
1789494203.967079,30078,Person E,1930.2,2788.6,160.0,3380.24,34.88,True,Active,shazia,None,Normal,5: Lying down (controlled)
1789494204.0608227,30079,Person E,1931.4,2783.6,160.0,3380.32,34.94,True,Active,shazia,None,Normal,5: Lying down (controlled)
1789494204.1545467,30080,Person E,1931.8,2779.7,320.0,3381.06,35.08,True,Active,shazia,None,Normal,5: Lying down (controlled)
1789494204.248291,30081,Person E,1932.3,2777.3,160.0,3383.36,35.13,True,Active,shazia,None,Normal,5: Lying down (controlled)
1789494204.3576605,30082,Person E,1933.0,2775.2,160.0,3382.21,35.1,True,Active,shazia,None,Normal,5: Lying down (controlled)
1789494204.4201741,30083,Person E,1934.5,2773.4,320.0,3383.84,35.08,True,Active,shazia,None,Normal,5: Lying down (controlled)
1789494204.5138967,30084,Person E,1936.0,2772.0,0.0,3381.79,35.01,True,Active,shazia,None,Normal,5: Lying down (controlled)
1789494204.5920162,30085,Person E,1937.3,2770.9,640.0,3378.1,34.95,True,Active,shazia,None,Normal,5: Lying down (controlled)
1789494204.7170117,30086,Person E,1938.5,2769.8,160.0,3376.14,34.93,True,Active,shazia,None,Normal,5: Lying down (controlled)
1789494204.8576262,30087,Person E,1938.8,2768.8,-80.0,3374.17,34.91,True,Active,shazia,None,Normal,5: Lying down (controlled)
1789494204.9513867,30088,Person E,1938.6,2768.5,240.0,3376.63,34.88,True,Active,shazia,None,Normal,5: Lying down (controlled)
1789494205.0138626,30089,Person E,1937.9,2768.6,80.0,3377.13,34.83,True,Active,shazia,None,Normal,5: Lying down (controlled)
1789494205.0919857,30090,Person E,1935.6,2769.5,-80.0,3375.29,34.67,True,Active,shazia,None,Normal,5: Lying down (controlled)
1789494205.1857255,30091,Person E,1932.3,2771.0,320.0,3376.82,34.53,True,Active,shazia,None,Normal,5: Lying down (controlled)
1789494205.2638485,30092,Person E,1929.4,2772.7,160.0,3379.6,34.54,True,Active,shazia,None,Normal,5: Lying down (controlled)
1789494205.3575885,30093,Person E,1926.7,2774.2,160.0,3380.74,34.56,True,Active,shazia,None,Normal,5: Lying down (controlled)
1789494205.435709,30094,Person E,1924.3,2775.7,-80.0,3380.43,34.53,True,Active,shazia,None,Normal,5: Lying down (controlled)
1789494205.5138316,30095,Person E,1922.5,2777.7,240.0,3384.29,34.5,True,Active,shazia,None,Normal,5: Lying down (controlled)
1789494205.6075907,30096,Person E,1921.0,2779.9,160.0,3385.68,34.51,True,Active,shazia,None,Normal,5: Lying down (controlled)
1789494205.7169406,30097,Person E,1919.7,2782.3,-80.0,3386.5,34.5,True,Active,shazia,None,Normal,5: Lying down (controlled)
1789494205.7950795,30098,Person E,1917.9,2784.6,-80.0,3385.32,34.41,True,Active,shazia,None,Normal,5: Lying down (controlled)
1789494205.8888032,30099,Person E,1915.2,2787.2,0.0,3383.25,34.21,True,Active,shazia,None,Normal,5: Lying down (controlled)
1789494205.9513006,30100,Person E,1912.2,2789.9,160.0,3380.67,33.99,True,Active,shazia,None,Normal,5: Lying down (controlled)
1789494206.0294209,30101,Person E,1908.7,2792.0,160.0,3374.53,33.84,True,Active,shazia,None,Normal,5: Lying down (controlled)
1789494206.123163,30102,Person E,1904.3,2793.9,320.0,3370.64,33.74,True,Active,shazia,None,Normal,5: Lying down (controlled)
1789494206.2169256,30103,Person E,1900.2,2795.8,320.0,3373.42,33.81,True,Active,shazia,None,Normal,5: Lying down (controlled)
1789494206.2794206,30104,Person E,1897.0,2797.6,80.0,3377.32,33.91,True,Active,shazia,None,Normal,5: Lying down (controlled)
1789494206.3887718,30105,Person E,1893.7,2799.0,-160.0,3377.32,33.91,True,Active,shazia,None,Normal,5: Lying down (controlled)
1789494206.498136,30106,Person E,1890.5,2800.0,320.0,3375.94,33.96,True,Active,shazia,None,Normal,5: Lying down (controlled)
1789494206.5918796,30107,Person E,1887.8,2801.0,160.0,3379.57,34.02,True,Active,shazia,None,Normal,5: Lying down (controlled)
1789494206.669999,30108,Person E,1886.1,2801.5,80.0,3379.88,34.12,True,Active,shazia,None,Normal,5: Lying down (controlled)
1789494206.7637615,30109,Person E,1886.1,2801.6,320.0,3384.08,34.2,True,Active,shazia,None,Normal,5: Lying down (controlled)
1789494206.8418818,30110,Person E,1887.9,2801.4,320.0,3389.11,34.26,True,Active,shazia,None,Normal,5: Lying down (controlled)
1789494206.9356043,30111,Person E,1891.1,2801.2,160.0,3390.8,34.3,True,Active,shazia,None,Normal,5: Lying down (controlled)
1789494207.0293682,30112,Person E,1895.0,2801.0,160.0,3390.8,34.3,True,Active,shazia,None,Normal,5: Lying down (controlled)
1789494207.107471,30113,Person E,1898.6,2800.7,320.0,3391.1,34.34,True,Active,shazia,None,Normal,5: Lying down (controlled)
1789494207.1855912,30114,Person E,1901.6,2800.8,240.0,3394.97,34.32,True,Active,shazia,None,Normal,5: Lying down (controlled)
1789494207.2803688,30115,Person E,1904.5,2801.0,160.0,3395.23,34.29,True,Active,shazia,None,Normal,5: Lying down (controlled)
1789494207.3741155,30116,Person E,1906.7,2801.8,-80.0,3394.9,34.2,True,Active,shazia,None,Normal,5: Lying down (controlled)
1789494207.467859,30117,Person E,1908.2,2802.9,320.0,3397.08,34.13,True,Active,shazia,None,Normal,5: Lying down (controlled)
1789494207.5459955,30118,Person E,1909.4,2804.3,160.0,3398.21,34.16,True,Active,shazia,None,Normal,5: Lying down (controlled)
1789494207.6397386,30119,Person E,1910.1,2805.6,160.0,3398.77,34.17,True,Active,shazia,None,Normal,5: Lying down (controlled)
1789494207.7178404,30120,Person E,1910.1,2807.0,-80.0,3400.69,34.13,True,Active,shazia,None,Normal,5: Lying down (controlled)
1789494207.8115811,30121,Person E,1909.9,2808.9,240.0,3405.39,34.1,True,Active,shazia,None,Normal,5: Lying down (controlled)
1789494207.9053245,30122,Person E,1909.8,2811.0,640.0,3407.61,34.09,True,Active,shazia,None,Normal,5: Lying down (controlled)
1789494207.983466,30123,Person E,1909.2,2813.5,-80.0,3408.41,34.02,True,Active,shazia,None,Normal,5: Lying down (controlled)
1789494208.061569,30124,Person E,1907.7,2815.8,-80.0,3405.6,33.89,True,Active,shazia,None,Normal,5: Lying down (controlled)
1789494208.1553078,30125,Person E,1905.8,2818.1,240.0,3403.65,33.81,True,Active,shazia,None,Normal,5: Lying down (controlled)
1789494208.2646756,30126,Person E,1904.3,2820.1,160.0,3403.09,33.8,True,Active,shazia,None,Normal,5: Lying down (controlled)
1789494208.3584187,30127,Person E,1903.4,2821.2,320.0,3401.17,33.9,True,Active,shazia,None,Normal,5: Lying down (controlled)
1789494208.4521618,30128,Person E,1902.9,2822.2,320.0,3403.69,33.99,True,Active,shazia,None,Normal,5: Lying down (controlled)
1789494208.530282,30129,Person E,1902.7,2822.6,640.0,3400.96,34.11,True,Active,shazia,None,Normal,5: Lying down (controlled)
1789494208.6084018,30130,Person E,1902.7,2822.3,-80.0,3398.21,34.16,True,Active,shazia,None,Normal,5: Lying down (controlled)
1789494208.7021453,30131,Person E,1902.4,2821.2,-160.0,3394.6,34.16,True,Active,shazia,None,Normal,5: Lying down (controlled)
1789494208.7802682,30132,Person E,1901.5,2820.2,-80.0,3394.28,34.06,True,Active,shazia,None,Normal,5: Lying down (controlled)
1789494208.8740113,30133,Person E,1900.5,2819.1,160.0,3393.7,33.99,True,Active,shazia,None,Normal,5: Lying down (controlled)
1789494208.9521308,30134,Person E,1899.8,2817.7,80.0,3390.08,33.92,True,Active,shazia,None,Normal,5: Lying down (controlled)
1789494209.0458922,30135,Person E,1899.4,2816.2,320.0,3388.96,33.9,True,Active,shazia,None,Normal,5: Lying down (controlled)
1789494209.1552584,30136,Person E,1899.6,2814.6,320.0,3390.92,33.98,True,Active,shazia,None,Normal,5: Lying down (controlled)
1789494209.233362,30137,Person E,1899.9,2813.5,-80.0,3393.72,34.05,True,Active,shazia,None,Normal,5: Lying down (controlled)
1789494209.3114984,30138,Person E,1899.6,2812.3,-160.0,3392.06,34.06,True,Active,shazia,None,Normal,5: Lying down (controlled)
1789494209.405222,30139,Person E,1898.9,2811.9,-80.0,3393.72,34.05,True,Active,shazia,None,Normal,5: Lying down (controlled)
1789494209.4989655,30140,Person E,1898.1,2812.1,160.0,3395.38,34.03,True,Active,shazia,None,Normal,5: Lying down (controlled)
1789494209.6083338,30141,Person E,1897.3,2813.1,-80.0,3398.41,33.95,True,Active,shazia,None,Normal,5: Lying down (controlled)
1789494209.6864548,30142,Person E,1896.7,2814.1,-80.0,3399.22,33.88,True,Active,shazia,None,Normal,5: Lying down (controlled)
1789494209.7645755,30143,Person E,1896.0,2815.2,-80.0,3398.93,33.78,True,Active,shazia,None,Normal,5: Lying down (controlled)
1789494209.8583188,30144,Person E,1895.2,2816.7,-80.0,3398.09,33.67,True,Active,shazia,None,Normal,5: Lying down (controlled)
1789494209.9364357,30145,Person E,1893.9,2818.5,-80.0,3396.72,33.55,True,Active,shazia,None,Normal,5: Lying down (controlled)
1789494210.0614266,30146,Person E,1891.1,2820.9,-80.0,3395.38,33.36,True,Active,shazia,None,Normal,5: Lying down (controlled)
1789494210.1395514,30147,Person E,1887.1,2823.8,240.0,3395.72,33.21,True,Active,shazia,None,Normal,5: Lying down (controlled)
1789494210.2176661,30148,Person E,1882.8,2827.1,160.0,3395.75,33.15,True,Active,shazia,None,Normal,5: Lying down (controlled)
1789494210.3114307,30149,Person E,1878.0,2830.4,-80.0,3394.69,33.06,True,Active,shazia,None,Normal,5: Lying down (controlled)
1789494210.3895488,30150,Person E,1872.5,2833.7,-80.0,3392.56,32.95,True,Active,shazia,None,Normal,5: Lying down (controlled)
1789494210.483276,30151,Person E,1866.8,2836.6,240.0,3391.22,32.88,True,Active,shazia,None,Normal,5: Lying down (controlled)
1789494210.577019,30152,Person E,1861.6,2839.0,160.0,3390.63,32.93,True,Active,shazia,None,Normal,5: Lying down (controlled)
1789494210.6551394,30153,Person E,1857.0,2841.2,-80.0,3392.01,32.93,True,Active,shazia,None,Normal,5: Lying down (controlled)
1789494210.7332568,30154,Person E,1852.9,2843.6,-80.0,3395.67,32.87,True,Active,shazia,None,Normal,5: Lying down (controlled)
1789494210.8582668,30155,Person E,1849.4,2845.9,640.0,3396.8,32.84,True,Active,shazia,None,Normal,5: Lying down (controlled)
1789494210.951994,30156,Person E,1846.6,2848.0,-80.0,3397.7,32.77,True,Active,shazia,None,Normal,5: Lying down (controlled)
1789494211.0613575,30157,Person E,1844.4,2849.6,-80.0,3397.16,32.75,True,Active,shazia,None,Normal,5: Lying down (controlled)
1789494211.1394973,30158,Person E,1842.9,2850.7,240.0,3396.8,32.84,True,Active,shazia,None,Normal,5: Lying down (controlled)
1789494211.2176175,30159,Person E,1842.2,2851.3,160.0,3395.91,32.91,True,Active,shazia,None,Normal,5: Lying down (controlled)
