timestamp,sequence_id,target_id,x_mm,y_mm,speed_mms,distance_mm,angle_deg,valid,status,volunteer_id,fall_subtype,pace_variant,action_label
1789154038.2203271,14636,Person C,1062.8,3253.9,160.0,3414.15,17.89,True,Active,shazia,None,Normal,5: Lying down (controlled)
1789154038.3022048,14637,Person C,1059.9,3253.8,80.0,3411.29,17.91,True,Active,shazia,None,Normal,5: Lying down (controlled)
1789154038.380327,14638,Person C,1057.1,3253.5,160.0,3409.73,17.88,True,Active,shazia,None,Normal,5: Lying down (controlled)
1789154038.4783397,14639,Person C,1054.6,3252.9,80.0,3411.63,17.87,True,Active,shazia,None,Normal,5: Lying down (controlled)
1789154038.556462,14640,Person C,1052.8,3252.2,80.0,3413.5,17.91,True,Active,shazia,None,Normal,5: Lying down (controlled)
1789154038.6438005,14641,Person C,1051.3,3251.1,160.0,3413.2,17.9,True,Active,shazia,None,Normal,5: Lying down (controlled)
1789154038.7200053,14642,Person C,1050.2,3250.0,80.0,3413.84,17.88,True,Active,shazia,None,Normal,5: Lying down (controlled)
1789154038.8200786,14643,Person C,1049.3,3248.9,160.0,3412.58,17.87,True,Active,shazia,None,Normal,5: Lying down (controlled)
1789154038.9033363,14644,Person C,1048.7,3248.0,80.0,3412.89,17.88,True,Active,shazia,None,Normal,5: Lying down (controlled)
1789154039.0030468,14645,Person C,1048.2,3247.6,80.0,3412.89,17.88,True,Active,shazia,None,Normal,5: Lying down (controlled)
1789154039.0698526,14646,Person C,1047.9,3247.3,160.0,3410.37,17.86,True,Active,shazia,None,Normal,5: Lying down (controlled)
1789154039.1694076,14647,Person C,1047.7,3247.1,80.0,3408.77,17.89,True,Active,shazia,None,Normal,5: Lying down (controlled)
1789154039.2701154,14648,Person C,1047.7,3246.8,80.0,3406.87,17.9,True,Active,shazia,None,Normal,5: Lying down (controlled)
1789154039.3702717,14649,Person C,1047.5,3246.2,160.0,3405.31,17.87,True,Active,shazia,None,Normal,5: Lying down (controlled)
1789154039.4527042,14650,Person C,1047.0,3245.7,80.0,3407.21,17.86,True,Active,shazia,None,Normal,5: Lying down (controlled)
1789154039.5368123,14651,Person C,1046.4,3245.1,160.0,3405.64,17.83,True,Active,shazia,None,Normal,5: Lying down (controlled)
1789154039.6201837,14652,Person C,1045.8,3244.6,80.0,3407.24,17.81,True,Active,shazia,None,Normal,5: Lying down (controlled)
1789154039.7035685,14653,Person C,1045.3,3244.4,80.0,3409.15,17.8,True,Active,shazia,None,Normal,5: Lying down (controlled)
1789154039.803878,14654,Person C,1044.6,3244.2,160.0,3408.84,17.78,True,Active,shazia,None,Normal,5: Lying down (controlled)
1789154039.8700235,14655,Person C,1043.8,3244.2,80.0,3410.44,17.75,True,Active,shazia,None,Normal,5: Lying down (controlled)
1789154039.937605,14656,Person C,1043.2,3244.3,160.0,3409.49,17.76,True,Active,shazia,None,Normal,5: Lying down (controlled)
1789154040.0353522,14657,Person C,1042.9,3244.4,80.0,3408.81,17.83,True,Active,shazia,None,Normal,5: Lying down (controlled)
1789154040.1290944,14658,Person C,1042.9,3244.1,-80.0,3404.02,17.91,True,Active,shazia,None,Normal,5: Lying down (controlled)
1789154040.2072146,14659,Person C,1043.2,3243.4,160.0,3399.57,17.96,True,Active,shazia,None,Normal,5: Lying down (controlled)
1789154040.285334,14660,Person C,1043.2,3242.6,80.0,3399.6,17.9,True,Active,shazia,None,Normal,5: Lying down (controlled)
1789154040.3478293,14661,Person C,1043.3,3242.0,80.0,3400.24,17.88,True,Active,shazia,None,Normal,5: Lying down (controlled)
1789154040.4415767,14662,Person C,1043.0,3241.3,160.0,3399.66,17.8,True,Active,shazia,None,Normal,5: Lying down (controlled)
1789154040.565223,14663,Person C,1042.5,3240.5,80.0,3400.0,17.76,True,Active,shazia,None,Normal,5: Lying down (controlled)
1789154040.6548836,14664,Person C,1042.0,3239.7,160.0,3399.7,17.74,True,Active,shazia,None,Normal,5: Lying down (controlled)
1789154040.7329996,14665,Person C,1041.5,3238.9,80.0,3401.3,17.72,True,Active,shazia,None,Normal,5: Lying down (controlled)
1789154040.811122,14666,Person C,1040.9,3238.5,80.0,3403.85,17.68,True,Active,shazia,None,Normal,5: Lying down (controlled)
1789154040.889258,14667,Person C,1039.8,3238.4,160.0,3404.5,17.66,True,Active,shazia,None,Normal,5: Lying down (controlled)
1789154040.9673579,14668,Person C,1038.2,3239.3,80.0,3407.71,17.61,True,Active,shazia,None,Normal,5: Lying down (controlled)
1789154041.0405447,14669,Person C,1036.2,3240.7,160.0,3406.8,17.56,True,Active,shazia,None,Normal,5: Lying down (controlled)
1789154041.1186652,14670,Person C,1034.3,3242.0,80.0,3406.2,17.53,True,Active,shazia,None,Normal,5: Lying down (controlled)
1789154041.1967819,14671,Person C,1032.1,3243.0,80.0,3403.09,17.48,True,Active,shazia,None,Normal,5: Lying down (controlled)
1789154041.2592952,14672,Person C,1030.4,3243.8,160.0,3402.13,17.48,True,Active,shazia,None,Normal,5: Lying down (controlled)
1789154041.3217757,14673,Person C,1029.3,3244.5,80.0,3403.34,17.55,True,Active,shazia,None,Normal,5: Lying down (controlled)
1789154041.399895,14674,Person C,1028.5,3245.2,80.0,3403.94,17.58,True,Active,shazia,None,Normal,5: Lying down (controlled)
1789154041.4818642,14675,Person C,1027.8,3245.7,80.0,3403.94,17.58,True,Active,shazia,None,Normal,5: Lying down (controlled)
1789154041.5599883,14676,Person C,1027.3,3245.8,80.0,3403.29,17.6,True,Active,shazia,None,Normal,5: Lying down (controlled)
1789154041.6381104,14677,Person C,1026.8,3245.8,160.0,3402.99,17.58,True,Active,shazia,None,Normal,5: Lying down (controlled)
1789154041.7006059,14678,Person C,1026.0,3245.7,80.0,3404.34,17.49,True,Active,shazia,None,Normal,5: Lying down (controlled)
1789154041.763102,14679,Person C,1025.3,3246.0,80.0,3407.56,17.44,True,Active,shazia,None,Normal,5: Lying down (controlled)
1789154041.8412218,14680,Person C,1024.3,3246.8,80.0,3410.83,17.33,True,Active,shazia,None,Normal,5: Lying down (controlled)
1789154041.9037156,14681,Person C,1023.4,3248.2,80.0,3413.76,17.26,True,Active,shazia,None,Normal,5: Lying down (controlled)
1789154041.9854374,14682,Person C,1022.4,3249.7,160.0,3413.47,17.25,True,Active,shazia,None,Normal,5: Lying down (controlled)
1789154042.079184,14683,Person C,1021.2,3251.2,80.0,3414.06,17.28,True,Active,shazia,None,Normal,5: Lying down (controlled)
1789154042.1729321,14684,Person C,1020.1,3252.5,80.0,3413.04,17.34,True,Active,shazia,None,Normal,5: Lying down (controlled)
1789154042.2354443,14685,Person C,1019.3,3253.6,160.0,3412.03,17.39,True,Active,shazia,None,Normal,5: Lying down (controlled)
1789154042.2979233,14686,Person C,1018.7,3254.9,80.0,3413.88,17.44,True,Active,shazia,None,Normal,5: Lying down (controlled)
1789154042.3760397,14687,Person C,1018.4,3256.0,160.0,3412.57,17.48,True,Active,shazia,None,Normal,5: Lying down (controlled)
1789154042.45416,14688,Person C,1018.7,3256.9,80.0,3413.83,17.49,True,Active,shazia,None,Normal,5: Lying down (controlled)
1789154042.5536115,14689,Person C,1019.4,3257.5,80.0,3415.38,17.52,True,Active,shazia,None,Normal,5: Lying down (controlled)
1789154042.6161077,14690,Person C,1020.7,3257.5,160.0,3414.73,17.54,True,Active,shazia,None,Normal,5: Lying down (controlled)
1789154042.7098515,14691,Person C,1022.7,3257.2,80.0,3416.89,17.6,True,Active,shazia,None,Normal,5: Lying down (controlled)
1789154042.7723467,14692,Person C,1025.1,3257.0,80.0,3418.75,17.64,True,Active,shazia,None,Normal,5: Lying down (controlled)
1789154042.851424,14693,Person C,1027.3,3257.0,80.0,3420.66,17.63,True,Active,shazia,None,Normal,5: Lying down (controlled)
1789154042.9295676,14694,Person C,1029.4,3257.5,80.0,3424.12,17.65,True,Active,shazia,None,Normal,5: Lying down (controlled)
1789154043.009882,14695,Person C,1031.4,3258.3,480.0,3425.68,17.67,True,Active,shazia,None,Normal,5: Lying down (controlled)
1789154043.082397,14696,Person C,1033.3,3258.9,640.0,3425.34,17.71,True,Active,shazia,None,Normal,5: Lying down (controlled)
1789154043.2727487,14697,Person C,1035.2,3259.4,160.0,3423.09,17.76,True,Active,shazia,None,Normal,5: Lying down (controlled)
1789154043.366488,14698,Person C,1037.3,3259.8,480.0,3424.0,17.81,True,Active,shazia,None,Normal,5: Lying down (controlled)
1789154043.4758747,14699,Person C,1039.3,3260.3,240.0,3426.21,17.81,True,Active,shazia,None,Normal,5: Lying down (controlled)
1789154043.5455806,14700,Person C,1041.3,3260.8,480.0,3425.57,17.83,True,Active,shazia,None,Normal,5: Lying down (controlled)
1789154043.6236918,14701,Person C,1042.9,3261.3,80.0,3426.52,17.83,True,Active,shazia,None,Normal,5: Lying down (controlled)
1789154043.6861765,14702,Person C,1044.6,3261.9,80.0,3429.65,17.88,True,Active,shazia,None,Normal,5: Lying down (controlled)
1789154043.7799199,14703,Person C,1046.3,3262.4,160.0,3430.6,17.88,True,Active,shazia,None,Normal,5: Lying down (controlled)
1789154043.8580394,14704,Person C,1048.2,3262.8,80.0,3433.74,17.93,True,Active,shazia,None,Normal,5: Lying down (controlled)
1789154043.9205353,14705,Person C,1050.0,3263.1,160.0,3434.04,17.94,True,Active,shazia,None,Normal,5: Lying down (controlled)
1789154044.0022516,14706,Person C,1051.7,3263.6,80.0,3435.3,17.95,True,Active,shazia,None,Normal,5: Lying down (controlled)
1789154044.0647707,14707,Person C,1053.4,3264.6,80.0,3437.82,17.98,True,Active,shazia,None,Normal,5: Lying down (controlled)
1789154044.158514,14708,Person C,1054.7,3265.5,160.0,3436.56,17.97,True,Active,shazia,None,Normal,5: Lying down (controlled)
1789154044.276155,14709,Person C,1056.0,3266.3,80.0,3437.82,17.98,True,Active,shazia,None,Normal,5: Lying down (controlled)
1789154044.3386524,14710,Person C,1057.3,3267.0,80.0,3436.23,18.0,True,Active,shazia,None,Normal,5: Lying down (controlled)
1789154044.4167705,14711,Person C,1058.7,3267.5,80.0,3435.59,18.02,True,Active,shazia,None,Normal,5: Lying down (controlled)
1789154044.4792664,14712,Person C,1059.7,3267.7,80.0,3434.64,18.03,True,Active,shazia,None,Normal,5: Lying down (controlled)
1789154044.5851624,14713,Person C,1060.7,3267.7,160.0,3433.69,18.03,True,Active,shazia,None,Normal,5: Lying down (controlled)
1789154044.663263,14714,Person C,1061.3,3267.4,80.0,3432.73,18.04,True,Active,shazia,None,Normal,5: Lying down (controlled)
1789154044.7257588,14715,Person C,1061.3,3266.9,80.0,3429.29,17.97,True,Active,shazia,None,Normal,5: Lying down (controlled)
1789154044.8351457,14716,Person C,1060.6,3266.3,160.0,3427.44,17.87,True,Active,shazia,None,Normal,5: Lying down (controlled)
1789154044.8976407,14717,Person C,1059.3,3265.4,80.0,3425.26,17.82,True,Active,shazia,None,Normal,5: Lying down (controlled)
1789154045.0113063,14718,Person C,1057.8,3264.5,160.0,3423.39,17.77,True,Active,shazia,None,Normal,5: Lying down (controlled)
1789154045.0894334,14719,Person C,1056.1,3263.5,80.0,3423.09,17.76,True,Active,shazia,None,Normal,5: Lying down (controlled)
1789154045.1675525,14720,Person C,1054.5,3262.9,80.0,3425.6,17.78,True,Active,shazia,None,Normal,5: Lying down (controlled)
1789154045.2300482,14721,Person C,1052.9,3262.6,480.0,3427.81,17.78,True,Active,shazia,None,Normal,5: Lying down (controlled)
1789154045.3081675,14722,Person C,1051.4,3262.7,80.0,3430.98,17.79,True,Active,shazia,None,Normal,5: Lying down (controlled)
1789154045.3862836,14723,Person C,1050.0,3262.8,160.0,3430.33,17.81,True,Active,shazia,None,Normal,5: Lying down (controlled)
1789154045.4644055,14724,Person C,1048.6,3262.8,80.0,3428.42,17.82,True,Active,shazia,None,Normal,5: Lying down (controlled)
1789154045.5463877,14725,Person C,1048.2,3262.8,80.0,3428.05,17.91,True,Active,shazia,None,Normal,5: Lying down (controlled)
1789154045.6245089,14726,Person C,1048.6,3262.4,160.0,3424.86,17.96,True,Active,shazia,None,Normal,5: Lying down (controlled)
1789154045.6870046,14727,Person C,1049.8,3262.0,80.0,3425.15,18.03,True,Active,shazia,None,Normal,5: Lying down (controlled)
1789154045.7807436,14728,Person C,1051.6,3261.6,80.0,3425.13,18.08,True,Active,shazia,None,Normal,5: Lying down (controlled)
1789154045.890112,14729,Person C,1053.3,3261.2,80.0,3424.51,18.05,True,Active,shazia,None,Normal,5: Lying down (controlled)
1789154045.9682517,14730,Person C,1054.8,3260.9,80.0,3427.36,18.03,True,Active,shazia,None,Normal,5: Lying down (controlled)
1789154046.0463967,14731,Person C,1056.1,3260.4,160.0,3427.05,18.02,True,Active,shazia,None,Normal,5: Lying down (controlled)
1789154046.1088924,14732,Person C,1057.3,3259.8,80.0,3428.95,18.01,True,Active,shazia,None,Normal,5: Lying down (controlled)
1789154046.2182605,14733,Person C,1058.5,3259.6,80.0,3432.12,18.01,True,Active,shazia,None,Normal,5: Lying down (controlled)
1789154046.312003,14734,Person C,1059.8,3259.9,480.0,3435.28,18.01,True,Active,shazia,None,Normal,5: Lying down (controlled)
1789154046.3901024,14735,Person C,1060.5,3260.9,80.0,3439.72,17.97,True,Active,shazia,None,Normal,5: Lying down (controlled)
1789154046.4682257,14736,Person C,1060.8,3262.4,160.0,3440.06,17.93,True,Active,shazia,None,Normal,5: Lying down (controlled)
1789154046.5384212,14737,Person C,1060.6,3264.2,80.0,3441.65,17.9,True,Active,shazia,None,Normal,5: Lying down (controlled)
1789154046.6165235,14738,Person C,1059.9,3266.3,390.0,3442.94,17.86,True,Active,shazia,None,Normal,5: Lying down (controlled)
1789154046.725888,14739,Person C,1058.9,3268.3,-160.0,3440.46,17.79,True,Active,shazia,None,Normal,5: Lying down (controlled)
1789154046.804011,14740,Person C,1057.7,3269.7,80.0,3436.99,17.77,True,Active,shazia,None,Normal,5: Lying down (controlled)
1789154046.8821275,14741,Person C,1057.3,3271.0,80.0,3438.19,17.89,True,Active,shazia,None,Normal,5: Lying down (controlled)
1789154046.9602659,14742,Person C,1057.5,3272.0,160.0,3439.08,17.99,True,Active,shazia,None,Normal,5: Lying down (controlled)
1789154047.0576866,14743,Person C,1057.7,3272.6,80.0,3438.44,18.01,True,Active,shazia,None,Normal,5: Lying down (controlled)
1789154047.135787,14744,Person C,1057.8,3272.8,160.0,3437.49,18.01,True,Active,shazia,None,Normal,5: Lying down (controlled)
1789154047.2139263,14745,Person C,1058.2,3272.5,80.0,3438.11,18.04,True,Active,shazia,None,Normal,5: Lying down (controlled)
1789154047.2764223,14746,Person C,1059.3,3272.1,80.0,3439.66,18.12,True,Active,shazia,None,Normal,5: Lying down (controlled)
1789154047.354542,14747,Person C,1060.8,3271.6,80.0,3441.54,18.17,True,Active,shazia,None,Normal,5: Lying down (controlled)
1789154047.4638925,14748,Person C,1062.3,3271.4,80.0,3445.67,18.11,True,Active,shazia,None,Normal,5: Lying down (controlled)
1789154047.547779,14749,Person C,1064.1,3271.5,160.0,3446.95,18.07,True,Active,shazia,None,Normal,5: Lying down (controlled)
1789154047.6258967,14750,Person C,1065.6,3272.0,80.0,3446.36,17.98,True,Active,shazia,None,Normal,5: Lying down (controlled)
1789154047.6883922,14751,Person C,1066.1,3272.5,80.0,3444.48,17.94,True,Active,shazia,None,Normal,5: Lying down (controlled)
1789154047.7665312,14752,Person C,1065.8,3272.8,160.0,3441.01,17.92,True,Active,shazia,None,Normal,5: Lying down (controlled)
1789154047.8602595,14753,Person C,1065.5,3273.1,80.0,3440.37,17.95,True,Active,shazia,None,Normal,5: Lying down (controlled)
1789154047.938375,14754,Person C,1065.1,3273.3,80.0,3438.16,17.94,True,Active,shazia,None,Normal,5: Lying down (controlled)
1789154048.0164943,14755,Person C,1064.1,3273.5,160.0,3436.93,17.88,True,Active,shazia,None,Normal,5: Lying down (controlled)
1789154048.103776,14756,Person C,1062.5,3273.6,480.0,3435.67,17.87,True,Active,shazia,None,Normal,5: Lying down (controlled)
1789154048.1818986,14757,Person C,1060.5,3273.3,160.0,3432.51,17.86,True,Active,shazia,None,Normal,5: Lying down (controlled)
1789154048.2912655,14758,Person C,1058.3,3272.5,80.0,3431.28,17.8,True,Active,shazia,None,Normal,5: Lying down (controlled)
1789154048.3850083,14759,Person C,1056.2,3271.5,80.0,3430.98,17.79,True,Active,shazia,None,Normal,5: Lying down (controlled)
1789154048.463145,14760,Person C,1054.7,3270.6,480.0,3433.19,17.79,True,Active,shazia,None,Normal,5: Lying down (controlled)
1789154048.5393126,14761,Person C,1053.8,3269.6,640.0,3432.2,17.85,True,Active,shazia,None,Normal,5: Lying down (controlled)
1789154048.6174366,14762,Person C,1053.1,3268.6,160.0,3429.34,17.86,True,Active,shazia,None,Normal,5: Lying down (controlled)
1789154048.7268069,14763,Person C,1052.5,3267.8,560.0,3430.91,17.89,True,Active,shazia,None,Normal,5: Lying down (controlled)
1789154048.8049226,14764,Person C,1051.9,3267.2,560.0,3430.6,17.88,True,Active,shazia,None,Normal,5: Lying down (controlled)
1789154048.8830462,14765,Person C,1051.5,3266.5,160.0,3429.04,17.85,True,Active,shazia,None,Normal,5: Lying down (controlled)
1789154048.9611807,14766,Person C,1051.4,3265.6,80.0,3426.8,17.9,True,Active,shazia,None,Normal,5: Lying down (controlled)
1789154049.0591881,14767,Person C,1051.7,3264.9,80.0,3426.77,17.95,True,Active,shazia,None,Normal,5: Lying down (controlled)
1789154049.1841621,14768,Person C,1052.4,3264.1,160.0,3425.82,17.95,True,Active,shazia,None,Normal,5: Lying down (controlled)
1789154049.2622843,14769,Person C,1053.2,3263.3,80.0,3425.82,17.95,True,Active,shazia,None,Normal,5: Lying down (controlled)
1789154049.3404033,14770,Person C,1054.0,3262.2,160.0,3425.17,17.97,True,Active,shazia,None,Normal,5: Lying down (controlled)
1789154049.4185212,14771,Person C,1054.4,3261.5,80.0,3426.77,17.95,True,Active,shazia,None,Normal,5: Lying down (controlled)
1789154049.5122821,14772,Person C,1055.2,3261.4,80.0,3430.86,18.0,True,Active,shazia,None,Normal,5: Lying down (controlled)
1789154049.6119075,14773,Person C,1056.0,3261.3,160.0,3432.42,18.02,True,Active,shazia,None,Normal,5: Lying down (controlled)
1789154049.705651,14774,Person C,1056.6,3261.4,80.0,3433.4,17.97,True,Active,shazia,None,Normal,5: Lying down (controlled)
1789154049.7837737,14775,Person C,1057.3,3261.5,160.0,3432.14,17.95,True,Active,shazia,None,Normal,5: Lying down (controlled)
1789154049.8618934,14776,Person C,1057.6,3262.0,80.0,3432.48,17.92,True,Active,shazia,None,Normal,5: Lying down (controlled)
1789154049.9556377,14777,Person C,1057.8,3262.4,80.0,3431.19,17.96,True,Active,shazia,None,Normal,5: Lying down (controlled)
1789154050.0562012,14778,Person C,1057.8,3262.6,160.0,3427.72,17.94,True,Active,shazia,None,Normal,5: Lying down (controlled)
1789154050.1499507,14779,Person C,1057.4,3262.8,80.0,3426.49,17.88,True,Active,shazia,None,Normal,5: Lying down (controlled)
1789154050.2436967,14780,Person C,1056.5,3263.0,80.0,3424.31,17.82,True,Active,shazia,None,Normal,5: Lying down (controlled)
1789154050.3061888,14781,Person C,1055.3,3262.9,160.0,3422.14,17.76,True,Active,shazia,None,Normal,5: Lying down (controlled)
1789154050.3999379,14782,Person C,1053.8,3262.5,80.0,3422.44,17.78,True,Active,shazia,None,Normal,5: Lying down (controlled)
1789154050.4780514,14783,Person C,1052.2,3261.8,160.0,3420.84,17.8,True,Active,shazia,None,Normal,5: Lying down (controlled)
1789154050.5925138,14784,Person C,1050.8,3260.9,80.0,3420.54,17.79,True,Active,shazia,None,Normal,5: Lying down (controlled)
1789154050.6706498,14785,Person C,1049.7,3260.3,80.0,3423.05,17.81,True,Active,shazia,None,Normal,5: Lying down (controlled)
1789154050.7487693,14786,Person C,1048.9,3259.6,160.0,3423.36,17.83,True,Active,shazia,None,Normal,5: Lying down (controlled)
1789154050.8425124,14787,Person C,1047.9,3259.2,80.0,3424.31,17.82,True,Active,shazia,None,Normal,5: Lying down (controlled)
1789154050.9518616,14788,Person C,1047.0,3258.9,160.0,3422.1,17.82,True,Active,shazia,None,Normal,5: Lying down (controlled)
1789154051.0299828,14789,Person C,1046.1,3258.7,160.0,3421.83,17.75,True,Active,shazia,None,Normal,5: Lying down (controlled)
1789154051.1222482,14790,Person C,1045.0,3258.8,560.0,3421.91,17.64,True,Active,shazia,None,Normal,5: Lying down (controlled)
1789154051.200369,14791,Person C,1043.9,3259.0,160.0,3420.7,17.58,True,Active,shazia,None,Normal,5: Lying down (controlled)
1789154051.309735,14792,Person C,1042.4,3259.0,80.0,3417.89,17.54,True,Active,shazia,None,Normal,5: Lying down (controlled)
1789154051.3878384,14793,Person C,1040.6,3259.0,80.0,3415.38,17.52,True,Active,shazia,None,Normal,5: Lying down (controlled)
1789154051.48158,14794,Person C,1038.7,3258.8,160.0,3412.87,17.5,True,Active,shazia,None,Normal,5: Lying down (controlled)
1789154051.5683794,14795,Person C,1036.8,3258.4,80.0,3413.47,17.53,True,Active,shazia,None,Normal,5: Lying down (controlled)
1789154051.6465037,14796,Person C,1035.0,3257.7,160.0,3411.22,17.57,True,Active,shazia,None,Normal,5: Lying down (controlled)
1789154051.7246253,14797,Person C,1033.2,3256.9,80.0,3411.22,17.57,True,Active,shazia,None,Normal,5: Lying down (controlled)
1789154051.834009,14798,Person C,1031.9,3256.4,80.0,3413.38,17.63,True,Active,shazia,None,Normal,5: Lying down (controlled)
1789154051.9433768,14799,Person C,1031.1,3255.7,160.0,3412.73,17.65,True,Active,shazia,None,Normal,5: Lying down (controlled)
1789154052.021497,14800,Person C,1031.1,3254.9,80.0,3414.29,17.68,True,Active,shazia,None,Normal,5: Lying down (controlled)
1789154052.0882168,14801,Person C,1031.7,3254.0,160.0,3413.95,17.72,True,Active,shazia,None,Normal,5: Lying down (controlled)
1789154052.1819608,14802,Person C,1032.5,3253.4,160.0,3414.59,17.7,True,Active,shazia,None,Normal,5: Lying down (controlled)
1789154052.2913096,14803,Person C,1033.1,3253.2,390.0,3415.29,17.62,True,Active,shazia,None,Normal,5: Lying down (controlled)
1789154052.4006958,14804,Person C,1033.6,3253.3,160.0,3415.33,17.57,True,Active,shazia,None,Normal,5: Lying down (controlled)
1789154052.4788146,14805,Person C,1033.8,3253.3,240.0,3414.08,17.56,True,Active,shazia,None,Normal,5: Lying down (controlled)
1789154052.5413117,14806,Person C,1034.3,3253.4,80.0,3413.68,17.65,True,Active,shazia,None,Normal,5: Lying down (controlled)
1789154052.6253812,14807,Person C,1035.1,3253.4,160.0,3413.64,17.7,True,Active,shazia,None,Normal,5: Lying down (controlled)
1789154052.7191217,14808,Person C,1036.3,3253.3,80.0,3416.08,17.83,True,Active,shazia,None,Normal,5: Lying down (controlled)
1789154052.8128858,14809,Person C,1038.0,3253.3,160.0,3417.92,17.93,True,Active,shazia,None,Normal,5: Lying down (controlled)
1789154052.8909853,14810,Person C,1039.8,3253.2,80.0,3418.85,17.97,True,Active,shazia,None,Normal,5: Lying down (controlled)
1789154052.9691086,14811,Person C,1041.7,3253.3,80.0,3420.73,18.02,True,Active,shazia,None,Normal,5: Lying down (controlled)
1789154053.0628672,14812,Person C,1043.7,3253.2,160.0,3419.78,18.02,True,Active,shazia,None,Normal,5: Lying down (controlled)
1789154053.1808221,14813,Person C,1046.1,3253.0,80.0,3420.73,18.02,True,Active,shazia,None,Normal,5: Lying down (controlled)
1789154053.2589386,14814,Person C,1048.7,3252.4,160.0,3417.56,18.02,True,Active,shazia,None,Normal,5: Lying down (controlled)
1789154053.3370607,14815,Person C,1051.3,3251.9,160.0,3417.26,18.0,True,Active,shazia,None,Normal,5: Lying down (controlled)
1789154053.4151962,14816,Person C,1053.5,3251.6,80.0,3417.56,18.02,True,Active,shazia,None,Normal,5: Lying down (controlled)
1789154053.5245445,14817,Person C,1055.3,3251.3,160.0,3416.3,18.01,True,Active,shazia,None,Normal,5: Lying down (controlled)
1789154053.6054113,14818,Person C,1056.1,3251.0,80.0,3415.69,17.97,True,Active,shazia,None,Normal,5: Lying down (controlled)
1789154053.7147954,14819,Person C,1056.0,3250.7,80.0,3414.76,17.93,True,Active,shazia,None,Normal,5: Lying down (controlled)
1789154053.7928984,14820,Person C,1055.3,3250.4,160.0,3413.84,17.88,True,Active,shazia,None,Normal,5: Lying down (controlled)
1789154053.8710346,14821,Person C,1053.8,3249.8,0.0,3410.4,17.81,True,Active,shazia,None,Normal,5: Lying down (controlled)
1789154053.949154,14822,Person C,1051.9,3249.5,80.0,3411.09,17.73,True,Active,shazia,None,Normal,5: Lying down (controlled)
1789154054.0741289,14823,Person C,1049.5,3248.9,-160.0,3407.66,17.66,True,Active,shazia,None,Normal,5: Lying down (controlled)
1789154054.158048,14824,Person C,1046.7,3248.4,-160.0,3404.24,17.59,True,Active,shazia,None,Normal,5: Lying down (controlled)
1789154054.236168,14825,Person C,1043.8,3247.6,160.0,3400.78,17.58,True,Active,shazia,None,Normal,5: Lying down (controlled)
1789154054.3142867,14826,Person C,1040.7,3247.0,80.0,3402.38,17.55,True,Active,shazia,None,Normal,5: Lying down (controlled)
1789154054.3923905,14827,Person C,1037.6,3246.7,480.0,3403.99,17.52,True,Active,shazia,None,Normal,5: Lying down (controlled)
1789154054.5124066,14828,Person C,1034.5,3246.4,160.0,3403.39,17.49,True,Active,shazia,None,Normal,5: Lying down (controlled)
1789154054.616736,14829,Person C,1032.0,3246.1,80.0,3404.29,17.54,True,Active,shazia,None,Normal,5: Lying down (controlled)
1789154054.6792336,14830,Person C,1030.2,3245.7,80.0,3404.54,17.61,True,Active,shazia,None,Normal,5: Lying down (controlled)
1789154054.7573514,14831,Person C,1029.1,3245.4,160.0,3404.2,17.65,True,Active,shazia,None,Normal,5: Lying down (controlled)
1789154054.835455,14832,Person C,1028.1,3245.0,80.0,3404.24,17.59,True,Active,shazia,None,Normal,5: Lying down (controlled)
1789154054.944818,14833,Person C,1027.4,3244.7,160.0,3402.68,17.57,True,Active,shazia,None,Normal,5: Lying down (controlled)
1789154055.0541897,14834,Person C,1027.1,3244.8,80.0,3404.29,17.54,True,Active,shazia,None,Normal,5: Lying down (controlled)
1789154055.1224308,14835,Person C,1027.3,3245.3,80.0,3406.15,17.58,True,Active,shazia,None,Normal,5: Lying down (controlled)
1789154055.2318327,14836,Person C,1027.8,3245.5,160.0,3405.8,17.62,True,Active,shazia,None,Normal,5: Lying down (controlled)
1789154055.309934,14837,Person C,1028.4,3245.6,80.0,3406.75,17.62,True,Active,shazia,None,Normal,5: Lying down (controlled)
1789154055.4036572,14838,Person C,1029.3,3245.4,160.0,3404.2,17.65,True,Active,shazia,None,Normal,5: Lying down (controlled)
1789154055.4974017,14839,Person C,1029.9,3245.2,160.0,3404.2,17.65,True,Active,shazia,None,Normal,5: Lying down (controlled)
1789154055.5755212,14840,Person C,1030.1,3245.3,80.0,3406.1,17.64,True,Active,shazia,None,Normal,5: Lying down (controlled)
1789154055.6583028,14841,Person C,1030.1,3245.5,80.0,3406.1,17.64,True,Active,shazia,None,Normal,5: Lying down (controlled)
1789154055.7520518,14842,Person C,1030.3,3245.9,80.0,3408.66,17.61,True,Active,shazia,None,Normal,5: Lying down (controlled)
1789154055.8457897,14843,Person C,1030.8,3246.7,80.0,3411.82,17.61,True,Active,shazia,None,Normal,5: Lying down (controlled)
1789154055.9239132,14844,Person C,1031.4,3247.2,160.0,3410.87,17.61,True,Active,shazia,None,Normal,5: Lying down (controlled)
1789154056.0020485,14845,Person C,1031.4,3247.3,0.0,3407.1,17.58,True,Active,shazia,None,Normal,5: Lying down (controlled)
1789154056.0801678,14846,Person C,1030.7,3247.3,80.0,3403.69,17.51,True,Active,shazia,None,Normal,5: Lying down (controlled)
1789154056.1771193,14847,Person C,1029.3,3246.9,-160.0,3398.73,17.41,True,Active,shazia,None,Normal,5: Lying down (controlled)
1789154056.2708428,14848,Person C,1026.8,3246.9,80.0,3396.7,17.25,True,Active,shazia,None,Normal,5: Lying down (controlled)
1789154056.3645892,14849,Person C,1023.7,3246.9,160.0,3394.93,17.15,True,Active,shazia,None,Normal,5: Lying down (controlled)
1789154056.4427269,14850,Person C,1020.6,3247.0,80.0,3397.79,17.13,True,Active,shazia,None,Normal,5: Lying down (controlled)
1789154056.5208292,14851,Person C,1017.3,3247.3,390.0,3399.12,17.09,True,Active,shazia,None,Normal,5: Lying down (controlled)
1789154056.6204164,14852,Person C,1014.0,3247.5,80.0,3400.74,17.07,True,Active,shazia,None,Normal,5: Lying down (controlled)
1789154056.7454312,14853,Person C,1011.0,3247.6,80.0,3403.82,17.12,True,Active,shazia,None,Normal,5: Lying down (controlled)
1789154056.8079073,14854,Person C,1008.5,3247.9,80.0,3406.25,17.2,True,Active,shazia,None,Normal,5: Lying down (controlled)
1789154056.9016705,14855,Person C,1006.4,3248.4,160.0,3405.59,17.22,True,Active,shazia,None,Normal,5: Lying down (controlled)
1789154056.9797897,14856,Person C,1005.2,3249.0,80.0,3405.83,17.29,True,Active,shazia,None,Normal,5: Lying down (controlled)
1789154057.0735197,14857,Person C,1004.9,3249.7,160.0,3404.51,17.33,True,Active,shazia,None,Normal,5: Lying down (controlled)
1789154057.1589339,14858,Person C,1005.7,3250.3,80.0,3404.81,17.34,True,Active,shazia,None,Normal,5: Lying down (controlled)
1789154057.268301,14859,Person C,1007.5,3251.0,80.0,3406.96,17.4,True,Active,shazia,None,Normal,5: Lying down (controlled)
1789154057.3464236,14860,Person C,1009.5,3251.3,160.0,3406.6,17.44,True,Active,shazia,None,Normal,5: Lying down (controlled)
1789154057.42456,14861,Person C,1012.2,3251.4,80.0,3408.1,17.52,True,Active,shazia,None,Normal,5: Lying down (controlled)
1789154057.5183034,14862,Person C,1015.5,3250.9,160.0,3405.8,17.62,True,Active,shazia,None,Normal,5: Lying down (controlled)
1789154057.6120465,14863,Person C,1018.7,3249.9,80.0,3403.85,17.68,True,Active,shazia,None,Normal,5: Lying down (controlled)
1789154057.7111678,14864,Person C,1021.3,3248.6,80.0,3401.64,17.68,True,Active,shazia,None,Normal,5: Lying down (controlled)
1789154057.7893035,14865,Person C,1023.7,3247.1,160.0,3398.48,17.68,True,Active,shazia,None,Normal,5: Lying down (controlled)
1789154057.8830466,14866,Person C,1025.4,3245.7,80.0,3397.57,17.63,True,Active,shazia,None,Normal,5: Lying down (controlled)
1789154057.9611661,14867,Person C,1026.9,3244.3,80.0,3395.66,17.64,True,Active,shazia,None,Normal,5: Lying down (controlled)
1789154058.063154,14868,Person C,1028.2,3242.6,160.0,3392.5,17.64,True,Active,shazia,None,Normal,5: Lying down (controlled)
1789154058.1541555,14869,Person C,1029.2,3240.5,80.0,3389.95,17.67,True,Active,shazia,None,Normal,5: Lying down (controlled)
1789154058.2322948,14870,Person C,1030.2,3238.2,160.0,3387.7,17.72,True,Active,shazia,None,Normal,5: Lying down (controlled)
1789154058.3103993,14871,Person C,1031.2,3235.8,80.0,3388.27,17.8,True,Active,shazia,None,Normal,5: Lying down (controlled)
1789154058.404142,14872,Person C,1032.2,3234.0,80.0,3391.71,17.87,True,Active,shazia,None,Normal,5: Lying down (controlled)
1789154058.5135088,14873,Person C,1033.2,3232.5,160.0,3392.63,17.92,True,Active,shazia,None,Normal,5: Lying down (controlled)
1789154058.576001,14874,Person C,1034.3,3231.5,80.0,3395.48,17.91,True,Active,shazia,None,Normal,5: Lying down (controlled)
1789154058.6607132,14875,Person C,1035.5,3230.8,160.0,3395.48,17.91,True,Active,shazia,None,Normal,5: Lying down (controlled)
1789154058.7544563,14876,Person C,1036.8,3230.0,160.0,3393.92,17.88,True,Active,shazia,None,Normal,5: Lying down (controlled)
1789154058.8482175,14877,Person C,1037.9,3229.6,80.0,3395.21,17.84,True,Active,shazia,None,Normal,5: Lying down (controlled)
1789154058.9575675,14878,Person C,1038.9,3229.4,160.0,3393.64,17.81,True,Active,shazia,None,Normal,5: Lying down (controlled)
1789154059.051311,14879,Person C,1039.6,3229.3,80.0,3391.13,17.79,True,Active,shazia,None,Normal,5: Lying down (controlled)
1789154059.113808,14880,Person C,1039.6,3229.3,80.0,3387.7,17.72,True,Active,shazia,None,Normal,5: Lying down (controlled)
1789154059.2129889,14881,Person C,1038.8,3229.0,160.0,3382.97,17.69,True,Active,shazia,None,Normal,5: Lying down (controlled)
1789154059.4088993,14882,Person C,1037.7,3228.4,80.0,3382.63,17.73,True,Active,shazia,None,Normal,5: Lying down (controlled)
1789154059.502641,14883,Person C,1036.3,3227.6,80.0,3380.72,17.74,True,Active,shazia,None,Normal,5: Lying down (controlled)
1789154059.5964036,14884,Person C,1035.2,3226.4,80.0,3380.69,17.79,True,Active,shazia,None,Normal,5: Lying down (controlled)
1789154059.6700892,14885,Person C,1034.9,3225.2,80.0,3383.14,17.92,True,Active,shazia,None,Normal,5: Lying down (controlled)
1789154059.7482083,14886,Person C,1035.5,3223.9,160.0,3383.4,18.04,True,Active,shazia,None,Normal,5: Lying down (controlled)
1789154059.8263116,14887,Person C,1036.6,3222.3,80.0,3383.38,18.1,True,Active,shazia,None,Normal,5: Lying down (controlled)
1789154059.9044275,14888,Person C,1037.8,3220.6,80.0,3381.17,18.09,True,Active,shazia,None,Normal,5: Lying down (controlled)
1789154059.998171,14889,Person C,1038.9,3218.9,160.0,3378.34,18.05,True,Active,shazia,None,Normal,5: Lying down (controlled)
1789154060.0763113,14890,Person C,1040.3,3216.9,0.0,3372.96,18.05,True,Active,shazia,None,Normal,5: Lying down (controlled)
1789154060.1593273,14891,Person C,1041.6,3215.0,160.0,3368.87,18.0,True,Active,shazia,None,Normal,5: Lying down (controlled)
1789154060.2374544,14892,Person C,1042.2,3213.0,80.0,3365.43,17.93,True,Active,shazia,None,Normal,5: Lying down (controlled)
1789154060.3312552,14893,Person C,1042.7,3211.1,80.0,3364.17,17.92,True,Active,shazia,None,Normal,5: Lying down (controlled)
1789154060.419387,14894,Person C,1042.9,3209.2,160.0,3363.22,17.92,True,Active,shazia,None,Normal,5: Lying down (controlled)
1789154060.4975271,14895,Person C,1041.9,3207.2,-80.0,3361.04,17.86,True,Active,shazia,None,Normal,5: Lying down (controlled)
1789154060.5756311,14896,Person C,1040.2,3205.4,80.0,3361.04,17.86,True,Active,shazia,None,Normal,5: Lying down (controlled)
1789154060.6537669,14897,Person C,1038.0,3203.6,-160.0,3359.47,17.84,True,Active,shazia,None,Normal,5: Lying down (controlled)
1789154060.7430553,14898,Person C,1035.9,3202.1,80.0,3360.42,17.83,True,Active,shazia,None,Normal,5: Lying down (controlled)
1789154060.8524232,14899,Person C,1034.2,3200.7,160.0,3359.78,17.85,True,Active,shazia,None,Normal,5: Lying down (controlled)
1789154060.9305415,14900,Person C,1032.8,3199.9,80.0,3361.04,17.86,True,Active,shazia,None,Normal,5: Lying down (controlled)
1789154060.993037,14901,Person C,1032.2,3199.2,80.0,3360.36,17.94,True,Active,shazia,None,Normal,5: Lying down (controlled)
1789154061.0711567,14902,Person C,1032.2,3198.6,160.0,3359.72,17.96,True,Active,shazia,None,Normal,5: Lying down (controlled)
1789154061.1805217,14903,Person C,1031.9,3197.8,-80.0,3355.63,17.91,True,Active,shazia,None,Normal,5: Lying down (controlled)
1789154061.2742841,14904,Person C,1031.3,3197.2,80.0,3355.66,17.86,True,Active,shazia,None,Normal,5: Lying down (controlled)
1789154061.3523872,14905,Person C,1030.9,3196.6,160.0,3354.1,17.83,True,Active,shazia,None,Normal,5: Lying down (controlled)
1789154061.4305234,14906,Person C,1029.9,3196.0,0.0,3352.27,17.73,True,Active,shazia,None,Normal,5: Lying down (controlled)
1789154061.539876,14907,Person C,1028.8,3195.3,160.0,3349.45,17.69,True,Active,shazia,None,Normal,5: Lying down (controlled)
1789154061.6179912,14908,Person C,1027.6,3194.4,80.0,3348.19,17.68,True,Active,shazia,None,Normal,5: Lying down (controlled)
1789154061.7215538,14909,Person C,1026.7,3193.8,80.0,3351.31,17.74,True,Active,shazia,None,Normal,5: Lying down (controlled)
1789154061.799692,14910,Person C,1025.9,3193.0,160.0,3350.97,17.78,True,Active,shazia,None,Normal,5: Lying down (controlled)
1789154061.8778102,14911,Person C,1025.3,3192.5,80.0,3353.76,17.87,True,Active,shazia,None,Normal,5: Lying down (controlled)
1789154061.9559138,14912,Person C,1025.5,3191.9,80.0,3354.63,18.02,True,Active,shazia,None,Normal,5: Lying down (controlled)
1789154062.0496533,14913,Person C,1026.8,3191.3,160.0,3353.95,18.15,True,Active,shazia,None,Normal,5: Lying down (controlled)
1789154062.1590216,14914,Person C,1028.9,3190.2,0.0,3351.71,18.26,True,Active,shazia,None,Normal,5: Lying down (controlled)
1789154062.2413094,14915,Person C,1031.7,3188.9,80.0,3350.44,18.35,True,Active,shazia,None,Normal,5: Lying down (controlled)
1789154062.3194294,14916,Person C,1035.2,3187.6,160.0,3350.75,18.37,True,Active,shazia,None,Normal,5: Lying down (controlled)
1789154062.4131718,14917,Person C,1039.4,3186.5,80.0,3352.01,18.43,True,Active,shazia,None,Normal,5: Lying down (controlled)
1789154062.506897,14918,Person C,1043.7,3185.6,160.0,3352.96,18.43,True,Active,shazia,None,Normal,5: Lying down (controlled)
1789154062.6006396,14919,Person C,1047.4,3184.2,-80.0,3349.48,18.41,True,Active,shazia,None,Normal,5: Lying down (controlled)
1789154062.6787794,14920,Person C,1050.6,3182.9,80.0,3348.54,18.36,True,Active,shazia,None,Normal,5: Lying down (controlled)
1789154062.7560716,14921,Person C,1052.9,3181.3,160.0,3345.7,18.33,True,Active,shazia,None,Normal,5: Lying down (controlled)
1789154062.8966706,14922,Person C,1054.4,3180.1,80.0,3347.91,18.33,True,Active,shazia,None,Normal,5: Lying down (controlled)
1789154062.9747906,14923,Person C,1055.4,3179.1,160.0,3347.59,18.37,True,Active,shazia,None,Normal,5: Lying down (controlled)
1789154063.0685325,14924,Person C,1056.0,3178.4,160.0,3346.96,18.39,True,Active,shazia,None,Normal,5: Lying down (controlled)
1789154063.1310306,14925,Person C,1056.3,3178.1,80.0,3348.54,18.42,True,Active,shazia,None,Normal,5: Lying down (controlled)
1789154063.2041934,14926,Person C,1056.5,3177.7,160.0,3347.59,18.42,True,Active,shazia,None,Normal,5: Lying down (controlled)
1789154063.2979386,14927,Person C,1056.5,3177.2,80.0,3347.27,18.46,True,Active,shazia,None,Normal,5: Lying down (controlled)
1789154063.407304,14928,Person C,1056.3,3176.7,80.0,3347.59,18.42,True,Active,shazia,None,Normal,5: Lying down (controlled)
1789154063.4854424,14929,Person C,1056.3,3176.4,160.0,3346.64,18.43,True,Active,shazia,None,Normal,5: Lying down (controlled)
1789154063.563545,14930,Person C,1056.7,3176.3,80.0,3348.85,18.43,True,Active,shazia,None,Normal,5: Lying down (controlled)
1789154063.6416647,14931,Person C,1057.6,3176.8,80.0,3353.28,18.45,True,Active,shazia,None,Normal,5: Lying down (controlled)
1789154063.770984,14932,Person C,1058.3,3177.4,80.0,3355.81,18.41,True,Active,shazia,None,Normal,5: Lying down (controlled)
1789154063.8647273,14933,Person C,1058.7,3178.3,80.0,3357.39,18.39,True,Active,shazia,None,Normal,5: Lying down (controlled)
1789154063.9584515,14934,Person C,1059.0,3179.2,160.0,3356.44,18.39,True,Active,shazia,None,Normal,5: Lying down (controlled)
1789154064.0209672,14935,Person C,1059.1,3179.9,80.0,3355.49,18.4,True,Active,shazia,None,Normal,5: Lying down (controlled)
1789154064.1147108,14936,Person C,1059.5,3180.9,80.0,3358.34,18.43,True,Active,shazia,None,Normal,5: Lying down (controlled)
1789154064.1771898,14937,Person C,1059.8,3181.9,160.0,3357.71,18.46,True,Active,shazia,None,Normal,5: Lying down (controlled)
1789154064.2925427,14938,Person C,1060.4,3183.2,80.0,3361.82,18.45,True,Active,shazia,None,Normal,5: Lying down (controlled)
1789154064.3706653,14939,Person C,1061.0,3184.6,80.0,3361.82,18.45,True,Active,shazia,None,Normal,5: Lying down (controlled)
1789154064.4644244,14940,Person C,1061.3,3185.7,160.0,3360.24,18.42,True,Active,shazia,None,Normal,5: Lying down (controlled)
1789154064.5425441,14941,Person C,1061.2,3186.2,160.0,3357.71,18.4,True,Active,shazia,None,Normal,5: Lying down (controlled)
1789154064.6362884,14942,Person C,1061.2,3186.2,160.0,3355.81,18.41,True,Active,shazia,None,Normal,5: Lying down (controlled)
1789154064.7512035,14943,Person C,1061.3,3186.1,80.0,3356.76,18.41,True,Active,shazia,None,Normal,5: Lying down (controlled)
1789154064.8449454,14944,Person C,1061.7,3186.3,80.0,3359.6,18.45,True,Active,shazia,None,Normal,5: Lying down (controlled)
1789154064.923065,14945,Person C,1062.3,3186.5,160.0,3359.29,18.48,True,Active,shazia,None,Normal,5: Lying down (controlled)
1789154065.0324547,14946,Person C,1062.8,3186.7,80.0,3361.82,18.51,True,Active,shazia,None,Normal,5: Lying down (controlled)
1789154065.0949476,14947,Person C,1063.2,3187.0,-80.0,3361.82,18.51,True,Active,shazia,None,Normal,5: Lying down (controlled)
1789154065.1886742,14948,Person C,1063.3,3186.8,160.0,3360.24,18.48,True,Active,shazia,None,Normal,5: Lying down (controlled)
1789154065.2878482,14949,Person C,1063.3,3186.7,80.0,3360.87,18.46,True,Active,shazia,None,Normal,5: Lying down (controlled)
1789154065.3659687,14950,Person C,1063.4,3186.6,160.0,3359.6,18.45,True,Active,shazia,None,Normal,5: Lying down (controlled)
1789154065.4441075,14951,Person C,1063.6,3186.7,80.0,3359.29,18.43,True,Active,shazia,None,Normal,5: Lying down (controlled)
1789154065.5222104,14952,Person C,1063.8,3187.0,80.0,3359.29,18.43,True,Active,shazia,None,Normal,5: Lying down (controlled)
1789154065.6315749,14953,Person C,1063.9,3187.1,160.0,3358.02,18.42,True,Active,shazia,None,Normal,5: Lying down (controlled)
1789154065.7253168,14954,Person C,1063.8,3187.1,80.0,3359.29,18.43,True,Active,shazia,None,Normal,5: Lying down (controlled)
1789154065.803457,14955,Person C,1063.8,3187.3,80.0,3361.19,18.47,True,Active,shazia,None,Normal,5: Lying down (controlled)
1789154065.8815596,14956,Person C,1063.6,3187.3,-160.0,3361.19,18.47,True,Active,shazia,None,Normal,5: Lying down (controlled)
1789154065.9596958,14957,Person C,1063.7,3187.3,80.0,3362.14,18.52,True,Active,shazia,None,Normal,5: Lying down (controlled)
1789154066.0690463,14958,Person C,1064.2,3187.2,160.0,3360.88,18.56,True,Active,shazia,None,Normal,5: Lying down (controlled)
1789154066.1627898,14959,Person C,1065.1,3186.9,80.0,3360.89,18.62,True,Active,shazia,None,Normal,5: Lying down (controlled)
1789154066.235004,14960,Person C,1066.0,3186.5,-80.0,3358.67,18.61,True,Active,shazia,None,Normal,5: Lying down (controlled)
1789154066.3443906,14961,Person C,1066.9,3186.0,160.0,3357.4,18.6,True,Active,shazia,None,Normal,5: Lying down (controlled)
1789154066.4225078,14962,Person C,1067.6,3185.7,80.0,3358.66,18.56,True,Active,shazia,None,Normal,5: Lying down (controlled)
1789154066.5162332,14963,Person C,1068.2,3185.5,160.0,3358.03,18.53,True,Active,shazia,None,Normal,5: Lying down (controlled)
1789154066.6099772,14964,Person C,1068.5,3185.2,160.0,3357.39,18.49,True,Active,shazia,None,Normal,5: Lying down (controlled)
1789154066.7037387,14965,Person C,1068.4,3184.8,80.0,3357.07,18.48,True,Active,shazia,None,Normal,5: Lying down (controlled)
1789154066.824783,14966,Person C,1068.4,3184.4,160.0,3357.39,18.49,True,Active,shazia,None,Normal,5: Lying down (controlled)
1789154066.9029002,14967,Person C,1068.4,3183.9,80.0,3357.4,18.55,True,Active,shazia,None,Normal,5: Lying down (controlled)
1789154066.9966261,14968,Person C,1068.8,3183.6,80.0,3359.31,18.65,True,Active,shazia,None,Normal,5: Lying down (controlled)
1789154067.0747428,14969,Person C,1069.4,3183.3,160.0,3359.97,18.73,True,Active,shazia,None,Normal,5: Lying down (controlled)
1789154067.1528816,14970,Person C,1070.6,3183.0,80.0,3359.68,18.82,True,Active,shazia,None,Normal,5: Lying down (controlled)
1789154067.215358,14971,Person C,1072.3,3182.6,80.0,3359.08,18.9,True,Active,shazia,None,Normal,5: Lying down (controlled)
1789154067.3297317,14972,Person C,1074.3,3181.7,160.0,3356.57,18.93,True,Active,shazia,None,Normal,5: Lying down (controlled)
1789154067.392228,14973,Person C,1076.6,3180.9,80.0,3357.84,18.94,True,Active,shazia,None,Normal,5: Lying down (controlled)
1789154067.48599,14974,Person C,1079.1,3180.1,160.0,3357.84,18.94,True,Active,shazia,None,Normal,5: Lying down (controlled)
1789154067.5797353,14975,Person C,1081.4,3179.4,80.0,3357.81,18.89,True,Active,shazia,None,Normal,5: Lying down (controlled)
1789154067.6578531,14976,Person C,1083.4,3178.9,80.0,3359.06,18.84,True,Active,shazia,None,Normal,5: Lying down (controlled)
1789154067.754169,14977,Person C,1084.9,3178.5,160.0,3358.41,18.81,True,Active,shazia,None,Normal,5: Lying down (controlled)
1789154067.847894,14978,Person C,1086.1,3178.3,80.0,3361.27,18.85,True,Active,shazia,None,Normal,5: Lying down (controlled)
1789154067.9416366,14979,Person C,1087.1,3178.5,80.0,3365.08,18.88,True,Active,shazia,None,Normal,5: Lying down (controlled)
1789154068.0197756,14980,Person C,1088.0,3179.1,80.0,3368.27,18.94,True,Active,shazia,None,Normal,5: Lying down (controlled)
1789154068.0978956,14981,Person C,1088.7,3180.3,80.0,3372.7,18.95,True,Active,shazia,None,Normal,5: Lying down (controlled)
1789154068.1916223,14982,Person C,1089.2,3181.9,160.0,3373.32,18.92,True,Active,shazia,None,Normal,5: Lying down (controlled)
1789154068.2755194,14983,Person C,1089.6,3183.8,80.0,3377.11,18.9,True,Active,shazia,None,Normal,5: Lying down (controlled)
1789154068.3849068,14984,Person C,1090.1,3186.1,80.0,3381.22,18.9,True,Active,shazia,None,Normal,5: Lying down (controlled)
1789154068.4630263,14985,Person C,1090.6,3188.4,160.0,3381.19,18.84,True,Active,shazia,None,Normal,5: Lying down (controlled)
1789154068.54113,14986,Person C,1091.2,3190.3,80.0,3378.98,18.84,True,Active,shazia,None,Normal,5: Lying down (controlled)
1789154068.634872,14987,Person C,1092.0,3192.1,80.0,3378.03,18.84,True,Active,shazia,None,Normal,5: Lying down (controlled)
1789154068.7500026,14988,Person C,1092.3,3193.6,160.0,3376.44,18.82,True,Active,shazia,None,Normal,5: Lying down (controlled)
1789154068.8593946,14989,Person C,1092.4,3194.8,80.0,3376.76,18.83,True,Active,shazia,None,Normal,5: Lying down (controlled)
1789154068.9218903,14990,Person C,1092.0,3195.7,160.0,3375.49,18.82,True,Active,shazia,None,Normal,5: Lying down (controlled)
1789154068.9999924,14991,Person C,1091.3,3195.8,-80.0,3371.38,18.83,True,Active,shazia,None,Normal,5: Lying down (controlled)
1789154069.078128,14992,Person C,1090.6,3195.6,80.0,3369.17,18.82,True,Active,shazia,None,Normal,5: Lying down (controlled)
1789154069.1874967,14993,Person C,1089.7,3194.8,160.0,3366.63,18.8,True,Active,shazia,None,Normal,5: Lying down (controlled)
1789154069.2812202,14994,Person C,1088.7,3193.7,80.0,3367.58,18.8,True,Active,shazia,None,Normal,5: Lying down (controlled)
1789154069.3593423,14995,Person C,1088.0,3192.4,160.0,3366.63,18.8,True,Active,shazia,None,Normal,5: Lying down (controlled)
1789154069.4374592,14996,Person C,1087.3,3191.4,160.0,3367.25,18.78,True,Active,shazia,None,Normal,5: Lying down (controlled)
1789154069.546849,14997,Person C,1086.2,3190.6,80.0,3366.92,18.71,True,Active,shazia,None,Normal,5: Lying down (controlled)
1789154069.6249452,14998,Person C,1085.0,3189.9,160.0,3365.95,18.66,True,Active,shazia,None,Normal,5: Lying down (controlled)
1789154069.718689,14999,Person C,1083.1,3189.4,80.0,3365.94,18.55,True,Active,shazia,None,Normal,5: Lying down (controlled)
1789154069.8086796,15000,Person C,1080.8,3189.1,80.0,3365.3,18.47,True,Active,shazia,None,Normal,5: Lying down (controlled)
1789154069.8867824,15001,Person C,1078.3,3189.2,160.0,3364.35,18.42,True,Active,shazia,None,Normal,5: Lying down (controlled)
1789154069.964902,15002,Person C,1076.0,3189.7,80.0,3366.56,18.42,True,Active,shazia,None,Normal,5: Lying down (controlled)
1789154070.0898914,15003,Person C,1073.8,3190.8,80.0,3370.04,18.39,True,Active,shazia,None,Normal,5: Lying down (controlled)
1789154070.16801,15004,Person C,1071.3,3191.7,-160.0,3368.15,18.34,True,Active,shazia,None,Normal,5: Lying down (controlled)
1789154070.2461493,15005,Person C,1068.8,3192.7,80.0,3368.15,18.34,True,Active,shazia,None,Normal,5: Lying down (controlled)
1789154070.3125603,15006,Person C,1066.4,3193.4,160.0,3366.25,18.35,True,Active,shazia,None,Normal,5: Lying down (controlled)
1789154070.453173,15007,Person C,1064.4,3194.0,80.0,3366.25,18.35,True,Active,shazia,None,Normal,5: Lying down (controlled)
1789154070.5312972,15008,Person C,1062.7,3194.6,80.0,3366.25,18.35,True,Active,shazia,None,Normal,5: Lying down (controlled)
1789154070.6406622,15009,Person C,1061.4,3194.9,160.0,3364.67,18.33,True,Active,shazia,None,Normal,5: Lying down (controlled)
1789154070.7187815,15010,Person C,1060.4,3195.4,80.0,3366.89,18.28,True,Active,shazia,None,Normal,5: Lying down (controlled)
1789154070.7871196,15011,Person C,1059.7,3196.0,80.0,3367.84,18.27,True,Active,shazia,None,Normal,5: Lying down (controlled)
1789154070.8808517,15012,Person C,1058.9,3196.4,160.0,3367.84,18.27,True,Active,shazia,None,Normal,5: Lying down (controlled)
1789154070.9589646,15013,Person C,1057.8,3196.2,0.0,3364.69,18.22,True,Active,shazia,None,Normal,5: Lying down (controlled)
1789154071.0683315,15014,Person C,1056.8,3195.9,160.0,3362.16,18.2,True,Active,shazia,None,Normal,5: Lying down (controlled)
1789154071.14647,15015,Person C,1055.9,3195.6,80.0,3362.47,18.21,True,Active,shazia,None,Normal,5: Lying down (controlled)
1789154071.2245739,15016,Person C,1055.4,3195.7,80.0,3365.63,18.27,True,Active,shazia,None,Normal,5: Lying down (controlled)
1789154071.2998087,15017,Person C,1055.0,3195.8,160.0,3365.94,18.28,True,Active,shazia,None,Normal,5: Lying down (controlled)
1789154071.3935325,15018,Person C,1054.7,3196.1,80.0,3368.15,18.29,True,Active,shazia,None,Normal,5: Lying down (controlled)
1789154071.5029027,15019,Person C,1054.9,3196.2,160.0,3366.25,18.35,True,Active,shazia,None,Normal,5: Lying down (controlled)
1789154071.5810227,15020,Person C,1055.2,3195.7,160.0,3363.09,18.35,True,Active,shazia,None,Normal,5: Lying down (controlled)
1789154071.6591425,15021,Person C,1055.4,3195.0,80.0,3361.82,18.34,True,Active,shazia,None,Normal,5: Lying down (controlled)
1789154071.7529018,15022,Person C,1055.5,3194.2,160.0,3360.56,18.33,True,Active,shazia,None,Normal,5: Lying down (controlled)
1789154071.8591363,15023,Person C,1055.8,3193.6,80.0,3359.93,18.3,True,Active,shazia,None,Normal,5: Lying down (controlled)
1789154071.9528801,15024,Person C,1056.4,3193.4,80.0,3362.14,18.31,True,Active,shazia,None,Normal,5: Lying down (controlled)
1789154072.0310197,15025,Person C,1056.9,3193.2,160.0,3362.14,18.31,True,Active,shazia,None,Normal,5: Lying down (controlled)
1789154072.1247625,15026,Person C,1057.5,3192.8,80.0,3363.72,18.39,True,Active,shazia,None,Normal,5: Lying down (controlled)
1789154072.2028658,15027,Person C,1058.7,3192.6,80.0,3367.83,18.49,True,Active,shazia,None,Normal,5: Lying down (controlled)
1789154072.2809818,15028,Person C,1060.2,3192.4,-160.0,3370.99,18.54,True,Active,shazia,None,Normal,5: Lying down (controlled)
1789154072.374729,15029,Person C,1061.6,3193.0,80.0,3376.37,18.55,True,Active,shazia,None,Normal,5: Lying down (controlled)
1789154072.468488,15030,Person C,1063.1,3194.1,160.0,3378.27,18.54,True,Active,shazia,None,Normal,5: Lying down (controlled)
1789154072.5466077,15031,Person C,1065.1,3195.7,80.0,3383.33,18.58,True,Active,shazia,None,Normal,5: Lying down (controlled)
1789154072.6403348,15032,Person C,1067.2,3197.7,560.0,3386.18,18.56,True,Active,shazia,None,Normal,5: Lying down (controlled)
1789154072.7340949,15033,Person C,1069.3,3199.7,160.0,3385.54,18.53,True,Active,shazia,None,Normal,5: Lying down (controlled)
1789154072.8396156,15034,Person C,1071.0,3201.6,80.0,3385.54,18.48,True,Active,shazia,None,Normal,5: Lying down (controlled)
1789154072.9177337,15035,Person C,1072.9,3203.6,80.0,3387.12,18.5,True,Active,shazia,None,Normal,5: Lying down (controlled)
1789154072.995834,15036,Person C,1074.3,3205.6,160.0,3387.12,18.5,True,Active,shazia,None,Normal,5: Lying down (controlled)
1789154073.089597,15037,Person C,1074.6,3207.4,0.0,3385.85,18.44,True,Active,shazia,None,Normal,5: Lying down (controlled)
1789154073.1833212,15038,Person C,1074.4,3208.8,80.0,3383.64,18.43,True,Active,shazia,None,Normal,5: Lying down (controlled)
1789154073.2770648,15039,Person C,1074.0,3209.1,-80.0,3377.95,18.47,True,Active,shazia,None,Normal,5: Lying down (controlled)
1789154073.3766434,15040,Person C,1073.7,3208.4,-80.0,3370.68,18.53,True,Active,shazia,None,Normal,5: Lying down (controlled)
1789154073.454761,15041,Person C,1073.0,3206.7,160.0,3364.99,18.56,True,Active,shazia,None,Normal,5: Lying down (controlled)
1789154073.5328815,15042,Person C,1072.2,3204.8,80.0,3365.62,18.54,True,Active,shazia,None,Normal,5: Lying down (controlled)
1789154073.6422307,15043,Person C,1071.8,3202.9,160.0,3366.25,18.57,True,Active,shazia,None,Normal,5: Lying down (controlled)
1789154073.7203512,15044,Person C,1071.6,3201.0,160.0,3366.88,18.55,True,Active,shazia,None,Normal,5: Lying down (controlled)
1789154073.8000374,15045,Person C,1071.0,3199.4,560.0,3370.04,18.49,True,Active,shazia,None,Normal,5: Lying down (controlled)
1789154073.878165,15046,Person C,1070.5,3198.0,480.0,3372.26,18.5,True,Active,shazia,None,Normal,5: Lying down (controlled)
1789154073.9719245,15047,Person C,1070.2,3196.8,160.0,3373.52,18.46,True,Active,shazia,None,Normal,5: Lying down (controlled)
1789154074.0656524,15048,Person C,1070.1,3195.7,640.0,3372.89,18.48,True,Active,shazia,None,Normal,5: Lying down (controlled)
1789154074.1593976,15049,Person C,1069.8,3195.0,160.0,3370.36,18.46,True,Active,shazia,None,Normal,5: Lying down (controlled)
1789154074.2375312,15050,Person C,1069.5,3195.2,80.0,3371.62,18.47,True,Active,shazia,None,Normal,5: Lying down (controlled)
1789154074.3565774,15051,Person C,1069.2,3196.4,80.0,3375.42,18.45,True,Active,shazia,None,Normal,5: Lying down (controlled)
1789154074.4346783,15052,Person C,1068.8,3197.5,160.0,3374.78,18.41,True,Active,shazia,None,Normal,5: Lying down (controlled)
1789154074.5284245,15053,Person C,1068.5,3198.8,80.0,3377.63,18.45,True,Active,shazia,None,Normal,5: Lying down (controlled)
1789154074.6065454,15054,Person C,1068.4,3199.7,160.0,3375.1,18.48,True,Active,shazia,None,Normal,5: Lying down (controlled)
1789154074.6846805,15055,Person C,1068.6,3200.1,80.0,3374.47,18.5,True,Active,shazia,None,Normal,5: Lying down (controlled)
1789154074.7784073,15056,Person C,1068.5,3200.4,80.0,3374.78,18.47,True,Active,shazia,None,Normal,5: Lying down (controlled)
1789154074.8937263,15057,Person C,1068.4,3200.6,160.0,3375.1,18.43,True,Active,shazia,None,Normal,5: Lying down (controlled)
1789154074.9718254,15058,Person C,1067.7,3200.8,80.0,3372.57,18.35,True,Active,shazia,None,Normal,5: Lying down (controlled)
1789154075.112442,15059,Person C,1067.0,3200.9,80.0,3369.1,18.34,True,Active,shazia,None,Normal,5: Lying down (controlled)
1789154075.2061844,15060,Person C,1065.9,3200.7,160.0,3366.25,18.3,True,Active,shazia,None,Normal,5: Lying down (controlled)
1789154075.2999277,15061,Person C,1064.9,3200.1,80.0,3366.57,18.32,True,Active,shazia,None,Normal,5: Lying down (controlled)
1789154075.3664234,15062,Person C,1064.2,3199.5,160.0,3366.88,18.33,True,Active,shazia,None,Normal,5: Lying down (controlled)
1789154075.4601479,15063,Person C,1063.2,3198.9,80.0,3368.78,18.32,True,Active,shazia,None,Normal,5: Lying down (controlled)
1789154075.5382867,15064,Person C,1062.2,3199.0,80.0,3372.89,18.32,True,Active,shazia,None,Normal,5: Lying down (controlled)
1789154075.6320102,15065,Person C,1061.1,3199.3,160.0,3373.84,18.31,True,Active,shazia,None,Normal,5: Lying down (controlled)
1789154075.7101333,15066,Person C,1060.4,3199.7,80.0,3376.37,18.33,True,Active,shazia,None,Normal,5: Lying down (controlled)
1789154075.8038754,15067,Person C,1060.0,3199.7,160.0,3373.84,18.37,True,Active,shazia,None,Normal,5: Lying down (controlled)
1789154075.9014592,15068,Person C,1060.2,3199.6,80.0,3372.25,18.39,True,Active,shazia,None,Normal,5: Lying down (controlled)
1789154076.0264506,15069,Person C,1060.6,3200.0,80.0,3374.15,18.38,True,Active,shazia,None,Normal,5: Lying down (controlled)
1789154076.088946,15070,Person C,1061.1,3200.7,160.0,3374.47,18.34,True,Active,shazia,None,Normal,5: Lying down (controlled)
1789154076.1670659,15071,Person C,1061.1,3201.7,80.0,3376.06,18.26,True,Active,shazia,None,Normal,5: Lying down (controlled)
1789154076.2451854,15072,Person C,1060.4,3203.2,80.0,3378.94,18.14,True,Active,shazia,None,Normal,5: Lying down (controlled)
1789154076.3448112,15073,Person C,1059.3,3204.8,160.0,3380.55,18.06,True,Active,shazia,None,Normal,5: Lying down (controlled)
1789154076.4385562,15074,Person C,1058.1,3206.1,80.0,3381.5,18.05,True,Active,shazia,None,Normal,5: Lying down (controlled)
1789154076.5166736,15075,Person C,1056.8,3207.1,160.0,3379.29,18.05,True,Active,shazia,None,Normal,5: Lying down (controlled)
1789154076.5791693,15076,Person C,1055.1,3207.5,-80.0,3374.86,18.04,True,Active,shazia,None,Normal,5: Lying down (controlled)
1789154076.6729314,15077,Person C,1053.0,3207.9,80.0,3371.08,18.0,True,Active,shazia,None,Normal,5: Lying down (controlled)
1789154076.782299,15078,Person C,1050.6,3208.3,160.0,3368.56,17.98,True,Active,shazia,None,Normal,5: Lying down (controlled)
1789154076.8760235,15079,Person C,1048.2,3208.6,80.0,3369.51,17.98,True,Active,shazia,None,Normal,5: Lying down (controlled)
1789154076.938519,15080,Person C,1046.3,3208.8,80.0,3370.44,18.03,True,Active,shazia,None,Normal,5: Lying down (controlled)
1789154077.0322819,15081,Person C,1045.0,3208.7,160.0,3371.06,18.06,True,Active,shazia,None,Normal,5: Lying down (controlled)
1789154077.094778,15082,Person C,1044.7,3208.2,80.0,3373.25,18.12,True,Active,shazia,None,Normal,5: Lying down (controlled)
1789154077.188501,15083,Person C,1044.9,3207.4,160.0,3373.56,18.13,True,Active,shazia,None,Normal,5: Lying down (controlled)
1789154077.2822483,15084,Person C,1044.9,3206.5,80.0,3372.94,18.1,True,Active,shazia,None,Normal,5: Lying down (controlled)
1789154077.370373,15085,Person C,1045.0,3205.9,80.0,3373.89,18.1,True,Active,shazia,None,Normal,5: Lying down (controlled)
1789154077.4484766,15086,Person C,1045.1,3205.7,160.0,3373.27,18.06,True,Active,shazia,None,Normal,5: Lying down (controlled)
1789154077.526613,15087,Person C,1045.7,3205.8,80.0,3373.89,18.1,True,Active,shazia,None,Normal,5: Lying down (controlled)
1789154077.651604,15088,Person C,1046.5,3205.9,240.0,3371.99,18.11,True,Active,shazia,None,Normal,5: Lying down (controlled)
1789154077.760971,15089,Person C,1047.1,3205.6,-160.0,3368.52,18.09,True,Active,shazia,None,Normal,5: Lying down (controlled)
1789154077.8400693,15090,Person C,1047.2,3205.4,80.0,3368.85,18.05,True,Active,shazia,None,Normal,5: Lying down (controlled)
1789154077.9053288,15091,Person C,1046.9,3205.0,160.0,3366.33,18.03,True,Active,shazia,None,Normal,5: Lying down (controlled)
1789154077.9834478,15092,Person C,1046.1,3204.6,80.0,3366.97,18.01,True,Active,shazia,None,Normal,5: Lying down (controlled)
1789154078.0771728,15093,Person C,1045.1,3204.2,80.0,3366.66,17.99,True,Active,shazia,None,Normal,5: Lying down (controlled)
1789154078.1709166,15094,Person C,1044.2,3203.7,160.0,3365.4,17.98,True,Active,shazia,None,Normal,5: Lying down (controlled)
1789154078.2646623,15095,Person C,1043.2,3203.1,80.0,3365.09,17.97,True,Active,shazia,None,Normal,5: Lying down (controlled)
1789154078.3464057,15096,Person C,1042.4,3202.4,80.0,3364.14,17.97,True,Active,shazia,None,Normal,5: Lying down (controlled)
1789154078.424532,15097,Person C,1041.3,3201.8,160.0,3364.78,17.95,True,Active,shazia,None,Normal,5: Lying down (controlled)
1789154078.5182717,15098,Person C,1040.4,3201.4,480.0,3365.4,17.98,True,Active,shazia,None,Normal,5: Lying down (controlled)
1789154078.612021,15099,Person C,1039.9,3201.3,160.0,3366.02,18.02,True,Active,shazia,None,Normal,5: Lying down (controlled)
1789154078.6901553,15100,Person C,1040.0,3200.6,-80.0,3362.51,18.11,True,Active,shazia,None,Normal,5: Lying down (controlled)
1789154078.799506,15101,Person C,1040.8,3199.8,80.0,3361.21,18.2,True,Active,shazia,None,Normal,5: Lying down (controlled)
1789154078.8812993,15102,Person C,1041.9,3198.7,160.0,3359.94,18.25,True,Active,shazia,None,Normal,5: Lying down (controlled)
1789154078.9750383,15103,Person C,1043.6,3197.7,80.0,3362.46,18.32,True,Active,shazia,None,Normal,5: Lying down (controlled)
1789154079.0844085,15104,Person C,1045.7,3196.6,-80.0,3361.5,18.38,True,Active,shazia,None,Normal,5: Lying down (controlled)
1789154079.1625266,15105,Person C,1048.0,3195.3,160.0,3359.92,18.41,True,Active,shazia,None,Normal,5: Lying down (controlled)
1789154079.2406647,15106,Person C,1050.0,3194.4,80.0,3361.82,18.34,True,Active,shazia,None,Normal,5: Lying down (controlled)
1789154079.318785,15107,Person C,1051.9,3193.4,160.0,3361.19,18.31,True,Active,shazia,None,Normal,5: Lying down (controlled)
1789154079.4005442,15108,Person C,1053.4,3192.7,160.0,3363.41,18.26,True,Active,shazia,None,Normal,5: Lying down (controlled)
1789154079.4942834,15109,Person C,1054.6,3192.1,80.0,3364.05,18.24,True,Active,shazia,None,Normal,5: Lying down (controlled)
1789154079.5724053,15110,Person C,1055.3,3191.9,160.0,3362.79,18.23,True,Active,shazia,None,Normal,5: Lying down (controlled)
1789154079.68179,15111,Person C,1055.9,3192.1,80.0,3364.99,18.29,True,Active,shazia,None,Normal,5: Lying down (controlled)
1789154079.7911386,15112,Person C,1056.4,3192.3,-80.0,3363.41,18.32,True,Active,shazia,None,Normal,5: Lying down (controlled)
1789154079.8904362,15113,Person C,1056.3,3192.2,160.0,3361.19,18.31,True,Active,shazia,None,Normal,5: Lying down (controlled)
1789154079.9998028,15114,Person C,1055.8,3192.5,80.0,3362.78,18.28,True,Active,shazia,None,Normal,5: Lying down (controlled)
1789154080.0779433,15115,Person C,1055.0,3193.0,160.0,3362.15,18.25,True,Active,shazia,None,Normal,5: Lying down (controlled)
1789154080.1404376,15116,Person C,1054.8,3193.3,80.0,3364.04,18.29,True,Active,shazia,None,Normal,5: Lying down (controlled)
1789154080.2341814,15117,Person C,1054.8,3193.5,-80.0,3363.09,18.3,True,Active,shazia,None,Normal,5: Lying down (controlled)
1789154080.2966561,15118,Person C,1054.8,3193.3,160.0,3361.51,18.27,True,Active,shazia,None,Normal,5: Lying down (controlled)
1789154080.3953183,15119,Person C,1054.5,3193.1,80.0,3361.21,18.2,True,Active,shazia,None,Normal,5: Lying down (controlled)
1789154080.4734378,15120,Person C,1054.0,3193.1,80.0,3361.23,18.15,True,Active,shazia,None,Normal,5: Lying down (controlled)
1789154080.5515592,15121,Person C,1052.8,3193.1,160.0,3361.24,18.1,True,Active,shazia,None,Normal,5: Lying down (controlled)
1789154080.6453032,15122,Person C,1051.6,3193.5,80.0,3363.46,18.1,True,Active,shazia,None,Normal,5: Lying down (controlled)
1789154080.7546682,15123,Person C,1050.7,3193.9,160.0,3362.18,18.14,True,Active,shazia,None,Normal,5: Lying down (controlled)
1789154080.8484116,15124,Person C,1049.8,3193.8,-160.0,3359.01,18.14,True,Active,shazia,None,Normal,5: Lying down (controlled)
1789154080.9305274,15125,Person C,1049.2,3193.7,80.0,3359.33,18.16,True,Active,shazia,None,Normal,5: Lying down (controlled)
1789154081.0086305,15126,Person C,1048.3,3193.4,160.0,3358.38,18.17,True,Active,shazia,None,Normal,5: Lying down (controlled)
1789154081.1023908,15127,Person C,1047.7,3193.2,80.0,3359.31,18.21,True,Active,shazia,None,Normal,5: Lying down (controlled)
1789154081.196114,15128,Person C,1047.7,3192.8,160.0,3357.72,18.29,True,Active,shazia,None,Normal,5: Lying down (controlled)
1789154081.2742333,15129,Person C,1048.2,3192.1,160.0,3356.13,18.32,True,Active,shazia,None,Normal,5: Lying down (controlled)
1789154081.3715281,15130,Person C,1048.4,3191.2,0.0,3353.3,18.23,True,Active,shazia,None,Normal,5: Lying down (controlled)
1789154081.4496725,15131,Person C,1048.4,3190.1,160.0,3350.79,18.15,True,Active,shazia,None,Normal,5: Lying down (controlled)
1789154081.5433981,15132,Person C,1048.2,3188.8,80.0,3350.48,18.14,True,Active,shazia,None,Normal,5: Lying down (controlled)
1789154081.6215146,15133,Person C,1047.7,3187.8,80.0,3351.12,18.12,True,Active,shazia,None,Normal,5: Lying down (controlled)
1789154081.7308853,15134,Person C,1047.3,3186.9,160.0,3349.22,18.13,True,Active,shazia,None,Normal,5: Lying down (controlled)
1789154081.8090053,15135,Person C,1046.8,3186.1,80.0,3350.17,18.12,True,Active,shazia,None,Normal,5: Lying down (controlled)
1789154081.89283,15136,Person C,1046.5,3185.6,80.0,3352.69,18.14,True,Active,shazia,None,Normal,5: Lying down (controlled)
1789154081.9865897,15137,Person C,1046.1,3185.1,80.0,3353.31,18.18,True,Active,shazia,None,Normal,5: Lying down (controlled)
1789154082.0959377,15138,Person C,1046.1,3184.8,80.0,3354.87,18.31,True,Active,shazia,None,Normal,5: Lying down (controlled)
1789154082.1740582,15139,Person C,1046.6,3184.4,160.0,3353.91,18.42,True,Active,shazia,None,Normal,5: Lying down (controlled)
1789154082.252182,15140,Person C,1048.0,3184.0,80.0,3353.91,18.48,True,Active,shazia,None,Normal,5: Lying down (controlled)
1789154082.3303168,15141,Person C,1049.7,3183.8,80.0,3354.23,18.44,True,Active,shazia,None,Normal,5: Lying down (controlled)
1789154082.4276962,15142,Person C,1051.3,3183.7,160.0,3354.54,18.4,True,Active,shazia,None,Normal,5: Lying down (controlled)
1789154082.52142,15143,Person C,1052.3,3183.9,80.0,3356.14,18.27,True,Active,shazia,None,Normal,5: Lying down (controlled)
1789154082.615163,15144,Person C,1052.9,3184.6,80.0,3357.74,18.19,True,Active,shazia,None,Normal,5: Lying down (controlled)
1789154082.693286,15145,Person C,1053.2,3185.2,160.0,3356.8,18.14,True,Active,shazia,None,Normal,5: Lying down (controlled)
1789154082.787045,15146,Person C,1053.4,3185.7,80.0,3358.06,18.15,True,Active,shazia,None,Normal,5: Lying down (controlled)
1789154082.8817627,15147,Person C,1053.7,3186.1,160.0,3358.05,18.2,True,Active,shazia,None,Normal,5: Lying down (controlled)
1789154082.9644165,15148,Person C,1053.8,3186.5,80.0,3358.98,18.31,True,Active,shazia,None,Normal,5: Lying down (controlled)
1789154083.0894082,15149,Person C,1053.7,3187.4,80.0,3362.14,18.36,True,Active,shazia,None,Normal,5: Lying down (controlled)
1789154083.151904,15150,Person C,1053.4,3188.3,160.0,3361.5,18.38,True,Active,shazia,None,Normal,5: Lying down (controlled)
1789154083.2456667,15151,Person C,1053.7,3189.1,80.0,3362.77,18.45,True,Active,shazia,None,Normal,5: Lying down (controlled)
1789154083.323786,15152,Person C,1054.4,3189.6,80.0,3361.5,18.49,True,Active,shazia,None,Normal,5: Lying down (controlled)
1789154083.4541779,15153,Person C,1055.8,3189.6,80.0,3360.55,18.49,True,Active,shazia,None,Normal,5: Lying down (controlled)
1789154083.532298,15154,Person C,1057.9,3189.3,80.0,3361.51,18.54,True,Active,shazia,None,Normal,5: Lying down (controlled)
1789154083.6104174,15155,Person C,1060.2,3189.0,160.0,3361.19,18.53,True,Active,shazia,None,Normal,5: Lying down (controlled)
1789154083.688537,15156,Person C,1062.2,3189.0,80.0,3364.35,18.47,True,Active,shazia,None,Normal,5: Lying down (controlled)
1789154083.797907,15157,Person C,1064.0,3189.2,80.0,3365.61,18.48,True,Active,shazia,None,Normal,5: Lying down (controlled)
1789154083.8760095,15158,Person C,1065.1,3189.6,160.0,3366.24,18.46,True,Active,shazia,None,Normal,5: Lying down (controlled)
1789154083.9597473,15159,Person C,1065.8,3189.5,0.0,3363.4,18.48,True,Active,shazia,None,Normal,5: Lying down (controlled)
1789154084.0378678,15160,Person C,1066.6,3189.5,80.0,3364.03,18.51,True,Active,shazia,None,Normal,5: Lying down (controlled)
1789154084.1316116,15161,Person C,1066.7,3189.3,-160.0,3361.19,18.47,True,Active,shazia,None,Normal,5: Lying down (controlled)
1789154084.2097301,15162,Person C,1066.6,3189.3,80.0,3361.19,18.47,True,Active,shazia,None,Normal,5: Lying down (controlled)
1789154084.3190951,15163,Person C,1066.4,3189.3,160.0,3359.92,18.46,True,Active,shazia,None,Normal,5: Lying down (controlled)
1789154084.4036055,15164,Person C,1065.7,3189.6,80.0,3362.13,18.41,True,Active,shazia,None,Normal,5: Lying down (controlled)
1789154084.4817338,15165,Person C,1065.0,3190.0,160.0,3362.77,18.39,True,Active,shazia,None,Normal,5: Lying down (controlled)
1789154084.5598695,15166,Person C,1064.3,3190.0,160.0,3362.14,18.36,True,Active,shazia,None,Normal,5: Lying down (controlled)
1789154084.6848602,15167,Person C,1063.1,3189.9,80.0,3360.88,18.29,True,Active,shazia,None,Normal,5: Lying down (controlled)
1789154084.7629604,15168,Person C,1061.8,3189.8,80.0,3361.2,18.26,True,Active,shazia,None,Normal,5: Lying down (controlled)
1789154084.8567033,15169,Person C,1060.3,3190.0,160.0,3360.58,18.22,True,Active,shazia,None,Normal,5: Lying down (controlled)
1789154084.9250407,15170,Person C,1058.4,3190.2,80.0,3359.95,18.19,True,Active,shazia,None,Normal,5: Lying down (controlled)
1789154085.0031447,15171,Person C,1056.7,3190.6,160.0,3359.64,18.18,True,Active,shazia,None,Normal,5: Lying down (controlled)
1789154085.0968878,15172,Person C,1054.8,3190.6,-80.0,3355.21,18.16,True,Active,shazia,None,Normal,5: Lying down (controlled)
1789154085.221896,15173,Person C,1053.2,3190.3,80.0,3352.04,18.22,True,Active,shazia,None,Normal,5: Lying down (controlled)
1789154085.331243,15174,Person C,1051.7,3189.4,160.0,3348.88,18.22,True,Active,shazia,None,Normal,5: Lying down (controlled)
1789154085.4133162,15175,Person C,1050.4,3188.6,80.0,3351.09,18.22,True,Active,shazia,None,Normal,5: Lying down (controlled)
1789154085.4758198,15176,Person C,1049.4,3187.9,80.0,3352.35,18.23,True,Active,shazia,None,Normal,5: Lying down (controlled)
1789154085.5852034,15177,Person C,1049.0,3187.6,80.0,3356.78,18.25,True,Active,shazia,None,Normal,5: Lying down (controlled)
1789154085.7014275,15178,Person C,1048.7,3187.5,-80.0,3359.31,18.21,True,Active,shazia,None,Normal,5: Lying down (controlled)
1789154085.7951708,15179,Person C,1048.0,3187.5,80.0,3358.39,18.11,True,Active,shazia,None,Normal,5: Lying down (controlled)
1789154085.8576658,15180,Person C,1047.1,3187.7,80.0,3359.05,18.04,True,Active,shazia,None,Normal,5: Lying down (controlled)
1789154085.932373,15181,Person C,1045.8,3188.3,80.0,3361.31,17.93,True,Active,shazia,None,Normal,5: Lying down (controlled)
1789154086.010512,15182,Person C,1044.4,3189.4,160.0,3361.34,17.88,True,Active,shazia,None,Normal,5: Lying down (controlled)
1789154086.1042395,15183,Person C,1043.0,3191.1,480.0,3363.86,17.9,True,Active,shazia,None,Normal,5: Lying down (controlled)
1789154086.1823604,15184,Person C,1041.8,3193.4,80.0,3367.02,17.9,True,Active,shazia,None,Normal,5: Lying down (controlled)
1789154086.260494,15185,Person C,1040.4,3195.4,-160.0,3365.76,17.89,True,Active,shazia,None,Normal,5: Lying down (controlled)
1789154086.3386142,15186,Person C,1039.0,3197.5,80.0,3367.97,17.9,True,Active,shazia,None,Normal,5: Lying down (controlled)
1789154086.4359179,15187,Person C,1037.4,3199.0,160.0,3366.07,17.91,True,Active,shazia,None,Normal,5: Lying down (controlled)
1789154086.529658,15188,Person C,1036.0,3200.5,80.0,3369.23,17.91,True,Active,shazia,None,Normal,5: Lying down (controlled)
1789154086.6390257,15189,Person C,1034.9,3202.3,240.0,3372.12,17.84,True,Active,shazia,None,Normal,5: Lying down (controlled)
1789154086.7327883,15190,Person C,1034.3,3204.4,480.0,3377.19,17.83,True,Active,shazia,None,Normal,5: Lying down (controlled)
1789154086.7952845,15191,Person C,1034.0,3206.8,560.0,3383.24,17.76,True,Active,shazia,None,Normal,5: Lying down (controlled)
1789154086.873387,15192,Person C,1034.0,3209.5,80.0,3387.05,17.74,True,Active,shazia,None,Normal,5: Lying down (controlled)
1789154086.986363,15193,Person C,1033.8,3212.0,160.0,3387.05,17.74,True,Active,shazia,None,Normal,5: Lying down (controlled)
1789154087.0644808,15194,Person C,1033.9,3214.0,80.0,3386.37,17.81,True,Active,shazia,None,Normal,5: Lying down (controlled)
1789154087.14262,15195,Person C,1034.3,3215.8,160.0,3384.12,17.86,True,Active,shazia,None,Normal,5: Lying down (controlled)
1789154087.2363443,15196,Person C,1035.0,3216.9,-80.0,3380.59,17.95,True,Active,shazia,None,Normal,5: Lying down (controlled)
1789154087.330088,15197,Person C,1036.2,3218.0,80.0,3380.24,18.04,True,Active,shazia,None,Normal,5: Lying down (controlled)
1789154087.4296162,15198,Person C,1037.5,3218.6,160.0,3378.96,18.09,True,Active,shazia,None,Normal,5: Lying down (controlled)
1789154087.5233645,15199,Person C,1039.2,3218.9,80.0,3380.22,18.1,True,Active,shazia,None,Normal,5: Lying down (controlled)
1789154087.6015031,15200,Person C,1041.0,3218.4,-80.0,3377.99,18.15,True,Active,shazia,None,Normal,5: Lying down (controlled)
1789154087.6796057,15201,Person C,1042.9,3217.2,160.0,3377.68,18.13,True,Active,shazia,None,Normal,5: Lying down (controlled)
1789154087.8046138,15202,Person C,1044.6,3215.6,80.0,3377.06,18.1,True,Active,shazia,None,Normal,5: Lying down (controlled)
1789154087.8827164,15203,Person C,1046.2,3213.9,160.0,3375.79,18.09,True,Active,shazia,None,Normal,5: Lying down (controlled)
1789154087.9743164,15204,Person C,1047.1,3212.5,80.0,3375.81,18.03,True,Active,shazia,None,Normal,5: Lying down (controlled)
1789154088.0524523,15205,Person C,1047.9,3211.4,480.0,3376.12,18.05,True,Active,shazia,None,Normal,5: Lying down (controlled)
1789154088.130555,15206,Person C,1048.2,3210.8,160.0,3375.81,18.03,True,Active,shazia,None,Normal,5: Lying down (controlled)
1789154088.2242956,15207,Person C,1048.4,3210.4,80.0,3377.06,18.1,True,Active,shazia,None,Normal,5: Lying down (controlled)
1789154088.31804,15208,Person C,1048.6,3210.1,160.0,3376.73,18.13,True,Active,shazia,None,Normal,5: Lying down (controlled)
1789154088.4117832,15209,Person C,1048.4,3209.5,-160.0,3373.89,18.1,True,Active,shazia,None,Normal,5: Lying down (controlled)
1789154088.4864883,15210,Person C,1047.8,3209.1,80.0,3372.32,18.07,True,Active,shazia,None,Normal,5: Lying down (controlled)
1789154088.5646071,15211,Person C,1047.4,3208.4,160.0,3369.78,18.1,True,Active,shazia,None,Normal,5: Lying down (controlled)
1789154088.6583698,15212,Person C,1047.4,3207.5,80.0,3368.5,18.14,True,Active,shazia,None,Normal,5: Lying down (controlled)
1789154088.7677376,15213,Person C,1047.9,3206.5,80.0,3367.85,18.22,True,Active,shazia,None,Normal,5: Lying down (controlled)
1789154088.8458407,15214,Person C,1048.8,3205.2,160.0,3366.26,18.25,True,Active,shazia,None,Normal,5: Lying down (controlled)
1789154088.9239776,15215,Person C,1049.9,3203.4,0.0,3362.46,18.32,True,Active,shazia,None,Normal,5: Lying down (controlled)
1789154089.0058622,15216,Person C,1051.3,3201.3,160.0,3360.24,18.37,True,Active,shazia,None,Normal,5: Lying down (controlled)
1789154089.1308732,15217,Person C,1052.6,3199.1,80.0,3360.24,18.42,True,Active,shazia,None,Normal,5: Lying down (controlled)
1789154089.208969,15218,Person C,1054.4,3196.9,80.0,3361.51,18.54,True,Active,shazia,None,Normal,5: Lying down (controlled)
1789154089.3027327,15219,Person C,1057.0,3194.8,160.0,3362.15,18.63,True,Active,shazia,None,Normal,5: Lying down (controlled)
1789154089.3808372,15220,Person C,1059.8,3192.8,80.0,3362.15,18.63,True,Active,shazia,None,Normal,5: Lying down (controlled)
1789154089.4648337,15221,Person C,1062.3,3191.2,80.0,3362.46,18.59,True,Active,shazia,None,Normal,5: Lying down (controlled)
1789154089.542936,15222,Person C,1064.7,3189.9,80.0,3363.73,18.6,True,Active,shazia,None,Normal,5: Lying down (controlled)
1789154089.6366765,15223,Person C,1067.2,3188.9,80.0,3366.27,18.68,True,Active,shazia,None,Normal,5: Lying down (controlled)
1789154089.7304208,15224,Person C,1069.9,3187.9,160.0,3365.34,18.74,True,Active,shazia,None,Normal,5: Lying down (controlled)
1789154089.8085437,15225,Person C,1072.7,3187.3,80.0,3365.68,18.81,True,Active,shazia,None,Normal,5: Lying down (controlled)
1789154089.9022834,15226,Person C,1075.6,3186.7,-80.0,3363.81,18.87,True,Active,shazia,None,Normal,5: Lying down (controlled)
1789154089.9997184,15227,Person C,1078.2,3186.1,160.0,3362.87,18.88,True,Active,shazia,None,Normal,5: Lying down (controlled)
1789154090.077819,15228,Person C,1079.7,3185.8,80.0,3363.47,18.8,True,Active,shazia,None,Normal,5: Lying down (controlled)
1789154090.1715622,15229,Person C,1080.5,3185.7,80.0,3363.77,18.76,True,Active,shazia,None,Normal,5: Lying down (controlled)
1789154090.2653067,15230,Person C,1081.0,3185.8,160.0,3364.7,18.7,True,Active,shazia,None,Normal,5: Lying down (controlled)
1789154090.3746965,15231,Person C,1081.0,3185.7,-80.0,3361.51,18.6,True,Active,shazia,None,Normal,5: Lying down (controlled)
1789154090.4563854,15232,Person C,1080.5,3185.4,160.0,3359.29,18.54,True,Active,shazia,None,Normal,5: Lying down (controlled)
1789154090.5345128,15233,Person C,1079.2,3184.7,-80.0,3355.5,18.51,True,Active,shazia,None,Normal,5: Lying down (controlled)
1789154090.6282558,15234,Person C,1077.1,3184.1,240.0,3352.96,18.43,True,Active,shazia,None,Normal,5: Lying down (controlled)
1789154090.722,15235,Person C,1074.1,3183.5,-160.0,3350.44,18.35,True,Active,shazia,None,Normal,5: Lying down (controlled)
1789154090.878239,15236,Person C,1070.3,3183.5,80.0,3351.71,18.26,True,Active,shazia,None,Normal,5: Lying down (controlled)
1789154090.960744,15237,Person C,1066.2,3183.8,160.0,3352.68,18.2,True,Active,shazia,None,Normal,5: Lying down (controlled)
1789154091.0544922,15238,Person C,1062.5,3184.4,80.0,3357.43,18.17,True,Active,shazia,None,Normal,5: Lying down (controlled)
1789154091.163859,15239,Person C,1059.1,3185.1,-80.0,3359.64,18.18,True,Active,shazia,None,Normal,5: Lying down (controlled)
1789154091.2263546,15240,Person C,1056.0,3185.6,160.0,3359.64,18.18,True,Active,shazia,None,Normal,5: Lying down (controlled)
1789154091.3044777,15241,Person C,1053.7,3186.6,80.0,3363.75,18.17,True,Active,shazia,None,Normal,5: Lying down (controlled)
1789154091.3825972,15242,Person C,1052.0,3187.9,80.0,3366.27,18.19,True,Active,shazia,None,Normal,5: Lying down (controlled)
1789154091.480087,15243,Person C,1050.3,3189.9,160.0,3369.14,18.12,True,Active,shazia,None,Normal,5: Lying down (controlled)
1789154091.5581918,15244,Person C,1049.2,3192.0,480.0,3369.45,18.14,True,Active,shazia,None,Normal,5: Lying down (controlled)
1789154091.6363106,15245,Person C,1048.6,3194.1,160.0,3368.5,18.14,True,Active,shazia,None,Normal,5: Lying down (controlled)
1789154091.7144306,15246,Person C,1048.9,3196.0,480.0,3370.7,18.2,True,Active,shazia,None,Normal,5: Lying down (controlled)
1789154091.7925668,15247,Person C,1049.7,3197.5,160.0,3369.43,18.25,True,Active,shazia,None,Normal,5: Lying down (controlled)
1789154091.8862906,15248,Person C,1050.4,3198.3,-160.0,3367.21,18.24,True,Active,shazia,None,Normal,5: Lying down (controlled)
1789154091.983827,15249,Person C,1050.8,3199.0,80.0,3367.54,18.2,True,Active,shazia,None,Normal,5: Lying down (controlled)
1789154092.0463421,15250,Person C,1051.1,3199.5,160.0,3365.32,18.2,True,Active,shazia,None,Normal,5: Lying down (controlled)
1789154092.1244614,15251,Person C,1051.2,3199.6,80.0,3365.01,18.18,True,Active,shazia,None,Normal,5: Lying down (controlled)
1789154092.2181885,15252,Person C,1051.1,3199.2,-80.0,3362.16,18.2,True,Active,shazia,None,Normal,5: Lying down (controlled)
1789154092.3119316,15253,Person C,1051.3,3198.3,160.0,3361.21,18.2,True,Active,shazia,None,Normal,5: Lying down (controlled)
1789154092.4212961,15254,Person C,1051.0,3197.4,80.0,3359.97,18.14,True,Active,shazia,None,Normal,5: Lying down (controlled)
1789154092.5055652,15255,Person C,1050.5,3196.6,160.0,3359.34,18.11,True,Active,shazia,None,Normal,5: Lying down (controlled)
1789154092.5836844,15256,Person C,1049.2,3195.8,80.0,3359.05,18.04,True,Active,shazia,None,Normal,5: Lying down (controlled)
1789154092.6617875,15257,Person C,1047.5,3195.2,80.0,3358.43,18.0,True,Active,shazia,None,Normal,5: Lying down (controlled)
1789154092.7711513,15258,Person C,1045.7,3194.9,160.0,3358.77,17.97,True,Active,shazia,None,Normal,5: Lying down (controlled)
1789154092.8492713,15259,Person C,1044.1,3194.6,80.0,3359.72,17.96,True,Active,shazia,None,Normal,5: Lying down (controlled)
1789154092.9273937,15260,Person C,1042.6,3194.5,160.0,3359.72,17.96,True,Active,shazia,None,Normal,5: Lying down (controlled)
1789154093.0270917,15261,Person C,1041.4,3194.7,80.0,3363.19,17.98,True,Active,shazia,None,Normal,5: Lying down (controlled)
1789154093.1051946,15262,Person C,1040.7,3195.5,80.0,3367.59,18.04,True,Active,shazia,None,Normal,5: Lying down (controlled)
1789154093.214559,15263,Person C,1040.2,3196.4,160.0,3368.21,18.07,True,Active,shazia,None,Normal,5: Lying down (controlled)
1789154093.3083227,15264,Person C,1040.2,3197.5,80.0,3370.42,18.08,True,Active,shazia,None,Normal,5: Lying down (controlled)
1789154093.386442,15265,Person C,1040.4,3198.4,160.0,3368.52,18.09,True,Active,shazia,None,Normal,5: Lying down (controlled)
1789154093.4801848,15266,Person C,1041.1,3199.2,80.0,3368.83,18.11,True,Active,shazia,None,Normal,5: Lying down (controlled)
1789154093.5622902,15267,Person C,1042.6,3199.7,480.0,3367.85,18.22,True,Active,shazia,None,Normal,5: Lying down (controlled)
1789154093.671653,15268,Person C,1044.5,3199.8,160.0,3365.63,18.27,True,Active,shazia,None,Normal,5: Lying down (controlled)
1789154093.7810385,15269,Person C,1046.0,3199.5,-80.0,3361.52,18.22,True,Active,shazia,None,Normal,5: Lying down (controlled)
1789154093.8591585,15270,Person C,1047.3,3198.9,160.0,3358.05,18.2,True,Active,shazia,None,Normal,5: Lying down (controlled)
1789154093.921635,15271,Person C,1048.1,3197.8,160.0,3355.21,18.16,True,Active,shazia,None,Normal,5: Lying down (controlled)
1789154094.0395527,15272,Person C,1048.5,3196.4,80.0,3355.53,18.18,True,Active,shazia,None,Normal,5: Lying down (controlled)
1789154094.148917,15273,Person C,1048.8,3195.0,160.0,3355.84,18.2,True,Active,shazia,None,Normal,5: Lying down (controlled)
1789154094.2426631,15274,Person C,1049.4,3193.7,80.0,3359.94,18.25,True,Active,shazia,None,Normal,5: Lying down (controlled)
1789154094.3207638,15275,Person C,1050.8,3192.7,80.0,3363.4,18.37,True,Active,shazia,None,Normal,5: Lying down (controlled)
1789154094.3988833,15276,Person C,1052.8,3191.7,-160.0,3365.61,18.48,True,Active,shazia,None,Normal,5: Lying down (controlled)
1789154094.477003,15277,Person C,1054.2,3191.4,80.0,3369.41,18.46,True,Active,shazia,None,Normal,5: Lying down (controlled)
1789154094.5505366,15278,Person C,1055.4,3191.4,160.0,3369.41,18.46,True,Active,shazia,None,Normal,5: Lying down (controlled)
1789154094.644296,15279,Person C,1056.9,3191.8,80.0,3370.04,18.44,True,Active,shazia,None,Normal,5: Lying down (controlled)
1789154094.7380242,15280,Person C,1058.5,3192.3,-80.0,3367.83,18.43,True,Active,shazia,None,Normal,5: Lying down (controlled)
1789154094.8161433,15281,Person C,1060.0,3192.8,160.0,3364.66,18.38,True,Active,shazia,None,Normal,5: Lying down (controlled)
1789154094.8942695,15282,Person C,1061.4,3193.0,80.0,3361.82,18.4,True,Active,shazia,None,Normal,5: Lying down (controlled)
1789154094.9880023,15283,Person C,1062.6,3193.0,160.0,3359.6,18.39,True,Active,shazia,None,Normal,5: Lying down (controlled)
1789154095.0816543,15284,Person C,1063.0,3192.5,80.0,3356.45,18.34,True,Active,shazia,None,Normal,5: Lying down (controlled)
1789154095.1597726,15285,Person C,1062.1,3191.9,80.0,3354.88,18.26,True,Active,shazia,None,Normal,5: Lying down (controlled)
1789154095.3004074,15286,Person C,1060.2,3191.2,160.0,3352.99,18.21,True,Active,shazia,None,Normal,5: Lying down (controlled)
1789154095.378508,15287,Person C,1058.3,3190.5,80.0,3356.79,18.19,True,Active,shazia,None,Normal,5: Lying down (controlled)
1789154095.472251,15288,Person C,1056.6,3189.9,160.0,3358.36,18.22,True,Active,shazia,None,Normal,5: Lying down (controlled)
1789154095.539082,15289,Person C,1055.0,3189.2,80.0,3358.36,18.22,True,Active,shazia,None,Normal,5: Lying down (controlled)
1789154095.64845,15290,Person C,1054.0,3188.8,80.0,3360.88,18.29,True,Active,shazia,None,Normal,5: Lying down (controlled)
1789154095.8828115,15291,Person C,1053.7,3188.4,160.0,3359.92,18.35,True,Active,shazia,None,Normal,5: Lying down (controlled)
1789154095.9453075,15292,Person C,1053.4,3188.5,80.0,3361.82,18.34,True,Active,shazia,None,Normal,5: Lying down (controlled)
1789154096.0423253,15293,Person C,1053.4,3188.7,160.0,3361.5,18.38,True,Active,shazia,None,Normal,5: Lying down (controlled)
1789154096.136089,15294,Person C,1053.6,3189.0,80.0,3359.92,18.35,True,Active,shazia,None,Normal,5: Lying down (controlled)
1789154096.2141938,15295,Person C,1053.9,3189.4,80.0,3359.62,18.28,True,Active,shazia,None,Normal,5: Lying down (controlled)
1789154096.2923112,15296,Person C,1054.3,3189.8,160.0,3358.04,18.26,True,Active,shazia,None,Normal,5: Lying down (controlled)
1789154096.370428,15297,Person C,1054.8,3189.9,80.0,3359.3,18.27,True,Active,shazia,None,Normal,5: Lying down (controlled)
1789154096.4329243,15298,Person C,1055.3,3190.0,80.0,3360.88,18.29,True,Active,shazia,None,Normal,5: Lying down (controlled)
1789154096.5169487,15299,Person C,1055.9,3190.1,160.0,3361.19,18.31,True,Active,shazia,None,Normal,5: Lying down (controlled)
1789154096.6106977,15300,Person C,1055.8,3190.3,80.0,3362.46,18.27,True,Active,shazia,None,Normal,5: Lying down (controlled)
1789154096.6888359,15301,Person C,1055.3,3190.7,160.0,3362.15,18.25,True,Active,shazia,None,Normal,5: Lying down (controlled)
1789154096.751332,15302,Person C,1055.0,3190.9,80.0,3362.78,18.28,True,Active,shazia,None,Normal,5: Lying down (controlled)
1789154096.8450558,15303,Person C,1054.4,3191.4,80.0,3364.36,18.26,True,Active,shazia,None,Normal,5: Lying down (controlled)
1789154096.9075513,15304,Person C,1053.9,3192.0,160.0,3364.05,18.24,True,Active,shazia,None,Normal,5: Lying down (controlled)
1789154097.0169215,15305,Person C,1053.5,3192.6,80.0,3364.06,18.19,True,Active,shazia,None,Normal,5: Lying down (controlled)
1789154097.0834377,15306,Person C,1053.3,3193.3,160.0,3364.06,18.19,True,Active,shazia,None,Normal,5: Lying down (controlled)
1789154097.1615565,15307,Person C,1052.9,3194.1,80.0,3365.65,18.16,True,Active,shazia,None,Normal,5: Lying down (controlled)
1789154097.239673,15308,Person C,1052.1,3195.1,80.0,3367.88,18.11,True,Active,shazia,None,Normal,5: Lying down (controlled)
1789154097.34906,15309,Person C,1051.1,3196.1,160.0,3367.57,18.1,True,Active,shazia,None,Normal,5: Lying down (controlled)
1789154097.4115396,15310,Person C,1050.6,3196.9,80.0,3368.5,18.14,True,Active,shazia,None,Normal,5: Lying down (controlled)
1789154097.4896758,15311,Person C,1050.3,3197.3,-80.0,3365.01,18.18,True,Active,shazia,None,Normal,5: Lying down (controlled)
1789154097.555782,15312,Person C,1049.8,3197.5,160.0,3363.11,18.19,True,Active,shazia,None,Normal,5: Lying down (controlled)
1789154097.6495059,15313,Person C,1049.7,3197.5,80.0,3364.05,18.24,True,Active,shazia,None,Normal,5: Lying down (controlled)
1789154097.7432532,15314,Person C,1049.8,3197.4,160.0,3363.41,18.26,True,Active,shazia,None,Normal,5: Lying down (controlled)
1789154097.8370125,15315,Person C,1050.8,3197.1,80.0,3364.35,18.36,True,Active,shazia,None,Normal,5: Lying down (controlled)
1789154097.9151154,15316,Person C,1051.9,3196.7,-80.0,3363.72,18.39,True,Active,shazia,None,Normal,5: Lying down (controlled)
1789154098.008863,15317,Person C,1052.9,3195.9,160.0,3361.19,18.36,True,Active,shazia,None,Normal,5: Lying down (controlled)
1789154098.0905652,15318,Person C,1053.6,3195.0,80.0,3361.51,18.27,True,Active,shazia,None,Normal,5: Lying down (controlled)
1789154098.1999512,15319,Person C,1054.2,3194.1,160.0,3360.89,18.24,True,Active,shazia,None,Normal,5: Lying down (controlled)
1789154098.2780523,15320,Person C,1054.3,3193.2,160.0,3360.26,18.21,True,Active,shazia,None,Normal,5: Lying down (controlled)
1789154098.356191,15321,Person C,1054.0,3193.0,80.0,3362.18,18.14,True,Active,shazia,None,Normal,5: Lying down (controlled)
1789154098.4655418,15322,Person C,1053.4,3193.1,160.0,3362.19,18.09,True,Active,shazia,None,Normal,5: Lying down (controlled)
1789154098.5494432,15323,Person C,1052.4,3193.4,80.0,3363.79,18.06,True,Active,shazia,None,Normal,5: Lying down (controlled)
1789154098.6431854,15324,Person C,1051.3,3193.8,80.0,3363.79,18.06,True,Active,shazia,None,Normal,5: Lying down (controlled)
1789154098.7213242,15325,Person C,1049.6,3194.3,160.0,3363.79,18.06,True,Active,shazia,None,Normal,5: Lying down (controlled)
1789154098.7994447,15326,Person C,1048.2,3195.1,480.0,3366.93,18.12,True,Active,shazia,None,Normal,5: Lying down (controlled)
1789154098.8931875,15327,Person C,1047.4,3195.9,160.0,3366.27,18.19,True,Active,shazia,None,Normal,5: Lying down (controlled)
1789154099.0025406,15328,Person C,1047.2,3196.4,80.0,3365.64,18.21,True,Active,shazia,None,Normal,5: Lying down (controlled)
1789154099.0962985,15329,Person C,1047.5,3197.0,80.0,3367.53,18.26,True,Active,shazia,None,Normal,5: Lying down (controlled)
1789154099.174418,15330,Person C,1048.2,3197.4,160.0,3366.25,18.3,True,Active,shazia,None,Normal,5: Lying down (controlled)
1789154099.2525184,15331,Person C,1049.1,3197.5,80.0,3365.94,18.28,True,Active,shazia,None,Normal,5: Lying down (controlled)
1789154099.346282,15332,Person C,1050.3,3197.4,80.0,3364.99,18.29,True,Active,shazia,None,Normal,5: Lying down (controlled)
1789154099.4400046,15333,Person C,1051.5,3197.1,160.0,3364.68,18.27,True,Active,shazia,None,Normal,5: Lying down (controlled)
1789154099.5337484,15334,Person C,1052.4,3196.8,80.0,3363.74,18.22,True,Active,shazia,None,Normal,5: Lying down (controlled)
1789154099.6078227,15335,Person C,1053.1,3196.4,160.0,3362.16,18.2,True,Active,shazia,None,Normal,5: Lying down (controlled)
1789154099.6859422,15336,Person C,1053.1,3195.9,80.0,3362.18,18.14,True,Active,shazia,None,Normal,5: Lying down (controlled)
1789154099.7797017,15337,Person C,1052.9,3195.6,80.0,3362.8,18.18,True,Active,shazia,None,Normal,5: Lying down (controlled)
1789154099.8734252,15338,Person C,1052.5,3195.3,160.0,3361.54,18.17,True,Active,shazia,None,Normal,5: Lying down (controlled)
1789154099.9827962,15339,Person C,1051.9,3195.1,80.0,3363.75,18.17,True,Active,shazia,None,Normal,5: Lying down (controlled)
1789154100.049205,15340,Person C,1051.3,3195.0,160.0,3363.42,18.21,True,Active,shazia,None,Normal,5: Lying down (controlled)
1789154100.1273322,15341,Person C,1050.7,3194.8,80.0,3362.16,18.2,True,Active,shazia,None,Normal,5: Lying down (controlled)
1789154100.2210925,15342,Person C,1050.1,3194.9,80.0,3364.06,18.19,True,Active,shazia,None,Normal,5: Lying down (controlled)
1789154100.3304584,15343,Person C,1049.6,3195.0,160.0,3364.06,18.19,True,Active,shazia,None,Normal,5: Lying down (controlled)
1789154100.4241834,15344,Person C,1049.5,3195.3,80.0,3366.27,18.19,True,Active,shazia,None,Normal,5: Lying down (controlled)
1789154100.5023031,15345,Person C,1049.5,3196.2,480.0,3370.71,18.15,True,Active,shazia,None,Normal,5: Lying down (controlled)
1789154100.5996768,15346,Person C,1049.8,3197.5,80.0,3375.47,18.12,True,Active,shazia,None,Normal,5: Lying down (controlled)
1789154100.6873934,15347,Person C,1049.9,3199.2,560.0,3379.27,18.1,True,Active,shazia,None,Normal,5: Lying down (controlled)
1789154100.7811193,15348,Person C,1049.9,3201.1,160.0,3379.6,18.07,True,Active,shazia,None,Normal,5: Lying down (controlled)
1789154100.8748796,15349,Person C,1049.9,3203.2,80.0,3383.71,18.06,True,Active,shazia,None,Normal,5: Lying down (controlled)
1789154100.9529796,15350,Person C,1049.6,3205.6,80.0,3385.3,18.03,True,Active,shazia,None,Normal,5: Lying down (controlled)
1789154101.0311017,15351,Person C,1049.2,3208.2,160.0,3385.63,18.0,True,Active,shazia,None,Normal,5: Lying down (controlled)
1789154101.119057,15352,Person C,1048.9,3210.7,80.0,3386.89,18.01,True,Active,shazia,None,Normal,5: Lying down (controlled)
1789154101.2128038,15353,Person C,1048.6,3213.2,160.0,3386.89,18.01,True,Active,shazia,None,Normal,5: Lying down (controlled)
1789154101.3065474,15354,Person C,1048.1,3215.7,80.0,3388.49,17.98,True,Active,shazia,None,Normal,5: Lying down (controlled)
1789154101.3846638,15355,Person C,1047.7,3218.2,80.0,3393.24,17.95,True,Active,shazia,None,Normal,5: Lying down (controlled)
1789154101.462786,15356,Person C,1047.1,3220.4,-160.0,3394.53,17.91,True,Active,shazia,None,Normal,5: Lying down (controlled)
1789154101.562398,15357,Person C,1046.7,3222.2,80.0,3395.15,17.94,True,Active,shazia,None,Normal,5: Lying down (controlled)
1789154101.656145,15358,Person C,1046.6,3223.6,160.0,3392.6,17.98,True,Active,shazia,None,Normal,5: Lying down (controlled)
1789154101.7655156,15359,Person C,1046.6,3224.5,80.0,3392.27,18.01,True,Active,shazia,None,Normal,5: Lying down (controlled)
1789154101.8436358,15360,Person C,1046.8,3225.1,80.0,3391.63,18.03,True,Active,shazia,None,Normal,5: Lying down (controlled)
1789154101.921771,15361,Person C,1047.1,3225.4,160.0,3389.41,18.03,True,Active,shazia,None,Normal,5: Lying down (controlled)
1789154101.9998739,15362,Person C,1047.4,3225.7,80.0,3390.67,18.04,True,Active,shazia,None,Normal,5: Lying down (controlled)
1789154102.115198,15363,Person C,1047.8,3225.8,160.0,3389.08,18.07,True,Active,shazia,None,Normal,5: Lying down (controlled)
1789154102.2089431,15364,Person C,1048.0,3225.8,80.0,3389.11,18.01,True,Active,shazia,None,Normal,5: Lying down (controlled)
1789154102.287065,15365,Person C,1048.0,3225.2,480.0,3387.54,17.99,True,Active,shazia,None,Normal,5: Lying down (controlled)
1789154102.365201,15366,Person C,1048.1,3224.3,160.0,3386.28,17.97,True,Active,shazia,None,Normal,5: Lying down (controlled)
1789154102.4433212,15367,Person C,1048.2,3223.2,640.0,3384.99,18.02,True,Active,shazia,None,Normal,5: Lying down (controlled)
1789154102.5526707,15368,Person C,1048.1,3222.2,240.0,3382.78,18.01,True,Active,shazia,None,Normal,5: Lying down (controlled)
1789154102.6371305,15369,Person C,1047.9,3221.2,80.0,3382.14,18.03,True,Active,shazia,None,Normal,5: Lying down (controlled)
1789154102.7152703,15370,Person C,1047.8,3220.4,80.0,3383.71,18.06,True,Active,shazia,None,Normal,5: Lying down (controlled)
1789154102.8089976,15371,Person C,1047.7,3219.8,160.0,3383.4,18.04,True,Active,shazia,None,Normal,5: Lying down (controlled)
1789154102.9027576,15372,Person C,1047.6,3219.1,80.0,3383.71,18.06,True,Active,shazia,None,Normal,5: Lying down (controlled)
1789154102.9964848,15373,Person C,1047.5,3218.3,160.0,3381.17,18.09,True,Active,shazia,None,Normal,5: Lying down (controlled)
1789154103.0804489,15374,Person C,1047.6,3217.1,160.0,3378.01,18.09,True,Active,shazia,None,Normal,5: Lying down (controlled)
1789154103.1741996,15375,Person C,1048.0,3215.7,0.0,3375.47,18.12,True,Active,shazia,None,Normal,5: Lying down (controlled)
1789154103.2523198,15376,Person C,1048.4,3214.2,160.0,3373.25,18.12,True,Active,shazia,None,Normal,5: Lying down (controlled)
1789154103.361708,15377,Person C,1048.8,3213.0,80.0,3374.83,18.15,True,Active,shazia,None,Normal,5: Lying down (controlled)
1789154103.4398062,15378,Person C,1049.3,3212.2,480.0,3376.73,18.13,True,Active,shazia,None,Normal,5: Lying down (controlled)
1789154103.54919,15379,Person C,1049.7,3211.5,160.0,3376.73,18.13,True,Active,shazia,None,Normal,5: Lying down (controlled)
1789154103.617627,15380,Person C,1050.1,3210.9,480.0,3379.25,18.16,True,Active,shazia,None,Normal,5: Lying down (controlled)
1789154103.726978,15381,Person C,1050.9,3210.7,80.0,3383.99,18.18,True,Active,shazia,None,Normal,5: Lying down (controlled)
1789154103.7894738,15382,Person C,1051.5,3210.6,-160.0,3384.62,18.16,True,Active,shazia,None,Normal,5: Lying down (controlled)
1789154103.8832173,15383,Person C,1052.1,3211.1,80.0,3387.79,18.16,True,Active,shazia,None,Normal,5: Lying down (controlled)
1789154103.9925828,15384,Person C,1052.8,3211.7,160.0,3385.89,18.17,True,Active,shazia,None,Normal,5: Lying down (controlled)
1789154104.0707018,15385,Person C,1053.7,3212.6,80.0,3386.82,18.22,True,Active,shazia,None,Normal,5: Lying down (controlled)
1789154104.1549447,15386,Person C,1054.8,3213.4,-80.0,3384.29,18.25,True,Active,shazia,None,Normal,5: Lying down (controlled)
1789154104.2330475,15387,Person C,1055.8,3213.9,160.0,3382.7,18.28,True,Active,shazia,None,Normal,5: Lying down (controlled)
1789154104.342412,15388,Person C,1057.2,3214.0,80.0,3382.06,18.35,True,Active,shazia,None,Normal,5: Lying down (controlled)
1789154104.436158,15389,Person C,1059.0,3213.9,80.0,3381.42,18.43,True,Active,shazia,None,Normal,5: Lying down (controlled)
1789154104.4986722,15390,Person C,1060.8,3213.4,160.0,3380.16,18.47,True,Active,shazia,None,Normal,5: Lying down (controlled)
1789154104.5767741,15391,Person C,1062.0,3212.6,80.0,3380.16,18.42,True,Active,shazia,None,Normal,5: Lying down (controlled)
1789154104.674321,15392,Person C,1063.1,3211.7,160.0,3379.53,18.39,True,Active,shazia,None,Normal,5: Lying down (controlled)
1789154104.7836878,15393,Person C,1064.0,3210.2,-80.0,3376.37,18.39,True,Active,shazia,None,Normal,5: Lying down (controlled)
1789154104.8774118,15394,Person C,1064.6,3208.9,80.0,3375.42,18.34,True,Active,shazia,None,Normal,5: Lying down (controlled)
1789154104.9555354,15395,Person C,1064.5,3207.3,-160.0,3371.32,18.29,True,Active,shazia,None,Normal,5: Lying down (controlled)
1789154105.0336542,15396,Person C,1064.0,3206.2,80.0,3372.27,18.23,True,Active,shazia,None,Normal,5: Lying down (controlled)
1789154105.1156595,15397,Person C,1063.1,3205.2,160.0,3370.39,18.19,True,Active,shazia,None,Normal,5: Lying down (controlled)
1789154105.209404,15398,Person C,1061.8,3204.5,80.0,3371.34,18.18,True,Active,shazia,None,Normal,5: Lying down (controlled)
1789154105.3031476,15399,Person C,1060.5,3203.8,80.0,3370.69,18.26,True,Active,shazia,None,Normal,5: Lying down (controlled)
1789154105.3969073,15400,Person C,1059.2,3203.2,160.0,3370.37,18.3,True,Active,shazia,None,Normal,5: Lying down (controlled)
1789154105.4750264,15401,Person C,1058.4,3202.4,80.0,3370.04,18.33,True,Active,shazia,None,Normal,5: Lying down (controlled)
1789154105.6039295,15402,Person C,1057.8,3201.7,80.0,3370.99,18.33,True,Active,shazia,None,Normal,5: Lying down (controlled)
1789154105.6976783,15403,Person C,1057.3,3201.2,160.0,3370.04,18.33,True,Active,shazia,None,Normal,5: Lying down (controlled)
1789154105.7914217,15404,Person C,1057.4,3200.5,80.0,3369.09,18.39,True,Active,shazia,None,Normal,5: Lying down (controlled)
1789154105.8695428,15405,Person C,1058.1,3199.8,160.0,3366.88,18.44,True,Active,shazia,None,Normal,5: Lying down (controlled)
1789154105.9476805,15406,Person C,1059.3,3199.0,80.0,3368.46,18.47,True,Active,shazia,None,Normal,5: Lying down (controlled)
1789154106.0101755,15407,Person C,1061.2,3198.6,80.0,3372.57,18.52,True,Active,shazia,None,Normal,5: Lying down (controlled)
1789154106.1076858,15408,Person C,1063.2,3198.6,480.0,3377.63,18.5,True,Active,shazia,None,Normal,5: Lying down (controlled)
1789154106.2014332,15409,Person C,1064.7,3199.2,640.0,3381.11,18.47,True,Active,shazia,None,Normal,5: Lying down (controlled)
1789154106.2951968,15410,Person C,1065.9,3199.9,160.0,3380.79,18.45,True,Active,shazia,None,Normal,5: Lying down (controlled)
1789154106.373316,15411,Person C,1066.9,3201.0,480.0,3383.64,18.43,True,Active,shazia,None,Normal,5: Lying down (controlled)
1789154106.451436,15412,Person C,1068.0,3202.3,560.0,3386.8,18.43,True,Active,shazia,None,Normal,5: Lying down (controlled)
1789154106.6081674,15413,Person C,1069.0,3203.7,160.0,3386.48,18.42,True,Active,shazia,None,Normal,5: Lying down (controlled)
1789154106.7098613,15414,Person C,1069.3,3205.5,160.0,3387.12,18.34,True,Active,shazia,None,Normal,5: Lying down (controlled)
1789154106.7880006,15415,Person C,1069.4,3207.8,80.0,3389.02,18.33,True,Active,shazia,None,Normal,5: Lying down (controlled)
1789154106.8504968,15416,Person C,1069.1,3210.0,160.0,3388.39,18.3,True,Active,shazia,None,Normal,5: Lying down (controlled)
1789154106.9286163,15417,Person C,1068.0,3211.6,0.0,3384.29,18.25,True,Active,shazia,None,Normal,5: Lying down (controlled)
1789154107.00672,15418,Person C,1066.6,3212.5,80.0,3381.76,18.23,True,Active,shazia,None,Normal,5: Lying down (controlled)
1789154107.1160882,15419,Person C,1065.3,3212.5,-80.0,3377.01,18.26,True,Active,shazia,None,Normal,5: Lying down (controlled)
1789154107.1988077,15420,Person C,1064.0,3212.3,80.0,3374.8,18.25,True,Active,shazia,None,Normal,5: Lying down (controlled)
1789154107.3394227,15421,Person C,1062.6,3211.5,160.0,3371.64,18.25,True,Active,shazia,None,Normal,5: Lying down (controlled)
1789154107.4175422,15422,Person C,1061.0,3210.6,80.0,3373.22,18.23,True,Active,shazia,None,Normal,5: Lying down (controlled)
1789154107.495643,15423,Person C,1059.3,3209.6,80.0,3371.65,18.2,True,Active,shazia,None,Normal,5: Lying down (controlled)
1789154107.5893862,15424,Person C,1057.9,3208.5,160.0,3372.29,18.18,True,Active,shazia,None,Normal,5: Lying down (controlled)
1789154107.6869364,15425,Person C,1056.5,3207.3,80.0,3373.24,18.17,True,Active,shazia,None,Normal,5: Lying down (controlled)
1789154107.749432,15426,Person C,1055.3,3206.0,160.0,3372.29,18.18,True,Active,shazia,None,Normal,5: Lying down (controlled)
1789154107.843157,15427,Person C,1054.2,3205.1,160.0,3372.3,18.12,True,Active,shazia,None,Normal,5: Lying down (controlled)
1789154107.9212751,15428,Person C,1053.4,3204.4,80.0,3372.61,18.14,True,Active,shazia,None,Normal,5: Lying down (controlled)
1789154108.0306623,15429,Person C,1052.4,3204.2,160.0,3371.99,18.11,True,Active,shazia,None,Normal,5: Lying down (controlled)
1789154108.1244056,15430,Person C,1051.2,3204.3,80.0,3372.01,18.05,True,Active,shazia,None,Normal,5: Lying down (controlled)
1789154108.1927032,15431,Person C,1049.9,3205.0,80.0,3374.25,18.01,True,Active,shazia,None,Normal,5: Lying down (controlled)
1789154108.2708066,15432,Person C,1048.5,3205.4,160.0,3372.68,17.98,True,Active,shazia,None,Normal,5: Lying down (controlled)
1789154108.3333023,15433,Person C,1047.5,3205.8,80.0,3372.34,18.02,True,Active,shazia,None,Normal,5: Lying down (controlled)
1789154108.442671,15434,Person C,1046.8,3205.9,160.0,3371.06,18.06,True,Active,shazia,None,Normal,5: Lying down (controlled)
1789154108.5208054,15435,Person C,1046.5,3205.6,80.0,3369.45,18.14,True,Active,shazia,None,Normal,5: Lying down (controlled)
1789154108.5989258,15436,Person C,1046.5,3205.3,80.0,3369.44,18.19,True,Active,shazia,None,Normal,5: Lying down (controlled)
1789154108.6808605,15437,Person C,1046.9,3204.7,160.0,3367.85,18.22,True,Active,shazia,None,Normal,5: Lying down (controlled)
1789154108.7745879,15438,Person C,1047.4,3204.3,80.0,3370.37,18.24,True,Active,shazia,None,Normal,5: Lying down (controlled)
1789154108.8839552,15439,Person C,1048.2,3203.9,160.0,3370.69,18.26,True,Active,shazia,None,Normal,5: Lying down (controlled)
1789154108.9464676,15440,Person C,1049.0,3203.5,80.0,3370.7,18.2,True,Active,shazia,None,Normal,5: Lying down (controlled)
1789154109.0245705,15441,Person C,1049.8,3202.9,480.0,3371.03,18.17,True,Active,shazia,None,Normal,5: Lying down (controlled)
1789154109.1543102,15442,Person C,1050.7,3202.4,160.0,3370.71,18.15,True,Active,shazia,None,Normal,5: Lying down (controlled)
1789154109.21681,15443,Person C,1051.7,3202.2,480.0,3373.55,18.19,True,Active,shazia,None,Normal,5: Lying down (controlled)
1789154109.3261971,15444,Person C,1053.1,3202.4,80.0,3377.33,18.27,True,Active,shazia,None,Normal,5: Lying down (controlled)
1789154109.4043002,15445,Person C,1054.4,3203.0,-160.0,3379.22,18.32,True,Active,shazia,None,Normal,5: Lying down (controlled)
1789154109.4824364,15446,Person C,1055.8,3203.3,640.0,3376.68,18.4,True,Active,shazia,None,Normal,5: Lying down (controlled)
1789154109.57618,15447,Person C,1057.0,3203.5,160.0,3373.52,18.4,True,Active,shazia,None,Normal,5: Lying down (controlled)
1789154109.6758356,15448,Person C,1058.0,3203.6,80.0,3374.47,18.4,True,Active,shazia,None,Normal,5: Lying down (controlled)
1789154109.7539551,15449,Person C,1059.0,3203.6,160.0,3373.83,18.42,True,Active,shazia,None,Normal,5: Lying down (controlled)
1789154109.8477025,15450,Person C,1060.2,3203.5,160.0,3373.52,18.4,True,Active,shazia,None,Normal,5: Lying down (controlled)
1789154109.9258382,15451,Person C,1061.7,3203.1,80.0,3371.94,18.43,True,Active,shazia,None,Normal,5: Lying down (controlled)
1789154110.0195804,15452,Person C,1063.4,3202.5,80.0,3370.36,18.46,True,Active,shazia,None,Normal,5: Lying down (controlled)
1789154110.1133244,15453,Person C,1064.9,3201.7,80.0,3370.67,18.47,True,Active,shazia,None,Normal,5: Lying down (controlled)
1789154110.238299,15454,Person C,1066.0,3200.8,80.0,3372.26,18.5,True,Active,shazia,None,Normal,5: Lying down (controlled)
1789154110.3007946,15455,Person C,1066.9,3199.6,160.0,3370.68,18.53,True,Active,shazia,None,Normal,5: Lying down (controlled)
1789154110.3789318,15456,Person C,1067.6,3199.0,80.0,3373.21,18.55,True,Active,shazia,None,Normal,5: Lying down (controlled)
1789154110.457031,15457,Person C,1068.5,3199.0,80.0,3376.37,18.55,True,Active,shazia,None,Normal,5: Lying down (controlled)
1789154110.566398,15458,Person C,1069.4,3198.9,160.0,3376.37,18.55,True,Active,shazia,None,Normal,5: Lying down (controlled)
1789154110.660141,15459,Person C,1070.3,3199.1,80.0,3378.58,18.55,True,Active,shazia,None,Normal,5: Lying down (controlled)
1789154110.7323008,15460,Person C,1071.4,3199.1,160.0,3377.01,18.58,True,Active,shazia,None,Normal,5: Lying down (controlled)
1789154110.8104203,15461,Person C,1072.8,3199.2,80.0,3377.34,18.65,True,Active,shazia,None,Normal,5: Lying down (controlled)
1789154110.9041636,15462,Person C,1074.5,3199.1,-80.0,3374.83,18.74,True,Active,shazia,None,Normal,5: Lying down (controlled)
1789154111.0291553,15463,Person C,1076.3,3198.7,160.0,3372.63,18.78,True,Active,shazia,None,Normal,5: Lying down (controlled)
1789154111.122079,15464,Person C,1078.4,3198.2,80.0,3374.25,18.86,True,Active,shazia,None,Normal,5: Lying down (controlled)
1789154111.209701,15465,Person C,1080.6,3197.8,160.0,3373.95,18.9,True,Active,shazia,None,Normal,5: Lying down (controlled)
1789154111.2721975,15466,Person C,1082.7,3197.3,80.0,3375.22,18.91,True,Active,shazia,None,Normal,5: Lying down (controlled)
1789154111.3503163,15467,Person C,1084.6,3196.6,480.0,3375.84,18.89,True,Active,shazia,None,Normal,5: Lying down (controlled)
1789154111.4752884,15468,Person C,1086.3,3195.9,160.0,3375.19,18.86,True,Active,shazia,None,Normal,5: Lying down (controlled)
1789154111.5690322,15469,Person C,1087.7,3195.1,80.0,3375.49,18.82,True,Active,shazia,None,Normal,5: Lying down (controlled)
1789154111.647154,15470,Person C,1088.8,3194.7,80.0,3376.74,18.78,True,Active,shazia,None,Normal,5: Lying down (controlled)
1789154111.7268283,15471,Person C,1089.1,3194.3,-160.0,3374.51,18.72,True,Active,shazia,None,Normal,5: Lying down (controlled)
1789154111.8049471,15472,Person C,1088.5,3194.5,80.0,3374.8,18.63,True,Active,shazia,None,Normal,5: Lying down (controlled)
1789154111.883071,15473,Person C,1087.5,3195.0,160.0,3374.16,18.6,True,Active,shazia,None,Normal,5: Lying down (controlled)
1789154112.0080776,15474,Person C,1086.0,3195.4,80.0,3373.22,18.6,True,Active,shazia,None,Normal,5: Lying down (controlled)
1789154112.0705736,15475,Person C,1084.4,3195.6,80.0,3370.69,18.63,True,Active,shazia,None,Normal,5: Lying down (controlled)
1789154112.1486928,15476,Person C,1082.6,3195.4,160.0,3367.53,18.63,True,Active,shazia,None,Normal,5: Lying down (controlled)
1789154112.2460434,15477,Person C,1081.1,3195.1,80.0,3368.17,18.67,True,Active,shazia,None,Normal,5: Lying down (controlled)
1789154112.339766,15478,Person C,1080.0,3194.7,160.0,3367.86,18.7,True,Active,shazia,None,Normal,5: Lying down (controlled)
1789154112.4491544,15479,Person C,1079.1,3194.3,160.0,3368.81,18.7,True,Active,shazia,None,Normal,5: Lying down (controlled)
1789154112.5116498,15480,Person C,1078.5,3193.7,480.0,3369.13,18.71,True,Active,shazia,None,Normal,5: Lying down (controlled)
1789154112.5897691,15481,Person C,1078.1,3193.2,160.0,3368.49,18.68,True,Active,shazia,None,Normal,5: Lying down (controlled)
1789154112.7349133,15482,Person C,1078.2,3192.8,80.0,3371.33,18.67,True,Active,shazia,None,Normal,5: Lying down (controlled)
1789154112.7973897,15483,Person C,1078.5,3192.8,80.0,3375.12,18.64,True,Active,shazia,None,Normal,5: Lying down (controlled)
1789154112.8911343,15484,Person C,1078.5,3192.9,-160.0,3374.16,18.6,True,Active,shazia,None,Normal,5: Lying down (controlled)
1789154112.969253,15485,Person C,1078.5,3193.5,80.0,3376.38,18.6,True,Active,shazia,None,Normal,5: Lying down (controlled)
1789154113.0473926,15486,Person C,1078.6,3194.4,160.0,3376.38,18.6,True,Active,shazia,None,Normal,5: Lying down (controlled)
1789154113.1255116,15487,Person C,1078.8,3195.5,80.0,3379.23,18.64,True,Active,shazia,None,Normal,5: Lying down (controlled)
1789154113.2192395,15488,Person C,1079.1,3196.6,160.0,3379.24,18.69,True,Active,shazia,None,Normal,5: Lying down (controlled)
1789154113.3286235,15489,Person C,1079.3,3197.4,160.0,3377.03,18.69,True,Active,shazia,None,Normal,5: Lying down (controlled)
1789154113.4067254,15490,Person C,1079.6,3197.5,0.0,3371.04,18.76,True,Active,shazia,None,Normal,5: Lying down (controlled)
1789154113.4848456,15491,Person C,1080.1,3197.1,160.0,3366.31,18.78,True,Active,shazia,None,Normal,5: Lying down (controlled)
1789154113.5629642,15492,Person C,1080.2,3196.2,80.0,3363.13,18.73,True,Active,shazia,None,Normal,5: Lying down (controlled)
1789154113.6723292,15493,Person C,1080.0,3194.9,80.0,3362.17,18.68,True,Active,shazia,None,Normal,5: Lying down (controlled)
1789154113.7624161,15494,Person C,1079.9,3193.5,160.0,3360.58,18.66,True,Active,shazia,None,Normal,5: Lying down (controlled)
1789154113.8561788,15495,Person C,1079.9,3191.9,80.0,3361.22,18.69,True,Active,shazia,None,Normal,5: Lying down (controlled)
1789154113.9342833,15496,Person C,1080.4,3190.5,80.0,3364.72,18.76,True,Active,shazia,None,Normal,5: Lying down (controlled)
1789154114.0280232,15497,Person C,1080.9,3189.0,-160.0,3366.63,18.8,True,Active,shazia,None,Normal,5: Lying down (controlled)
1789154114.121766,15498,Person C,1081.3,3187.9,80.0,3370.11,18.82,True,Active,shazia,None,Normal,5: Lying down (controlled)
1789154114.2215226,15499,Person C,1081.9,3187.0,160.0,3370.44,18.83,True,Active,shazia,None,Normal,5: Lying down (controlled)
1789154114.299624,15500,Person C,1082.8,3186.8,80.0,3372.05,18.91,True,Active,shazia,None,Normal,5: Lying down (controlled)
1789154114.3777633,15501,Person C,1083.9,3186.9,-80.0,3370.81,18.96,True,Active,shazia,None,Normal,5: Lying down (controlled)
1789154114.4871137,15502,Person C,1085.3,3187.1,160.0,3369.54,18.95,True,Active,shazia,None,Normal,5: Lying down (controlled)
1789154114.54961,15503,Person C,1086.9,3187.5,80.0,3371.11,18.92,True,Active,shazia,None,Normal,5: Lying down (controlled)
1789154114.674597,15504,Person C,1088.6,3188.1,80.0,3371.73,18.9,True,Active,shazia,None,Normal,5: Lying down (controlled)
1789154114.7433305,15505,Person C,1089.7,3188.8,160.0,3371.38,18.83,True,Active,shazia,None,Normal,5: Lying down (controlled)
1789154114.8214684,15506,Person C,1090.4,3189.5,80.0,3373.6,18.83,True,Active,shazia,None,Normal,5: Lying down (controlled)
1789154114.8995712,15507,Person C,1090.8,3190.0,160.0,3372.65,18.84,True,Active,shazia,None,Normal,5: Lying down (controlled)
1789154115.0089383,15508,Person C,1090.7,3190.2,80.0,3371.69,18.79,True,Active,shazia,None,Normal,5: Lying down (controlled)
1789154115.102679,15509,Person C,1090.2,3190.6,80.0,3372.61,18.73,True,Active,shazia,None,Normal,5: Lying down (controlled)
1789154115.180818,15510,Person C,1088.7,3190.8,-160.0,3369.12,18.66,True,Active,shazia,None,Normal,5: Lying down (controlled)
1789154115.2674835,15511,Person C,1086.9,3191.2,80.0,3368.8,18.64,True,Active,shazia,None,Normal,5: Lying down (controlled)
1789154115.3612275,15512,Person C,1085.3,3191.3,160.0,3365.33,18.68,True,Active,shazia,None,Normal,5: Lying down (controlled)
1789154115.4705915,15513,Person C,1084.2,3191.0,80.0,3364.72,18.76,True,Active,shazia,None,Normal,5: Lying down (controlled)
1789154115.5330868,15514,Person C,1083.6,3190.7,80.0,3366.95,18.82,True,Active,shazia,None,Normal,5: Lying down (controlled)
1789154115.6268337,15515,Person C,1083.5,3190.3,160.0,3367.27,18.83,True,Active,shazia,None,Normal,5: Lying down (controlled)
1789154115.7180846,15516,Person C,1083.7,3189.7,80.0,3368.57,18.9,True,Active,shazia,None,Normal,5: Lying down (controlled)
1789154115.7998374,15517,Person C,1084.0,3189.0,160.0,3367.0,18.92,True,Active,shazia,None,Normal,5: Lying down (controlled)
1789154115.8935616,15518,Person C,1084.5,3188.2,160.0,3365.73,18.91,True,Active,shazia,None,Normal,5: Lying down (controlled)
1789154116.0029294,15519,Person C,1084.9,3187.3,80.0,3365.38,18.84,True,Active,shazia,None,Normal,5: Lying down (controlled)
1789154116.0810518,15520,Person C,1085.5,3186.6,160.0,3364.41,18.8,True,Active,shazia,None,Normal,5: Lying down (controlled)
1789154116.1591914,15521,Person C,1085.7,3186.1,80.0,3364.7,18.7,True,Active,shazia,None,Normal,5: Lying down (controlled)
1789154116.2408943,15522,Person C,1085.6,3186.4,80.0,3367.85,18.65,True,Active,shazia,None,Normal,5: Lying down (controlled)
1789154116.3346384,15523,Person C,1085.0,3187.0,160.0,3368.48,18.63,True,Active,shazia,None,Normal,5: Lying down (controlled)
1789154116.4440024,15524,Person C,1084.0,3187.9,80.0,3372.27,18.61,True,Active,shazia,None,Normal,5: Lying down (controlled)
1789154116.5221252,15525,Person C,1082.8,3188.9,160.0,3372.9,18.59,True,Active,shazia,None,Normal,5: Lying down (controlled)
1789154116.6002617,15526,Person C,1081.1,3190.4,560.0,3377.32,18.54,True,Active,shazia,None,Normal,5: Lying down (controlled)
1789154116.6939845,15527,Person C,1079.2,3192.6,560.0,3381.74,18.5,True,Active,shazia,None,Normal,5: Lying down (controlled)
1789154116.8088887,15528,Person C,1077.3,3195.0,160.0,3382.37,18.48,True,Active,shazia,None,Normal,5: Lying down (controlled)
1789154116.8713808,15529,Person C,1076.2,3197.2,240.0,3382.69,18.55,True,Active,shazia,None,Normal,5: Lying down (controlled)
1789154116.9495168,15530,Person C,1076.3,3199.1,80.0,3382.73,18.71,True,Active,shazia,None,Normal,5: Lying down (controlled)
1789154117.0432591,15531,Person C,1077.6,3200.5,160.0,3382.14,18.84,True,Active,shazia,None,Normal,5: Lying down (controlled)
1789154117.1369834,15532,Person C,1079.9,3201.5,80.0,3384.73,18.96,True,Active,shazia,None,Normal,5: Lying down (controlled)
1789154117.252023,15533,Person C,1082.8,3202.4,160.0,3386.36,19.04,True,Active,shazia,None,Normal,5: Lying down (controlled)
1789154117.3613718,15534,Person C,1086.5,3203.1,80.0,3390.87,19.16,True,Active,shazia,None,Normal,5: Lying down (controlled)
1789154117.4395106,15535,Person C,1090.9,3203.9,80.0,3394.73,19.25,True,Active,shazia,None,Normal,5: Lying down (controlled)
1789154117.5019894,15536,Person C,1095.6,3204.2,160.0,3395.39,19.28,True,Active,shazia,None,Normal,5: Lying down (controlled)
1789154117.59575,15537,Person C,1100.3,3204.3,80.0,3397.89,19.25,True,Active,shazia,None,Normal,5: Lying down (controlled)
1789154117.6894758,15538,Person C,1104.9,3204.2,160.0,3396.29,19.22,True,Active,shazia,None,Normal,5: Lying down (controlled)
1789154117.7730827,15539,Person C,1108.6,3204.3,80.0,3395.59,19.13,True,Active,shazia,None,Normal,5: Lying down (controlled)
1789154117.866822,15540,Person C,1110.8,3204.8,80.0,3394.57,19.03,True,Active,shazia,None,Normal,5: Lying down (controlled)
1789154117.9449441,15541,Person C,1112.1,3205.8,480.0,3395.81,18.99,True,Active,shazia,None,Normal,5: Lying down (controlled)
1789154118.023064,15542,Person C,1112.8,3207.1,80.0,3399.3,19.01,True,Active,shazia,None,Normal,5: Lying down (controlled)
1789154118.1408355,15543,Person C,1113.6,3208.3,80.0,3400.31,19.11,True,Active,shazia,None,Normal,5: Lying down (controlled)
1789154118.218973,15544,Person C,1113.8,3209.2,160.0,3400.02,19.14,True,Active,shazia,None,Normal,5: Lying down (controlled)
1789154118.3083138,15545,Person C,1114.2,3209.8,80.0,3401.71,19.28,True,Active,shazia,None,Normal,5: Lying down (controlled)
1789154118.3864343,15546,Person C,1114.8,3210.2,80.0,3401.15,19.35,True,Active,shazia,None,Normal,5: Lying down (controlled)
1789154118.4645696,15547,Person C,1115.8,3210.3,80.0,3402.14,19.4,True,Active,shazia,None,Normal,5: Lying down (controlled)
1789154118.5895433,15548,Person C,1117.6,3210.6,80.0,3405.08,19.49,True,Active,shazia,None,Normal,5: Lying down (controlled)
1789154118.6676614,15549,Person C,1120.3,3210.8,160.0,3406.42,19.55,True,Active,shazia,None,Normal,5: Lying down (controlled)
1789154118.7493875,15550,Person C,1124.3,3211.1,80.0,3410.65,19.65,True,Active,shazia,None,Normal,5: Lying down (controlled)
1789154118.8275304,15551,Person C,1128.7,3211.2,160.0,3411.33,19.68,True,Active,shazia,None,Normal,5: Lying down (controlled)
1789154118.921261,15552,Person C,1132.7,3211.3,80.0,3413.48,19.63,True,Active,shazia,None,Normal,5: Lying down (controlled)
1789154119.0149982,15553,Person C,1135.6,3212.0,80.0,3416.51,19.53,True,Active,shazia,None,Normal,5: Lying down (controlled)
1789154119.0931191,15554,Person C,1137.8,3212.9,160.0,3415.79,19.44,True,Active,shazia,None,Normal,5: Lying down (controlled)
1789154119.1868637,15555,Person C,1138.4,3214.2,80.0,3415.97,19.3,True,Active,shazia,None,Normal,5: Lying down (controlled)
1789154119.288831,15556,Person C,1137.6,3215.8,-80.0,3413.62,19.14,True,Active,shazia,None,Normal,5: Lying down (controlled)
1789154119.3669481,15557,Person C,1135.8,3217.4,160.0,3411.33,19.02,True,Active,shazia,None,Normal,5: Lying down (controlled)
1789154119.4606738,15558,Person C,1132.6,3218.5,0.0,3404.95,18.92,True,Active,shazia,None,Normal,5: Lying down (controlled)
1789154119.5544178,15559,Person C,1128.6,3219.4,80.0,3401.76,18.87,True,Active,shazia,None,Normal,5: Lying down (controlled)
1789154119.6325552,15560,Person C,1123.9,3220.0,80.0,3400.81,18.87,True,Active,shazia,None,Normal,5: Lying down (controlled)
1789154119.7106571,15561,Person C,1119.7,3220.5,80.0,3402.14,18.99,True,Active,shazia,None,Normal,5: Lying down (controlled)
1789154119.8093262,15562,Person C,1116.2,3220.5,160.0,3401.88,19.08,True,Active,shazia,None,Normal,5: Lying down (controlled)
1789154119.9030898,15563,Person C,1113.1,3220.1,80.0,3402.5,19.06,True,Active,shazia,None,Normal,5: Lying down (controlled)
1789154119.9968169,15564,Person C,1110.4,3219.5,160.0,3401.22,19.05,True,Active,shazia,None,Normal,5: Lying down (controlled)
1789154120.0905766,15565,Person C,1108.3,3218.6,160.0,3400.57,19.02,True,Active,shazia,None,Normal,5: Lying down (controlled)
1789154120.168697,15566,Person C,1106.7,3218.1,390.0,3403.68,18.91,True,Active,shazia,None,Normal,5: Lying down (controlled)
1789154120.2467988,15567,Person C,1105.4,3217.9,160.0,3405.22,18.83,True,Active,shazia,None,Normal,5: Lying down (controlled)
1789154120.346625,15568,Person C,1104.3,3218.2,80.0,3404.24,18.73,True,Active,shazia,None,Normal,5: Lying down (controlled)
1789154120.434763,15569,Person C,1103.4,3218.7,80.0,3403.59,18.7,True,Active,shazia,None,Normal,5: Lying down (controlled)
1789154120.5129018,15570,Person C,1102.2,3219.2,160.0,3401.69,18.65,True,Active,shazia,None,Normal,5: Lying down (controlled)
1789154120.6222715,15571,Person C,1100.5,3219.8,80.0,3402.33,18.69,True,Active,shazia,None,Normal,5: Lying down (controlled)
1789154120.7160122,15572,Person C,1098.2,3220.5,160.0,3401.06,18.67,True,Active,shazia,None,Normal,5: Lying down (controlled)
1789154120.8037958,15573,Person C,1095.7,3220.7,-80.0,3396.31,18.65,True,Active,shazia,None,Normal,5: Lying down (controlled)
1789154120.897538,15574,Person C,1093.0,3221.0,80.0,3395.35,18.6,True,Active,shazia,None,Normal,5: Lying down (controlled)
1789154120.975679,15575,Person C,1090.3,3221.0,160.0,3391.87,18.58,True,Active,shazia,None,Normal,5: Lying down (controlled)
1789154121.0537817,15576,Person C,1088.1,3220.2,640.0,3389.03,18.6,True,Active,shazia,None,Normal,5: Lying down (controlled)
1789154121.131901,15577,Person C,1086.3,3218.8,160.0,3386.18,18.62,True,Active,shazia,None,Normal,5: Lying down (controlled)
1789154121.2569082,15578,Person C,1084.9,3217.4,560.0,3386.49,18.58,True,Active,shazia,None,Normal,5: Lying down (controlled)
1789154121.3350115,15579,Person C,1083.7,3216.7,390.0,3393.13,18.54,True,Active,shazia,None,Normal,5: Lying down (controlled)
1789154121.4131315,15580,Person C,1082.7,3216.6,160.0,3397.55,18.5,True,Active,shazia,None,Normal,5: Lying down (controlled)
1789154121.4912667,15581,Person C,1081.5,3217.5,390.0,3407.04,18.45,True,Active,shazia,None,Normal,5: Lying down (controlled)
1789154121.6162417,15582,Person C,1080.6,3219.5,80.0,3417.16,18.42,True,Active,shazia,None,Normal,5: Lying down (controlled)
1789154121.694361,15583,Person C,1080.0,3222.5,160.0,3422.85,18.39,True,Active,shazia,None,Normal,5: Lying down (controlled)
1789154121.7979903,15584,Person C,1080.2,3225.5,80.0,3424.43,18.47,True,Active,shazia,None,Normal,5: Lying down (controlled)
1789154121.860487,15585,Person C,1080.7,3228.6,160.0,3422.85,18.5,True,Active,shazia,None,Normal,5: Lying down (controlled)
1789154121.9386034,15586,Person C,1081.5,3232.0,80.0,3423.8,18.55,True,Active,shazia,None,Normal,5: Lying down (controlled)
1789154122.0323496,15587,Person C,1082.8,3235.9,80.0,3427.29,18.61,True,Active,shazia,None,Normal,5: Lying down (controlled)
1789154122.1260912,15588,Person C,1084.4,3239.7,160.0,3427.61,18.63,True,Active,shazia,None,Normal,5: Lying down (controlled)
1789154122.2198331,15589,Person C,1085.6,3242.8,80.0,3426.34,18.57,True,Active,shazia,None,Normal,5: Lying down (controlled)
1789154122.3061953,15590,Person C,1086.5,3245.1,80.0,3422.22,18.52,True,Active,shazia,None,Normal,5: Lying down (controlled)
1789154122.3843143,15591,Person C,1087.4,3246.1,80.0,3419.38,18.54,True,Active,shazia,None,Normal,5: Lying down (controlled)
1789154122.4780571,15592,Person C,1088.4,3245.8,80.0,3417.49,18.6,True,Active,shazia,None,Normal,5: Lying down (controlled)
1789154122.5717819,15593,Person C,1089.5,3244.7,160.0,3415.91,18.63,True,Active,shazia,None,Normal,5: Lying down (controlled)
1789154122.7280226,15594,Person C,1090.5,3243.7,80.0,3418.14,18.68,True,Active,shazia,None,Normal,5: Lying down (controlled)
1789154122.8157718,15595,Person C,1091.7,3242.7,480.0,3417.21,18.74,True,Active,shazia,None,Normal,5: Lying down (controlled)
1789154122.8939116,15596,Person C,1092.6,3241.7,160.0,3417.21,18.74,True,Active,shazia,None,Normal,5: Lying down (controlled)
1789154122.9720309,15597,Person C,1093.1,3240.2,0.0,3414.69,18.77,True,Active,shazia,None,Normal,5: Lying down (controlled)
1789154123.050134,15598,Person C,1093.2,3238.6,80.0,3412.78,18.73,True,Active,shazia,None,Normal,5: Lying down (controlled)
1789154123.1282537,15599,Person C,1093.2,3236.7,-160.0,3408.33,18.67,True,Active,shazia,None,Normal,5: Lying down (controlled)
1789154123.221997,15600,Person C,1093.3,3234.9,80.0,3405.48,18.63,True,Active,shazia,None,Normal,5: Lying down (controlled)
1789154123.3001332,15601,Person C,1093.0,3233.2,160.0,3402.31,18.58,True,Active,shazia,None,Normal,5: Lying down (controlled)
1789154123.3782823,15602,Person C,1092.2,3231.8,640.0,3401.67,18.55,True,Active,shazia,None,Normal,5: Lying down (controlled)
1789154123.472026,15603,Person C,1091.1,3230.8,390.0,3402.93,18.5,True,Active,shazia,None,Normal,5: Lying down (controlled)
1789154123.5813737,15604,Person C,1089.8,3230.1,480.0,3407.36,18.51,True,Active,shazia,None,Normal,5: Lying down (controlled)
1789154123.659497,15605,Person C,1088.0,3230.1,240.0,3411.47,18.46,True,Active,shazia,None,Normal,5: Lying down (controlled)
1789154123.7219894,15606,Person C,1086.4,3230.5,80.0,3415.89,18.47,True,Active,shazia,None,Normal,5: Lying down (controlled)
1789154123.8077986,15607,Person C,1084.4,3231.4,160.0,3416.84,18.41,True,Active,shazia,None,Normal,5: Lying down (controlled)
1789154123.9015667,15608,Person C,1082.8,3232.4,80.0,3417.16,18.42,True,Active,shazia,None,Normal,5: Lying down (controlled)
1789154123.9952898,15609,Person C,1081.7,3233.4,160.0,3414.31,18.44,True,Active,shazia,None,Normal,5: Lying down (controlled)
1789154124.0734127,15610,Person C,1081.3,3234.3,80.0,3412.73,18.52,True,Active,shazia,None,Normal,5: Lying down (controlled)
1789154124.1671562,15611,Person C,1081.8,3235.4,80.0,3414.33,18.6,True,Active,shazia,None,Normal,5: Lying down (controlled)
1789154124.260915,15612,Person C,1082.6,3236.3,-160.0,3412.75,18.63,True,Active,shazia,None,Normal,5: Lying down (controlled)
1789154124.3587635,15613,Person C,1083.8,3237.3,80.0,3416.23,18.64,True,Active,shazia,None,Normal,5: Lying down (controlled)
1789154124.4368634,15614,Person C,1084.7,3237.8,160.0,3414.96,18.63,True,Active,shazia,None,Normal,5: Lying down (controlled)
1789154124.515003,15615,Person C,1085.8,3238.0,80.0,3416.86,18.62,True,Active,shazia,None,Normal,5: Lying down (controlled)
1789154124.6399934,15616,Person C,1086.4,3238.2,390.0,3419.69,18.55,True,Active,shazia,None,Normal,5: Lying down (controlled)
1789154124.7024896,15617,Person C,1086.6,3238.4,-160.0,3419.37,18.43,True,Active,shazia,None,Normal,5: Lying down (controlled)
1789154124.7962172,15618,Person C,1086.4,3238.6,240.0,3418.42,18.38,True,Active,shazia,None,Normal,5: Lying down (controlled)
1789154124.895751,15619,Person C,1086.2,3239.1,80.0,3418.42,18.38,True,Active,shazia,None,Normal,5: Lying down (controlled)
1789154124.9582477,15620,Person C,1085.4,3239.9,160.0,3417.79,18.35,True,Active,shazia,None,Normal,5: Lying down (controlled)
1789154125.0520098,15621,Person C,1084.3,3240.6,80.0,3417.47,18.39,True,Active,shazia,None,Normal,5: Lying down (controlled)
1789154125.145737,15622,Person C,1083.0,3241.3,160.0,3415.26,18.38,True,Active,shazia,None,Normal,5: Lying down (controlled)
1789154125.239498,15623,Person C,1081.8,3241.6,80.0,3415.26,18.43,True,Active,shazia,None,Normal,5: Lying down (controlled)
1789154125.3233654,15624,Person C,1080.7,3242.1,240.0,3416.21,18.43,True,Active,shazia,None,Normal,5: Lying down (controlled)
1789154125.4171333,15625,Person C,1079.6,3242.1,160.0,3413.36,18.45,True,Active,shazia,None,Normal,5: Lying down (controlled)
1789154125.4952366,15626,Person C,1078.6,3241.8,80.0,3413.68,18.41,True,Active,shazia,None,Normal,5: Lying down (controlled)
1789154125.5889797,15627,Person C,1078.1,3241.1,160.0,3411.15,18.39,True,Active,shazia,None,Normal,5: Lying down (controlled)
1789154125.6827197,15628,Person C,1077.7,3240.4,80.0,3410.52,18.36,True,Active,shazia,None,Normal,5: Lying down (controlled)
1789154125.760839,15629,Person C,1077.0,3240.0,560.0,3412.42,18.29,True,Active,shazia,None,Normal,5: Lying down (controlled)
1789154125.8585606,15630,Person C,1076.2,3239.7,160.0,3412.43,18.24,True,Active,shazia,None,Normal,5: Lying down (controlled)
1789154125.9523041,15631,Person C,1074.8,3239.8,80.0,3414.03,18.16,True,Active,shazia,None,Normal,5: Lying down (controlled)
1789154126.0616753,15632,Person C,1073.2,3240.1,80.0,3413.1,18.11,True,Active,shazia,None,Normal,5: Lying down (controlled)
1789154126.1553967,15633,Person C,1071.2,3240.5,160.0,3412.79,18.1,True,Active,shazia,None,Normal,5: Lying down (controlled)
1789154126.233515,15634,Person C,1069.4,3240.6,80.0,3411.51,18.14,True,Active,shazia,None,Normal,5: Lying down (controlled)
1789154126.3116379,15635,Person C,1067.7,3240.6,160.0,3408.02,18.17,True,Active,shazia,None,Normal,5: Lying down (controlled)
1789154126.393584,15636,Person C,1066.6,3240.3,80.0,3407.37,18.25,True,Active,shazia,None,Normal,5: Lying down (controlled)
1789154126.471703,15637,Person C,1066.0,3240.3,80.0,3409.26,18.29,True,Active,shazia,None,Normal,5: Lying down (controlled)
1789154126.5966756,15638,Person C,1065.7,3240.2,160.0,3408.63,18.31,True,Active,shazia,None,Normal,5: Lying down (controlled)
1789154126.6591704,15639,Person C,1065.7,3239.9,80.0,3409.58,18.31,True,Active,shazia,None,Normal,5: Lying down (controlled)
1789154126.7372932,15640,Person C,1066.0,3239.2,160.0,3406.73,18.32,True,Active,shazia,None,Normal,5: Lying down (controlled)
1789154126.8368754,15641,Person C,1066.8,3237.9,80.0,3404.2,18.36,True,Active,shazia,None,Normal,5: Lying down (controlled)
1789154126.9462655,15642,Person C,1068.6,3236.2,80.0,3402.61,18.49,True,Active,shazia,None,Normal,5: Lying down (controlled)
1789154127.0400105,15643,Person C,1070.9,3234.1,160.0,3400.09,18.57,True,Active,shazia,None,Normal,5: Lying down (controlled)
1789154127.133733,15644,Person C,1073.0,3232.0,80.0,3398.2,18.58,True,Active,shazia,None,Normal,5: Lying down (controlled)
1789154127.2274773,15645,Person C,1075.0,3230.1,80.0,3396.3,18.59,True,Active,shazia,None,Normal,5: Lying down (controlled)
1789154127.289973,15646,Person C,1076.6,3228.2,160.0,3394.4,18.61,True,Active,shazia,None,Normal,5: Lying down (controlled)
1789154127.3737833,15647,Person C,1077.8,3226.3,480.0,3395.03,18.58,True,Active,shazia,None,Normal,5: Lying down (controlled)
1789154127.4831467,15648,Person C,1078.8,3224.4,160.0,3393.77,18.57,True,Active,shazia,None,Normal,5: Lying down (controlled)
1789154127.5456445,15649,Person C,1079.9,3222.6,480.0,3395.98,18.58,True,Active,shazia,None,Normal,5: Lying down (controlled)
1789154127.6394064,15650,Person C,1081.6,3221.4,80.0,3400.74,18.66,True,Active,shazia,None,Normal,5: Lying down (controlled)
1789154127.7487533,15651,Person C,1083.7,3220.7,-160.0,3404.24,18.73,True,Active,shazia,None,Normal,5: Lying down (controlled)
1789154127.826876,15652,Person C,1085.6,3220.8,80.0,3409.63,18.79,True,Active,shazia,None,Normal,5: Lying down (controlled)
1789154127.942178,15653,Person C,1087.3,3221.3,160.0,3410.28,18.82,True,Active,shazia,None,Normal,5: Lying down (controlled)
1789154128.0359209,15654,Person C,1089.2,3221.8,80.0,3409.03,18.86,True,Active,shazia,None,Normal,5: Lying down (controlled)
1789154128.1140597,15655,Person C,1090.9,3222.6,80.0,3409.33,18.82,True,Active,shazia,None,Normal,5: Lying down (controlled)
1789154128.1921787,15656,Person C,1092.4,3223.4,160.0,3406.79,18.8,True,Active,shazia,None,Normal,5: Lying down (controlled)
1789154128.270282,15657,Person C,1093.9,3224.0,80.0,3405.52,18.79,True,Active,shazia,None,Normal,5: Lying down (controlled)
1789154128.354217,15658,Person C,1095.4,3224.5,80.0,3403.31,18.79,True,Active,shazia,None,Normal,5: Lying down (controlled)
1789154128.4479842,15659,Person C,1096.3,3224.5,160.0,3398.86,18.72,True,Active,shazia,None,Normal,5: Lying down (controlled)
1789154128.5260878,15660,Person C,1096.2,3224.2,80.0,3397.58,18.66,True,Active,shazia,None,Normal,5: Lying down (controlled)
1789154128.604207,15661,Person C,1095.3,3223.5,160.0,3394.72,18.62,True,Active,shazia,None,Normal,5: Lying down (controlled)
1789154128.697967,15662,Person C,1093.9,3222.4,80.0,3394.72,18.62,True,Active,shazia,None,Normal,5: Lying down (controlled)
1789154128.7916949,15663,Person C,1092.3,3221.6,80.0,3397.57,18.61,True,Active,shazia,None,Normal,5: Lying down (controlled)
1789154128.889818,15664,Person C,1090.5,3221.4,480.0,3401.36,18.58,True,Active,shazia,None,Normal,5: Lying down (controlled)
1789154128.9679363,15665,Person C,1089.0,3221.6,80.0,3406.42,18.57,True,Active,shazia,None,Normal,5: Lying down (controlled)
1789154129.06168,15666,Person C,1087.7,3222.3,480.0,3409.26,18.56,True,Active,shazia,None,Normal,5: Lying down (controlled)
1789154129.1397986,15667,Person C,1086.4,3223.3,80.0,3410.84,18.53,True,Active,shazia,None,Normal,5: Lying down (controlled)
1789154129.2491481,15668,Person C,1085.3,3224.5,480.0,3411.16,18.55,True,Active,shazia,None,Normal,5: Lying down (controlled)
1789154129.3622506,15669,Person C,1084.7,3225.8,160.0,3409.26,18.56,True,Active,shazia,None,Normal,5: Lying down (controlled)
1789154129.4247699,15670,Person C,1084.2,3227.1,80.0,3408.31,18.51,True,Active,shazia,None,Normal,5: Lying down (controlled)
1789154129.5341399,15671,Person C,1083.6,3228.6,80.0,3407.04,18.45,True,Active,shazia,None,Normal,5: Lying down (controlled)
1789154129.5966332,15672,Person C,1082.6,3229.8,80.0,3402.93,18.4,True,Active,shazia,None,Normal,5: Lying down (controlled)
1789154129.705981,15673,Person C,1081.6,3230.4,80.0,3400.08,18.41,True,Active,shazia,None,Normal,5: Lying down (controlled)
1789154129.7997437,15674,Person C,1080.6,3230.3,160.0,3397.23,18.43,True,Active,shazia,None,Normal,5: Lying down (controlled)
1789154129.8658123,15675,Person C,1079.2,3229.2,-80.0,3391.54,18.41,True,Active,shazia,None,Normal,5: Lying down (controlled)
1789154129.9595783,15676,Person C,1077.6,3227.6,80.0,3389.01,18.39,True,Active,shazia,None,Normal,5: Lying down (controlled)
1789154130.0533235,15677,Person C,1075.7,3225.5,-160.0,3384.91,18.34,True,Active,shazia,None,Normal,5: Lying down (controlled)
1789154130.1470463,15678,Person C,1073.6,3223.3,80.0,3383.64,18.33,True,Active,shazia,None,Normal,5: Lying down (controlled)
1789154130.225186,15679,Person C,1071.5,3221.0,160.0,3380.8,18.34,True,Active,shazia,None,Normal,5: Lying down (controlled)
1789154130.3033056,15680,Person C,1070.1,3218.7,80.0,3382.06,18.41,True,Active,shazia,None,Normal,5: Lying down (controlled)
1789154130.405348,15681,Person C,1069.3,3216.5,80.0,3383.64,18.43,True,Active,shazia,None,Normal,5: Lying down (controlled)
1789154130.4990928,15682,Person C,1069.0,3214.6,160.0,3383.95,18.45,True,Active,shazia,None,Normal,5: Lying down (controlled)
1789154130.5928502,15683,Person C,1068.9,3213.1,80.0,3385.54,18.48,True,Active,shazia,None,Normal,5: Lying down (controlled)
1789154130.689523,15684,Person C,1069.0,3211.8,80.0,3385.22,18.52,True,Active,shazia,None,Normal,5: Lying down (controlled)
1789154130.7857661,15685,Person C,1069.3,3211.0,160.0,3384.9,18.5,True,Active,shazia,None,Normal,5: Lying down (controlled)
1789154130.848262,15686,Person C,1070.0,3210.4,80.0,3385.54,18.53,True,Active,shazia,None,Normal,5: Lying down (controlled)
1789154130.9556842,15687,Person C,1071.1,3210.0,160.0,3384.59,18.54,True,Active,shazia,None,Normal,5: Lying down (controlled)
1789154131.0338035,15688,Person C,1072.4,3209.7,80.0,3384.91,18.55,True,Active,shazia,None,Normal,5: Lying down (controlled)
1789154131.1431715,15689,Person C,1073.5,3209.9,80.0,3386.17,18.51,True,Active,shazia,None,Normal,5: Lying down (controlled)
1789154131.2056658,15690,Person C,1073.7,3210.1,-160.0,3384.59,18.43,True,Active,shazia,None,Normal,5: Lying down (controlled)
1789154131.2837856,15691,Person C,1073.2,3210.6,80.0,3386.81,18.33,True,Active,shazia,None,Normal,5: Lying down (controlled)
1789154131.3775291,15692,Person C,1072.3,3211.2,160.0,3386.81,18.27,True,Active,shazia,None,Normal,5: Lying down (controlled)
1789154131.4712756,15693,Person C,1071.1,3212.0,80.0,3389.35,18.24,True,Active,shazia,None,Normal,5: Lying down (controlled)
1789154131.5650184,15694,Person C,1069.7,3213.3,390.0,3393.15,18.22,True,Active,shazia,None,Normal,5: Lying down (controlled)
1789154131.6431386,15695,Person C,1068.5,3214.9,480.0,3396.31,18.22,True,Active,shazia,None,Normal,5: Lying down (controlled)
1789154131.7368977,15696,Person C,1066.9,3216.9,240.0,3399.49,18.17,True,Active,shazia,None,Normal,5: Lying down (controlled)
1789154131.8150005,15697,Person C,1065.3,3219.0,480.0,3399.49,18.17,True,Active,shazia,None,Normal,5: Lying down (controlled)
1789154131.9188929,15698,Person C,1063.5,3221.3,160.0,3401.07,18.14,True,Active,shazia,None,Normal,5: Lying down (controlled)
1789154131.9970124,15699,Person C,1062.2,3223.4,80.0,3402.01,18.19,True,Active,shazia,None,Normal,5: Lying down (controlled)
1789154132.0907762,15700,Person C,1061.6,3225.4,160.0,3401.68,18.23,True,Active,shazia,None,Normal,5: Lying down (controlled)
1789154132.168879,15701,Person C,1062.1,3226.8,80.0,3401.67,18.33,True,Active,shazia,None,Normal,5: Lying down (controlled)
1789154132.2626402,15702,Person C,1063.3,3227.8,80.0,3400.08,18.41,True,Active,shazia,None,Normal,5: Lying down (controlled)
1789154132.3719902,15703,Person C,1064.5,3228.1,-160.0,3395.97,18.42,True,Active,shazia,None,Normal,5: Lying down (controlled)
1789154132.4564676,15704,Person C,1065.6,3228.0,80.0,3395.65,18.4,True,Active,shazia,None,Normal,5: Lying down (controlled)
1789154132.5345879,15705,Person C,1066.3,3227.8,480.0,3396.61,18.34,True,Active,shazia,None,Normal,5: Lying down (controlled)
1789154132.612707,15706,Person C,1067.3,3227.6,80.0,3400.72,18.34,True,Active,shazia,None,Normal,5: Lying down (controlled)
1789154132.706431,15707,Person C,1068.8,3227.3,480.0,3401.35,18.42,True,Active,shazia,None,Normal,5: Lying down (controlled)
1789154132.815818,15708,Person C,1070.6,3226.6,160.0,3400.08,18.47,True,Active,shazia,None,Normal,5: Lying down (controlled)
1789154132.9158802,15709,Person C,1072.2,3226.0,80.0,3401.35,18.48,True,Active,shazia,None,Normal,5: Lying down (controlled)
1789154132.9783745,15710,Person C,1073.4,3225.6,80.0,3401.66,18.44,True,Active,shazia,None,Normal,5: Lying down (controlled)
1789154133.0720983,15711,Person C,1073.4,3225.6,160.0,3401.67,18.33,True,Active,shazia,None,Normal,5: Lying down (controlled)
1789154133.1970928,15712,Person C,1072.5,3226.0,480.0,3401.05,18.25,True,Active,shazia,None,Normal,5: Lying down (controlled)
1789154133.275229,15713,Person C,1071.6,3226.6,160.0,3398.84,18.24,True,Active,shazia,None,Normal,5: Lying down (controlled)
1789154133.3689556,15714,Person C,1070.9,3227.4,480.0,3401.05,18.25,True,Active,shazia,None,Normal,5: Lying down (controlled)
1789154133.4370484,15715,Person C,1071.1,3228.1,80.0,3403.88,18.34,True,Active,shazia,None,Normal,5: Lying down (controlled)
1789154133.5151682,15716,Person C,1071.6,3228.3,-160.0,3404.19,18.41,True,Active,shazia,None,Normal,5: Lying down (controlled)
1789154133.6089091,15717,Person C,1071.7,3228.8,80.0,3406.41,18.41,True,Active,shazia,None,Normal,5: Lying down (controlled)
1789154133.7182763,15718,Person C,1071.7,3229.4,160.0,3405.77,18.43,True,Active,shazia,None,Normal,5: Lying down (controlled)
1789154133.81202,15719,Person C,1071.2,3229.7,-80.0,3402.61,18.38,True,Active,shazia,None,Normal,5: Lying down (controlled)
1789154133.8901596,15720,Person C,1070.4,3229.4,-80.0,3396.29,18.33,True,Active,shazia,None,Normal,5: Lying down (controlled)
1789154133.9564333,15721,Person C,1069.9,3228.5,160.0,3391.55,18.3,True,Active,shazia,None,Normal,5: Lying down (controlled)
1789154134.050194,15722,Person C,1069.8,3227.5,80.0,3391.24,18.29,True,Active,shazia,None,Normal,5: Lying down (controlled)
1789154134.1439178,15723,Person C,1069.7,3226.6,160.0,3389.97,18.27,True,Active,shazia,None,Normal,5: Lying down (controlled)
1789154134.2376637,15724,Person C,1069.8,3225.4,80.0,3389.97,18.33,True,Active,shazia,None,Normal,5: Lying down (controlled)
1789154134.3157835,15725,Person C,1069.6,3224.1,480.0,3390.91,18.38,True,Active,shazia,None,Normal,5: Lying down (controlled)
1789154134.3939004,15726,Person C,1069.1,3222.8,160.0,3390.28,18.4,True,Active,shazia,None,Normal,5: Lying down (controlled)
1789154134.5070484,15727,Person C,1068.3,3221.4,80.0,3390.6,18.36,True,Active,shazia,None,Normal,5: Lying down (controlled)
1789154134.6035612,15728,Person C,1067.4,3220.3,80.0,3392.5,18.35,True,Active,shazia,None,Normal,5: Lying down (controlled)
1789154134.6973047,15729,Person C,1066.6,3219.3,-160.0,3390.6,18.31,True,Active,shazia,None,Normal,5: Lying down (controlled)
1789154134.775424,15730,Person C,1066.3,3218.8,80.0,3390.6,18.31,True,Active,shazia,None,Normal,5: Lying down (controlled)
1789154134.8535628,15731,Person C,1066.4,3218.4,160.0,3388.07,18.34,True,Active,shazia,None,Normal,5: Lying down (controlled)
1789154134.9327276,15732,Person C,1067.0,3217.9,80.0,3388.38,18.41,True,Active,shazia,None,Normal,5: Lying down (controlled)
1789154135.0264678,15733,Person C,1068.0,3217.4,80.0,3388.38,18.46,True,Active,shazia,None,Normal,5: Lying down (controlled)
1789154135.1358366,15734,Person C,1068.8,3216.9,160.0,3387.75,18.48,True,Active,shazia,None,Normal,5: Lying down (controlled)
1789154135.213976,15735,Person C,1069.2,3216.5,80.0,3388.38,18.46,True,Active,shazia,None,Normal,5: Lying down (controlled)
1789154135.292078,15736,Person C,1069.3,3216.3,80.0,3388.7,18.42,True,Active,shazia,None,Normal,5: Lying down (controlled)
1789154135.3858242,15737,Person C,1069.4,3216.0,160.0,3388.07,18.39,True,Active,shazia,None,Normal,5: Lying down (controlled)
1789154135.4742262,15738,Person C,1069.5,3215.4,80.0,3387.12,18.4,True,Active,shazia,None,Normal,5: Lying down (controlled)
1789154135.5835907,15739,Person C,1069.8,3214.6,160.0,3383.95,18.4,True,Active,shazia,None,Normal,5: Lying down (controlled)
1789154135.6460862,15740,Person C,1069.9,3213.8,80.0,3383.32,18.37,True,Active,shazia,None,Normal,5: Lying down (controlled)
1789154135.7710826,15741,Person C,1069.5,3213.6,80.0,3384.91,18.29,True,Active,shazia,None,Normal,5: Lying down (controlled)
1789154135.8491998,15742,Person C,1068.3,3213.4,-160.0,3382.71,18.23,True,Active,shazia,None,Normal,5: Lying down (controlled)
1789154135.9421995,15743,Person C,1066.5,3213.7,80.0,3385.57,18.16,True,Active,shazia,None,Normal,5: Lying down (controlled)
1789154136.020323,15744,Person C,1064.6,3214.1,160.0,3385.57,18.16,True,Active,shazia,None,Normal,5: Lying down (controlled)
1789154136.1140656,15745,Person C,1062.9,3214.6,80.0,3387.79,18.16,True,Active,shazia,None,Normal,5: Lying down (controlled)
1789154136.1765594,15746,Person C,1061.4,3215.2,560.0,3389.69,18.15,True,Active,shazia,None,Normal,5: Lying down (controlled)
1789154136.2703037,15747,Person C,1060.0,3215.7,160.0,3388.43,18.14,True,Active,shazia,None,Normal,5: Lying down (controlled)
1789154136.3640442,15748,Person C,1058.6,3216.1,80.0,3386.52,18.15,True,Active,shazia,None,Normal,5: Lying down (controlled)
1789154136.4793582,15749,Person C,1057.3,3216.7,80.0,3385.57,18.16,True,Active,shazia,None,Normal,5: Lying down (controlled)
1789154136.5418558,15750,Person C,1056.0,3217.1,160.0,3383.05,18.14,True,Active,shazia,None,Normal,5: Lying down (controlled)
1789154136.6199768,15751,Person C,1054.9,3216.8,0.0,3378.63,18.12,True,Active,shazia,None,Normal,5: Lying down (controlled)
1789154136.7137206,15752,Person C,1054.5,3215.9,-80.0,3372.91,18.21,True,Active,shazia,None,Normal,5: Lying down (controlled)
1789154136.8387096,15753,Person C,1054.4,3214.0,-80.0,3367.21,18.24,True,Active,shazia,None,Normal,5: Lying down (controlled)
1789154136.9360373,15754,Person C,1054.6,3211.9,80.0,3366.25,18.3,True,Active,shazia,None,Normal,5: Lying down (controlled)
1789154137.0141637,15755,Person C,1054.8,3209.4,160.0,3364.67,18.33,True,Active,shazia,None,Normal,5: Lying down (controlled)
1789154137.0766597,15756,Person C,1055.2,3207.0,80.0,3368.15,18.34,True,Active,shazia,None,Normal,5: Lying down (controlled)
1789154137.1704006,15757,Person C,1056.1,3204.7,160.0,3369.41,18.41,True,Active,shazia,None,Normal,5: Lying down (controlled)
1789154137.2641442,15758,Person C,1057.3,3202.9,80.0,3373.2,18.44,True,Active,shazia,None,Normal,5: Lying down (controlled)
1789154137.3735147,15759,Person C,1058.7,3201.7,560.0,3378.58,18.45,True,Active,shazia,None,Normal,5: Lying down (controlled)
1789154137.4396281,15760,Person C,1060.2,3200.9,160.0,3380.16,18.42,True,Active,shazia,None,Normal,5: Lying down (controlled)
1789154137.517753,15761,Person C,1061.4,3200.6,160.0,3379.53,18.33,True,Active,shazia,None,Normal,5: Lying down (controlled)
1789154137.627122,15762,Person C,1062.0,3201.0,80.0,3378.59,18.28,True,Active,shazia,None,Normal,5: Lying down (controlled)
1789154137.7208624,15763,Person C,1062.4,3201.9,160.0,3377.01,18.26,True,Active,shazia,None,Normal,5: Lying down (controlled)
1789154137.8302493,15764,Person C,1062.1,3202.9,80.0,3374.81,18.2,True,Active,shazia,None,Normal,5: Lying down (controlled)
1789154137.8927455,15765,Person C,1061.7,3204.2,80.0,3375.76,18.19,True,Active,shazia,None,Normal,5: Lying down (controlled)
1789154137.9901595,15766,Person C,1060.8,3204.9,-160.0,3371.98,18.16,True,Active,shazia,None,Normal,5: Lying down (controlled)
1789154138.0682726,15767,Person C,1059.6,3205.4,80.0,3370.39,18.19,True,Active,shazia,None,Normal,5: Lying down (controlled)
1789154138.1776571,15768,Person C,1058.2,3205.3,160.0,3367.85,18.22,True,Active,shazia,None,Normal,5: Lying down (controlled)
1789154138.287008,15769,Person C,1056.5,3204.8,160.0,3368.49,18.2,True,Active,shazia,None,Normal,5: Lying down (controlled)
1789154138.4276211,15770,Person C,1055.2,3204.4,80.0,3372.27,18.23,True,Active,shazia,None,Normal,5: Lying down (controlled)
1789154138.5099082,15771,Person C,1054.6,3204.0,160.0,3373.85,18.26,True,Active,shazia,None,Normal,5: Lying down (controlled)
1789154138.5880284,15772,Person C,1054.1,3203.7,80.0,3374.17,18.22,True,Active,shazia,None,Normal,5: Lying down (controlled)
1789154138.6661508,15773,Person C,1053.3,3203.6,80.0,3373.56,18.13,True,Active,shazia,None,Normal,5: Lying down (controlled)
1789154138.7442698,15774,Person C,1052.6,3203.4,160.0,3370.73,18.1,True,Active,shazia,None,Normal,5: Lying down (controlled)
1789154138.8380108,15775,Person C,1051.4,3203.2,80.0,3370.13,18.01,True,Active,shazia,None,Normal,5: Lying down (controlled)
1789154138.900506,15776,Person C,1050.4,3203.6,80.0,3372.68,17.98,True,Active,shazia,None,Normal,5: Lying down (controlled)
1789154139.0138276,15777,Person C,1049.3,3204.3,80.0,3373.63,17.97,True,Active,shazia,None,Normal,5: Lying down (controlled)
1789154139.1075492,15778,Person C,1048.8,3205.4,80.0,3376.74,18.08,True,Active,shazia,None,Normal,5: Lying down (controlled)
1789154139.2012923,15779,Person C,1048.9,3206.2,160.0,3376.4,18.17,True,Active,shazia,None,Normal,5: Lying down (controlled)
1789154139.2794309,15780,Person C,1049.0,3206.4,80.0,3374.49,18.24,True,Active,shazia,None,Normal,5: Lying down (controlled)
1789154139.3575513,15781,Person C,1049.1,3206.5,80.0,3375.11,18.27,True,Active,shazia,None,Normal,5: Lying down (controlled)
1789154139.4556112,15782,Person C,1049.4,3206.3,160.0,3373.21,18.28,True,Active,shazia,None,Normal,5: Lying down (controlled)
1789154139.5337543,15783,Person C,1050.4,3206.0,80.0,3373.84,18.31,True,Active,shazia,None,Normal,5: Lying down (controlled)
1789154139.6431022,15784,Person C,1051.7,3205.8,80.0,3372.89,18.32,True,Active,shazia,None,Normal,5: Lying down (controlled)
1789154139.752474,15785,Person C,1053.4,3205.3,160.0,3370.68,18.31,True,Active,shazia,None,Normal,5: Lying down (controlled)
1789154139.8306084,15786,Person C,1055.4,3204.5,480.0,3371.31,18.34,True,Active,shazia,None,Normal,5: Lying down (controlled)
1789154139.9087286,15787,Person C,1057.3,3203.5,160.0,3370.04,18.33,True,Active,shazia,None,Normal,5: Lying down (controlled)
1789154140.008083,15788,Person C,1058.6,3202.0,-80.0,3366.56,18.37,True,Active,shazia,None,Normal,5: Lying down (controlled)
1789154140.0862231,15789,Person C,1059.8,3200.7,80.0,3367.83,18.43,True,Active,shazia,None,Normal,5: Lying down (controlled)
1789154140.164326,15790,Person C,1060.6,3199.6,160.0,3366.56,18.42,True,Active,shazia,None,Normal,5: Lying down (controlled)
1789154140.2268386,15791,Person C,1061.1,3198.8,80.0,3369.09,18.39,True,Active,shazia,None,Normal,5: Lying down (controlled)
1789154140.304958,15792,Person C,1061.5,3198.3,160.0,3369.73,18.37,True,Active,shazia,None,Normal,5: Lying down (controlled)
1789154140.4143052,15793,Person C,1061.5,3197.9,160.0,3370.04,18.33,True,Active,shazia,None,Normal,5: Lying down (controlled)
1789154140.532183,15794,Person C,1061.2,3197.6,0.0,3369.1,18.28,True,Active,shazia,None,Normal,5: Lying down (controlled)
1789154140.5946798,15795,Person C,1060.9,3197.4,80.0,3367.84,18.27,True,Active,shazia,None,Normal,5: Lying down (controlled)
1789154140.6728017,15796,Person C,1060.3,3197.2,80.0,3367.53,18.26,True,Active,shazia,None,Normal,5: Lying down (controlled)
1789154140.7508998,15797,Person C,1059.8,3197.4,80.0,3370.37,18.24,True,Active,shazia,None,Normal,5: Lying down (controlled)
1789154140.8446465,15798,Person C,1059.3,3198.0,160.0,3370.69,18.26,True,Active,shazia,None,Normal,5: Lying down (controlled)
1789154140.9227612,15799,Person C,1058.1,3198.8,80.0,3371.65,18.2,True,Active,shazia,None,Normal,5: Lying down (controlled)
1789154141.0019567,15800,Person C,1056.2,3199.9,80.0,3371.06,18.06,True,Active,shazia,None,Normal,5: Lying down (controlled)
1789154141.0800576,15801,Person C,1053.7,3200.6,-160.0,3367.95,17.95,True,Active,shazia,None,Normal,5: Lying down (controlled)
1789154141.1581957,15802,Person C,1050.9,3201.2,80.0,3366.72,17.89,True,Active,shazia,None,Normal,5: Lying down (controlled)
1789154141.267547,15803,Person C,1048.2,3201.4,160.0,3363.55,17.89,True,Active,shazia,None,Normal,5: Lying down (controlled)
1789154141.3612888,15804,Person C,1046.3,3201.5,80.0,3364.14,17.97,True,Active,shazia,None,Normal,5: Lying down (controlled)
1789154141.45505,15805,Person C,1044.8,3201.7,80.0,3365.07,18.02,True,Active,shazia,None,Normal,5: Lying down (controlled)
1789154141.5213397,15806,Person C,1043.4,3201.8,160.0,3364.12,18.03,True,Active,shazia,None,Normal,5: Lying down (controlled)
1789154141.6151009,15807,Person C,1041.8,3201.7,0.0,3364.45,17.99,True,Active,shazia,None,Normal,5: Lying down (controlled)
1789154141.7088268,15808,Person C,1040.0,3201.6,80.0,3364.14,17.97,True,Active,shazia,None,Normal,5: Lying down (controlled)
1789154141.7869434,15809,Person C,1038.3,3201.4,160.0,3364.48,17.93,True,Active,shazia,None,Normal,5: Lying down (controlled)
1789154141.8807073,15810,Person C,1037.1,3201.2,80.0,3365.46,17.88,True,Active,shazia,None,Normal,5: Lying down (controlled)
1789154141.958825,15811,Person C,1036.3,3201.2,160.0,3365.49,17.82,True,Active,shazia,None,Normal,5: Lying down (controlled)
1789154142.0719483,15812,Person C,1035.8,3200.8,-80.0,3361.37,17.83,True,Active,shazia,None,Normal,5: Lying down (controlled)
1789154142.1500666,15813,Person C,1035.5,3200.5,80.0,3359.78,17.85,True,Active,shazia,None,Normal,5: Lying down (controlled)
1789154142.2281866,15814,Person C,1034.8,3200.1,160.0,3358.18,17.88,True,Active,shazia,None,Normal,5: Lying down (controlled)
1789154142.3219461,15815,Person C,1034.0,3199.8,80.0,3359.75,17.91,True,Active,shazia,None,Normal,5: Lying down (controlled)
1789154142.400066,15816,Person C,1033.3,3199.5,160.0,3359.1,17.93,True,Active,shazia,None,Normal,5: Lying down (controlled)
1789154142.5146267,15817,Person C,1033.0,3199.3,80.0,3361.62,17.95,True,Active,shazia,None,Normal,5: Lying down (controlled)
1789154142.592745,15818,Person C,1032.9,3198.9,-80.0,3360.03,17.98,True,Active,shazia,None,Normal,5: Lying down (controlled)
1789154142.7021103,15819,Person C,1032.9,3198.2,160.0,3357.82,17.97,True,Active,shazia,None,Normal,5: Lying down (controlled)
1789154142.764605,15820,Person C,1033.1,3197.3,80.0,3357.51,17.95,True,Active,shazia,None,Normal,5: Lying down (controlled)
1789154142.8583484,15821,Person C,1033.6,3196.2,80.0,3356.56,17.96,True,Active,shazia,None,Normal,5: Lying down (controlled)
1789154142.9364707,15822,Person C,1034.0,3195.4,160.0,3354.99,17.93,True,Active,shazia,None,Normal,5: Lying down (controlled)
1789154143.0360076,15823,Person C,1033.9,3195.0,80.0,3355.66,17.86,True,Active,shazia,None,Normal,5: Lying down (controlled)
1789154143.1297507,15824,Person C,1033.6,3194.7,160.0,3354.41,17.85,True,Active,shazia,None,Normal,5: Lying down (controlled)
1789154143.2078707,15825,Person C,1033.0,3194.5,80.0,3356.0,17.82,True,Active,shazia,None,Normal,5: Lying down (controlled)
1789154143.3172405,15826,Person C,1032.6,3194.6,80.0,3358.83,17.86,True,Active,shazia,None,Normal,5: Lying down (controlled)
1789154143.395378,15827,Person C,1032.3,3194.5,80.0,3359.75,17.91,True,Active,shazia,None,Normal,5: Lying down (controlled)
1789154143.495376,15828,Person C,1032.7,3194.7,80.0,3363.17,18.03,True,Active,shazia,None,Normal,5: Lying down (controlled)
1789154143.5891254,15829,Person C,1033.9,3195.0,160.0,3364.39,18.15,True,Active,shazia,None,Normal,5: Lying down (controlled)
1789154143.6672645,15830,Person C,1035.9,3195.3,80.0,3366.58,18.26,True,Active,shazia,None,Normal,5: Lying down (controlled)
1789154143.745365,15831,Person C,1038.6,3195.5,80.0,3366.88,18.39,True,Active,shazia,None,Normal,5: Lying down (controlled)
1789154143.8235037,15832,Person C,1041.8,3195.6,160.0,3365.93,18.45,True,Active,shazia,None,Normal,5: Lying down (controlled)
1789154143.9328513,15833,Person C,1045.5,3195.3,160.0,3364.35,18.47,True,Active,shazia,None,Normal,5: Lying down (controlled)
1789154144.0304515,15834,Person C,1048.9,3195.0,80.0,3362.13,18.41,True,Active,shazia,None,Normal,5: Lying down (controlled)
1789154144.1085901,15835,Person C,1052.3,3194.6,80.0,3362.77,18.39,True,Active,shazia,None,Normal,5: Lying down (controlled)
1789154144.1866922,15836,Person C,1055.2,3194.1,80.0,3363.09,18.35,True,Active,shazia,None,Normal,5: Lying down (controlled)
1789154144.2804554,15837,Person C,1057.8,3193.5,160.0,3362.14,18.36,True,Active,shazia,None,Normal,5: Lying down (controlled)
1789154144.3741784,15838,Person C,1059.9,3192.9,80.0,3364.03,18.4,True,Active,shazia,None,Normal,5: Lying down (controlled)
1789154144.4679198,15839,Person C,1061.8,3192.7,80.0,3368.46,18.47,True,Active,shazia,None,Normal,5: Lying down (controlled)
1789154144.5499759,15840,Person C,1063.2,3192.7,-160.0,3370.99,18.49,True,Active,shazia,None,Normal,5: Lying down (controlled)
1789154144.6281154,15841,Person C,1063.7,3193.0,80.0,3371.3,18.45,True,Active,shazia,None,Normal,5: Lying down (controlled)
1789154144.7218392,15842,Person C,1063.8,3193.3,160.0,3369.09,18.45,True,Active,shazia,None,Normal,5: Lying down (controlled)
1789154144.831211,15843,Person C,1063.8,3193.8,80.0,3369.09,18.45,True,Active,shazia,None,Normal,5: Lying down (controlled)
1789154144.9093258,15844,Person C,1064.7,3194.6,80.0,3372.57,18.52,True,Active,shazia,None,Normal,5: Lying down (controlled)
1789154144.987448,15845,Person C,1065.9,3195.3,160.0,3373.21,18.55,True,Active,shazia,None,Normal,5: Lying down (controlled)
1789154145.0692189,15846,Person C,1067.4,3196.2,80.0,3376.37,18.55,True,Active,shazia,None,Normal,5: Lying down (controlled)
1789154145.162945,15847,Person C,1069.1,3197.3,80.0,3377.96,18.57,True,Active,shazia,None,Normal,5: Lying down (controlled)
1789154145.27231,15848,Person C,1070.2,3198.3,160.0,3377.0,18.53,True,Active,shazia,None,Normal,5: Lying down (controlled)
1789154145.3660524,15849,Person C,1070.8,3199.0,80.0,3377.0,18.53,True,Active,shazia,None,Normal,5: Lying down (controlled)
1789154145.4441757,15850,Person C,1071.1,3199.3,160.0,3374.79,18.52,True,Active,shazia,None,Normal,5: Lying down (controlled)
1789154145.5280955,15851,Person C,1071.8,3199.5,80.0,3375.42,18.55,True,Active,shazia,None,Normal,5: Lying down (controlled)
1789154145.6218445,15852,Person C,1072.9,3200.1,80.0,3378.27,18.59,True,Active,shazia,None,Normal,5: Lying down (controlled)
1789154145.7156022,15853,Person C,1074.1,3200.8,160.0,3379.54,18.6,True,Active,shazia,None,Normal,5: Lying down (controlled)
1789154145.8176053,15854,Person C,1075.4,3201.3,80.0,3381.46,18.7,True,Active,shazia,None,Normal,5: Lying down (controlled)
1789154145.8801014,15855,Person C,1076.8,3201.6,160.0,3380.53,18.76,True,Active,shazia,None,Normal,5: Lying down (controlled)
1789154145.9582193,15856,Person C,1078.6,3201.5,80.0,3381.19,18.84,True,Active,shazia,None,Normal,5: Lying down (controlled)
1789154146.1006737,15857,Person C,1080.3,3201.1,-80.0,3379.62,18.87,True,Active,shazia,None,Normal,5: Lying down (controlled)
1789154146.1944137,15858,Person C,1082.1,3200.5,160.0,3377.08,18.85,True,Active,shazia,None,Normal,5: Lying down (controlled)
1789154146.2881582,15859,Person C,1083.1,3199.6,-80.0,3371.67,18.74,True,Active,shazia,None,Normal,5: Lying down (controlled)
1789154146.3506546,15860,Person C,1083.6,3198.7,80.0,3367.85,18.65,True,Active,shazia,None,Normal,5: Lying down (controlled)
1789154146.4287722,15861,Person C,1083.3,3197.8,160.0,3365.94,18.55,True,Active,shazia,None,Normal,5: Lying down (controlled)
1789154146.5069103,15862,Person C,1082.5,3196.9,480.0,3367.2,18.51,True,Active,shazia,None,Normal,5: Lying down (controlled)
1789154146.5977502,15863,Person C,1081.4,3195.8,160.0,3365.61,18.48,True,Active,shazia,None,Normal,5: Lying down (controlled)
1789154146.6914911,15864,Person C,1079.9,3194.8,80.0,3367.2,18.51,True,Active,shazia,None,Normal,5: Lying down (controlled)
1789154146.7696302,15865,Person C,1078.4,3194.4,80.0,3371.94,18.54,True,Active,shazia,None,Normal,5: Lying down (controlled)
1789154146.8633635,15866,Person C,1076.4,3194.2,-160.0,3372.89,18.53,True,Active,shazia,None,Normal,5: Lying down (controlled)
1789154146.9883454,15867,Person C,1074.1,3194.8,80.0,3377.95,18.47,True,Active,shazia,None,Normal,5: Lying down (controlled)
1789154147.0478945,15868,Person C,1071.9,3195.8,160.0,3379.53,18.44,True,Active,shazia,None,Normal,5: Lying down (controlled)
1789154147.141638,15869,Person C,1070.2,3197.3,80.0,3380.48,18.38,True,Active,shazia,None,Normal,5: Lying down (controlled)
1789154147.2197776,15870,Person C,1068.9,3199.2,560.0,3381.74,18.34,True,Active,shazia,None,Normal,5: Lying down (controlled)
1789154147.2978976,15871,Person C,1068.0,3201.2,160.0,3382.07,18.3,True,Active,shazia,None,Normal,5: Lying down (controlled)
1789154147.4228942,15872,Person C,1067.1,3203.1,80.0,3382.39,18.26,True,Active,shazia,None,Normal,5: Lying down (controlled)
1789154147.547608,15873,Person C,1066.2,3205.1,80.0,3381.76,18.23,True,Active,shazia,None,Normal,5: Lying down (controlled)
1789154147.6257334,15874,Person C,1064.8,3207.0,160.0,3380.82,18.18,True,Active,shazia,None,Normal,5: Lying down (controlled)
1789154147.7038517,15875,Person C,1063.1,3208.6,80.0,3381.77,18.18,True,Active,shazia,None,Normal,5: Lying down (controlled)
1789154147.7819753,15876,Person C,1061.4,3209.9,160.0,3379.87,18.19,True,Active,shazia,None,Normal,5: Lying down (controlled)
1789154147.8600917,15877,Person C,1060.2,3210.8,80.0,3382.71,18.23,True,Active,shazia,None,Normal,5: Lying down (controlled)
1789154147.9672792,15878,Person C,1059.2,3212.0,80.0,3387.77,18.22,True,Active,shazia,None,Normal,5: Lying down (controlled)
1789154148.0394478,15879,Person C,1058.3,3213.3,-160.0,3390.0,18.17,True,Active,shazia,None,Normal,5: Lying down (controlled)
1789154148.1175747,15880,Person C,1057.8,3214.6,80.0,3392.52,18.19,True,Active,shazia,None,Normal,5: Lying down (controlled)
1789154148.1956916,15881,Person C,1057.7,3215.6,160.0,3391.25,18.23,True,Active,shazia,None,Normal,5: Lying down (controlled)
1789154148.2738295,15882,Person C,1058.3,3216.4,80.0,3391.87,18.32,True,Active,shazia,None,Normal,5: Lying down (controlled)
1789154148.3988042,15883,Person C,1059.3,3217.3,560.0,3393.44,18.34,True,Active,shazia,None,Normal,5: Lying down (controlled)
1789154148.4925644,15884,Person C,1060.6,3218.1,160.0,3392.5,18.35,True,Active,shazia,None,Normal,5: Lying down (controlled)
1789154148.570665,15885,Person C,1061.7,3218.8,160.0,3391.87,18.32,True,Active,shazia,None,Normal,5: Lying down (controlled)
1789154148.648805,15886,Person C,1062.7,3219.6,80.0,3390.6,18.31,True,Active,shazia,None,Normal,5: Lying down (controlled)
1789154148.7269065,15887,Person C,1063.1,3220.1,160.0,3388.71,18.26,True,Active,shazia,None,Normal,5: Lying down (controlled)
1789154148.836271,15888,Person C,1063.4,3220.1,80.0,3388.71,18.26,True,Active,shazia,None,Normal,5: Lying down (controlled)
1789154148.9300349,15889,Person C,1063.9,3219.6,160.0,3386.81,18.27,True,Active,shazia,None,Normal,5: Lying down (controlled)
1789154149.0081544,15890,Person C,1064.2,3219.0,80.0,3387.76,18.27,True,Active,shazia,None,Normal,5: Lying down (controlled)
1789154149.0959606,15891,Person C,1064.4,3218.7,80.0,3389.03,18.28,True,Active,shazia,None,Normal,5: Lying down (controlled)
1789154149.1740777,15892,Person C,1064.2,3218.6,80.0,3390.29,18.29,True,Active,shazia,None,Normal,5: Lying down (controlled)
1789154149.283444,15893,Person C,1064.2,3218.3,80.0,3390.6,18.36,True,Active,shazia,None,Normal,5: Lying down (controlled)
1789154149.3771865,15894,Person C,1064.5,3217.8,160.0,3388.7,18.42,True,Active,shazia,None,Normal,5: Lying down (controlled)
1789154149.4553251,15895,Person C,1065.3,3217.0,80.0,3386.8,18.49,True,Active,shazia,None,Normal,5: Lying down (controlled)
1789154149.5334258,15896,Person C,1066.2,3215.9,-80.0,3383.01,18.51,True,Active,shazia,None,Normal,5: Lying down (controlled)
1789154149.6152158,15897,Person C,1067.1,3214.6,160.0,3379.21,18.48,True,Active,shazia,None,Normal,5: Lying down (controlled)
1789154149.7089598,15898,Person C,1068.0,3213.3,80.0,3379.21,18.48,True,Active,shazia,None,Normal,5: Lying down (controlled)
1789154149.8027003,15899,Person C,1068.9,3212.2,160.0,3379.21,18.48,True,Active,shazia,None,Normal,5: Lying down (controlled)
1789154149.8808396,15900,Person C,1069.3,3211.1,160.0,3378.58,18.39,True,Active,shazia,None,Normal,5: Lying down (controlled)
1789154149.9902105,15901,Person C,1069.3,3210.0,480.0,3378.58,18.34,True,Active,shazia,None,Normal,5: Lying down (controlled)
1789154150.0683126,15902,Person C,1068.8,3208.9,160.0,3378.28,18.27,True,Active,shazia,None,Normal,5: Lying down (controlled)
1789154150.1776862,15903,Person C,1068.0,3208.1,480.0,3380.49,18.27,True,Active,shazia,None,Normal,5: Lying down (controlled)
1789154150.2714314,15904,Person C,1067.1,3207.9,80.0,3383.96,18.29,True,Active,shazia,None,Normal,5: Lying down (controlled)
1789154150.3495696,15905,Person C,1066.2,3208.0,80.0,3384.91,18.34,True,Active,shazia,None,Normal,5: Lying down (controlled)
1789154150.4276712,15906,Person C,1066.1,3208.5,80.0,3387.43,18.47,True,Active,shazia,None,Normal,5: Lying down (controlled)
1789154150.5214312,15907,Person C,1066.9,3209.1,160.0,3387.44,18.57,True,Active,shazia,None,Normal,5: Lying down (controlled)
1789154150.6416814,15908,Person C,1067.9,3209.4,80.0,3385.24,18.62,True,Active,shazia,None,Normal,5: Lying down (controlled)
1789154150.735445,15909,Person C,1069.1,3209.5,80.0,3383.98,18.67,True,Active,shazia,None,Normal,5: Lying down (controlled)
1789154150.829168,15910,Person C,1070.7,3209.3,160.0,3381.77,18.66,True,Active,shazia,None,Normal,5: Lying down (controlled)
1789154150.8916636,15911,Person C,1072.8,3209.1,80.0,3383.35,18.69,True,Active,shazia,None,Normal,5: Lying down (controlled)
1789154150.9854069,15912,Person C,1075.4,3208.7,160.0,3382.73,18.71,True,Active,shazia,None,Normal,5: Lying down (controlled)
1789154151.085069,15913,Person C,1078.1,3208.1,80.0,3383.37,18.74,True,Active,shazia,None,Normal,5: Lying down (controlled)
1789154151.1788192,15914,Person C,1080.8,3207.1,80.0,3383.07,18.78,True,Active,shazia,None,Normal,5: Lying down (controlled)
1789154151.2569358,15915,Person C,1083.0,3206.0,160.0,3381.47,18.75,True,Active,shazia,None,Normal,5: Lying down (controlled)
1789154151.3350532,15916,Person C,1084.5,3204.9,480.0,3381.8,18.77,True,Active,shazia,None,Normal,5: Lying down (controlled)
1789154151.4131923,15917,Person C,1085.4,3203.9,160.0,3380.85,18.77,True,Active,shazia,None,Normal,5: Lying down (controlled)
1789154151.491292,15918,Person C,1086.0,3203.3,80.0,3381.47,18.75,True,Active,shazia,None,Normal,5: Lying down (controlled)
1789154151.600662,15919,Person C,1086.6,3203.2,80.0,3384.96,18.77,True,Active,shazia,None,Normal,5: Lying down (controlled)
1789154151.6631768,15920,Person C,1087.3,3203.4,160.0,3385.91,18.76,True,Active,shazia,None,Normal,5: Lying down (controlled)
1789154151.7412772,15921,Person C,1087.8,3203.8,80.0,3388.75,18.75,True,Active,shazia,None,Normal,5: Lying down (controlled)
1789154151.8350215,15922,Person C,1088.0,3204.3,160.0,3388.1,18.71,True,Active,shazia,None,Normal,5: Lying down (controlled)
1789154151.9287615,15923,Person C,1088.0,3204.9,80.0,3389.05,18.71,True,Active,shazia,None,Normal,5: Lying down (controlled)
1789154152.0225055,15924,Person C,1087.7,3205.5,80.0,3387.78,18.7,True,Active,shazia,None,Normal,5: Lying down (controlled)
1789154152.157776,15925,Person C,1087.4,3206.0,160.0,3385.25,18.68,True,Active,shazia,None,Normal,5: Lying down (controlled)
1789154152.2671268,15926,Person C,1086.8,3206.2,0.0,3381.77,18.66,True,Active,shazia,None,Normal,5: Lying down (controlled)
1789154152.3296394,15927,Person C,1086.0,3206.2,160.0,3378.28,18.64,True,Active,shazia,None,Normal,5: Lying down (controlled)
1789154152.4546113,15928,Person C,1084.9,3206.1,80.0,3377.01,18.58,True,Active,shazia,None,Normal,5: Lying down (controlled)
1789154152.5327315,15929,Person C,1083.4,3205.8,480.0,3377.32,18.54,True,Active,shazia,None,Normal,5: Lying down (controlled)
1789154152.6145523,15930,Person C,1081.7,3205.3,160.0,3375.73,18.52,True,Active,shazia,None,Normal,5: Lying down (controlled)
1789154152.7082794,15931,Person C,1080.2,3204.6,480.0,3377.32,18.54,True,Active,shazia,None,Normal,5: Lying down (controlled)
1789154152.7864149,15932,Person C,1078.8,3203.8,160.0,3376.05,18.53,True,Active,shazia,None,Normal,5: Lying down (controlled)
1789154152.8801594,15933,Person C,1077.0,3202.6,-160.0,3371.94,18.48,True,Active,shazia,None,Normal,5: Lying down (controlled)
1789154152.989507,15934,Person C,1075.1,3201.6,80.0,3372.25,18.45,True,Active,shazia,None,Normal,5: Lying down (controlled)
1789154153.0676293,15935,Person C,1073.3,3200.6,160.0,3370.04,18.44,True,Active,shazia,None,Normal,5: Lying down (controlled)
1789154153.1651003,15936,Person C,1072.1,3199.9,80.0,3371.31,18.5,True,Active,shazia,None,Normal,5: Lying down (controlled)
1789154153.2432158,15937,Person C,1071.5,3199.3,160.0,3370.68,18.58,True,Active,shazia,None,Normal,5: Lying down (controlled)
1789154153.321316,15938,Person C,1071.5,3198.5,80.0,3369.43,18.62,True,Active,shazia,None,Normal,5: Lying down (controlled)
1789154153.4150598,15939,Person C,1071.9,3197.6,80.0,3370.06,18.66,True,Active,shazia,None,Normal,5: Lying down (controlled)
1789154153.493199,15940,Person C,1072.4,3196.7,160.0,3368.8,18.64,True,Active,shazia,None,Normal,5: Lying down (controlled)
1789154153.5947802,15941,Person C,1072.6,3195.7,80.0,3368.48,18.63,True,Active,shazia,None,Normal,5: Lying down (controlled)
1789154153.6729238,15942,Person C,1072.6,3194.8,80.0,3367.52,18.58,True,Active,shazia,None,Normal,5: Lying down (controlled)
1789154153.7978983,15943,Person C,1072.5,3194.2,160.0,3365.93,18.5,True,Active,shazia,None,Normal,5: Lying down (controlled)
1789154153.8760154,15944,Person C,1072.5,3193.6,80.0,3366.56,18.48,True,Active,shazia,None,Normal,5: Lying down (controlled)
1789154153.9541397,15945,Person C,1072.5,3193.2,160.0,3366.24,18.46,True,Active,shazia,None,Normal,5: Lying down (controlled)
1789154154.0322545,15946,Person C,1072.2,3192.8,80.0,3366.56,18.48,True,Active,shazia,None,Normal,5: Lying down (controlled)
1789154154.1139278,15947,Person C,1071.8,3192.7,80.0,3368.46,18.52,True,Active,shazia,None,Normal,5: Lying down (controlled)
1789154154.1764212,15948,Person C,1071.4,3192.8,80.0,3369.1,18.55,True,Active,shazia,None,Normal,5: Lying down (controlled)
1789154154.3014312,15949,Person C,1071.1,3193.1,80.0,3371.95,18.59,True,Active,shazia,None,Normal,5: Lying down (controlled)
1789154154.3639274,15950,Person C,1071.1,3193.3,160.0,3370.69,18.63,True,Active,shazia,None,Normal,5: Lying down (controlled)
1789154154.4576535,15951,Person C,1071.3,3193.6,80.0,3371.96,18.64,True,Active,shazia,None,Normal,5: Lying down (controlled)
1789154154.520147,15952,Person C,1071.9,3193.6,160.0,3369.44,18.68,True,Active,shazia,None,Normal,5: Lying down (controlled)
1789154154.6350474,15953,Person C,1072.9,3193.5,160.0,3368.17,18.67,True,Active,shazia,None,Normal,5: Lying down (controlled)
1789154154.71315,15954,Person C,1073.6,3193.4,80.0,3367.84,18.6,True,Active,shazia,None,Normal,5: Lying down (controlled)
1789154154.7912662,15955,Person C,1074.0,3193.2,160.0,3365.62,18.54,True,Active,shazia,None,Normal,5: Lying down (controlled)
1789154154.8693862,15956,Person C,1073.8,3193.1,80.0,3364.98,18.45,True,Active,shazia,None,Normal,5: Lying down (controlled)
1789154154.9475057,15957,Person C,1072.7,3192.9,80.0,3363.09,18.35,True,Active,shazia,None,Normal,5: Lying down (controlled)
1789154155.0725162,15958,Person C,1071.0,3192.6,160.0,3360.88,18.29,True,Active,shazia,None,Normal,5: Lying down (controlled)
1789154155.1561866,15959,Person C,1069.0,3192.1,80.0,3360.88,18.29,True,Active,shazia,None,Normal,5: Lying down (controlled)
1789154155.2343059,15960,Person C,1066.7,3191.8,160.0,3360.56,18.28,True,Active,shazia,None,Normal,5: Lying down (controlled)
1789154155.374923,15961,Person C,1064.0,3191.1,-80.0,3356.78,18.25,True,Active,shazia,None,Normal,5: Lying down (controlled)
1789154155.4842901,15962,Person C,1061.1,3190.7,80.0,3356.46,18.23,True,Active,shazia,None,Normal,5: Lying down (controlled)
1789154155.5780342,15963,Person C,1058.4,3190.3,160.0,3355.83,18.25,True,Active,shazia,None,Normal,5: Lying down (controlled)
1789154155.6847718,15964,Person C,1056.2,3189.9,80.0,3357.09,18.26,True,Active,shazia,None,Normal,5: Lying down (controlled)
1789154155.7785141,15965,Person C,1054.5,3189.6,160.0,3357.4,18.28,True,Active,shazia,None,Normal,5: Lying down (controlled)
1789154155.84101,15966,Person C,1053.4,3189.3,80.0,3358.67,18.29,True,Active,shazia,None,Normal,5: Lying down (controlled)
1789154155.9347346,15967,Person C,1053.3,3188.9,480.0,3358.97,18.36,True,Active,shazia,None,Normal,5: Lying down (controlled)
1789154155.9972293,15968,Person C,1053.7,3188.4,160.0,3357.39,18.39,True,Active,shazia,None,Normal,5: Lying down (controlled)
1789154156.1131945,15969,Person C,1054.3,3187.8,80.0,3357.07,18.42,True,Active,shazia,None,Normal,5: Lying down (controlled)
1789154156.179362,15970,Person C,1055.1,3187.1,80.0,3356.44,18.45,True,Active,shazia,None,Normal,5: Lying down (controlled)
1789154156.257484,15971,Person C,1056.3,3186.7,80.0,3356.76,18.46,True,Active,shazia,None,Normal,5: Lying down (controlled)
1789154156.3356009,15972,Person C,1057.8,3186.4,80.0,3358.34,18.49,True,Active,shazia,None,Normal,5: Lying down (controlled)
1789154156.460592,15973,Person C,1059.2,3186.2,160.0,3358.34,18.49,True,Active,shazia,None,Normal,5: Lying down (controlled)
1789154156.5543554,15974,Person C,1060.3,3185.9,-80.0,3357.71,18.46,True,Active,shazia,None,Normal,5: Lying down (controlled)
1789154156.620546,15975,Person C,1061.2,3185.8,80.0,3359.29,18.43,True,Active,shazia,None,Normal,5: Lying down (controlled)
1789154156.6986692,15976,Person C,1061.6,3185.6,-160.0,3358.03,18.36,True,Active,shazia,None,Normal,5: Lying down (controlled)
1789154156.7767916,15977,Person C,1061.4,3185.8,80.0,3360.24,18.32,True,Active,shazia,None,Normal,5: Lying down (controlled)
1789154156.8705328,15978,Person C,1061.1,3186.1,160.0,3359.29,18.32,True,Active,shazia,None,Normal,5: Lying down (controlled)
1789154156.9486556,15979,Person C,1060.9,3186.7,80.0,3362.14,18.36,True,Active,shazia,None,Normal,5: Lying down (controlled)
1789154157.0267754,15980,Person C,1060.6,3187.5,-80.0,3363.09,18.35,True,Active,shazia,None,Normal,5: Lying down (controlled)
1789154157.1048946,15981,Person C,1060.1,3188.3,160.0,3362.77,18.34,True,Active,shazia,None,Normal,5: Lying down (controlled)
1789154157.187608,15982,Person C,1059.3,3189.1,80.0,3363.41,18.32,True,Active,shazia,None,Normal,5: Lying down (controlled)
1789154157.296956,15983,Person C,1058.3,3189.9,160.0,3362.78,18.28,True,Active,shazia,None,Normal,5: Lying down (controlled)
1789154157.3907003,15984,Person C,1057.7,3190.7,80.0,3363.41,18.32,True,Active,shazia,None,Normal,5: Lying down (controlled)
1789154157.4688218,15985,Person C,1057.3,3191.5,80.0,3365.62,18.32,True,Active,shazia,None,Normal,5: Lying down (controlled)
1789154157.546941,15986,Person C,1057.2,3192.3,160.0,3365.3,18.31,True,Active,shazia,None,Normal,5: Lying down (controlled)
1789154157.6309402,15987,Person C,1057.2,3192.9,80.0,3365.94,18.28,True,Active,shazia,None,Normal,5: Lying down (controlled)
1789154157.7269366,15988,Person C,1057.0,3193.9,80.0,3368.16,18.24,True,Active,shazia,None,Normal,5: Lying down (controlled)
1789154157.820677,15989,Person C,1056.5,3194.7,80.0,3368.16,18.24,True,Active,shazia,None,Normal,5: Lying down (controlled)
1789154157.8987968,15990,Person C,1056.4,3195.4,80.0,3369.42,18.3,True,Active,shazia,None,Normal,5: Lying down (controlled)
1789154157.9925396,15991,Person C,1056.7,3195.9,160.0,3368.46,18.36,True,Active,shazia,None,Normal,5: Lying down (controlled)
