timestamp,sequence_id,target_id,x_mm,y_mm,speed_mms,distance_mm,angle_deg,valid,status,volunteer_id,fall_subtype,pace_variant,action_label
1787670864.2170439,27927,Person 55,-325.2,1354.6,-240.0,1375.0,-20.61,True,Active,zain,Forward,Normal,1: Walking
1787670864.265094,27928,Person 55,-403.4,1324.2,-80.0,1387.17,-24.13,True,Active,zain,Forward,Normal,1: Walking
1787670864.354518,27929,Person 55,-486.0,1300.8,0.0,1429.88,-27.35,True,Active,zain,Forward,Normal,1: Walking
1787670864.4443479,27930,Person 55,-568.6,1281.8,-160.0,1458.06,-30.13,True,Active,zain,Forward,Normal,1: Walking
1787670864.5390797,27931,Person 55,-648.8,1265.6,-240.0,1481.2,-32.87,True,Active,zain,Forward,Normal,1: Walking
1787670864.6204684,27932,Person 55,-727.4,1252.6,-320.0,1504.13,-35.67,True,Active,zain,Forward,Normal,1: Walking
1787670864.7140343,27933,Person 55,-803.0,1238.8,-390.0,1525.07,-38.29,True,Active,zain,Forward,Normal,1: Walking
1787670864.801674,27934,Person 55,-874.8,1221.8,-480.0,1560.92,-40.61,True,Active,zain,Forward,Normal,1: Walking
1787670864.892063,27935,Person 55,-944.6,1203.8,-390.0,1593.68,-42.71,True,Active,zain,Forward,Normal,1: Walking
1787670864.9819822,27936,Person 55,-1012.8,1189.0,-390.0,1637.05,-44.38,True,Active,zain,Forward,Normal,1: Walking
1787670865.065445,27937,Person 55,-1076.0,1176.0,-320.0,1661.9,-45.88,True,Active,zain,Forward,Normal,1: Walking
1787670865.1544116,27938,Person 55,-1133.4,1164.0,-390.0,1676.48,-47.3,True,Active,zain,Forward,Normal,1: Walking
1787670865.244249,27939,Person 55,-1182.4,1150.4,-560.0,1684.58,-48.47,True,Active,zain,Forward,Normal,1: Walking
1787670865.333138,27940,Person 55,-1227.4,1136.4,-320.0,1708.17,-49.87,True,Active,zain,Forward,Normal,1: Walking
1787670865.430159,27941,Person 55,-1268.6,1123.0,-320.0,1744.08,-50.77,True,Active,zain,Forward,Normal,1: Walking
1787670865.510433,27942,Person 55,-1309.6,1111.4,-240.0,1778.26,-51.83,True,Active,zain,Forward,Normal,1: Walking
1787670865.5992255,27943,Person 55,-1353.6,1107.4,-240.0,1831.94,-52.43,True,Active,zain,Forward,Normal,1: Walking
1787670865.688947,27944,Person 55,-1400.6,1110.2,-80.0,1875.41,-52.91,True,Active,zain,Forward,Normal,1: Walking
1787670865.7825687,27945,Person 55,-1446.8,1118.8,-80.0,1916.01,-53.34,True,Active,zain,Forward,Normal,1: Walking
1787670865.87432,27946,Person 55,-1487.4,1126.0,-80.0,1926.72,-53.76,True,Active,zain,Forward,Normal,1: Walking
1787670865.955141,27947,Person 55,-1520.6,1131.6,0.0,1927.75,-54.22,True,Active,zain,Forward,Normal,1: Walking
1787670866.0446064,27948,Person 55,-1542.4,1133.0,160.0,1923.56,-54.24,True,Active,zain,Forward,Normal,1: Walking
1787670866.1335802,27949,Person 55,-1554.8,1130.2,160.0,1917.04,-54.36,True,Active,zain,Forward,Normal,1: Walking
1787670866.2224736,27950,Person 55,-1556.6,1123.2,320.0,1902.63,-54.35,True,Active,zain,Forward,Normal,1: Walking
1787670866.3113563,27951,Person 55,-1554.2,1116.6,240.0,1897.63,-54.35,True,Active,zain,Forward,Normal,1: Walking
1787670866.4000947,27952,Person 55,-1549.4,1112.2,240.0,1895.42,-54.34,True,Active,zain,Forward,Normal,1: Walking
1787670866.4891806,27953,Person 55,-1545.2,1108.8,160.0,1896.59,-54.29,True,Active,zain,Forward,Normal,1: Walking
1787670866.5789754,27954,Person 55,-1541.2,1107.6,390.0,1897.3,-54.16,True,Active,zain,Forward,Normal,1: Walking
1787670866.6673162,27955,Person 55,-1539.0,1108.8,160.0,1897.22,-54.01,True,Active,zain,Forward,Normal,1: Walking
1787670866.7689614,27956,Person 55,-1537.2,1111.4,160.0,1897.96,-53.87,True,Active,zain,Forward,Normal,1: Walking
1787670866.8452065,27957,Person 55,-1535.4,1114.4,-160.0,1896.93,-53.81,True,Active,zain,Forward,Normal,1: Walking
1787670866.9346664,27958,Person 55,-1532.6,1117.2,480.0,1893.49,-53.7,True,Active,zain,Forward,Normal,1: Walking
1787670867.0241077,27959,Person 55,-1529.2,1119.6,560.0,1890.65,-53.56,True,Active,zain,Forward,Normal,1: Walking
1787670867.113722,27960,Person 55,-1524.8,1121.4,480.0,1884.82,-53.39,True,Active,zain,Forward,Normal,1: Walking
1787670867.2011232,27961,Person 55,-1518.4,1122.4,320.0,1875.2,-53.17,True,Active,zain,Forward,Normal,1: Walking
1787670867.2893727,27962,Person 55,-1509.6,1123.0,640.0,1863.41,-52.94,True,Active,zain,Forward,Normal,1: Walking
1787670867.3789153,27963,Person 55,-1498.8,1122.8,480.0,1849.64,-52.73,True,Active,zain,Forward,Normal,1: Walking
1787670867.4684935,27964,Person 55,-1486.2,1121.6,240.0,1836.7,-52.54,True,Active,zain,Forward,Normal,1: Walking
1787670867.5575023,27965,Person 55,-1467.6,1118.0,160.0,1799.9,-52.09,True,Active,zain,Forward,Normal,1: Walking
1787670867.6460364,27966,Person 55,-1443.4,1112.8,640.0,1763.52,-51.49,True,Active,zain,Forward,Normal,1: Walking
1787670867.735503,27967,Person 55,-1412.6,1106.0,790.0,1721.28,-50.75,True,Active,zain,Forward,Normal,1: Walking
1787670867.8249068,27968,Person 55,-1376.0,1097.4,720.0,1679.72,-50.12,True,Active,zain,Forward,Normal,1: Walking
1787670867.9140618,27969,Person 55,-1332.4,1087.0,560.0,1634.57,-49.34,True,Active,zain,Forward,Normal,1: Walking
1787670868.0020251,27970,Person 55,-1276.6,1071.8,640.0,1537.13,-47.93,True,Active,zain,Forward,Normal,1: Walking
1787670868.0932531,27971,Person 55,-1210.8,1052.4,720.0,1451.41,-46.4,True,Active,zain,Forward,Normal,1: Walking
1787670868.1794374,27972,Person 55,-1137.6,1027.0,790.0,1364.01,-45.15,True,Active,zain,Forward,Normal,1: Walking
1787670868.2701242,27973,Person 55,-1056.6,996.8,720.0,1280.21,-43.67,True,Active,zain,Forward,Normal,1: Walking
1787670868.3584855,27974,Person 55,-969.8,963.0,480.0,1205.18,-41.97,True,Active,zain,Forward,Normal,1: Walking
1787670868.4471967,27975,Person 55,-888.2,930.2,480.0,1134.57,-40.25,True,Active,zain,Forward,Normal,1: Walking
1787670868.5362926,27976,Person 55,-811.6,896.8,480.0,1068.54,-38.69,True,Active,zain,Forward,Normal,1: Walking
1787670868.6244226,27977,Person 55,-738.6,866.4,480.0,1009.21,-36.62,True,Active,zain,Forward,Normal,1: Walking
1787670868.713747,27978,Person 55,-669.4,837.6,390.0,949.19,-34.53,True,Active,zain,Forward,Normal,1: Walking
1787670868.804387,27979,Person 55,-602.8,811.0,390.0,897.72,-31.8,True,Active,zain,Forward,Normal,1: Walking
1787670868.8931,27980,Person 55,-537.8,787.8,320.0,853.79,-28.55,True,Active,zain,Forward,Normal,1: Walking
1787670868.9814677,27981,Person 55,-472.6,769.0,320.0,815.21,-24.8,True,Active,zain,Forward,Normal,1: Walking
1787670869.0700016,27982,Person 55,-408.0,751.8,320.0,775.9,-21.07,True,Active,zain,Forward,Normal,1: Walking
1787670869.1581802,27983,Person 55,-344.0,736.2,320.0,736.98,-17.21,True,Active,zain,Forward,Normal,1: Walking
1787670869.2482305,27984,Person 55,-280.8,720.2,240.0,700.81,-12.95,True,Active,zain,Forward,Normal,1: Walking
1787670869.3367937,27985,Person 55,-218.2,702.4,80.0,667.79,-8.18,True,Active,zain,Forward,Normal,1: Walking
1787670869.4326663,27986,Person 55,-155.4,682.2,-240.0,639.61,-2.51,True,Active,zain,Forward,Normal,1: Walking
1787670869.514224,27987,Person 55,-92.0,661.4,-480.0,621.16,3.51,True,Active,zain,Forward,Normal,1: Walking
1787670869.6040242,27988,Person 55,-29.0,642.4,-390.0,616.68,9.05,True,Active,zain,Forward,Normal,1: Walking
1787670869.6930194,27989,Person 55,32.2,627.0,-480.0,624.05,13.81,True,Active,zain,Forward,Normal,1: Walking
1787670869.7822099,27990,Person 55,88.4,618.2,-390.0,644.43,16.78,True,Active,zain,Forward,Normal,1: Walking
1787670869.8709724,27991,Person 55,138.6,617.4,-560.0,673.02,19.35,True,Active,zain,Forward,Normal,1: Walking
1787670869.9599347,27992,Person 55,180.8,627.2,-560.0,713.84,20.42,True,Active,zain,Forward,Normal,1: Walking
1787670870.0488834,27993,Person 55,215.8,648.0,-560.0,763.12,20.88,True,Active,zain,Forward,Normal,1: Walking
1787670870.1408658,27994,Person 55,248.2,676.0,-560.0,808.23,22.63,True,Active,zain,Forward,Normal,1: Walking
1787670870.2270024,27995,Person 55,280.4,708.6,-560.0,853.7,23.98,True,Active,zain,Forward,Normal,1: Walking
1787670870.3156376,27996,Person 55,307.6,746.2,-480.0,897.89,23.57,True,Active,zain,Forward,Normal,1: Walking
1787670870.404143,27997,Person 55,327.8,787.0,-640.0,940.55,21.85,True,Active,zain,Forward,Normal,1: Walking
1787670870.4941103,27998,Person 55,343.2,828.8,-790.0,985.84,20.73,True,Active,zain,Forward,Normal,1: Walking
1787670870.5846484,27999,Person 55,350.4,875.0,-720.0,1036.79,19.55,True,Active,zain,Forward,Normal,1: Walking
1787670870.6719172,28000,Person 55,352.2,927.0,-960.0,1099.24,18.9,True,Active,zain,Forward,Normal,1: Walking
1787670870.761527,28001,Person 55,352.4,983.4,-790.0,1162.16,18.05,True,Active,zain,Forward,Normal,1: Walking
1787670870.8502398,28002,Person 55,353.0,1042.2,-720.0,1219.22,16.83,True,Active,zain,Forward,Normal,1: Walking
1787670870.9392624,28003,Person 55,351.0,1102.4,-560.0,1269.11,15.49,True,Active,zain,Forward,Normal,1: Walking
1787670871.0282135,28004,Person 55,344.6,1166.4,-1120.0,1334.7,13.65,True,Active,zain,Forward,Normal,1: Walking
1787670871.1211867,28005,Person 55,334.2,1231.8,-790.0,1400.39,12.54,True,Active,zain,Forward,Normal,1: Walking
1787670871.2053425,28006,Person 55,322.8,1298.4,-1280.0,1469.58,11.9,True,Active,zain,Forward,Normal,1: Walking
1787670871.295451,28007,Person 55,312.4,1368.4,-1440.0,1546.57,11.22,True,Active,zain,Forward,Normal,1: Walking
1787670871.3833642,28008,Person 55,300.4,1445.8,-1680.0,1634.0,9.83,True,Active,zain,Forward,Normal,6: Fall onset
1787670871.4727976,28009,Person 55,284.8,1530.6,-2150.0,1737.24,7.84,True,Active,zain,Forward,Normal,6: Fall onset
1787670871.561683,28010,Person 55,257.0,1626.6,-720.0,1854.36,5.1,True,Active,zain,Forward,Normal,6: Fall onset
1787670871.6507447,28011,Person 55,216.8,1731.0,-960.0,1962.65,2.98,True,Active,zain,Forward,Normal,6: Fall onset
1787670871.7390673,28012,Person 55,171.8,1839.2,-480.0,2059.4,2.11,True,Active,zain,Forward,Normal,6: Fall onset
1787670871.8288379,28013,Person 55,129.8,1944.8,-720.0,2139.11,1.85,True,Active,zain,Forward,Normal,6: Fall onset
1787670871.9182727,28014,Person 55,96.0,2043.0,-720.0,2213.04,1.76,True,Active,zain,Forward,Normal,6: Fall onset
1787670872.0139487,28015,Person 55,78.0,2126.2,80.0,2264.24,1.9,True,Active,zain,Forward,Normal,6: Fall onset
1787670872.0955293,28016,Person 55,72.6,2197.4,-160.0,2317.21,1.85,True,Active,zain,Forward,Normal,6: Fall onset
1787670872.187978,28017,Person 55,70.8,2253.8,-80.0,2340.96,1.64,True,Active,zain,Forward,Normal,6: Fall onset
1787670872.2735622,28018,Person 55,68.6,2297.2,-80.0,2355.71,1.41,True,Active,zain,Forward,Normal,6: Fall onset
1787670872.3629742,28019,Person 55,64.6,2327.6,-80.0,2364.49,1.16,True,Active,zain,Forward,Normal,6: Fall onset
1787670872.457415,28020,Person 55,56.4,2355.8,80.0,2404.24,0.81,True,Active,zain,Forward,Normal,6: Fall onset
1787670872.542441,28021,Person 55,47.6,2375.2,-80.0,2413.2,0.74,True,Active,zain,Forward,Normal,6: Fall onset
1787670872.6286402,28022,Person 55,38.2,2387.2,-80.0,2400.08,0.48,True,Active,zain,Forward,Normal,6: Fall onset
1787670872.7177124,28023,Person 55,31.0,2392.6,-80.0,2382.1,0.53,True,Active,zain,Forward,Normal,6: Fall onset
1787670872.8080442,28024,Person 55,25.4,2395.6,-80.0,2379.08,0.48,True,Active,zain,Forward,Normal,7: Post-fall stillness
1787670872.8979557,28025,Person 55,20.8,2389.6,0.0,2374.03,0.27,True,Active,zain,Forward,Normal,7: Post-fall stillness
1787670872.9913013,28026,Person 55,4.8,2374.4,0.0,2337.51,-1.2,True,Active,zain,Forward,Normal,7: Post-fall stillness
1787670873.0739205,28027,Person 55,-20.8,2353.8,80.0,2299.54,-2.69,True,Active,zain,Forward,Normal,7: Post-fall stillness
1787670873.162847,28028,Person 55,-43.8,2331.0,80.0,2269.91,-2.35,True,Active,zain,Forward,Normal,7: Post-fall stillness
1787670873.2536576,28029,Person 55,-63.0,2306.4,80.0,2257.28,-1.93,True,Active,zain,Forward,Normal,7: Post-fall stillness
1787670873.3485987,28030,Person 55,-77.4,2280.6,80.0,2245.83,-1.56,True,Active,zain,Forward,Normal,7: Post-fall stillness
1787670873.4316473,28031,Person 55,-78.8,2261.4,80.0,2241.7,-1.43,True,Active,zain,Forward,Normal,7: Post-fall stillness
1787670873.5197647,28032,Person 55,-68.4,2249.2,0.0,2236.7,-1.43,True,Active,zain,Forward,Normal,7: Post-fall stillness
1787670873.6075356,28033,Person 55,-61.0,2241.6,0.0,2230.7,-1.44,True,Active,zain,Forward,Normal,7: Post-fall stillness
1787670873.6973145,28034,Person 55,-57.2,2235.2,0.0,2224.73,-1.47,True,Active,zain,Forward,Normal,7: Post-fall stillness
1787670873.7879462,28035,Person 55,-56.4,2230.0,0.0,2219.73,-1.47,True,Active,zain,Forward,Normal,7: Post-fall stillness
1787670873.8751786,28036,Person 55,-56.8,2224.6,0.0,2214.76,-1.5,True,Active,zain,Forward,Normal,7: Post-fall stillness
1787670873.9647675,28037,Person 55,-57.4,2219.2,0.0,2209.79,-1.53,True,Active,zain,Forward,Normal,7: Post-fall stillness
1787670874.0526278,28038,Person 55,-58.0,2214.0,0.0,2204.79,-1.53,True,Active,zain,Forward,Normal,7: Post-fall stillness
1787670874.1423373,28039,Person 55,-58.6,2209.2,0.0,2200.82,-1.56,True,Active,zain,Forward,Normal,7: Post-fall stillness
1787670874.2390196,28040,Person 55,-59.6,2205.0,0.0,2198.87,-1.62,True,Active,zain,Forward,Normal,7: Post-fall stillness
1787670874.3201804,28041,Person 55,-65.0,2204.2,0.0,2211.63,-2.2,True,Active,zain,Forward,Normal,7: Post-fall stillness
1787670874.4095333,28042,Person 55,-95.2,2215.2,0.0,2273.72,-5.3,True,Active,zain,Forward,Normal,7: Post-fall stillness
1787670874.4975436,28043,Person 55,-173.6,2251.2,0.0,2426.28,-10.71,True,Active,zain,Forward,Normal,7: Post-fall stillness
1787670874.5872564,28044,Person 55,-295.0,2311.8,0.0,2590.35,-14.92,True,Active,zain,Forward,Normal,7: Post-fall stillness
1787670874.6807928,28045,Person 55,-454.0,2394.8,0.0,2749.95,-18.16,True,Active,zain,Forward,Normal,7: Post-fall stillness
1787670874.7648742,28046,Person 55,-639.2,2492.6,0.0,2882.14,-20.54,True,Active,zain,Forward,Normal,7: Post-fall stillness
1787670874.853707,28047,Person 55,-825.8,2594.8,0.0,3001.18,-22.39,True,Active,zain,Forward,Normal,7: Post-fall stillness
1787670874.9428213,28048,Person 55,-986.4,2686.0,0.0,3104.53,-23.82,True,Active,zain,Forward,Normal,7: Post-fall stillness
1787670875.0323715,28049,Person 55,-1118.6,2765.0,0.0,3187.79,-24.62,True,Active,zain,Forward,Normal,7: Post-fall stillness
1787670875.1239593,28050,Person 55,-1186.0,2835.8,0.0,3198.24,-21.92,True,Active,zain,Forward,Normal,7: Post-fall stillness
1787670875.210243,28051,Person 55,-1195.4,2902.2,0.0,3210.35,-19.24,True,Active,zain,Forward,Normal,7: Post-fall stillness
1787670875.299616,28052,Person 55,-1154.6,2960.4,0.0,3206.57,-17.03,True,Active,zain,Forward,Normal,7: Post-fall stillness
1787670875.3875313,28053,Person 55,-1069.6,3010.6,0.0,3200.24,-15.01,True,Active,zain,Forward,Normal,7: Post-fall stillness
1787670875.4780486,28054,Person 55,-949.6,3053.0,0.0,3194.07,-13.17,True,Active,zain,Forward,Normal,7: Post-fall stillness
1787670875.572913,28055,Person 55,-838.6,3084.2,0.0,3187.7,-11.56,True,Active,zain,Forward,Normal,7: Post-fall stillness
1787670875.655445,28056,Person 55,-739.4,3104.6,0.0,3183.01,-10.17,True,Active,zain,Forward,Normal,7: Post-fall stillness
1787670875.743523,28057,Person 55,-650.6,3119.6,0.0,3179.77,-8.96,True,Active,zain,Forward,Normal,7: Post-fall stillness
1787670875.8336203,28058,Person 55,-572.4,3130.6,0.0,3176.34,-7.93,True,Active,zain,Forward,Normal,7: Post-fall stillness
1787670875.9332595,28059,Person 55,-499.8,3141.6,0.0,3185.98,-6.58,True,Active,zain,Forward,Normal,7: Post-fall stillness
1787670876.018437,28060,Person 55,-419.8,3152.8,0.0,3187.97,-4.3,True,Active,zain,Forward,Normal,7: Post-fall stillness
1787670876.1016088,28061,Person 55,-318.2,3158.8,0.0,3163.46,-0.98,True,Active,zain,Forward,Normal,7: Post-fall stillness
1787670876.1886084,28062,Person 55,-194.2,3159.2,0.0,3145.48,2.28,True,Active,zain,Forward,Normal,7: Post-fall stillness
1787670876.2777956,28063,Person 55,-48.6,3154.6,0.0,3136.44,5.31,True,Active,zain,Forward,Normal,7: Post-fall stillness
1787670876.3673155,28064,Person 55,112.2,3142.2,0.0,3133.9,8.05,True,Active,zain,Forward,Normal,7: Post-fall stillness
1787670876.4558702,28065,Person 55,274.8,3120.8,0.0,3125.17,10.58,True,Active,zain,Forward,Normal,7: Post-fall stillness
1787670876.5504026,28066,Person 55,424.6,3096.4,0.0,3119.41,12.87,True,Active,zain,Forward,Normal,7: Post-fall stillness
1787670876.633185,28067,Person 55,559.8,3070.0,0.0,3115.72,14.9,True,Active,zain,Forward,Normal,7: Post-fall stillness
1787670876.7225792,28068,Person 55,680.4,3042.0,0.0,3113.8,16.67,True,Active,zain,Forward,Normal,7: Post-fall stillness
1787670876.8134744,28069,Person 55,787.0,3013.0,0.0,3113.61,18.19,True,Active,zain,Forward,Normal,7: Post-fall stillness
1787670876.901556,28070,Person 55,880.0,2985.8,0.0,3114.42,19.49,True,Active,zain,Forward,Normal,7: Post-fall stillness
1787670876.9933493,28071,Person 55,956.4,2961.4,0.0,3111.35,20.25,True,Active,zain,Forward,Normal,7: Post-fall stillness
1787670877.078292,28072,Person 55,1017.0,2940.2,0.0,3107.71,20.81,True,Active,zain,Forward,Normal,7: Post-fall stillness
1787670877.1670547,28073,Person 55,1061.0,2923.4,0.0,3105.31,21.0,True,Active,zain,Forward,Normal,7: Post-fall stillness
1787670877.2566633,28074,Person 55,1091.0,2910.4,0.0,3102.96,21.2,True,Active,zain,Forward,Normal,7: Post-fall stillness
1787670877.3452754,28075,Person 55,1109.2,2900.8,0.0,3101.2,21.37,True,Active,zain,Forward,Normal,7: Post-fall stillness
1787670877.4346912,28076,Person 55,1121.2,2893.8,0.0,3100.04,21.52,True,Active,zain,Forward,Normal,7: Post-fall stillness
1787670877.5240307,28077,Person 55,1129.2,2888.8,0.0,3098.89,21.66,True,Active,zain,Forward,Normal,7: Post-fall stillness
1787670877.6151145,28078,Person 55,1136.6,2884.2,0.0,3097.4,21.79,True,Active,zain,Forward,Normal,7: Post-fall stillness
1787670877.7017236,28079,Person 55,1124.2,2882.2,0.0,3071.69,20.19,True,Active,zain,Forward,Normal,7: Post-fall stillness
1787670877.7906165,28080,Person 55,1091.2,2883.2,0.0,3049.7,18.45,True,Active,zain,Forward,Normal,7: Post-fall stillness
1787670877.8853993,28081,Person 55,1039.6,2886.8,0.0,3032.2,16.85,True,Active,zain,Forward,Normal,7: Post-fall stillness
1787670877.9684923,28082,Person 55,971.0,2892.8,0.0,3018.23,15.39,True,Active,zain,Forward,Normal,7: Post-fall stillness
1787670878.0574276,28083,Person 55,887.2,2901.2,0.0,3008.17,14.06,True,Active,zain,Forward,Normal,7: Post-fall stillness
1787670878.1475406,28084,Person 55,808.6,2909.4,0.0,2999.11,12.85,True,Active,zain,Forward,Normal,7: Post-fall stillness
1787670878.2348828,28085,Person 55,737.6,2916.8,0.0,2992.82,11.76,True,Active,zain,Forward,Normal,7: Post-fall stillness
1787670878.329875,28086,Person 55,673.6,2923.6,0.0,2988.74,10.78,True,Active,zain,Forward,Normal,7: Post-fall stillness
1787670878.4124053,28087,Person 55,615.8,2929.8,0.0,2985.23,9.88,True,Active,zain,Forward,Normal,7: Post-fall stillness
1787670878.501569,28088,Person 55,569.0,2934.6,0.0,2983.68,9.59,True,Active,zain,Forward,Normal,7: Post-fall stillness
1787670878.5918465,28089,Person 55,532.0,2938.6,0.0,2983.2,9.3,True,Active,zain,Forward,Normal,7: Post-fall stillness
1787670878.6803033,28090,Person 55,503.6,2941.6,0.0,2981.95,9.03,True,Active,zain,Forward,Normal,7: Post-fall stillness
1787670878.776166,28091,Person 55,482.8,2943.8,0.0,2981.92,8.78,True,Active,zain,Forward,Normal,7: Post-fall stillness
1787670878.8578732,28092,Person 55,468.8,2945.2,0.0,2980.95,8.53,True,Active,zain,Forward,Normal,7: Post-fall stillness
1787670878.9474256,28093,Person 55,455.2,2946.6,0.0,2980.04,8.28,True,Active,zain,Forward,Normal,7: Post-fall stillness
1787670879.037017,28094,Person 55,442.2,2948.0,0.0,2980.32,8.04,True,Active,zain,Forward,Normal,7: Post-fall stillness
1787670879.13219,28095,Person 55,432.0,2949.2,0.0,2980.32,8.04,True,Active,zain,Forward,Normal,7: Post-fall stillness
1787670879.2184293,28096,Person 55,424.4,2950.0,0.0,2980.32,8.04,True,Active,zain,Forward,Normal,7: Post-fall stillness
1787670879.3021984,28097,Person 55,419.4,2950.6,0.0,2980.32,8.04,True,Active,zain,Forward,Normal,7: Post-fall stillness
1787670879.3911238,28098,Person 55,417.0,2951.0,0.0,2980.32,8.04,True,Active,zain,Forward,Normal,7: Post-fall stillness
1787670879.4812965,28099,Person 55,417.0,2951.0,0.0,2980.32,8.04,True,Active,zain,Forward,Normal,7: Post-fall stillness
1787670879.5705967,28100,Person 55,414.8,2947.2,-160.0,2959.98,7.88,True,Active,zain,Forward,Normal,7: Post-fall stillness
1787670879.6639748,28101,Person 55,410.0,2938.4,-80.0,2933.44,7.7,True,Active,zain,Forward,Normal,7: Post-fall stillness
1787670879.7479844,28102,Person 55,402.6,2924.6,560.0,2906.94,7.51,True,Active,zain,Forward,Normal,7: Post-fall stillness
1787670879.8377218,28103,Person 55,388.8,2896.8,-80.0,2833.45,7.05,True,Active,zain,Forward,Normal,7: Post-fall stillness
1787670879.9270704,28104,Person 55,369.2,2858.4,720.0,2777.38,6.6,True,Active,zain,Forward,Normal,7: Post-fall stillness
1787670880.0157924,28105,Person 55,344.4,2816.8,560.0,2738.56,5.91,True,Active,zain,Forward,Normal,8: Recovery / standing back up
1787670880.1045866,28106,Person 55,320.2,2778.2,880.0,2727.6,5.72,True,Active,zain,Forward,Normal,8: Recovery / standing back up
1787670880.193554,28107,Person 55,296.6,2742.2,790.0,2714.67,5.54,True,Active,zain,Forward,Normal,8: Recovery / standing back up
1787670880.281956,28108,Person 55,278.4,2717.6,720.0,2701.25,5.46,True,Active,zain,Forward,Normal,8: Recovery / standing back up
1787670880.3722713,28109,Person 55,264.6,2701.4,390.0,2689.64,5.33,True,Active,zain,Forward,Normal,8: Recovery / standing back up
1787670880.4673336,28110,Person 55,256.8,2689.0,560.0,2673.07,5.22,True,Active,zain,Forward,Normal,8: Recovery / standing back up
1787670880.5493162,28111,Person 55,249.6,2675.0,390.0,2654.51,5.1,True,Active,zain,Forward,Normal,8: Recovery / standing back up
1787670880.6381562,28112,Person 55,243.0,2659.4,320.0,2633.97,4.99,True,Active,zain,Forward,Normal,8: Recovery / standing back up
1787670880.7273264,28113,Person 55,236.2,2642.6,240.0,2614.53,4.89,True,Active,zain,Forward,Normal,8: Recovery / standing back up
1787670880.816553,28114,Person 55,229.6,2624.0,160.0,2594.09,4.8,True,Active,zain,Forward,Normal,8: Recovery / standing back up
1787670880.9057117,28115,Person 55,222.0,2597.4,80.0,2537.3,4.63,True,Active,zain,Forward,Normal,8: Recovery / standing back up
1787670881.0012224,28116,Person 55,212.8,2565.8,0.0,2493.25,4.37,True,Active,zain,Forward,Normal,8: Recovery / standing back up
1787670881.0826344,28117,Person 55,204.0,2534.4,80.0,2473.93,4.29,True,Active,zain,Forward,Normal,8: Recovery / standing back up
1787670881.1715374,28118,Person 55,195.2,2503.0,160.0,2454.54,4.18,True,Active,zain,Forward,Normal,8: Recovery / standing back up
1787670881.2621434,28119,Person 55,183.8,2467.6,240.0,2413.31,3.8,True,Active,zain,Forward,Normal,8: Recovery / standing back up
1787670881.3499637,28120,Person 55,173.6,2440.2,720.0,2396.95,3.68,True,Active,zain,Forward,Normal,8: Recovery / standing back up
1787670881.4393032,28121,Person 55,165.6,2417.8,1040.0,2378.73,3.62,True,Active,zain,Forward,Normal,8: Recovery / standing back up
1787670881.5277739,28122,Person 55,158.0,2394.8,1120.0,2356.59,3.58,True,Active,zain,Forward,Normal,8: Recovery / standing back up
1787670881.6167166,28123,Person 55,150.2,2361.8,1040.0,2287.29,3.51,True,Active,zain,Forward,Normal,8: Recovery / standing back up
1787670881.7073078,28124,Person 55,145.2,2325.0,480.0,2228.09,3.47,True,Active,zain,Forward,Normal,8: Recovery / standing back up
1787670881.7949436,28125,Person 55,140.6,2277.8,790.0,2159.98,3.48,True,Active,zain,Forward,Normal,8: Recovery / standing back up
1787670881.8937228,28126,Person 55,140.2,2207.4,640.0,2027.41,4.19,True,Active,zain,Forward,Normal,8: Recovery / standing back up
1787670881.9727304,28127,Person 55,143.0,2121.2,390.0,1927.73,4.79,True,Active,zain,Forward,Normal,8: Recovery / standing back up
1787670882.0618799,28128,Person 55,149.6,2030.2,240.0,1836.17,5.41,True,Active,zain,Forward,Normal,8: Recovery / standing back up
1787670882.1634974,28129,Person 55,159.2,1933.8,80.0,1751.59,6.0,True,Active,zain,Forward,Normal,8: Recovery / standing back up
1787670882.249236,28130,Person 55,171.0,1838.0,-80.0,1687.73,6.46,True,Active,zain,Forward,Normal,8: Recovery / standing back up
1787670882.3362865,28131,Person 55,181.2,1763.6,-160.0,1661.96,6.88,True,Active,zain,Forward,Normal,8: Recovery / standing back up
1787670882.4178638,28132,Person 55,191.8,1707.0,240.0,1651.92,7.44,True,Active,zain,Forward,Normal,8: Recovery / standing back up
1787670882.5063214,28133,Person 55,201.8,1665.6,80.0,1636.27,7.83,True,Active,zain,Forward,Normal,8: Recovery / standing back up
1787670882.5960908,28134,Person 55,212.8,1638.8,-80.0,1625.52,8.42,True,Active,zain,Forward,Normal,8: Recovery / standing back up
1787670882.6896827,28135,Person 55,224.4,1621.6,80.0,1610.21,8.86,True,Active,zain,Forward,Normal,8: Recovery / standing back up
1787670882.7882264,28136,Person 55,233.6,1606.6,0.0,1593.94,8.84,True,Active,zain,Forward,Normal,8: Recovery / standing back up
1787670882.872579,28137,Person 55,240.0,1590.6,80.0,1577.3,8.97,True,Active,zain,Forward,Normal,8: Recovery / standing back up
1787670883.0026395,28138,Person 55,247.8,1575.2,390.0,1566.07,9.63,True,Active,zain,Forward,Normal,8: Recovery / standing back up
1787670883.0676448,28139,Person 55,254.0,1560.2,-160.0,1556.42,9.95,True,Active,zain,Forward,Normal,8: Recovery / standing back up
1787670883.1310725,28140,Person 55,256.2,1548.2,-80.0,1552.75,9.6,True,Active,zain,Forward,Normal,8: Recovery / standing back up
1787670883.2200258,28141,Person 55,258.8,1539.4,-320.0,1552.59,9.57,True,Active,zain,Forward,Normal,8: Recovery / standing back up
1787670883.3170588,28142,Person 55,261.4,1533.8,-880.0,1551.77,9.61,True,Active,zain,Forward,Normal,8: Recovery / standing back up
1787670883.436434,28143,Person 55,260.0,1530.8,-720.0,1550.12,9.47,True,Active,zain,Forward,Normal,8: Recovery / standing back up
1787670883.4859667,28144,Person 55,256.0,1529.6,-80.0,1547.17,9.26,True,Active,zain,Forward,Normal,8: Recovery / standing back up
1787670883.580316,28145,Person 55,252.8,1528.2,-80.0,1543.25,9.06,True,Active,zain,Forward,Normal,8: Recovery / standing back up
1787670883.673817,28146,Person 55,248.6,1526.8,-80.0,1542.32,8.84,True,Active,zain,Forward,Normal,2: Standing / idle
1787670883.759895,28147,Person 55,243.4,1525.6,-240.0,1541.71,8.69,True,Active,zain,Forward,Normal,2: Standing / idle
1787670883.846832,28148,Person 55,238.4,1524.8,-320.0,1542.25,8.58,True,Active,zain,Forward,Normal,2: Standing / idle
1787670883.9345648,28149,Person 55,234.6,1525.2,-160.0,1546.2,8.55,True,Active,zain,Forward,Normal,2: Standing / idle
1787670884.0273032,28150,Person 55,232.2,1527.6,-80.0,1553.27,8.55,True,Active,zain,Forward,Normal,2: Standing / idle
1787670884.10907,28151,Person 55,230.8,1531.8,-160.0,1562.03,8.47,True,Active,zain,Forward,Normal,2: Standing / idle
1787670884.1977482,28152,Person 55,229.8,1537.6,-80.0,1569.65,8.35,True,Active,zain,Forward,Normal,2: Standing / idle
1787670884.2864895,28153,Person 55,229.0,1544.0,480.0,1573.32,8.26,True,Active,zain,Forward,Normal,2: Standing / idle
1787670884.3769546,28154,Person 55,228.0,1549.2,160.0,1571.19,8.23,True,Active,zain,Forward,Normal,2: Standing / idle
1787670884.4654303,28155,Person 55,226.4,1552.0,-80.0,1565.96,8.19,True,Active,zain,Forward,Normal,2: Standing / idle
1787670884.5535674,28156,Person 55,224.6,1552.2,-160.0,1561.72,8.14,True,Active,zain,Forward,Normal,2: Standing / idle
1787670884.6422682,28157,Person 55,222.8,1549.8,-160.0,1556.48,8.09,True,Active,zain,Forward,Normal,2: Standing / idle
1787670884.7327962,28158,Person 55,221.0,1546.0,-80.0,1553.23,8.03,True,Active,zain,Forward,Normal,2: Standing / idle
1787670884.8210878,28159,Person 55,218.6,1542.2,80.0,1550.7,7.89,True,Active,zain,Forward,Normal,2: Standing / idle
1787670884.9101336,28160,Person 55,215.6,1539.2,80.0,1549.03,7.72,True,Active,zain,Forward,Normal,2: Standing / idle
1787670884.9991176,28161,Person 55,212.0,1537.4,80.0,1550.35,7.52,True,Active,zain,Forward,Normal,2: Standing / idle
1787670885.0902128,28162,Person 55,208.0,1536.4,160.0,1548.84,7.38,True,Active,zain,Forward,Normal,2: Standing / idle
1787670885.1769404,28163,Person 55,204.0,1535.6,80.0,1546.6,7.32,True,Active,zain,Forward,Normal,2: Standing / idle
1787670885.2660034,28164,Person 55,200.4,1534.4,80.0,1542.38,7.26,True,Active,zain,Forward,Normal,2: Standing / idle
1787670885.354029,28165,Person 55,197.6,1532.6,80.0,1538.28,7.25,True,Active,zain,Forward,Normal,2: Standing / idle
1787670885.4430661,28166,Person 55,195.4,1530.0,80.0,1536.05,7.18,True,Active,zain,Forward,Normal,2: Standing / idle
1787670885.5316186,28167,Person 55,193.6,1527.6,80.0,1535.8,7.11,True,Active,zain,Forward,Normal,2: Standing / idle
1787670885.6216137,28168,Person 55,191.6,1525.0,-80.0,1532.45,7.01,True,Active,zain,Forward,Normal,2: Standing / idle
1787670885.710862,28169,Person 55,189.8,1522.6,-80.0,1529.35,6.99,True,Active,zain,Forward,Normal,2: Standing / idle
1787670885.8070028,28170,Person 55,187.8,1520.4,-80.0,1526.13,6.92,True,Active,zain,Forward,Normal,2: Standing / idle
1787670885.8963637,28171,Person 55,185.4,1518.4,-80.0,1524.66,6.78,True,Active,zain,Forward,Normal,2: Standing / idle
1787670885.9791718,28172,Person 55,182.2,1516.0,-160.0,1521.98,6.56,True,Active,zain,Forward,Normal,2: Standing / idle
1787670886.0697675,28173,Person 55,178.0,1514.0,-240.0,1520.09,6.27,True,Active,zain,Forward,Normal,2: Standing / idle
1787670886.156224,28174,Person 55,171.8,1513.4,-80.0,1522.91,5.84,True,Active,zain,Forward,Normal,2: Standing / idle
1787670886.246322,28175,Person 55,163.4,1513.6,-80.0,1522.64,5.35,True,Active,zain,Forward,Normal,2: Standing / idle
1787670886.3407829,28176,Person 55,152.8,1514.0,-80.0,1521.31,4.79,True,Active,zain,Forward,Normal,1: Walking
1787670886.4219494,28177,Person 55,134.8,1515.6,-80.0,1522.32,3.16,True,Active,zain,Forward,Normal,1: Walking
1787670886.5113523,28178,Person 55,107.8,1519.8,-240.0,1532.31,1.16,True,Active,zain,Forward,Normal,1: Walking
1787670886.600961,28179,Person 55,73.8,1524.8,-80.0,1540.07,-0.56,True,Active,zain,Forward,Normal,1: Walking
1787670886.6930892,28180,Person 55,34.2,1529.6,0.0,1541.02,-2.08,True,Active,zain,Forward,Normal,1: Walking
1787670886.778926,28181,Person 55,-11.4,1533.2,80.0,1537.32,-3.77,True,Active,zain,Forward,Normal,1: Walking
1787670886.8669655,28182,Person 55,-66.6,1534.6,0.0,1539.02,-7.17,True,Active,zain,Forward,Normal,1: Walking
1787670886.95585,28183,Person 55,-130.6,1529.6,80.0,1534.46,-10.86,True,Active,zain,Forward,Normal,1: Walking
1787670887.0457497,28184,Person 55,-205.0,1515.4,-80.0,1519.12,-14.76,True,Active,zain,Forward,Normal,1: Walking
1787670887.1389074,28185,Person 55,-290.6,1493.8,-80.0,1511.58,-18.67,True,Active,zain,Forward,Normal,1: Walking
1787670887.2288053,28186,Person 55,-389.0,1468.4,-80.0,1526.86,-22.85,True,Active,zain,Forward,Normal,1: Walking
1787670887.3118255,28187,Person 55,-488.0,1443.6,-160.0,1562.17,-26.09,True,Active,zain,Forward,Normal,1: Walking
1787670887.4019501,28188,Person 55,-584.4,1422.6,-320.0,1600.01,-28.81,True,Active,zain,Forward,Normal,1: Walking
1787670887.4906065,28189,Person 55,-677.8,1406.6,-390.0,1630.53,-31.58,True,Active,zain,Forward,Normal,1: Walking
1787670887.5821033,28190,Person 55,-766.2,1395.2,-320.0,1657.74,-33.96,True,Active,zain,Forward,Normal,1: Walking
1787670887.673308,28191,Person 55,-845.6,1383.0,-240.0,1670.87,-36.33,True,Active,zain,Forward,Normal,1: Walking
1787670887.7571545,28192,Person 55,-922.0,1363.2,0.0,1686.17,-39.34,True,Active,zain,Forward,Normal,1: Walking
1787670887.8463552,28193,Person 55,-993.0,1336.6,-160.0,1696.54,-41.58,True,Active,zain,Forward,Normal,1: Walking
1787670887.935728,28194,Person 55,-1061.2,1309.8,-160.0,1732.93,-43.6,True,Active,zain,Forward,Normal,1: Walking
1787670888.0249808,28195,Person 55,-1123.6,1283.4,-160.0,1754.34,-44.88,True,Active,zain,Forward,Normal,1: Walking
1787670888.1142023,28196,Person 55,-1182.4,1264.8,-80.0,1794.06,-45.7,True,Active,zain,Forward,Normal,1: Walking
1787670888.2020566,28197,Person 55,-1232.6,1253.2,160.0,1815.19,-46.65,True,Active,zain,Forward,Normal,1: Walking
1787670888.2908342,28198,Person 55,-1276.0,1243.8,240.0,1815.75,-47.7,True,Active,zain,Forward,Normal,1: Walking
1787670888.3811846,28199,Person 55,-1308.8,1231.8,240.0,1809.67,-48.67,True,Active,zain,Forward,Normal,1: Walking
1787670888.470175,28200,Person 55,-1337.0,1216.8,320.0,1807.17,-49.74,True,Active,zain,Forward,Normal,1: Walking
1787670888.5658953,28201,Person 55,-1355.2,1194.4,160.0,1786.76,-50.31,True,Active,zain,Forward,Normal,1: Walking
1787670888.6468544,28202,Person 55,-1364.4,1168.2,240.0,1763.29,-50.78,True,Active,zain,Forward,Normal,1: Walking
1787670888.7360597,28203,Person 55,-1369.0,1140.2,320.0,1742.61,-51.62,True,Active,zain,Forward,Normal,1: Walking
1787670888.8263023,28204,Person 55,-1368.6,1112.2,240.0,1718.86,-52.14,True,Active,zain,Forward,Normal,1: Walking
1787670888.9152057,28205,Person 55,-1361.8,1084.2,240.0,1692.87,-52.61,True,Active,zain,Forward,Normal,1: Walking
1787670889.0091848,28206,Person 55,-1357.4,1052.4,790.0,1671.81,-54.03,True,Active,zain,Forward,Normal,1: Walking
1787670889.0926034,28207,Person 55,-1357.6,1018.4,480.0,1661.84,-55.34,True,Active,zain,Forward,Normal,1: Walking
1787670889.1820693,28208,Person 55,-1357.0,982.8,480.0,1635.54,-56.45,True,Active,zain,Forward,Normal,1: Walking
1787670889.2704654,28209,Person 55,-1354.4,945.2,390.0,1599.38,-57.17,True,Active,zain,Forward,Normal,1: Walking
1787670889.3591974,28210,Person 55,-1349.6,905.6,390.0,1560.11,-57.86,True,Active,zain,Forward,Normal,1: Walking
1787670889.44894,28211,Person 55,-1340.0,871.2,240.0,1535.94,-58.17,True,Active,zain,Forward,Normal,1: Walking
1787670889.5372694,28212,Person 55,-1324.6,841.4,240.0,1515.82,-58.32,True,Active,zain,Forward,Normal,1: Walking
1787670889.6264055,28213,Person 55,-1306.0,817.6,480.0,1493.03,-58.28,True,Active,zain,Forward,Normal,1: Walking
1787670889.7190642,28214,Person 55,-1284.4,798.4,240.0,1456.76,-58.04,True,Active,zain,Forward,Normal,1: Walking
1787670889.8083377,28215,Person 55,-1254.0,778.2,390.0,1377.68,-58.05,True,Active,zain,Forward,Normal,1: Walking
1787670889.9005997,28216,Person 55,-1214.8,754.6,240.0,1307.19,-58.04,True,Active,zain,Forward,Normal,1: Walking
1787670889.9819305,28217,Person 55,-1167.8,728.2,320.0,1246.56,-57.81,True,Active,zain,Forward,Normal,1: Walking
1787670890.075291,28218,Person 55,-1116.0,699.4,240.0,1197.08,-57.62,True,Active,zain,Forward,Normal,1: Walking
1787670890.160754,28219,Person 55,-1063.2,667.6,160.0,1148.62,-57.8,True,Active,zain,Forward,Normal,1: Walking
1787670890.2507958,28220,Person 55,-1014.6,638.2,160.0,1093.71,-57.85,True,Active,zain,Forward,Normal,1: Walking
1787670890.3381174,28221,Person 55,-968.2,615.4,390.0,1050.34,-56.61,True,Active,zain,Forward,Normal,1: Walking
1787670890.4269922,28222,Person 55,-922.4,598.8,390.0,1009.87,-54.88,True,Active,zain,Forward,Normal,1: Walking
1787670890.516876,28223,Person 55,-875.4,588.0,390.0,973.01,-52.89,True,Active,zain,Forward,Normal,1: Walking
1787670890.607261,28224,Person 55,-824.2,585.2,390.0,932.88,-50.13,True,Active,zain,Forward,Normal,1: Walking
1787670890.69748,28225,Person 55,-768.4,591.2,240.0,890.59,-46.59,True,Active,zain,Forward,Normal,1: Walking
1787670890.7839017,28226,Person 55,-707.6,601.2,160.0,850.13,-42.38,True,Active,zain,Forward,Normal,1: Walking
1787670890.8718107,28227,Person 55,-643.2,613.8,80.0,817.77,-38.05,True,Active,zain,Forward,Normal,1: Walking
1787670890.9604013,28228,Person 55,-573.8,629.2,-160.0,790.53,-32.87,True,Active,zain,Forward,Normal,1: Walking
1787670891.0503871,28229,Person 55,-500.2,646.4,-240.0,767.44,-26.97,True,Active,zain,Forward,Normal,1: Walking
1787670891.1391091,28230,Person 55,-425.0,665.4,-390.0,757.16,-20.97,True,Active,zain,Forward,Normal,1: Walking
1787670891.2282543,28231,Person 55,-350.2,688.2,-390.0,768.22,-15.01,True,Active,zain,Forward,Normal,1: Walking
1787670891.318166,28232,Person 55,-275.0,715.2,-320.0,789.45,-9.33,True,Active,zain,Forward,Normal,1: Walking
1787670891.40583,28233,Person 55,-201.6,744.2,-390.0,811.37,-4.38,True,Active,zain,Forward,Normal,1: Walking
1787670891.495469,28234,Person 55,-133.2,773.2,-320.0,829.02,-0.41,True,Active,zain,Forward,Normal,1: Walking
1787670891.5842605,28235,Person 55,-70.4,802.2,-320.0,853.08,2.89,True,Active,zain,Forward,Normal,1: Walking
1787670891.679935,28236,Person 55,-12.8,829.0,-390.0,880.51,5.8,True,Active,zain,Forward,Normal,1: Walking
1787670891.7610958,28237,Person 55,37.0,853.0,-390.0,907.11,7.67,True,Active,zain,Forward,Normal,1: Walking
1787670891.850257,28238,Person 55,81.2,876.0,-480.0,937.58,9.76,True,Active,zain,Forward,Normal,1: Walking
1787670891.9416058,28239,Person 55,119.8,903.8,-240.0,985.9,10.93,True,Active,zain,Forward,Normal,1: Walking
1787670892.0291736,28240,Person 55,153.6,934.0,-320.0,1025.16,11.93,True,Active,zain,Forward,Normal,1: Walking
1787670892.1181247,28241,Person 55,181.4,968.0,-320.0,1070.56,12.3,True,Active,zain,Forward,Normal,1: Walking
1787670892.2063007,28242,Person 55,208.8,1003.6,-320.0,1107.47,13.47,True,Active,zain,Forward,Normal,1: Walking
1787670892.295797,28243,Person 55,235.2,1040.8,-160.0,1147.51,14.69,True,Active,zain,Forward,Normal,1: Walking
1787670892.3848407,28244,Person 55,262.6,1074.2,-160.0,1180.34,15.93,True,Active,zain,Forward,Normal,1: Walking
1787670892.4739022,28245,Person 55,290.6,1103.0,-160.0,1199.8,17.06,True,Active,zain,Forward,Normal,1: Walking
1787670892.5657244,28246,Person 55,320.4,1128.4,-160.0,1232.09,17.82,True,Active,zain,Forward,Normal,1: Walking
1787670892.6512141,28247,Person 55,348.2,1152.8,-160.0,1263.02,18.32,True,Active,zain,Forward,Normal,1: Walking
1787670892.7406385,28248,Person 55,370.8,1179.6,-160.0,1307.96,17.99,True,Active,zain,Forward,Normal,1: Walking
1787670892.830237,28249,Person 55,387.2,1207.8,-80.0,1339.03,17.65,True,Active,zain,Forward,Normal,1: Walking
1787670892.9204042,28250,Person 55,397.8,1240.0,-160.0,1369.27,17.2,True,Active,zain,Forward,Normal,1: Walking
1787670893.0078664,28251,Person 55,402.2,1269.6,-80.0,1379.94,16.81,True,Active,zain,Forward,Normal,1: Walking
1787670893.0964947,28252,Person 55,401.8,1295.2,-80.0,1384.54,16.58,True,Active,zain,Forward,Normal,1: Walking
1787670893.185426,28253,Person 55,396.6,1312.6,-80.0,1383.63,15.85,True,Active,zain,Forward,Normal,1: Walking
1787670893.275458,28254,Person 55,386.8,1325.0,-80.0,1384.81,14.94,True,Active,zain,Forward,Normal,1: Walking
1787670893.364698,28255,Person 55,372.6,1334.8,-80.0,1397.5,13.83,True,Active,zain,Forward,Normal,1: Walking
1787670893.456166,28256,Person 55,352.4,1349.0,-160.0,1423.54,12.08,True,Active,zain,Forward,Normal,1: Walking
1787670893.5406883,28257,Person 55,326.0,1366.8,-320.0,1440.22,10.52,True,Active,zain,Forward,Normal,1: Walking
1787670893.6308851,28258,Person 55,297.6,1388.2,-240.0,1457.24,9.32,True,Active,zain,Forward,Normal,1: Walking
1787670893.720405,28259,Person 55,267.6,1412.8,-320.0,1475.59,8.06,True,Active,zain,Forward,Normal,1: Walking
1787670893.8090355,28260,Person 55,238.4,1440.2,-320.0,1505.78,7.17,True,Active,zain,Forward,Normal,1: Walking
1787670893.9036546,28261,Person 55,210.2,1467.6,-790.0,1537.04,5.86,True,Active,zain,Forward,Normal,1: Walking
1787670893.9861498,28262,Person 55,186.4,1494.0,-240.0,1554.68,5.31,True,Active,zain,Forward,Normal,1: Walking
1787670894.0752878,28263,Person 55,168.4,1519.0,-320.0,1569.8,5.34,True,Active,zain,Forward,Normal,1: Walking
1787670894.1648026,28264,Person 55,157.0,1540.6,-320.0,1576.15,5.46,True,Active,zain,Forward,Normal,6: Fall onset
1787670894.2561896,28265,Person 55,149.0,1557.4,-480.0,1584.93,5.36,True,Active,zain,Forward,Normal,6: Fall onset
1787670894.3519812,28266,Person 55,145.2,1571.2,-560.0,1603.95,4.94,True,Active,zain,Forward,Normal,6: Fall onset
1787670894.430921,28267,Person 55,142.0,1586.6,-880.0,1630.03,4.5,True,Active,zain,Forward,Normal,6: Fall onset
1787670894.519915,28268,Person 55,131.6,1610.8,-720.0,1686.62,3.19,True,Active,zain,Forward,Normal,6: Fall onset
1787670894.6143806,28269,Person 55,113.0,1646.4,-720.0,1747.93,1.87,True,Active,zain,Forward,Normal,6: Fall onset
1787670894.7006974,28270,Person 55,90.0,1697.4,-1680.0,1833.3,1.03,True,Active,zain,Forward,Normal,6: Fall onset
1787670894.788728,28271,Person 55,62.0,1762.0,-320.0,1921.0,-0.06,True,Active,zain,Forward,Normal,6: Fall onset
1787670894.8757613,28272,Person 55,28.0,1836.0,-1040.0,1995.44,-1.21,True,Active,zain,Forward,Normal,6: Fall onset
1787670894.964938,28273,Person 55,-2.4,1917.4,-880.0,2091.8,-1.59,True,Active,zain,Forward,Normal,6: Fall onset
1787670895.0556953,28274,Person 55,-25.4,2006.6,-880.0,2193.77,-1.51,True,Active,zain,Forward,Normal,6: Fall onset
1787670895.1687348,28275,Person 55,-45.0,2101.8,-80.0,2309.91,-1.61,True,Active,zain,Forward,Normal,6: Fall onset
1787670895.2390416,28276,Person 55,-59.4,2198.8,-390.0,2407.14,-1.76,True,Active,zain,Forward,Normal,6: Fall onset
1787670895.321548,28277,Person 55,-67.4,2300.4,-390.0,2504.34,-1.88,True,Active,zain,Forward,Normal,6: Fall onset
1787670895.4098442,28278,Person 55,-73.8,2401.0,-390.0,2595.56,-1.99,True,Active,zain,Forward,Normal,6: Fall onset
1787670895.5008576,28279,Person 55,-87.8,2495.2,-80.0,2667.07,-2.75,True,Active,zain,Forward,Normal,6: Fall onset
1787670895.5880287,28280,Person 55,-115.2,2580.2,0.0,2741.45,-4.23,True,Active,zain,Forward,Normal,6: Fall onset
1787670895.6848278,28281,Person 55,-160.8,2655.6,80.0,2799.34,-6.19,True,Active,zain,Forward,Normal,6: Fall onset
1787670895.7664387,28282,Person 55,-222.0,2718.2,80.0,2842.6,-7.85,True,Active,zain,Forward,Normal,6: Fall onset
1787670895.8549721,28283,Person 55,-286.4,2760.2,-80.0,2834.11,-8.36,True,Active,zain,Forward,Normal,6: Fall onset
1787670895.9462254,28284,Person 55,-333.2,2784.4,-80.0,2808.43,-7.41,True,Active,zain,Forward,Normal,6: Fall onset
1787670896.0330606,28285,Person 55,-360.8,2792.6,-80.0,2795.75,-6.99,True,Active,zain,Forward,Normal,6: Fall onset
1787670896.2048075,28286,Person 55,-369.4,2791.6,-80.0,2799.34,-7.08,True,Active,zain,Forward,Normal,6: Fall onset
1787670896.2217517,28287,Person 55,-362.6,2784.6,-80.0,2803.44,-7.25,True,Active,zain,Forward,Normal,6: Fall onset
1787670896.299422,28288,Person 55,-353.6,2780.6,-80.0,2808.09,-7.51,True,Active,zain,Forward,Normal,6: Fall onset
1787670896.390409,28289,Person 55,-355.8,2780.8,0.0,2810.86,-7.63,True,Active,zain,Forward,Normal,6: Fall onset
1787670896.479572,28290,Person 55,-364.4,2783.4,0.0,2814.18,-7.82,True,Active,zain,Forward,Normal,6: Fall onset
1787670896.5670862,28291,Person 55,-373.8,2785.6,0.0,2816.41,-8.0,True,Active,zain,Forward,Normal,6: Fall onset
1787670896.655318,28292,Person 55,-383.8,2788.6,0.0,2825.04,-8.22,True,Active,zain,Forward,Normal,6: Fall onset
1787670896.7455666,28293,Person 55,-394.2,2792.6,0.0,2835.13,-8.5,True,Active,zain,Forward,Normal,6: Fall onset
1787670896.8347106,28294,Person 55,-406.6,2798.2,0.0,2847.42,-8.79,True,Active,zain,Forward,Normal,6: Fall onset
1787670896.9238517,28295,Person 55,-419.2,2805.2,0.0,2858.01,-8.98,True,Active,zain,Forward,Normal,6: Fall onset
1787670897.0124044,28296,Person 55,-432.2,2813.2,0.0,2865.67,-9.18,True,Active,zain,Forward,Normal,7: Post-fall stillness
1787670897.1009562,28297,Person 55,-445.6,2820.8,0.0,2872.87,-9.44,True,Active,zain,Forward,Normal,7: Post-fall stillness
1787670897.1897259,28298,Person 55,-457.6,2827.4,0.0,2877.15,-9.58,True,Active,zain,Forward,Normal,7: Post-fall stillness
1787670897.2795649,28299,Person 55,-465.4,2832.4,0.0,2878.3,-9.48,True,Active,zain,Forward,Normal,7: Post-fall stillness
1787670897.3682725,28300,Person 55,-468.4,2835.2,0.0,2874.21,-9.23,True,Active,zain,Forward,Normal,7: Post-fall stillness
1787670897.4576259,28301,Person 55,-466.6,2836.4,0.0,2870.18,-8.98,True,Active,zain,Forward,Normal,7: Post-fall stillness
1787670897.544939,28302,Person 55,-464.8,2836.6,0.0,2872.4,-9.26,True,Active,zain,Forward,Normal,7: Post-fall stillness
1787670897.634494,28303,Person 55,-462.4,2835.0,80.0,2867.29,-9.37,True,Active,zain,Forward,Normal,7: Post-fall stillness
1787670897.7244046,28304,Person 55,-460.0,2830.8,0.0,2855.62,-9.31,True,Active,zain,Forward,Normal,7: Post-fall stillness
1787670897.817506,28305,Person 55,-459.6,2823.0,0.0,2835.4,-9.32,True,Active,zain,Forward,Normal,7: Post-fall stillness
1787670897.90875,28306,Person 55,-458.4,2808.8,0.0,2799.12,-9.09,True,Active,zain,Forward,Normal,7: Post-fall stillness
1787670897.9919105,28307,Person 55,-450.4,2787.2,0.0,2759.46,-8.8,True,Active,zain,Forward,Normal,7: Post-fall stillness
1787670898.0788476,28308,Person 55,-438.8,2761.4,0.0,2730.8,-8.61,True,Active,zain,Forward,Normal,7: Post-fall stillness
1787670898.1692448,28309,Person 55,-426.2,2733.4,0.0,2707.56,-8.47,True,Active,zain,Forward,Normal,7: Post-fall stillness
1787670898.2576218,28310,Person 55,-414.0,2706.8,0.0,2694.56,-8.49,True,Active,zain,Forward,Normal,7: Post-fall stillness
1787670898.3473644,28311,Person 55,-406.8,2687.0,0.0,2695.75,-8.66,True,Active,zain,Forward,Normal,7: Post-fall stillness
1787670898.4353342,28312,Person 55,-404.8,2674.6,0.0,2696.66,-8.79,True,Active,zain,Forward,Normal,7: Post-fall stillness
1787670898.5237024,28313,Person 55,-407.0,2668.2,0.0,2700.86,-8.95,True,Active,zain,Forward,Normal,7: Post-fall stillness
1787670898.61407,28314,Person 55,-412.8,2666.6,0.0,2704.09,-9.11,True,Active,zain,Forward,Normal,7: Post-fall stillness
1787670898.709206,28315,Person 55,-419.2,2666.6,0.0,2699.47,-9.17,True,Active,zain,Forward,Normal,7: Post-fall stillness
1787670898.793782,28316,Person 55,-424.8,2666.0,0.0,2697.15,-9.26,True,Active,zain,Forward,Normal,7: Post-fall stillness
1787670898.8801088,28317,Person 55,-429.0,2665.6,0.0,2697.97,-9.24,True,Active,zain,Forward,Normal,7: Post-fall stillness
1787670898.9692726,28318,Person 55,-430.2,2665.4,0.0,2700.81,-9.08,True,Active,zain,Forward,Normal,7: Post-fall stillness
1787670899.0584443,28319,Person 55,-427.4,2665.2,80.0,2700.92,-8.82,True,Active,zain,Forward,Normal,7: Post-fall stillness
1787670899.14737,28320,Person 55,-421.0,2665.8,-80.0,2697.52,-8.48,True,Active,zain,Forward,Normal,7: Post-fall stillness
1787670899.2369683,28321,Person 55,-402.4,2665.6,-80.0,2682.76,-7.3,True,Active,zain,Forward,Normal,7: Post-fall stillness
1787670899.325099,28322,Person 55,-380.2,2664.4,160.0,2676.44,-6.91,True,Active,zain,Forward,Normal,7: Post-fall stillness
1787670899.4147437,28323,Person 55,-355.6,2660.4,390.0,2664.29,-6.53,True,Active,zain,Forward,Normal,7: Post-fall stillness
1787670899.505439,28324,Person 55,-326.2,2651.2,160.0,2636.55,-5.81,True,Active,zain,Forward,Normal,7: Post-fall stillness
1787670899.592458,28325,Person 55,-294.2,2636.8,160.0,2606.89,-5.24,True,Active,zain,Forward,Normal,7: Post-fall stillness
1787670899.6833532,28326,Person 55,-267.8,2617.0,160.0,2570.51,-4.66,True,Active,zain,Forward,Normal,7: Post-fall stillness
1787670899.7697816,28327,Person 55,-240.0,2592.6,0.0,2541.6,-4.13,True,Active,zain,Forward,Normal,7: Post-fall stillness
1787670899.8588376,28328,Person 55,-211.2,2565.2,0.0,2515.03,-3.62,True,Active,zain,Forward,Normal,7: Post-fall stillness
1787670899.9490368,28329,Person 55,-189.6,2542.0,390.0,2512.04,-3.63,True,Active,zain,Forward,Normal,7: Post-fall stillness
1787670900.0484211,28330,Person 55,-177.4,2526.6,320.0,2525.21,-4.02,True,Active,zain,Forward,Normal,7: Post-fall stillness
1787670900.1343222,28331,Person 55,-181.2,2527.8,160.0,2578.1,-5.07,True,Active,zain,Forward,Normal,7: Post-fall stillness
1787670900.2153578,28332,Person 55,-211.6,2557.2,160.0,2702.84,-7.12,True,Active,zain,Forward,Normal,8: Recovery / standing back up
1787670900.304416,28333,Person 55,-262.4,2610.4,480.0,2806.55,-8.46,True,Active,zain,Forward,Normal,8: Recovery / standing back up
1787670900.3944268,28334,Person 55,-322.8,2674.8,-240.0,2866.32,-9.26,True,Active,zain,Forward,Normal,8: Recovery / standing back up
1787670900.490007,28335,Person 55,-376.6,2736.8,790.0,2863.94,-8.96,True,Active,zain,Forward,Normal,8: Recovery / standing back up
1787670900.571076,28336,Person 55,-414.4,2782.6,480.0,2827.91,-8.48,True,Active,zain,Forward,Normal,8: Recovery / standing back up
1787670900.659299,28337,Person 55,-423.6,2798.4,390.0,2787.16,-7.86,True,Active,zain,Forward,Normal,8: Recovery / standing back up
1787670900.7489185,28338,Person 55,-404.6,2780.4,640.0,2704.76,-6.75,True,Active,zain,Forward,Normal,8: Recovery / standing back up
1787670900.8391092,28339,Person 55,-367.6,2738.6,390.0,2634.5,-6.01,True,Active,zain,Forward,Normal,8: Recovery / standing back up
1787670900.934352,28340,Person 55,-330.0,2686.4,720.0,2580.93,-5.74,True,Active,zain,Forward,Normal,8: Recovery / standing back up
1787670901.0205176,28341,Person 55,-295.4,2630.6,720.0,2529.79,-5.53,True,Active,zain,Forward,Normal,8: Recovery / standing back up
1787670901.1045392,28342,Person 55,-263.4,2570.6,390.0,2470.9,-5.13,True,Active,zain,Forward,Normal,8: Recovery / standing back up
1787670901.1933644,28343,Person 55,-238.4,2514.6,320.0,2413.73,-4.59,True,Active,zain,Forward,Normal,8: Recovery / standing back up
1787670901.284127,28344,Person 55,-214.6,2460.2,240.0,2353.24,-3.83,True,Active,zain,Forward,Normal,8: Recovery / standing back up
1787670901.3725157,28345,Person 55,-190.6,2405.0,2080.0,2296.15,-3.45,True,Active,zain,Forward,Normal,8: Recovery / standing back up
1787670901.4656787,28346,Person 55,-164.2,2354.0,160.0,2265.77,-2.83,True,Active,zain,Forward,Normal,8: Recovery / standing back up
1787670901.5493207,28347,Person 55,-138.8,2308.2,390.0,2233.98,-2.41,True,Active,zain,Forward,Normal,8: Recovery / standing back up
1787670901.6384401,28348,Person 55,-118.6,2269.8,320.0,2215.91,-2.38,True,Active,zain,Forward,Normal,8: Recovery / standing back up
1787670901.72941,28349,Person 55,-107.2,2234.4,880.0,2173.3,-2.64,True,Active,zain,Forward,Normal,8: Recovery / standing back up
1787670901.8185697,28350,Person 55,-99.4,2197.0,960.0,2107.33,-2.69,True,Active,zain,Forward,Normal,8: Recovery / standing back up
1787670901.9181633,28351,Person 55,-96.0,2151.6,880.0,2038.22,-2.67,True,Active,zain,Forward,Normal,8: Recovery / standing back up
1787670901.995057,28352,Person 55,-93.0,2098.2,880.0,1966.59,-2.3,True,Active,zain,Forward,Normal,8: Recovery / standing back up
1787670902.088238,28353,Person 55,-87.6,2039.2,240.0,1920.1,-1.94,True,Active,zain,Forward,Normal,8: Recovery / standing back up
1787670902.1736517,28354,Person 55,-77.4,1977.6,640.0,1863.64,-1.51,True,Active,zain,Forward,Normal,8: Recovery / standing back up
1787670902.262122,28355,Person 55,-62.2,1915.2,480.0,1793.15,-0.73,True,Active,zain,Forward,Normal,8: Recovery / standing back up
1787670902.3508894,28356,Person 55,-41.6,1853.4,160.0,1727.02,0.27,True,Active,zain,Forward,Normal,8: Recovery / standing back up
1787670902.4393272,28357,Person 55,-17.8,1794.8,-80.0,1672.48,1.37,True,Active,zain,Forward,Normal,8: Recovery / standing back up
1787670902.5287278,28358,Person 55,8.4,1737.4,-240.0,1633.33,2.32,True,Active,zain,Forward,Normal,8: Recovery / standing back up
1787670902.6186216,28359,Person 55,35.2,1686.6,80.0,1611.24,3.02,True,Active,zain,Forward,Normal,8: Recovery / standing back up
1787670902.7069547,28360,Person 55,64.4,1646.0,160.0,1594.75,4.42,True,Active,zain,Forward,Normal,8: Recovery / standing back up
1787670902.802699,28361,Person 55,91.0,1615.2,0.0,1579.31,5.12,True,Active,zain,Forward,Normal,8: Recovery / standing back up
1787670902.8851132,28362,Person 55,113.0,1592.0,0.0,1563.21,5.51,True,Active,zain,Forward,Normal,8: Recovery / standing back up
1787670902.97422,28363,Person 55,129.8,1575.0,0.0,1554.26,5.54,True,Active,zain,Forward,Normal,8: Recovery / standing back up
1787670903.063814,28364,Person 55,143.2,1561.6,80.0,1549.47,5.63,True,Active,zain,Forward,Normal,8: Recovery / standing back up
1787670903.1573648,28365,Person 55,148.8,1551.0,80.0,1544.4,5.61,True,Active,zain,Forward,Normal,8: Recovery / standing back up
1787670903.2407835,28366,Person 55,153.0,1542.6,80.0,1539.55,6.04,True,Active,zain,Forward,Normal,8: Recovery / standing back up
1787670903.3294432,28367,Person 55,156.2,1536.2,160.0,1533.01,6.22,True,Active,zain,Forward,Normal,8: Recovery / standing back up
1787670903.4199998,28368,Person 55,160.4,1530.2,160.0,1526.61,6.43,True,Active,zain,Forward,Normal,2: Standing / idle
1787670903.5080678,28369,Person 55,164.8,1523.6,160.0,1519.0,6.58,True,Active,zain,Forward,Normal,2: Standing / idle
1787670903.5965247,28370,Person 55,170.0,1517.2,80.0,1515.37,6.71,True,Active,zain,Forward,Normal,2: Standing / idle
1787670903.6886916,28371,Person 55,172.6,1510.6,160.0,1508.19,6.66,True,Active,zain,Forward,Normal,2: Standing / idle
1787670903.774142,28372,Person 55,173.4,1504.6,240.0,1503.64,6.49,True,Active,zain,Forward,Normal,2: Standing / idle
1787670903.8635027,28373,Person 55,172.8,1499.4,80.0,1500.43,6.43,True,Active,zain,Forward,Normal,2: Standing / idle
1787670903.954172,28374,Person 55,171.6,1494.4,80.0,1493.48,6.46,True,Active,zain,Forward,Normal,2: Standing / idle
1787670904.0446832,28375,Person 55,169.2,1487.6,-80.0,1480.22,6.4,True,Active,zain,Forward,Normal,2: Standing / idle
1787670904.1309586,28376,Person 55,167.0,1481.8,0.0,1478.13,6.37,True,Active,zain,Forward,Normal,2: Standing / idle
1787670904.219497,28377,Person 55,165.4,1476.4,-80.0,1475.92,6.3,True,Active,zain,Forward,Normal,2: Standing / idle
1787670904.3113756,28378,Person 55,163.8,1471.6,-160.0,1475.7,6.22,True,Active,zain,Forward,Normal,2: Standing / idle
1787670904.3983903,28379,Person 55,161.4,1467.8,0.0,1473.28,6.08,True,Active,zain,Forward,Normal,2: Standing / idle
1787670904.487503,28380,Person 55,158.4,1466.2,0.0,1470.67,5.85,True,Active,zain,Forward,Normal,2: Standing / idle
1787670904.5823007,28381,Person 55,154.4,1464.4,-160.0,1467.08,5.63,True,Active,zain,Forward,Normal,2: Standing / idle
1787670904.6640186,28382,Person 55,149.8,1462.8,-320.0,1465.61,5.44,True,Active,zain,Forward,Normal,2: Standing / idle
1787670904.7529516,28383,Person 55,145.0,1461.6,-240.0,1467.32,5.32,True,Active,zain,Forward,Normal,2: Standing / idle
1787670904.8429267,28384,Person 55,140.6,1462.0,-160.0,1473.11,5.22,True,Active,zain,Forward,Normal,2: Standing / idle
1787670904.93156,28385,Person 55,136.2,1465.2,-80.0,1484.53,4.95,True,Active,zain,Forward,Normal,2: Standing / idle
1787670905.0206807,28386,Person 55,132.0,1471.0,-160.0,1494.07,4.72,True,Active,zain,Forward,Normal,2: Standing / idle
1787670905.109038,28387,Person 55,128.2,1478.0,-240.0,1498.81,4.59,True,Active,zain,Forward,Normal,2: Standing / idle
1787670905.1978972,28388,Person 55,124.2,1486.0,0.0,1505.48,4.42,True,Active,zain,Forward,Normal,2: Standing / idle
1787670905.2884717,28389,Person 55,119.8,1493.2,0.0,1507.17,4.26,True,Active,zain,Forward,Normal,2: Standing / idle
1787670905.3765435,28390,Person 55,116.0,1498.2,0.0,1507.94,4.15,True,Active,zain,Forward,Normal,1: Walking
1787670905.4678667,28391,Person 55,112.2,1501.2,80.0,1507.59,3.96,True,Active,zain,Forward,Normal,1: Walking
1787670905.5545733,28392,Person 55,107.8,1502.0,80.0,1501.2,3.74,True,Active,zain,Forward,Normal,1: Walking
1787670905.643406,28393,Person 55,102.4,1500.4,80.0,1495.65,3.41,True,Active,zain,Forward,Normal,1: Walking
1787670905.7328994,28394,Person 55,95.0,1497.6,-80.0,1490.89,2.88,True,Active,zain,Forward,Normal,1: Walking
1787670905.821408,28395,Person 55,84.6,1493.8,-80.0,1486.09,2.2,True,Active,zain,Forward,Normal,1: Walking
1787670905.911129,28396,Person 55,63.8,1489.8,-80.0,1484.0,0.0,True,Active,zain,Forward,Normal,1: Walking
1787670905.9986138,28397,Person 55,32.0,1486.0,-80.0,1480.26,-2.36,True,Active,zain,Forward,Normal,1: Walking
1787670906.087455,28398,Person 55,-23.4,1479.4,-160.0,1472.05,-7.34,True,Active,zain,Forward,Normal,1: Walking
1787670906.1783946,28399,Person 55,-99.6,1473.6,-240.0,1491.72,-11.84,True,Active,zain,Forward,Normal,1: Walking
1787670906.2663953,28400,Person 55,-193.2,1470.4,-240.0,1525.41,-15.63,True,Active,zain,Forward,Normal,1: Walking
1787670906.3557591,28401,Person 55,-293.8,1468.8,-320.0,1559.35,-18.82,True,Active,zain,Forward,Normal,1: Walking
1787670906.4437082,28402,Person 55,-403.8,1469.6,-390.0,1603.94,-22.39,True,Active,zain,Forward,Normal,1: Walking
1787670906.5331337,28403,Person 55,-513.4,1479.2,-390.0,1678.02,-26.02,True,Active,zain,Forward,Normal,1: Walking
1787670906.6225462,28404,Person 55,-621.6,1491.6,-160.0,1741.81,-29.1,True,Active,zain,Forward,Normal,1: Walking
1787670906.711023,28405,Person 55,-734.6,1511.2,-160.0,1846.09,-31.92,True,Active,zain,Forward,Normal,1: Walking
1787670906.804045,28406,Person 55,-852.2,1535.8,-390.0,1935.74,-34.31,True,Active,zain,Forward,Normal,1: Walking
1787670906.8891075,28407,Person 55,-971.0,1559.6,-390.0,2004.6,-36.95,True,Active,zain,Forward,Normal,1: Walking
1787670906.9778159,28408,Person 55,-1080.6,1576.2,-160.0,2044.49,-38.9,True,Active,zain,Forward,Normal,1: Walking
1787670907.0681648,28409,Person 55,-1174.4,1581.6,-240.0,2032.55,-40.35,True,Active,zain,Forward,Normal,1: Walking
1787670907.1561155,28410,Person 55,-1245.0,1566.2,-390.0,1996.58,-41.73,True,Active,zain,Forward,Normal,1: Walking
1787670907.2523162,28411,Person 55,-1292.6,1534.0,-160.0,1958.08,-42.74,True,Active,zain,Forward,Normal,1: Walking
1787670907.3338788,28412,Person 55,-1315.0,1490.2,-160.0,1909.76,-43.6,True,Active,zain,Forward,Normal,1: Walking
1787670907.4232743,28413,Person 55,-1324.4,1442.6,0.0,1897.94,-44.53,True,Active,zain,Forward,Normal,1: Walking
1787670907.5166755,28414,Person 55,-1335.6,1400.0,-80.0,1915.01,-45.76,True,Active,zain,Forward,Normal,1: Walking
1787670907.6088982,28415,Person 55,-1355.8,1365.6,-160.0,1944.74,-47.33,True,Active,zain,Forward,Normal,1: Walking
1787670907.6960325,28416,Person 55,-1384.6,1338.4,-160.0,1965.94,-48.53,True,Active,zain,Forward,Normal,1: Walking
1787670907.7785494,28417,Person 55,-1427.6,1316.2,80.0,1991.23,-50.3,True,Active,zain,Forward,Normal,1: Walking
1787670907.8682172,28418,Person 55,-1475.8,1295.2,-160.0,2007.16,-51.55,True,Active,zain,Forward,Normal,1: Walking
1787670907.9575427,28419,Person 55,-1516.6,1273.8,-240.0,1998.55,-52.05,True,Active,zain,Forward,Normal,1: Walking
1787670908.0533283,28420,Person 55,-1545.4,1251.6,-320.0,1983.51,-52.52,True,Active,zain,Forward,Normal,1: Walking
1787670908.1349597,28421,Person 55,-1565.4,1230.6,-320.0,1976.65,-52.73,True,Active,zain,Forward,Normal,1: Walking
1787670908.2232969,28422,Person 55,-1574.2,1213.4,-320.0,1972.4,-53.04,True,Active,zain,Forward,Normal,1: Walking
1787670908.3124733,28423,Person 55,-1575.6,1197.8,560.0,1965.23,-53.46,True,Active,zain,Forward,Normal,1: Walking
1787670908.4026628,28424,Person 55,-1576.6,1182.0,640.0,1955.01,-53.97,True,Active,zain,Forward,Normal,1: Walking
1787670908.4910388,28425,Person 55,-1577.0,1166.8,560.0,1939.83,-54.34,True,Active,zain,Forward,Normal,1: Walking
1787670908.5800984,28426,Person 55,-1575.8,1150.6,720.0,1923.78,-54.54,True,Active,zain,Forward,Normal,1: Walking
1787670908.6684299,28427,Person 55,-1572.0,1134.0,720.0,1908.1,-54.69,True,Active,zain,Forward,Normal,1: Walking
1787670908.7580764,28428,Person 55,-1562.8,1117.0,1190.0,1878.11,-54.71,True,Active,zain,Forward,Normal,1: Walking
1787670908.8475397,28429,Person 55,-1549.4,1098.2,390.0,1845.9,-55.1,True,Active,zain,Forward,Normal,1: Walking
1787670908.9435546,28430,Person 55,-1532.8,1078.2,560.0,1814.39,-55.37,True,Active,zain,Forward,Normal,1: Walking
1787670909.0305882,28431,Person 55,-1510.0,1053.8,480.0,1760.47,-55.62,True,Active,zain,Forward,Normal,1: Walking
1787670909.113796,28432,Person 55,-1484.2,1028.0,880.0,1728.54,-55.7,True,Active,zain,Forward,Normal,1: Walking
1787670909.2030454,28433,Person 55,-1453.0,994.4,790.0,1654.39,-56.34,True,Active,zain,Forward,Normal,1: Walking
1787670909.3083968,28434,Person 55,-1412.8,958.4,560.0,1578.4,-56.29,True,Active,zain,Forward,Normal,1: Walking
1787670909.3862226,28435,Person 55,-1359.6,924.2,390.0,1498.38,-54.97,True,Active,zain,Forward,Normal,1: Walking
1787670909.4771595,28436,Person 55,-1299.0,895.4,390.0,1430.03,-53.53,True,Active,zain,Forward,Normal,1: Walking
1787670909.5628889,28437,Person 55,-1229.0,864.6,720.0,1354.43,-52.74,True,Active,zain,Forward,Normal,1: Walking
1787670909.6478703,28438,Person 55,-1157.6,835.4,560.0,1278.61,-52.92,True,Active,zain,Forward,Normal,1: Walking
1787670909.7373598,28439,Person 55,-1088.8,805.2,320.0,1210.2,-53.2,True,Active,zain,Forward,Normal,1: Walking
1787670909.8259678,28440,Person 55,-1026.6,770.4,240.0,1144.4,-53.17,True,Active,zain,Forward,Normal,1: Walking
1787670909.9154365,28441,Person 55,-968.8,732.0,160.0,1083.64,-52.61,True,Active,zain,Forward,Normal,1: Walking
1787670910.007956,28442,Person 55,-915.2,697.2,160.0,1036.06,-51.43,True,Active,zain,Forward,Normal,1: Walking
1787670910.0923083,28443,Person 55,-863.0,672.6,80.0,997.99,-49.51,True,Active,zain,Forward,Normal,1: Walking
1787670910.1828554,28444,Person 55,-811.8,662.8,80.0,982.52,-46.53,True,Active,zain,Forward,Normal,1: Walking
1787670910.2715766,28445,Person 55,-762.0,668.8,0.0,978.54,-42.97,True,Active,zain,Forward,Normal,1: Walking
1787670910.3736634,28446,Person 55,-712.2,688.2,-80.0,971.89,-39.03,True,Active,zain,Forward,Normal,1: Walking
1787670910.4484475,28447,Person 55,-662.0,715.2,0.0,960.44,-35.59,True,Active,zain,Forward,Normal,1: Walking
1787670910.5373373,28448,Person 55,-609.8,743.4,-80.0,933.02,-32.26,True,Active,zain,Forward,Normal,1: Walking
1787670910.6271517,28449,Person 55,-554.4,767.6,-80.0,908.46,-28.68,True,Active,zain,Forward,Normal,1: Walking
1787670910.7160175,28450,Person 55,-494.4,785.8,-240.0,886.53,-24.45,True,Active,zain,Forward,Normal,1: Walking
1787670910.8043492,28451,Person 55,-430.2,800.0,-390.0,875.76,-19.41,True,Active,zain,Forward,Normal,1: Walking
1787670910.8956714,28452,Person 55,-360.2,814.0,-560.0,876.29,-13.8,True,Active,zain,Forward,Normal,1: Walking
1787670910.9818833,28453,Person 55,-287.4,832.0,-390.0,889.16,-8.67,True,Active,zain,Forward,Normal,1: Walking
1787670911.0723386,28454,Person 55,-213.8,854.0,-480.0,909.55,-4.29,True,Active,zain,Forward,Normal,1: Walking
1787670911.1607223,28455,Person 55,-141.8,879.8,-560.0,936.03,-0.43,True,Active,zain,Forward,Normal,1: Walking
1787670911.2496426,28456,Person 55,-75.8,908.8,-560.0,971.78,2.3,True,Active,zain,Forward,Normal,1: Walking
1787670911.3380764,28457,Person 55,-22.4,942.2,-480.0,1019.65,3.26,True,Active,zain,Forward,Normal,1: Walking
1787670911.4272327,28458,Person 55,17.2,978.2,-560.0,1060.93,3.46,True,Active,zain,Forward,Normal,1: Walking
1787670911.5168612,28459,Person 55,45.6,1020.0,-560.0,1118.45,3.79,True,Active,zain,Forward,Normal,1: Walking
1787670911.6058977,28460,Person 55,65.4,1065.8,-390.0,1168.63,4.52,True,Active,zain,Forward,Normal,1: Walking
1787670911.7018588,28461,Person 55,82.6,1114.0,-480.0,1218.43,5.89,True,Active,zain,Forward,Normal,1: Walking
1787670911.7826111,28462,Person 55,102.8,1161.0,-390.0,1263.05,7.23,True,Active,zain,Forward,Normal,1: Walking
1787670911.8715923,28463,Person 55,128.4,1208.2,-480.0,1309.16,8.43,True,Active,zain,Forward,Normal,1: Walking
1787670911.9626749,28464,Person 55,161.2,1250.6,-560.0,1349.16,10.16,True,Active,zain,Forward,Normal,1: Walking
1787670912.0583858,28465,Person 55,197.8,1288.4,-480.0,1381.64,11.48,True,Active,zain,Forward,Normal,1: Walking
1787670912.1482222,28466,Person 55,233.0,1322.0,-390.0,1412.45,12.3,True,Active,zain,Forward,Normal,1: Walking
1787670912.2279801,28467,Person 55,264.6,1356.6,-480.0,1460.81,12.53,True,Active,zain,Forward,Normal,1: Walking
1787670912.316857,28468,Person 55,291.6,1390.6,-240.0,1501.05,12.58,True,Active,zain,Forward,Normal,1: Walking
1787670912.4065685,28469,Person 55,307.0,1426.4,-390.0,1539.57,11.81,True,Active,zain,Forward,Normal,1: Walking
1787670912.5020802,28470,Person 55,315.8,1464.2,-80.0,1575.63,11.68,True,Active,zain,Forward,Normal,1: Walking
1787670912.5843337,28471,Person 55,318.0,1506.6,-720.0,1622.28,11.09,True,Active,zain,Forward,Normal,1: Walking
1787670912.6733003,28472,Person 55,316.2,1548.2,-80.0,1662.77,10.67,True,Active,zain,Forward,Normal,6: Fall onset
1787670912.762033,28473,Person 55,311.0,1588.0,-240.0,1691.0,10.25,True,Active,zain,Forward,Normal,6: Fall onset
1787670912.8523574,28474,Person 55,304.0,1627.4,-1040.0,1726.85,9.33,True,Active,zain,Forward,Normal,6: Fall onset
1787670912.9437857,28475,Person 55,293.8,1664.4,-640.0,1748.66,8.82,True,Active,zain,Forward,Normal,6: Fall onset
1787670913.029887,28476,Person 55,284.4,1697.8,-790.0,1778.85,8.57,True,Active,zain,Forward,Normal,6: Fall onset
1787670913.1186059,28477,Person 55,275.2,1730.0,-1120.0,1814.02,8.3,True,Active,zain,Forward,Normal,6: Fall onset
1787670913.207007,28478,Person 55,266.0,1766.6,-1190.0,1864.52,7.86,True,Active,zain,Forward,Normal,6: Fall onset
1787670913.2969868,28479,Person 55,258.8,1809.6,-1760.0,1934.45,7.25,True,Active,zain,Forward,Normal,6: Fall onset
1787670913.3904662,28480,Person 55,250.2,1864.2,-1520.0,2013.61,6.42,True,Active,zain,Forward,Normal,6: Fall onset
1787670913.4811864,28481,Person 55,238.2,1931.4,-960.0,2105.01,5.59,True,Active,zain,Forward,Normal,6: Fall onset
1787670913.5626562,28482,Person 55,222.4,2009.8,-390.0,2194.64,4.78,True,Active,zain,Forward,Normal,6: Fall onset
1787670913.6522045,28483,Person 55,204.0,2096.0,-390.0,2283.82,4.09,True,Active,zain,Forward,Normal,6: Fall onset
1787670913.7444487,28484,Person 55,187.4,2181.0,-160.0,2349.52,3.93,True,Active,zain,Forward,Normal,6: Fall onset
1787670913.8308685,28485,Person 55,179.2,2256.0,-160.0,2383.11,4.43,True,Active,zain,Forward,Normal,6: Fall onset
1787670913.9194307,28486,Person 55,179.2,2317.6,-1760.0,2411.73,4.88,True,Active,zain,Forward,Normal,6: Fall onset
1787670914.007606,28487,Person 55,177.8,2381.4,-640.0,2512.17,4.02,True,Active,zain,Forward,Normal,6: Fall onset
1787670914.0968735,28488,Person 55,174.4,2446.4,240.0,2607.09,3.21,True,Active,zain,Forward,Normal,6: Fall onset
1787670914.1867125,28489,Person 55,164.6,2518.6,240.0,2707.32,2.37,True,Active,zain,Forward,Normal,6: Fall onset
1787670914.276221,28490,Person 55,140.4,2597.6,0.0,2771.72,1.3,True,Active,zain,Forward,Normal,6: Fall onset
1787670914.3673408,28491,Person 55,103.4,2679.2,160.0,2811.07,0.41,True,Active,zain,Forward,Normal,6: Fall onset
1787670914.4529707,28492,Person 55,75.4,2731.2,80.0,2766.23,0.75,True,Active,zain,Forward,Normal,6: Fall onset
1787670914.5414562,28493,Person 55,54.0,2760.2,80.0,2748.28,0.81,True,Active,zain,Forward,Normal,6: Fall onset
1787670914.6312876,28494,Person 55,38.8,2762.8,-80.0,2718.24,0.76,True,Active,zain,Forward,Normal,6: Fall onset
1787670914.7223935,28495,Person 55,32.8,2745.0,-80.0,2682.2,0.7,True,Active,zain,Forward,Normal,6: Fall onset
1787670914.8086948,28496,Person 55,35.0,2717.6,-320.0,2674.18,0.66,True,Active,zain,Forward,Normal,6: Fall onset
1787670914.8979964,28497,Person 55,33.4,2698.0,-320.0,2668.15,0.6,True,Active,zain,Forward,Normal,6: Fall onset
1787670914.9901853,28498,Person 55,28.2,2683.8,-80.0,2677.03,0.28,True,Active,zain,Forward,Normal,7: Post-fall stillness
1787670915.0764852,28499,Person 55,14.2,2682.2,80.0,2710.21,-0.72,True,Active,zain,Forward,Normal,7: Post-fall stillness
1787670915.16829,28500,Person 55,-13.8,2705.6,0.0,2801.04,-2.19,True,Active,zain,Forward,Normal,7: Post-fall stillness
1787670915.2548742,28501,Person 55,-52.4,2747.0,0.0,2885.55,-3.22,True,Active,zain,Forward,Normal,7: Post-fall stillness
1787670915.3452294,28502,Person 55,-100.0,2806.8,0.0,2974.42,-4.05,True,Active,zain,Forward,Normal,7: Post-fall stillness
1787670915.4507427,28503,Person 55,-148.0,2880.0,0.0,3051.46,-4.27,True,Active,zain,Forward,Normal,7: Post-fall stillness
1787670915.5213428,28504,Person 55,-185.8,2954.4,0.0,3090.06,-4.14,True,Active,zain,Forward,Normal,7: Post-fall stillness
1787670915.61077,28505,Person 55,-214.0,3014.2,0.0,3107.91,-4.58,True,Active,zain,Forward,Normal,7: Post-fall stillness
1787670915.7065156,28506,Person 55,-235.4,3059.2,0.0,3117.63,-4.95,True,Active,zain,Forward,Normal,7: Post-fall stillness
1787670915.7873678,28507,Person 55,-249.0,3087.4,0.0,3120.41,-5.11,True,Active,zain,Forward,Normal,7: Post-fall stillness
1787670915.8769128,28508,Person 55,-257.6,3102.0,-80.0,3127.68,-4.95,True,Active,zain,Forward,Normal,7: Post-fall stillness
1787670915.9662054,28509,Person 55,-268.0,3111.6,-80.0,3142.06,-5.02,True,Active,zain,Forward,Normal,7: Post-fall stillness
1787670916.055775,28510,Person 55,-274.2,3121.2,-80.0,3158.35,-5.07,True,Active,zain,Forward,Normal,7: Post-fall stillness
1787670916.1437669,28511,Person 55,-274.0,3131.6,160.0,3169.35,-4.85,True,Active,zain,Forward,Normal,7: Post-fall stillness
1787670916.2325225,28512,Person 55,-268.8,3142.2,0.0,3171.03,-4.56,True,Active,zain,Forward,Normal,7: Post-fall stillness
1787670916.3217614,28513,Person 55,-259.6,3147.6,0.0,3150.97,-4.08,True,Active,zain,Forward,Normal,7: Post-fall stillness
1787670916.4109275,28514,Person 55,-242.6,3141.0,0.0,3102.82,-3.51,True,Active,zain,Forward,Normal,7: Post-fall stillness
1787670916.5005345,28515,Person 55,-215.6,3115.6,80.0,3022.43,-2.73,True,Active,zain,Forward,Normal,7: Post-fall stillness
1787670916.589621,28516,Person 55,-179.2,3066.2,240.0,2912.27,-1.69,True,Active,zain,Forward,Normal,7: Post-fall stillness
1787670916.6772714,28517,Person 55,-136.6,3000.4,560.0,2832.27,-0.79,True,Active,zain,Forward,Normal,7: Post-fall stillness
1787670916.7663255,28518,Person 55,-90.8,2923.0,560.0,2756.0,0.1,True,Active,zain,Forward,Normal,7: Post-fall stillness
1787670916.8558836,28519,Person 55,-43.4,2840.8,560.0,2686.41,1.0,True,Active,zain,Forward,Normal,7: Post-fall stillness
1787670916.9500072,28520,Person 55,-0.4,2770.6,320.0,2668.94,1.52,True,Active,zain,Forward,Normal,7: Post-fall stillness
1787670917.033581,28521,Person 55,30.4,2723.2,240.0,2674.86,1.46,True,Active,zain,Forward,Normal,7: Post-fall stillness
1787670917.122564,28522,Person 55,47.8,2691.4,0.0,2673.43,1.03,True,Active,zain,Forward,Normal,7: Post-fall stillness
1787670917.2111492,28523,Person 55,55.0,2673.8,240.0,2668.32,0.88,True,Active,zain,Forward,Normal,8: Recovery / standing back up
1787670917.3009014,28524,Person 55,53.4,2668.2,720.0,2658.29,0.84,True,Active,zain,Forward,Normal,8: Recovery / standing back up
1787670917.3899152,28525,Person 55,47.0,2663.6,640.0,2645.29,0.84,True,Active,zain,Forward,Normal,8: Recovery / standing back up
1787670917.4821806,28526,Person 55,42.8,2649.0,390.0,2601.42,1.04,True,Active,zain,Forward,Normal,8: Recovery / standing back up
1787670917.5673528,28527,Person 55,44.6,2625.2,390.0,2554.64,1.28,True,Active,zain,Forward,Normal,8: Recovery / standing back up
1787670917.65579,28528,Person 55,50.4,2594.8,-80.0,2516.97,1.59,True,Active,zain,Forward,Normal,8: Recovery / standing back up
1787670917.746389,28529,Person 55,58.0,2558.6,320.0,2478.2,1.78,True,Active,zain,Forward,Normal,8: Recovery / standing back up
1787670917.8388517,28530,Person 55,66.0,2517.6,320.0,2441.28,1.85,True,Active,zain,Forward,Normal,8: Recovery / standing back up
1787670917.930429,28531,Person 55,72.4,2478.0,320.0,2404.3,1.88,True,Active,zain,Forward,Normal,8: Recovery / standing back up
1787670918.0198467,28532,Person 55,76.6,2440.2,720.0,2366.29,1.89,True,Active,zain,Forward,Normal,8: Recovery / standing back up
1787670918.1018455,28533,Person 55,78.0,2402.8,720.0,2330.27,1.89,True,Active,zain,Forward,Normal,8: Recovery / standing back up
1787670918.1911278,28534,Person 55,77.6,2364.0,960.0,2284.23,1.88,True,Active,zain,Forward,Normal,8: Recovery / standing back up
1787670918.2853637,28535,Person 55,76.4,2321.8,790.0,2230.2,1.88,True,Active,zain,Forward,Normal,8: Recovery / standing back up
1787670918.372438,28536,Person 55,78.0,2262.6,560.0,2108.8,2.36,True,Active,zain,Forward,Normal,8: Recovery / standing back up
1787670918.4570525,28537,Person 55,83.6,2192.0,480.0,2014.79,3.02,True,Active,zain,Forward,Normal,8: Recovery / standing back up
1787670918.5461535,28538,Person 55,88.2,2114.0,1120.0,1941.58,2.95,True,Active,zain,Forward,Normal,8: Recovery / standing back up
1787670918.6357002,28539,Person 55,94.6,2032.4,80.0,1878.05,3.27,True,Active,zain,Forward,Normal,8: Recovery / standing back up
1787670918.7305024,28540,Person 55,106.4,1953.4,880.0,1838.74,4.12,True,Active,zain,Forward,Normal,8: Recovery / standing back up
1787670918.8207955,28541,Person 55,126.6,1895.8,880.0,1828.69,5.9,True,Active,zain,Forward,Normal,8: Recovery / standing back up
1787670918.9023218,28542,Person 55,156.4,1855.0,390.0,1825.89,8.03,True,Active,zain,Forward,Normal,8: Recovery / standing back up
1787670918.9914527,28543,Person 55,198.4,1827.0,-160.0,1825.51,9.78,True,Active,zain,Forward,Normal,8: Recovery / standing back up
1787670919.0826333,28544,Person 55,244.8,1810.0,320.0,1821.82,10.72,True,Active,zain,Forward,Normal,8: Recovery / standing back up
1787670919.1692622,28545,Person 55,285.6,1799.4,80.0,1812.42,10.68,True,Active,zain,Forward,Normal,8: Recovery / standing back up
1787670919.2591543,28546,Person 55,311.8,1789.8,80.0,1799.5,10.21,True,Active,zain,Forward,Normal,8: Recovery / standing back up
1787670919.3468642,28547,Person 55,323.4,1781.6,80.0,1794.51,10.04,True,Active,zain,Forward,Normal,8: Recovery / standing back up
1787670919.435908,28548,Person 55,322.2,1774.6,0.0,1790.0,9.78,True,Active,zain,Forward,Normal,8: Recovery / standing back up
1787670919.5265386,28549,Person 55,312.8,1769.2,0.0,1787.02,9.4,True,Active,zain,Forward,Normal,8: Recovery / standing back up
1787670919.614504,28550,Person 55,302.2,1765.0,0.0,1782.61,9.13,True,Active,zain,Forward,Normal,8: Recovery / standing back up
1787670919.7047622,28551,Person 55,294.2,1762.4,-80.0,1780.0,9.02,True,Active,zain,Forward,Normal,2: Standing / idle
1787670919.7922378,28552,Person 55,287.0,1760.4,-80.0,1778.7,8.96,True,Active,zain,Forward,Normal,2: Standing / idle
1787670919.8812435,28553,Person 55,282.4,1758.6,-390.0,1777.35,9.1,True,Active,zain,Forward,Normal,2: Standing / idle
1787670919.9712906,28554,Person 55,280.6,1756.6,-80.0,1775.7,9.17,True,Active,zain,Forward,Normal,2: Standing / idle
1787670920.0594063,28555,Person 55,282.4,1755.0,-80.0,1776.17,9.46,True,Active,zain,Forward,Normal,2: Standing / idle
1787670920.156677,28556,Person 55,288.2,1753.2,-160.0,1775.91,9.99,True,Active,zain,Forward,Normal,2: Standing / idle
1787670920.2371912,28557,Person 55,296.2,1751.0,-160.0,1774.54,10.29,True,Active,zain,Forward,Normal,2: Standing / idle
1787670920.3260565,28558,Person 55,302.2,1748.2,-240.0,1768.56,10.13,True,Active,zain,Forward,Normal,2: Standing / idle
1787670920.4354174,28559,Person 55,307.2,1746.0,-160.0,1769.02,10.03,True,Active,zain,Forward,Normal,2: Standing / idle
1787670920.506703,28560,Person 55,309.6,1744.2,-80.0,1769.31,9.89,True,Active,zain,Forward,Normal,2: Standing / idle
1787670920.593533,28561,Person 55,308.8,1743.4,-390.0,1771.28,9.88,True,Active,zain,Forward,Normal,2: Standing / idle
1787670920.6823885,28562,Person 55,305.8,1744.0,-80.0,1774.88,9.8,True,Active,zain,Forward,Normal,2: Standing / idle
1787670920.771235,28563,Person 55,304.2,1747.2,-160.0,1782.94,9.78,True,Active,zain,Forward,Normal,2: Standing / idle
1787670920.8612356,28564,Person 55,303.2,1751.2,-80.0,1787.86,9.76,True,Active,zain,Forward,Normal,2: Standing / idle
1787670920.9538841,28565,Person 55,302.2,1756.0,0.0,1792.12,9.6,True,Active,zain,Forward,Normal,2: Standing / idle
1787670921.0382314,28566,Person 55,300.4,1760.6,-80.0,1792.44,9.47,True,Active,zain,Forward,Normal,2: Standing / idle
1787670921.12695,28567,Person 55,298.2,1764.4,-80.0,1791.79,9.35,True,Active,zain,Forward,Normal,2: Standing / idle
1787670921.2157283,28568,Person 55,294.0,1766.6,0.0,1790.35,9.06,True,Active,zain,Forward,Normal,2: Standing / idle
1787670921.3060179,28569,Person 55,287.8,1768.0,0.0,1789.79,8.74,True,Active,zain,Forward,Normal,2: Standing / idle
1787670921.3992445,28570,Person 55,281.6,1768.8,-160.0,1791.16,8.61,True,Active,zain,Forward,Normal,2: Standing / idle
1787670921.4834468,28571,Person 55,275.8,1768.8,240.0,1787.9,8.56,True,Active,zain,Forward,Normal,2: Standing / idle
1787670921.572035,28572,Person 55,270.4,1768.0,160.0,1783.65,8.51,True,Active,zain,Forward,Normal,2: Standing / idle
1787670921.6615672,28573,Person 55,267.0,1766.6,-160.0,1780.83,8.56,True,Active,zain,Forward,Normal,2: Standing / idle
1787670921.750404,28574,Person 55,265.4,1765.0,160.0,1780.68,8.53,True,Active,zain,Forward,Normal,2: Standing / idle
1787670921.839183,28575,Person 55,264.0,1763.0,160.0,1780.24,8.43,True,Active,zain,Forward,Normal,2: Standing / idle
1787670921.9325583,28576,Person 55,262.0,1761.2,320.0,1777.53,8.28,True,Active,zain,Forward,Normal,2: Standing / idle
1787670922.0164242,28577,Person 55,259.0,1759.8,240.0,1774.56,8.07,True,Active,zain,Forward,Normal,1: Walking
1787670922.1058486,28578,Person 55,254.0,1758.6,160.0,1771.33,7.79,True,Active,zain,Forward,Normal,1: Walking
1787670922.1955338,28579,Person 55,247.8,1757.8,80.0,1772.38,7.55,True,Active,zain,Forward,Normal,1: Walking
1787670922.287154,28580,Person 55,241.0,1758.4,0.0,1778.55,7.33,True,Active,zain,Forward,Normal,1: Walking
1787670922.3803809,28581,Person 55,233.8,1760.8,0.0,1784.61,7.08,True,Active,zain,Forward,Normal,1: Walking
1787670922.4655824,28582,Person 55,226.6,1765.2,-80.0,1791.71,6.83,True,Active,zain,Forward,Normal,1: Walking
1787670922.5506885,28583,Person 55,219.2,1771.4,-80.0,1797.5,6.48,True,Active,zain,Forward,Normal,1: Walking
1787670922.6404855,28584,Person 55,209.8,1778.2,-160.0,1800.63,5.93,True,Active,zain,Forward,Normal,1: Walking
1787670922.7285848,28585,Person 55,189.4,1784.4,-240.0,1799.35,3.98,True,Active,zain,Forward,Normal,1: Walking
1787670922.8185294,28586,Person 55,157.0,1787.4,0.0,1786.94,1.86,True,Active,zain,Forward,Normal,1: Walking
1787670922.9071486,28587,Person 55,98.4,1783.0,0.0,1758.82,-2.61,True,Active,zain,Forward,Normal,1: Walking
1787670922.996491,28588,Person 55,18.6,1770.2,-160.0,1733.12,-6.49,True,Active,zain,Forward,Normal,1: Walking
1787670923.0881536,28589,Person 55,-77.2,1746.2,-80.0,1696.49,-9.95,True,Active,zain,Forward,Normal,1: Walking
1787670923.173762,28590,Person 55,-177.0,1711.4,-160.0,1663.59,-12.99,True,Active,zain,Forward,Normal,1: Walking
1787670923.2685256,28591,Person 55,-277.4,1669.0,-160.0,1635.42,-15.75,True,Active,zain,Forward,Normal,1: Walking
1787670923.3513155,28592,Person 55,-366.0,1626.2,-160.0,1629.23,-18.72,True,Active,zain,Forward,Normal,1: Walking
1787670923.4405313,28593,Person 55,-449.4,1580.8,-80.0,1615.8,-22.3,True,Active,zain,Forward,Normal,1: Walking
1787670923.5304608,28594,Person 55,-532.0,1536.2,-80.0,1610.94,-25.99,True,Active,zain,Forward,Normal,1: Walking
1787670923.6191707,28595,Person 55,-615.8,1492.6,-320.0,1611.6,-29.48,True,Active,zain,Forward,Normal,1: Walking
1787670923.7098072,28596,Person 55,-704.0,1453.4,-160.0,1637.71,-32.71,True,Active,zain,Forward,Normal,1: Walking
1787670923.7963922,28597,Person 55,-791.6,1413.4,-160.0,1651.41,-35.59,True,Active,zain,Forward,Normal,1: Walking
1787670923.885805,28598,Person 55,-877.4,1380.8,-160.0,1691.15,-38.04,True,Active,zain,Forward,Normal,1: Walking
1787670923.9764,28599,Person 55,-957.4,1353.6,-240.0,1715.98,-40.13,True,Active,zain,Forward,Normal,1: Walking
1787670924.0637364,28600,Person 55,-1034.0,1336.0,-240.0,1764.14,-41.81,True,Active,zain,Forward,Normal,1: Walking
1787670924.1576676,28601,Person 55,-1109.4,1328.0,-240.0,1839.26,-43.33,True,Active,zain,Forward,Normal,1: Walking
1787670924.2412992,28602,Person 55,-1184.2,1331.0,-320.0,1904.31,-44.51,True,Active,zain,Forward,Normal,1: Walking
1787670924.3308575,28603,Person 55,-1246.6,1333.2,-160.0,1907.08,-45.23,True,Active,zain,Forward,Normal,1: Walking
1787670924.4199963,28604,Person 55,-1298.4,1334.4,-160.0,1897.46,-46.0,True,Active,zain,Forward,Normal,1: Walking
1787670924.5142806,28605,Person 55,-1339.6,1326.2,240.0,1879.63,-47.33,True,Active,zain,Forward,Normal,1: Walking
1787670924.5993052,28606,Person 55,-1365.4,1307.8,-320.0,1867.46,-48.15,True,Active,zain,Forward,Normal,1: Walking
1787670924.6866558,28607,Person 55,-1381.8,1281.0,-160.0,1872.45,-49.18,True,Active,zain,Forward,Normal,1: Walking
1787670924.7756622,28608,Person 55,-1399.8,1255.2,320.0,1886.51,-49.95,True,Active,zain,Forward,Normal,1: Walking
1787670924.8659923,28609,Person 55,-1420.0,1230.0,640.0,1889.45,-50.89,True,Active,zain,Forward,Normal,1: Walking
1787670924.9609022,28610,Person 55,-1440.2,1212.4,720.0,1898.92,-51.35,True,Active,zain,Forward,Normal,1: Walking
1787670925.0429096,28611,Person 55,-1459.2,1198.0,640.0,1893.8,-51.69,True,Active,zain,Forward,Normal,1: Walking
1787670925.131862,28612,Person 55,-1471.0,1186.0,480.0,1879.75,-51.74,True,Active,zain,Forward,Normal,1: Walking
1787670925.2212384,28613,Person 55,-1473.4,1172.8,480.0,1854.14,-51.75,True,Active,zain,Forward,Normal,1: Walking
1787670925.3099399,28614,Person 55,-1468.4,1158.8,790.0,1826.3,-52.09,True,Active,zain,Forward,Normal,1: Walking
1787670925.3997893,28615,Person 55,-1456.4,1140.2,560.0,1794.32,-52.47,True,Active,zain,Forward,Normal,1: Walking
1787670925.4888606,28616,Person 55,-1440.6,1110.4,320.0,1740.77,-53.93,True,Active,zain,Forward,Normal,1: Walking
1787670925.5790744,28617,Person 55,-1423.0,1069.8,640.0,1688.21,-55.3,True,Active,zain,Forward,Normal,1: Walking
1787670925.665042,28618,Person 55,-1402.8,1024.0,480.0,1637.25,-55.85,True,Active,zain,Forward,Normal,1: Walking
1787670925.7553902,28619,Person 55,-1376.0,976.8,790.0,1579.0,-55.87,True,Active,zain,Forward,Normal,1: Walking
1787670925.8444526,28620,Person 55,-1341.0,929.6,720.0,1513.92,-55.52,True,Active,zain,Forward,Normal,1: Walking
1787670925.932501,28621,Person 55,-1296.0,889.0,720.0,1439.72,-55.18,True,Active,zain,Forward,Normal,1: Walking
1787670926.0210018,28622,Person 55,-1243.8,857.6,480.0,1384.39,-54.5,True,Active,zain,Forward,Normal,1: Walking
1787670926.1097133,28623,Person 55,-1186.6,827.6,880.0,1316.86,-54.27,True,Active,zain,Forward,Normal,1: Walking
1787670926.2063532,28624,Person 55,-1126.4,795.2,640.0,1239.44,-54.26,True,Active,zain,Forward,Normal,1: Walking
1787670926.2889273,28625,Person 55,-1065.6,760.0,320.0,1164.0,-54.19,True,Active,zain,Forward,Normal,1: Walking
1787670926.3775506,28626,Person 55,-1005.8,723.4,240.0,1089.96,-54.11,True,Active,zain,Forward,Normal,1: Walking
1787670926.4668336,28627,Person 55,-944.0,684.2,240.0,1019.21,-53.38,True,Active,zain,Forward,Normal,1: Walking
1787670926.5551152,28628,Person 55,-882.0,649.8,160.0,965.66,-51.81,True,Active,zain,Forward,Normal,1: Walking
1787670926.6448748,28629,Person 55,-822.4,624.6,240.0,926.75,-49.81,True,Active,zain,Forward,Normal,1: Walking
1787670926.7333,28630,Person 55,-765.2,609.4,160.0,893.86,-47.4,True,Active,zain,Forward,Normal,1: Walking
1787670926.822435,28631,Person 55,-710.6,604.4,80.0,865.5,-44.81,True,Active,zain,Forward,Normal,1: Walking
1787670926.9122086,28632,Person 55,-659.2,607.8,-80.0,839.85,-41.91,True,Active,zain,Forward,Normal,1: Walking
1787670926.999918,28633,Person 55,-609.4,616.8,-160.0,819.92,-38.46,True,Active,zain,Forward,Normal,1: Walking
1787670927.0900965,28634,Person 55,-558.2,630.6,-160.0,805.73,-34.12,True,Active,zain,Forward,Normal,1: Walking
1787670927.1799276,28635,Person 55,-504.8,646.4,-240.0,787.87,-29.75,True,Active,zain,Forward,Normal,1: Walking
1787670927.274564,28636,Person 55,-445.8,665.4,-390.0,775.83,-23.95,True,Active,zain,Forward,Normal,1: Walking
1787670927.356104,28637,Person 55,-382.4,688.4,-390.0,779.19,-18.25,True,Active,zain,Forward,Normal,1: Walking
1787670927.4446785,28638,Person 55,-314.2,713.2,-390.0,784.42,-12.44,True,Active,zain,Forward,Normal,1: Walking
1787670927.5349958,28639,Person 55,-244.0,739.0,-320.0,802.38,-7.23,True,Active,zain,Forward,Normal,1: Walking
1787670927.630061,28640,Person 55,-175.8,766.4,-320.0,822.52,-3.49,True,Active,zain,Forward,Normal,1: Walking
1787670927.7125883,28641,Person 55,-116.6,796.8,-240.0,861.21,-1.26,True,Active,zain,Forward,Normal,1: Walking
1787670927.8024251,28642,Person 55,-63.6,827.2,-480.0,892.25,1.35,True,Active,zain,Forward,Normal,1: Walking
1787670927.892946,28643,Person 55,-18.0,859.0,-560.0,926.88,3.65,True,Active,zain,Forward,Normal,1: Walking
1787670927.9799745,28644,Person 55,17.8,895.0,-480.0,979.11,4.57,True,Active,zain,Forward,Normal,1: Walking
1787670928.0680633,28645,Person 55,44.2,938.2,-720.0,1040.24,4.52,True,Active,zain,Forward,Normal,1: Walking
1787670928.1639655,28646,Person 55,68.2,985.8,-1040.0,1103.63,5.25,True,Active,zain,Forward,Normal,1: Walking
1787670928.2457495,28647,Person 55,84.0,1040.2,-1190.0,1168.29,4.91,True,Active,zain,Forward,Normal,1: Walking
1787670928.335577,28648,Person 55,92.8,1101.6,-960.0,1236.3,4.78,True,Active,zain,Forward,Normal,1: Walking
1787670928.4252148,28649,Person 55,98.8,1164.8,-640.0,1296.51,4.78,True,Active,zain,Forward,Normal,1: Walking
1787670928.5140522,28650,Person 55,103.0,1231.8,-1440.0,1375.86,4.29,True,Active,zain,Forward,Normal,1: Walking
1787670928.6031299,28651,Person 55,103.6,1300.4,-720.0,1445.75,4.13,True,Active,zain,Forward,Normal,6: Fall onset
1787670928.6906419,28652,Person 55,102.2,1374.0,-240.0,1534.82,3.47,True,Active,zain,Forward,Normal,6: Fall onset
1787670928.7794914,28653,Person 55,99.8,1447.8,-790.0,1603.58,3.25,True,Active,zain,Forward,Normal,6: Fall onset
1787670928.869059,28654,Person 55,94.2,1522.2,-1190.0,1665.92,2.75,True,Active,zain,Forward,Normal,6: Fall onset
1787670928.9692063,28655,Person 55,88.4,1593.6,-1120.0,1730.58,2.45,True,Active,zain,Forward,Normal,6: Fall onset
1787670929.0516768,28656,Person 55,81.4,1666.0,-1680.0,1805.32,2.19,True,Active,zain,Forward,Normal,6: Fall onset
1787670929.135423,28657,Person 55,75.0,1736.0,-1680.0,1882.99,1.86,True,Active,zain,Forward,Normal,6: Fall onset
1787670929.2248383,28658,Person 55,67.4,1808.4,-1120.0,1963.72,1.55,True,Active,zain,Forward,Normal,6: Fall onset
1787670929.31456,28659,Person 55,56.6,1880.8,-80.0,2026.17,0.74,True,Active,zain,Forward,Normal,6: Fall onset
1787670929.4037027,28660,Person 55,39.8,1955.2,-240.0,2101.02,-0.27,True,Active,zain,Forward,Normal,6: Fall onset
1787670929.4927092,28661,Person 55,20.0,2026.8,80.0,2162.21,-0.79,True,Active,zain,Forward,Normal,6: Fall onset
1787670929.5806918,28662,Person 55,3.0,2096.4,-480.0,2230.13,-0.62,True,Active,zain,Forward,Normal,6: Fall onset
1787670929.6698024,28663,Person 55,-7.0,2166.2,-390.0,2312.0,0.07,True,Active,zain,Forward,Normal,6: Fall onset
1787670929.7607293,28664,Person 55,-6.6,2236.6,320.0,2378.16,0.67,True,Active,zain,Forward,Normal,6: Fall onset
1787670929.8486855,28665,Person 55,0.6,2304.8,0.0,2442.14,0.61,True,Active,zain,Forward,Normal,6: Fall onset
1787670929.940566,28666,Person 55,5.2,2379.8,-240.0,2537.01,-0.16,True,Active,zain,Forward,Normal,6: Fall onset
1787670930.02571,28667,Person 55,-10.8,2466.0,-160.0,2663.03,-2.24,True,Active,zain,Forward,Normal,6: Fall onset
1787670930.1139276,28668,Person 55,-48.2,2561.4,-80.0,2795.06,-3.77,True,Active,zain,Forward,Normal,6: Fall onset
1787670930.2043388,28669,Person 55,-107.2,2670.2,-80.0,2934.17,-5.22,True,Active,zain,Forward,Normal,6: Fall onset
1787670930.299967,28670,Person 55,-179.2,2788.0,80.0,3049.35,-6.29,True,Active,zain,Forward,Normal,6: Fall onset
1787670930.381915,28671,Person 55,-256.8,2907.0,80.0,3156.81,-7.19,True,Active,zain,Forward,Normal,6: Fall onset
1787670930.470742,28672,Person 55,-326.2,3019.4,80.0,3254.4,-7.97,True,Active,zain,Forward,Normal,6: Fall onset
1787670930.5590577,28673,Person 55,-389.2,3122.2,80.0,3340.48,-8.59,True,Active,zain,Forward,Normal,6: Fall onset
1787670930.6494014,28674,Person 55,-444.2,3212.4,80.0,3416.27,-9.13,True,Active,zain,Forward,Normal,6: Fall onset
1787670930.737664,28675,Person 55,-484.6,3271.4,0.0,3368.91,-9.15,True,Active,zain,Forward,Normal,6: Fall onset
1787670930.8335037,28676,Person 55,-505.0,3296.0,80.0,3292.72,-8.68,True,Active,zain,Forward,Normal,6: Fall onset
1787670930.9153278,28677,Person 55,-507.0,3284.4,0.0,3198.4,-8.29,True,Active,zain,Forward,Normal,6: Fall onset
1787670931.0048676,28678,Person 55,-477.0,3221.8,80.0,3010.3,-6.66,True,Active,zain,Forward,Normal,6: Fall onset
1787670931.0949404,28679,Person 55,-414.4,3111.6,80.0,2831.28,-4.64,True,Active,zain,Forward,Normal,6: Fall onset
1787670931.1830058,28680,Person 55,-325.2,2979.0,0.0,2664.52,-1.94,True,Active,zain,Forward,Normal,6: Fall onset
1787670931.274967,28681,Person 55,-216.0,2830.6,0.0,2513.48,1.12,True,Active,zain,Forward,Normal,6: Fall onset
1787670931.3599477,28682,Person 55,-91.6,2674.6,0.0,2390.43,3.86,True,Active,zain,Forward,Normal,6: Fall onset
1787670931.4496584,28683,Person 55,31.2,2530.6,0.0,2285.42,6.66,True,Active,zain,Forward,Normal,6: Fall onset
1787670931.539222,28684,Person 55,143.6,2404.6,0.0,2217.15,8.64,True,Active,zain,Forward,Normal,6: Fall onset
1787670931.6278481,28685,Person 55,239.8,2297.6,0.0,2163.62,10.41,True,Active,zain,Forward,Normal,6: Fall onset
1787670931.7170472,28686,Person 55,317.6,2210.2,0.0,2121.7,11.91,True,Active,zain,Forward,Normal,6: Fall onset
1787670931.8053029,28687,Person 55,380.8,2140.0,0.0,2089.18,13.2,True,Active,zain,Forward,Normal,6: Fall onset
1787670931.89537,28688,Person 55,429.8,2085.8,0.0,2063.03,14.31,True,Active,zain,Forward,Normal,6: Fall onset
1787670931.984675,28689,Person 55,470.4,2041.4,0.0,2041.62,15.22,True,Active,zain,Forward,Normal,6: Fall onset
1787670932.073298,28690,Person 55,503.8,2005.2,0.0,2025.38,15.99,True,Active,zain,Forward,Normal,6: Fall onset
1787670932.1686735,28691,Person 55,529.8,1977.2,0.0,2017.6,16.35,True,Active,zain,Forward,Normal,6: Fall onset
1787670932.2496502,28692,Person 55,549.6,1955.8,0.0,2011.24,16.64,True,Active,zain,Forward,Normal,6: Fall onset
1787670932.3392594,28693,Person 55,564.4,1939.8,0.0,2005.9,16.93,True,Active,zain,Forward,Normal,6: Fall onset
1787670932.429038,28694,Person 55,575.4,1928.2,0.0,2001.26,17.18,True,Active,zain,Forward,Normal,7: Post-fall stillness
1787670932.517742,28695,Person 55,583.2,1919.8,0.0,1996.36,17.4,True,Active,zain,Forward,Normal,7: Post-fall stillness
1787670932.6072626,28696,Person 55,590.2,1912.4,0.0,1992.44,17.62,True,Active,zain,Forward,Normal,7: Post-fall stillness
1787670932.6954541,28697,Person 55,596.6,1905.8,0.0,1989.2,17.8,True,Active,zain,Forward,Normal,7: Post-fall stillness
1787670932.7840357,28698,Person 55,602.2,1899.8,0.0,1985.66,17.95,True,Active,zain,Forward,Normal,7: Post-fall stillness
1787670932.8743591,28699,Person 55,606.8,1894.8,0.0,1984.38,18.02,True,Active,zain,Forward,Normal,7: Post-fall stillness
1787670932.9631917,28700,Person 55,610.2,1891.2,0.0,1984.38,18.02,True,Active,zain,Forward,Normal,7: Post-fall stillness
1787670933.0519598,28701,Person 55,612.4,1888.8,0.0,1984.38,18.02,True,Active,zain,Forward,Normal,7: Post-fall stillness
1787670933.1397827,28702,Person 55,613.6,1887.4,0.0,1984.38,18.02,True,Active,zain,Forward,Normal,7: Post-fall stillness
1787670933.2290993,28703,Person 55,614.0,1887.0,0.0,1984.38,18.02,True,Active,zain,Forward,Normal,7: Post-fall stillness
1787670933.321546,28704,Person 55,614.0,1887.0,0.0,1984.38,18.02,True,Active,zain,Forward,Normal,7: Post-fall stillness
1787670933.4152598,28705,Person 55,614.0,1887.0,0.0,1984.38,18.02,True,Active,zain,Forward,Normal,7: Post-fall stillness
1787670933.4972658,28706,Person 55,614.0,1887.0,0.0,1984.38,18.02,True,Active,zain,Forward,Normal,7: Post-fall stillness
1787670933.5851784,28707,Person 55,614.0,1887.0,0.0,1984.38,18.02,True,Active,zain,Forward,Normal,7: Post-fall stillness
1787670933.6746728,28708,Person 55,614.0,1887.0,0.0,1984.38,18.02,True,Active,zain,Forward,Normal,7: Post-fall stillness
1787670933.763939,28709,Person 55,614.0,1887.0,0.0,1984.38,18.02,True,Active,zain,Forward,Normal,7: Post-fall stillness
1787670933.8526824,28710,Person 55,614.0,1887.0,0.0,1984.38,18.02,True,Active,zain,Forward,Normal,7: Post-fall stillness
1787670933.9413245,28711,Person 55,614.0,1887.0,0.0,1984.38,18.02,True,Active,zain,Forward,Normal,7: Post-fall stillness
1787670934.039786,28712,Person 55,614.0,1887.0,0.0,1984.38,18.02,True,Active,zain,Forward,Normal,7: Post-fall stillness
1787670934.1197565,28713,Person 55,614.0,1887.0,0.0,1984.38,18.02,True,Active,zain,Forward,Normal,7: Post-fall stillness
1787670934.2087307,28714,Person 55,614.0,1887.0,0.0,1984.38,18.02,True,Active,zain,Forward,Normal,7: Post-fall stillness
1787670934.3051834,28715,Person 55,614.0,1887.0,0.0,1984.38,18.02,True,Active,zain,Forward,Normal,7: Post-fall stillness
1787670934.3937838,28716,Person 55,614.0,1887.0,0.0,1984.38,18.02,True,Active,zain,Forward,Normal,7: Post-fall stillness
1787670934.4751635,28717,Person 55,614.0,1887.0,0.0,1984.38,18.02,True,Active,zain,Forward,Normal,7: Post-fall stillness
1787670934.5645716,28718,Person 55,614.0,1887.0,0.0,1984.38,18.02,True,Active,zain,Forward,Normal,7: Post-fall stillness
1787670934.6536841,28719,Person 55,614.0,1887.0,0.0,1984.38,18.02,True,Active,zain,Forward,Normal,7: Post-fall stillness
1787670934.7502038,28720,Person 55,614.0,1887.0,0.0,1984.38,18.02,True,Active,zain,Forward,Normal,7: Post-fall stillness
1787670934.8314767,28721,Person 55,614.0,1887.0,0.0,1984.38,18.02,True,Active,zain,Forward,Normal,7: Post-fall stillness
1787670934.9203427,28722,Person 55,614.0,1887.0,0.0,1984.38,18.02,True,Active,zain,Forward,Normal,7: Post-fall stillness
1787670935.0102408,28723,Person 55,614.0,1887.0,0.0,1984.38,18.02,True,Active,zain,Forward,Normal,7: Post-fall stillness
1787670935.0990922,28724,Person 55,614.0,1887.0,0.0,1984.38,18.02,True,Active,zain,Forward,Normal,7: Post-fall stillness
1787670935.1874201,28725,Person 55,614.0,1887.0,0.0,1984.38,18.02,True,Active,zain,Forward,Normal,7: Post-fall stillness
1787670935.2788756,28726,Person 55,614.0,1887.0,0.0,1984.38,18.02,True,Active,zain,Forward,Normal,7: Post-fall stillness
1787670935.3678381,28727,Person 55,614.0,1887.0,0.0,1984.38,18.02,True,Active,zain,Forward,Normal,7: Post-fall stillness
1787670935.4538586,28728,Person 55,614.0,1887.0,0.0,1984.38,18.02,True,Active,zain,Forward,Normal,7: Post-fall stillness
1787670935.5439224,28729,Person 55,614.0,1887.0,0.0,1984.38,18.02,True,Active,zain,Forward,Normal,7: Post-fall stillness
1787670935.6322985,28730,Person 55,614.0,1887.0,0.0,1984.38,18.02,True,Active,zain,Forward,Normal,7: Post-fall stillness
1787670935.7283168,28731,Person 55,614.6,1889.4,0.0,1996.72,18.0,True,Active,zain,Forward,Normal,7: Post-fall stillness
1787670935.8103793,28732,Person 55,615.8,1894.2,0.0,2009.06,17.98,True,Active,zain,Forward,Normal,7: Post-fall stillness
1787670935.8993442,28733,Person 55,617.4,1901.2,0.0,2020.14,17.93,True,Active,zain,Forward,Normal,7: Post-fall stillness
1787670935.989091,28734,Person 55,618.2,1910.4,-80.0,2029.39,17.73,True,Active,zain,Forward,Normal,7: Post-fall stillness
1787670936.0776417,28735,Person 55,617.4,1921.8,-80.0,2037.46,17.42,True,Active,zain,Forward,Normal,7: Post-fall stillness
1787670936.1732872,28736,Person 55,614.6,1933.0,-80.0,2045.88,17.14,True,Active,zain,Forward,Normal,7: Post-fall stillness
1787670936.2545075,28737,Person 55,610.0,1943.8,-80.0,2053.69,16.9,True,Active,zain,Forward,Normal,7: Post-fall stillness
1787670936.3435016,28738,Person 55,603.6,1954.4,-80.0,2061.24,16.63,True,Active,zain,Forward,Normal,7: Post-fall stillness
1787670936.4335918,28739,Person 55,596.8,1964.6,-80.0,2068.17,16.4,True,Active,zain,Forward,Normal,7: Post-fall stillness
1787670936.5293975,28740,Person 55,590.2,1974.4,-80.0,2074.84,16.15,True,Active,zain,Forward,Normal,7: Post-fall stillness
1787670936.6161497,28741,Person 55,583.8,1983.8,-80.0,2081.84,15.92,True,Active,zain,Forward,Normal,7: Post-fall stillness
1787670936.700883,28742,Person 55,577.6,1993.0,-80.0,2089.13,15.72,True,Active,zain,Forward,Normal,7: Post-fall stillness
1787670936.7886548,28743,Person 55,571.6,2001.8,-80.0,2095.22,15.5,True,Active,zain,Forward,Normal,7: Post-fall stillness
1787670936.8799841,28744,Person 55,565.8,2010.4,-80.0,2101.61,15.31,True,Active,zain,Forward,Normal,7: Post-fall stillness
1787670936.9742615,28745,Person 55,560.4,2018.8,-80.0,2108.01,15.12,True,Active,zain,Forward,Normal,7: Post-fall stillness
1787670937.0652747,28746,Person 55,555.2,2026.8,-80.0,2113.48,14.94,True,Active,zain,Forward,Normal,7: Post-fall stillness
1787670937.1447017,28747,Person 55,550.0,2034.4,-80.0,2118.96,14.76,True,Active,zain,Forward,Normal,7: Post-fall stillness
1787670937.2333362,28748,Person 55,545.0,2041.8,-80.0,2124.47,14.59,True,Active,zain,Forward,Normal,7: Post-fall stillness
1787670937.3230875,28749,Person 55,540.2,2049.0,-80.0,2130.24,14.43,True,Active,zain,Forward,Normal,7: Post-fall stillness
1787670937.4158547,28750,Person 55,536.4,2054.6,0.0,2130.24,14.43,True,Active,zain,Forward,Normal,7: Post-fall stillness
1787670937.5033998,28751,Person 55,533.6,2058.8,0.0,2130.24,14.43,True,Active,zain,Forward,Normal,7: Post-fall stillness
1787670937.589994,28752,Person 55,531.8,2061.6,0.0,2130.24,14.43,True,Active,zain,Forward,Normal,7: Post-fall stillness
1787670937.679029,28753,Person 55,531.0,2063.0,0.0,2130.24,14.43,True,Active,zain,Forward,Normal,7: Post-fall stillness
1787670937.768689,28754,Person 55,531.0,2063.0,0.0,2130.24,14.43,True,Active,zain,Forward,Normal,7: Post-fall stillness
1787670937.8639154,28755,Person 55,531.0,2063.0,0.0,2130.24,14.43,True,Active,zain,Forward,Normal,7: Post-fall stillness
1787670937.9537404,28756,Person 55,528.8,2064.0,0.0,2132.38,14.11,True,Active,zain,Forward,Normal,7: Post-fall stillness
1787670938.0348492,28757,Person 55,524.2,2066.6,240.0,2137.25,13.75,True,Active,zain,Forward,Normal,7: Post-fall stillness
1787670938.123551,28758,Person 55,515.2,2073.4,160.0,2152.58,13.05,True,Active,zain,Forward,Normal,7: Post-fall stillness
1787670938.2142873,28759,Person 55,501.2,2085.2,160.0,2171.5,12.26,True,Active,zain,Forward,Normal,7: Post-fall stillness
1787670938.3028069,28760,Person 55,483.4,2101.2,790.0,2188.11,11.65,True,Active,zain,Forward,Normal,7: Post-fall stillness
1787670938.3908136,28761,Person 55,464.8,2118.8,-240.0,2197.88,11.2,True,Active,zain,Forward,Normal,8: Recovery / standing back up
1787670938.4790988,28762,Person 55,446.0,2137.8,560.0,2210.12,10.8,True,Active,zain,Forward,Normal,8: Recovery / standing back up
1787670938.5685155,28763,Person 55,429.4,2155.0,560.0,2219.89,10.46,True,Active,zain,Forward,Normal,8: Recovery / standing back up
1787670938.658391,28764,Person 55,415.6,2169.2,720.0,2227.76,10.13,True,Active,zain,Forward,Normal,8: Recovery / standing back up
1787670938.746823,28765,Person 55,403.6,2180.8,720.0,2233.9,9.85,True,Active,zain,Forward,Normal,8: Recovery / standing back up
1787670938.8373387,28766,Person 55,393.0,2190.6,80.0,2236.49,9.63,True,Active,zain,Forward,Normal,8: Recovery / standing back up
1787670938.9246788,28767,Person 55,383.0,2197.6,560.0,2235.83,9.37,True,Active,zain,Forward,Normal,8: Recovery / standing back up
1787670939.0133972,28768,Person 55,372.8,2202.0,480.0,2232.92,9.07,True,Active,zain,Forward,Normal,8: Recovery / standing back up
1787670939.1043427,28769,Person 55,358.8,2204.4,390.0,2228.39,8.31,True,Active,zain,Forward,Normal,8: Recovery / standing back up
1787670939.196907,28770,Person 55,341.4,2204.6,390.0,2221.67,7.63,True,Active,zain,Forward,Normal,8: Recovery / standing back up
1787670939.280842,28771,Person 55,321.0,2202.8,320.0,2212.78,7.06,True,Active,zain,Forward,Normal,8: Recovery / standing back up
1787670939.3692412,28772,Person 55,297.8,2200.8,240.0,2209.96,6.44,True,Active,zain,Forward,Normal,8: Recovery / standing back up
1787670939.4581544,28773,Person 55,273.6,2197.0,80.0,2198.17,6.03,True,Active,zain,Forward,Normal,8: Recovery / standing back up
1787670939.5476654,28774,Person 55,250.8,2191.6,-160.0,2187.91,5.46,True,Active,zain,Forward,Normal,8: Recovery / standing back up
1787670939.6361017,28775,Person 55,228.0,2187.8,80.0,2190.49,4.74,True,Active,zain,Forward,Normal,8: Recovery / standing back up
1787670939.7277067,28776,Person 55,205.6,2185.2,160.0,2188.86,4.19,True,Active,zain,Forward,Normal,8: Recovery / standing back up
1787670939.8143678,28777,Person 55,185.0,2182.0,240.0,2184.82,3.81,True,Active,zain,Forward,Normal,8: Recovery / standing back up
1787670939.9039068,28778,Person 55,164.6,2181.4,160.0,2186.81,3.38,True,Active,zain,Forward,Normal,8: Recovery / standing back up
1787670939.9949641,28779,Person 55,146.8,2182.4,240.0,2186.24,3.12,True,Active,zain,Forward,Normal,8: Recovery / standing back up
1787670940.0814643,28780,Person 55,133.2,2182.8,320.0,2187.92,2.96,True,Active,zain,Forward,Normal,8: Recovery / standing back up
1787670940.1707184,28781,Person 55,122.8,2182.6,880.0,2184.67,2.83,True,Active,zain,Forward,Normal,8: Recovery / standing back up
1787670940.2589622,28782,Person 55,114.8,2180.8,1040.0,2173.54,2.77,True,Active,zain,Forward,Normal,8: Recovery / standing back up
1787670940.3480153,28783,Person 55,108.8,2169.2,1040.0,2127.3,2.67,True,Active,zain,Forward,Normal,8: Recovery / standing back up
1787670940.4380846,28784,Person 55,103.8,2147.2,880.0,2075.13,2.6,True,Active,zain,Forward,Normal,8: Recovery / standing back up
1787670940.5423005,28785,Person 55,97.6,2108.0,390.0,1990.69,2.36,True,Active,zain,Forward,Normal,8: Recovery / standing back up
1787670940.61543,28786,Person 55,89.4,2062.2,480.0,1954.15,1.96,True,Active,zain,Forward,Normal,8: Recovery / standing back up
1787670940.7039633,28787,Person 55,80.8,2014.0,480.0,1931.0,1.84,True,Active,zain,Forward,Normal,8: Recovery / standing back up
1787670940.7947474,28788,Person 55,73.2,1970.4,390.0,1907.98,1.83,True,Active,zain,Forward,Normal,8: Recovery / standing back up
1787670940.8830478,28789,Person 55,67.4,1930.6,240.0,1875.13,1.99,True,Active,zain,Forward,Normal,8: Recovery / standing back up
1787670940.9784768,28790,Person 55,65.0,1899.4,80.0,1834.34,2.19,True,Active,zain,Forward,Normal,8: Recovery / standing back up
1787670941.0603566,28791,Person 55,69.0,1858.8,-160.0,1752.16,2.85,True,Active,zain,Forward,Normal,8: Recovery / standing back up
1787670941.1489062,28792,Person 55,80.4,1811.8,390.0,1699.17,4.02,True,Active,zain,Forward,Normal,8: Recovery / standing back up
1787670941.2378051,28793,Person 55,95.6,1761.8,-480.0,1662.65,4.73,True,Active,zain,Forward,Normal,8: Recovery / standing back up
1787670941.330739,28794,Person 55,115.4,1714.4,-240.0,1645.19,5.72,True,Active,zain,Forward,Normal,8: Recovery / standing back up
1787670941.4210827,28795,Person 55,135.2,1673.4,-80.0,1636.75,5.93,True,Active,zain,Forward,Normal,8: Recovery / standing back up
1787670941.5053852,28796,Person 55,150.6,1648.8,0.0,1635.24,5.76,True,Active,zain,Forward,Normal,8: Recovery / standing back up
1787670941.5954158,28797,Person 55,159.4,1634.4,-80.0,1631.16,5.74,True,Active,zain,Forward,Normal,8: Recovery / standing back up
1787670941.6833372,28798,Person 55,163.8,1626.2,-160.0,1623.8,5.62,True,Active,zain,Forward,Normal,8: Recovery / standing back up
1787670941.7727766,28799,Person 55,162.4,1621.6,-160.0,1621.62,5.56,True,Active,zain,Forward,Normal,8: Recovery / standing back up
1787670941.8617494,28800,Person 55,158.4,1618.0,390.0,1616.88,5.29,True,Active,zain,Forward,Normal,8: Recovery / standing back up
1787670941.9510531,28801,Person 55,154.6,1614.0,-160.0,1613.53,5.16,True,Active,zain,Forward,Normal,8: Recovery / standing back up
1787670942.038972,28802,Person 55,150.8,1610.4,-160.0,1611.45,5.13,True,Active,zain,Forward,Normal,8: Recovery / standing back up
1787670942.1282244,28803,Person 55,147.6,1608.4,-240.0,1612.35,5.09,True,Active,zain,Forward,Normal,8: Recovery / standing back up
1787670942.2184505,28804,Person 55,145.6,1607.4,-480.0,1615.7,5.22,True,Active,zain,Forward,Normal,8: Recovery / standing back up
1787670942.3109477,28805,Person 55,145.8,1608.2,-240.0,1620.96,5.31,True,Active,zain,Forward,Normal,8: Recovery / standing back up
1787670942.3964155,28806,Person 55,147.2,1610.6,-240.0,1626.12,5.36,True,Active,zain,Forward,Normal,2: Standing / idle
1787670942.4837537,28807,Person 55,149.2,1614.6,-160.0,1632.28,5.41,True,Active,zain,Forward,Normal,2: Standing / idle
1787670942.5728853,28808,Person 55,152.0,1620.0,-160.0,1640.53,5.49,True,Active,zain,Forward,Normal,2: Standing / idle
1787670942.6628242,28809,Person 55,154.8,1627.6,-80.0,1654.85,5.58,True,Active,zain,Forward,Normal,2: Standing / idle
1787670942.7532964,28810,Person 55,158.6,1636.4,240.0,1666.59,5.82,True,Active,zain,Forward,Normal,2: Standing / idle
1787670942.8499365,28811,Person 55,165.8,1648.4,-560.0,1689.49,6.39,True,Active,zain,Forward,Normal,2: Standing / idle
1787670942.9289606,28812,Person 55,174.6,1658.8,-790.0,1688.65,6.73,True,Active,zain,Forward,Normal,2: Standing / idle
1787670943.0177598,28813,Person 55,183.2,1667.4,-80.0,1687.89,6.81,True,Active,zain,Forward,Normal,2: Standing / idle
1787670943.1076543,28814,Person 55,190.2,1673.2,-160.0,1687.42,6.67,True,Active,zain,Forward,Normal,2: Standing / idle
1787670943.2033668,28815,Person 55,194.8,1677.0,80.0,1687.96,6.53,True,Active,zain,Forward,Normal,2: Standing / idle
1787670943.292625,28816,Person 55,195.2,1677.2,-80.0,1690.71,6.45,True,Active,zain,Forward,Normal,2: Standing / idle
1787670943.3741913,28817,Person 55,193.6,1679.2,0.0,1697.67,6.43,True,Active,zain,Forward,Normal,2: Standing / idle
1787670943.4631455,28818,Person 55,191.6,1682.6,0.0,1703.63,6.4,True,Active,zain,Forward,Normal,2: Standing / idle
1787670943.5524879,28819,Person 55,190.4,1687.0,0.0,1708.6,6.38,True,Active,zain,Forward,Normal,2: Standing / idle
1787670943.6418934,28820,Person 55,189.8,1691.6,-80.0,1710.47,6.34,True,Active,zain,Forward,Normal,2: Standing / idle
1787670943.72985,28821,Person 55,189.4,1695.8,80.0,1711.36,6.31,True,Active,zain,Forward,Normal,2: Standing / idle
1787670943.8186927,28822,Person 55,189.4,1698.8,0.0,1712.57,6.37,True,Active,zain,Forward,Normal,2: Standing / idle
1787670943.9078908,28823,Person 55,189.6,1700.2,320.0,1710.7,6.41,True,Active,zain,Forward,Normal,2: Standing / idle
1787670943.99938,28824,Person 55,190.0,1700.2,160.0,1708.82,6.45,True,Active,zain,Forward,Normal,2: Standing / idle
1787670944.0857837,28825,Person 55,190.6,1700.0,80.0,1709.81,6.45,True,Active,zain,Forward,Normal,2: Standing / idle
1787670944.1761374,28826,Person 55,191.2,1699.2,-80.0,1707.71,6.42,True,Active,zain,Forward,Normal,2: Standing / idle
1787670944.2636933,28827,Person 55,191.4,1697.2,0.0,1702.75,6.44,True,Active,zain,Forward,Normal,2: Standing / idle
1787670944.3527424,28828,Person 55,191.2,1694.4,160.0,1696.67,6.43,True,Active,zain,Forward,Normal,2: Standing / idle
1787670944.4596882,28829,Person 55,190.8,1691.0,160.0,1691.7,6.45,True,Active,zain,Forward,Normal,2: Standing / idle
1787670944.5378728,28830,Person 55,190.4,1686.4,80.0,1686.74,6.47,True,Active,zain,Forward,Normal,2: Standing / idle
1787670944.6203961,28831,Person 55,189.8,1681.4,80.0,1682.54,6.42,True,Active,zain,Forward,Normal,1: Walking
1787670944.7085073,28832,Person 55,188.2,1677.4,80.0,1681.98,6.25,True,Active,zain,Forward,Normal,1: Walking
1787670944.797608,28833,Person 55,185.0,1674.4,-80.0,1680.03,5.94,True,Active,zain,Forward,Normal,1: Walking
1787670944.8915195,28834,Person 55,179.4,1672.4,80.0,1678.83,5.54,True,Active,zain,Forward,Normal,1: Walking
1787670944.9839518,28835,Person 55,171.2,1670.6,80.0,1673.65,5.11,True,Active,zain,Forward,Normal,1: Walking
1787670945.068333,28836,Person 55,160.4,1668.6,80.0,1667.39,4.61,True,Active,zain,Forward,Normal,1: Walking
1787670945.1534088,28837,Person 55,141.2,1665.8,0.0,1660.28,3.0,True,Active,zain,Forward,Normal,1: Walking
1787670945.2429192,28838,Person 55,114.2,1662.8,0.0,1656.46,1.35,True,Active,zain,Forward,Normal,1: Walking
1787670945.3322594,28839,Person 55,79.0,1661.2,160.0,1663.06,-0.48,True,Active,zain,Forward,Normal,1: Walking
1787670945.4281533,28840,Person 55,36.0,1658.4,-160.0,1654.32,-2.29,True,Active,zain,Forward,Normal,1: Walking
1787670945.5098207,28841,Person 55,-15.4,1656.0,-160.0,1654.58,-4.26,True,Active,zain,Forward,Normal,1: Walking
1787670945.5984817,28842,Person 55,-67.6,1652.2,-160.0,1648.21,-6.06,True,Active,zain,Forward,Normal,1: Walking
1787670945.687489,28843,Person 55,-122.6,1646.4,-240.0,1644.03,-8.25,True,Active,zain,Forward,Normal,1: Walking
1787670945.7774339,28844,Person 55,-189.0,1632.4,-160.0,1630.14,-12.25,True,Active,zain,Forward,Normal,1: Walking
1787670945.865892,28845,Person 55,-264.4,1613.6,-240.0,1620.72,-15.86,True,Active,zain,Forward,Normal,1: Walking
1787670945.9594715,28846,Person 55,-347.6,1590.2,-160.0,1625.0,-19.37,True,Active,zain,Forward,Normal,1: Walking
1787670946.0432642,28847,Person 55,-440.8,1564.8,-160.0,1641.87,-22.94,True,Active,zain,Forward,Normal,1: Walking
1787670946.1320949,28848,Person 55,-540.8,1535.2,-80.0,1652.01,-26.46,True,Active,zain,Forward,Normal,1: Walking
1787670946.2222323,28849,Person 55,-639.0,1509.4,-320.0,1686.38,-29.76,True,Active,zain,Forward,Normal,1: Walking
1787670946.3158615,28850,Person 55,-733.6,1484.6,80.0,1702.43,-32.55,True,Active,zain,Forward,Normal,1: Walking
1787670946.4071863,28851,Person 55,-819.4,1456.8,80.0,1697.13,-34.78,True,Active,zain,Forward,Normal,1: Walking
1787670946.4887362,28852,Person 55,-893.6,1423.0,160.0,1681.0,-36.97,True,Active,zain,Forward,Normal,1: Walking
1787670946.5768793,28853,Person 55,-959.2,1388.6,80.0,1685.33,-39.15,True,Active,zain,Forward,Normal,1: Walking
1787670946.6672544,28854,Person 55,-1014.0,1351.0,-80.0,1691.89,-41.05,True,Active,zain,Forward,Normal,1: Walking
1787670946.755895,28855,Person 55,-1060.2,1313.4,-160.0,1694.29,-42.61,True,Active,zain,Forward,Normal,1: Walking
1787670946.8518202,28856,Person 55,-1103.8,1279.4,-160.0,1704.34,-44.1,True,Active,zain,Forward,Normal,1: Walking
1787670946.9337094,28857,Person 55,-1145.2,1247.0,80.0,1696.55,-45.88,True,Active,zain,Forward,Normal,1: Walking
1787670947.022917,28858,Person 55,-1186.0,1213.8,240.0,1705.79,-48.02,True,Active,zain,Forward,Normal,1: Walking
1787670947.1442032,28859,Person 55,-1223.0,1182.4,-160.0,1712.24,-49.19,True,Active,zain,Forward,Normal,1: Walking
1787670947.2067747,28860,Person 55,-1260.4,1152.2,240.0,1726.49,-50.59,True,Active,zain,Forward,Normal,1: Walking
1787670947.29097,28861,Person 55,-1297.4,1122.2,240.0,1741.58,-51.93,True,Active,zain,Forward,Normal,1: Walking
1787670947.3783224,28862,Person 55,-1331.4,1099.2,-320.0,1750.11,-52.48,True,Active,zain,Forward,Normal,1: Walking
1787670947.4669302,28863,Person 55,-1359.2,1082.2,320.0,1759.2,-53.11,True,Active,zain,Forward,Normal,1: Walking
1787670947.5569825,28864,Person 55,-1383.0,1068.6,320.0,1762.62,-53.4,True,Active,zain,Forward,Normal,1: Walking
1787670947.6528955,28865,Person 55,-1398.2,1057.4,640.0,1752.06,-53.59,True,Active,zain,Forward,Normal,1: Walking
1787670947.7348773,28866,Person 55,-1402.8,1048.0,640.0,1731.46,-53.62,True,Active,zain,Forward,Normal,1: Walking
1787670947.8228576,28867,Person 55,-1399.6,1038.0,390.0,1707.23,-53.48,True,Active,zain,Forward,Normal,1: Walking
1787670947.9125242,28868,Person 55,-1387.8,1027.6,480.0,1680.81,-53.32,True,Active,zain,Forward,Normal,1: Walking
1787670948.0025973,28869,Person 55,-1370.4,1013.8,640.0,1651.64,-53.52,True,Active,zain,Forward,Normal,1: Walking
1787670948.0921707,28870,Person 55,-1350.0,996.8,640.0,1619.53,-53.87,True,Active,zain,Forward,Normal,1: Walking
1787670948.1793625,28871,Person 55,-1329.2,977.6,320.0,1590.87,-54.18,True,Active,zain,Forward,Normal,1: Walking
1787670948.2704937,28872,Person 55,-1308.0,957.6,560.0,1562.63,-54.11,True,Active,zain,Forward,Normal,1: Walking
1787670948.357533,28873,Person 55,-1287.2,940.0,240.0,1544.86,-53.63,True,Active,zain,Forward,Normal,1: Walking
1787670948.4482262,28874,Person 55,-1264.6,926.4,720.0,1520.4,-53.05,True,Active,zain,Forward,Normal,1: Walking
1787670948.5359423,28875,Person 55,-1238.0,915.2,560.0,1479.47,-52.58,True,Active,zain,Forward,Normal,1: Walking
1787670948.6249807,28876,Person 55,-1206.4,904.2,560.0,1431.36,-52.27,True,Active,zain,Forward,Normal,1: Walking
1787670948.713098,28877,Person 55,-1161.6,887.4,390.0,1333.41,-51.39,True,Active,zain,Forward,Normal,1: Walking
1787670948.8028378,28878,Person 55,-1105.2,864.8,160.0,1253.1,-50.15,True,Active,zain,Forward,Normal,1: Walking
1787670948.892105,28879,Person 55,-1036.8,837.6,80.0,1169.36,-48.29,True,Active,zain,Forward,Normal,1: Walking
1787670948.9824524,28880,Person 55,-961.0,811.2,0.0,1105.4,-46.06,True,Active,zain,Forward,Normal,1: Walking
1787670949.0767674,28881,Person 55,-879.6,789.2,0.0,1054.69,-43.42,True,Active,zain,Forward,Normal,1: Walking
1787670949.157909,28882,Person 55,-803.6,778.4,-80.0,1021.53,-40.39,True,Active,zain,Forward,Normal,1: Walking
1787670949.247065,28883,Person 55,-733.0,777.0,-80.0,1002.25,-37.42,True,Active,zain,Forward,Normal,1: Walking
1787670949.336818,28884,Person 55,-668.2,784.6,-80.0,983.49,-33.93,True,Active,zain,Forward,Normal,1: Walking
1787670949.4253674,28885,Person 55,-608.0,799.4,-160.0,975.86,-30.48,True,Active,zain,Forward,Normal,1: Walking
1787670949.5150635,28886,Person 55,-551.0,819.4,-160.0,971.37,-26.93,True,Active,zain,Forward,Normal,1: Walking
1787670949.603083,28887,Person 55,-496.0,841.2,-160.0,967.75,-23.57,True,Active,zain,Forward,Normal,1: Walking
1787670949.6914577,28888,Person 55,-440.6,864.6,-240.0,971.49,-19.98,True,Active,zain,Forward,Normal,1: Walking
1787670949.7818627,28889,Person 55,-385.6,889.2,-390.0,978.16,-16.27,True,Active,zain,Forward,Normal,1: Walking
1787670949.877183,28890,Person 55,-328.8,913.6,-390.0,985.84,-12.36,True,Active,zain,Forward,Normal,1: Walking
1787670949.9661176,28891,Person 55,-273.2,941.0,-390.0,1016.0,-9.17,True,Active,zain,Forward,Normal,1: Walking
1787670950.0475347,28892,Person 55,-216.8,970.2,-560.0,1038.32,-5.8,True,Active,zain,Forward,Normal,1: Walking
1787670950.1365736,28893,Person 55,-160.2,999.8,-560.0,1062.13,-2.64,True,Active,zain,Forward,Normal,1: Walking
1787670950.2260678,28894,Person 55,-104.6,1031.6,-480.0,1098.01,0.21,True,Active,zain,Forward,Normal,1: Walking
1787670950.3187027,28895,Person 55,-54.2,1067.8,-160.0,1144.73,2.05,True,Active,zain,Forward,Normal,1: Walking
1787670950.4113297,28896,Person 55,-7.4,1100.6,-320.0,1169.22,3.53,True,Active,zain,Forward,Normal,1: Walking
1787670950.49255,28897,Person 55,30.0,1134.2,-160.0,1203.8,3.91,True,Active,zain,Forward,Normal,1: Walking
1787670950.5819855,28898,Person 55,58.4,1171.6,-320.0,1251.46,4.26,True,Active,zain,Forward,Normal,1: Walking
1787670950.6715443,28899,Person 55,82.2,1210.8,-560.0,1299.83,5.43,True,Active,zain,Forward,Normal,1: Walking
1787670950.7606223,28900,Person 55,103.2,1249.2,-320.0,1343.95,6.24,True,Active,zain,Forward,Normal,1: Walking
1787670950.8492458,28901,Person 55,121.6,1289.8,-320.0,1379.78,6.83,True,Active,zain,Forward,Normal,1: Walking
1787670950.9378064,28902,Person 55,142.2,1329.8,-240.0,1413.16,7.52,True,Active,zain,Forward,Normal,6: Fall onset
1787670951.0272071,28903,Person 55,161.8,1368.8,-1440.0,1455.59,7.54,True,Active,zain,Forward,Normal,6: Fall onset
1787670951.1169238,28904,Person 55,179.0,1404.6,-320.0,1487.75,8.08,True,Active,zain,Forward,Normal,6: Fall onset
1787670951.205409,28905,Person 55,192.8,1437.2,-480.0,1514.34,8.16,True,Active,zain,Forward,Normal,6: Fall onset
1787670951.2948952,28906,Person 55,202.8,1471.0,-720.0,1553.81,7.92,True,Active,zain,Forward,Normal,6: Fall onset
1787670951.3826718,28907,Person 55,206.4,1507.0,-720.0,1593.98,7.32,True,Active,zain,Forward,Normal,6: Fall onset
1787670951.4711447,28908,Person 55,204.2,1543.8,-960.0,1636.93,6.31,True,Active,zain,Forward,Normal,6: Fall onset
1787670951.561441,28909,Person 55,193.8,1584.8,-1190.0,1685.33,5.35,True,Active,zain,Forward,Normal,6: Fall onset
1787670951.6542046,28910,Person 55,178.8,1631.2,-880.0,1736.65,4.62,True,Active,zain,Forward,Normal,6: Fall onset
1787670951.7398338,28911,Person 55,164.8,1682.6,-1280.0,1801.76,4.58,True,Active,zain,Forward,Normal,6: Fall onset
1787670951.8274527,28912,Person 55,152.8,1741.8,-480.0,1882.44,4.36,True,Active,zain,Forward,Normal,6: Fall onset
1787670951.9167037,28913,Person 55,146.8,1811.6,-1760.0,1981.69,4.34,True,Active,zain,Forward,Normal,6: Fall onset
1787670952.0062485,28914,Person 55,144.6,1890.6,-1040.0,2078.13,4.03,True,Active,zain,Forward,Normal,6: Fall onset
1787670952.109296,28915,Person 55,145.6,1975.8,-880.0,2161.87,3.85,True,Active,zain,Forward,Normal,6: Fall onset
1787670952.1860478,28916,Person 55,140.8,2064.8,-80.0,2244.21,3.07,True,Active,zain,Forward,Normal,6: Fall onset
1787670952.2720337,28917,Person 55,129.4,2158.4,-390.0,2346.58,2.1,True,Active,zain,Forward,Normal,6: Fall onset
1787670952.3655846,28918,Person 55,112.2,2253.2,-160.0,2450.84,1.5,True,Active,zain,Forward,Normal,6: Fall onset
1787670952.4517508,28919,Person 55,94.8,2347.8,0.0,2546.68,1.33,True,Active,zain,Forward,Normal,6: Fall onset
1787670952.5412974,28920,Person 55,71.6,2446.2,-80.0,2649.16,0.63,True,Active,zain,Forward,Normal,6: Fall onset
1787670952.6286893,28921,Person 55,46.2,2541.8,-1280.0,2719.01,-0.15,True,Active,zain,Forward,Normal,6: Fall onset
1787670952.7178378,28922,Person 55,20.2,2626.6,160.0,2769.35,-0.91,True,Active,zain,Forward,Normal,6: Fall onset
1787670952.8067715,28923,Person 55,-5.4,2703.2,-240.0,2833.72,-1.29,True,Active,zain,Forward,Normal,6: Fall onset
1787670952.896428,28924,Person 55,-34.8,2768.4,0.0,2873.35,-1.76,True,Active,zain,Forward,Normal,6: Fall onset
1787670952.9921982,28925,Person 55,-60.4,2822.8,-80.0,2922.68,-1.94,True,Active,zain,Forward,Normal,6: Fall onset
1787670953.0736682,28926,Person 55,-79.4,2869.6,160.0,2954.76,-1.98,True,Active,zain,Forward,Normal,6: Fall onset
1787670953.1624532,28927,Person 55,-88.8,2890.0,-80.0,2872.44,-1.82,True,Active,zain,Forward,Normal,6: Fall onset
1787670953.2509668,28928,Person 55,-93.4,2893.0,0.0,2849.33,-1.75,True,Active,zain,Forward,Normal,6: Fall onset
1787670953.3411486,28929,Person 55,-89.2,2875.8,0.0,2786.81,-1.38,True,Active,zain,Forward,Normal,6: Fall onset
1787670953.4299963,28930,Person 55,-79.8,2834.0,80.0,2712.5,-1.1,True,Active,zain,Forward,Normal,6: Fall onset
1787670953.523672,28931,Person 55,-65.6,2757.0,0.0,2568.19,-0.69,True,Active,zain,Forward,Normal,6: Fall onset
1787670953.60696,28932,Person 55,-48.0,2670.6,0.0,2439.0,-0.07,True,Active,zain,Forward,Normal,7: Post-fall stillness
1787670953.6963427,28933,Person 55,-26.4,2566.4,-80.0,2327.09,0.52,True,Active,zain,Forward,Normal,7: Post-fall stillness
1787670953.7860448,28934,Person 55,-7.8,2459.0,0.0,2249.15,0.66,True,Active,zain,Forward,Normal,7: Post-fall stillness
1787670953.8751307,28935,Person 55,16.2,2353.6,0.0,2186.06,1.78,True,Active,zain,Forward,Normal,7: Post-fall stillness
1787670953.964027,28936,Person 55,38.8,2269.2,0.0,2147.57,2.19,True,Active,zain,Forward,Normal,7: Post-fall stillness
1787670954.0531085,28937,Person 55,58.2,2204.6,0.0,2118.09,2.54,True,Active,zain,Forward,Normal,7: Post-fall stillness
1787670954.1409137,28938,Person 55,72.6,2162.0,0.0,2116.04,2.52,True,Active,zain,Forward,Normal,7: Post-fall stillness
1787670954.232106,28939,Person 55,82.6,2135.2,0.0,2116.37,2.06,True,Active,zain,Forward,Normal,7: Post-fall stillness
1787670954.3259318,28940,Person 55,83.0,2120.6,0.0,2113.16,1.9,True,Active,zain,Forward,Normal,7: Post-fall stillness
1787670954.4139197,28941,Person 55,78.8,2113.0,0.0,2108.88,1.66,True,Active,zain,Forward,Normal,7: Post-fall stillness
1787670954.4969568,28942,Person 55,70.8,2110.6,0.0,2104.69,1.47,True,Active,zain,Forward,Normal,7: Post-fall stillness
1787670954.5856407,28943,Person 55,61.4,2108.0,0.0,2101.5,1.25,True,Active,zain,Forward,Normal,7: Post-fall stillness
1787670954.6758668,28944,Person 55,53.6,2105.0,0.0,2100.33,1.01,True,Active,zain,Forward,Normal,7: Post-fall stillness
1787670954.7645388,28945,Person 55,45.2,2102.6,0.0,2100.19,0.76,True,Active,zain,Forward,Normal,7: Post-fall stillness
1787670954.8533847,28946,Person 55,34.4,2108.0,0.0,2135.01,0.19,True,Active,zain,Forward,Normal,7: Post-fall stillness
1787670954.9423413,28947,Person 55,20.8,2121.8,0.0,2173.05,-0.37,True,Active,zain,Forward,Normal,7: Post-fall stillness
1787670955.0309982,28948,Person 55,-4.6,2159.4,0.0,2290.43,-2.03,True,Active,zain,Forward,Normal,7: Post-fall stillness
1787670955.1203148,28949,Person 55,-37.2,2213.8,0.0,2375.34,-3.04,True,Active,zain,Forward,Normal,7: Post-fall stillness
1787670955.2094262,28950,Person 55,-69.4,2273.8,240.0,2403.68,-3.17,True,Active,zain,Forward,Normal,7: Post-fall stillness
1787670955.2980037,28951,Person 55,-98.8,2332.0,560.0,2430.04,-3.3,True,Active,zain,Forward,Normal,7: Post-fall stillness
1787670955.3875825,28952,Person 55,-124.6,2386.6,390.0,2450.18,-3.35,True,Active,zain,Forward,Normal,7: Post-fall stillness
1787670955.4767783,28953,Person 55,-137.0,2421.0,0.0,2465.15,-3.33,True,Active,zain,Forward,Normal,7: Post-fall stillness
1787670955.5659864,28954,Person 55,-140.6,2447.2,-240.0,2507.14,-3.29,True,Active,zain,Forward,Normal,7: Post-fall stillness
1787670955.6613336,28955,Person 55,-144.8,2477.2,-720.0,2554.65,-3.46,True,Active,zain,Forward,Normal,7: Post-fall stillness
1787670955.744656,28956,Person 55,-149.2,2508.8,0.0,2589.07,-3.59,True,Active,zain,Forward,Normal,7: Post-fall stillness
1787670955.8317323,28957,Person 55,-150.6,2531.8,0.0,2565.39,-3.35,True,Active,zain,Forward,Normal,7: Post-fall stillness
1787670955.9209065,28958,Person 55,-146.8,2543.2,160.0,2521.05,-2.82,True,Active,zain,Forward,Normal,7: Post-fall stillness
1787670956.0106008,28959,Person 55,-139.6,2549.2,0.0,2535.3,-2.44,True,Active,zain,Forward,Normal,7: Post-fall stillness
1787670956.0994751,28960,Person 55,-126.2,2542.0,0.0,2515.5,-1.98,True,Active,zain,Forward,Normal,7: Post-fall stillness
1787670956.189308,28961,Person 55,-106.4,2523.2,0.0,2490.8,-1.45,True,Active,zain,Forward,Normal,7: Post-fall stillness
1787670956.2766159,28962,Person 55,-82.6,2501.0,0.0,2450.2,-0.72,True,Active,zain,Forward,Normal,7: Post-fall stillness
1787670956.3656385,28963,Person 55,-58.2,2481.2,0.0,2419.0,-0.05,True,Active,zain,Forward,Normal,7: Post-fall stillness
1787670956.4559965,28964,Person 55,-31.4,2452.0,0.0,2387.14,0.62,True,Active,zain,Forward,Normal,7: Post-fall stillness
1787670956.5431762,28965,Person 55,-3.2,2420.8,0.0,2358.62,1.31,True,Active,zain,Forward,Normal,7: Post-fall stillness
1787670956.6331806,28966,Person 55,14.8,2421.2,0.0,2492.15,0.62,True,Active,zain,Forward,Normal,7: Post-fall stillness
1787670956.721558,28967,Person 55,24.8,2445.0,0.0,2569.07,0.42,True,Active,zain,Forward,Normal,7: Post-fall stillness
1787670956.8101985,28968,Person 55,23.8,2502.4,0.0,2706.01,-0.15,True,Active,zain,Forward,Normal,7: Post-fall stillness
1787670956.901451,28969,Person 55,10.6,2592.2,0.0,2836.28,-0.81,True,Active,zain,Forward,Normal,7: Post-fall stillness
1787670956.9892986,28970,Person 55,-14.8,2711.4,0.0,2954.9,-1.42,True,Active,zain,Forward,Normal,7: Post-fall stillness
1787670957.0850217,28971,Person 55,-41.2,2824.6,0.0,3059.8,-1.97,True,Active,zain,Forward,Normal,7: Post-fall stillness
1787670957.1667426,28972,Person 55,-71.8,2940.8,0.0,3152.85,-2.44,True,Active,zain,Forward,Normal,7: Post-fall stillness
1787670957.2554557,28973,Person 55,-100.4,3037.8,-80.0,3194.52,-2.69,True,Active,zain,Forward,Normal,7: Post-fall stillness
1787670957.345391,28974,Person 55,-118.0,3077.2,0.0,3035.7,-2.42,True,Active,zain,Forward,Normal,7: Post-fall stillness
1787670957.4343872,28975,Person 55,-126.0,3065.4,0.0,2897.2,-2.24,True,Active,zain,Forward,Normal,7: Post-fall stillness
1787670957.5229888,28976,Person 55,-126.4,3012.8,480.0,2797.05,-2.19,True,Active,zain,Forward,Normal,7: Post-fall stillness
1787670957.611661,28977,Person 55,-117.8,2930.8,320.0,2741.51,-1.9,True,Active,zain,Forward,Normal,7: Post-fall stillness
1787670957.7005155,28978,Person 55,-107.2,2837.6,0.0,2726.73,-2.04,True,Active,zain,Forward,Normal,7: Post-fall stillness
1787670957.7939057,28979,Person 55,-101.8,2776.2,0.0,2727.87,-2.12,True,Active,zain,Forward,Normal,7: Post-fall stillness
1787670957.885387,28980,Person 55,-106.2,2748.0,80.0,2757.31,-2.81,True,Active,zain,Forward,Normal,8: Recovery / standing back up
1787670957.9680247,28981,Person 55,-114.4,2742.0,640.0,2768.96,-3.06,True,Active,zain,Forward,Normal,8: Recovery / standing back up
1787670958.0563023,28982,Person 55,-127.0,2747.2,390.0,2770.28,-3.19,True,Active,zain,Forward,Normal,8: Recovery / standing back up
1787670958.1455004,28983,Person 55,-138.4,2754.2,240.0,2764.29,-3.19,True,Active,zain,Forward,Normal,8: Recovery / standing back up
1787670958.2348957,28984,Person 55,-147.8,2757.8,390.0,2747.99,-3.09,True,Active,zain,Forward,Normal,8: Recovery / standing back up
1787670958.3239434,28985,Person 55,-146.0,2745.0,480.0,2692.95,-2.68,True,Active,zain,Forward,Normal,8: Recovery / standing back up
1787670958.4202268,28986,Person 55,-135.4,2720.4,320.0,2643.71,-2.06,True,Active,zain,Forward,Normal,8: Recovery / standing back up
1787670958.5012348,28987,Person 55,-114.8,2678.2,160.0,2555.51,-1.14,True,Active,zain,Forward,Normal,8: Recovery / standing back up
1787670958.5897017,28988,Person 55,-85.6,2623.2,80.0,2485.01,-0.18,True,Active,zain,Forward,Normal,8: Recovery / standing back up
1787670958.6803532,28989,Person 55,-52.8,2560.8,-80.0,2432.05,0.38,True,Active,zain,Forward,Normal,8: Recovery / standing back up
1787670958.769526,28990,Person 55,-23.8,2500.4,-390.0,2388.08,0.46,True,Active,zain,Forward,Normal,8: Recovery / standing back up
1787670958.8578148,28991,Person 55,-1.2,2447.0,-80.0,2375.07,0.43,True,Active,zain,Forward,Normal,8: Recovery / standing back up
1787670958.946967,28992,Person 55,9.4,2410.4,560.0,2372.0,0.05,True,Active,zain,Forward,Normal,8: Recovery / standing back up
1787670959.0355258,28993,Person 55,5.6,2388.4,640.0,2375.15,-0.65,True,Active,zain,Forward,Normal,8: Recovery / standing back up
1787670959.1253679,28994,Person 55,-8.0,2377.0,390.0,2375.57,-1.25,True,Active,zain,Forward,Normal,8: Recovery / standing back up
1787670959.2137868,28995,Person 55,-25.4,2373.2,160.0,2369.98,-1.64,True,Active,zain,Forward,Normal,8: Recovery / standing back up
1787670959.3095188,28996,Person 55,-47.4,2371.2,160.0,2366.79,-2.23,True,Active,zain,Forward,Normal,8: Recovery / standing back up
1787670959.3911285,28997,Person 55,-69.6,2368.4,240.0,2360.52,-2.65,True,Active,zain,Forward,Normal,8: Recovery / standing back up
1787670959.4803202,28998,Person 55,-87.6,2362.6,390.0,2348.92,-2.86,True,Active,zain,Forward,Normal,8: Recovery / standing back up
1787670959.5700123,28999,Person 55,-102.4,2354.2,480.0,2336.4,-3.09,True,Active,zain,Forward,Normal,8: Recovery / standing back up
1787670959.6716135,29000,Person 55,-114.2,2342.4,880.0,2313.49,-3.15,True,Active,zain,Forward,Normal,8: Recovery / standing back up
1787670959.7573755,29001,Person 55,-117.0,2320.0,720.0,2255.49,-2.69,True,Active,zain,Forward,Normal,8: Recovery / standing back up
1787670959.8402255,29002,Person 55,-105.0,2276.8,390.0,2142.56,-1.31,True,Active,zain,Forward,Normal,8: Recovery / standing back up
1787670959.9256668,29003,Person 55,-79.8,2216.6,240.0,2045.02,0.25,True,Active,zain,Forward,Normal,8: Recovery / standing back up
1787670960.0155864,29004,Person 55,-42.0,2142.4,80.0,1963.01,1.84,True,Active,zain,Forward,Normal,8: Recovery / standing back up
1787670960.1044502,29005,Person 55,6.0,2061.8,-160.0,1910.34,3.39,True,Active,zain,Forward,Normal,8: Recovery / standing back up
1787670960.192849,29006,Person 55,62.2,1987.6,720.0,1890.12,5.31,True,Active,zain,Forward,Normal,8: Recovery / standing back up
1787670960.2813647,29007,Person 55,115.0,1936.2,-320.0,1897.22,6.51,True,Active,zain,Forward,Normal,8: Recovery / standing back up
1787670960.3698204,29008,Person 55,156.2,1903.0,-240.0,1891.26,6.53,True,Active,zain,Forward,Normal,8: Recovery / standing back up
1787670960.4607008,29009,Person 55,183.8,1886.2,-80.0,1888.73,6.11,True,Active,zain,Forward,Normal,8: Recovery / standing back up
1787670960.548346,29010,Person 55,199.6,1879.8,-80.0,1884.8,5.85,True,Active,zain,Forward,Normal,8: Recovery / standing back up
1787670960.638709,29011,Person 55,202.6,1878.4,-240.0,1884.6,5.79,True,Active,zain,Forward,Normal,8: Recovery / standing back up
1787670960.7264445,29012,Person 55,197.6,1876.6,-160.0,1885.6,5.78,True,Active,zain,Forward,Normal,8: Recovery / standing back up
1787670960.8155732,29013,Person 55,193.2,1876.2,-160.0,1886.9,5.87,True,Active,zain,Forward,Normal,8: Recovery / standing back up
1787670960.906225,29014,Person 55,193.6,1876.2,320.0,1888.94,6.17,True,Active,zain,Forward,Normal,8: Recovery / standing back up
1787670960.9956765,29015,Person 55,202.2,1877.6,-240.0,1896.62,7.12,True,Active,zain,Forward,Normal,8: Recovery / standing back up
1787670961.0865617,29016,Person 55,218.8,1879.8,-240.0,1905.66,8.24,True,Active,zain,Forward,Normal,8: Recovery / standing back up
1787670961.1714745,29017,Person 55,238.2,1881.4,80.0,1905.73,8.66,True,Active,zain,Forward,Normal,8: Recovery / standing back up
1787670961.2604728,29018,Person 55,256.8,1882.4,80.0,1903.61,8.64,True,Active,zain,Forward,Normal,8: Recovery / standing back up
1787670961.3510451,29019,Person 55,272.4,1883.4,-80.0,1903.85,8.49,True,Active,zain,Forward,Normal,8: Recovery / standing back up
1787670961.4399889,29020,Person 55,280.0,1883.0,80.0,1899.72,8.26,True,Active,zain,Forward,Normal,8: Recovery / standing back up
1787670961.527744,29021,Person 55,279.0,1881.0,-160.0,1895.05,8.13,True,Active,zain,Forward,Normal,8: Recovery / standing back up
1787670961.6155307,29022,Person 55,274.0,1879.4,160.0,1894.21,7.95,True,Active,zain,Forward,Normal,8: Recovery / standing back up
1787670961.7059329,29023,Person 55,269.0,1878.8,0.0,1897.04,7.91,True,Active,zain,Forward,Normal,8: Recovery / standing back up
1787670961.7952168,29024,Person 55,264.4,1878.6,80.0,1899.6,7.81,True,Active,zain,Forward,Normal,8: Recovery / standing back up
1787670961.8912072,29025,Person 55,261.0,1879.2,80.0,1900.32,7.74,True,Active,zain,Forward,Normal,8: Recovery / standing back up
1787670961.9737837,29026,Person 55,259.0,1881.4,80.0,1904.56,7.79,True,Active,zain,Forward,Normal,8: Recovery / standing back up
1787670962.061415,29027,Person 55,258.6,1883.4,160.0,1903.84,7.85,True,Active,zain,Forward,Normal,8: Recovery / standing back up
1787670962.1504095,29028,Person 55,258.8,1884.8,160.0,1904.11,7.91,True,Active,zain,Forward,Normal,8: Recovery / standing back up
1787670962.241173,29029,Person 55,259.4,1884.8,-390.0,1900.01,7.9,True,Active,zain,Forward,Normal,8: Recovery / standing back up
1787670962.3398633,29030,Person 55,259.8,1883.4,240.0,1893.66,7.83,True,Active,zain,Forward,Normal,2: Standing / idle
1787670962.4199462,29031,Person 55,259.6,1880.8,80.0,1891.54,7.81,True,Active,zain,Forward,Normal,2: Standing / idle
1787670962.5064332,29032,Person 55,258.4,1877.6,80.0,1887.17,7.74,True,Active,zain,Forward,Normal,2: Standing / idle
1787670962.5951412,29033,Person 55,256.4,1872.8,-80.0,1878.98,7.71,True,Active,zain,Forward,Normal,2: Standing / idle
1787670962.685619,29034,Person 55,254.0,1867.4,0.0,1871.64,7.65,True,Active,zain,Forward,Normal,2: Standing / idle
1787670962.7889578,29035,Person 55,251.6,1861.0,80.0,1860.34,7.6,True,Active,zain,Forward,Normal,2: Standing / idle
1787670962.8629386,29036,Person 55,249.2,1853.2,160.0,1851.28,7.6,True,Active,zain,Forward,Normal,2: Standing / idle
1787670962.9527915,29037,Person 55,247.0,1844.8,160.0,1844.08,7.57,True,Active,zain,Forward,Normal,2: Standing / idle
1787670963.0398085,29038,Person 55,244.6,1837.2,80.0,1839.72,7.5,True,Active,zain,Forward,Normal,2: Standing / idle
1787670963.130065,29039,Person 55,241.8,1830.8,240.0,1838.08,7.35,True,Active,zain,Forward,Normal,2: Standing / idle
1787670963.2214148,29040,Person 55,238.2,1825.8,80.0,1833.23,7.14,True,Active,zain,Forward,Normal,2: Standing / idle
1787670963.3096976,29041,Person 55,233.6,1820.8,80.0,1823.56,6.99,True,Active,zain,Forward,Normal,2: Standing / idle
1787670963.3961513,29042,Person 55,227.6,1816.0,240.0,1816.53,6.73,True,Active,zain,Forward,Normal,2: Standing / idle
1787670963.486559,29043,Person 55,221.0,1811.8,80.0,1814.84,6.55,True,Active,zain,Forward,Normal,2: Standing / idle
1787670963.5750523,29044,Person 55,213.4,1807.2,0.0,1810.75,6.25,True,Active,zain,Forward,Normal,2: Standing / idle
1787670963.666186,29045,Person 55,205.0,1801.8,80.0,1801.63,5.93,True,Active,zain,Forward,Normal,2: Standing / idle
1787670963.7597754,29046,Person 55,190.4,1792.6,80.0,1770.28,4.83,True,Active,zain,Forward,Normal,2: Standing / idle
1787670963.8416235,29047,Person 55,171.0,1778.2,0.0,1735.88,3.83,True,Active,zain,Forward,Normal,2: Standing / idle
1787670963.931001,29048,Person 55,146.8,1759.4,-80.0,1711.16,2.88,True,Active,zain,Forward,Normal,2: Standing / idle
1787670964.019958,29049,Person 55,119.4,1740.2,0.0,1705.06,2.02,True,Active,zain,Forward,Normal,2: Standing / idle
1787670964.1094203,29050,Person 55,89.4,1721.4,0.0,1698.38,1.21,True,Active,zain,Forward,Normal,2: Standing / idle
1787670964.1982398,29051,Person 55,61.0,1708.8,0.0,1701.01,0.24,True,Active,zain,Forward,Normal,2: Standing / idle
1787670964.2855844,29052,Person 55,35.0,1701.4,0.0,1695.06,-0.47,True,Active,zain,Forward,Normal,2: Standing / idle
1787670964.375398,29053,Person 55,12.2,1696.4,0.0,1684.23,-0.95,True,Active,zain,Forward,Normal,2: Standing / idle
1787670964.4653409,29054,Person 55,-6.8,1689.6,0.0,1670.37,-1.2,True,Active,zain,Forward,Normal,2: Standing / idle
1787670964.5542903,29055,Person 55,-20.8,1683.4,0.0,1667.35,-1.17,True,Active,zain,Forward,Normal,1: Walking
1787670964.642349,29056,Person 55,-28.8,1675.4,0.0,1661.33,-1.14,True,Active,zain,Forward,Normal,1: Walking
1787670964.7314513,29057,Person 55,-32.4,1667.8,80.0,1657.31,-1.11,True,Active,zain,Forward,Normal,1: Walking
1787670964.8611975,29058,Person 55,-33.2,1661.0,0.0,1650.31,-1.11,True,Active,zain,Forward,Normal,1: Walking
1787670964.9098916,29059,Person 55,-32.8,1656.0,0.0,1645.33,-1.15,True,Active,zain,Forward,Normal,1: Walking
1787670964.9989977,29060,Person 55,-33.4,1651.0,0.0,1642.42,-1.29,True,Active,zain,Forward,Normal,1: Walking
1787670965.0893335,29061,Person 55,-35.6,1647.0,-80.0,1641.59,-1.54,True,Active,zain,Forward,Normal,1: Walking
1787670965.1765084,29062,Person 55,-39.6,1643.2,-80.0,1638.83,-1.82,True,Active,zain,Forward,Normal,1: Walking
1787670965.2672453,29063,Person 55,-44.8,1640.8,80.0,1639.03,-2.03,True,Active,zain,Forward,Normal,1: Walking
1787670965.3549821,29064,Person 55,-51.4,1639.8,-160.0,1641.33,-2.3,True,Active,zain,Forward,Normal,1: Walking
1787670965.447832,29065,Person 55,-59.0,1639.0,160.0,1639.72,-2.62,True,Active,zain,Forward,Normal,1: Walking
1787670965.5320106,29066,Person 55,-66.8,1637.4,240.0,1635.11,-2.91,True,Active,zain,Forward,Normal,1: Walking
1787670965.620718,29067,Person 55,-74.6,1634.8,80.0,1627.55,-3.21,True,Active,zain,Forward,Normal,1: Walking
1787670965.7099848,29068,Person 55,-82.6,1630.6,160.0,1619.97,-3.47,True,Active,zain,Forward,Normal,1: Walking
1787670965.7993464,29069,Person 55,-90.8,1624.6,-80.0,1613.55,-3.8,True,Active,zain,Forward,Normal,1: Walking
1787670965.8888035,29070,Person 55,-104.8,1615.8,0.0,1600.58,-5.2,True,Active,zain,Forward,Normal,1: Walking
1787670965.977108,29071,Person 55,-126.2,1605.8,-80.0,1594.36,-6.84,True,Active,zain,Forward,Normal,1: Walking
1787670966.06585,29072,Person 55,-157.8,1594.8,0.0,1589.62,-9.01,True,Active,zain,Forward,Normal,1: Walking
1787670966.1542609,29073,Person 55,-211.2,1576.2,-80.0,1567.1,-13.47,True,Active,zain,Forward,Normal,1: Walking
1787670966.2446654,29074,Person 55,-284.8,1549.0,-160.0,1548.64,-17.86,True,Active,zain,Forward,Normal,1: Walking
1787670966.3397179,29075,Person 55,-371.2,1514.4,-240.0,1533.68,-22.1,True,Active,zain,Forward,Normal,1: Walking
1787670966.4231732,29076,Person 55,-469.2,1473.0,-80.0,1534.85,-26.3,True,Active,zain,Forward,Normal,1: Walking
1787670966.5106425,29077,Person 55,-575.4,1429.2,-390.0,1560.0,-30.0,True,Active,zain,Forward,Normal,1: Walking
1787670966.5998085,29078,Person 55,-677.8,1388.6,-480.0,1585.61,-33.58,True,Active,zain,Forward,Normal,1: Walking
1787670966.6892495,29079,Person 55,-775.2,1351.8,-390.0,1609.21,-36.71,True,Active,zain,Forward,Normal,1: Walking
1787670966.7785053,29080,Person 55,-867.0,1320.4,-80.0,1634.32,-39.34,True,Active,zain,Forward,Normal,1: Walking
1787670966.873977,29081,Person 55,-950.0,1294.4,-160.0,1658.78,-41.31,True,Active,zain,Forward,Normal,1: Walking
1787670966.9555721,29082,Person 55,-1026.6,1273.4,0.0,1704.43,-43.03,True,Active,zain,Forward,Normal,1: Walking
1787670967.044568,29083,Person 55,-1096.0,1258.4,-160.0,1746.62,-44.49,True,Active,zain,Forward,Normal,1: Walking
1787670967.1345685,29084,Person 55,-1160.8,1250.6,-160.0,1794.1,-45.79,True,Active,zain,Forward,Normal,1: Walking
