timestamp,sequence_id,target_id,x_mm,y_mm,speed_mms,distance_mm,angle_deg,valid,status,volunteer_id,fall_subtype,pace_variant,action_label
1790441372.1567318,20949,Target 0,1331.0,2005.0,-80.0,2406.57,33.58,True,Active,zain,Forward,Normal,1: Walking
1790441372.207316,20950,Target 0,1326.0,2009.0,-80.0,2407.15,33.43,True,Active,zain,Forward,Normal,1: Walking
1790441372.3250077,20951,Target 0,1321.0,2011.0,-80.0,2406.07,33.3,True,Active,zain,Forward,Normal,1: Walking
1790441372.3981545,20952,Target 0,1317.0,2015.0,-80.0,2407.22,33.17,True,Active,zain,Forward,Normal,1: Walking
1790441372.4910908,20953,Target 0,1313.0,2019.0,0.0,2408.39,33.04,True,Active,zain,Forward,Normal,1: Walking
1790441372.582188,20954,Target 0,1310.0,2022.0,0.0,2409.27,32.94,True,Active,zain,Forward,Normal,1: Walking
1790441372.7202425,20955,Target 0,1308.0,2024.0,0.0,2409.86,32.87,True,Active,zain,Forward,Normal,1: Walking
1790441372.744902,20956,Target 0,1304.0,2025.0,-80.0,2408.54,32.78,True,Active,zain,Forward,Normal,1: Walking
1790441372.8459477,20957,Target 0,1303.0,2026.0,0.0,2408.83,32.75,True,Active,zain,Forward,Normal,1: Walking
1790441372.9567926,20958,Target 0,1304.0,2027.0,-80.0,2410.22,32.75,True,Active,zain,Forward,Normal,1: Walking
1790441373.0403247,20959,Target 0,1304.0,2030.0,80.0,2412.74,32.72,True,Active,zain,Forward,Normal,1: Walking
1790441373.099641,20960,Target 0,1304.0,2033.0,0.0,2415.26,32.68,True,Active,zain,Forward,Normal,1: Walking
1790441373.1856976,20961,Target 0,1303.0,2034.0,-80.0,2415.57,32.64,True,Active,zain,Forward,Normal,1: Walking
1790441373.2955317,20962,Target 0,1301.0,2037.0,-80.0,2417.02,32.57,True,Active,zain,Forward,Normal,1: Walking
1790441373.401508,20963,Target 0,1298.0,2040.0,-80.0,2417.93,32.47,True,Active,zain,Forward,Normal,1: Walking
1790441373.5057843,20964,Target 0,1294.0,2044.0,-80.0,2419.17,32.34,True,Active,zain,Forward,Normal,1: Walking
1790441373.541221,20965,Target 0,1291.0,2047.0,-80.0,2420.1,32.24,True,Active,zain,Forward,Normal,1: Walking
1790441373.6353526,20966,Target 0,1291.0,2047.0,240.0,2420.1,32.24,True,Active,zain,Forward,Normal,1: Walking
1790441373.743056,20967,Target 0,1290.0,2048.0,80.0,2420.41,32.21,True,Active,zain,Forward,Normal,1: Walking
1790441373.8081713,20968,Target 0,1290.0,2044.0,240.0,2417.03,32.26,True,Active,zain,Forward,Normal,1: Walking
1790441373.8964443,20969,Target 0,1289.0,2043.0,320.0,2415.65,32.25,True,Active,zain,Forward,Normal,1: Walking
1790441373.9861052,20970,Target 0,1287.0,2042.0,480.0,2413.74,32.22,True,Active,zain,Forward,Normal,1: Walking
1790441374.1445796,20971,Target 0,1280.0,2044.0,720.0,2411.71,32.06,True,Active,zain,Forward,Normal,1: Walking
1790441374.1669974,20972,Target 0,1274.0,2042.0,480.0,2406.83,31.96,True,Active,zain,Forward,Normal,1: Walking
1790441374.2616272,20973,Target 0,1268.0,2038.0,480.0,2400.26,31.89,True,Active,zain,Forward,Normal,1: Walking
1790441374.3488317,20974,Target 0,1260.0,2033.0,480.0,2391.8,31.79,True,Active,zain,Forward,Normal,1: Walking
1790441374.4565978,20975,Target 0,1251.0,2030.0,560.0,2384.51,31.64,True,Active,zain,Forward,Normal,1: Walking
1790441374.5206103,20976,Target 0,1241.0,2025.0,390.0,2375.02,31.5,True,Active,zain,Forward,Normal,1: Walking
1790441374.609383,20977,Target 0,1233.0,2016.0,480.0,2363.16,31.45,True,Active,zain,Forward,Normal,1: Walking
1790441374.699113,20978,Target 0,1227.0,2005.0,480.0,2350.65,31.47,True,Active,zain,Forward,Normal,1: Walking
1790441374.8148835,20979,Target 0,1218.0,1994.0,640.0,2336.57,31.42,True,Active,zain,Forward,Normal,1: Walking
1790441374.8758607,20980,Target 0,1186.0,1967.0,560.0,2296.89,31.09,True,Active,zain,Forward,Normal,1: Walking
1790441374.9980237,20981,Target 0,1154.0,1939.0,560.0,2256.42,30.76,True,Active,zain,Forward,Normal,1: Walking
1790441375.0552797,20982,Target 0,1120.0,1900.0,390.0,2205.54,30.52,True,Active,zain,Forward,Normal,1: Walking
1790441375.1856322,20983,Target 0,1085.0,1867.0,320.0,2159.38,30.16,True,Active,zain,Forward,Normal,1: Walking
1790441375.2330887,20984,Target 0,1021.0,1815.0,240.0,2082.47,29.36,True,Active,zain,Forward,Normal,1: Walking
1790441375.3291783,20985,Target 0,964.0,1776.0,320.0,2020.76,28.49,True,Active,zain,Forward,Normal,1: Walking
1790441375.4579809,20986,Target 0,906.0,1747.0,390.0,1967.95,27.41,True,Active,zain,Forward,Normal,1: Walking
1790441375.5344865,20987,Target 0,851.0,1721.0,390.0,1919.91,26.31,True,Active,zain,Forward,Normal,1: Walking
1790441375.5869925,20988,Target 0,794.0,1701.0,480.0,1877.19,25.02,True,Active,zain,Forward,Normal,1: Walking
1790441375.688498,20989,Target 0,741.0,1672.0,560.0,1828.84,23.9,True,Active,zain,Forward,Normal,1: Walking
1790441375.767041,20990,Target 0,687.0,1636.0,640.0,1774.39,22.78,True,Active,zain,Forward,Normal,1: Walking
1790441375.8846183,20991,Target 0,646.0,1595.0,640.0,1720.85,22.05,True,Active,zain,Forward,Normal,1: Walking
1790441375.9439113,20992,Target 0,601.0,1561.0,480.0,1672.7,21.06,True,Active,zain,Forward,Normal,1: Walking
1790441376.0493762,20993,Target 0,556.0,1531.0,390.0,1628.83,19.96,True,Active,zain,Forward,Normal,1: Walking
1790441376.1227698,20994,Target 0,507.0,1493.0,160.0,1576.74,18.76,True,Active,zain,Forward,Normal,1: Walking
1790441376.2210896,20995,Target 0,456.0,1466.0,160.0,1535.28,17.28,True,Active,zain,Forward,Normal,1: Walking
1790441376.307506,20996,Target 0,402.0,1439.0,160.0,1494.1,15.61,True,Active,zain,Forward,Normal,1: Walking
1790441376.3946733,20997,Target 0,345.0,1418.0,80.0,1459.37,13.67,True,Active,zain,Forward,Normal,1: Walking
1790441376.4776394,20998,Target 0,286.0,1399.0,0.0,1427.93,11.55,True,Active,zain,Forward,Normal,1: Walking
1790441376.5756683,20999,Target 0,231.0,1384.0,0.0,1403.15,9.48,True,Active,zain,Forward,Normal,1: Walking
1790441376.6553805,21000,Target 0,174.0,1361.0,80.0,1372.08,7.29,True,Active,zain,Forward,Normal,1: Walking
1790441376.7447925,21001,Target 0,123.0,1328.0,80.0,1333.68,5.29,True,Active,zain,Forward,Normal,1: Walking
1790441376.8339765,21002,Target 0,70.0,1308.0,-80.0,1309.87,3.06,True,Active,zain,Forward,Normal,1: Walking
1790441376.9303718,21003,Target 0,16.0,1295.0,-160.0,1295.1,0.71,True,Active,zain,Forward,Normal,1: Walking
1790441377.0163083,21004,Target 0,-40.0,1286.0,-240.0,1286.62,-1.78,True,Active,zain,Forward,Normal,1: Walking
1790441377.14452,21005,Target 0,-100.0,1281.0,-240.0,1284.9,-4.46,True,Active,zain,Forward,Normal,1: Walking
1790441377.220406,21006,Target 0,-158.0,1281.0,-320.0,1290.71,-7.03,True,Active,zain,Forward,Normal,1: Walking
1790441377.298585,21007,Target 0,-221.0,1287.0,-390.0,1305.84,-9.74,True,Active,zain,Forward,Normal,1: Walking
1790441377.4040897,21008,Target 0,-294.0,1283.0,-480.0,1316.25,-12.91,True,Active,zain,Forward,Normal,1: Walking
1790441377.4810846,21009,Target 0,-374.0,1280.0,-480.0,1333.52,-16.29,True,Active,zain,Forward,Normal,1: Walking
1790441377.545782,21010,Target 0,-450.0,1278.0,-560.0,1354.91,-19.4,True,Active,zain,Forward,Normal,1: Walking
1790441377.6390913,21011,Target 0,-516.0,1274.0,-480.0,1374.53,-22.05,True,Active,zain,Forward,Normal,1: Walking
1790441377.7225025,21012,Target 0,-568.0,1283.0,-480.0,1403.11,-23.88,True,Active,zain,Forward,Normal,1: Walking
1790441377.9180684,21013,Target 0,-612.0,1306.0,-560.0,1442.28,-25.11,True,Active,zain,Forward,Normal,1: Walking
1790441377.9383729,21014,Target 0,-663.0,1328.0,-640.0,1484.3,-26.53,True,Active,zain,Forward,Normal,1: Walking
1790441378.016446,21015,Target 0,-711.0,1356.0,-640.0,1531.1,-27.67,True,Active,zain,Forward,Normal,1: Walking
1790441378.0785816,21016,Target 0,-746.0,1394.0,-720.0,1581.06,-28.15,True,Active,zain,Forward,Normal,1: Walking
1790441378.1676593,21017,Target 0,-776.0,1431.0,-720.0,1627.86,-28.47,True,Active,zain,Forward,Normal,1: Walking
1790441378.2576501,21018,Target 0,-823.0,1474.0,-480.0,1688.2,-29.18,True,Active,zain,Forward,Normal,1: Walking
1790441378.3538985,21019,Target 0,-862.0,1527.0,-480.0,1753.5,-29.44,True,Active,zain,Forward,Normal,1: Walking
1790441378.4398446,21020,Target 0,-884.0,1577.0,-560.0,1807.87,-29.27,True,Active,zain,Forward,Normal,1: Walking
1790441378.5321076,21021,Target 0,-898.0,1638.0,-480.0,1868.01,-28.73,True,Active,zain,Forward,Normal,1: Walking
1790441378.6170456,21022,Target 0,-911.0,1689.0,-560.0,1919.02,-28.34,True,Active,zain,Forward,Normal,1: Walking
1790441378.7226644,21023,Target 0,-915.0,1741.0,-560.0,1966.8,-27.72,True,Active,zain,Forward,Normal,1: Walking
1790441378.790709,21024,Target 0,-923.0,1788.0,-640.0,2012.18,-27.3,True,Active,zain,Forward,Normal,1: Walking
1790441378.884061,21025,Target 0,-938.0,1829.0,-720.0,2055.5,-27.15,True,Active,zain,Forward,Normal,1: Walking
1790441378.974797,21026,Target 0,-957.0,1880.0,-640.0,2109.56,-26.98,True,Active,zain,Forward,Normal,1: Walking
1790441379.1766338,21027,Target 0,-985.0,1935.0,-640.0,2171.28,-26.98,True,Active,zain,Forward,Normal,1: Walking
1790441379.1969025,21028,Target 0,-1029.0,1980.0,-480.0,2231.42,-27.46,True,Active,zain,Forward,Normal,1: Walking
1790441379.2363043,21029,Target 0,-1074.0,2021.0,-390.0,2288.65,-27.99,True,Active,zain,Forward,Normal,1: Walking
1790441379.3255427,21030,Target 0,-1113.0,2060.0,-390.0,2341.45,-28.38,True,Active,zain,Forward,Normal,1: Walking
1790441379.4153724,21031,Target 0,-1144.0,2097.0,-560.0,2388.75,-28.61,True,Active,zain,Forward,Normal,1: Walking
1790441379.5284057,21032,Target 0,-1176.0,2126.0,-480.0,2429.58,-28.95,True,Active,zain,Forward,Normal,1: Walking
1790441379.5922456,21033,Target 0,-1190.0,2161.0,-640.0,2466.99,-28.84,True,Active,zain,Forward,Normal,1: Walking
1790441379.6895328,21034,Target 0,-1214.0,2200.0,-560.0,2512.73,-28.89,True,Active,zain,Forward,Normal,1: Walking
1790441379.7998815,21035,Target 0,-1248.0,2231.0,-480.0,2556.34,-29.22,True,Active,zain,Forward,Normal,1: Walking
1790441379.9091446,21036,Target 0,-1297.0,2253.0,-390.0,2599.66,-29.93,True,Active,zain,Forward,Normal,1: Walking
1790441379.948497,21037,Target 0,-1342.0,2285.0,-480.0,2649.94,-30.43,True,Active,zain,Forward,Normal,1: Walking
1790441380.045848,21038,Target 0,-1401.0,2311.0,-160.0,2702.5,-31.23,True,Active,zain,Forward,Normal,1: Walking
1790441380.1685824,21039,Target 0,-1463.0,2318.0,-240.0,2741.08,-32.26,True,Active,zain,Forward,Normal,1: Walking
1790441380.2731478,21040,Target 0,-1526.0,2298.0,-160.0,2758.53,-33.59,True,Active,zain,Forward,Normal,1: Walking
1790441380.318187,21041,Target 0,-1585.0,2246.0,-160.0,2748.95,-35.21,True,Active,zain,Forward,Normal,1: Walking
1790441380.4871933,21042,Target 0,-1647.0,2204.0,-160.0,2751.4,-36.77,True,Active,zain,Forward,Normal,1: Walking
1790441380.5061934,21043,Target 0,-1707.0,2171.0,-160.0,2761.72,-38.18,True,Active,zain,Forward,Normal,1: Walking
1790441380.6061459,21044,Target 0,-1752.0,2158.0,-160.0,2779.65,-39.07,True,Active,zain,Forward,Normal,1: Walking
1790441380.6691473,21045,Target 0,-1804.0,2150.0,-160.0,2806.58,-40.0,True,Active,zain,Forward,Normal,1: Walking
1790441380.7499356,21046,Target 0,-1841.0,2145.0,-160.0,2826.71,-40.64,True,Active,zain,Forward,Normal,1: Walking
1790441380.8381083,21047,Target 0,-1866.0,2164.0,-240.0,2857.42,-40.77,True,Active,zain,Forward,Normal,1: Walking
1790441380.9456482,21048,Target 0,-1863.0,2185.0,-320.0,2871.41,-40.45,True,Active,zain,Forward,Normal,1: Walking
1790441381.0155606,21049,Target 0,-1860.0,2205.0,-240.0,2884.72,-40.15,True,Active,zain,Forward,Normal,1: Walking
1790441381.1123075,21050,Target 0,-1868.0,2219.0,-390.0,2900.58,-40.09,True,Active,zain,Forward,Normal,1: Walking
1790441381.1963909,21051,Target 0,-1900.0,2222.0,-320.0,2923.57,-40.53,True,Active,zain,Forward,Normal,1: Walking
1790441381.3006008,21052,Target 0,-1955.0,2236.0,-160.0,2970.14,-41.16,True,Active,zain,Forward,Normal,1: Walking
1790441381.3755295,21053,Target 0,-1998.0,2255.0,-240.0,3012.81,-41.54,True,Active,zain,Forward,Normal,1: Walking
1790441381.4614437,21054,Target 0,-2052.0,2258.0,-160.0,3051.11,-42.26,True,Active,zain,Forward,Normal,1: Walking
1790441381.5503402,21055,Target 0,-2123.0,2236.0,160.0,3083.31,-43.52,True,Active,zain,Forward,Normal,1: Walking
1790441381.6587746,21056,Target 0,-2174.0,2214.0,160.0,3102.91,-44.48,True,Active,zain,Forward,Normal,1: Walking
1790441381.735832,21057,Target 0,-2219.0,2191.0,160.0,3118.4,-45.36,True,Active,zain,Forward,Normal,1: Walking
1790441381.8328774,21058,Target 0,-2263.0,2154.0,480.0,3124.24,-46.41,True,Active,zain,Forward,Normal,1: Walking
1790441381.9083345,21059,Target 0,-2290.0,2135.0,390.0,3130.87,-47.01,True,Active,zain,Forward,Normal,1: Walking
1790441382.011629,21060,Target 0,-2288.0,2133.0,480.0,3128.04,-47.01,True,Active,zain,Forward,Normal,1: Walking
1790441382.0891366,21061,Target 0,-2253.0,2157.0,240.0,3119.08,-46.25,True,Active,zain,Forward,Normal,1: Walking
1790441382.2140558,21062,Target 0,-2238.0,2167.0,240.0,3115.21,-45.92,True,Active,zain,Forward,Normal,1: Walking
1790441382.2624009,21063,Target 0,-2224.0,2173.0,320.0,3109.36,-45.66,True,Active,zain,Forward,Normal,1: Walking
1790441382.3979368,21064,Target 0,-2215.0,2171.0,320.0,3101.53,-45.57,True,Active,zain,Forward,Normal,1: Walking
1790441382.453929,21065,Target 0,-2205.0,2170.0,480.0,3093.69,-45.46,True,Active,zain,Forward,Normal,1: Walking
1790441382.6029172,21066,Target 0,-2194.0,2167.0,480.0,3083.75,-45.35,True,Active,zain,Forward,Normal,1: Walking
1790441382.6466205,21067,Target 0,-2184.0,2160.0,560.0,3071.72,-45.32,True,Active,zain,Forward,Normal,1: Walking
1790441382.7206833,21068,Target 0,-2172.0,2156.0,720.0,3060.38,-45.21,True,Active,zain,Forward,Normal,1: Walking
1790441382.8372612,21069,Target 0,-2161.0,2150.0,640.0,3048.35,-45.15,True,Active,zain,Forward,Normal,1: Walking
1790441382.902546,21070,Target 0,-2115.0,2133.0,560.0,3003.82,-44.76,True,Active,zain,Forward,Normal,1: Walking
1790441382.9803889,21071,Target 0,-2065.0,2116.0,480.0,2956.63,-44.3,True,Active,zain,Forward,Normal,1: Walking
1790441383.0843318,21072,Target 0,-2013.0,2101.0,560.0,2909.7,-43.77,True,Active,zain,Forward,Normal,1: Walking
1790441383.1575644,21073,Target 0,-1911.0,2075.0,480.0,2820.91,-42.64,True,Active,zain,Forward,Normal,1: Walking
1790441383.2409222,21074,Target 0,-1819.0,2054.0,480.0,2743.66,-41.53,True,Active,zain,Forward,Normal,1: Walking
1790441383.3296924,21075,Target 0,-1732.0,2035.0,560.0,2672.27,-40.4,True,Active,zain,Forward,Normal,1: Walking
1790441383.4274437,21076,Target 0,-1642.0,2024.0,640.0,2606.29,-39.05,True,Active,zain,Forward,Normal,1: Walking
1790441383.5076334,21077,Target 0,-1557.0,2006.0,880.0,2539.35,-37.82,True,Active,zain,Forward,Normal,1: Walking
1790441383.5968394,21078,Target 0,-1486.0,1978.0,790.0,2474.0,-36.92,True,Active,zain,Forward,Normal,1: Walking
1790441383.6892862,21079,Target 0,-1408.0,1952.0,560.0,2406.82,-35.8,True,Active,zain,Forward,Normal,1: Walking
1790441383.7855952,21080,Target 0,-1328.0,1932.0,480.0,2344.4,-34.5,True,Active,zain,Forward,Normal,1: Walking
1790441383.8669312,21081,Target 0,-1248.0,1918.0,560.0,2288.28,-33.05,True,Active,zain,Forward,Normal,1: Walking
1790441383.952584,21082,Target 0,-1150.0,1921.0,640.0,2238.92,-30.91,True,Active,zain,Forward,Normal,1: Walking
1790441384.04158,21083,Target 0,-1067.0,1912.0,560.0,2189.57,-29.16,True,Active,zain,Forward,Normal,1: Walking
1790441384.1668367,21084,Target 0,-985.0,1904.0,560.0,2143.7,-27.35,True,Active,zain,Forward,Normal,1: Walking
1790441384.2245545,21085,Target 0,-914.0,1869.0,880.0,2080.52,-26.06,True,Active,zain,Forward,Normal,1: Walking
1790441384.3254435,21086,Target 0,-839.0,1827.0,640.0,2010.44,-24.67,True,Active,zain,Forward,Normal,1: Walking
1790441384.4095855,21087,Target 0,-757.0,1804.0,80.0,1956.39,-22.76,True,Active,zain,Forward,Normal,1: Walking
1790441384.5120668,21088,Target 0,-672.0,1788.0,0.0,1910.11,-20.6,True,Active,zain,Forward,Normal,1: Walking
1790441384.5756,21089,Target 0,-585.0,1776.0,0.0,1869.87,-18.23,True,Active,zain,Forward,Normal,1: Walking
1790441384.6679134,21090,Target 0,-506.0,1783.0,-480.0,1853.41,-15.84,True,Active,zain,Forward,Normal,1: Walking
1790441384.7657526,21091,Target 0,-444.0,1799.0,-480.0,1852.98,-13.86,True,Active,zain,Forward,Normal,1: Walking
1790441384.8728707,21092,Target 0,-388.0,1830.0,-640.0,1870.68,-11.97,True,Active,zain,Forward,Normal,6: Fall onset
1790441384.93398,21093,Target 0,-358.0,1872.0,-80.0,1905.92,-10.83,True,Active,zain,Forward,Normal,6: Fall onset
1790441385.0472207,21094,Target 0,-320.0,1931.0,-1120.0,1957.34,-9.41,True,Active,zain,Forward,Normal,6: Fall onset
1790441385.110878,21095,Target 0,-286.0,1997.0,-1120.0,2017.38,-8.15,True,Active,zain,Forward,Normal,6: Fall onset
1790441385.2146506,21096,Target 0,-264.0,2076.0,-1120.0,2092.72,-7.25,True,Active,zain,Forward,Normal,6: Fall onset
1790441385.2934077,21097,Target 0,-246.0,2158.0,-1120.0,2171.98,-6.5,True,Active,zain,Forward,Normal,6: Fall onset
1790441385.3758643,21098,Target 0,-232.0,2238.0,-1120.0,2249.99,-5.92,True,Active,zain,Forward,Normal,6: Fall onset
1790441385.4645746,21099,Target 0,-225.0,2325.0,0.0,2335.86,-5.53,True,Active,zain,Forward,Normal,6: Fall onset
1790441385.5543547,21100,Target 0,-260.0,2628.0,0.0,2640.83,-5.65,True,Active,zain,Forward,Normal,6: Fall onset
1790441385.647989,21101,Target 0,-279.0,2920.0,-320.0,2933.3,-5.46,True,Active,zain,Forward,Normal,6: Fall onset
1790441385.7365355,21102,Target 0,-299.0,3162.0,-80.0,3176.11,-5.4,True,Active,zain,Forward,Normal,6: Fall onset
1790441385.830271,21103,Target 0,-292.0,3357.0,0.0,3369.68,-4.97,True,Active,zain,Forward,Normal,6: Fall onset
1790441385.9148264,21104,Target 0,-299.0,3501.0,80.0,3513.74,-4.88,True,Active,zain,Forward,Normal,6: Fall onset
1790441385.9988296,21105,Target 0,-322.0,3619.0,-80.0,3633.3,-5.08,True,Active,zain,Forward,Normal,6: Fall onset
1790441386.0884805,21106,Target 0,-316.0,3731.0,-80.0,3744.36,-4.84,True,Active,zain,Forward,Normal,6: Fall onset
1790441386.1780462,21107,Target 0,-287.0,3794.0,0.0,3804.84,-4.33,True,Active,zain,Forward,Normal,6: Fall onset
1790441386.266191,21108,Target 0,-254.0,3841.0,0.0,3849.39,-3.78,True,Active,zain,Forward,Normal,6: Fall onset
1790441386.3552516,21109,Target 0,-220.0,3876.0,0.0,3882.24,-3.25,True,Active,zain,Forward,Normal,6: Fall onset
1790441386.445986,21110,Target 0,-186.0,3903.0,0.0,3907.43,-2.73,True,Active,zain,Forward,Normal,6: Fall onset
1790441386.5494561,21111,Target 0,-156.0,3922.0,0.0,3925.1,-2.28,True,Active,zain,Forward,Normal,6: Fall onset
1790441386.705487,21112,Target 0,-142.0,3930.0,0.0,3932.56,-2.07,True,Active,zain,Forward,Normal,6: Fall onset
1790441386.7484264,21113,Target 0,-149.0,3926.0,0.0,3928.83,-2.17,True,Active,zain,Forward,Normal,6: Fall onset
1790441386.8005812,21114,Target 0,-150.0,3922.0,0.0,3924.87,-2.19,True,Active,zain,Forward,Normal,6: Fall onset
1790441386.8882782,21115,Target 0,-152.0,3920.0,0.0,3922.95,-2.22,True,Active,zain,Forward,Normal,7: Post-fall stillness
1790441386.987948,21116,Target 0,-153.0,3919.0,0.0,3921.99,-2.24,True,Active,zain,Forward,Normal,7: Post-fall stillness
1790441387.0899892,21117,Target 0,-154.0,3917.0,0.0,3920.03,-2.25,True,Active,zain,Forward,Normal,7: Post-fall stillness
1790441387.1867292,21118,Target 0,-159.0,3917.0,0.0,3920.23,-2.32,True,Active,zain,Forward,Normal,7: Post-fall stillness
1790441387.2534442,21119,Target 0,-174.0,3918.0,0.0,3921.86,-2.54,True,Active,zain,Forward,Normal,7: Post-fall stillness
1790441387.3520012,21120,Target 0,-198.0,3919.0,0.0,3924.0,-2.89,True,Active,zain,Forward,Normal,7: Post-fall stillness
1790441387.4773734,21121,Target 0,-278.0,3923.0,0.0,3932.84,-4.05,True,Active,zain,Forward,Normal,7: Post-fall stillness
1790441387.5122979,21122,Target 0,-304.0,3924.0,0.0,3935.76,-4.43,True,Active,zain,Forward,Normal,7: Post-fall stillness
1790441387.6005762,21123,Target 0,-325.0,3925.0,0.0,3938.43,-4.73,True,Active,zain,Forward,Normal,7: Post-fall stillness
1790441387.6899543,21124,Target 0,-342.0,3926.0,0.0,3940.87,-4.98,True,Active,zain,Forward,Normal,7: Post-fall stillness
1790441387.8036146,21125,Target 0,-359.0,3928.0,0.0,3944.37,-5.22,True,Active,zain,Forward,Normal,7: Post-fall stillness
1790441387.8689194,21126,Target 0,-379.0,3928.0,0.0,3946.24,-5.51,True,Active,zain,Forward,Normal,7: Post-fall stillness
1790441387.9567409,21127,Target 0,-399.0,3929.0,0.0,3949.21,-5.8,True,Active,zain,Forward,Normal,7: Post-fall stillness
1790441388.050105,21128,Target 0,-418.0,3929.0,0.0,3951.17,-6.07,True,Active,zain,Forward,Normal,7: Post-fall stillness
1790441388.1529477,21129,Target 0,-437.0,3930.0,0.0,3954.22,-6.34,True,Active,zain,Forward,Normal,7: Post-fall stillness
1790441388.2286766,21130,Target 0,-462.0,3928.0,0.0,3955.08,-6.71,True,Active,zain,Forward,Normal,7: Post-fall stillness
1790441388.3189847,21131,Target 0,-489.0,3924.0,0.0,3954.35,-7.1,True,Active,zain,Forward,Normal,7: Post-fall stillness
1790441388.4022615,21132,Target 0,-530.0,3917.0,0.0,3952.69,-7.71,True,Active,zain,Forward,Normal,7: Post-fall stillness
1790441388.5100262,21133,Target 0,-655.0,3896.0,0.0,3950.68,-9.54,True,Active,zain,Forward,Normal,7: Post-fall stillness
1790441388.5815814,21134,Target 0,-702.0,3891.0,80.0,3953.82,-10.23,True,Active,zain,Forward,Normal,7: Post-fall stillness
1790441388.6720243,21135,Target 0,-832.0,3881.0,80.0,3969.18,-12.1,True,Active,zain,Forward,Normal,7: Post-fall stillness
1790441388.7583392,21136,Target 0,-950.0,3872.0,80.0,3986.84,-13.79,True,Active,zain,Forward,Normal,7: Post-fall stillness
1790441388.8610578,21137,Target 0,-993.0,3865.0,0.0,3990.52,-14.41,True,Active,zain,Forward,Normal,7: Post-fall stillness
1790441388.9406486,21138,Target 0,-1117.0,3843.0,0.0,4002.04,-16.21,True,Active,zain,Forward,Normal,7: Post-fall stillness
1790441389.0243886,21139,Target 0,-1153.0,3840.0,0.0,4009.37,-16.71,True,Active,zain,Forward,Normal,7: Post-fall stillness
1790441389.1159368,21140,Target 0,-1180.0,3838.0,0.0,4015.3,-17.09,True,Active,zain,Forward,Normal,7: Post-fall stillness
1790441389.214847,21141,Target 0,-1202.0,3837.0,0.0,4020.87,-17.39,True,Active,zain,Forward,Normal,7: Post-fall stillness
1790441389.292848,21142,Target 0,-1224.0,3837.0,0.0,4027.5,-17.69,True,Active,zain,Forward,Normal,7: Post-fall stillness
1790441389.4012814,21143,Target 0,-1244.0,3836.0,0.0,4032.67,-17.97,True,Active,zain,Forward,Normal,7: Post-fall stillness
1790441389.4732468,21144,Target 0,-1259.0,3837.0,0.0,4038.27,-18.17,True,Active,zain,Forward,Normal,8: Recovery / standing back up
1790441389.5698738,21145,Target 0,-1250.0,3840.0,-80.0,4038.33,-18.03,True,Active,zain,Forward,Normal,8: Recovery / standing back up
1790441389.656158,21146,Target 0,-1225.0,3850.0,0.0,4040.19,-17.65,True,Active,zain,Forward,Normal,8: Recovery / standing back up
1790441389.7372425,21147,Target 0,-1152.0,3874.0,0.0,4041.66,-16.56,True,Active,zain,Forward,Normal,8: Recovery / standing back up
1790441389.8348408,21148,Target 0,-992.0,3936.0,80.0,4059.08,-14.15,True,Active,zain,Forward,Normal,8: Recovery / standing back up
1790441389.928074,21149,Target 0,-822.0,3983.0,80.0,4066.94,-11.66,True,Active,zain,Forward,Normal,8: Recovery / standing back up
1790441390.0058758,21150,Target 0,-685.0,4022.0,80.0,4079.92,-9.67,True,Active,zain,Forward,Normal,8: Recovery / standing back up
1790441390.0934453,21151,Target 0,-559.0,4057.0,80.0,4095.33,-7.85,True,Active,zain,Forward,Normal,8: Recovery / standing back up
1790441390.1814458,21152,Target 0,-446.0,4088.0,80.0,4112.26,-6.23,True,Active,zain,Forward,Normal,8: Recovery / standing back up
1790441390.2787955,21153,Target 0,-374.0,4081.0,80.0,4098.1,-5.24,True,Active,zain,Forward,Normal,8: Recovery / standing back up
1790441390.3755858,21154,Target 0,-299.0,4075.0,0.0,4085.95,-4.2,True,Active,zain,Forward,Normal,8: Recovery / standing back up
1790441390.4496737,21155,Target 0,-233.0,4063.0,0.0,4069.68,-3.28,True,Active,zain,Forward,Normal,8: Recovery / standing back up
1790441390.5467606,21156,Target 0,-194.0,4080.0,0.0,4084.61,-2.72,True,Active,zain,Forward,Normal,8: Recovery / standing back up
1790441390.6413445,21157,Target 0,-185.0,4101.0,0.0,4105.17,-2.58,True,Active,zain,Forward,Normal,8: Recovery / standing back up
1790441390.7162316,21158,Target 0,-188.0,4114.0,0.0,4118.29,-2.62,True,Active,zain,Forward,Normal,8: Recovery / standing back up
1790441390.805606,21159,Target 0,-195.0,4124.0,0.0,4128.61,-2.71,True,Active,zain,Forward,Normal,8: Recovery / standing back up
1790441390.8939862,21160,Target 0,-195.0,4125.0,0.0,4129.61,-2.71,True,Active,zain,Forward,Normal,8: Recovery / standing back up
1790441390.991477,21161,Target 0,-193.0,4124.0,0.0,4128.51,-2.68,True,Active,zain,Forward,Normal,8: Recovery / standing back up
1790441391.0806944,21162,Target 0,-192.0,4123.0,0.0,4127.47,-2.67,True,Active,zain,Forward,Normal,8: Recovery / standing back up
1790441391.1654217,21163,Target 0,-191.0,4122.0,0.0,4126.42,-2.65,True,Active,zain,Forward,Normal,8: Recovery / standing back up
1790441391.255962,21164,Target 0,-189.0,4121.0,0.0,4125.33,-2.63,True,Active,zain,Forward,Normal,8: Recovery / standing back up
1790441391.3658793,21165,Target 0,-188.0,4121.0,0.0,4125.29,-2.61,True,Active,zain,Forward,Normal,8: Recovery / standing back up
1790441391.427545,21166,Target 0,-187.0,4120.0,0.0,4124.24,-2.6,True,Active,zain,Forward,Normal,8: Recovery / standing back up
1790441391.5169547,21167,Target 0,-186.0,4119.0,0.0,4123.2,-2.59,True,Active,zain,Forward,Normal,8: Recovery / standing back up
1790441391.6060822,21168,Target 0,-185.0,4119.0,0.0,4123.15,-2.57,True,Active,zain,Forward,Normal,8: Recovery / standing back up
1790441391.6963358,21169,Target 0,-184.0,4118.0,0.0,4122.11,-2.56,True,Active,zain,Forward,Normal,8: Recovery / standing back up
1790441391.7840137,21170,Target 0,-183.0,4117.0,0.0,4121.07,-2.55,True,Active,zain,Forward,Normal,8: Recovery / standing back up
1790441391.9334056,21171,Target 0,-182.0,4117.0,0.0,4121.02,-2.53,True,Active,zain,Forward,Normal,8: Recovery / standing back up
1790441391.9866545,21172,Target 0,-181.0,4116.0,0.0,4119.98,-2.52,True,Active,zain,Forward,Normal,8: Recovery / standing back up
1790441392.0514352,21173,Target 0,-180.0,4116.0,0.0,4119.93,-2.5,True,Active,zain,Forward,Normal,8: Recovery / standing back up
1790441392.1501207,21174,Target 0,-179.0,4115.0,0.0,4118.89,-2.49,True,Active,zain,Forward,Normal,8: Recovery / standing back up
1790441392.228395,21175,Target 0,-178.0,4115.0,0.0,4118.85,-2.48,True,Active,zain,Forward,Normal,8: Recovery / standing back up
1790441392.3216274,21176,Target 0,-178.0,4115.0,0.0,4118.85,-2.48,True,Active,zain,Forward,Normal,8: Recovery / standing back up
1790441392.4068048,21177,Target 0,-178.0,4115.0,0.0,4118.85,-2.48,True,Active,zain,Forward,Normal,8: Recovery / standing back up
1790441392.5852716,21178,Target 0,-178.0,4115.0,0.0,4118.85,-2.48,True,Active,zain,Forward,Normal,8: Recovery / standing back up
1790441392.6068294,21179,Target 0,-178.0,4115.0,0.0,4118.85,-2.48,True,Active,zain,Forward,Normal,8: Recovery / standing back up
1790441392.6779864,21180,Target 0,-178.0,4115.0,0.0,4118.85,-2.48,True,Active,zain,Forward,Normal,8: Recovery / standing back up
1790441392.7649596,21181,Target 0,-178.0,4115.0,0.0,4118.85,-2.48,True,Active,zain,Forward,Normal,8: Recovery / standing back up
1790441392.8532193,21182,Target 0,-178.0,4115.0,0.0,4118.85,-2.48,True,Active,zain,Forward,Normal,8: Recovery / standing back up
1790441392.941299,21183,Target 0,-178.0,4115.0,0.0,4118.85,-2.48,True,Active,zain,Forward,Normal,8: Recovery / standing back up
1790441393.0458944,21184,Target 0,-178.0,4115.0,0.0,4118.85,-2.48,True,Active,zain,Forward,Normal,8: Recovery / standing back up
1790441393.16485,21185,Target 0,-178.0,4115.0,0.0,4118.85,-2.48,True,Active,zain,Forward,Normal,8: Recovery / standing back up
1790441393.2324796,21186,Target 0,-178.0,4115.0,0.0,4118.85,-2.48,True,Active,zain,Forward,Normal,8: Recovery / standing back up
1790441393.299808,21187,Target 0,-178.0,4115.0,0.0,4118.85,-2.48,True,Active,zain,Forward,Normal,8: Recovery / standing back up
1790441393.5568063,21188,Target 0,-178.0,4115.0,0.0,4118.85,-2.48,True,Active,zain,Forward,Normal,8: Recovery / standing back up
1790441393.577359,21189,Target 0,-178.0,4115.0,0.0,4118.85,-2.48,True,Active,zain,Forward,Normal,8: Recovery / standing back up
1790441393.5976827,21190,Target 0,-178.0,4115.0,0.0,4118.85,-2.48,True,Active,zain,Forward,Normal,8: Recovery / standing back up
1790441393.7653077,21191,Target 0,-178.0,4115.0,0.0,4118.85,-2.48,True,Active,zain,Forward,Normal,8: Recovery / standing back up
1790441393.7847693,21192,Target 0,-178.0,4115.0,0.0,4118.85,-2.48,True,Active,zain,Forward,Normal,8: Recovery / standing back up
1790441393.8424432,21193,Target 0,-178.0,4115.0,0.0,4118.85,-2.48,True,Active,zain,Forward,Normal,8: Recovery / standing back up
1790441394.0141711,21194,Target 0,-178.0,4115.0,0.0,4118.85,-2.48,True,Active,zain,Forward,Normal,8: Recovery / standing back up
1790441394.033983,21195,Target 0,-178.0,4115.0,0.0,4118.85,-2.48,True,Active,zain,Forward,Normal,8: Recovery / standing back up
1790441394.1075702,21196,Target 0,-152.0,4149.0,240.0,4151.78,-2.1,True,Active,zain,Forward,Normal,1: Walking
1790441394.2547228,21197,Target 0,-126.0,4185.0,240.0,4186.9,-1.72,True,Active,zain,Forward,Normal,1: Walking
1790441394.307369,21198,Target 0,-100.0,4220.0,240.0,4221.18,-1.36,True,Active,zain,Forward,Normal,1: Walking
1790441394.3663096,21199,Target 0,-76.0,4253.0,240.0,4253.68,-1.02,True,Active,zain,Forward,Normal,1: Walking
1790441394.4904885,21200,Target 0,-52.0,4285.0,240.0,4285.32,-0.7,True,Active,zain,Forward,Normal,1: Walking
1790441394.5751276,21201,Target 0,-29.0,4316.0,240.0,4316.1,-0.38,True,Active,zain,Forward,Normal,1: Walking
1790441394.6560504,21202,Target 0,-7.0,4346.0,240.0,4346.01,-0.09,True,Active,zain,Forward,Normal,1: Walking
1790441394.7202046,21203,Target 0,14.0,4375.0,240.0,4375.02,0.18,True,Active,zain,Forward,Normal,1: Walking
1790441394.810606,21204,Target 0,33.0,4399.0,-80.0,4399.12,0.43,True,Active,zain,Forward,Normal,1: Walking
1790441394.941252,21205,Target 0,52.0,4421.0,-80.0,4421.31,0.67,True,Active,zain,Forward,Normal,1: Walking
1790441395.0154574,21206,Target 0,70.0,4443.0,-80.0,4443.55,0.9,True,Active,zain,Forward,Normal,1: Walking
1790441395.0819283,21207,Target 0,87.0,4463.0,-80.0,4463.85,1.12,True,Active,zain,Forward,Normal,1: Walking
1790441395.168525,21208,Target 0,103.0,4483.0,-80.0,4484.18,1.32,True,Active,zain,Forward,Normal,1: Walking
1790441395.2612846,21209,Target 0,119.0,4503.0,-80.0,4504.57,1.51,True,Active,zain,Forward,Normal,1: Walking
1790441395.36261,21210,Target 0,137.0,4518.0,-80.0,4520.08,1.74,True,Active,zain,Forward,Normal,1: Walking
1790441395.439784,21211,Target 0,155.0,4532.0,-80.0,4534.65,1.96,True,Active,zain,Forward,Normal,1: Walking
1790441395.5443234,21212,Target 0,173.0,4545.0,-80.0,4548.29,2.18,True,Active,zain,Forward,Normal,1: Walking
1790441395.6101434,21213,Target 0,190.0,4558.0,-80.0,4561.96,2.39,True,Active,zain,Forward,Normal,1: Walking
1790441395.7247787,21214,Target 0,206.0,4570.0,-80.0,4574.64,2.58,True,Active,zain,Forward,Normal,1: Walking
1790441395.8024702,21215,Target 0,222.0,4582.0,-80.0,4587.37,2.77,True,Active,zain,Forward,Normal,1: Walking
1790441395.8803465,21216,Target 0,237.0,4593.0,-80.0,4599.11,2.95,True,Active,zain,Forward,Normal,1: Walking
1790441395.9671009,21217,Target 0,252.0,4604.0,-80.0,4610.89,3.13,True,Active,zain,Forward,Normal,1: Walking
1790441396.0735154,21218,Target 0,266.0,4615.0,-80.0,4622.66,3.3,True,Active,zain,Forward,Normal,1: Walking
1790441396.185767,21219,Target 0,280.0,4625.0,-80.0,4633.47,3.46,True,Active,zain,Forward,Normal,1: Walking
1790441396.2709541,21220,Target 0,292.0,4640.0,-480.0,4649.18,3.6,True,Active,zain,Forward,Normal,1: Walking
1790441396.3229992,21221,Target 0,304.0,4656.0,-480.0,4665.91,3.74,True,Active,zain,Forward,Normal,1: Walking
1790441396.4768076,21222,Target 0,315.0,4672.0,-480.0,4682.61,3.86,True,Active,zain,Forward,Normal,1: Walking
1790441396.5540433,21223,Target 0,330.0,4692.0,-390.0,4703.59,4.02,True,Active,zain,Forward,Normal,1: Walking
1790441396.6236808,21224,Target 0,355.0,4734.0,-480.0,4747.29,4.29,True,Active,zain,Forward,Normal,1: Walking
1790441396.6777866,21225,Target 0,417.0,4863.0,-480.0,4880.85,4.9,True,Active,zain,Forward,Normal,1: Walking
1790441396.8246925,21226,Target 0,554.0,5099.0,-640.0,5129.01,6.2,True,Active,zain,Forward,Normal,1: Walking
1790441396.9070666,21227,Target 0,685.0,5281.0,-720.0,5325.24,7.39,True,Active,zain,Forward,Normal,1: Walking
1790441396.9445765,21228,Target 0,810.0,5437.0,-720.0,5497.01,8.47,True,Active,zain,Forward,Normal,1: Walking
1790441397.033312,21229,Target 0,925.0,5570.0,-720.0,5646.28,9.43,True,Active,zain,Forward,Normal,1: Walking
1790441397.1410594,21230,Target 0,1027.0,5682.0,-720.0,5774.07,10.25,True,Active,zain,Forward,Normal,1: Walking
1790441397.216612,21231,Target 0,1118.0,5776.0,-720.0,5883.2,10.95,True,Active,zain,Forward,Normal,1: Walking
1790441397.3007255,21232,Target 0,1196.0,5855.0,-720.0,5975.91,11.54,True,Active,zain,Forward,Normal,1: Walking
1790441397.3953898,21233,Target 0,1262.0,5921.0,-720.0,6054.0,12.03,True,Active,zain,Forward,Normal,1: Walking
1790441397.4900658,21234,Target 0,1319.0,5976.0,-720.0,6119.83,12.45,True,Active,zain,Forward,Normal,1: Walking
1790441397.5670109,21235,Target 0,1366.0,6021.0,-720.0,6174.01,12.78,True,Active,zain,Forward,Normal,1: Walking
1790441397.6653233,21236,Target 0,1400.0,6045.0,160.0,6205.0,13.04,True,Active,zain,Forward,Normal,1: Walking
1790441397.7479124,21237,Target 0,1408.0,5987.0,160.0,6150.34,13.23,True,Active,zain,Forward,Normal,1: Walking
1790441397.8444219,21238,Target 0,1412.0,5921.0,160.0,6087.03,13.41,True,Active,zain,Forward,Normal,1: Walking
1790441397.9297023,21239,Target 0,1416.0,5861.0,160.0,6029.62,13.58,True,Active,zain,Forward,Normal,1: Walking
1790441398.079417,21240,Target 0,1419.0,5806.0,160.0,5976.89,13.73,True,Active,zain,Forward,Normal,1: Walking
1790441398.1117735,21241,Target 0,1422.0,5758.0,160.0,5930.99,13.87,True,Active,zain,Forward,Normal,1: Walking
1790441398.1960905,21242,Target 0,1425.0,5713.0,160.0,5888.04,14.01,True,Active,zain,Forward,Normal,1: Walking
1790441398.2791176,21243,Target 0,1428.0,5674.0,160.0,5850.94,14.13,True,Active,zain,Forward,Normal,1: Walking
1790441398.3775723,21244,Target 0,1429.0,5661.0,160.0,5838.58,14.17,True,Active,zain,Forward,Normal,1: Walking
1790441398.479929,21245,Target 0,1421.0,5628.0,160.0,5804.62,14.17,True,Active,zain,Forward,Normal,1: Walking
1790441398.5924041,21246,Target 0,1394.0,5527.0,160.0,5700.08,14.16,True,Active,zain,Forward,Normal,1: Walking
1790441398.6360893,21247,Target 0,1369.0,5435.0,160.0,5604.76,14.14,True,Active,zain,Forward,Normal,1: Walking
1790441398.724415,21248,Target 0,1346.0,5353.0,160.0,5519.63,14.11,True,Active,zain,Forward,Normal,1: Walking
1790441398.8251104,21249,Target 0,1339.0,5326.0,160.0,5491.74,14.11,True,Active,zain,Forward,Normal,1: Walking
1790441398.9359076,21250,Target 0,1332.0,5300.0,160.0,5464.82,14.11,True,Active,zain,Forward,Normal,1: Walking
1790441398.9957743,21251,Target 0,1325.0,5275.0,160.0,5438.86,14.1,True,Active,zain,Forward,Normal,1: Walking
1790441399.0901732,21252,Target 0,1319.0,5251.0,160.0,5414.13,14.1,True,Active,zain,Forward,Normal,1: Walking
1790441399.2228317,21253,Target 0,1312.0,5228.0,160.0,5390.11,14.09,True,Active,zain,Forward,Normal,1: Walking
1790441399.3349457,21254,Target 0,1306.0,5205.0,160.0,5366.35,14.09,True,Active,zain,Forward,Normal,1: Walking
1790441399.355584,21255,Target 0,1300.0,5184.0,160.0,5344.52,14.08,True,Active,zain,Forward,Normal,1: Walking
1790441399.4373057,21256,Target 0,1295.0,5163.0,160.0,5322.93,14.08,True,Active,zain,Forward,Normal,1: Walking
1790441399.5294132,21257,Target 0,1289.0,5143.0,160.0,5302.07,14.07,True,Active,zain,Forward,Normal,1: Walking
1790441399.614517,21258,Target 0,1284.0,5123.0,160.0,5281.46,14.07,True,Active,zain,Forward,Normal,1: Walking
1790441399.7031193,21259,Target 0,1279.0,5104.0,160.0,5261.81,14.07,True,Active,zain,Forward,Normal,1: Walking
1790441399.7918832,21260,Target 0,1274.0,5086.0,160.0,5243.14,14.06,True,Active,zain,Forward,Normal,1: Walking
1790441399.8987746,21261,Target 0,-100.0,1302.0,-480.0,1305.83,-4.39,True,Active,zain,Forward,Normal,1: Walking
1790441399.969241,21262,Target 0,-158.0,1334.0,-480.0,1343.32,-6.75,True,Active,zain,Forward,Normal,1: Walking
1790441400.0822682,21263,Target 0,-216.0,1366.0,-560.0,1382.97,-8.99,True,Active,zain,Forward,Normal,1: Walking
1790441400.1556892,21264,Target 0,-280.0,1388.0,-640.0,1415.96,-11.41,True,Active,zain,Forward,Normal,1: Walking
1790441400.237181,21265,Target 0,-344.0,1408.0,-640.0,1449.41,-13.73,True,Active,zain,Forward,Normal,1: Walking
1790441400.3287342,21266,Target 0,-410.0,1425.0,-790.0,1482.81,-16.05,True,Active,zain,Forward,Normal,1: Walking
1790441400.4487755,21267,Target 0,-479.0,1444.0,-960.0,1521.37,-18.35,True,Active,zain,Forward,Normal,1: Walking
1790441400.5042815,21268,Target 0,-548.0,1472.0,-720.0,1570.7,-20.42,True,Active,zain,Forward,Normal,1: Walking
1790441400.6291902,21269,Target 0,-601.0,1504.0,-560.0,1619.63,-21.78,True,Active,zain,Forward,Normal,1: Walking
1790441400.7123451,21270,Target 0,-646.0,1544.0,-640.0,1673.69,-22.7,True,Active,zain,Forward,Normal,1: Walking
1790441400.813637,21271,Target 0,-707.0,1589.0,-640.0,1739.19,-23.99,True,Active,zain,Forward,Normal,1: Walking
1790441400.8599305,21272,Target 0,-761.0,1633.0,-720.0,1801.61,-24.99,True,Active,zain,Forward,Normal,1: Walking
1790441400.9489105,21273,Target 0,-810.0,1674.0,-790.0,1859.67,-25.82,True,Active,zain,Forward,Normal,1: Walking
1790441401.0381553,21274,Target 0,-849.0,1733.0,-790.0,1929.79,-26.1,True,Active,zain,Forward,Normal,1: Walking
1790441401.177873,21275,Target 0,-901.0,1781.0,-720.0,1995.94,-26.83,True,Active,zain,Forward,Normal,1: Walking
1790441401.2685502,21276,Target 0,-957.0,1809.0,-640.0,2046.54,-27.88,True,Active,zain,Forward,Normal,1: Walking
1790441401.3162436,21277,Target 0,-1022.0,1844.0,-640.0,2108.27,-29.0,True,Active,zain,Forward,Normal,1: Walking
1790441401.4173915,21278,Target 0,-1070.0,1860.0,-480.0,2145.81,-29.91,True,Active,zain,Forward,Normal,1: Walking
1790441401.5562565,21279,Target 0,-1134.0,1875.0,-480.0,2191.25,-31.17,True,Active,zain,Forward,Normal,1: Walking
1790441401.5777206,21280,Target 0,-1198.0,1905.0,-560.0,2250.38,-32.16,True,Active,zain,Forward,Normal,1: Walking
1790441401.6694627,21281,Target 0,-1258.0,1936.0,-640.0,2308.82,-33.02,True,Active,zain,Forward,Normal,1: Walking
1790441401.749342,21282,Target 0,-1308.0,1989.0,-640.0,2380.54,-33.33,True,Active,zain,Forward,Normal,1: Walking
1790441401.8584719,21283,Target 0,-1362.0,2026.0,-560.0,2441.25,-33.91,True,Active,zain,Forward,Normal,1: Walking
1790441401.929392,21284,Target 0,-1419.0,2053.0,-390.0,2495.67,-34.65,True,Active,zain,Forward,Normal,1: Walking
1790441402.0221581,21285,Target 0,-1477.0,2066.0,-390.0,2539.66,-35.56,True,Active,zain,Forward,Normal,1: Walking
1790441402.1057048,21286,Target 0,-1539.0,2071.0,-390.0,2580.23,-36.62,True,Active,zain,Forward,Normal,1: Walking
1790441402.2111132,21287,Target 0,-1590.0,2084.0,-390.0,2621.29,-37.34,True,Active,zain,Forward,Normal,1: Walking
1790441402.2828357,21288,Target 0,-1624.0,2109.0,-390.0,2661.81,-37.6,True,Active,zain,Forward,Normal,1: Walking
1790441402.3721979,21289,Target 0,-1670.0,2148.0,-390.0,2720.81,-37.86,True,Active,zain,Forward,Normal,1: Walking
1790441402.4617195,21290,Target 0,-1718.0,2174.0,-390.0,2770.88,-38.32,True,Active,zain,Forward,Normal,1: Walking
1790441402.5639493,21291,Target 0,-1771.0,2181.0,-320.0,2809.48,-39.08,True,Active,zain,Forward,Normal,1: Walking
1790441402.6393418,21292,Target 0,-1824.0,2187.0,-160.0,2847.8,-39.83,True,Active,zain,Forward,Normal,1: Walking
1790441402.7996812,21293,Target 0,-1850.0,2197.0,-160.0,2872.16,-40.1,True,Active,zain,Forward,Normal,1: Walking
1790441402.8254578,21294,Target 0,-1871.0,2213.0,-160.0,2897.93,-40.21,True,Active,zain,Forward,Normal,1: Walking
1790441402.959998,21295,Target 0,-1903.0,2222.0,80.0,2925.52,-40.58,True,Active,zain,Forward,Normal,1: Walking
1790441403.0381482,21296,Target 0,-1940.0,2218.0,240.0,2946.71,-41.17,True,Active,zain,Forward,Normal,1: Walking
1790441403.2238338,21297,Target 0,-1962.0,2215.0,240.0,2959.0,-41.53,True,Active,zain,Forward,Normal,1: Walking
1790441403.2439609,21298,Target 0,-1984.0,2202.0,240.0,2963.96,-42.02,True,Active,zain,Forward,Normal,1: Walking
1790441403.2747126,21299,Target 0,-1986.0,2200.0,240.0,2963.81,-42.07,True,Active,zain,Forward,Normal,1: Walking
1790441403.4411855,21300,Target 0,-1976.0,2200.0,320.0,2957.12,-41.93,True,Active,zain,Forward,Normal,1: Walking
1790441403.461293,21301,Target 0,-1965.0,2203.0,390.0,2952.02,-41.73,True,Active,zain,Forward,Normal,1: Walking
1790441403.561396,21302,Target 0,-1958.0,2208.0,320.0,2951.11,-41.57,True,Active,zain,Forward,Normal,1: Walking
1790441403.6904979,21303,Target 0,-1952.0,2209.0,390.0,2947.88,-41.47,True,Active,zain,Forward,Normal,1: Walking
1790441403.7519782,21304,Target 0,-1947.0,2205.0,640.0,2941.57,-41.44,True,Active,zain,Forward,Normal,1: Walking
1790441403.8012962,21305,Target 0,-1940.0,2202.0,560.0,2934.69,-41.38,True,Active,zain,Forward,Normal,1: Walking
1790441403.917017,21306,Target 0,-1930.0,2195.0,640.0,2922.83,-41.32,True,Active,zain,Forward,Normal,1: Walking
1790441403.9846416,21307,Target 0,-1916.0,2190.0,720.0,2909.84,-41.18,True,Active,zain,Forward,Normal,1: Walking
1790441404.0651069,21308,Target 0,-1900.0,2184.0,560.0,2894.8,-41.02,True,Active,zain,Forward,Normal,1: Walking
1790441404.1518595,21309,Target 0,-1882.0,2183.0,640.0,2882.26,-40.77,True,Active,zain,Forward,Normal,1: Walking
1790441404.2474535,21310,Target 0,-1865.0,2180.0,480.0,2868.91,-40.55,True,Active,zain,Forward,Normal,1: Walking
1790441404.338578,21311,Target 0,-1807.0,2183.0,640.0,2833.86,-39.62,True,Active,zain,Forward,Normal,1: Walking
1790441404.4198248,21312,Target 0,-1751.0,2178.0,560.0,2794.58,-38.8,True,Active,zain,Forward,Normal,1: Walking
1790441404.5089471,21313,Target 0,-1701.0,2155.0,640.0,2745.44,-38.28,True,Active,zain,Forward,Normal,1: Walking
1790441404.6010764,21314,Target 0,-1653.0,2125.0,560.0,2692.22,-37.88,True,Active,zain,Forward,Normal,1: Walking
1790441404.7157366,21315,Target 0,-1548.0,2077.0,560.0,2590.41,-36.7,True,Active,zain,Forward,Normal,1: Walking
1790441404.778796,21316,Target 0,-1449.0,2035.0,560.0,2498.16,-35.45,True,Active,zain,Forward,Normal,1: Walking
1790441404.8692226,21317,Target 0,-1356.0,2001.0,560.0,2417.18,-34.12,True,Active,zain,Forward,Normal,1: Walking
1790441404.9541707,21318,Target 0,-1258.0,1977.0,560.0,2343.31,-32.47,True,Active,zain,Forward,Normal,1: Walking
1790441405.0438564,21319,Target 0,-1164.0,1951.0,640.0,2271.85,-30.82,True,Active,zain,Forward,Normal,1: Walking
1790441405.1312575,21320,Target 0,-1075.0,1929.0,720.0,2208.32,-29.13,True,Active,zain,Forward,Normal,1: Walking
1790441405.238458,21321,Target 0,-996.0,1890.0,880.0,2136.38,-27.79,True,Active,zain,Forward,Normal,1: Walking
1790441405.3094623,21322,Target 0,-924.0,1855.0,720.0,2072.39,-26.48,True,Active,zain,Forward,Normal,1: Walking
1790441405.4685118,21323,Target 0,-848.0,1804.0,790.0,1993.37,-25.18,True,Active,zain,Forward,Normal,1: Walking
1790441405.5167255,21324,Target 0,-768.0,1750.0,480.0,1911.11,-23.69,True,Active,zain,Forward,Normal,1: Walking
1790441405.583853,21325,Target 0,-686.0,1703.0,240.0,1835.98,-21.94,True,Active,zain,Forward,Normal,1: Walking
1790441405.6726744,21326,Target 0,-603.0,1674.0,-80.0,1779.29,-19.81,True,Active,zain,Forward,Normal,1: Walking
1790441405.7796485,21327,Target 0,-541.0,1664.0,-80.0,1749.74,-18.01,True,Active,zain,Forward,Normal,1: Walking
1790441405.8728077,21328,Target 0,-493.0,1669.0,-160.0,1740.29,-16.46,True,Active,zain,Forward,Normal,1: Walking
1790441405.9316149,21329,Target 0,-448.0,1682.0,-240.0,1740.64,-14.91,True,Active,zain,Forward,Normal,1: Walking
1790441406.041089,21330,Target 0,-407.0,1699.0,-320.0,1747.07,-13.47,True,Active,zain,Forward,Normal,1: Walking
1790441406.1457655,21331,Target 0,-362.0,1718.0,-390.0,1755.72,-11.9,True,Active,zain,Forward,Normal,1: Walking
1790441406.2251656,21332,Target 0,-299.0,1741.0,-720.0,1766.49,-9.74,True,Active,zain,Forward,Normal,1: Walking
1790441406.293546,21333,Target 0,-230.0,1773.0,-720.0,1787.86,-7.39,True,Active,zain,Forward,Normal,1: Walking
1790441406.3772075,21334,Target 0,-166.0,1809.0,-720.0,1816.6,-5.24,True,Active,zain,Forward,Normal,1: Walking
1790441406.465585,21335,Target 0,-132.0,1847.0,-720.0,1851.71,-4.09,True,Active,zain,Forward,Normal,6: Fall onset
1790441406.5934372,21336,Target 0,-109.0,1892.0,-720.0,1895.14,-3.3,True,Active,zain,Forward,Normal,6: Fall onset
1790441406.658763,21337,Target 0,-97.0,1944.0,-1040.0,1946.42,-2.86,True,Active,zain,Forward,Normal,6: Fall onset
1790441406.8175087,21338,Target 0,-91.0,1998.0,-1360.0,2000.07,-2.61,True,Active,zain,Forward,Normal,6: Fall onset
1790441406.8391213,21339,Target 0,-97.0,2068.0,-960.0,2070.27,-2.69,True,Active,zain,Forward,Normal,6: Fall onset
1790441406.933955,21340,Target 0,-108.0,2144.0,-960.0,2146.72,-2.88,True,Active,zain,Forward,Normal,6: Fall onset
1790441406.999622,21341,Target 0,-130.0,2244.0,2480.0,2247.76,-3.32,True,Active,zain,Forward,Normal,6: Fall onset
1790441407.0959573,21342,Target 0,-156.0,2375.0,0.0,2380.12,-3.76,True,Active,zain,Forward,Normal,6: Fall onset
1790441407.178585,21343,Target 0,-218.0,2626.0,0.0,2635.03,-4.75,True,Active,zain,Forward,Normal,6: Fall onset
1790441407.288773,21344,Target 0,-311.0,2890.0,0.0,2906.69,-6.14,True,Active,zain,Forward,Normal,6: Fall onset
1790441407.356346,21345,Target 0,-380.0,3109.0,0.0,3132.14,-6.97,True,Active,zain,Forward,Normal,7: Post-fall stillness
1790441407.449943,21346,Target 0,-409.0,3299.0,80.0,3324.26,-7.07,True,Active,zain,Forward,Normal,7: Post-fall stillness
1790441407.5398912,21347,Target 0,-441.0,3448.0,0.0,3476.09,-7.29,True,Active,zain,Forward,Normal,7: Post-fall stillness
1790441407.693353,21348,Target 0,-438.0,3556.0,0.0,3582.87,-7.02,True,Active,zain,Forward,Normal,7: Post-fall stillness
1790441407.7883136,21349,Target 0,-420.0,3629.0,0.0,3653.22,-6.6,True,Active,zain,Forward,Normal,7: Post-fall stillness
1790441407.8090208,21350,Target 0,-401.0,3669.0,80.0,3690.85,-6.24,True,Active,zain,Forward,Normal,7: Post-fall stillness
1790441407.8888974,21351,Target 0,-346.0,3679.0,0.0,3695.23,-5.37,True,Active,zain,Forward,Normal,7: Post-fall stillness
1790441407.9995546,21352,Target 0,-280.0,3672.0,0.0,3682.66,-4.36,True,Active,zain,Forward,Normal,7: Post-fall stillness
1790441408.0775206,21353,Target 0,-212.0,3655.0,0.0,3661.14,-3.32,True,Active,zain,Forward,Normal,7: Post-fall stillness
1790441408.1950676,21354,Target 0,-147.0,3633.0,0.0,3635.97,-2.32,True,Active,zain,Forward,Normal,7: Post-fall stillness
1790441408.310413,21355,Target 0,-106.0,3615.0,0.0,3616.55,-1.68,True,Active,zain,Forward,Normal,7: Post-fall stillness
1790441408.3600676,21356,Target 0,-196.0,3634.0,0.0,3639.28,-3.09,True,Active,zain,Forward,Normal,7: Post-fall stillness
1790441408.423284,21357,Target 0,-215.0,3639.0,0.0,3645.35,-3.38,True,Active,zain,Forward,Normal,7: Post-fall stillness
1790441408.5125196,21358,Target 0,-233.0,3643.0,0.0,3650.44,-3.66,True,Active,zain,Forward,Normal,7: Post-fall stillness
1790441408.6015327,21359,Target 0,-251.0,3647.0,0.0,3655.63,-3.94,True,Active,zain,Forward,Normal,7: Post-fall stillness
1790441408.714301,21360,Target 0,-275.0,3657.0,0.0,3667.33,-4.3,True,Active,zain,Forward,Normal,7: Post-fall stillness
1790441408.7872028,21361,Target 0,-345.0,3689.0,0.0,3705.1,-5.34,True,Active,zain,Forward,Normal,7: Post-fall stillness
1790441408.8770611,21362,Target 0,-368.0,3700.0,0.0,3718.26,-5.68,True,Active,zain,Forward,Normal,7: Post-fall stillness
1790441408.9621842,21363,Target 0,-393.0,3709.0,0.0,3729.76,-6.05,True,Active,zain,Forward,Normal,7: Post-fall stillness
1790441409.0704267,21364,Target 0,-451.0,3707.0,0.0,3734.33,-6.94,True,Active,zain,Forward,Normal,7: Post-fall stillness
1790441409.1359692,21365,Target 0,-615.0,3698.0,0.0,3748.79,-9.44,True,Active,zain,Forward,Normal,7: Post-fall stillness
1790441409.2366977,21366,Target 0,-940.0,3657.0,0.0,3775.88,-14.42,True,Active,zain,Forward,Normal,7: Post-fall stillness
1790441409.3142514,21367,Target 0,-1232.0,3604.0,0.0,3808.76,-18.87,True,Active,zain,Forward,Normal,7: Post-fall stillness
1790441409.415371,21368,Target 0,-1490.0,3549.0,0.0,3849.09,-22.77,True,Active,zain,Forward,Normal,7: Post-fall stillness
1790441409.4920251,21369,Target 0,-1734.0,3466.0,0.0,3875.55,-26.58,True,Active,zain,Forward,Normal,7: Post-fall stillness
1790441409.581866,21370,Target 0,-1952.0,3380.0,0.0,3903.17,-30.01,True,Active,zain,Forward,Normal,7: Post-fall stillness
1790441409.6706083,21371,Target 0,-2144.0,3297.0,0.0,3932.8,-33.04,True,Active,zain,Forward,Normal,7: Post-fall stillness
1790441409.7729514,21372,Target 0,-2310.0,3220.0,0.0,3962.89,-35.66,True,Active,zain,Forward,Normal,7: Post-fall stillness
1790441409.8566,21373,Target 0,-2452.0,3152.0,0.0,3993.42,-37.88,True,Active,zain,Forward,Normal,7: Post-fall stillness
1790441409.9490037,21374,Target 0,-2573.0,3091.0,0.0,4021.77,-39.77,True,Active,zain,Forward,Normal,7: Post-fall stillness
1790441410.0834439,21375,Target 0,-2674.0,3039.0,0.0,4047.94,-41.34,True,Active,zain,Forward,Normal,7: Post-fall stillness
1790441410.1732106,21376,Target 0,-2760.0,2994.0,0.0,4072.06,-42.67,True,Active,zain,Forward,Normal,7: Post-fall stillness
1790441410.2766879,21377,Target 0,-2831.0,2957.0,0.0,4093.7,-43.75,True,Active,zain,Forward,Normal,7: Post-fall stillness
1790441410.3169768,21378,Target 0,-2890.0,2925.0,0.0,4111.9,-44.66,True,Active,zain,Forward,Normal,7: Post-fall stillness
1790441410.4198058,21379,Target 0,-2938.0,2898.0,0.0,4126.77,-45.39,True,Active,zain,Forward,Normal,7: Post-fall stillness
1790441410.52572,21380,Target 0,-2979.0,2876.0,0.0,4140.75,-46.01,True,Active,zain,Forward,Normal,7: Post-fall stillness
1790441410.6177723,21381,Target 0,-2996.0,2866.0,0.0,4146.08,-46.27,True,Active,zain,Forward,Normal,7: Post-fall stillness
1790441410.6749709,21382,Target 0,-3021.0,2857.0,0.0,4157.99,-46.6,True,Active,zain,Forward,Normal,7: Post-fall stillness
1790441410.780183,21383,Target 0,-3046.0,2849.0,0.0,4170.72,-46.91,True,Active,zain,Forward,Normal,7: Post-fall stillness
1790441410.8594348,21384,Target 0,-3068.0,2842.0,0.0,4182.06,-47.19,True,Active,zain,Forward,Normal,7: Post-fall stillness
1790441410.9523134,21385,Target 0,-3089.0,2835.0,0.0,4192.75,-47.46,True,Active,zain,Forward,Normal,7: Post-fall stillness
1790441411.0170395,21386,Target 0,-3107.0,2830.0,0.0,4202.66,-47.67,True,Active,zain,Forward,Normal,7: Post-fall stillness
1790441411.0947683,21387,Target 0,-3124.0,2824.0,0.0,4211.22,-47.89,True,Active,zain,Forward,Normal,7: Post-fall stillness
1790441411.1933985,21388,Target 0,-3139.0,2820.0,0.0,4219.68,-48.06,True,Active,zain,Forward,Normal,7: Post-fall stillness
1790441411.2709982,21389,Target 0,-3152.0,2815.0,0.0,4226.03,-48.23,True,Active,zain,Forward,Normal,7: Post-fall stillness
1790441411.3637059,21390,Target 0,-3157.0,2814.0,0.0,4229.1,-48.29,True,Active,zain,Forward,Normal,7: Post-fall stillness
1790441411.4555655,21391,Target 0,-3161.0,2813.0,0.0,4231.42,-48.33,True,Active,zain,Forward,Normal,7: Post-fall stillness
1790441411.5499601,21392,Target 0,-3165.0,2811.0,0.0,4233.08,-48.39,True,Active,zain,Forward,Normal,7: Post-fall stillness
1790441411.6319697,21393,Target 0,-3169.0,2810.0,0.0,4235.41,-48.44,True,Active,zain,Forward,Normal,7: Post-fall stillness
1790441411.726465,21394,Target 0,-3173.0,2809.0,0.0,4237.74,-48.48,True,Active,zain,Forward,Normal,7: Post-fall stillness
1790441411.807088,21395,Target 0,-3176.0,2808.0,0.0,4239.32,-48.52,True,Active,zain,Forward,Normal,7: Post-fall stillness
1790441411.8952334,21396,Target 0,-413.0,4102.0,80.0,4122.74,-5.75,True,Active,zain,Forward,Normal,8: Recovery / standing back up
1790441411.9845617,21397,Target 0,-407.0,4096.0,0.0,4116.17,-5.67,True,Active,zain,Forward,Normal,8: Recovery / standing back up
1790441412.108646,21398,Target 0,-410.0,4094.0,0.0,4114.48,-5.72,True,Active,zain,Forward,Normal,8: Recovery / standing back up
1790441412.1740966,21399,Target 0,-435.0,4094.0,80.0,4117.05,-6.07,True,Active,zain,Forward,Normal,8: Recovery / standing back up
1790441412.2849348,21400,Target 0,-467.0,4096.0,80.0,4122.54,-6.5,True,Active,zain,Forward,Normal,8: Recovery / standing back up
1790441412.3710036,21401,Target 0,-502.0,4099.0,80.0,4129.63,-6.98,True,Active,zain,Forward,Normal,8: Recovery / standing back up
1790441412.4289732,21402,Target 0,-537.0,4102.0,80.0,4137.0,-7.46,True,Active,zain,Forward,Normal,8: Recovery / standing back up
1790441412.5243585,21403,Target 0,-539.0,4097.0,0.0,4132.3,-7.49,True,Active,zain,Forward,Normal,8: Recovery / standing back up
1790441412.6525648,21404,Target 0,-533.0,4095.0,80.0,4129.54,-7.42,True,Active,zain,Forward,Normal,8: Recovery / standing back up
1790441412.723567,21405,Target 0,-533.0,4096.0,0.0,4130.53,-7.41,True,Active,zain,Forward,Normal,8: Recovery / standing back up
1790441412.8039281,21406,Target 0,-522.0,4100.0,0.0,4133.1,-7.26,True,Active,zain,Forward,Normal,8: Recovery / standing back up
1790441412.8904083,21407,Target 0,-507.0,4104.0,0.0,4135.2,-7.04,True,Active,zain,Forward,Normal,8: Recovery / standing back up
1790441413.0215173,21408,Target 0,-511.0,4108.0,0.0,4139.66,-7.09,True,Active,zain,Forward,Normal,8: Recovery / standing back up
1790441413.079065,21409,Target 0,-521.0,4111.0,0.0,4143.88,-7.22,True,Active,zain,Forward,Normal,8: Recovery / standing back up
1790441413.148808,21410,Target 0,-554.0,4102.0,0.0,4139.24,-7.69,True,Active,zain,Forward,Normal,8: Recovery / standing back up
1790441413.2350986,21411,Target 0,-575.0,4090.0,80.0,4130.22,-8.0,True,Active,zain,Forward,Normal,8: Recovery / standing back up
1790441413.3190794,21412,Target 0,-597.0,4076.0,80.0,4119.49,-8.33,True,Active,zain,Forward,Normal,8: Recovery / standing back up
1790441413.431948,21413,Target 0,-617.0,4063.0,80.0,4109.58,-8.63,True,Active,zain,Forward,Normal,8: Recovery / standing back up
1790441413.5136294,21414,Target 0,-623.0,4059.0,80.0,4106.53,-8.73,True,Active,zain,Forward,Normal,8: Recovery / standing back up
1790441413.5852988,21415,Target 0,-629.0,4055.0,80.0,4103.49,-8.82,True,Active,zain,Forward,Normal,8: Recovery / standing back up
1790441413.7944841,21416,Target 0,-635.0,4052.0,80.0,4101.45,-8.91,True,Active,zain,Forward,Normal,8: Recovery / standing back up
1790441413.814485,21417,Target 0,-641.0,4048.0,80.0,4098.44,-9.0,True,Active,zain,Forward,Normal,8: Recovery / standing back up
1790441413.852727,21418,Target 0,-649.0,4041.0,0.0,4092.78,-9.12,True,Active,zain,Forward,Normal,8: Recovery / standing back up
1790441413.9467764,21419,Target 0,-654.0,4034.0,0.0,4086.67,-9.21,True,Active,zain,Forward,Normal,8: Recovery / standing back up
1790441414.0304701,21420,Target 0,-660.0,4027.0,0.0,4080.73,-9.31,True,Active,zain,Forward,Normal,8: Recovery / standing back up
1790441414.14907,21421,Target 0,-665.0,4021.0,0.0,4075.62,-9.39,True,Active,zain,Forward,Normal,8: Recovery / standing back up
1790441414.2237973,21422,Target 0,-654.0,4020.0,0.0,4072.85,-9.24,True,Active,zain,Forward,Normal,8: Recovery / standing back up
1790441414.3017972,21423,Target 0,-638.0,4022.0,0.0,4072.29,-9.01,True,Active,zain,Forward,Normal,8: Recovery / standing back up
1790441414.3962984,21424,Target 0,-628.0,4021.0,0.0,4069.75,-8.88,True,Active,zain,Forward,Normal,8: Recovery / standing back up
1790441414.5024495,21425,Target 0,-620.0,4020.0,0.0,4067.53,-8.77,True,Active,zain,Forward,Normal,8: Recovery / standing back up
1790441414.56547,21426,Target 0,-613.0,4019.0,0.0,4065.48,-8.67,True,Active,zain,Forward,Normal,8: Recovery / standing back up
1790441414.656976,21427,Target 0,-606.0,4017.0,0.0,4062.45,-8.58,True,Active,zain,Forward,Normal,8: Recovery / standing back up
1790441414.8033388,21428,Target 0,-599.0,4016.0,0.0,4060.43,-8.48,True,Active,zain,Forward,Normal,8: Recovery / standing back up
1790441414.853216,21429,Target 0,-592.0,4015.0,0.0,4058.41,-8.39,True,Active,zain,Forward,Normal,8: Recovery / standing back up
1790441415.040475,21430,Target 0,-586.0,4013.0,0.0,4055.56,-8.31,True,Active,zain,Forward,Normal,8: Recovery / standing back up
1790441415.0631347,21431,Target 0,-580.0,4012.0,0.0,4053.71,-8.23,True,Active,zain,Forward,Normal,8: Recovery / standing back up
1790441415.125349,21432,Target 0,-573.0,4011.0,0.0,4051.72,-8.13,True,Active,zain,Forward,Normal,8: Recovery / standing back up
1790441415.22038,21433,Target 0,-568.0,4010.0,0.0,4050.03,-8.06,True,Active,zain,Forward,Normal,8: Recovery / standing back up
1790441415.2858999,21434,Target 0,-562.0,4009.0,0.0,4048.2,-7.98,True,Active,zain,Forward,Normal,8: Recovery / standing back up
1790441415.3737116,21435,Target 0,-557.0,4008.0,0.0,4046.52,-7.91,True,Active,zain,Forward,Normal,8: Recovery / standing back up
1790441415.4905314,21436,Target 0,-552.0,4007.0,0.0,4044.84,-7.84,True,Active,zain,Forward,Normal,8: Recovery / standing back up
1790441415.5932457,21437,Target 0,-546.0,4006.0,0.0,4043.04,-7.76,True,Active,zain,Forward,Normal,8: Recovery / standing back up
1790441415.679771,21438,Target 0,-542.0,4005.0,0.0,4041.51,-7.71,True,Active,zain,Forward,Normal,8: Recovery / standing back up
1790441415.7206461,21439,Target 0,-537.0,4004.0,0.0,4039.85,-7.64,True,Active,zain,Forward,Normal,8: Recovery / standing back up
1790441415.8101013,21440,Target 0,-537.0,4004.0,0.0,4039.85,-7.64,True,Active,zain,Forward,Normal,8: Recovery / standing back up
1790441415.9118025,21441,Target 0,-537.0,4004.0,0.0,4039.85,-7.64,True,Active,zain,Forward,Normal,1: Walking
1790441415.98831,21442,Target 0,-537.0,4004.0,0.0,4039.85,-7.64,True,Active,zain,Forward,Normal,1: Walking
1790441416.0767226,21443,Target 0,-550.0,3996.0,-80.0,4033.67,-7.84,True,Active,zain,Forward,Normal,1: Walking
1790441416.1825552,21444,Target 0,-566.0,3987.0,-80.0,4026.97,-8.08,True,Active,zain,Forward,Normal,1: Walking
1790441416.278587,21445,Target 0,-582.0,3977.0,-80.0,4019.36,-8.33,True,Active,zain,Forward,Normal,1: Walking
1790441416.3474543,21446,Target 0,-598.0,3968.0,-80.0,4012.81,-8.57,True,Active,zain,Forward,Normal,1: Walking
1790441416.4339387,21447,Target 0,-612.0,3960.0,-80.0,4007.01,-8.79,True,Active,zain,Forward,Normal,1: Walking
1790441416.530198,21448,Target 0,-627.0,3951.0,-80.0,4000.44,-9.02,True,Active,zain,Forward,Normal,1: Walking
1790441416.635427,21449,Target 0,-640.0,3943.0,-80.0,3994.6,-9.22,True,Active,zain,Forward,Normal,1: Walking
1790441416.7004218,21450,Target 0,-654.0,3935.0,-80.0,3988.98,-9.44,True,Active,zain,Forward,Normal,1: Walking
1790441416.7896004,21451,Target 0,-667.0,3928.0,-80.0,3984.23,-9.64,True,Active,zain,Forward,Normal,1: Walking
1790441416.878211,21452,Target 0,-679.0,3921.0,-80.0,3979.36,-9.82,True,Active,zain,Forward,Normal,1: Walking
1790441416.9763818,21453,Target 0,-691.0,3914.0,-80.0,3974.53,-10.01,True,Active,zain,Forward,Normal,1: Walking
1790441417.0575519,21454,Target 0,-702.0,3907.0,-80.0,3969.57,-10.19,True,Active,zain,Forward,Normal,1: Walking
1790441417.177806,21455,Target 0,-713.0,3900.0,-80.0,3964.64,-10.36,True,Active,zain,Forward,Normal,1: Walking
1790441417.240965,21456,Target 0,-724.0,3894.0,-80.0,3960.73,-10.53,True,Active,zain,Forward,Normal,1: Walking
1790441417.3301487,21457,Target 0,-735.0,3888.0,-80.0,3956.86,-10.71,True,Active,zain,Forward,Normal,1: Walking
1790441417.4616597,21458,Target 0,-751.0,3885.0,-160.0,3956.92,-10.94,True,Active,zain,Forward,Normal,1: Walking
1790441417.5003645,21459,Target 0,-769.0,3882.0,-160.0,3957.43,-11.2,True,Active,zain,Forward,Normal,1: Walking
1790441417.5897615,21460,Target 0,-787.0,3880.0,-160.0,3959.01,-11.47,True,Active,zain,Forward,Normal,1: Walking
1790441417.6865659,21461,Target 0,-803.0,3878.0,-160.0,3960.26,-11.7,True,Active,zain,Forward,Normal,1: Walking
1790441417.8020651,21462,Target 0,-820.0,3876.0,-160.0,3961.79,-11.95,True,Active,zain,Forward,Normal,1: Walking
1790441417.8665538,21463,Target 0,-835.0,3874.0,-160.0,3962.97,-12.16,True,Active,zain,Forward,Normal,1: Walking
1790441417.9848619,21464,Target 0,-850.0,3872.0,-160.0,3964.2,-12.38,True,Active,zain,Forward,Normal,1: Walking
1790441418.038907,21465,Target 0,-865.0,3870.0,-160.0,3965.49,-12.6,True,Active,zain,Forward,Normal,1: Walking
1790441418.1329665,21466,Target 0,-879.0,3868.0,-160.0,3966.62,-12.8,True,Active,zain,Forward,Normal,1: Walking
1790441418.2120347,21467,Target 0,-893.0,3866.0,-160.0,3967.8,-13.01,True,Active,zain,Forward,Normal,1: Walking
1790441418.3012078,21468,Target 0,-906.0,3865.0,-160.0,3969.77,-13.19,True,Active,zain,Forward,Normal,1: Walking
1790441418.409408,21469,Target 0,-919.0,3863.0,-160.0,3970.81,-13.38,True,Active,zain,Forward,Normal,1: Walking
1790441418.4845662,21470,Target 0,-931.0,3861.0,-160.0,3971.66,-13.56,True,Active,zain,Forward,Normal,1: Walking
1790441418.5695016,21471,Target 0,-943.0,3860.0,-160.0,3973.52,-13.73,True,Active,zain,Forward,Normal,1: Walking
1790441418.6667862,21472,Target 0,-954.0,3858.0,-160.0,3974.2,-13.89,True,Active,zain,Forward,Normal,1: Walking
1790441418.7463942,21473,Target 0,-965.0,3857.0,-160.0,3975.89,-14.05,True,Active,zain,Forward,Normal,1: Walking
1790441418.834678,21474,Target 0,-2106.0,2170.0,240.0,3023.93,-44.14,True,Active,zain,Forward,Normal,1: Walking
1790441418.937155,21475,Target 0,-2113.0,2182.0,160.0,3037.42,-44.08,True,Active,zain,Forward,Normal,1: Walking
1790441419.028409,21476,Target 0,-2119.0,2196.0,160.0,3051.65,-43.98,True,Active,zain,Forward,Normal,1: Walking
1790441419.1032887,21477,Target 0,-2119.0,2212.0,160.0,3063.19,-43.77,True,Active,zain,Forward,Normal,1: Walking
1790441419.195914,21478,Target 0,-2118.0,2216.0,390.0,3065.38,-43.7,True,Active,zain,Forward,Normal,1: Walking
1790441419.2807105,21479,Target 0,-2109.0,2229.0,320.0,3068.6,-43.42,True,Active,zain,Forward,Normal,1: Walking
1790441419.3699853,21480,Target 0,-2102.0,2232.0,480.0,3065.98,-43.28,True,Active,zain,Forward,Normal,1: Walking
1790441419.467169,21481,Target 0,-2101.0,2222.0,560.0,3058.02,-43.4,True,Active,zain,Forward,Normal,1: Walking
1790441419.5472014,21482,Target 0,-2096.0,2209.0,640.0,3045.14,-43.5,True,Active,zain,Forward,Normal,1: Walking
1790441419.701834,21483,Target 0,-2089.0,2198.0,640.0,3032.35,-43.54,True,Active,zain,Forward,Normal,1: Walking
1790441419.7534823,21484,Target 0,-2079.0,2191.0,790.0,3020.38,-43.5,True,Active,zain,Forward,Normal,1: Walking
1790441419.8151188,21485,Target 0,-2065.0,2188.0,790.0,3008.58,-43.34,True,Active,zain,Forward,Normal,1: Walking
1790441419.9568312,21486,Target 0,-2046.0,2184.0,560.0,2992.65,-43.13,True,Active,zain,Forward,Normal,1: Walking
1790441420.0141706,21487,Target 0,-1989.0,2174.0,960.0,2946.59,-42.46,True,Active,zain,Forward,Normal,1: Walking
1790441420.16451,21488,Target 0,-1937.0,2159.0,560.0,2900.56,-41.9,True,Active,zain,Forward,Normal,1: Walking
1790441420.2079635,21489,Target 0,-1886.0,2140.0,640.0,2852.47,-41.39,True,Active,zain,Forward,Normal,1: Walking
1790441420.3128166,21490,Target 0,-1837.0,2108.0,560.0,2796.11,-41.07,True,Active,zain,Forward,Normal,1: Walking
1790441420.3602827,21491,Target 0,-1748.0,2052.0,720.0,2695.59,-40.43,True,Active,zain,Forward,Normal,1: Walking
1790441420.4428127,21492,Target 0,-1650.0,2014.0,790.0,2603.59,-39.33,True,Active,zain,Forward,Normal,1: Walking
1790441420.532017,21493,Target 0,-1564.0,1972.0,640.0,2516.92,-38.42,True,Active,zain,Forward,Normal,1: Walking
1790441420.637524,21494,Target 0,-1475.0,1941.0,640.0,2437.85,-37.23,True,Active,zain,Forward,Normal,1: Walking
1790441420.7040377,21495,Target 0,-1375.0,1921.0,640.0,2362.39,-35.59,True,Active,zain,Forward,Normal,1: Walking
1790441420.7943454,21496,Target 0,-1280.0,1894.0,560.0,2285.97,-34.05,True,Active,zain,Forward,Normal,1: Walking
1790441420.882903,21497,Target 0,-1200.0,1865.0,720.0,2217.71,-32.76,True,Active,zain,Forward,Normal,1: Walking
1790441420.9949841,21498,Target 0,-1129.0,1839.0,640.0,2157.91,-31.55,True,Active,zain,Forward,Normal,1: Walking
1790441421.0780187,21499,Target 0,-1057.0,1804.0,960.0,2090.85,-30.37,True,Active,zain,Forward,Normal,1: Walking
1790441421.1534944,21500,Target 0,-973.0,1772.0,790.0,2021.56,-28.77,True,Active,zain,Forward,Normal,1: Walking
1790441421.2521577,21501,Target 0,-890.0,1734.0,790.0,1949.07,-27.17,True,Active,zain,Forward,Normal,1: Walking
1790441421.348732,21502,Target 0,-817.0,1683.0,1040.0,1870.82,-25.89,True,Active,zain,Forward,Normal,1: Walking
1790441421.4164941,21503,Target 0,-746.0,1629.0,790.0,1791.69,-24.61,True,Active,zain,Forward,Normal,1: Walking
1790441421.5053725,21504,Target 0,-674.0,1573.0,720.0,1711.32,-23.19,True,Active,zain,Forward,Normal,1: Walking
1790441421.593843,21505,Target 0,-601.0,1519.0,320.0,1633.57,-21.59,True,Active,zain,Forward,Normal,1: Walking
1790441421.708607,21506,Target 0,-512.0,1479.0,0.0,1565.12,-19.09,True,Active,zain,Forward,Normal,1: Walking
1790441421.7736955,21507,Target 0,-412.0,1467.0,0.0,1523.76,-15.69,True,Active,zain,Forward,Normal,1: Walking
1790441421.8923662,21508,Target 0,-322.0,1457.0,-80.0,1492.16,-12.46,True,Active,zain,Forward,Normal,1: Walking
1790441421.950324,21509,Target 0,-241.0,1447.0,-160.0,1466.93,-9.46,True,Active,zain,Forward,Normal,1: Walking
1790441422.0623903,21510,Target 0,-171.0,1438.0,-160.0,1448.13,-6.78,True,Active,zain,Forward,Normal,1: Walking
1790441422.149267,21511,Target 0,-97.0,1432.0,-80.0,1435.28,-3.88,True,Active,zain,Forward,Normal,1: Walking
1790441422.253282,21512,Target 0,-9.0,1443.0,-160.0,1443.03,-0.36,True,Active,zain,Forward,Normal,1: Walking
1790441422.309199,21513,Target 0,61.0,1445.0,-160.0,1446.29,2.42,True,Active,zain,Forward,Normal,1: Walking
1790441422.4177265,21514,Target 0,141.0,1446.0,-240.0,1452.86,5.57,True,Active,zain,Forward,Normal,1: Walking
1790441422.5644372,21515,Target 0,222.0,1447.0,-240.0,1463.93,8.72,True,Active,zain,Forward,Normal,1: Walking
1790441422.6096246,21516,Target 0,306.0,1435.0,-320.0,1467.26,12.04,True,Active,zain,Forward,Normal,1: Walking
1790441422.6671255,21517,Target 0,388.0,1422.0,-390.0,1473.98,15.26,True,Active,zain,Forward,Normal,1: Walking
1790441422.7629673,21518,Target 0,469.0,1409.0,-480.0,1485.01,18.41,True,Active,zain,Forward,Normal,1: Walking
1790441422.8398273,21519,Target 0,563.0,1413.0,-480.0,1521.03,21.72,True,Active,zain,Forward,Normal,1: Walking
1790441422.9292064,21520,Target 0,646.0,1418.0,-560.0,1558.22,24.49,True,Active,zain,Forward,Normal,1: Walking
1790441423.0182922,21521,Target 0,718.0,1415.0,-560.0,1586.74,26.9,True,Active,zain,Forward,Normal,1: Walking
1790441423.117121,21522,Target 0,772.0,1432.0,-560.0,1626.84,28.33,True,Active,zain,Forward,Normal,1: Walking
1790441423.2887151,21523,Target 0,811.0,1466.0,-560.0,1675.37,28.95,True,Active,zain,Forward,Normal,1: Walking
1790441423.3081136,21524,Target 0,863.0,1499.0,-390.0,1729.67,29.93,True,Active,zain,Forward,Normal,1: Walking
1790441423.3738244,21525,Target 0,918.0,1549.0,-790.0,1800.59,30.65,True,Active,zain,Forward,Normal,1: Walking
1790441423.4795918,21526,Target 0,972.0,1578.0,-320.0,1853.34,31.63,True,Active,zain,Forward,Normal,1: Walking
1790441423.5561655,21527,Target 0,1014.0,1585.0,-390.0,1881.6,32.61,True,Active,zain,Forward,Normal,1: Walking
1790441423.6476288,21528,Target 0,1055.0,1589.0,-390.0,1907.34,33.58,True,Active,zain,Forward,Normal,1: Walking
1790441423.7307746,21529,Target 0,1106.0,1599.0,-390.0,1944.23,34.67,True,Active,zain,Forward,Normal,1: Walking
1790441423.83416,21530,Target 0,1154.0,1614.0,-640.0,1984.11,35.56,True,Active,zain,Forward,Normal,1: Walking
1790441423.916771,21531,Target 0,1199.0,1611.0,-720.0,2008.21,36.66,True,Active,zain,Forward,Normal,1: Walking
1790441423.9961905,21532,Target 0,1252.0,1618.0,-960.0,2045.83,37.73,True,Active,zain,Forward,Normal,1: Walking
1790441424.086065,21533,Target 0,1289.0,1628.0,-160.0,2076.51,38.37,True,Active,zain,Forward,Normal,1: Walking
1790441424.2024329,21534,Target 0,1314.0,1650.0,-160.0,2109.29,38.53,True,Active,zain,Forward,Normal,1: Walking
1790441424.3829052,21535,Target 0,1337.0,1683.0,-240.0,2149.43,38.46,True,Active,zain,Forward,Normal,1: Walking
1790441424.4026182,21536,Target 0,1351.0,1708.0,-240.0,2177.72,38.34,True,Active,zain,Forward,Normal,1: Walking
1790441424.464824,21537,Target 0,1362.0,1731.0,-240.0,2202.59,38.2,True,Active,zain,Forward,Normal,1: Walking
1790441424.5362413,21538,Target 0,1360.0,1747.0,-160.0,2213.96,37.9,True,Active,zain,Forward,Normal,1: Walking
1790441424.62118,21539,Target 0,1363.0,1752.0,80.0,2219.75,37.88,True,Active,zain,Forward,Normal,1: Walking
1790441424.7145462,21540,Target 0,1359.0,1761.0,80.0,2224.41,37.66,True,Active,zain,Forward,Normal,1: Walking
1790441424.8117704,21541,Target 0,1357.0,1777.0,80.0,2235.88,37.37,True,Active,zain,Forward,Normal,1: Walking
1790441424.8962004,21542,Target 0,1344.0,1799.0,0.0,2245.6,36.76,True,Active,zain,Forward,Normal,1: Walking
1790441425.0131822,21543,Target 0,1331.0,1811.0,160.0,2247.51,36.31,True,Active,zain,Forward,Normal,1: Walking
1790441425.0687437,21544,Target 0,1321.0,1813.0,160.0,2243.21,36.08,True,Active,zain,Forward,Normal,1: Walking
1790441425.1882,21545,Target 0,1307.0,1818.0,80.0,2239.06,35.71,True,Active,zain,Forward,Normal,1: Walking
1790441425.2514062,21546,Target 0,1295.0,1827.0,80.0,2239.41,35.33,True,Active,zain,Forward,Normal,1: Walking
1790441425.3369155,21547,Target 0,1271.0,1835.0,160.0,2232.19,34.71,True,Active,zain,Forward,Normal,1: Walking
1790441425.4277313,21548,Target 0,1235.0,1846.0,80.0,2221.02,33.78,True,Active,zain,Forward,Normal,1: Walking
1790441425.5102885,21549,Target 0,1184.0,1876.0,160.0,2218.38,32.26,True,Active,zain,Forward,Normal,1: Walking
1790441425.5987587,21550,Target 0,1121.0,1903.0,-80.0,2208.63,30.5,True,Active,zain,Forward,Normal,1: Walking
1790441425.687194,21551,Target 0,1051.0,1931.0,390.0,2198.49,28.56,True,Active,zain,Forward,Normal,1: Walking
1790441425.7766042,21552,Target 0,978.0,1953.0,390.0,2184.19,26.6,True,Active,zain,Forward,Normal,1: Walking
1790441425.8670833,21553,Target 0,900.0,1976.0,480.0,2171.31,24.49,True,Active,zain,Forward,Normal,1: Walking
1790441425.9564116,21554,Target 0,815.0,1994.0,390.0,2154.13,22.23,True,Active,zain,Forward,Normal,1: Walking
1790441426.048079,21555,Target 0,736.0,1997.0,390.0,2128.31,20.23,True,Active,zain,Forward,Normal,1: Walking
1790441426.1466177,21556,Target 0,663.0,1983.0,390.0,2090.9,18.49,True,Active,zain,Forward,Normal,1: Walking
1790441426.2236934,21557,Target 0,592.0,1977.0,160.0,2063.73,16.67,True,Active,zain,Forward,Normal,1: Walking
1790441426.3117063,21558,Target 0,514.0,1961.0,390.0,2027.24,14.69,True,Active,zain,Forward,Normal,1: Walking
1790441426.4034371,21559,Target 0,447.0,1954.0,80.0,2004.48,12.89,True,Active,zain,Forward,Normal,1: Walking
1790441426.5543797,21560,Target 0,380.0,1955.0,80.0,1991.59,11.0,True,Active,zain,Forward,Normal,1: Walking
1790441426.6092823,21561,Target 0,315.0,1960.0,80.0,1985.15,9.13,True,Active,zain,Forward,Normal,1: Walking
1790441426.6788583,21562,Target 0,238.0,1959.0,-80.0,1973.4,6.93,True,Active,zain,Forward,Normal,1: Walking
1790441426.800662,21563,Target 0,154.0,1976.0,-160.0,1981.99,4.46,True,Active,zain,Forward,Normal,1: Walking
1790441426.8467114,21564,Target 0,70.0,1983.0,-160.0,1984.24,2.02,True,Active,zain,Forward,Normal,1: Walking
1790441426.9442394,21565,Target 0,-19.0,1988.0,-80.0,1988.09,-0.55,True,Active,zain,Forward,Normal,1: Walking
1790441427.0470107,21566,Target 0,-88.0,1973.0,-320.0,1974.96,-2.55,True,Active,zain,Forward,Normal,1: Walking
1790441427.166186,21567,Target 0,-155.0,1958.0,-80.0,1964.13,-4.53,True,Active,zain,Forward,Normal,1: Walking
1790441427.2206419,21568,Target 0,-214.0,1943.0,-160.0,1954.75,-6.29,True,Active,zain,Forward,Normal,1: Walking
1790441427.2902014,21569,Target 0,-269.0,1927.0,-160.0,1945.68,-7.95,True,Active,zain,Forward,Normal,1: Walking
1790441427.4113698,21570,Target 0,-332.0,1921.0,-160.0,1949.48,-9.81,True,Active,zain,Forward,Normal,1: Walking
1790441427.5197656,21571,Target 0,-399.0,1921.0,-160.0,1962.0,-11.73,True,Active,zain,Forward,Normal,1: Walking
1790441427.6065595,21572,Target 0,-467.0,1907.0,-390.0,1963.35,-13.76,True,Active,zain,Forward,Normal,1: Walking
1790441427.6454146,21573,Target 0,-552.0,1894.0,-390.0,1972.8,-16.25,True,Active,zain,Forward,Normal,1: Walking
1790441427.733451,21574,Target 0,-643.0,1880.0,-560.0,1986.92,-18.88,True,Active,zain,Forward,Normal,1: Walking
1790441427.8522422,21575,Target 0,-735.0,1865.0,-640.0,2004.61,-21.51,True,Active,zain,Forward,Normal,1: Walking
1790441427.9193807,21576,Target 0,-821.0,1853.0,-720.0,2026.73,-23.9,True,Active,zain,Forward,Normal,1: Walking
1790441428.0094297,21577,Target 0,-890.0,1866.0,-720.0,2067.38,-25.5,True,Active,zain,Forward,Normal,1: Walking
1790441428.0962014,21578,Target 0,-951.0,1887.0,-880.0,2113.09,-26.75,True,Active,zain,Forward,Normal,1: Walking
1790441428.1954992,21579,Target 0,-1017.0,1917.0,-1040.0,2170.06,-27.95,True,Active,zain,Forward,Normal,1: Walking
1790441428.2670057,21580,Target 0,-1070.0,1962.0,-790.0,2234.8,-28.61,True,Active,zain,Forward,Normal,1: Walking
1790441428.3576264,21581,Target 0,-1123.0,1997.0,-640.0,2291.1,-29.35,True,Active,zain,Forward,Normal,1: Walking
1790441428.4452264,21582,Target 0,-1184.0,2028.0,-560.0,2348.33,-30.28,True,Active,zain,Forward,Normal,1: Walking
1790441428.5518374,21583,Target 0,-1239.0,2051.0,-560.0,2396.19,-31.14,True,Active,zain,Forward,Normal,1: Walking
1790441428.6245148,21584,Target 0,-1310.0,2074.0,-560.0,2453.07,-32.28,True,Active,zain,Forward,Normal,1: Walking
1790441428.7956944,21585,Target 0,-1389.0,2081.0,-560.0,2501.98,-33.72,True,Active,zain,Forward,Normal,1: Walking
1790441428.8209593,21586,Target 0,-1465.0,2079.0,-560.0,2543.32,-35.17,True,Active,zain,Forward,Normal,1: Walking
1790441428.9137309,21587,Target 0,-1528.0,2092.0,-640.0,2590.61,-36.14,True,Active,zain,Forward,Normal,1: Walking
1790441428.9926345,21588,Target 0,-1582.0,2107.0,-560.0,2634.8,-36.9,True,Active,zain,Forward,Normal,1: Walking
1790441429.1026185,21589,Target 0,-1637.0,2117.0,-480.0,2676.09,-37.71,True,Active,zain,Forward,Normal,1: Walking
1790441429.167137,21590,Target 0,-1690.0,2121.0,-320.0,2711.96,-38.55,True,Active,zain,Forward,Normal,1: Walking
1790441429.310581,21591,Target 0,-1742.0,2133.0,-320.0,2753.95,-39.24,True,Active,zain,Forward,Normal,1: Walking
1790441429.4112809,21592,Target 0,-1790.0,2134.0,-320.0,2785.33,-39.99,True,Active,zain,Forward,Normal,1: Walking
1790441429.4338346,21593,Target 0,-1839.0,2146.0,-480.0,2826.17,-40.59,True,Active,zain,Forward,Normal,1: Walking
1790441429.5151224,21594,Target 0,-1907.0,2152.0,-320.0,2875.37,-41.55,True,Active,zain,Forward,Normal,1: Walking
1790441429.6144347,21595,Target 0,-1992.0,2155.0,-240.0,2934.64,-42.75,True,Active,zain,Forward,Normal,1: Walking
1790441429.7673225,21596,Target 0,-2058.0,2150.0,-240.0,2976.22,-43.75,True,Active,zain,Forward,Normal,1: Walking
1790441429.7894313,21597,Target 0,-2084.0,2145.0,-160.0,2990.67,-44.17,True,Active,zain,Forward,Normal,1: Walking
1790441429.9026587,21598,Target 0,-2103.0,2138.0,-160.0,2998.94,-44.53,True,Active,zain,Forward,Normal,1: Walking
1790441429.9695852,21599,Target 0,-2125.0,2144.0,-160.0,3018.67,-44.74,True,Active,zain,Forward,Normal,1: Walking
1790441430.0514462,21600,Target 0,-2168.0,2146.0,0.0,3050.5,-45.29,True,Active,zain,Forward,Normal,1: Walking
1790441430.1447656,21601,Target 0,-2206.0,2149.0,0.0,3079.71,-45.75,True,Active,zain,Forward,Normal,1: Walking
1790441430.2266965,21602,Target 0,-2247.0,2131.0,240.0,3096.8,-46.52,True,Active,zain,Forward,Normal,1: Walking
1790441430.3292897,21603,Target 0,-2271.0,2100.0,390.0,3093.13,-47.24,True,Active,zain,Forward,Normal,1: Walking
1790441430.4050446,21604,Target 0,-2280.0,2079.0,390.0,3085.55,-47.64,True,Active,zain,Forward,Normal,1: Walking
1790441430.5026252,21605,Target 0,-2260.0,2074.0,560.0,3067.42,-47.46,True,Active,zain,Forward,Normal,1: Walking
1790441430.585453,21606,Target 0,-2245.0,2069.0,480.0,3053.0,-47.34,True,Active,zain,Forward,Normal,1: Walking
1790441430.6864173,21607,Target 0,-2218.0,2075.0,390.0,3037.29,-46.91,True,Active,zain,Forward,Normal,1: Walking
1790441430.7646275,21608,Target 0,-2176.0,2092.0,790.0,3018.52,-46.13,True,Active,zain,Forward,Normal,1: Walking
1790441430.8582277,21609,Target 0,-2134.0,2104.0,640.0,2996.79,-45.41,True,Active,zain,Forward,Normal,1: Walking
1790441430.9382734,21610,Target 0,-2076.0,2099.0,720.0,2952.22,-44.68,True,Active,zain,Forward,Normal,1: Walking
1790441431.0327106,21611,Target 0,-2024.0,2073.0,880.0,2897.22,-44.31,True,Active,zain,Forward,Normal,1: Walking
1790441431.155329,21612,Target 0,-1976.0,2034.0,960.0,2835.79,-44.17,True,Active,zain,Forward,Normal,1: Walking
1790441431.2188838,21613,Target 0,-1930.0,1987.0,960.0,2770.03,-44.17,True,Active,zain,Forward,Normal,1: Walking
1790441431.3487937,21614,Target 0,-1877.0,1959.0,640.0,2713.08,-43.78,True,Active,zain,Forward,Normal,1: Walking
1790441431.4509149,21615,Target 0,-1807.0,1930.0,560.0,2643.89,-43.11,True,Active,zain,Forward,Normal,1: Walking
1790441431.547573,21616,Target 0,-1721.0,1917.0,560.0,2576.19,-41.92,True,Active,zain,Forward,Normal,1: Walking
1790441431.570278,21617,Target 0,-1628.0,1933.0,720.0,2527.23,-40.1,True,Active,zain,Forward,Normal,1: Walking
1790441431.6549957,21618,Target 0,-1547.0,1961.0,640.0,2497.74,-38.27,True,Active,zain,Forward,Normal,1: Walking
1790441431.7588947,21619,Target 0,-1473.0,1968.0,720.0,2458.2,-36.81,True,Active,zain,Forward,Normal,1: Walking
1790441431.8608222,21620,Target 0,-1408.0,1944.0,880.0,2400.33,-35.92,True,Active,zain,Forward,Normal,1: Walking
1790441431.9170148,21621,Target 0,-1357.0,1909.0,790.0,2342.16,-35.41,True,Active,zain,Forward,Normal,1: Walking
1790441432.045111,21622,Target 0,-1301.0,1874.0,640.0,2281.33,-34.77,True,Active,zain,Forward,Normal,1: Walking
1790441432.1029496,21623,Target 0,-1242.0,1843.0,640.0,2222.43,-33.98,True,Active,zain,Forward,Normal,1: Walking
1790441432.2206295,21624,Target 0,-1181.0,1805.0,880.0,2157.03,-33.2,True,Active,zain,Forward,Normal,1: Walking
1790441432.278824,21625,Target 0,-1117.0,1762.0,1040.0,2086.22,-32.37,True,Active,zain,Forward,Normal,1: Walking
1790441432.408261,21626,Target 0,-1049.0,1734.0,790.0,2026.61,-31.17,True,Active,zain,Forward,Normal,1: Walking
1790441432.451168,21627,Target 0,-977.0,1715.0,720.0,1973.77,-29.67,True,Active,zain,Forward,Normal,1: Walking
1790441432.5561974,21628,Target 0,-900.0,1684.0,640.0,1909.41,-28.12,True,Active,zain,Forward,Normal,1: Walking
1790441432.633636,21629,Target 0,-809.0,1672.0,160.0,1857.44,-25.82,True,Active,zain,Forward,Normal,1: Walking
1790441432.7179136,21630,Target 0,-724.0,1642.0,640.0,1794.53,-23.79,True,Active,zain,Forward,Normal,1: Walking
1790441432.806068,21631,Target 0,-639.0,1606.0,0.0,1728.46,-21.7,True,Active,zain,Forward,Normal,1: Walking
1790441432.895921,21632,Target 0,-577.0,1591.0,-80.0,1692.4,-19.93,True,Active,zain,Forward,Normal,1: Walking
1790441432.9850085,21633,Target 0,-518.0,1589.0,-160.0,1671.3,-18.06,True,Active,zain,Forward,Normal,1: Walking
1790441433.0776634,21634,Target 0,-446.0,1597.0,-480.0,1658.11,-15.6,True,Active,zain,Forward,Normal,1: Walking
1790441433.161977,21635,Target 0,-368.0,1613.0,-640.0,1654.45,-12.85,True,Active,zain,Forward,Normal,1: Walking
1790441433.2802835,21636,Target 0,-319.0,1639.0,-390.0,1669.76,-11.01,True,Active,zain,Forward,Normal,1: Walking
1790441433.3498125,21637,Target 0,-278.0,1663.0,-640.0,1686.08,-9.49,True,Active,zain,Forward,Normal,1: Walking
1790441433.4406261,21638,Target 0,-254.0,1695.0,-480.0,1713.93,-8.52,True,Active,zain,Forward,Normal,1: Walking
1790441433.5219674,21639,Target 0,-219.0,1732.0,-790.0,1745.79,-7.21,True,Active,zain,Forward,Normal,1: Walking
1790441433.678825,21640,Target 0,-207.0,1777.0,-720.0,1789.02,-6.64,True,Active,zain,Forward,Normal,6: Fall onset
1790441433.7575178,21641,Target 0,-181.0,1831.0,-480.0,1839.92,-5.65,True,Active,zain,Forward,Normal,6: Fall onset
1790441433.8293781,21642,Target 0,-163.0,1877.0,-790.0,1884.06,-4.96,True,Active,zain,Forward,Normal,6: Fall onset
1790441433.9316835,21643,Target 0,-145.0,1925.0,-790.0,1930.45,-4.31,True,Active,zain,Forward,Normal,6: Fall onset
1790441433.9850204,21644,Target 0,-151.0,1991.0,-1040.0,1996.72,-4.34,True,Active,zain,Forward,Normal,6: Fall onset
1790441434.077914,21645,Target 0,-173.0,2076.0,-1590.0,2083.2,-4.76,True,Active,zain,Forward,Normal,6: Fall onset
1790441434.1430278,21646,Target 0,-177.0,2148.0,-480.0,2155.28,-4.71,True,Active,zain,Forward,Normal,6: Fall onset
1790441434.2362378,21647,Target 0,-180.0,2220.0,-480.0,2227.29,-4.64,True,Active,zain,Forward,Normal,6: Fall onset
1790441434.3577201,21648,Target 0,-183.0,2300.0,80.0,2307.27,-4.55,True,Active,zain,Forward,Normal,6: Fall onset
1790441434.4139054,21649,Target 0,-227.0,2616.0,-80.0,2625.83,-4.96,True,Active,zain,Forward,Normal,6: Fall onset
1790441434.5185473,21650,Target 0,-276.0,2902.0,-80.0,2915.1,-5.43,True,Active,zain,Forward,Normal,6: Fall onset
1790441434.6460624,21651,Target 0,-304.0,3127.0,-80.0,3141.74,-5.55,True,Active,zain,Forward,Normal,6: Fall onset
1790441434.693315,21652,Target 0,-335.0,3303.0,0.0,3319.94,-5.79,True,Active,zain,Forward,Normal,6: Fall onset
1790441434.766832,21653,Target 0,-359.0,3433.0,0.0,3451.72,-5.97,True,Active,zain,Forward,Normal,6: Fall onset
1790441434.854651,21654,Target 0,-367.0,3545.0,-80.0,3563.95,-5.91,True,Active,zain,Forward,Normal,6: Fall onset
1790441434.9478798,21655,Target 0,-366.0,3607.0,80.0,3625.52,-5.79,True,Active,zain,Forward,Normal,6: Fall onset
1790441435.0478544,21656,Target 0,-376.0,3601.0,80.0,3620.58,-5.96,True,Active,zain,Forward,Normal,6: Fall onset
1790441435.1208346,21657,Target 0,-376.0,3600.0,0.0,3619.58,-5.96,True,Active,zain,Forward,Normal,6: Fall onset
1790441435.2095816,21658,Target 0,-378.0,3596.0,0.0,3615.81,-6.0,True,Active,zain,Forward,Normal,7: Post-fall stillness
1790441435.2987146,21659,Target 0,-380.0,3589.0,0.0,3609.06,-6.04,True,Active,zain,Forward,Normal,7: Post-fall stillness
1790441435.402879,21660,Target 0,-383.0,3582.0,0.0,3602.42,-6.1,True,Active,zain,Forward,Normal,7: Post-fall stillness
1790441435.4767334,21661,Target 0,-380.0,3576.0,0.0,3596.13,-6.07,True,Active,zain,Forward,Normal,7: Post-fall stillness
1790441435.572414,21662,Target 0,-375.0,3578.0,0.0,3597.6,-5.98,True,Active,zain,Forward,Normal,7: Post-fall stillness
1790441435.6549027,21663,Target 0,-367.0,3583.0,0.0,3601.75,-5.85,True,Active,zain,Forward,Normal,7: Post-fall stillness
1790441435.7680027,21664,Target 0,-360.0,3587.0,0.0,3605.02,-5.73,True,Active,zain,Forward,Normal,7: Post-fall stillness
1790441435.832996,21665,Target 0,-353.0,3592.0,0.0,3609.3,-5.61,True,Active,zain,Forward,Normal,7: Post-fall stillness
1790441435.9584494,21666,Target 0,-346.0,3596.0,0.0,3612.61,-5.5,True,Active,zain,Forward,Normal,7: Post-fall stillness
1790441436.0103483,21667,Target 0,-340.0,3599.0,0.0,3615.02,-5.4,True,Active,zain,Forward,Normal,7: Post-fall stillness
1790441436.1571305,21668,Target 0,-333.0,3603.0,0.0,3618.36,-5.28,True,Active,zain,Forward,Normal,7: Post-fall stillness
1790441436.203024,21669,Target 0,-327.0,3607.0,0.0,3621.79,-5.18,True,Active,zain,Forward,Normal,7: Post-fall stillness
1790441436.3096466,21670,Target 0,-321.0,3610.0,0.0,3624.24,-5.08,True,Active,zain,Forward,Normal,7: Post-fall stillness
1790441436.3660402,21671,Target 0,-316.0,3614.0,0.0,3627.79,-5.0,True,Active,zain,Forward,Normal,7: Post-fall stillness
1790441436.466304,21672,Target 0,-310.0,3617.0,0.0,3630.26,-4.9,True,Active,zain,Forward,Normal,7: Post-fall stillness
1790441436.5500784,21673,Target 0,-305.0,3620.0,0.0,3632.83,-4.82,True,Active,zain,Forward,Normal,7: Post-fall stillness
1790441436.6719644,21674,Target 0,-300.0,3623.0,0.0,3635.4,-4.73,True,Active,zain,Forward,Normal,7: Post-fall stillness
1790441436.721848,21675,Target 0,-295.0,3626.0,0.0,3637.98,-4.65,True,Active,zain,Forward,Normal,7: Post-fall stillness
1790441436.823295,21676,Target 0,-290.0,3629.0,0.0,3640.57,-4.57,True,Active,zain,Forward,Normal,7: Post-fall stillness
1790441436.9004362,21677,Target 0,-285.0,3632.0,0.0,3643.16,-4.49,True,Active,zain,Forward,Normal,7: Post-fall stillness
1790441436.990411,21678,Target 0,-285.0,3632.0,0.0,3643.16,-4.49,True,Active,zain,Forward,Normal,7: Post-fall stillness
1790441437.1410923,21679,Target 0,-285.0,3632.0,0.0,3643.16,-4.49,True,Active,zain,Forward,Normal,7: Post-fall stillness
1790441437.176048,21680,Target 0,-285.0,3632.0,0.0,3643.16,-4.49,True,Active,zain,Forward,Normal,7: Post-fall stillness
1790441437.29675,21681,Target 0,-285.0,3632.0,0.0,3643.16,-4.49,True,Active,zain,Forward,Normal,7: Post-fall stillness
1790441437.3452597,21682,Target 0,-285.0,3632.0,0.0,3643.16,-4.49,True,Active,zain,Forward,Normal,7: Post-fall stillness
1790441437.4373102,21683,Target 0,-298.0,3624.0,0.0,3636.23,-4.7,True,Active,zain,Forward,Normal,7: Post-fall stillness
1790441437.5356812,21684,Target 0,-313.0,3614.0,0.0,3627.53,-4.95,True,Active,zain,Forward,Normal,7: Post-fall stillness
1790441437.6198862,21685,Target 0,-327.0,3605.0,0.0,3619.8,-5.18,True,Active,zain,Forward,Normal,7: Post-fall stillness
1790441437.70079,21686,Target 0,-339.0,3602.0,-80.0,3617.92,-5.38,True,Active,zain,Forward,Normal,7: Post-fall stillness
1790441437.7893846,21687,Target 0,-346.0,3612.0,0.0,3628.53,-5.47,True,Active,zain,Forward,Normal,7: Post-fall stillness
1790441437.8822646,21688,Target 0,-348.0,3632.0,0.0,3648.63,-5.47,True,Active,zain,Forward,Normal,7: Post-fall stillness
1790441437.9770148,21689,Target 0,-333.0,3690.0,0.0,3705.0,-5.16,True,Active,zain,Forward,Normal,8: Recovery / standing back up
1790441438.0634418,21690,Target 0,-317.0,3811.0,0.0,3824.16,-4.75,True,Active,zain,Forward,Normal,8: Recovery / standing back up
1790441438.1466403,21691,Target 0,-290.0,3930.0,0.0,3940.69,-4.22,True,Active,zain,Forward,Normal,8: Recovery / standing back up
1790441438.251828,21692,Target 0,-276.0,4008.0,0.0,4017.49,-3.94,True,Active,zain,Forward,Normal,8: Recovery / standing back up
1790441438.3314939,21693,Target 0,-293.0,4026.0,0.0,4036.65,-4.16,True,Active,zain,Forward,Normal,8: Recovery / standing back up
1790441438.5188885,21694,Target 0,-324.0,4011.0,480.0,4024.06,-4.62,True,Active,zain,Forward,Normal,8: Recovery / standing back up
1790441438.5398893,21695,Target 0,-328.0,3998.0,880.0,4011.43,-4.69,True,Active,zain,Forward,Normal,8: Recovery / standing back up
1790441438.615566,21696,Target 0,-325.0,3957.0,720.0,3970.32,-4.7,True,Active,zain,Forward,Normal,8: Recovery / standing back up
1790441438.7681298,21697,Target 0,-315.0,3828.0,880.0,3840.94,-4.7,True,Active,zain,Forward,Normal,8: Recovery / standing back up
1790441438.7881548,21698,Target 0,-292.0,3579.0,880.0,3590.89,-4.66,True,Active,zain,Forward,Normal,8: Recovery / standing back up
1790441438.8637693,21699,Target 0,-257.0,3378.0,790.0,3387.76,-4.35,True,Active,zain,Forward,Normal,8: Recovery / standing back up
1790441438.9625945,21700,Target 0,-220.0,3204.0,790.0,3211.54,-3.93,True,Active,zain,Forward,Normal,8: Recovery / standing back up
1790441439.138785,21701,Target 0,-180.0,3062.0,560.0,3067.29,-3.36,True,Active,zain,Forward,Normal,8: Recovery / standing back up
1790441439.1602907,21702,Target 0,-140.0,2942.0,560.0,2945.33,-2.72,True,Active,zain,Forward,Normal,8: Recovery / standing back up
1790441439.2442951,21703,Target 0,-102.0,2840.0,560.0,2841.83,-2.06,True,Active,zain,Forward,Normal,8: Recovery / standing back up
1790441439.3032007,21704,Target 0,-94.0,2744.0,240.0,2745.61,-1.96,True,Active,zain,Forward,Normal,8: Recovery / standing back up
1790441439.3929365,21705,Target 0,-94.0,2660.0,240.0,2661.66,-2.02,True,Active,zain,Forward,Normal,8: Recovery / standing back up
1790441439.481163,21706,Target 0,-89.0,2595.0,160.0,2596.53,-1.96,True,Active,zain,Forward,Normal,8: Recovery / standing back up
1790441439.571232,21707,Target 0,-87.0,2542.0,240.0,2543.49,-1.96,True,Active,zain,Forward,Normal,8: Recovery / standing back up
1790441439.6628838,21708,Target 0,-91.0,2510.0,320.0,2511.65,-2.08,True,Active,zain,Forward,Normal,8: Recovery / standing back up
1790441439.7483761,21709,Target 0,-90.0,2479.0,480.0,2480.63,-2.08,True,Active,zain,Forward,Normal,8: Recovery / standing back up
1790441439.8371785,21710,Target 0,-89.0,2449.0,480.0,2450.62,-2.08,True,Active,zain,Forward,Normal,8: Recovery / standing back up
1790441439.9329169,21711,Target 0,-87.0,2420.0,480.0,2421.56,-2.06,True,Active,zain,Forward,Normal,8: Recovery / standing back up
1790441440.0156155,21712,Target 0,-93.0,2395.0,720.0,2396.8,-2.22,True,Active,zain,Forward,Normal,8: Recovery / standing back up
1790441440.128018,21713,Target 0,-91.0,2367.0,720.0,2368.75,-2.2,True,Active,zain,Forward,Normal,8: Recovery / standing back up
1790441440.1969235,21714,Target 0,-84.0,2333.0,640.0,2334.51,-2.06,True,Active,zain,Forward,Normal,8: Recovery / standing back up
1790441440.2839391,21715,Target 0,-75.0,2298.0,640.0,2299.22,-1.87,True,Active,zain,Forward,Normal,8: Recovery / standing back up
1790441440.3952816,21716,Target 0,-81.0,2260.0,1360.0,2261.45,-2.05,True,Active,zain,Forward,Normal,8: Recovery / standing back up
1790441440.497252,21717,Target 0,-76.0,2219.0,80.0,2220.3,-1.96,True,Active,zain,Forward,Normal,8: Recovery / standing back up
1790441440.5483396,21718,Target 0,-77.0,2188.0,320.0,2189.35,-2.02,True,Active,zain,Forward,Normal,8: Recovery / standing back up
1790441440.6533985,21719,Target 0,-80.0,2161.0,320.0,2162.48,-2.12,True,Active,zain,Forward,Normal,8: Recovery / standing back up
1790441440.7529705,21720,Target 0,-80.0,2141.0,320.0,2142.49,-2.14,True,Active,zain,Forward,Normal,8: Recovery / standing back up
1790441440.907649,21721,Target 0,-78.0,2125.0,320.0,2126.43,-2.1,True,Active,zain,Forward,Normal,8: Recovery / standing back up
1790441440.9272456,21722,Target 0,-77.0,2111.0,320.0,2112.4,-2.09,True,Active,zain,Forward,Normal,8: Recovery / standing back up
1790441441.0336466,21723,Target 0,-60.0,2106.0,80.0,2106.85,-1.63,True,Active,zain,Forward,Normal,8: Recovery / standing back up
1790441441.0831888,21724,Target 0,-50.0,2106.0,160.0,2106.59,-1.36,True,Active,zain,Forward,Normal,8: Recovery / standing back up
1790441441.2315898,21725,Target 0,-39.0,2107.0,240.0,2107.36,-1.06,True,Active,zain,Forward,Normal,8: Recovery / standing back up
1790441441.2621775,21726,Target 0,-29.0,2107.0,240.0,2107.2,-0.79,True,Active,zain,Forward,Normal,8: Recovery / standing back up
1790441441.3695738,21727,Target 0,-20.0,2104.0,-720.0,2104.1,-0.54,True,Active,zain,Forward,Normal,8: Recovery / standing back up
1790441441.4610758,21728,Target 0,-21.0,2095.0,-960.0,2095.11,-0.57,True,Active,zain,Forward,Normal,8: Recovery / standing back up
1790441441.573777,21729,Target 0,-28.0,2085.0,-390.0,2085.19,-0.77,True,Active,zain,Forward,Normal,2: Standing / idle
1790441441.636022,21730,Target 0,-56.0,2058.0,-390.0,2058.76,-1.56,True,Active,zain,Forward,Normal,2: Standing / idle
1790441441.7815387,21731,Target 0,-82.0,2041.0,-160.0,2042.65,-2.3,True,Active,zain,Forward,Normal,2: Standing / idle
1790441441.8032231,21732,Target 0,-99.0,2029.0,-240.0,2031.41,-2.79,True,Active,zain,Forward,Normal,2: Standing / idle
1790441441.8981533,21733,Target 0,-121.0,2019.0,-320.0,2022.62,-3.43,True,Active,zain,Forward,Normal,2: Standing / idle
1790441441.9722211,21734,Target 0,-139.0,2017.0,-390.0,2021.78,-3.94,True,Active,zain,Forward,Normal,1: Walking
1790441442.067635,21735,Target 0,-162.0,2021.0,-560.0,2027.48,-4.58,True,Active,zain,Forward,Normal,1: Walking
1790441442.1496832,21736,Target 0,-193.0,2029.0,-720.0,2038.16,-5.43,True,Active,zain,Forward,Normal,1: Walking
1790441442.2759688,21737,Target 0,-228.0,2040.0,-720.0,2052.7,-6.38,True,Active,zain,Forward,Normal,1: Walking
1790441442.32761,21738,Target 0,-266.0,2048.0,-320.0,2065.2,-7.4,True,Active,zain,Forward,Normal,1: Walking
1790441442.416776,21739,Target 0,-304.0,2061.0,-480.0,2083.3,-8.39,True,Active,zain,Forward,Normal,1: Walking
1790441442.507793,21740,Target 0,-347.0,2075.0,-390.0,2103.81,-9.49,True,Active,zain,Forward,Normal,1: Walking
1790441442.6077707,21741,Target 0,-437.0,2088.0,-390.0,2133.24,-11.82,True,Active,zain,Forward,Normal,1: Walking
1790441442.6837742,21742,Target 0,-517.0,2118.0,-320.0,2180.19,-13.72,True,Active,zain,Forward,Normal,1: Walking
1790441442.7896652,21743,Target 0,-592.0,2158.0,-320.0,2237.73,-15.34,True,Active,zain,Forward,Normal,1: Walking
1790441442.8751688,21744,Target 0,-669.0,2192.0,-240.0,2291.82,-16.97,True,Active,zain,Forward,Normal,1: Walking
1790441442.971444,21745,Target 0,-740.0,2205.0,-560.0,2325.86,-18.55,True,Active,zain,Forward,Normal,1: Walking
1790441443.040541,21746,Target 0,-813.0,2200.0,-560.0,2345.41,-20.28,True,Active,zain,Forward,Normal,1: Walking
1790441443.1633623,21747,Target 0,-893.0,2204.0,-480.0,2378.04,-22.06,True,Active,zain,Forward,Normal,1: Walking
1790441443.2473633,21748,Target 0,-984.0,2217.0,-390.0,2425.56,-23.93,True,Active,zain,Forward,Normal,1: Walking
1790441443.3238688,21749,Target 0,-1077.0,2222.0,-480.0,2469.25,-25.86,True,Active,zain,Forward,Normal,1: Walking
1790441443.478788,21750,Target 0,-1167.0,2231.0,-560.0,2517.79,-27.61,True,Active,zain,Forward,Normal,1: Walking
1790441443.523777,21751,Target 0,-1252.0,2226.0,-480.0,2553.93,-29.36,True,Active,zain,Forward,Normal,1: Walking
1790441443.589895,21752,Target 0,-1330.0,2237.0,-640.0,2602.51,-30.73,True,Active,zain,Forward,Normal,1: Walking
1790441443.7273157,21753,Target 0,-1404.0,2246.0,-560.0,2648.72,-32.01,True,Active,zain,Forward,Normal,1: Walking
1790441443.78882,21754,Target 0,-1463.0,2245.0,-320.0,2679.63,-33.09,True,Active,zain,Forward,Normal,1: Walking
1790441443.86701,21755,Target 0,-1532.0,2235.0,-240.0,2709.66,-34.43,True,Active,zain,Forward,Normal,1: Walking
1790441443.9759881,21756,Target 0,-1583.0,2233.0,-160.0,2737.18,-35.33,True,Active,zain,Forward,Normal,1: Walking
1790441444.0265331,21757,Target 0,-1628.0,2235.0,-240.0,2765.07,-36.07,True,Active,zain,Forward,Normal,1: Walking
1790441444.159618,21758,Target 0,-1686.0,2220.0,0.0,2787.65,-37.22,True,Active,zain,Forward,Normal,1: Walking
1790441444.1977525,21759,Target 0,-1765.0,2184.0,160.0,2808.04,-38.94,True,Active,zain,Forward,Normal,1: Walking
1790441444.2898839,21760,Target 0,-1828.0,2157.0,-80.0,2827.41,-40.28,True,Active,zain,Forward,Normal,1: Walking
1790441444.3835752,21761,Target 0,-1860.0,2147.0,-240.0,2840.64,-40.9,True,Active,zain,Forward,Normal,1: Walking
1790441444.4644349,21762,Target 0,-1874.0,2151.0,-240.0,2852.84,-41.06,True,Active,zain,Forward,Normal,1: Walking
1790441444.5523965,21763,Target 0,-1890.0,2165.0,-160.0,2873.9,-41.12,True,Active,zain,Forward,Normal,1: Walking
1790441444.6418142,21764,Target 0,-1917.0,2164.0,80.0,2890.98,-41.54,True,Active,zain,Forward,Normal,1: Walking
1790441444.7346933,21765,Target 0,-1932.0,2177.0,-480.0,2910.66,-41.59,True,Active,zain,Forward,Normal,1: Walking
1790441444.8193157,21766,Target 0,-1943.0,2184.0,-390.0,2923.2,-41.66,True,Active,zain,Forward,Normal,1: Walking
1790441444.907936,21767,Target 0,-1959.0,2180.0,80.0,2930.88,-41.94,True,Active,zain,Forward,Normal,1: Walking
1790441445.0097747,21768,Target 0,-1985.0,2161.0,320.0,2934.31,-42.57,True,Active,zain,Forward,Normal,1: Walking
1790441445.0896406,21769,Target 0,-2024.0,2118.0,560.0,2929.59,-43.7,True,Active,zain,Forward,Normal,1: Walking
1790441445.1852176,21770,Target 0,-2062.0,2071.0,320.0,2922.48,-44.88,True,Active,zain,Forward,Normal,1: Walking
1790441445.2662163,21771,Target 0,-2078.0,2037.0,480.0,2909.89,-45.57,True,Active,zain,Forward,Normal,1: Walking
1790441445.3587444,21772,Target 0,-2093.0,1983.0,480.0,2883.22,-46.55,True,Active,zain,Forward,Normal,1: Walking
1790441445.473554,21773,Target 0,-2109.0,1942.0,390.0,2866.92,-47.36,True,Active,zain,Forward,Normal,1: Walking
1790441445.5651386,21774,Target 0,-2102.0,1913.0,390.0,2842.18,-47.7,True,Active,zain,Forward,Normal,1: Walking
1790441445.6510792,21775,Target 0,-2074.0,1908.0,640.0,2818.14,-47.39,True,Active,zain,Forward,Normal,1: Walking
1790441445.7119367,21776,Target 0,-2061.0,1896.0,320.0,2800.45,-47.39,True,Active,zain,Forward,Normal,1: Walking
1790441445.810215,21777,Target 0,-2037.0,1891.0,390.0,2779.43,-47.13,True,Active,zain,Forward,Normal,1: Walking
1790441445.888216,21778,Target 0,-1962.0,1898.0,560.0,2729.81,-45.95,True,Active,zain,Forward,Normal,1: Walking
1790441445.9821312,21779,Target 0,-1900.0,1898.0,720.0,2685.59,-45.03,True,Active,zain,Forward,Normal,1: Walking
1790441446.0921333,21780,Target 0,-1822.0,1912.0,720.0,2641.1,-43.62,True,Active,zain,Forward,Normal,1: Walking
1790441446.2095957,21781,Target 0,-1747.0,1922.0,720.0,2597.32,-42.27,True,Active,zain,Forward,Normal,1: Walking
1790441446.2730815,21782,Target 0,-1676.0,1927.0,640.0,2553.88,-41.01,True,Active,zain,Forward,Normal,1: Walking
1790441446.3498921,21783,Target 0,-1595.0,1951.0,480.0,2520.01,-39.27,True,Active,zain,Forward,Normal,1: Walking
1790441446.4284246,21784,Target 0,-1529.0,1974.0,560.0,2496.9,-37.76,True,Active,zain,Forward,Normal,1: Walking
1790441446.5122218,21785,Target 0,-1443.0,1993.0,640.0,2460.55,-35.91,True,Active,zain,Forward,Normal,1: Walking
1790441446.744336,21786,Target 0,-1368.0,1988.0,790.0,2413.21,-34.53,True,Active,zain,Forward,Normal,1: Walking
1790441446.765218,21787,Target 0,-1299.0,1967.0,1040.0,2357.22,-33.44,True,Active,zain,Forward,Normal,1: Walking
1790441446.78672,21788,Target 0,-1229.0,1931.0,790.0,2288.93,-32.48,True,Active,zain,Forward,Normal,1: Walking
1790441446.871305,21789,Target 0,-1155.0,1892.0,790.0,2216.68,-31.4,True,Active,zain,Forward,Normal,1: Walking
1790441446.9827602,21790,Target 0,-1089.0,1851.0,640.0,2147.59,-30.47,True,Active,zain,Forward,Normal,1: Walking
1790441447.0537584,21791,Target 0,-1049.0,1807.0,720.0,2089.41,-30.14,True,Active,zain,Forward,Normal,1: Walking
1790441447.1422153,21792,Target 0,-997.0,1767.0,640.0,2028.87,-29.43,True,Active,zain,Forward,Normal,1: Walking
1790441447.2231805,21793,Target 0,-927.0,1735.0,720.0,1967.12,-28.12,True,Active,zain,Forward,Normal,1: Walking
1790441447.332403,21794,Target 0,-849.0,1701.0,720.0,1901.11,-26.52,True,Active,zain,Forward,Normal,1: Walking
1790441447.401487,21795,Target 0,-767.0,1666.0,720.0,1834.08,-24.72,True,Active,zain,Forward,Normal,1: Walking
1790441447.510817,21796,Target 0,-706.0,1614.0,1040.0,1761.66,-23.63,True,Active,zain,Forward,Normal,1: Walking
1790441447.5867858,21797,Target 0,-650.0,1559.0,720.0,1689.08,-22.63,True,Active,zain,Forward,Normal,1: Walking
1790441447.6879888,21798,Target 0,-588.0,1505.0,640.0,1615.79,-21.34,True,Active,zain,Forward,Normal,1: Walking
1790441447.756311,21799,Target 0,-517.0,1454.0,480.0,1543.18,-19.57,True,Active,zain,Forward,Normal,1: Walking
1790441447.928534,21800,Target 0,-430.0,1421.0,160.0,1484.63,-16.84,True,Active,zain,Forward,Normal,1: Walking
1790441447.9497848,21801,Target 0,-343.0,1393.0,160.0,1434.61,-13.83,True,Active,zain,Forward,Normal,1: Walking
1790441448.072464,21802,Target 0,-262.0,1366.0,80.0,1390.9,-10.86,True,Active,zain,Forward,Normal,1: Walking
1790441448.1298516,21803,Target 0,-182.0,1341.0,0.0,1353.29,-7.73,True,Active,zain,Forward,Normal,1: Walking
1790441448.2295947,21804,Target 0,-107.0,1320.0,-80.0,1324.33,-4.63,True,Active,zain,Forward,Normal,1: Walking
1790441448.326116,21805,Target 0,-35.0,1297.0,-80.0,1297.47,-1.55,True,Active,zain,Forward,Normal,1: Walking
1790441448.4344819,21806,Target 0,29.0,1274.0,-160.0,1274.33,1.3,True,Active,zain,Forward,Normal,1: Walking
1790441448.4738004,21807,Target 0,100.0,1251.0,-160.0,1254.99,4.57,True,Active,zain,Forward,Normal,1: Walking
1790441448.6344478,21808,Target 0,182.0,1241.0,-160.0,1254.27,8.34,True,Active,zain,Forward,Normal,1: Walking
1790441448.6894913,21809,Target 0,262.0,1230.0,-240.0,1257.59,12.02,True,Active,zain,Forward,Normal,1: Walking
1790441448.7873857,21810,Target 0,325.0,1207.0,-320.0,1249.99,15.07,True,Active,zain,Forward,Normal,1: Walking
1790441448.8681316,21811,Target 0,397.0,1201.0,-240.0,1264.92,18.29,True,Active,zain,Forward,Normal,1: Walking
1790441448.9448564,21812,Target 0,476.0,1198.0,-560.0,1289.1,21.67,True,Active,zain,Forward,Normal,1: Walking
1790441449.0024273,21813,Target 0,551.0,1203.0,-480.0,1323.18,24.61,True,Active,zain,Forward,Normal,1: Walking
1790441449.1051254,21814,Target 0,621.0,1210.0,-640.0,1360.05,27.17,True,Active,zain,Forward,Normal,1: Walking
1790441449.1805475,21815,Target 0,684.0,1224.0,-720.0,1402.15,29.2,True,Active,zain,Forward,Normal,1: Walking
1790441449.2696402,21816,Target 0,747.0,1242.0,-790.0,1449.34,31.02,True,Active,zain,Forward,Normal,1: Walking
1790441449.364437,21817,Target 0,808.0,1273.0,-720.0,1507.78,32.4,True,Active,zain,Forward,Normal,1: Walking
1790441449.46202,21818,Target 0,857.0,1307.0,-720.0,1562.91,33.25,True,Active,zain,Forward,Normal,1: Walking
1790441449.5365515,21819,Target 0,912.0,1337.0,-640.0,1618.43,34.3,True,Active,zain,Forward,Normal,1: Walking
1790441449.6277735,21820,Target 0,964.0,1374.0,-640.0,1678.44,35.05,True,Active,zain,Forward,Normal,1: Walking
1790441449.7145386,21821,Target 0,1029.0,1412.0,-560.0,1747.16,36.08,True,Active,zain,Forward,Normal,1: Walking
1790441449.8264213,21822,Target 0,1084.0,1455.0,-560.0,1814.41,36.69,True,Active,zain,Forward,Normal,1: Walking
1790441449.935237,21823,Target 0,1128.0,1503.0,-480.0,1879.2,36.89,True,Active,zain,Forward,Normal,1: Walking
1790441449.9821146,21824,Target 0,1164.0,1543.0,-560.0,1932.81,37.03,True,Active,zain,Forward,Normal,1: Walking
1790441450.0699792,21825,Target 0,1183.0,1585.0,-480.0,1977.81,36.74,True,Active,zain,Forward,Normal,1: Walking
1790441450.2017164,21826,Target 0,1195.0,1619.0,-80.0,2012.26,36.43,True,Active,zain,Forward,Normal,1: Walking
1790441450.2945354,21827,Target 0,1219.0,1633.0,-320.0,2037.81,36.74,True,Active,zain,Forward,Normal,1: Walking
1790441450.4061222,21828,Target 0,1239.0,1645.0,-320.0,2059.4,36.99,True,Active,zain,Forward,Normal,1: Walking
1790441450.4939036,21829,Target 0,1254.0,1661.0,-240.0,2081.21,37.05,True,Active,zain,Forward,Normal,1: Walking
1790441450.548964,21830,Target 0,1264.0,1662.0,-390.0,2088.05,37.25,True,Active,zain,Forward,Normal,1: Walking
1790441450.6116784,21831,Target 0,1277.0,1674.0,-240.0,2105.47,37.34,True,Active,zain,Forward,Normal,1: Walking
1790441450.7005684,21832,Target 0,1283.0,1696.0,-160.0,2126.62,37.11,True,Active,zain,Forward,Normal,1: Walking
1790441450.8291848,21833,Target 0,1309.0,1760.0,-720.0,2193.42,36.64,True,Active,zain,Forward,Normal,1: Walking
1790441450.9185722,21834,Target 0,1325.0,1804.0,-80.0,2238.31,36.3,True,Active,zain,Forward,Normal,1: Walking
1790441450.9617481,21835,Target 0,1320.0,1843.0,80.0,2266.95,35.61,True,Active,zain,Forward,Normal,1: Walking
1790441451.0823958,21836,Target 0,1295.0,1864.0,160.0,2269.7,34.79,True,Active,zain,Forward,Normal,1: Walking
1790441451.139218,21837,Target 0,1267.0,1886.0,80.0,2272.07,33.89,True,Active,zain,Forward,Normal,1: Walking
1790441451.243376,21838,Target 0,1249.0,1901.0,80.0,2274.6,33.31,True,Active,zain,Forward,Normal,1: Walking
1790441451.3171115,21839,Target 0,1237.0,1913.0,80.0,2278.1,32.89,True,Active,zain,Forward,Normal,1: Walking
1790441451.4695442,21840,Target 0,1218.0,1927.0,0.0,2279.66,32.3,True,Active,zain,Forward,Normal,1: Walking
1790441451.5024343,21841,Target 0,1182.0,1951.0,80.0,2281.12,31.21,True,Active,zain,Forward,Normal,1: Walking
1790441451.5851154,21842,Target 0,1146.0,1976.0,240.0,2284.27,30.11,True,Active,zain,Forward,Normal,1: Walking
1790441451.6742022,21843,Target 0,1119.0,2000.0,160.0,2291.76,29.23,True,Active,zain,Forward,Normal,1: Walking
1790441451.762243,21844,Target 0,1102.0,2019.0,0.0,2300.17,28.63,True,Active,zain,Forward,Normal,1: Walking
1790441451.851815,21845,Target 0,1094.0,2025.0,160.0,2301.62,28.38,True,Active,zain,Forward,Normal,1: Walking
1790441451.9493592,21846,Target 0,1083.0,2026.0,480.0,2297.3,28.13,True,Active,zain,Forward,Normal,1: Walking
1790441452.0326245,21847,Target 0,1066.0,2021.0,560.0,2284.91,27.81,True,Active,zain,Forward,Normal,1: Walking
1790441452.1177728,21848,Target 0,1043.0,2015.0,720.0,2268.94,27.37,True,Active,zain,Forward,Normal,1: Walking
1790441452.2056525,21849,Target 0,1015.0,2005.0,720.0,2247.28,26.85,True,Active,zain,Forward,Normal,1: Walking
1790441452.3016825,21850,Target 0,944.0,1999.0,560.0,2210.69,25.28,True,Active,zain,Forward,Normal,1: Walking
1790441452.3879628,21851,Target 0,885.0,1979.0,720.0,2167.87,24.09,True,Active,zain,Forward,Normal,1: Walking
1790441452.4814801,21852,Target 0,833.0,1958.0,640.0,2127.83,23.05,True,Active,zain,Forward,Normal,1: Walking
1790441452.5624745,21853,Target 0,779.0,1942.0,480.0,2092.42,21.86,True,Active,zain,Forward,Normal,1: Walking
1790441452.7032027,21854,Target 0,739.0,1907.0,560.0,2045.18,21.18,True,Active,zain,Forward,Normal,1: Walking
1790441452.7862968,21855,Target 0,705.0,1859.0,480.0,1988.19,20.77,True,Active,zain,Forward,Normal,1: Walking
1790441452.9735684,21856,Target 0,666.0,1815.0,320.0,1933.33,20.15,True,Active,zain,Forward,Normal,1: Walking
1790441452.9944286,21857,Target 0,625.0,1771.0,320.0,1878.05,19.44,True,Active,zain,Forward,Normal,1: Walking
1790441453.0366864,21858,Target 0,580.0,1738.0,240.0,1832.22,18.45,True,Active,zain,Forward,Normal,1: Walking
1790441453.1674764,21859,Target 0,539.0,1698.0,320.0,1781.5,17.61,True,Active,zain,Forward,Normal,1: Walking
1790441453.1994784,21860,Target 0,502.0,1650.0,320.0,1724.68,16.92,True,Active,zain,Forward,Normal,1: Walking
1790441453.2997665,21861,Target 0,461.0,1606.0,320.0,1670.86,16.02,True,Active,zain,Forward,Normal,1: Walking
1790441453.3798535,21862,Target 0,417.0,1567.0,240.0,1621.54,14.9,True,Active,zain,Forward,Normal,1: Walking
1790441453.5045161,21863,Target 0,364.0,1535.0,80.0,1577.57,13.34,True,Active,zain,Forward,Normal,1: Walking
1790441453.553422,21864,Target 0,317.0,1521.0,-80.0,1553.68,11.77,True,Active,zain,Forward,Normal,1: Walking
1790441453.6852238,21865,Target 0,265.0,1513.0,-320.0,1536.03,9.93,True,Active,zain,Forward,Normal,1: Walking
1790441453.7191353,21866,Target 0,214.0,1517.0,-240.0,1532.02,8.03,True,Active,zain,Forward,Normal,1: Walking
1790441453.8518217,21867,Target 0,171.0,1528.0,-480.0,1537.54,6.39,True,Active,zain,Forward,Normal,1: Walking
1790441453.8972125,21868,Target 0,137.0,1556.0,-390.0,1562.02,5.03,True,Active,zain,Forward,Normal,1: Walking
1790441453.9899185,21869,Target 0,103.0,1585.0,-720.0,1588.34,3.72,True,Active,zain,Forward,Normal,1: Walking
1790441454.0804615,21870,Target 0,78.0,1623.0,-790.0,1624.87,2.75,True,Active,zain,Forward,Normal,6: Fall onset
1790441454.1919675,21871,Target 0,54.0,1665.0,-790.0,1665.88,1.86,True,Active,zain,Forward,Normal,6: Fall onset
1790441454.2519436,21872,Target 0,53.0,1720.0,-720.0,1720.82,1.76,True,Active,zain,Forward,Normal,6: Fall onset
1790441454.3494506,21873,Target 0,50.0,1782.0,-1040.0,1782.7,1.61,True,Active,zain,Forward,Normal,6: Fall onset
1790441454.4417539,21874,Target 0,25.0,1850.0,-1440.0,1850.17,0.77,True,Active,zain,Forward,Normal,6: Fall onset
1790441454.5403042,21875,Target 0,-2.0,1923.0,-1440.0,1923.0,-0.06,True,Active,zain,Forward,Normal,6: Fall onset
1790441454.6094158,21876,Target 0,-27.0,2002.0,-1590.0,2002.18,-0.77,True,Active,zain,Forward,Normal,6: Fall onset
1790441454.7375383,21877,Target 0,-47.0,2086.0,-1040.0,2086.53,-1.29,True,Active,zain,Forward,Normal,6: Fall onset
1790441454.7872264,21878,Target 0,-76.0,2188.0,2320.0,2189.32,-1.99,True,Active,zain,Forward,Normal,6: Fall onset
1790441454.8925297,21879,Target 0,-113.0,2313.0,0.0,2315.76,-2.8,True,Active,zain,Forward,Normal,6: Fall onset
1790441455.0221207,21880,Target 0,-138.0,2552.0,80.0,2555.73,-3.1,True,Active,zain,Forward,Normal,6: Fall onset
1790441455.1029346,21881,Target 0,-126.0,2813.0,0.0,2815.82,-2.56,True,Active,zain,Forward,Normal,6: Fall onset
1790441455.2055285,21882,Target 0,-133.0,3052.0,-80.0,3054.9,-2.5,True,Active,zain,Forward,Normal,7: Post-fall stillness
1790441455.3111713,21883,Target 0,-131.0,3298.0,0.0,3300.6,-2.27,True,Active,zain,Forward,Normal,7: Post-fall stillness
1790441455.396656,21884,Target 0,-148.0,3506.0,80.0,3509.12,-2.42,True,Active,zain,Forward,Normal,7: Post-fall stillness
1790441455.4196565,21885,Target 0,-156.0,3659.0,80.0,3662.32,-2.44,True,Active,zain,Forward,Normal,7: Post-fall stillness
1790441455.4971633,21886,Target 0,-192.0,3731.0,80.0,3735.94,-2.95,True,Active,zain,Forward,Normal,7: Post-fall stillness
1790441455.6037302,21887,Target 0,-208.0,3735.0,0.0,3740.79,-3.19,True,Active,zain,Forward,Normal,7: Post-fall stillness
1790441455.6772196,21888,Target 0,-191.0,3742.0,-80.0,3746.87,-2.92,True,Active,zain,Forward,Normal,7: Post-fall stillness
1790441455.8031528,21889,Target 0,-163.0,3723.0,0.0,3726.57,-2.51,True,Active,zain,Forward,Normal,7: Post-fall stillness
1790441455.8710127,21890,Target 0,-160.0,3717.0,0.0,3720.44,-2.46,True,Active,zain,Forward,Normal,7: Post-fall stillness
1790441455.977843,21891,Target 0,-157.0,3713.0,0.0,3716.32,-2.42,True,Active,zain,Forward,Normal,7: Post-fall stillness
1790441456.1080818,21892,Target 0,-148.0,3712.0,0.0,3714.95,-2.28,True,Active,zain,Forward,Normal,7: Post-fall stillness
1790441456.1316364,21893,Target 0,-136.0,3712.0,0.0,3714.49,-2.1,True,Active,zain,Forward,Normal,7: Post-fall stillness
1790441456.2364092,21894,Target 0,-118.0,3712.0,0.0,3713.88,-1.82,True,Active,zain,Forward,Normal,7: Post-fall stillness
1790441456.3280163,21895,Target 0,-105.0,3712.0,0.0,3713.48,-1.62,True,Active,zain,Forward,Normal,7: Post-fall stillness
1790441456.3892782,21896,Target 0,-106.0,3708.0,0.0,3709.51,-1.64,True,Active,zain,Forward,Normal,7: Post-fall stillness
1790441456.4805264,21897,Target 0,-112.0,3703.0,0.0,3704.69,-1.73,True,Active,zain,Forward,Normal,7: Post-fall stillness
1790441456.574669,21898,Target 0,-117.0,3698.0,0.0,3699.85,-1.81,True,Active,zain,Forward,Normal,7: Post-fall stillness
1790441456.6847441,21899,Target 0,-122.0,3693.0,0.0,3695.01,-1.89,True,Active,zain,Forward,Normal,7: Post-fall stillness
1790441456.7449985,21900,Target 0,-123.0,3692.0,0.0,3694.05,-1.91,True,Active,zain,Forward,Normal,7: Post-fall stillness
1790441456.9075084,21901,Target 0,-127.0,3697.0,0.0,3699.18,-1.97,True,Active,zain,Forward,Normal,7: Post-fall stillness
1790441456.9325073,21902,Target 0,-122.0,3707.0,0.0,3709.01,-1.88,True,Active,zain,Forward,Normal,7: Post-fall stillness
1790441457.0351126,21903,Target 0,-115.0,3720.0,0.0,3721.78,-1.77,True,Active,zain,Forward,Normal,7: Post-fall stillness
1790441457.0997708,21904,Target 0,-108.0,3733.0,0.0,3734.56,-1.66,True,Active,zain,Forward,Normal,7: Post-fall stillness
1790441457.190986,21905,Target 0,-106.0,3746.0,0.0,3747.5,-1.62,True,Active,zain,Forward,Normal,7: Post-fall stillness
1790441457.3039086,21906,Target 0,-99.0,3758.0,0.0,3759.3,-1.51,True,Active,zain,Forward,Normal,7: Post-fall stillness
1790441457.407975,21907,Target 0,-92.0,3770.0,0.0,3771.12,-1.4,True,Active,zain,Forward,Normal,7: Post-fall stillness
1790441457.458964,21908,Target 0,-92.0,3780.0,0.0,3781.12,-1.39,True,Active,zain,Forward,Normal,7: Post-fall stillness
1790441457.5628726,21909,Target 0,-95.0,3790.0,0.0,3791.19,-1.44,True,Active,zain,Forward,Normal,8: Recovery / standing back up
1790441457.661213,21910,Target 0,-100.0,3794.0,80.0,3795.32,-1.51,True,Active,zain,Forward,Normal,8: Recovery / standing back up
1790441457.7420874,21911,Target 0,-105.0,3796.0,80.0,3797.45,-1.58,True,Active,zain,Forward,Normal,8: Recovery / standing back up
1790441457.887707,21912,Target 0,-114.0,3803.0,0.0,3804.71,-1.72,True,Active,zain,Forward,Normal,8: Recovery / standing back up
1790441457.9332569,21913,Target 0,-117.0,3809.0,80.0,3810.8,-1.76,True,Active,zain,Forward,Normal,8: Recovery / standing back up
1790441457.9936957,21914,Target 0,-122.0,3819.0,240.0,3820.95,-1.83,True,Active,zain,Forward,Normal,8: Recovery / standing back up
1790441458.1136236,21915,Target 0,-129.0,3830.0,0.0,3832.17,-1.93,True,Active,zain,Forward,Normal,8: Recovery / standing back up
1790441458.169839,21916,Target 0,-138.0,3843.0,0.0,3845.48,-2.06,True,Active,zain,Forward,Normal,8: Recovery / standing back up
1790441458.2750537,21917,Target 0,-146.0,3854.0,0.0,3856.76,-2.17,True,Active,zain,Forward,Normal,8: Recovery / standing back up
1790441458.3831944,21918,Target 0,-158.0,3863.0,0.0,3866.23,-2.34,True,Active,zain,Forward,Normal,8: Recovery / standing back up
1790441458.4395063,21919,Target 0,-170.0,3871.0,0.0,3874.73,-2.51,True,Active,zain,Forward,Normal,8: Recovery / standing back up
1790441458.525308,21920,Target 0,-182.0,3878.0,0.0,3882.27,-2.69,True,Active,zain,Forward,Normal,8: Recovery / standing back up
1790441458.624545,21921,Target 0,-194.0,3886.0,0.0,3890.84,-2.86,True,Active,zain,Forward,Normal,8: Recovery / standing back up
1790441458.7110214,21922,Target 0,-208.0,3889.0,0.0,3894.56,-3.06,True,Active,zain,Forward,Normal,8: Recovery / standing back up
1790441458.791784,21923,Target 0,-222.0,3892.0,0.0,3898.33,-3.26,True,Active,zain,Forward,Normal,8: Recovery / standing back up
1790441458.889034,21924,Target 0,-236.0,3894.0,0.0,3901.14,-3.47,True,Active,zain,Forward,Normal,8: Recovery / standing back up
1790441458.9683788,21925,Target 0,-245.0,3900.0,80.0,3907.69,-3.59,True,Active,zain,Forward,Normal,8: Recovery / standing back up
1790441459.0586126,21926,Target 0,-257.0,3906.0,0.0,3914.45,-3.76,True,Active,zain,Forward,Normal,8: Recovery / standing back up
1790441459.238593,21927,Target 0,-269.0,3912.0,0.0,3921.24,-3.93,True,Active,zain,Forward,Normal,8: Recovery / standing back up
1790441459.25935,21928,Target 0,-280.0,3918.0,0.0,3927.99,-4.09,True,Active,zain,Forward,Normal,8: Recovery / standing back up
1790441459.3251314,21929,Target 0,-291.0,3924.0,0.0,3934.78,-4.24,True,Active,zain,Forward,Normal,8: Recovery / standing back up
1790441459.421606,21930,Target 0,-302.0,3930.0,0.0,3941.59,-4.39,True,Active,zain,Forward,Normal,8: Recovery / standing back up
1790441459.5036802,21931,Target 0,-320.0,3936.0,0.0,3948.99,-4.65,True,Active,zain,Forward,Normal,8: Recovery / standing back up
1790441459.5922558,21932,Target 0,-341.0,3943.0,0.0,3957.72,-4.94,True,Active,zain,Forward,Normal,8: Recovery / standing back up
1790441459.738534,21933,Target 0,-361.0,3949.0,0.0,3965.47,-5.22,True,Active,zain,Forward,Normal,8: Recovery / standing back up
1790441459.8057942,21934,Target 0,-380.0,3954.0,0.0,3972.22,-5.49,True,Active,zain,Forward,Normal,8: Recovery / standing back up
1790441459.8591647,21935,Target 0,-398.0,3960.0,0.0,3979.95,-5.74,True,Active,zain,Forward,Normal,8: Recovery / standing back up
1790441460.0164442,21936,Target 0,-416.0,3965.0,0.0,3986.76,-5.99,True,Active,zain,Forward,Normal,8: Recovery / standing back up
1790441460.0639298,21937,Target 0,-28.0,2057.0,480.0,2057.19,-0.78,True,Active,zain,Forward,Normal,8: Recovery / standing back up
1790441460.1325772,21938,Target 0,-24.0,2023.0,240.0,2023.14,-0.68,True,Active,zain,Forward,Normal,8: Recovery / standing back up
1790441460.237111,21939,Target 0,-12.0,1997.0,1190.0,1997.04,-0.34,True,Active,zain,Forward,Normal,8: Recovery / standing back up
1790441460.333043,21940,Target 0,-10.0,1973.0,-80.0,1973.03,-0.29,True,Active,zain,Forward,Normal,8: Recovery / standing back up
1790441460.3929353,21941,Target 0,-11.0,1950.0,-80.0,1950.03,-0.32,True,Active,zain,Forward,Normal,8: Recovery / standing back up
1790441460.495282,21942,Target 0,-20.0,1927.0,-80.0,1927.1,-0.59,True,Active,zain,Forward,Normal,8: Recovery / standing back up
1790441460.619553,21943,Target 0,-26.0,1908.0,80.0,1908.18,-0.78,True,Active,zain,Forward,Normal,8: Recovery / standing back up
1790441460.6969242,21944,Target 0,-20.0,1896.0,-160.0,1896.11,-0.6,True,Active,zain,Forward,Normal,8: Recovery / standing back up
1790441460.7478347,21945,Target 0,1.0,1893.0,240.0,1893.0,0.03,True,Active,zain,Forward,Normal,8: Recovery / standing back up
1790441460.8385787,21946,Target 0,28.0,1890.0,240.0,1890.21,0.85,True,Active,zain,Forward,Normal,8: Recovery / standing back up
1790441460.9260445,21947,Target 0,48.0,1884.0,160.0,1884.61,1.46,True,Active,zain,Forward,Normal,8: Recovery / standing back up
1790441461.0359328,21948,Target 0,59.0,1873.0,-320.0,1873.93,1.8,True,Active,zain,Forward,Normal,8: Recovery / standing back up
1790441461.1038985,21949,Target 0,45.0,1860.0,160.0,1860.54,1.39,True,Active,zain,Forward,Normal,8: Recovery / standing back up
1790441461.195759,21950,Target 0,34.0,1854.0,0.0,1854.31,1.05,True,Active,zain,Forward,Normal,8: Recovery / standing back up
1790441461.2840254,21951,Target 0,21.0,1847.0,-160.0,1847.12,0.65,True,Active,zain,Forward,Normal,8: Recovery / standing back up
1790441461.4035633,21952,Target 0,7.0,1840.0,-160.0,1840.01,0.22,True,Active,zain,Forward,Normal,8: Recovery / standing back up
1790441461.4640589,21953,Target 0,-33.0,1826.0,-390.0,1826.3,-1.04,True,Active,zain,Forward,Normal,1: Walking
1790441461.5531008,21954,Target 0,-70.0,1818.0,-480.0,1819.35,-2.21,True,Active,zain,Forward,Normal,1: Walking
1790441461.6471896,21955,Target 0,-111.0,1818.0,-720.0,1821.39,-3.49,True,Active,zain,Forward,Normal,1: Walking
1790441461.7515097,21956,Target 0,-153.0,1819.0,-720.0,1825.42,-4.81,True,Active,zain,Forward,Normal,1: Walking
1790441461.820118,21957,Target 0,-197.0,1820.0,-960.0,1830.63,-6.18,True,Active,zain,Forward,Normal,1: Walking
1790441461.9086072,21958,Target 0,-244.0,1826.0,-640.0,1842.23,-7.61,True,Active,zain,Forward,Normal,1: Walking
1790441462.0238602,21959,Target 0,-334.0,1846.0,-480.0,1875.97,-10.26,True,Active,zain,Forward,Normal,1: Walking
1790441462.1064186,21960,Target 0,-426.0,1866.0,-480.0,1914.01,-12.86,True,Active,zain,Forward,Normal,1: Walking
1790441462.1871302,21961,Target 0,-533.0,1880.0,-480.0,1954.1,-15.83,True,Active,zain,Forward,Normal,1: Walking
1790441462.271824,21962,Target 0,-623.0,1879.0,-640.0,1979.59,-18.34,True,Active,zain,Forward,Normal,1: Walking
1790441462.3765545,21963,Target 0,-704.0,1887.0,-880.0,2014.05,-20.46,True,Active,zain,Forward,Normal,1: Walking
1790441462.4847004,21964,Target 0,-776.0,1913.0,-480.0,2064.4,-22.08,True,Active,zain,Forward,Normal,1: Walking
1790441462.5315533,21965,Target 0,-850.0,1945.0,-480.0,2122.62,-23.61,True,Active,zain,Forward,Normal,1: Walking
1790441462.6618526,21966,Target 0,-920.0,1976.0,-480.0,2179.67,-24.97,True,Active,zain,Forward,Normal,1: Walking
1790441462.727264,21967,Target 0,-986.0,2004.0,-480.0,2233.43,-26.2,True,Active,zain,Forward,Normal,1: Walking
1790441462.8531213,21968,Target 0,-1049.0,2030.0,-480.0,2285.02,-27.33,True,Active,zain,Forward,Normal,1: Walking
1790441462.961206,21969,Target 0,-1101.0,2049.0,-560.0,2326.07,-28.25,True,Active,zain,Forward,Normal,1: Walking
1790441462.9851322,21970,Target 0,-1172.0,2069.0,-640.0,2377.89,-29.53,True,Active,zain,Forward,Normal,1: Walking
1790441463.0926747,21971,Target 0,-1245.0,2087.0,-640.0,2430.14,-30.82,True,Active,zain,Forward,Normal,1: Walking
1790441463.165269,21972,Target 0,-1319.0,2112.0,-640.0,2490.04,-31.99,True,Active,zain,Forward,Normal,1: Walking
1790441463.2538276,21973,Target 0,-1386.0,2125.0,-320.0,2537.05,-33.11,True,Active,zain,Forward,Normal,1: Walking
1790441463.3501537,21974,Target 0,-1451.0,2125.0,-240.0,2573.14,-34.33,True,Active,zain,Forward,Normal,1: Walking
1790441463.422355,21975,Target 0,-1516.0,2118.0,-240.0,2604.65,-35.59,True,Active,zain,Forward,Normal,1: Walking
1790441463.5200484,21976,Target 0,-1581.0,2122.0,-320.0,2646.21,-36.69,True,Active,zain,Forward,Normal,1: Walking
1790441463.6012912,21977,Target 0,-1633.0,2150.0,-560.0,2699.85,-37.22,True,Active,zain,Forward,Normal,1: Walking
1790441463.684837,21978,Target 0,-1694.0,2161.0,-320.0,2745.83,-38.09,True,Active,zain,Forward,Normal,1: Walking
1790441463.7883637,21979,Target 0,-1754.0,2173.0,-320.0,2792.57,-38.91,True,Active,zain,Forward,Normal,1: Walking
1790441463.9004781,21980,Target 0,-1815.0,2186.0,-320.0,2841.27,-39.7,True,Active,zain,Forward,Normal,1: Walking
1790441463.9509811,21981,Target 0,-1875.0,2198.0,-320.0,2889.09,-40.47,True,Active,zain,Forward,Normal,1: Walking
1790441464.161008,21982,Target 0,-1936.0,2188.0,-320.0,2921.55,-41.5,True,Active,zain,Forward,Normal,1: Walking
1790441464.18101,21983,Target 0,-1985.0,2180.0,-320.0,2948.33,-42.32,True,Active,zain,Forward,Normal,1: Walking
1790441464.2536283,21984,Target 0,-2009.0,2194.0,-320.0,2974.85,-42.48,True,Active,zain,Forward,Normal,1: Walking
1790441464.3089626,21985,Target 0,-2031.0,2204.0,-240.0,2997.09,-42.66,True,Active,zain,Forward,Normal,1: Walking
1790441464.4736335,21986,Target 0,-2041.0,2215.0,-160.0,3011.96,-42.66,True,Active,zain,Forward,Normal,1: Walking
1790441464.5293841,21987,Target 0,-2057.0,2218.0,-80.0,3025.02,-42.84,True,Active,zain,Forward,Normal,1: Walking
1790441464.6280196,21988,Target 0,-2081.0,2216.0,80.0,3039.94,-43.2,True,Active,zain,Forward,Normal,1: Walking
1790441464.707577,21989,Target 0,-2123.0,2197.0,80.0,3055.15,-44.02,True,Active,zain,Forward,Normal,1: Walking
1790441464.7533143,21990,Target 0,-2146.0,2184.0,160.0,3061.89,-44.5,True,Active,zain,Forward,Normal,1: Walking
1790441464.8548234,21991,Target 0,-2152.0,2186.0,320.0,3067.52,-44.55,True,Active,zain,Forward,Normal,1: Walking
1790441464.946524,21992,Target 0,-2152.0,2186.0,480.0,3067.52,-44.55,True,Active,zain,Forward,Normal,1: Walking
1790441465.0703597,21993,Target 0,-2145.0,2194.0,390.0,3068.33,-44.35,True,Active,zain,Forward,Normal,1: Walking
1790441465.1161158,21994,Target 0,-2141.0,2193.0,390.0,3064.82,-44.31,True,Active,zain,Forward,Normal,1: Walking
1790441465.2400577,21995,Target 0,-2134.0,2192.0,390.0,3059.22,-44.23,True,Active,zain,Forward,Normal,1: Walking
1790441465.3481984,21996,Target 0,-2125.0,2191.0,480.0,3052.23,-44.12,True,Active,zain,Forward,Normal,1: Walking
1790441465.4131677,21997,Target 0,-2111.0,2193.0,640.0,3043.94,-43.91,True,Active,zain,Forward,Normal,1: Walking
1790441465.4832358,21998,Target 0,-2094.0,2197.0,560.0,3035.07,-43.62,True,Active,zain,Forward,Normal,1: Walking
1790441465.5550826,21999,Target 0,-2079.0,2198.0,640.0,3025.47,-43.41,True,Active,zain,Forward,Normal,1: Walking
1790441465.6546211,22000,Target 0,-2064.0,2196.0,790.0,3013.72,-43.23,True,Active,zain,Forward,Normal,1: Walking
1790441465.7328353,22001,Target 0,-2048.0,2191.0,960.0,2999.13,-43.07,True,Active,zain,Forward,Normal,1: Walking
1790441465.8874407,22002,Target 0,-1992.0,2179.0,790.0,2952.31,-42.43,True,Active,zain,Forward,Normal,1: Walking
1790441465.9273586,22003,Target 0,-1922.0,2171.0,790.0,2899.54,-41.52,True,Active,zain,Forward,Normal,1: Walking
1790441466.0284562,22004,Target 0,-1810.0,2137.0,560.0,2800.51,-40.26,True,Active,zain,Forward,Normal,1: Walking
1790441466.0929108,22005,Target 0,-1716.0,2110.0,560.0,2719.7,-39.12,True,Active,zain,Forward,Normal,1: Walking
1790441466.1771672,22006,Target 0,-1636.0,2075.0,640.0,2642.37,-38.25,True,Active,zain,Forward,Normal,1: Walking
1790441466.2668161,22007,Target 0,-1572.0,2021.0,720.0,2560.4,-37.88,True,Active,zain,Forward,Normal,1: Walking
1790441466.3655276,22008,Target 0,-1540.0,1950.0,720.0,2484.77,-38.3,True,Active,zain,Forward,Normal,1: Walking
1790441466.4447,22009,Target 0,-1506.0,1885.0,1040.0,2412.73,-38.62,True,Active,zain,Forward,Normal,1: Walking
1790441466.5323071,22010,Target 0,-1408.0,1865.0,880.0,2336.81,-37.05,True,Active,zain,Forward,Normal,1: Walking
1790441466.6227028,22011,Target 0,-1325.0,1842.0,790.0,2269.05,-35.73,True,Active,zain,Forward,Normal,1: Walking
1790441466.757568,22012,Target 0,-1239.0,1818.0,640.0,2200.06,-34.28,True,Active,zain,Forward,Normal,1: Walking
1790441466.891865,22013,Target 0,-1145.0,1789.0,720.0,2124.04,-32.62,True,Active,zain,Forward,Normal,1: Walking
1790441466.9143898,22014,Target 0,-1072.0,1753.0,790.0,2054.8,-31.45,True,Active,zain,Forward,Normal,1: Walking
1790441466.9865854,22015,Target 0,-1009.0,1715.0,790.0,1989.8,-30.47,True,Active,zain,Forward,Normal,1: Walking
1790441467.0704494,22016,Target 0,-953.0,1675.0,880.0,1927.13,-29.64,True,Active,zain,Forward,Normal,1: Walking
1790441467.1868758,22017,Target 0,-901.0,1627.0,960.0,1859.82,-28.98,True,Active,zain,Forward,Normal,1: Walking
1790441467.2450724,22018,Target 0,-843.0,1576.0,790.0,1787.3,-28.14,True,Active,zain,Forward,Normal,1: Walking
1790441467.3439837,22019,Target 0,-788.0,1526.0,720.0,1717.45,-27.31,True,Active,zain,Forward,Normal,1: Walking
1790441467.4469545,22020,Target 0,-748.0,1464.0,960.0,1644.02,-27.06,True,Active,zain,Forward,Normal,1: Walking
1790441467.5347786,22021,Target 0,-714.0,1401.0,720.0,1572.45,-27.01,True,Active,zain,Forward,Normal,1: Walking
1790441467.687333,22022,Target 0,-668.0,1353.0,560.0,1508.92,-26.28,True,Active,zain,Forward,Normal,1: Walking
1790441467.7109048,22023,Target 0,-613.0,1326.0,480.0,1460.84,-24.81,True,Active,zain,Forward,Normal,1: Walking
1790441467.8185222,22024,Target 0,-563.0,1287.0,320.0,1404.76,-23.63,True,Active,zain,Forward,Normal,1: Walking
1790441467.9024167,22025,Target 0,-498.0,1255.0,390.0,1350.2,-21.64,True,Active,zain,Forward,Normal,1: Walking
1790441467.9665713,22026,Target 0,-440.0,1207.0,320.0,1284.7,-20.03,True,Active,zain,Forward,Normal,1: Walking
1790441468.0504687,22027,Target 0,-377.0,1168.0,320.0,1227.34,-17.89,True,Active,zain,Forward,Normal,1: Walking
1790441468.1357894,22028,Target 0,-313.0,1135.0,240.0,1177.37,-15.42,True,Active,zain,Forward,Normal,1: Walking
1790441468.255977,22029,Target 0,-249.0,1106.0,240.0,1133.68,-12.69,True,Active,zain,Forward,Normal,1: Walking
1790441468.313402,22030,Target 0,-185.0,1080.0,240.0,1095.73,-9.72,True,Active,zain,Forward,Normal,1: Walking
1790441468.4063518,22031,Target 0,-101.0,1064.0,-80.0,1068.78,-5.42,True,Active,zain,Forward,Normal,1: Walking
1790441468.4906948,22032,Target 0,-27.0,1041.0,160.0,1041.35,-1.49,True,Active,zain,Forward,Normal,1: Walking
1790441468.5953987,22033,Target 0,44.0,1018.0,-80.0,1018.95,2.47,True,Active,zain,Forward,Normal,1: Walking
1790441468.6771452,22034,Target 0,121.0,999.0,-390.0,1006.3,6.91,True,Active,zain,Forward,Normal,1: Walking
1790441468.7602718,22035,Target 0,198.0,982.0,-560.0,1001.76,11.4,True,Active,zain,Forward,Normal,1: Walking
1790441468.8556316,22036,Target 0,271.0,972.0,-560.0,1009.07,15.58,True,Active,zain,Forward,Normal,1: Walking
1790441468.95908,22037,Target 0,341.0,971.0,-560.0,1029.14,19.35,True,Active,zain,Forward,Normal,1: Walking
1790441469.024926,22038,Target 0,398.0,979.0,-720.0,1056.81,22.12,True,Active,zain,Forward,Normal,1: Walking
1790441469.1144326,22039,Target 0,444.0,998.0,-720.0,1092.31,23.98,True,Active,zain,Forward,Normal,1: Walking
1790441469.2380595,22040,Target 0,486.0,1025.0,-720.0,1134.38,25.37,True,Active,zain,Forward,Normal,1: Walking
1790441469.3332164,22041,Target 0,532.0,1061.0,-640.0,1186.91,26.63,True,Active,zain,Forward,Normal,1: Walking
1790441469.414128,22042,Target 0,583.0,1094.0,-640.0,1239.65,28.05,True,Active,zain,Forward,Normal,1: Walking
1790441469.4806254,22043,Target 0,630.0,1130.0,-560.0,1293.75,29.14,True,Active,zain,Forward,Normal,1: Walking
1790441469.5921996,22044,Target 0,679.0,1166.0,-640.0,1349.3,30.21,True,Active,zain,Forward,Normal,1: Walking
1790441469.7011201,22045,Target 0,720.0,1207.0,-560.0,1405.44,30.82,True,Active,zain,Forward,Normal,1: Walking
1790441469.7410405,22046,Target 0,776.0,1236.0,-640.0,1459.41,32.12,True,Active,zain,Forward,Normal,1: Walking
1790441469.8399453,22047,Target 0,819.0,1280.0,-480.0,1519.59,32.61,True,Active,zain,Forward,Normal,1: Walking
1790441469.9376447,22048,Target 0,828.0,1328.0,-160.0,1564.98,31.94,True,Active,zain,Forward,Normal,1: Walking
1790441470.0428543,22049,Target 0,837.0,1368.0,-240.0,1603.74,31.46,True,Active,zain,Forward,Normal,1: Walking
1790441470.1328282,22050,Target 0,852.0,1413.0,-240.0,1649.99,31.09,True,Active,zain,Forward,Normal,1: Walking
1790441470.182323,22051,Target 0,863.0,1453.0,-160.0,1689.96,30.71,True,Active,zain,Forward,Normal,1: Walking
1790441470.2710848,22052,Target 0,892.0,1490.0,-80.0,1736.6,30.91,True,Active,zain,Forward,Normal,1: Walking
1790441470.3685036,22053,Target 0,917.0,1546.0,80.0,1797.5,30.67,True,Active,zain,Forward,Normal,1: Walking
1790441470.4485497,22054,Target 0,932.0,1582.0,240.0,1836.12,30.5,True,Active,zain,Forward,Normal,1: Walking
1790441470.537157,22055,Target 0,940.0,1594.0,320.0,1850.52,30.53,True,Active,zain,Forward,Normal,1: Walking
1790441470.6264768,22056,Target 0,923.0,1593.0,-80.0,1841.08,30.09,True,Active,zain,Forward,Normal,1: Walking
1790441470.8103018,22057,Target 0,905.0,1601.0,240.0,1839.08,29.48,True,Active,zain,Forward,Normal,1: Walking
1790441470.8313017,22058,Target 0,886.0,1606.0,240.0,1834.18,28.88,True,Active,zain,Forward,Normal,1: Walking
1790441470.8970733,22059,Target 0,860.0,1600.0,-240.0,1816.48,28.26,True,Active,zain,Forward,Normal,1: Walking
1790441470.9851916,22060,Target 0,840.0,1596.0,160.0,1803.56,27.76,True,Active,zain,Forward,Normal,1: Walking
1790441471.086329,22061,Target 0,820.0,1600.0,80.0,1797.89,27.14,True,Active,zain,Forward,Normal,1: Walking
1790441471.1609688,22062,Target 0,796.0,1601.0,0.0,1787.96,26.44,True,Active,zain,Forward,Normal,1: Walking
1790441471.2602267,22063,Target 0,768.0,1600.0,80.0,1774.77,25.64,True,Active,zain,Forward,Normal,1: Walking
1790441471.338259,22064,Target 0,738.0,1594.0,160.0,1756.55,24.84,True,Active,zain,Forward,Normal,1: Walking
1790441471.470166,22065,Target 0,706.0,1589.0,80.0,1738.78,23.96,True,Active,zain,Forward,Normal,1: Walking
1790441471.559195,22066,Target 0,642.0,1587.0,0.0,1711.94,22.03,True,Active,zain,Forward,Normal,1: Walking
1790441471.6286592,22067,Target 0,579.0,1593.0,80.0,1694.96,19.97,True,Active,zain,Forward,Normal,1: Walking
1790441471.7568412,22068,Target 0,518.0,1605.0,-80.0,1686.52,17.89,True,Active,zain,Forward,Normal,1: Walking
1790441471.819707,22069,Target 0,461.0,1618.0,80.0,1682.39,15.9,True,Active,zain,Forward,Normal,1: Walking
1790441471.8737078,22070,Target 0,397.0,1652.0,-80.0,1699.03,13.51,True,Active,zain,Forward,Normal,1: Walking
1790441471.9666653,22071,Target 0,338.0,1679.0,-80.0,1712.68,11.38,True,Active,zain,Forward,Normal,1: Walking
1790441472.144407,22072,Target 0,277.0,1701.0,-80.0,1723.41,9.25,True,Active,zain,Forward,Normal,1: Walking
1790441472.1646457,22073,Target 0,214.0,1703.0,-390.0,1716.39,7.16,True,Active,zain,Forward,Normal,1: Walking
1790441472.2275522,22074,Target 0,149.0,1698.0,-560.0,1704.52,5.01,True,Active,zain,Forward,Normal,1: Walking
1790441472.3435879,22075,Target 0,101.0,1707.0,-320.0,1709.99,3.39,True,Active,zain,Forward,Normal,1: Walking
1790441472.4395163,22076,Target 0,48.0,1719.0,-480.0,1719.67,1.6,True,Active,zain,Forward,Normal,1: Walking
1790441472.5124798,22077,Target 0,0.0,1741.0,-560.0,1741.0,0.0,True,Active,zain,Forward,Normal,1: Walking
1790441472.5832856,22078,Target 0,-40.0,1764.0,-480.0,1764.45,-1.3,True,Active,zain,Forward,Normal,1: Walking
1790441472.6726475,22079,Target 0,-75.0,1781.0,-720.0,1782.58,-2.41,True,Active,zain,Forward,Normal,6: Fall onset
1790441472.7695737,22080,Target 0,-92.0,1813.0,-640.0,1815.33,-2.9,True,Active,zain,Forward,Normal,6: Fall onset
1790441472.8636708,22081,Target 0,-103.0,1869.0,-1040.0,1871.84,-3.15,True,Active,zain,Forward,Normal,6: Fall onset
1790441472.9479198,22082,Target 0,-126.0,1950.0,-1760.0,1954.07,-3.7,True,Active,zain,Forward,Normal,6: Fall onset
1790441473.0522172,22083,Target 0,-149.0,2042.0,-1760.0,2047.43,-4.17,True,Active,zain,Forward,Normal,6: Fall onset
1790441473.1168609,22084,Target 0,-170.0,2135.0,-1760.0,2141.76,-4.55,True,Active,zain,Forward,Normal,6: Fall onset
1790441473.2067287,22085,Target 0,-189.0,2223.0,-1760.0,2231.02,-4.86,True,Active,zain,Forward,Normal,6: Fall onset
1790441473.3344452,22086,Target 0,-186.0,2293.0,-1440.0,2300.53,-4.64,True,Active,zain,Forward,Normal,6: Fall onset
1790441473.401806,22087,Target 0,-177.0,2356.0,-1440.0,2362.64,-4.3,True,Active,zain,Forward,Normal,6: Fall onset
1790441473.4798634,22088,Target 0,-166.0,2411.0,-1440.0,2416.71,-3.94,True,Active,zain,Forward,Normal,6: Fall onset
1790441473.5628672,22089,Target 0,-155.0,2458.0,-1440.0,2462.88,-3.61,True,Active,zain,Forward,Normal,6: Fall onset
1790441473.6764266,22090,Target 0,-143.0,2498.0,-1440.0,2502.09,-3.28,True,Active,zain,Forward,Normal,6: Fall onset
1790441473.7412329,22091,Target 0,-132.0,2532.0,-1440.0,2535.44,-2.98,True,Active,zain,Forward,Normal,6: Fall onset
1790441473.9719388,22092,Target 0,-127.0,2547.0,-1440.0,2550.16,-2.85,True,Active,zain,Forward,Normal,6: Fall onset
1790441473.9911754,22093,Target 0,-123.0,2561.0,-1440.0,2563.95,-2.75,True,Active,zain,Forward,Normal,6: Fall onset
1790441474.0476925,22094,Target 0,-118.0,2573.0,-1440.0,2575.7,-2.63,True,Active,zain,Forward,Normal,7: Post-fall stillness
1790441474.1547945,22095,Target 0,-115.0,2584.0,-1440.0,2586.56,-2.55,True,Active,zain,Forward,Normal,7: Post-fall stillness
1790441474.1961637,22096,Target 0,-111.0,2594.0,-1440.0,2596.37,-2.45,True,Active,zain,Forward,Normal,7: Post-fall stillness
1790441474.304267,22097,Target 0,-108.0,2603.0,-1440.0,2605.24,-2.38,True,Active,zain,Forward,Normal,7: Post-fall stillness
1790441474.4019659,22098,Target 0,-106.0,2611.0,-1440.0,2613.15,-2.32,True,Active,zain,Forward,Normal,7: Post-fall stillness
1790441474.452761,22099,Target 0,-103.0,2618.0,-1440.0,2620.03,-2.25,True,Active,zain,Forward,Normal,7: Post-fall stillness
1790441474.5681221,22100,Target 0,-101.0,2625.0,-1440.0,2626.94,-2.2,True,Active,zain,Forward,Normal,7: Post-fall stillness
1790441474.630206,22101,Target 0,-100.0,2627.0,-1440.0,2628.9,-2.18,True,Active,zain,Forward,Normal,7: Post-fall stillness
1790441474.773571,22102,Target 0,-102.0,2631.0,0.0,2632.98,-2.22,True,Active,zain,Forward,Normal,7: Post-fall stillness
1790441474.8666775,22103,Target 0,-105.0,2635.0,0.0,2637.09,-2.28,True,Active,zain,Forward,Normal,7: Post-fall stillness
1790441474.8988807,22104,Target 0,-108.0,2640.0,0.0,2642.21,-2.34,True,Active,zain,Forward,Normal,7: Post-fall stillness
1790441475.0204532,22105,Target 0,-110.0,2644.0,0.0,2646.29,-2.38,True,Active,zain,Forward,Normal,7: Post-fall stillness
1790441475.099808,22106,Target 0,-113.0,2648.0,0.0,2650.41,-2.44,True,Active,zain,Forward,Normal,7: Post-fall stillness
1790441475.1642842,22107,Target 0,-118.0,2659.0,0.0,2661.62,-2.54,True,Active,zain,Forward,Normal,7: Post-fall stillness
1790441475.2547219,22108,Target 0,-133.0,2696.0,0.0,2699.28,-2.82,True,Active,zain,Forward,Normal,7: Post-fall stillness
1790441475.3501656,22109,Target 0,-143.0,2715.0,80.0,2718.76,-3.02,True,Active,zain,Forward,Normal,7: Post-fall stillness
1790441475.4521012,22110,Target 0,-175.0,2773.0,80.0,2778.52,-3.61,True,Active,zain,Forward,Normal,7: Post-fall stillness
1790441475.525768,22111,Target 0,-204.0,2824.0,80.0,2831.36,-4.13,True,Active,zain,Forward,Normal,7: Post-fall stillness
1790441475.6109834,22112,Target 0,-213.0,2841.0,80.0,2848.97,-4.29,True,Active,zain,Forward,Normal,7: Post-fall stillness
1790441475.7075975,22113,Target 0,-222.0,2858.0,80.0,2866.61,-4.44,True,Active,zain,Forward,Normal,7: Post-fall stillness
1790441475.802156,22114,Target 0,-231.0,2873.0,80.0,2882.27,-4.6,True,Active,zain,Forward,Normal,8: Recovery / standing back up
1790441475.8780255,22115,Target 0,-239.0,2888.0,80.0,2897.87,-4.73,True,Active,zain,Forward,Normal,8: Recovery / standing back up
1790441476.0532718,22116,Target 0,-244.0,2898.0,480.0,2908.25,-4.81,True,Active,zain,Forward,Normal,8: Recovery / standing back up
1790441476.0774474,22117,Target 0,-247.0,2906.0,480.0,2916.48,-4.86,True,Active,zain,Forward,Normal,8: Recovery / standing back up
1790441476.1618752,22118,Target 0,-249.0,2913.0,480.0,2923.62,-4.89,True,Active,zain,Forward,Normal,8: Recovery / standing back up
1790441476.2431664,22119,Target 0,-250.0,2911.0,880.0,2921.72,-4.91,True,Active,zain,Forward,Normal,8: Recovery / standing back up
1790441476.324228,22120,Target 0,-253.0,2908.0,720.0,2918.98,-4.97,True,Active,zain,Forward,Normal,8: Recovery / standing back up
1790441476.4183745,22121,Target 0,-256.0,2903.0,720.0,2914.27,-5.04,True,Active,zain,Forward,Normal,8: Recovery / standing back up
1790441476.5508873,22122,Target 0,-258.0,2894.0,790.0,2905.48,-5.09,True,Active,zain,Forward,Normal,8: Recovery / standing back up
1790441476.5911303,22123,Target 0,-260.0,2882.0,790.0,2893.7,-5.15,True,Active,zain,Forward,Normal,8: Recovery / standing back up
1790441476.6954765,22124,Target 0,-257.0,2869.0,480.0,2880.49,-5.12,True,Active,zain,Forward,Normal,8: Recovery / standing back up
1790441476.7962797,22125,Target 0,-251.0,2855.0,480.0,2866.01,-5.02,True,Active,zain,Forward,Normal,8: Recovery / standing back up
1790441476.8690867,22126,Target 0,-247.0,2838.0,320.0,2848.73,-4.97,True,Active,zain,Forward,Normal,8: Recovery / standing back up
1790441476.9902184,22127,Target 0,-244.0,2822.0,320.0,2832.53,-4.94,True,Active,zain,Forward,Normal,8: Recovery / standing back up
1790441477.0340388,22128,Target 0,-245.0,2806.0,1920.0,2816.68,-4.99,True,Active,zain,Forward,Normal,8: Recovery / standing back up
1790441477.1676078,22129,Target 0,-249.0,2792.0,1920.0,2803.08,-5.1,True,Active,zain,Forward,Normal,8: Recovery / standing back up
1790441477.218113,22130,Target 0,-252.0,2778.0,1920.0,2789.41,-5.18,True,Active,zain,Forward,Normal,8: Recovery / standing back up
1790441477.308444,22131,Target 0,-253.0,2761.0,240.0,2772.57,-5.24,True,Active,zain,Forward,Normal,8: Recovery / standing back up
1790441477.38952,22132,Target 0,-255.0,2745.0,160.0,2756.82,-5.31,True,Active,zain,Forward,Normal,8: Recovery / standing back up
1790441477.4790258,22133,Target 0,-254.0,2728.0,240.0,2739.8,-5.32,True,Active,zain,Forward,Normal,8: Recovery / standing back up
1790441477.5731888,22134,Target 0,-251.0,2711.0,390.0,2722.59,-5.29,True,Active,zain,Forward,Normal,8: Recovery / standing back up
1790441477.657998,22135,Target 0,-246.0,2693.0,390.0,2704.21,-5.22,True,Active,zain,Forward,Normal,8: Recovery / standing back up
1790441477.745377,22136,Target 0,-239.0,2673.0,720.0,2683.66,-5.11,True,Active,zain,Forward,Normal,8: Recovery / standing back up
1790441477.8349555,22137,Target 0,-230.0,2651.0,880.0,2660.96,-4.96,True,Active,zain,Forward,Normal,8: Recovery / standing back up
1790441477.9660933,22138,Target 0,-220.0,2628.0,880.0,2637.19,-4.79,True,Active,zain,Forward,Normal,8: Recovery / standing back up
1790441478.013234,22139,Target 0,-210.0,2604.0,880.0,2612.45,-4.61,True,Active,zain,Forward,Normal,8: Recovery / standing back up
1790441478.1025333,22140,Target 0,-201.0,2580.0,880.0,2587.82,-4.45,True,Active,zain,Forward,Normal,8: Recovery / standing back up
1790441478.1909857,22141,Target 0,-190.0,2555.0,320.0,2562.05,-4.25,True,Active,zain,Forward,Normal,8: Recovery / standing back up
1790441478.3138096,22142,Target 0,-179.0,2531.0,320.0,2537.32,-4.05,True,Active,zain,Forward,Normal,8: Recovery / standing back up
1790441478.3754532,22143,Target 0,-168.0,2508.0,320.0,2513.62,-3.83,True,Active,zain,Forward,Normal,8: Recovery / standing back up
1790441478.4593108,22144,Target 0,-161.0,2489.0,-240.0,2494.2,-3.7,True,Active,zain,Forward,Normal,8: Recovery / standing back up
1790441478.6525295,22145,Target 0,-155.0,2470.0,-240.0,2474.86,-3.59,True,Active,zain,Forward,Normal,8: Recovery / standing back up
1790441478.675036,22146,Target 0,-149.0,2450.0,-320.0,2454.53,-3.48,True,Active,zain,Forward,Normal,8: Recovery / standing back up
1790441478.7757735,22147,Target 0,-143.0,2430.0,-320.0,2434.2,-3.37,True,Active,zain,Forward,Normal,8: Recovery / standing back up
1790441478.824229,22148,Target 0,-135.0,2416.0,320.0,2419.77,-3.2,True,Active,zain,Forward,Normal,8: Recovery / standing back up
1790441478.9229207,22149,Target 0,-127.0,2406.0,-640.0,2409.35,-3.02,True,Active,zain,Forward,Normal,8: Recovery / standing back up
1790441479.0386798,22150,Target 0,-123.0,2396.0,-320.0,2399.16,-2.94,True,Active,zain,Forward,Normal,8: Recovery / standing back up
1790441479.1120238,22151,Target 0,-121.0,2387.0,-390.0,2390.06,-2.9,True,Active,zain,Forward,Normal,8: Recovery / standing back up
1790441479.1694975,22152,Target 0,-122.0,2378.0,-320.0,2381.13,-2.94,True,Active,zain,Forward,Normal,8: Recovery / standing back up
1790441479.3051224,22153,Target 0,-122.0,2371.0,-480.0,2374.14,-2.95,True,Active,zain,Forward,Normal,8: Recovery / standing back up
1790441479.35775,22154,Target 0,-120.0,2366.0,-560.0,2369.04,-2.9,True,Active,zain,Forward,Normal,8: Recovery / standing back up
1790441479.4717596,22155,Target 0,-115.0,2363.0,-640.0,2365.8,-2.79,True,Active,zain,Forward,Normal,8: Recovery / standing back up
1790441479.5255978,22156,Target 0,-111.0,2363.0,-640.0,2365.61,-2.69,True,Active,zain,Forward,Normal,8: Recovery / standing back up
1790441479.6217613,22157,Target 0,-112.0,2365.0,-390.0,2367.65,-2.71,True,Active,zain,Forward,Normal,8: Recovery / standing back up
1790441479.7240403,22158,Target 0,-115.0,2364.0,-480.0,2366.8,-2.79,True,Active,zain,Forward,Normal,8: Recovery / standing back up
1790441479.7951677,22159,Target 0,-120.0,2362.0,-240.0,2365.05,-2.91,True,Active,zain,Forward,Normal,8: Recovery / standing back up
1790441479.887859,22160,Target 0,-122.0,2364.0,-320.0,2367.15,-2.95,True,Active,zain,Forward,Normal,1: Walking
1790441479.970327,22161,Target 0,-128.0,2367.0,-320.0,2370.46,-3.1,True,Active,zain,Forward,Normal,1: Walking
1790441480.058802,22162,Target 0,-153.0,2370.0,-560.0,2374.93,-3.69,True,Active,zain,Forward,Normal,1: Walking
1790441480.1855922,22163,Target 0,-174.0,2379.0,-390.0,2385.35,-4.18,True,Active,zain,Forward,Normal,1: Walking
1790441480.2370305,22164,Target 0,-194.0,2386.0,-80.0,2393.87,-4.65,True,Active,zain,Forward,Normal,1: Walking
1790441480.329169,22165,Target 0,-216.0,2390.0,80.0,2399.74,-5.16,True,Active,zain,Forward,Normal,1: Walking
1790441480.4180841,22166,Target 0,-243.0,2393.0,-80.0,2405.31,-5.8,True,Active,zain,Forward,Normal,1: Walking
1790441480.5386422,22167,Target 0,-277.0,2401.0,-240.0,2416.93,-6.58,True,Active,zain,Forward,Normal,1: Walking
1790441480.5930521,22168,Target 0,-316.0,2412.0,-240.0,2432.61,-7.46,True,Active,zain,Forward,Normal,1: Walking
1790441480.6821115,22169,Target 0,-352.0,2419.0,-240.0,2444.48,-8.28,True,Active,zain,Forward,Normal,1: Walking
1790441480.771061,22170,Target 0,-385.0,2424.0,-240.0,2454.38,-9.02,True,Active,zain,Forward,Normal,1: Walking
1790441480.8919694,22171,Target 0,-428.0,2422.0,-240.0,2459.53,-10.02,True,Active,zain,Forward,Normal,1: Walking
1790441480.9675167,22172,Target 0,-471.0,2418.0,-240.0,2463.45,-11.02,True,Active,zain,Forward,Normal,1: Walking
1790441481.0531569,22173,Target 0,-526.0,2414.0,-320.0,2470.64,-12.29,True,Active,zain,Forward,Normal,1: Walking
1790441481.1350815,22174,Target 0,-582.0,2415.0,-320.0,2484.14,-13.55,True,Active,zain,Forward,Normal,1: Walking
1790441481.2929661,22175,Target 0,-682.0,2413.0,-390.0,2507.53,-15.78,True,Active,zain,Forward,Normal,1: Walking
1790441481.380992,22176,Target 0,-763.0,2418.0,-390.0,2535.53,-17.51,True,Active,zain,Forward,Normal,1: Walking
1790441481.4025872,22177,Target 0,-846.0,2419.0,-320.0,2562.67,-19.28,True,Active,zain,Forward,Normal,1: Walking
1790441481.4839876,22178,Target 0,-932.0,2424.0,-160.0,2597.0,-21.03,True,Active,zain,Forward,Normal,1: Walking
1790441481.6215193,22179,Target 0,-1021.0,2420.0,-80.0,2626.56,-22.87,True,Active,zain,Forward,Normal,1: Walking
1790441481.6819794,22180,Target 0,-1124.0,2414.0,-160.0,2662.85,-24.97,True,Active,zain,Forward,Normal,1: Walking
1790441481.750454,22181,Target 0,-1216.0,2382.0,-80.0,2674.43,-27.04,True,Active,zain,Forward,Normal,1: Walking
1790441481.867951,22182,Target 0,-1326.0,2360.0,-240.0,2707.0,-29.33,True,Active,zain,Forward,Normal,1: Walking
1790441481.990798,22183,Target 0,-1413.0,2353.0,-80.0,2744.66,-30.99,True,Active,zain,Forward,Normal,1: Walking
1790441482.0170197,22184,Target 0,-1517.0,2337.0,-320.0,2786.19,-32.99,True,Active,zain,Forward,Normal,1: Walking
1790441482.1051636,22185,Target 0,-1604.0,2298.0,-480.0,2802.43,-34.91,True,Active,zain,Forward,Normal,1: Walking
1790441482.1938388,22186,Target 0,-1665.0,2264.0,-560.0,2810.32,-36.33,True,Active,zain,Forward,Normal,1: Walking
1790441482.2987425,22187,Target 0,-1725.0,2241.0,-480.0,2828.02,-37.59,True,Active,zain,Forward,Normal,1: Walking
1790441482.3749752,22188,Target 0,-1784.0,2240.0,-240.0,2863.61,-38.53,True,Active,zain,Forward,Normal,1: Walking
1790441482.4618971,22189,Target 0,-1822.0,2249.0,-640.0,2894.42,-39.01,True,Active,zain,Forward,Normal,1: Walking
1790441482.55498,22190,Target 0,-1838.0,2282.0,-80.0,2930.15,-38.85,True,Active,zain,Forward,Normal,1: Walking
1790441482.6676533,22191,Target 0,-1862.0,2310.0,-240.0,2967.01,-38.87,True,Active,zain,Forward,Normal,1: Walking
1790441482.7297325,22192,Target 0,-1905.0,2304.0,80.0,2989.56,-39.58,True,Active,zain,Forward,Normal,1: Walking
1790441482.8223135,22193,Target 0,-1961.0,2275.0,160.0,3003.52,-40.76,True,Active,zain,Forward,Normal,1: Walking
1790441482.9162796,22194,Target 0,-2009.0,2233.0,160.0,3003.73,-41.98,True,Active,zain,Forward,Normal,1: Walking
1790441483.0078866,22195,Target 0,-2061.0,2182.0,160.0,3001.47,-43.37,True,Active,zain,Forward,Normal,1: Walking
1790441483.097884,22196,Target 0,-2091.0,2140.0,320.0,2991.97,-44.34,True,Active,zain,Forward,Normal,1: Walking
1790441483.1738172,22197,Target 0,-2121.0,2124.0,-80.0,3001.67,-44.96,True,Active,zain,Forward,Normal,1: Walking
1790441483.3049998,22198,Target 0,-2149.0,2176.0,-240.0,3058.3,-44.64,True,Active,zain,Forward,Normal,1: Walking
1790441483.3838701,22199,Target 0,-2171.0,2227.0,-160.0,3110.11,-44.27,True,Active,zain,Forward,Normal,1: Walking
1790441483.5230203,22200,Target 0,-2198.0,2226.0,-320.0,3128.3,-44.64,True,Active,zain,Forward,Normal,1: Walking
