timestamp,sequence_id,target_id,x_mm,y_mm,speed_mms,distance_mm,angle_deg,valid,status,volunteer_id,fall_subtype,pace_variant,action_label
1787666316.462929,15457,Person 41,299.9,1091.1,0.0,1131.06,15.49,True,Active,zain,Forward,Normal,2: Standing / idle
1787666316.4814055,15458,Person 41,300.1,1090.5,-80.0,1130.1,15.5,True,Active,zain,Forward,Normal,2: Standing / idle
1787666316.5721674,15459,Person 41,300.4,1090.1,-80.0,1130.1,15.5,True,Active,zain,Forward,Normal,2: Standing / idle
1787666316.6567175,15460,Person 41,300.8,1089.7,-80.0,1129.4,15.56,True,Active,zain,Forward,Normal,2: Standing / idle
1787666316.7446368,15461,Person 41,301.4,1089.6,-160.0,1131.87,15.63,True,Active,zain,Forward,Normal,2: Standing / idle
1787666316.8335242,15462,Person 41,302.3,1089.7,-160.0,1133.64,15.76,True,Active,zain,Forward,Normal,2: Standing / idle
1787666316.9280958,15463,Person 41,303.6,1089.7,-160.0,1133.77,15.97,True,Active,zain,Forward,Normal,2: Standing / idle
1787666317.0126772,15464,Person 41,305.0,1089.5,-160.0,1132.4,16.1,True,Active,zain,Forward,Normal,2: Standing / idle
1787666317.1006985,15465,Person 41,306.4,1089.3,-80.0,1132.68,16.15,True,Active,zain,Forward,Normal,2: Standing / idle
1787666317.1896482,15466,Person 41,307.8,1089.0,0.0,1131.72,16.16,True,Active,zain,Forward,Normal,2: Standing / idle
1787666317.278916,15467,Person 41,309.3,1088.7,0.0,1132.28,16.26,True,Active,zain,Forward,Normal,2: Standing / idle
1787666317.3678906,15468,Person 41,311.3,1088.8,160.0,1136.57,16.46,True,Active,zain,Forward,Normal,2: Standing / idle
1787666317.4566238,15469,Person 41,313.7,1089.2,80.0,1140.58,16.61,True,Active,zain,Forward,Normal,2: Standing / idle
1787666317.545917,15470,Person 41,316.2,1090.0,160.0,1144.03,16.66,True,Active,zain,Forward,Normal,2: Standing / idle
1787666317.6374414,15471,Person 41,318.7,1090.8,160.0,1146.52,16.73,True,Active,zain,Forward,Normal,2: Standing / idle
1787666317.7238646,15472,Person 41,321.1,1091.5,0.0,1147.1,16.82,True,Active,zain,Forward,Normal,2: Standing / idle
1787666317.8124585,15473,Person 41,323.2,1092.5,80.0,1149.3,16.84,True,Active,zain,Forward,Normal,2: Standing / idle
1787666317.9022262,15474,Person 41,325.0,1094.0,0.0,1151.88,16.75,True,Active,zain,Forward,Normal,2: Standing / idle
1787666317.992951,15475,Person 41,326.8,1095.7,0.0,1154.09,16.77,True,Active,zain,Forward,Normal,2: Standing / idle
1787666318.0795166,15476,Person 41,328.8,1097.5,-80.0,1154.66,16.87,True,Active,zain,Forward,Normal,2: Standing / idle
1787666318.1685712,15477,Person 41,331.0,1099.4,-80.0,1156.79,17.04,True,Active,zain,Forward,Normal,2: Standing / idle
1787666318.258267,15478,Person 41,333.0,1101.0,-80.0,1157.67,17.18,True,Active,zain,Forward,Normal,2: Standing / idle
1787666318.3461478,15479,Person 41,335.0,1102.4,-160.0,1159.81,17.36,True,Active,zain,Forward,Normal,2: Standing / idle
1787666318.4350948,15480,Person 41,337.3,1103.8,-80.0,1164.17,17.55,True,Active,zain,Forward,Normal,2: Standing / idle
1787666318.5243733,15481,Person 41,339.8,1105.2,0.0,1167.29,17.71,True,Active,zain,Forward,Normal,2: Standing / idle
1787666318.613727,15482,Person 41,342.5,1106.8,0.0,1170.42,17.86,True,Active,zain,Forward,Normal,2: Standing / idle
1787666318.7024767,15483,Person 41,345.3,1108.2,0.0,1171.03,17.96,True,Active,zain,Forward,Normal,2: Standing / idle
1787666318.7915156,15484,Person 41,348.6,1109.4,0.0,1173.22,18.13,True,Active,zain,Forward,Normal,2: Standing / idle
1787666318.8802583,15485,Person 41,352.1,1110.4,0.0,1174.16,18.27,True,Active,zain,Forward,Normal,2: Standing / idle
1787666318.970001,15486,Person 41,355.6,1111.5,0.0,1175.74,18.34,True,Active,zain,Forward,Normal,2: Standing / idle
1787666319.058491,15487,Person 41,358.9,1112.6,0.0,1177.32,18.42,True,Active,zain,Forward,Normal,2: Standing / idle
1787666319.1474452,15488,Person 41,362.0,1113.6,0.0,1176.68,18.48,True,Active,zain,Forward,Normal,2: Standing / idle
1787666319.2371056,15489,Person 41,364.8,1114.4,0.0,1176.05,18.54,True,Active,zain,Forward,Normal,2: Standing / idle
1787666319.3256643,15490,Person 41,367.4,1115.0,0.0,1177.96,18.67,True,Active,zain,Forward,Normal,2: Standing / idle
1787666319.4139724,15491,Person 41,369.9,1115.6,0.0,1180.81,18.77,True,Active,zain,Forward,Normal,2: Standing / idle
1787666319.5031545,15492,Person 41,372.2,1116.0,0.0,1181.46,18.86,True,Active,zain,Forward,Normal,2: Standing / idle
1787666319.592061,15493,Person 41,374.5,1116.3,0.0,1181.16,18.97,True,Active,zain,Forward,Normal,2: Standing / idle
1787666319.6830034,15494,Person 41,376.7,1116.5,0.0,1182.14,19.11,True,Active,zain,Forward,Normal,2: Standing / idle
1787666319.7702546,15495,Person 41,378.9,1116.7,0.0,1183.13,19.25,True,Active,zain,Forward,Normal,2: Standing / idle
1787666319.859029,15496,Person 41,381.1,1116.6,0.0,1181.9,19.37,True,Active,zain,Forward,Normal,2: Standing / idle
1787666319.9492102,15497,Person 41,383.2,1116.5,0.0,1183.18,19.4,True,Active,zain,Forward,Normal,2: Standing / idle
1787666320.0370345,15498,Person 41,385.3,1116.6,-80.0,1184.45,19.43,True,Active,zain,Forward,Normal,2: Standing / idle
1787666320.1261313,15499,Person 41,387.4,1117.0,-80.0,1186.67,19.44,True,Active,zain,Forward,Normal,2: Standing / idle
1787666320.2154236,15500,Person 41,389.4,1117.4,-80.0,1188.28,19.52,True,Active,zain,Forward,Normal,2: Standing / idle
1787666320.3038836,15501,Person 41,391.2,1117.6,0.0,1188.61,19.56,True,Active,zain,Forward,Normal,2: Standing / idle
1787666320.3940456,15502,Person 41,392.6,1117.4,80.0,1184.18,19.54,True,Active,zain,Forward,Normal,2: Standing / idle
1787666320.4816902,15503,Person 41,393.6,1117.1,80.0,1181.62,19.48,True,Active,zain,Forward,Normal,2: Standing / idle
1787666320.5711453,15504,Person 41,394.5,1117.0,80.0,1184.18,19.54,True,Active,zain,Forward,Normal,2: Standing / idle
1787666320.6598625,15505,Person 41,395.2,1117.0,160.0,1185.45,19.57,True,Active,zain,Forward,Normal,2: Standing / idle
1787666320.7496345,15506,Person 41,395.8,1117.3,160.0,1186.73,19.6,True,Active,zain,Forward,Normal,2: Standing / idle
1787666320.8382144,15507,Person 41,396.3,1117.6,160.0,1187.67,19.58,True,Active,zain,Forward,Normal,2: Standing / idle
1787666320.92689,15508,Person 41,396.6,1117.7,80.0,1186.39,19.55,True,Active,zain,Forward,Normal,2: Standing / idle
1787666321.015879,15509,Person 41,396.7,1117.6,160.0,1186.06,19.5,True,Active,zain,Forward,Normal,2: Standing / idle
1787666321.1055217,15510,Person 41,396.5,1117.3,160.0,1184.78,19.47,True,Active,zain,Forward,Normal,2: Standing / idle
1787666321.194224,15511,Person 41,396.1,1116.9,80.0,1183.51,19.45,True,Active,zain,Forward,Normal,2: Standing / idle
1787666321.2862349,15512,Person 41,395.7,1116.9,80.0,1182.84,19.35,True,Active,zain,Forward,Normal,2: Standing / idle
1787666321.371739,15513,Person 41,395.4,1117.0,0.0,1181.57,19.32,True,Active,zain,Forward,Normal,2: Standing / idle
1787666321.460785,15514,Person 41,394.8,1116.8,-80.0,1180.29,19.29,True,Active,zain,Forward,Normal,2: Standing / idle
1787666321.5516472,15515,Person 41,394.1,1116.6,-80.0,1181.24,19.28,True,Active,zain,Forward,Normal,2: Standing / idle
1787666321.6402009,15516,Person 41,393.3,1116.3,-80.0,1181.24,19.28,True,Active,zain,Forward,Normal,2: Standing / idle
1787666321.730502,15517,Person 41,392.3,1115.9,-80.0,1180.58,19.19,True,Active,zain,Forward,Normal,2: Standing / idle
1787666321.8170538,15518,Person 41,391.3,1115.7,-160.0,1181.2,19.13,True,Active,zain,Forward,Normal,2: Standing / idle
1787666321.9058688,15519,Person 41,390.2,1115.5,-80.0,1180.54,19.03,True,Active,zain,Forward,Normal,2: Standing / idle
1787666321.994614,15520,Person 41,389.0,1115.4,-80.0,1179.89,18.94,True,Active,zain,Forward,Normal,2: Standing / idle
1787666322.0841334,15521,Person 41,387.8,1115.5,0.0,1180.51,18.88,True,Active,zain,Forward,Normal,2: Standing / idle
1787666322.1730194,15522,Person 41,386.8,1115.7,0.0,1181.46,18.86,True,Active,zain,Forward,Normal,2: Standing / idle
1787666322.2625089,15523,Person 41,385.9,1116.2,0.0,1183.35,18.83,True,Active,zain,Forward,Normal,2: Standing / idle
1787666322.3516147,15524,Person 41,385.1,1116.8,0.0,1183.35,18.83,True,Active,zain,Forward,Normal,2: Standing / idle
1787666322.4398654,15525,Person 41,384.2,1117.2,0.0,1182.08,18.8,True,Active,zain,Forward,Normal,2: Standing / idle
1787666322.5285802,15526,Person 41,383.2,1117.5,-80.0,1180.81,18.77,True,Active,zain,Forward,Normal,2: Standing / idle
1787666322.6178486,15527,Person 41,382.4,1117.8,0.0,1180.81,18.77,True,Active,zain,Forward,Normal,2: Standing / idle
1787666322.7068684,15528,Person 41,381.8,1118.0,0.0,1181.14,18.82,True,Active,zain,Forward,Normal,2: Standing / idle
1787666322.796718,15529,Person 41,381.4,1118.3,-80.0,1182.08,18.8,True,Active,zain,Forward,Normal,2: Standing / idle
1787666322.8848867,15530,Person 41,381.2,1118.6,-80.0,1182.08,18.8,True,Active,zain,Forward,Normal,2: Standing / idle
1787666322.9737065,15531,Person 41,381.0,1118.9,-80.0,1182.71,18.74,True,Active,zain,Forward,Normal,2: Standing / idle
1787666323.0626378,15532,Person 41,380.7,1119.3,0.0,1184.28,18.66,True,Active,zain,Forward,Normal,2: Standing / idle
1787666323.1519475,15533,Person 41,380.3,1119.7,0.0,1185.86,18.59,True,Active,zain,Forward,Normal,2: Standing / idle
1787666323.2406304,15534,Person 41,379.5,1120.3,80.0,1186.49,18.37,True,Active,zain,Forward,Normal,2: Standing / idle
1787666323.333286,15535,Person 41,378.3,1121.1,80.0,1185.87,18.13,True,Active,zain,Forward,Normal,2: Standing / idle
1787666323.4193263,15536,Person 41,376.6,1122.0,160.0,1184.02,17.85,True,Active,zain,Forward,Normal,2: Standing / idle
1787666323.5077229,15537,Person 41,374.1,1122.9,160.0,1181.59,17.48,True,Active,zain,Forward,Normal,2: Standing / idle
1787666323.5968175,15538,Person 41,370.3,1123.8,160.0,1178.04,16.93,True,Active,zain,Forward,Normal,2: Standing / idle
1787666323.6855447,15539,Person 41,365.1,1124.6,80.0,1174.04,16.27,True,Active,zain,Forward,Normal,2: Standing / idle
1787666323.7751453,15540,Person 41,355.1,1125.4,-80.0,1161.5,14.0,True,Active,zain,Forward,Normal,1: Walking
1787666323.863738,15541,Person 41,339.6,1126.4,-160.0,1152.18,11.26,True,Active,zain,Forward,Normal,1: Walking
1787666323.9527898,15542,Person 41,312.9,1128.0,-160.0,1143.5,5.62,True,Active,zain,Forward,Normal,1: Walking
1787666324.04176,15543,Person 41,275.5,1127.4,-390.0,1118.01,0.2,True,Active,zain,Forward,Normal,1: Walking
1787666324.1305687,15544,Person 41,228.9,1122.6,-480.0,1081.92,-4.88,True,Active,zain,Forward,Normal,1: Walking
1787666324.2195911,15545,Person 41,173.7,1112.8,-480.0,1045.15,-10.08,True,Active,zain,Forward,Normal,1: Walking
1787666324.3086274,15546,Person 41,110.1,1101.0,-560.0,1045.28,-15.14,True,Active,zain,Forward,Normal,1: Walking
1787666324.3977938,15547,Person 41,36.7,1090.0,-480.0,1085.32,-20.44,True,Active,zain,Forward,Normal,1: Walking
1787666324.4863305,15548,Person 41,-45.5,1080.5,-390.0,1137.75,-24.9,True,Active,zain,Forward,Normal,1: Walking
1787666324.5760102,15549,Person 41,-135.6,1072.9,-480.0,1196.57,-28.56,True,Active,zain,Forward,Normal,1: Walking
1787666324.6647604,15550,Person 41,-229.4,1066.6,-480.0,1250.5,-31.69,True,Active,zain,Forward,Normal,1: Walking
1787666324.7537856,15551,Person 41,-325.0,1060.5,-560.0,1295.04,-34.36,True,Active,zain,Forward,Normal,1: Walking
1787666324.8425338,15552,Person 41,-418.0,1053.5,-480.0,1345.27,-37.45,True,Active,zain,Forward,Normal,1: Walking
1787666324.9313638,15553,Person 41,-510.0,1047.3,-560.0,1397.92,-40.94,True,Active,zain,Forward,Normal,1: Walking
1787666325.020613,15554,Person 41,-600.3,1042.7,-720.0,1433.54,-43.95,True,Active,zain,Forward,Normal,1: Walking
1787666325.1097045,15555,Person 41,-689.9,1040.7,-640.0,1477.27,-46.92,True,Active,zain,Forward,Normal,1: Walking
1787666325.1987624,15556,Person 41,-778.9,1038.3,-640.0,1524.07,-49.74,True,Active,zain,Forward,Normal,1: Walking
1787666325.287981,15557,Person 41,-865.7,1032.1,-640.0,1570.68,-52.55,True,Active,zain,Forward,Normal,1: Walking
1787666325.3780508,15558,Person 41,-949.2,1022.8,-720.0,1615.03,-54.45,True,Active,zain,Forward,Normal,1: Walking
1787666325.4655,15559,Person 41,-1028.5,1013.1,-560.0,1665.34,-55.05,True,Active,zain,Forward,Normal,1: Walking
1787666325.5537708,15560,Person 41,-1105.4,1003.3,-560.0,1722.39,-55.89,True,Active,zain,Forward,Normal,1: Walking
1787666325.6429672,15561,Person 41,-1180.7,995.8,-320.0,1786.14,-56.19,True,Active,zain,Forward,Normal,1: Walking
1787666325.7326884,15562,Person 41,-1252.9,991.9,-320.0,1852.14,-56.25,True,Active,zain,Forward,Normal,1: Walking
1787666325.8215346,15563,Person 41,-1321.0,989.5,-240.0,1901.43,-57.13,True,Active,zain,Forward,Normal,1: Walking
1787666325.9105062,15564,Person 41,-1384.6,989.2,-160.0,1928.47,-57.75,True,Active,zain,Forward,Normal,1: Walking
1787666325.9996643,15565,Person 41,-1442.6,990.3,-160.0,1947.48,-58.42,True,Active,zain,Forward,Normal,1: Walking
1787666326.0892298,15566,Person 41,-1494.5,992.8,-160.0,1961.94,-59.02,True,Active,zain,Forward,Normal,1: Walking
1787666326.177338,15567,Person 41,-1541.8,996.9,-320.0,1987.57,-59.93,True,Active,zain,Forward,Normal,1: Walking
1787666326.2663262,15568,Person 41,-1585.9,1002.3,-320.0,2016.45,-60.5,True,Active,zain,Forward,Normal,1: Walking
1787666326.355301,15569,Person 41,-1628.4,1006.1,-320.0,2046.5,-61.01,True,Active,zain,Forward,Normal,1: Walking
1787666326.4453845,15570,Person 41,-1628.4,1006.1,-320.0,2046.5,-61.01,True,Predicted,zain,Forward,Normal,1: Walking
1787666326.5340106,15571,Person 41,-1628.4,1006.1,-320.0,2046.5,-61.01,True,Predicted,zain,Forward,Normal,1: Walking
1787666326.6222987,15572,Person 41,-1628.4,1006.1,-320.0,2046.5,-61.01,True,Predicted,zain,Forward,Normal,1: Walking
1787666326.7127912,15573,Person 41,-1628.4,1006.1,-320.0,2046.5,-61.01,True,Predicted,zain,Forward,Normal,1: Walking
1787666326.8010993,15574,Person 41,-1628.4,1006.1,-320.0,2046.5,-61.01,True,Predicted,zain,Forward,Normal,1: Walking
1787666326.888998,15575,Person 41,-1628.4,1006.1,-320.0,2046.5,-61.01,True,Predicted,zain,Forward,Normal,1: Walking
1787666326.9780416,15576,Person 41,-1628.4,1006.1,-320.0,2046.5,-61.01,True,Predicted,zain,Forward,Normal,1: Walking
1787666327.0668075,15577,Person 41,-1628.4,1006.1,-320.0,2046.5,-61.01,True,Predicted,zain,Forward,Normal,1: Walking
1787666327.157307,15578,Person 41,-1628.4,1006.1,-320.0,2046.5,-61.01,True,Predicted,zain,Forward,Normal,1: Walking
1787666327.2454336,15579,Person 41,-1628.4,1006.1,-320.0,2046.5,-61.01,True,Predicted,zain,Forward,Normal,1: Walking
1787666327.3345892,15580,Person 41,-1628.4,1006.1,-320.0,2046.5,-61.01,True,Predicted,zain,Forward,Normal,1: Walking
1787666327.425313,15581,Person 41,-1628.4,1006.1,-320.0,2046.5,-61.01,True,Predicted,zain,Forward,Normal,1: Walking
1787666327.5125194,15582,Person 41,-1620.0,1080.0,560.0,1947.0,-56.31,True,Active,zain,Forward,Normal,1: Walking
1787666327.601159,15583,Person 41,-1596.5,1082.0,560.0,1910.34,-55.43,True,Active,zain,Forward,Normal,1: Walking
1787666327.6903796,15584,Person 41,-1555.67,1086.0,480.0,1835.62,-53.42,True,Active,zain,Forward,Normal,1: Walking
1787666327.7798154,15585,Person 41,-1512.25,1089.75,560.0,1766.95,-51.46,True,Active,zain,Forward,Normal,1: Walking
1787666327.8688982,15586,Person 41,-1469.8,1091.2,560.0,1701.0,-49.84,True,Active,zain,Forward,Normal,1: Walking
1787666327.957493,15587,Person 41,-1427.67,1094.17,560.0,1646.5,-47.66,True,Active,zain,Forward,Normal,1: Walking
1787666328.046541,15588,Person 41,-1386.71,1097.57,560.0,1597.44,-45.58,True,Active,zain,Forward,Normal,1: Walking
1787666328.1353018,15589,Person 41,-1348.38,1100.88,560.0,1558.77,-43.86,True,Active,zain,Forward,Normal,1: Walking
1787666328.2243545,15590,Person 41,-1310.11,1105.33,480.0,1519.83,-41.35,True,Active,zain,Forward,Normal,1: Walking
1787666328.3136034,15591,Person 41,-1270.3,1111.0,560.0,1477.16,-38.13,True,Active,zain,Forward,Normal,1: Walking
1787666328.4021664,15592,Person 41,-1189.8,1119.9,390.0,1425.06,-34.88,True,Active,zain,Forward,Normal,1: Walking
1787666328.4918458,15593,Person 41,-1105.8,1126.9,480.0,1367.12,-32.42,True,Active,zain,Forward,Normal,1: Walking
1787666328.580138,15594,Person 41,-1023.9,1130.7,390.0,1307.84,-30.05,True,Active,zain,Forward,Normal,1: Walking
1787666328.6693425,15595,Person 41,-943.0,1131.8,240.0,1250.95,-27.26,True,Active,zain,Forward,Normal,1: Walking
1787666328.7605066,15596,Person 41,-861.6,1132.1,80.0,1202.58,-23.84,True,Active,zain,Forward,Normal,1: Walking
1787666328.8473675,15597,Person 41,-778.7,1131.1,-80.0,1165.48,-19.45,True,Active,zain,Forward,Normal,1: Walking
1787666328.936273,15598,Person 41,-693.5,1129.7,-160.0,1141.2,-14.67,True,Active,zain,Forward,Normal,1: Walking
1787666329.0249555,15599,Person 41,-603.9,1128.6,-240.0,1128.11,-9.39,True,Active,zain,Forward,Normal,1: Walking
1787666329.114243,15600,Person 41,-512.8,1126.6,-80.0,1124.85,-4.74,True,Active,zain,Forward,Normal,1: Walking
1787666329.2046638,15601,Person 41,-423.0,1122.5,-80.0,1121.09,-0.72,True,Active,zain,Forward,Normal,1: Walking
1787666329.291958,15602,Person 41,-336.1,1116.5,-80.0,1110.31,2.79,True,Active,zain,Forward,Normal,1: Walking
1787666329.381019,15603,Person 41,-253.6,1110.6,-80.0,1098.86,4.8,True,Active,zain,Forward,Normal,1: Walking
1787666329.4699967,15604,Person 41,-174.3,1106.2,-80.0,1096.72,7.23,True,Active,zain,Forward,Normal,1: Walking
1787666329.5590775,15605,Person 41,-97.4,1103.8,-160.0,1105.51,10.21,True,Active,zain,Forward,Normal,1: Walking
1787666329.648895,15606,Person 41,-22.9,1103.4,-160.0,1126.19,13.3,True,Active,zain,Forward,Normal,1: Walking
1787666329.737141,15607,Person 41,48.2,1102.5,-390.0,1136.85,16.51,True,Active,zain,Forward,Normal,1: Walking
1787666329.82603,15608,Person 41,115.3,1100.8,-240.0,1152.17,19.36,True,Active,zain,Forward,Normal,1: Walking
1787666329.9149034,15609,Person 41,176.1,1098.4,80.0,1168.63,21.27,True,Active,zain,Forward,Normal,1: Walking
1787666330.0039654,15610,Person 41,232.4,1095.8,-80.0,1191.61,23.23,True,Active,zain,Forward,Normal,1: Walking
1787666330.0932868,15611,Person 41,283.8,1093.0,80.0,1201.94,24.58,True,Active,zain,Forward,Normal,1: Walking
1787666330.1822903,15612,Person 41,329.7,1092.1,0.0,1213.74,25.0,True,Active,zain,Forward,Normal,1: Walking
1787666330.2709732,15613,Person 41,372.1,1092.6,240.0,1215.01,25.13,True,Active,zain,Forward,Normal,1: Walking
1787666330.359774,15614,Person 41,409.6,1093.5,160.0,1211.02,25.06,True,Active,zain,Forward,Normal,1: Walking
1787666330.4490802,15615,Person 41,441.5,1094.4,160.0,1211.87,25.15,True,Active,zain,Forward,Normal,1: Walking
1787666330.5377457,15616,Person 41,467.4,1094.7,160.0,1214.96,25.24,True,Active,zain,Forward,Normal,1: Walking
1787666330.6267717,15617,Person 41,488.1,1095.9,160.0,1222.83,25.68,True,Active,zain,Forward,Normal,1: Walking
1787666330.715866,15618,Person 41,504.2,1097.4,240.0,1228.52,26.23,True,Active,zain,Forward,Normal,1: Walking
1787666330.8053186,15619,Person 41,517.3,1098.4,240.0,1231.19,26.79,True,Active,zain,Forward,Normal,1: Walking
1787666330.8937464,15620,Person 41,526.0,1098.3,160.0,1227.63,26.98,True,Active,zain,Forward,Normal,1: Walking
1787666330.9827964,15621,Person 41,531.4,1098.0,160.0,1222.71,26.94,True,Active,zain,Forward,Normal,1: Walking
1787666331.0715623,15622,Person 41,535.0,1096.7,160.0,1217.77,26.8,True,Active,zain,Forward,Normal,1: Walking
1787666331.1605322,15623,Person 41,537.7,1095.1,160.0,1212.4,26.61,True,Active,zain,Forward,Normal,1: Walking
1787666331.2495053,15624,Person 41,540.3,1094.0,160.0,1212.4,26.4,True,Active,zain,Forward,Normal,1: Walking
1787666331.338724,15625,Person 41,542.1,1093.6,80.0,1216.03,26.0,True,Active,zain,Forward,Normal,1: Walking
1787666331.427671,15626,Person 41,543.0,1093.5,0.0,1217.92,25.64,True,Active,zain,Forward,Normal,1: Walking
1787666331.5168693,15627,Person 41,541.7,1093.4,-80.0,1216.34,25.15,True,Active,zain,Forward,Normal,1: Walking
1787666331.6057096,15628,Person 41,537.9,1093.6,0.0,1214.02,24.58,True,Active,zain,Forward,Normal,1: Walking
1787666331.6947937,15629,Person 41,531.4,1094.2,80.0,1208.77,23.91,True,Active,zain,Forward,Normal,1: Walking
1787666331.783624,15630,Person 41,523.0,1095.5,80.0,1203.82,23.14,True,Active,zain,Forward,Normal,1: Walking
1787666331.8728995,15631,Person 41,512.9,1097.3,80.0,1197.03,22.24,True,Active,zain,Forward,Normal,1: Walking
1787666331.9617815,15632,Person 41,497.8,1099.3,0.0,1176.37,19.78,True,Active,zain,Forward,Normal,1: Walking
1787666332.0506847,15633,Person 41,477.7,1101.5,0.0,1157.67,17.18,True,Active,zain,Forward,Normal,1: Walking
1787666332.1393952,15634,Person 41,452.8,1102.8,0.0,1136.62,14.78,True,Active,zain,Forward,Normal,1: Walking
1787666332.228257,15635,Person 41,422.7,1102.8,-80.0,1117.35,11.98,True,Active,zain,Forward,Normal,1: Walking
1787666332.3176277,15636,Person 41,382.0,1100.8,-80.0,1084.66,6.35,True,Active,zain,Forward,Normal,1: Walking
1787666332.4065945,15637,Person 41,330.7,1097.4,-160.0,1067.01,0.21,True,Active,zain,Forward,Normal,1: Walking
1787666332.4961195,15638,Person 41,269.4,1092.5,-240.0,1060.51,-5.84,True,Active,zain,Forward,Normal,1: Walking
1787666332.5849771,15639,Person 41,198.6,1087.5,-160.0,1077.29,-11.68,True,Active,zain,Forward,Normal,1: Walking
1787666332.6737914,15640,Person 41,120.0,1081.2,-320.0,1089.91,-16.69,True,Active,zain,Forward,Normal,1: Walking
1787666332.7625036,15641,Person 41,34.5,1073.5,-320.0,1106.6,-21.3,True,Active,zain,Forward,Normal,1: Walking
1787666332.8524618,15642,Person 41,-53.7,1065.0,-390.0,1130.81,-25.34,True,Active,zain,Forward,Normal,1: Walking
1787666332.940738,15643,Person 41,-143.3,1056.2,-480.0,1158.98,-28.56,True,Active,zain,Forward,Normal,1: Walking
1787666333.0302231,15644,Person 41,-234.4,1048.3,-480.0,1194.17,-31.33,True,Active,zain,Forward,Normal,1: Walking
1787666333.1180708,15645,Person 41,-326.1,1041.5,-480.0,1232.82,-33.75,True,Active,zain,Forward,Normal,1: Walking
1787666333.2076252,15646,Person 41,-412.2,1036.8,-390.0,1269.66,-35.71,True,Active,zain,Forward,Normal,1: Walking
1787666333.2963967,15647,Person 41,-491.9,1033.4,-320.0,1302.28,-37.51,True,Active,zain,Forward,Normal,1: Walking
1787666333.3855395,15648,Person 41,-567.3,1032.5,-320.0,1355.42,-39.49,True,Active,zain,Forward,Normal,1: Walking
1787666333.4744225,15649,Person 41,-637.2,1031.5,-320.0,1390.29,-41.27,True,Active,zain,Forward,Normal,1: Walking
1787666333.5632522,15650,Person 41,-701.6,1030.4,-480.0,1408.17,-42.81,True,Active,zain,Forward,Normal,1: Walking
1787666333.6525657,15651,Person 41,-761.3,1028.5,-480.0,1422.02,-44.63,True,Active,zain,Forward,Normal,1: Walking
1787666333.7411606,15652,Person 41,-817.2,1025.2,-560.0,1437.35,-46.52,True,Active,zain,Forward,Normal,1: Walking
1787666333.8304205,15653,Person 41,-871.0,1020.2,-560.0,1459.28,-48.44,True,Active,zain,Forward,Normal,1: Walking
1787666333.919259,15654,Person 41,-922.1,1015.4,-240.0,1492.05,-49.35,True,Active,zain,Forward,Normal,1: Walking
1787666334.0083296,15655,Person 41,-972.1,1009.9,-390.0,1531.38,-50.7,True,Active,zain,Forward,Normal,1: Walking
1787666334.0973318,15656,Person 41,-1023.1,1002.8,-160.0,1576.9,-52.5,True,Active,zain,Forward,Normal,1: Walking
1787666334.1874375,15657,Person 41,-1074.4,993.6,-80.0,1609.69,-54.23,True,Active,zain,Forward,Normal,1: Walking
1787666334.274959,15658,Person 41,-1122.6,983.2,160.0,1641.25,-54.97,True,Active,zain,Forward,Normal,1: Walking
1787666334.364102,15659,Person 41,-1165.8,973.1,320.0,1646.49,-55.02,True,Active,zain,Forward,Normal,1: Walking
1787666334.4533002,15660,Person 41,-1205.6,962.5,240.0,1641.75,-55.62,True,Active,zain,Forward,Normal,1: Walking
1787666334.542146,15661,Person 41,-1241.2,952.8,390.0,1635.01,-55.97,True,Active,zain,Forward,Normal,1: Walking
1787666334.632459,15662,Person 41,-1272.3,944.3,390.0,1628.05,-56.27,True,Active,zain,Forward,Normal,1: Walking
1787666334.7206368,15663,Person 41,-1298.1,936.6,240.0,1617.52,-56.58,True,Active,zain,Forward,Normal,1: Walking
1787666334.8092544,15664,Person 41,-1319.4,927.9,390.0,1610.05,-56.66,True,Active,zain,Forward,Normal,1: Walking
1787666334.9,15665,Person 41,-1334.8,918.6,240.0,1600.64,-56.78,True,Active,zain,Forward,Normal,1: Walking
1787666334.9872546,15666,Person 41,-1342.4,910.4,320.0,1591.17,-56.51,True,Active,zain,Forward,Normal,1: Walking
1787666335.0763872,15667,Person 41,-1343.9,904.3,320.0,1587.27,-56.33,True,Active,zain,Forward,Normal,1: Walking
1787666335.165063,15668,Person 41,-1340.8,898.5,240.0,1582.85,-56.05,True,Active,zain,Forward,Normal,1: Walking
1787666335.254006,15669,Person 41,-1336.2,892.9,240.0,1576.82,-55.73,True,Active,zain,Forward,Normal,1: Walking
1787666335.3431566,15670,Person 41,-1330.0,889.5,240.0,1571.4,-55.37,True,Active,zain,Forward,Normal,1: Walking
1787666335.4320543,15671,Person 41,-1322.4,888.0,240.0,1563.92,-54.87,True,Active,zain,Forward,Normal,1: Walking
1787666335.5213256,15672,Person 41,-1310.7,889.8,240.0,1542.81,-53.3,True,Active,zain,Forward,Normal,1: Walking
1787666335.6104577,15673,Person 41,-1295.8,894.5,240.0,1523.89,-52.01,True,Active,zain,Forward,Normal,1: Walking
1787666335.7041066,15674,Person 41,-1277.8,901.3,240.0,1505.14,-50.72,True,Active,zain,Forward,Normal,1: Walking
1787666335.7881758,15675,Person 41,-1257.1,910.3,320.0,1488.8,-49.49,True,Active,zain,Forward,Normal,1: Walking
1787666335.876988,15676,Person 41,-1233.4,921.0,320.0,1469.12,-47.9,True,Active,zain,Forward,Normal,1: Walking
1787666335.9663303,15677,Person 41,-1206.1,932.2,390.0,1443.04,-46.57,True,Active,zain,Forward,Normal,1: Walking
1787666336.05505,15678,Person 41,-1172.6,942.0,390.0,1385.93,-44.88,True,Active,zain,Forward,Normal,1: Walking
1787666336.1448123,15679,Person 41,-1133.4,951.6,390.0,1340.96,-42.79,True,Active,zain,Forward,Normal,1: Walking
1787666336.2362485,15680,Person 41,-1087.8,960.9,240.0,1293.35,-40.33,True,Active,zain,Forward,Normal,1: Walking
1787666336.321607,15681,Person 41,-1034.3,970.8,80.0,1245.61,-36.68,True,Active,zain,Forward,Normal,1: Walking
1787666336.4108524,15682,Person 41,-976.5,979.0,240.0,1200.96,-33.28,True,Active,zain,Forward,Normal,1: Walking
1787666336.499884,15683,Person 41,-914.0,985.9,160.0,1160.1,-29.77,True,Active,zain,Forward,Normal,1: Walking
1787666336.589019,15684,Person 41,-845.6,992.1,0.0,1123.2,-25.36,True,Active,zain,Forward,Normal,1: Walking
1787666336.6801915,15685,Person 41,-770.7,997.8,0.0,1093.28,-20.51,True,Active,zain,Forward,Normal,1: Walking
1787666336.76671,15686,Person 41,-691.6,1003.3,-80.0,1082.13,-16.04,True,Active,zain,Forward,Normal,1: Walking
1787666336.8561523,15687,Person 41,-608.6,1010.5,-160.0,1086.1,-11.58,True,Active,zain,Forward,Normal,1: Walking
1787666336.9453,15688,Person 41,-524.5,1020.0,-160.0,1085.68,-7.25,True,Active,zain,Forward,Normal,1: Walking
1787666337.0340986,15689,Person 41,-439.2,1030.6,-160.0,1091.54,-3.05,True,Active,zain,Forward,Normal,1: Walking
1787666337.1226068,15690,Person 41,-353.4,1040.7,-160.0,1087.2,1.11,True,Active,zain,Forward,Normal,1: Walking
1787666337.2115097,15691,Person 41,-269.9,1049.1,-160.0,1086.82,4.8,True,Active,zain,Forward,Normal,1: Walking
1787666337.3005383,15692,Person 41,-188.6,1057.7,-160.0,1100.83,8.04,True,Active,zain,Forward,Normal,1: Walking
1787666337.389586,15693,Person 41,-109.5,1065.8,-320.0,1109.04,11.18,True,Active,zain,Forward,Normal,1: Walking
1787666337.4788003,15694,Person 41,-34.3,1072.8,-320.0,1118.33,14.02,True,Active,zain,Forward,Normal,1: Walking
1787666337.5681117,15695,Person 41,36.6,1078.5,-240.0,1129.09,16.78,True,Active,zain,Forward,Normal,1: Walking
1787666337.6564367,15696,Person 41,104.6,1082.0,-320.0,1140.52,19.52,True,Active,zain,Forward,Normal,1: Walking
1787666337.7457285,15697,Person 41,169.7,1083.3,-160.0,1160.78,21.9,True,Active,zain,Forward,Normal,1: Walking
1787666337.8350906,15698,Person 41,231.9,1083.3,-240.0,1181.17,24.24,True,Active,zain,Forward,Normal,1: Walking
1787666337.9239044,15699,Person 41,289.2,1082.3,80.0,1196.51,25.49,True,Active,zain,Forward,Normal,1: Walking
1787666338.0128238,15700,Person 41,342.3,1082.6,0.0,1221.8,26.86,True,Active,zain,Forward,Normal,1: Walking
1787666338.1013362,15701,Person 41,391.9,1084.3,80.0,1246.82,28.09,True,Active,zain,Forward,Normal,1: Walking
1787666338.191154,15702,Person 41,437.9,1085.7,160.0,1263.25,29.08,True,Active,zain,Forward,Normal,1: Walking
1787666338.2795067,15703,Person 41,477.7,1087.3,240.0,1262.77,29.04,True,Active,zain,Forward,Normal,1: Walking
1787666338.3686557,15704,Person 41,512.0,1088.8,240.0,1259.76,29.17,True,Active,zain,Forward,Normal,1: Walking
1787666338.4573672,15705,Person 41,540.1,1090.0,240.0,1250.24,29.05,True,Active,zain,Forward,Normal,1: Walking
1787666338.5465412,15706,Person 41,562.4,1091.6,320.0,1247.04,28.97,True,Active,zain,Forward,Normal,1: Walking
1787666338.6352518,15707,Person 41,579.2,1092.6,390.0,1242.08,28.94,True,Active,zain,Forward,Normal,1: Walking
1787666338.7245004,15708,Person 41,590.4,1093.4,390.0,1238.4,28.82,True,Active,zain,Forward,Normal,1: Walking
1787666338.8136704,15709,Person 41,597.9,1093.6,240.0,1232.41,28.6,True,Active,zain,Forward,Normal,1: Walking
1787666338.9026122,15710,Person 41,601.0,1092.5,240.0,1226.43,28.38,True,Active,zain,Forward,Normal,1: Walking
1787666338.992014,15711,Person 41,599.9,1090.2,80.0,1221.35,28.14,True,Active,zain,Forward,Normal,1: Walking
1787666339.0810344,15712,Person 41,595.2,1087.2,0.0,1214.48,27.83,True,Active,zain,Forward,Normal,1: Walking
1787666339.1693175,15713,Person 41,589.8,1084.0,-80.0,1208.99,27.54,True,Active,zain,Forward,Normal,1: Walking
1787666339.2589607,15714,Person 41,583.4,1081.1,-160.0,1203.97,27.18,True,Active,zain,Forward,Normal,1: Walking
1787666339.3472185,15715,Person 41,576.9,1078.8,-240.0,1199.44,26.86,True,Active,zain,Forward,Normal,1: Walking
1787666339.436782,15716,Person 41,570.0,1076.8,-390.0,1197.19,26.54,True,Active,zain,Forward,Normal,1: Walking
1787666339.5250344,15717,Person 41,562.6,1075.3,-320.0,1194.53,26.18,True,Active,zain,Forward,Normal,1: Walking
1787666339.614217,15718,Person 41,554.9,1074.3,-390.0,1194.16,25.81,True,Active,zain,Forward,Normal,1: Walking
1787666339.703134,15719,Person 41,547.1,1074.2,-390.0,1196.12,25.34,True,Active,zain,Forward,Normal,1: Walking
1787666339.7962985,15720,Person 41,539.3,1075.2,-480.0,1200.39,24.88,True,Active,zain,Forward,Normal,1: Walking
1787666339.881261,15721,Person 41,531.1,1076.9,-480.0,1200.36,24.3,True,Active,zain,Forward,Normal,1: Walking
1787666339.970528,15722,Person 41,522.8,1079.8,-720.0,1204.52,23.69,True,Active,zain,Forward,Normal,1: Walking
1787666340.0601802,15723,Person 41,514.1,1083.8,-790.0,1208.03,23.0,True,Active,zain,Forward,Normal,1: Walking
1787666340.1483507,15724,Person 41,505.1,1089.0,-1040.0,1213.56,22.27,True,Active,zain,Forward,Normal,1: Walking
1787666340.2374518,15725,Person 41,492.4,1097.8,-1280.0,1230.12,19.72,True,Active,zain,Forward,Normal,1: Walking
1787666340.3265982,15726,Person 41,476.8,1109.8,-390.0,1249.85,17.65,True,Active,zain,Forward,Normal,6: Fall onset
1787666340.415341,15727,Person 41,461.2,1124.5,-640.0,1274.21,16.93,True,Active,zain,Forward,Normal,6: Fall onset
1787666340.504708,15728,Person 41,446.4,1141.6,-640.0,1300.35,16.62,True,Active,zain,Forward,Normal,6: Fall onset
1787666340.593101,15729,Person 41,432.8,1161.4,-1120.0,1333.12,16.38,True,Active,zain,Forward,Normal,6: Fall onset
1787666340.6823373,15730,Person 41,421.1,1184.8,-1520.0,1378.72,16.34,True,Active,zain,Forward,Normal,6: Fall onset
1787666340.7711985,15731,Person 41,411.9,1212.5,-1520.0,1428.72,16.34,True,Active,zain,Forward,Normal,6: Fall onset
1787666340.8600986,15732,Person 41,404.9,1243.6,-1520.0,1473.36,16.32,True,Active,zain,Forward,Normal,6: Fall onset
1787666340.9495516,15733,Person 41,400.3,1277.7,-1520.0,1514.16,16.34,True,Active,zain,Forward,Normal,6: Fall onset
1787666341.0385664,15734,Person 41,397.9,1314.2,-1520.0,1550.56,16.33,True,Active,zain,Forward,Normal,6: Fall onset
1787666341.1270134,15735,Person 41,400.9,1350.4,-1520.0,1583.8,16.32,True,Active,zain,Forward,Normal,6: Fall onset
1787666341.2159302,15736,Person 41,408.3,1386.1,-1520.0,1612.92,16.31,True,Active,zain,Forward,Normal,6: Fall onset
1787666341.3045924,15737,Person 41,417.3,1421.6,-1520.0,1640.12,16.32,True,Active,zain,Forward,Normal,6: Fall onset
1787666341.3938808,15738,Person 41,426.4,1455.2,-1520.0,1648.36,16.31,True,Active,zain,Forward,Normal,6: Fall onset
1787666341.4831598,15739,Person 41,435.4,1486.4,-1520.0,1657.84,16.33,True,Active,zain,Forward,Normal,6: Fall onset
1787666341.5721486,15740,Person 41,443.4,1513.9,-1520.0,1665.12,16.32,True,Active,zain,Forward,Normal,6: Fall onset
1787666341.6624527,15741,Person 41,450.2,1537.4,-1520.0,1673.36,16.31,True,Active,zain,Forward,Normal,6: Fall onset
1787666341.7506914,15742,Person 41,456.0,1557.3,-1520.0,1680.64,16.31,True,Active,zain,Forward,Normal,6: Fall onset
1787666341.839404,15743,Person 41,460.8,1574.0,-1520.0,1687.92,16.31,True,Active,zain,Forward,Normal,6: Fall onset
1787666341.9281735,15744,Person 41,464.8,1587.9,-1520.0,1695.2,16.31,True,Active,zain,Forward,Normal,6: Fall onset
1787666342.0172074,15745,Person 41,468.1,1599.2,-1520.0,1701.52,16.32,True,Active,zain,Forward,Normal,6: Fall onset
1787666342.105756,15746,Person 41,468.1,1599.2,-1520.0,1701.52,16.32,True,Predicted,zain,Forward,Normal,6: Fall onset
1787666342.1949117,15747,Person 41,468.1,1599.2,-1520.0,1701.52,16.32,True,Predicted,zain,Forward,Normal,6: Fall onset
1787666342.283516,15748,Person 41,468.1,1599.2,-1520.0,1701.52,16.32,True,Predicted,zain,Forward,Normal,6: Fall onset
1787666342.3724816,15749,Person 41,468.1,1599.2,-1520.0,1701.52,16.32,True,Predicted,zain,Forward,Normal,6: Fall onset
1787666342.4614265,15750,Person 41,468.1,1599.2,-1520.0,1701.52,16.32,True,Predicted,zain,Forward,Normal,6: Fall onset
1787666342.551206,15751,Person 41,468.1,1599.2,-1520.0,1701.52,16.32,True,Predicted,zain,Forward,Normal,6: Fall onset
1787666342.6398742,15752,Person 41,468.1,1599.2,-1520.0,1701.52,16.32,True,Predicted,zain,Forward,Normal,7: Post-fall stillness
1787666342.7283356,15753,Person 41,468.1,1599.2,-1520.0,1701.52,16.32,True,Predicted,zain,Forward,Normal,7: Post-fall stillness
1787666342.8177395,15754,Person 41,468.1,1599.2,-1520.0,1701.52,16.32,True,Predicted,zain,Forward,Normal,7: Post-fall stillness
1787666342.907143,15755,Person 41,468.1,1599.2,-1520.0,1701.52,16.32,True,Predicted,zain,Forward,Normal,7: Post-fall stillness
1787666342.9956567,15756,Person 41,468.1,1599.2,-1520.0,1701.52,16.32,True,Predicted,zain,Forward,Normal,7: Post-fall stillness
1787666343.0851717,15757,Person 41,468.1,1599.2,-1520.0,1701.52,16.32,True,Predicted,zain,Forward,Normal,7: Post-fall stillness
1787666343.1737623,15758,Person 41,468.1,1599.2,-1520.0,1701.52,16.32,True,Predicted,zain,Forward,Normal,7: Post-fall stillness
1787666343.2627325,15759,Person 41,468.1,1599.2,-1520.0,1701.52,16.32,True,Predicted,zain,Forward,Normal,7: Post-fall stillness
1787666343.351942,15760,Person 41,468.1,1599.2,-1520.0,1701.52,16.32,True,Predicted,zain,Forward,Normal,7: Post-fall stillness
1787666343.4401743,15761,Person 41,468.1,1599.2,-1520.0,1701.52,16.32,True,Searching,zain,Forward,Normal,7: Post-fall stillness
1787666343.5296566,15762,Person 41,468.1,1599.2,-1520.0,1701.52,16.32,True,Searching,zain,Forward,Normal,7: Post-fall stillness
1787666343.6184127,15763,Person 41,468.1,1599.2,-1520.0,1701.52,16.32,True,Searching,zain,Forward,Normal,7: Post-fall stillness
1787666343.7104335,15764,Person 41,468.1,1599.2,-1520.0,1701.52,16.32,True,Searching,zain,Forward,Normal,7: Post-fall stillness
1787666343.7966974,15765,Person 41,468.1,1599.2,-1520.0,1701.52,16.32,True,Searching,zain,Forward,Normal,7: Post-fall stillness
1787666343.8858385,15766,Person 41,468.1,1599.2,-1520.0,1701.52,16.32,True,Searching,zain,Forward,Normal,7: Post-fall stillness
1787666343.9743006,15767,Person 41,468.1,1599.2,-1520.0,1701.52,16.32,True,Searching,zain,Forward,Normal,7: Post-fall stillness
1787666344.0635598,15768,Person 41,468.1,1599.2,-1520.0,1701.52,16.32,True,Searching,zain,Forward,Normal,7: Post-fall stillness
1787666344.1530328,15769,Person 41,468.1,1599.2,-1520.0,1701.52,16.32,True,Searching,zain,Forward,Normal,7: Post-fall stillness
1787666344.241777,15770,Person 41,468.1,1599.2,-1520.0,1701.52,16.32,True,Searching,zain,Forward,Normal,7: Post-fall stillness
1787666344.3306427,15771,Person 41,468.1,1599.2,-1520.0,1701.52,16.32,True,Searching,zain,Forward,Normal,7: Post-fall stillness
1787666344.4192748,15772,Person 41,468.1,1599.2,-1520.0,1701.52,16.32,True,Searching,zain,Forward,Normal,7: Post-fall stillness
1787666344.5079129,15773,Person 41,468.1,1599.2,-1520.0,1701.52,16.32,True,Searching,zain,Forward,Normal,7: Post-fall stillness
1787666344.5976384,15774,Person 41,468.1,1599.2,-1520.0,1701.52,16.32,True,Searching,zain,Forward,Normal,7: Post-fall stillness
1787666344.6866162,15775,Person 41,468.1,1599.2,-1520.0,1701.52,16.32,True,Searching,zain,Forward,Normal,7: Post-fall stillness
1787666344.7752564,15776,Person 41,468.1,1599.2,-1520.0,1701.52,16.32,True,Searching,zain,Forward,Normal,7: Post-fall stillness
1787666344.8645146,15777,Person 41,468.1,1599.2,-1520.0,1701.52,16.32,True,Searching,zain,Forward,Normal,7: Post-fall stillness
1787666344.9530723,15778,Person 41,468.1,1599.2,-1520.0,1701.52,16.32,True,Searching,zain,Forward,Normal,7: Post-fall stillness
1787666345.043007,15779,Person 41,468.1,1599.2,-1520.0,1701.52,16.32,True,Searching,zain,Forward,Normal,7: Post-fall stillness
1787666345.1316051,15780,Person 41,468.1,1599.2,-1520.0,1701.52,16.32,True,Searching,zain,Forward,Normal,7: Post-fall stillness
1787666345.2203648,15781,Person 41,468.1,1599.2,-1520.0,1701.52,16.32,True,Searching,zain,Forward,Normal,7: Post-fall stillness
1787666345.3094294,15782,Person 41,468.1,1599.2,-1520.0,1701.52,16.32,True,Searching,zain,Forward,Normal,7: Post-fall stillness
1787666345.3980954,15783,Person 41,468.1,1599.2,-1520.0,1701.52,16.32,True,Searching,zain,Forward,Normal,7: Post-fall stillness
1787666345.486863,15784,Person 41,468.1,1599.2,-1520.0,1701.52,16.32,True,Searching,zain,Forward,Normal,7: Post-fall stillness
1787666345.57752,15785,Person 41,468.1,1599.2,-1520.0,1701.52,16.32,True,Searching,zain,Forward,Normal,7: Post-fall stillness
1787666345.6653414,15786,Person 41,468.1,1599.2,-1520.0,1701.52,16.32,True,Searching,zain,Forward,Normal,7: Post-fall stillness
1787666345.7543352,15787,Person 41,468.1,1599.2,-1520.0,1701.52,16.32,True,Searching,zain,Forward,Normal,7: Post-fall stillness
1787666345.8433745,15788,Person 41,468.1,1599.2,-1520.0,1701.52,16.32,True,Searching,zain,Forward,Normal,7: Post-fall stillness
1787666345.9326122,15789,Person 41,468.1,1599.2,-1520.0,1701.52,16.32,True,Searching,zain,Forward,Normal,8: Recovery / standing back up
1787666346.021859,15790,Person 41,468.1,1599.2,-1520.0,1701.52,16.32,True,Searching,zain,Forward,Normal,8: Recovery / standing back up
1787666346.1103184,15791,Person 41,468.1,1599.2,-1520.0,1701.52,16.32,True,Searching,zain,Forward,Normal,8: Recovery / standing back up
1787666346.1996014,15792,Person 41,468.1,1599.2,-1520.0,1701.52,16.32,True,Searching,zain,Forward,Normal,8: Recovery / standing back up
1787666346.2885826,15793,Person 41,468.1,1599.2,-1520.0,1701.52,16.32,True,Searching,zain,Forward,Normal,8: Recovery / standing back up
1787666346.377814,15794,Person 41,468.1,1599.2,-1520.0,1701.52,16.32,True,Searching,zain,Forward,Normal,8: Recovery / standing back up
1787666346.4660125,15795,Person 41,468.1,1599.2,-1520.0,1701.52,16.32,True,Searching,zain,Forward,Normal,8: Recovery / standing back up
1787666346.555176,15796,Person 41,468.1,1599.2,-1520.0,1701.52,16.32,True,Searching,zain,Forward,Normal,8: Recovery / standing back up
1787666346.6443686,15797,Person 41,468.1,1599.2,-1520.0,1701.52,16.32,True,Searching,zain,Forward,Normal,8: Recovery / standing back up
1787666346.733282,15798,Person 41,468.1,1599.2,-1520.0,1701.52,16.32,True,Searching,zain,Forward,Normal,8: Recovery / standing back up
1787666346.821888,15799,Person 41,468.1,1599.2,-1520.0,1701.52,16.32,True,Searching,zain,Forward,Normal,8: Recovery / standing back up
1787666346.9111412,15800,Person 41,468.1,1599.2,-1520.0,1701.52,16.32,True,Searching,zain,Forward,Normal,8: Recovery / standing back up
1787666346.999595,15801,Person 41,468.1,1599.2,-1520.0,1701.52,16.32,True,Searching,zain,Forward,Normal,8: Recovery / standing back up
1787666347.0898051,15802,Person 41,468.1,1599.2,-1520.0,1701.52,16.32,True,Searching,zain,Forward,Normal,8: Recovery / standing back up
1787666347.1790516,15803,Person 41,468.1,1599.2,-1520.0,1701.52,16.32,True,Searching,zain,Forward,Normal,8: Recovery / standing back up
1787666347.267034,15804,Person 41,468.1,1599.2,-1520.0,1701.52,16.32,True,Searching,zain,Forward,Normal,8: Recovery / standing back up
1787666347.3559303,15805,Person 41,468.1,1599.2,-1520.0,1701.52,16.32,True,Searching,zain,Forward,Normal,8: Recovery / standing back up
1787666347.4456344,15806,Person 41,468.1,1599.2,-1520.0,1701.52,16.32,True,Searching,zain,Forward,Normal,8: Recovery / standing back up
1787666347.5348744,15807,Person 41,468.1,1599.2,-1520.0,1701.52,16.32,True,Searching,zain,Forward,Normal,8: Recovery / standing back up
1787666347.6229296,15808,Person 41,468.1,1599.2,-1520.0,1701.52,16.32,True,Searching,zain,Forward,Normal,8: Recovery / standing back up
1787666347.7120066,15809,Person 41,468.1,1599.2,-1520.0,1701.52,16.32,True,Searching,zain,Forward,Normal,8: Recovery / standing back up
1787666347.8019724,15810,Person 41,468.1,1599.2,-1520.0,1701.52,16.32,True,Searching,zain,Forward,Normal,8: Recovery / standing back up
1787666347.889964,15811,Person 41,468.1,1599.2,-1520.0,1701.52,16.32,True,Searching,zain,Forward,Normal,8: Recovery / standing back up
1787666347.9787178,15812,Person 41,468.1,1599.2,-1520.0,1701.52,16.32,True,Searching,zain,Forward,Normal,8: Recovery / standing back up
1787666348.0676808,15813,Person 41,468.1,1599.2,-1520.0,1701.52,16.32,True,Searching,zain,Forward,Normal,8: Recovery / standing back up
1787666348.1574843,15814,Person 41,468.1,1599.2,-1520.0,1701.52,16.32,True,Searching,zain,Forward,Normal,8: Recovery / standing back up
1787666348.2465067,15815,Person 41,468.1,1599.2,-1520.0,1701.52,16.32,True,Searching,zain,Forward,Normal,8: Recovery / standing back up
1787666348.3347957,15816,Person 41,468.1,1599.2,-1520.0,1701.52,16.32,True,Searching,zain,Forward,Normal,8: Recovery / standing back up
1787666348.42407,15817,Person 41,468.1,1599.2,-1520.0,1701.52,16.32,True,Searching,zain,Forward,Normal,8: Recovery / standing back up
1787666348.512926,15818,Person 41,468.1,1599.2,-1520.0,1701.52,16.32,True,Searching,zain,Forward,Normal,8: Recovery / standing back up
1787666348.6019516,15819,Person 41,367.0,1371.0,-480.0,1419.27,14.99,True,Active,zain,Forward,Normal,8: Recovery / standing back up
1787666348.6912885,15820,Person 41,363.5,1373.5,80.0,1422.31,14.66,True,Active,zain,Forward,Normal,8: Recovery / standing back up
1787666348.7799325,15821,Person 41,360.33,1376.0,-160.0,1425.65,14.38,True,Active,zain,Forward,Normal,8: Recovery / standing back up
1787666348.8698585,15822,Person 41,358.5,1378.25,160.0,1429.28,14.3,True,Active,zain,Forward,Normal,8: Recovery / standing back up
1787666348.9582715,15823,Person 41,358.6,1379.6,240.0,1430.77,14.53,True,Active,zain,Forward,Normal,8: Recovery / standing back up
1787666349.046682,15824,Person 41,359.5,1380.5,240.0,1432.03,14.73,True,Active,zain,Forward,Normal,8: Recovery / standing back up
1787666349.1377964,15825,Person 41,360.14,1381.29,240.0,1433.0,14.72,True,Active,zain,Forward,Normal,8: Recovery / standing back up
1787666349.2252388,15826,Person 41,360.75,1381.88,240.0,1433.26,14.75,True,Active,zain,Forward,Normal,8: Recovery / standing back up
1787666349.3142142,15827,Person 41,360.89,1382.22,160.0,1431.53,14.65,True,Active,zain,Forward,Normal,8: Recovery / standing back up
1787666349.4028285,15828,Person 41,361.0,1382.5,80.0,1431.53,14.65,True,Active,zain,Forward,Normal,8: Recovery / standing back up
1787666349.491784,15829,Person 41,360.4,1383.9,80.0,1431.27,14.61,True,Active,zain,Forward,Normal,8: Recovery / standing back up
1787666349.5828364,15830,Person 41,360.1,1384.8,0.0,1430.27,14.45,True,Active,zain,Forward,Normal,8: Recovery / standing back up
1787666349.6700158,15831,Person 41,360.2,1385.1,0.0,1428.8,14.39,True,Active,zain,Forward,Normal,8: Recovery / standing back up
1787666349.7589486,15832,Person 41,360.5,1384.7,-80.0,1426.15,14.46,True,Active,zain,Forward,Normal,8: Recovery / standing back up
1787666349.8503523,15833,Person 41,360.4,1383.9,80.0,1422.78,14.57,True,Active,zain,Forward,Normal,8: Recovery / standing back up
1787666349.936901,15834,Person 41,360.1,1382.9,80.0,1421.6,14.71,True,Active,zain,Forward,Normal,8: Recovery / standing back up
1787666350.0257206,15835,Person 41,359.7,1382.0,-160.0,1423.28,14.65,True,Active,zain,Forward,Normal,8: Recovery / standing back up
1787666350.114638,15836,Person 41,359.0,1381.1,80.0,1422.78,14.57,True,Active,zain,Forward,Normal,8: Recovery / standing back up
1787666350.2043874,15837,Person 41,358.2,1380.4,0.0,1422.74,14.41,True,Active,zain,Forward,Normal,2: Standing / idle
1787666350.292821,15838,Person 41,357.0,1379.6,-160.0,1420.78,14.26,True,Active,zain,Forward,Normal,2: Standing / idle
1787666350.3821363,15839,Person 41,355.3,1378.9,80.0,1420.29,14.02,True,Active,zain,Forward,Normal,2: Standing / idle
1787666350.4710395,15840,Person 41,353.3,1378.1,80.0,1417.64,13.75,True,Active,zain,Forward,Normal,2: Standing / idle
1787666350.5599425,15841,Person 41,350.6,1377.4,80.0,1415.53,13.4,True,Active,zain,Forward,Normal,2: Standing / idle
1787666350.6485202,15842,Person 41,346.8,1377.0,160.0,1413.24,13.0,True,Active,zain,Forward,Normal,2: Standing / idle
1787666350.738032,15843,Person 41,341.9,1377.0,240.0,1411.24,12.65,True,Active,zain,Forward,Normal,2: Standing / idle
1787666350.8270824,15844,Person 41,335.7,1377.1,240.0,1408.11,12.26,True,Active,zain,Forward,Normal,2: Standing / idle
1787666350.9175222,15845,Person 41,328.6,1376.9,240.0,1405.04,11.87,True,Active,zain,Forward,Normal,2: Standing / idle
1787666351.0042546,15846,Person 41,320.2,1376.7,320.0,1402.03,11.27,True,Active,zain,Forward,Normal,2: Standing / idle
1787666351.0937066,15847,Person 41,307.1,1376.2,240.0,1390.99,9.23,True,Active,zain,Forward,Normal,2: Standing / idle
1787666351.1855557,15848,Person 41,289.3,1375.0,80.0,1375.79,7.18,True,Active,zain,Forward,Normal,1: Walking
1787666351.272046,15849,Person 41,266.7,1372.5,80.0,1358.14,4.98,True,Active,zain,Forward,Normal,1: Walking
1787666351.3613088,15850,Person 41,233.0,1367.2,-80.0,1324.0,0.0,True,Active,zain,Forward,Normal,1: Walking
1787666351.4503138,15851,Person 41,189.7,1359.3,-160.0,1302.24,-4.62,True,Active,zain,Forward,Normal,1: Walking
1787666351.539188,15852,Person 41,135.9,1349.7,-240.0,1299.75,-9.74,True,Active,zain,Forward,Normal,1: Walking
1787666351.627323,15853,Person 41,73.2,1337.9,-320.0,1298.54,-14.18,True,Active,zain,Forward,Normal,1: Walking
1787666351.7175205,15854,Person 41,4.1,1323.2,-240.0,1290.0,-17.69,True,Active,zain,Forward,Normal,1: Walking
1787666351.8064125,15855,Person 41,-72.3,1306.3,-320.0,1296.17,-21.5,True,Active,zain,Forward,Normal,1: Walking
1787666351.895056,15856,Person 41,-155.0,1288.1,-320.0,1314.94,-24.87,True,Active,zain,Forward,Normal,1: Walking
1787666351.9837525,15857,Person 41,-237.8,1267.9,-240.0,1318.05,-27.32,True,Active,zain,Forward,Normal,1: Walking
1787666352.0726385,15858,Person 41,-321.0,1247.1,-240.0,1332.01,-29.7,True,Active,zain,Forward,Normal,1: Walking
1787666352.1616783,15859,Person 41,-404.3,1226.9,-240.0,1355.0,-31.85,True,Active,zain,Forward,Normal,1: Walking
1787666352.251026,15860,Person 41,-481.1,1209.8,-320.0,1385.36,-33.67,True,Active,zain,Forward,Normal,1: Walking
1787666352.3397725,15861,Person 41,-552.1,1195.0,-320.0,1409.51,-35.33,True,Active,zain,Forward,Normal,1: Walking
1787666352.428875,15862,Person 41,-614.6,1181.2,-390.0,1421.43,-36.47,True,Active,zain,Forward,Normal,1: Walking
1787666352.5180802,15863,Person 41,-671.5,1167.8,-480.0,1432.62,-38.25,True,Active,zain,Forward,Normal,1: Walking
1787666352.6062756,15864,Person 41,-726.2,1154.8,-480.0,1445.52,-40.51,True,Active,zain,Forward,Normal,1: Walking
1787666352.6953926,15865,Person 41,-778.4,1141.4,-480.0,1463.96,-42.92,True,Active,zain,Forward,Normal,1: Walking
1787666352.7848938,15866,Person 41,-828.6,1126.6,-390.0,1484.94,-45.27,True,Active,zain,Forward,Normal,1: Walking
1787666352.8735526,15867,Person 41,-879.0,1113.5,-240.0,1520.36,-46.84,True,Active,zain,Forward,Normal,1: Walking
1787666352.9623394,15868,Person 41,-929.6,1100.7,-390.0,1555.12,-48.57,True,Active,zain,Forward,Normal,1: Walking
1787666353.0515423,15869,Person 41,-980.3,1087.0,-240.0,1587.92,-50.31,True,Active,zain,Forward,Normal,1: Walking
1787666353.1403823,15870,Person 41,-1031.1,1072.4,-320.0,1625.49,-51.72,True,Active,zain,Forward,Normal,1: Walking
1787666353.2295833,15871,Person 41,-1081.0,1059.3,-80.0,1662.82,-52.21,True,Active,zain,Forward,Normal,1: Walking
1787666353.3187425,15872,Person 41,-1131.6,1047.1,-320.0,1693.41,-52.92,True,Active,zain,Forward,Normal,1: Walking
1787666353.4074783,15873,Person 41,-1181.7,1035.9,-80.0,1718.35,-53.88,True,Active,zain,Forward,Normal,1: Walking
1787666353.4968228,15874,Person 41,-1229.1,1027.5,-80.0,1739.77,-54.31,True,Active,zain,Forward,Normal,1: Walking
1787666353.5855446,15875,Person 41,-1270.2,1023.2,80.0,1743.93,-53.84,True,Active,zain,Forward,Normal,1: Walking
1787666353.674639,15876,Person 41,-1304.7,1023.2,80.0,1747.0,-53.26,True,Active,zain,Forward,Normal,1: Walking
1787666353.7634718,15877,Person 41,-1332.3,1025.9,80.0,1748.35,-52.39,True,Active,zain,Forward,Normal,1: Walking
1787666353.8526354,15878,Person 41,-1354.0,1031.7,-80.0,1759.05,-51.83,True,Active,zain,Forward,Normal,1: Walking
1787666353.9418256,15879,Person 41,-1369.7,1040.6,80.0,1765.86,-51.35,True,Active,zain,Forward,Normal,1: Walking
1787666354.0305994,15880,Person 41,-1379.2,1052.3,160.0,1772.86,-50.65,True,Active,zain,Forward,Normal,1: Walking
1787666354.1194878,15881,Person 41,-1383.7,1065.3,80.0,1779.63,-49.79,True,Active,zain,Forward,Normal,1: Walking
1787666354.209742,15882,Person 41,-1383.3,1079.9,-160.0,1782.22,-49.1,True,Active,zain,Forward,Normal,1: Walking
1787666354.297506,15883,Person 41,-1378.4,1096.7,-80.0,1785.41,-48.59,True,Active,zain,Forward,Normal,1: Walking
1787666354.3862755,15884,Person 41,-1371.2,1115.3,-80.0,1800.19,-48.15,True,Active,zain,Forward,Normal,1: Walking
1787666354.4750142,15885,Person 41,-1363.8,1134.7,160.0,1809.77,-47.49,True,Active,zain,Forward,Normal,1: Walking
1787666354.5646937,15886,Person 41,-1355.8,1155.1,80.0,1817.25,-46.58,True,Active,zain,Forward,Normal,1: Walking
1787666354.653092,15887,Person 41,-1347.8,1175.2,240.0,1819.57,-45.82,True,Active,zain,Forward,Normal,1: Walking
1787666354.7424128,15888,Person 41,-1338.4,1194.9,320.0,1819.39,-45.11,True,Active,zain,Forward,Normal,1: Walking
1787666354.8312976,15889,Person 41,-1327.8,1213.9,390.0,1814.49,-44.55,True,Active,zain,Forward,Normal,1: Walking
1787666354.9205298,15890,Person 41,-1315.7,1231.4,480.0,1802.75,-43.9,True,Active,zain,Forward,Normal,1: Walking
1787666355.0092611,15891,Person 41,-1302.5,1247.1,560.0,1791.97,-43.21,True,Active,zain,Forward,Normal,1: Walking
1787666355.0990243,15892,Person 41,-1287.3,1261.7,560.0,1775.39,-42.31,True,Active,zain,Forward,Normal,1: Walking
1787666355.1872818,15893,Person 41,-1269.2,1275.4,560.0,1754.45,-41.3,True,Active,zain,Forward,Normal,1: Walking
1787666355.2830434,15894,Person 41,-1244.0,1287.0,480.0,1708.92,-39.59,True,Active,zain,Forward,Normal,1: Walking
1787666355.365024,15895,Person 41,-1214.0,1295.2,390.0,1664.99,-38.39,True,Active,zain,Forward,Normal,1: Walking
1787666355.4541645,15896,Person 41,-1179.7,1300.7,160.0,1629.4,-36.84,True,Active,zain,Forward,Normal,1: Walking
1787666355.5430942,15897,Person 41,-1142.3,1303.3,320.0,1594.11,-35.73,True,Active,zain,Forward,Normal,1: Walking
1787666355.6324246,15898,Person 41,-1102.3,1303.2,240.0,1560.9,-34.72,True,Active,zain,Forward,Normal,1: Walking
1787666355.720908,15899,Person 41,-1059.5,1301.5,160.0,1530.43,-33.51,True,Active,zain,Forward,Normal,1: Walking
1787666355.8104396,15900,Person 41,-1014.6,1298.7,160.0,1502.35,-32.22,True,Active,zain,Forward,Normal,1: Walking
1787666355.898827,15901,Person 41,-966.6,1295.2,80.0,1474.26,-30.44,True,Active,zain,Forward,Normal,1: Walking
1787666355.9880772,15902,Person 41,-916.4,1291.3,80.0,1450.28,-28.54,True,Active,zain,Forward,Normal,1: Walking
1787666356.0772736,15903,Person 41,-863.3,1287.7,80.0,1427.11,-26.06,True,Active,zain,Forward,Normal,1: Walking
1787666356.1659458,15904,Person 41,-810.1,1285.4,80.0,1408.79,-23.29,True,Active,zain,Forward,Normal,1: Walking
1787666356.255019,15905,Person 41,-755.6,1285.5,80.0,1394.55,-20.53,True,Active,zain,Forward,Normal,1: Walking
1787666356.343895,15906,Person 41,-698.4,1288.1,80.0,1390.3,-16.94,True,Active,zain,Forward,Normal,1: Walking
1787666356.4328208,15907,Person 41,-637.8,1293.9,80.0,1390.51,-13.52,True,Active,zain,Forward,Normal,1: Walking
1787666356.5218613,15908,Person 41,-574.7,1301.9,80.0,1387.2,-10.72,True,Active,zain,Forward,Normal,1: Walking
1787666356.6127331,15909,Person 41,-509.7,1310.7,80.0,1377.87,-8.14,True,Active,zain,Forward,Normal,1: Walking
1787666356.7003937,15910,Person 41,-443.0,1318.8,160.0,1358.62,-5.66,True,Active,zain,Forward,Normal,1: Walking
1787666356.7893443,15911,Person 41,-375.9,1325.1,160.0,1336.16,-3.26,True,Active,zain,Forward,Normal,1: Walking
1787666356.8780022,15912,Person 41,-308.1,1330.3,80.0,1326.08,-0.65,True,Active,zain,Forward,Normal,1: Walking
1787666356.9670656,15913,Person 41,-242.7,1334.3,0.0,1322.28,1.17,True,Active,zain,Forward,Normal,1: Walking
1787666357.0574763,15914,Person 41,-178.2,1337.1,-80.0,1324.93,3.81,True,Active,zain,Forward,Normal,1: Walking
1787666357.1452086,15915,Person 41,-111.5,1338.7,-80.0,1333.93,7.67,True,Active,zain,Forward,Normal,1: Walking
1787666357.2341397,15916,Person 41,-44.0,1338.4,-160.0,1354.19,11.5,True,Active,zain,Forward,Normal,1: Walking
1787666357.3228424,15917,Person 41,21.9,1335.6,-160.0,1365.48,14.16,True,Active,zain,Forward,Normal,1: Walking
1787666357.411564,15918,Person 41,85.7,1330.6,-160.0,1366.88,16.14,True,Active,zain,Forward,Normal,1: Walking
1787666357.5006871,15919,Person 41,146.7,1323.0,-160.0,1353.21,17.86,True,Active,zain,Forward,Normal,1: Walking
1787666357.5898492,15920,Person 41,204.8,1315.8,-240.0,1355.81,19.25,True,Active,zain,Forward,Normal,1: Walking
1787666357.6794584,15921,Person 41,260.3,1310.4,-240.0,1366.69,20.52,True,Active,zain,Forward,Normal,1: Walking
1787666357.7679994,15922,Person 41,312.6,1306.2,-240.0,1380.84,21.59,True,Active,zain,Forward,Normal,1: Walking
1787666357.856534,15923,Person 41,363.7,1303.3,-160.0,1400.46,22.59,True,Active,zain,Forward,Normal,1: Walking
1787666357.94568,15924,Person 41,411.1,1301.0,-160.0,1415.36,23.4,True,Active,zain,Forward,Normal,1: Walking
1787666358.0348916,15925,Person 41,452.4,1298.3,-240.0,1423.48,24.53,True,Active,zain,Forward,Normal,1: Walking
1787666358.123711,15926,Person 41,487.2,1294.9,-80.0,1433.1,25.55,True,Active,zain,Forward,Normal,1: Walking
1787666358.2123222,15927,Person 41,518.0,1291.3,0.0,1439.13,26.49,True,Active,zain,Forward,Normal,1: Walking
1787666358.3031948,15928,Person 41,544.7,1288.9,160.0,1442.27,26.65,True,Active,zain,Forward,Normal,1: Walking
1787666358.3903682,15929,Person 41,568.6,1289.4,160.0,1448.99,26.83,True,Active,zain,Forward,Normal,1: Walking
1787666358.4798377,15930,Person 41,590.1,1291.0,240.0,1455.29,27.06,True,Active,zain,Forward,Normal,1: Walking
1787666358.5685585,15931,Person 41,609.0,1292.5,240.0,1457.14,27.29,True,Active,zain,Forward,Normal,1: Walking
1787666358.660391,15932,Person 41,625.7,1293.3,240.0,1457.7,27.58,True,Active,zain,Forward,Normal,1: Walking
1787666358.7471244,15933,Person 41,640.0,1292.9,240.0,1457.83,27.85,True,Active,zain,Forward,Normal,1: Walking
1787666358.8356836,15934,Person 41,652.1,1291.3,320.0,1453.47,28.03,True,Active,zain,Forward,Normal,1: Walking
1787666358.9248798,15935,Person 41,661.6,1289.3,240.0,1447.83,28.28,True,Active,zain,Forward,Normal,1: Walking
1787666359.013423,15936,Person 41,668.8,1287.1,320.0,1446.22,28.5,True,Active,zain,Forward,Normal,1: Walking
1787666359.1026883,15937,Person 41,673.5,1284.4,240.0,1436.96,28.65,True,Active,zain,Forward,Normal,1: Walking
1787666359.1919012,15938,Person 41,677.7,1281.5,390.0,1436.08,28.67,True,Active,zain,Forward,Normal,1: Walking
1787666359.2805688,15939,Person 41,681.1,1278.1,390.0,1434.72,28.66,True,Active,zain,Forward,Normal,1: Walking
1787666359.369161,15940,Person 41,683.4,1274.4,390.0,1433.29,28.55,True,Active,zain,Forward,Normal,1: Walking
1787666359.4585607,15941,Person 41,684.8,1270.6,320.0,1430.1,28.48,True,Active,zain,Forward,Normal,1: Walking
1787666359.5472362,15942,Person 41,684.9,1266.5,320.0,1421.96,28.39,True,Active,zain,Forward,Normal,1: Walking
1787666359.6363726,15943,Person 41,683.7,1261.8,160.0,1410.72,28.31,True,Active,zain,Forward,Normal,1: Walking
1787666359.725718,15944,Person 41,681.6,1256.9,160.0,1400.36,28.21,True,Active,zain,Forward,Normal,1: Walking
1787666359.8149846,15945,Person 41,677.1,1251.0,160.0,1374.6,27.8,True,Active,zain,Forward,Normal,1: Walking
1787666359.9039333,15946,Person 41,670.1,1244.2,80.0,1353.37,27.27,True,Active,zain,Forward,Normal,1: Walking
1787666359.992575,15947,Person 41,662.4,1238.0,-80.0,1346.16,27.04,True,Active,zain,Forward,Normal,1: Walking
1787666360.0816112,15948,Person 41,653.7,1231.9,-160.0,1341.64,26.66,True,Active,zain,Forward,Normal,1: Walking
1787666360.1708138,15949,Person 41,644.0,1226.0,-160.0,1337.64,26.22,True,Active,zain,Forward,Normal,1: Walking
1787666360.259843,15950,Person 41,633.4,1220.3,-160.0,1334.18,25.72,True,Active,zain,Forward,Normal,1: Walking
1787666360.349057,15951,Person 41,622.1,1215.0,-80.0,1331.68,25.3,True,Active,zain,Forward,Normal,1: Walking
1787666360.4371605,15952,Person 41,610.3,1210.5,-80.0,1328.83,24.83,True,Active,zain,Forward,Normal,1: Walking
1787666360.526359,15953,Person 41,598.3,1206.9,0.0,1325.08,24.48,True,Active,zain,Forward,Normal,1: Walking
1787666360.6154232,15954,Person 41,586.1,1203.7,160.0,1317.73,24.19,True,Active,zain,Forward,Normal,1: Walking
1787666360.7048757,15955,Person 41,574.9,1202.0,160.0,1310.51,23.81,True,Active,zain,Forward,Normal,1: Walking
1787666360.7934787,15956,Person 41,564.7,1201.6,240.0,1306.11,23.37,True,Active,zain,Forward,Normal,1: Walking
1787666360.8825457,15957,Person 41,554.0,1201.5,160.0,1300.09,22.86,True,Active,zain,Forward,Normal,1: Walking
1787666360.9713304,15958,Person 41,540.3,1201.4,160.0,1285.08,21.21,True,Active,zain,Forward,Normal,1: Walking
1787666361.060068,15959,Person 41,523.8,1200.6,0.0,1265.84,19.67,True,Active,zain,Forward,Normal,1: Walking
1787666361.1493042,15960,Person 41,504.8,1199.0,80.0,1248.17,18.16,True,Active,zain,Forward,Normal,1: Walking
1787666361.2380502,15961,Person 41,483.2,1196.3,-80.0,1228.8,16.69,True,Active,zain,Forward,Normal,1: Walking
1787666361.3269691,15962,Person 41,458.8,1191.2,-160.0,1196.92,15.21,True,Active,zain,Forward,Normal,1: Walking
1787666361.415867,15963,Person 41,432.0,1184.5,-160.0,1173.15,13.86,True,Active,zain,Forward,Normal,1: Walking
1787666361.5053964,15964,Person 41,403.5,1178.7,-160.0,1172.08,12.57,True,Active,zain,Forward,Normal,1: Walking
1787666361.595985,15965,Person 41,374.5,1174.4,-320.0,1180.45,11.68,True,Active,zain,Forward,Normal,1: Walking
1787666361.6832614,15966,Person 41,345.2,1171.3,-320.0,1189.47,10.9,True,Active,zain,Forward,Normal,1: Walking
1787666361.7724922,15967,Person 41,316.8,1168.9,-390.0,1194.62,10.66,True,Active,zain,Forward,Normal,1: Walking
1787666361.8620176,15968,Person 41,292.1,1167.3,-390.0,1201.94,10.45,True,Active,zain,Forward,Normal,1: Walking
1787666361.9505222,15969,Person 41,270.3,1167.8,-320.0,1214.94,9.86,True,Active,zain,Forward,Normal,1: Walking
1787666362.0407617,15970,Person 41,251.8,1169.6,-560.0,1221.16,9.62,True,Active,zain,Forward,Normal,1: Walking
1787666362.1296551,15971,Person 41,236.5,1173.3,-640.0,1230.36,9.36,True,Active,zain,Forward,Normal,6: Fall onset
1787666362.2167723,15972,Person 41,224.2,1181.2,-480.0,1248.69,8.8,True,Active,zain,Forward,Normal,6: Fall onset
1787666362.3063283,15973,Person 41,215.1,1191.4,-320.0,1255.46,8.7,True,Active,zain,Forward,Normal,6: Fall onset
1787666362.3953516,15974,Person 41,208.4,1202.1,-960.0,1265.05,8.55,True,Active,zain,Forward,Normal,6: Fall onset
1787666362.4849634,15975,Person 41,203.2,1212.8,-960.0,1276.77,8.42,True,Active,zain,Forward,Normal,6: Fall onset
1787666362.5730925,15976,Person 41,199.2,1223.4,-960.0,1287.36,8.26,True,Active,zain,Forward,Normal,6: Fall onset
1787666362.661627,15977,Person 41,196.0,1234.5,-560.0,1298.82,8.37,True,Active,zain,Forward,Normal,6: Fall onset
1787666362.75171,15978,Person 41,194.1,1246.0,-640.0,1312.18,8.72,True,Active,zain,Forward,Normal,6: Fall onset
1787666362.8408496,15979,Person 41,194.5,1257.1,-640.0,1325.07,9.21,True,Active,zain,Forward,Normal,6: Fall onset
1787666362.9289796,15980,Person 41,196.6,1268.6,-640.0,1338.05,9.68,True,Active,zain,Forward,Normal,6: Fall onset
1787666363.0180335,15981,Person 41,200.3,1280.2,-640.0,1350.95,10.1,True,Active,zain,Forward,Normal,6: Fall onset
1787666363.1070318,15982,Person 41,206.1,1290.9,-640.0,1363.92,10.52,True,Active,zain,Forward,Normal,6: Fall onset
1787666363.1960866,15983,Person 41,213.1,1301.9,-640.0,1375.79,10.89,True,Active,zain,Forward,Normal,6: Fall onset
1787666363.2849827,15984,Person 41,221.4,1312.9,-640.0,1387.72,11.26,True,Active,zain,Forward,Normal,6: Fall onset
1787666363.3742368,15985,Person 41,230.9,1323.6,-640.0,1398.72,11.63,True,Active,zain,Forward,Normal,6: Fall onset
1787666363.4631436,15986,Person 41,241.6,1334.1,-640.0,1409.58,11.96,True,Active,zain,Forward,Normal,6: Fall onset
1787666363.5519223,15987,Person 41,252.9,1344.4,-640.0,1420.47,12.28,True,Active,zain,Forward,Normal,6: Fall onset
1787666363.6410513,15988,Person 41,264.1,1354.3,-640.0,1430.22,12.56,True,Active,zain,Forward,Normal,6: Fall onset
1787666363.729664,15989,Person 41,275.0,1364.0,-640.0,1441.2,12.87,True,Active,zain,Forward,Normal,6: Fall onset
1787666363.8186948,15990,Person 41,285.4,1373.3,-640.0,1449.82,13.12,True,Active,zain,Forward,Normal,6: Fall onset
1787666363.907226,15991,Person 41,295.5,1382.3,-640.0,1459.67,13.39,True,Active,zain,Forward,Normal,6: Fall onset
1787666363.997151,15992,Person 41,305.2,1390.9,-640.0,1468.35,13.63,True,Active,zain,Forward,Normal,6: Fall onset
1787666364.0878038,15993,Person 41,314.6,1399.2,-640.0,1477.05,13.87,True,Active,zain,Forward,Normal,6: Fall onset
1787666364.174744,15994,Person 41,314.6,1399.2,-640.0,1477.05,13.87,True,Predicted,zain,Forward,Normal,6: Fall onset
1787666364.2635758,15995,Person 41,314.6,1399.2,-640.0,1477.05,13.87,True,Predicted,zain,Forward,Normal,6: Fall onset
1787666364.3525314,15996,Person 41,314.6,1399.2,-640.0,1477.05,13.87,True,Predicted,zain,Forward,Normal,6: Fall onset
1787666364.441846,15997,Person 41,314.6,1399.2,-640.0,1477.05,13.87,True,Predicted,zain,Forward,Normal,6: Fall onset
1787666364.5343473,15998,Person 41,314.6,1399.2,-640.0,1477.05,13.87,True,Predicted,zain,Forward,Normal,6: Fall onset
1787666364.6192875,15999,Person 41,314.6,1399.2,-640.0,1477.05,13.87,True,Predicted,zain,Forward,Normal,6: Fall onset
1787666364.7086785,16000,Person 41,314.6,1399.2,-640.0,1477.05,13.87,True,Predicted,zain,Forward,Normal,6: Fall onset
1787666364.7973683,16001,Person 41,314.6,1399.2,-640.0,1477.05,13.87,True,Predicted,zain,Forward,Normal,6: Fall onset
1787666364.8864162,16002,Person 41,314.6,1399.2,-640.0,1477.05,13.87,True,Predicted,zain,Forward,Normal,6: Fall onset
1787666364.9765112,16003,Person 41,314.6,1399.2,-640.0,1477.05,13.87,True,Predicted,zain,Forward,Normal,6: Fall onset
1787666365.0646698,16004,Person 41,314.6,1399.2,-640.0,1477.05,13.87,True,Predicted,zain,Forward,Normal,7: Post-fall stillness
1787666365.153278,16005,Person 41,314.6,1399.2,-640.0,1477.05,13.87,True,Predicted,zain,Forward,Normal,7: Post-fall stillness
1787666365.2431176,16006,Person 41,314.6,1399.2,-640.0,1477.05,13.87,True,Predicted,zain,Forward,Normal,7: Post-fall stillness
1787666365.3316836,16007,Person 41,314.6,1399.2,-640.0,1477.05,13.87,True,Predicted,zain,Forward,Normal,7: Post-fall stillness
1787666365.420514,16008,Person 41,314.6,1399.2,-640.0,1477.05,13.87,True,Predicted,zain,Forward,Normal,7: Post-fall stillness
1787666365.5096664,16009,Person 41,314.6,1399.2,-640.0,1477.05,13.87,True,Searching,zain,Forward,Normal,7: Post-fall stillness
1787666365.598403,16010,Person 41,314.6,1399.2,-640.0,1477.05,13.87,True,Searching,zain,Forward,Normal,7: Post-fall stillness
1787666365.6873286,16011,Person 41,314.6,1399.2,-640.0,1477.05,13.87,True,Searching,zain,Forward,Normal,7: Post-fall stillness
1787666365.7765684,16012,Person 41,314.6,1399.2,-640.0,1477.05,13.87,True,Searching,zain,Forward,Normal,7: Post-fall stillness
1787666365.8652096,16013,Person 41,314.6,1399.2,-640.0,1477.05,13.87,True,Searching,zain,Forward,Normal,7: Post-fall stillness
1787666365.9545352,16014,Person 41,314.6,1399.2,-640.0,1477.05,13.87,True,Searching,zain,Forward,Normal,7: Post-fall stillness
1787666366.0437973,16015,Person 41,314.6,1399.2,-640.0,1477.05,13.87,True,Searching,zain,Forward,Normal,7: Post-fall stillness
1787666366.1326127,16016,Person 41,314.6,1399.2,-640.0,1477.05,13.87,True,Searching,zain,Forward,Normal,7: Post-fall stillness
1787666366.2212017,16017,Person 41,314.6,1399.2,-640.0,1477.05,13.87,True,Searching,zain,Forward,Normal,7: Post-fall stillness
1787666366.310021,16018,Person 41,314.6,1399.2,-640.0,1477.05,13.87,True,Searching,zain,Forward,Normal,7: Post-fall stillness
1787666366.3995297,16019,Person 41,314.6,1399.2,-640.0,1477.05,13.87,True,Searching,zain,Forward,Normal,7: Post-fall stillness
1787666366.4882228,16020,Person 41,314.6,1399.2,-640.0,1477.05,13.87,True,Searching,zain,Forward,Normal,7: Post-fall stillness
1787666366.5773325,16021,Person 41,314.6,1399.2,-640.0,1477.05,13.87,True,Searching,zain,Forward,Normal,7: Post-fall stillness
1787666366.6660595,16022,Person 41,314.6,1399.2,-640.0,1477.05,13.87,True,Searching,zain,Forward,Normal,7: Post-fall stillness
1787666366.7552416,16023,Person 41,314.6,1399.2,-640.0,1477.05,13.87,True,Searching,zain,Forward,Normal,7: Post-fall stillness
1787666366.8442814,16024,Person 41,314.6,1399.2,-640.0,1477.05,13.87,True,Searching,zain,Forward,Normal,7: Post-fall stillness
1787666366.9334488,16025,Person 41,314.6,1399.2,-640.0,1477.05,13.87,True,Searching,zain,Forward,Normal,7: Post-fall stillness
1787666367.022576,16026,Person 41,314.6,1399.2,-640.0,1477.05,13.87,True,Searching,zain,Forward,Normal,7: Post-fall stillness
1787666367.111375,16027,Person 41,314.6,1399.2,-640.0,1477.05,13.87,True,Searching,zain,Forward,Normal,7: Post-fall stillness
1787666367.199758,16028,Person 41,314.6,1399.2,-640.0,1477.05,13.87,True,Searching,zain,Forward,Normal,7: Post-fall stillness
1787666367.289141,16029,Person 41,314.6,1399.2,-640.0,1477.05,13.87,True,Searching,zain,Forward,Normal,7: Post-fall stillness
1787666367.3789525,16030,Person 41,314.6,1399.2,-640.0,1477.05,13.87,True,Searching,zain,Forward,Normal,7: Post-fall stillness
1787666367.4683726,16031,Person 41,314.6,1399.2,-640.0,1477.05,13.87,True,Searching,zain,Forward,Normal,8: Recovery / standing back up
1787666367.5559306,16032,Person 41,314.6,1399.2,-640.0,1477.05,13.87,True,Searching,zain,Forward,Normal,8: Recovery / standing back up
1787666367.6449664,16033,Person 41,314.6,1399.2,-640.0,1477.05,13.87,True,Searching,zain,Forward,Normal,8: Recovery / standing back up
1787666367.7343607,16034,Person 41,314.6,1399.2,-640.0,1477.05,13.87,True,Searching,zain,Forward,Normal,8: Recovery / standing back up
1787666367.8232336,16035,Person 41,314.6,1399.2,-640.0,1477.05,13.87,True,Searching,zain,Forward,Normal,8: Recovery / standing back up
1787666367.9119527,16036,Person 41,314.6,1399.2,-640.0,1477.05,13.87,True,Searching,zain,Forward,Normal,8: Recovery / standing back up
1787666368.0020192,16037,Person 41,314.6,1399.2,-640.0,1477.05,13.87,True,Searching,zain,Forward,Normal,8: Recovery / standing back up
1787666368.0898864,16038,Person 41,314.6,1399.2,-640.0,1477.05,13.87,True,Searching,zain,Forward,Normal,8: Recovery / standing back up
1787666368.1799097,16039,Person 41,314.6,1399.2,-640.0,1477.05,13.87,True,Searching,zain,Forward,Normal,8: Recovery / standing back up
1787666368.268089,16040,Person 41,314.6,1399.2,-640.0,1477.05,13.87,True,Searching,zain,Forward,Normal,8: Recovery / standing back up
1787666368.357079,16041,Person 41,314.6,1399.2,-640.0,1477.05,13.87,True,Searching,zain,Forward,Normal,8: Recovery / standing back up
1787666368.4464047,16042,Person 41,314.6,1399.2,-640.0,1477.05,13.87,True,Searching,zain,Forward,Normal,8: Recovery / standing back up
1787666368.5346844,16043,Person 41,314.6,1399.2,-640.0,1477.05,13.87,True,Searching,zain,Forward,Normal,8: Recovery / standing back up
1787666368.6237235,16044,Person 41,314.6,1399.2,-640.0,1477.05,13.87,True,Searching,zain,Forward,Normal,8: Recovery / standing back up
1787666368.713393,16045,Person 41,314.6,1399.2,-640.0,1477.05,13.87,True,Searching,zain,Forward,Normal,8: Recovery / standing back up
1787666368.8021202,16046,Person 41,314.6,1399.2,-640.0,1477.05,13.87,True,Searching,zain,Forward,Normal,8: Recovery / standing back up
1787666368.891241,16047,Person 41,314.6,1399.2,-640.0,1477.05,13.87,True,Searching,zain,Forward,Normal,8: Recovery / standing back up
1787666368.9801471,16048,Person 41,314.6,1399.2,-640.0,1477.05,13.87,True,Searching,zain,Forward,Normal,8: Recovery / standing back up
1787666369.0693612,16049,Person 41,314.6,1399.2,-640.0,1477.05,13.87,True,Searching,zain,Forward,Normal,8: Recovery / standing back up
1787666369.1579816,16050,Person 41,314.6,1399.2,-640.0,1477.05,13.87,True,Searching,zain,Forward,Normal,8: Recovery / standing back up
1787666369.2493846,16051,Person 41,314.6,1399.2,-640.0,1477.05,13.87,True,Searching,zain,Forward,Normal,8: Recovery / standing back up
1787666369.3361385,16052,Person 41,314.6,1399.2,-640.0,1477.05,13.87,True,Searching,zain,Forward,Normal,8: Recovery / standing back up
1787666369.4252107,16053,Person 41,314.6,1399.2,-640.0,1477.05,13.87,True,Searching,zain,Forward,Normal,8: Recovery / standing back up
1787666369.5149486,16054,Person 41,314.6,1399.2,-640.0,1477.05,13.87,True,Searching,zain,Forward,Normal,8: Recovery / standing back up
1787666369.6029463,16055,Person 41,314.6,1399.2,-640.0,1477.05,13.87,True,Searching,zain,Forward,Normal,8: Recovery / standing back up
1787666369.6918695,16056,Person 41,314.6,1399.2,-640.0,1477.05,13.87,True,Searching,zain,Forward,Normal,8: Recovery / standing back up
1787666369.781615,16057,Person 41,314.6,1399.2,-640.0,1477.05,13.87,True,Searching,zain,Forward,Normal,8: Recovery / standing back up
1787666369.869542,16058,Person 41,314.6,1399.2,-640.0,1477.05,13.87,True,Searching,zain,Forward,Normal,8: Recovery / standing back up
1787666369.958882,16059,Person 41,314.6,1399.2,-640.0,1477.05,13.87,True,Searching,zain,Forward,Normal,8: Recovery / standing back up
1787666370.0484154,16060,Person 41,145.0,1541.0,160.0,1547.81,5.38,True,Active,zain,Forward,Normal,8: Recovery / standing back up
1787666370.1371863,16061,Person 41,157.5,1539.5,80.0,1547.37,6.31,True,Active,zain,Forward,Normal,8: Recovery / standing back up
1787666370.227055,16062,Person 41,169.67,1539.67,80.0,1552.17,7.18,True,Active,zain,Forward,Normal,8: Recovery / standing back up
1787666370.3149898,16063,Person 41,182.25,1541.0,160.0,1560.58,8.1,True,Active,zain,Forward,Normal,8: Recovery / standing back up
1787666370.4038224,16064,Person 41,194.6,1540.6,-80.0,1558.22,9.01,True,Active,zain,Forward,Normal,8: Recovery / standing back up
1787666370.493463,16065,Person 41,208.33,1537.33,-80.0,1546.02,10.32,True,Active,zain,Forward,Normal,8: Recovery / standing back up
1787666370.582133,16066,Person 41,221.86,1532.86,80.0,1536.18,11.38,True,Active,zain,Forward,Normal,8: Recovery / standing back up
1787666370.6705065,16067,Person 41,234.0,1528.5,80.0,1531.59,12.02,True,Active,zain,Forward,Normal,8: Recovery / standing back up
1787666370.7596602,16068,Person 41,244.33,1525.33,160.0,1535.23,12.3,True,Active,zain,Forward,Normal,8: Recovery / standing back up
1787666370.84842,16069,Person 41,253.6,1522.7,80.0,1536.41,12.67,True,Active,zain,Forward,Normal,8: Recovery / standing back up
1787666370.9377146,16070,Person 41,273.0,1518.2,-240.0,1533.93,12.77,True,Active,zain,Forward,Normal,8: Recovery / standing back up
1787666371.027156,16071,Person 41,290.2,1513.7,-240.0,1531.67,12.9,True,Active,zain,Forward,Normal,8: Recovery / standing back up
1787666371.1157153,16072,Person 41,305.4,1508.6,0.0,1528.67,13.08,True,Active,zain,Forward,Normal,8: Recovery / standing back up
1787666371.2048335,16073,Person 41,318.3,1502.8,0.0,1527.41,13.21,True,Active,zain,Forward,Normal,8: Recovery / standing back up
1787666371.2944305,16074,Person 41,329.0,1497.6,-160.0,1527.86,13.28,True,Active,zain,Forward,Normal,8: Recovery / standing back up
1787666371.3828585,16075,Person 41,336.7,1494.2,-80.0,1528.56,13.39,True,Active,zain,Forward,Normal,8: Recovery / standing back up
1787666371.47174,16076,Person 41,342.2,1492.3,-160.0,1529.49,13.54,True,Active,zain,Forward,Normal,8: Recovery / standing back up
1787666371.5628307,16077,Person 41,346.4,1491.3,-80.0,1531.16,13.64,True,Active,zain,Forward,Normal,8: Recovery / standing back up
1787666371.6498373,16078,Person 41,350.1,1490.0,160.0,1530.9,13.75,True,Active,zain,Forward,Normal,8: Recovery / standing back up
1787666371.739094,16079,Person 41,353.2,1489.0,0.0,1533.8,13.88,True,Active,zain,Forward,Normal,8: Recovery / standing back up
1787666371.827873,16080,Person 41,356.5,1488.6,-80.0,1537.68,14.0,True,Active,zain,Forward,Normal,8: Recovery / standing back up
1787666371.916501,16081,Person 41,359.7,1488.6,-80.0,1539.13,14.06,True,Active,zain,Forward,Normal,8: Recovery / standing back up
1787666372.0056794,16082,Person 41,362.5,1489.1,0.0,1540.1,14.05,True,Active,zain,Forward,Normal,8: Recovery / standing back up
1787666372.09449,16083,Person 41,365.3,1489.9,0.0,1541.8,14.15,True,Active,zain,Forward,Normal,8: Recovery / standing back up
1787666372.183977,16084,Person 41,368.2,1490.6,-80.0,1541.57,14.27,True,Active,zain,Forward,Normal,8: Recovery / standing back up
1787666372.274104,16085,Person 41,370.9,1491.4,0.0,1542.79,14.3,True,Active,zain,Forward,Normal,8: Recovery / standing back up
1787666372.3618538,16086,Person 41,373.5,1492.0,-240.0,1541.59,14.42,True,Active,zain,Forward,Normal,2: Standing / idle
1787666372.4506185,16087,Person 41,376.1,1492.2,-80.0,1539.44,14.56,True,Active,zain,Forward,Normal,2: Standing / idle
1787666372.540266,16088,Person 41,378.6,1492.2,-80.0,1537.04,14.66,True,Active,zain,Forward,Normal,2: Standing / idle
1787666372.628543,16089,Person 41,381.0,1491.7,-80.0,1534.9,14.8,True,Active,zain,Forward,Normal,2: Standing / idle
1787666372.7180958,16090,Person 41,383.3,1490.6,80.0,1532.77,14.93,True,Active,zain,Forward,Normal,2: Standing / idle
1787666372.8067455,16091,Person 41,385.4,1489.4,0.0,1532.77,14.93,True,Active,zain,Forward,Normal,2: Standing / idle
1787666372.8954823,16092,Person 41,387.7,1488.3,0.0,1535.22,14.99,True,Active,zain,Forward,Normal,2: Standing / idle
1787666372.9848266,16093,Person 41,389.8,1487.3,-80.0,1537.41,15.0,True,Active,zain,Forward,Normal,2: Standing / idle
1787666373.074169,16094,Person 41,391.7,1486.7,-80.0,1540.57,15.01,True,Active,zain,Forward,Normal,2: Standing / idle
1787666373.1627667,16095,Person 41,393.5,1486.3,-80.0,1543.46,14.98,True,Active,zain,Forward,Normal,2: Standing / idle
1787666373.251348,16096,Person 41,395.2,1486.3,-160.0,1545.91,15.03,True,Active,zain,Forward,Normal,2: Standing / idle
1787666373.342491,16097,Person 41,396.7,1486.8,0.0,1548.1,15.05,True,Active,zain,Forward,Normal,2: Standing / idle
1787666373.4290862,16098,Person 41,398.2,1487.9,80.0,1551.52,15.09,True,Active,zain,Forward,Normal,2: Standing / idle
1787666373.5186186,16099,Person 41,399.6,1489.4,160.0,1553.01,15.15,True,Active,zain,Forward,Normal,2: Standing / idle
1787666373.607723,16100,Person 41,400.7,1491.5,160.0,1555.9,15.13,True,Active,zain,Forward,Normal,2: Standing / idle
1787666373.6965556,16101,Person 41,401.8,1493.7,240.0,1556.87,15.12,True,Active,zain,Forward,Normal,2: Standing / idle
1787666373.7853866,16102,Person 41,402.6,1495.7,320.0,1556.61,15.08,True,Active,zain,Forward,Normal,2: Standing / idle
1787666373.874513,16103,Person 41,403.0,1497.3,390.0,1553.9,14.99,True,Active,zain,Forward,Normal,2: Standing / idle
1787666373.9635048,16104,Person 41,402.9,1498.1,390.0,1548.04,14.9,True,Active,zain,Forward,Normal,2: Standing / idle
1787666374.0526762,16105,Person 41,402.3,1498.1,320.0,1541.92,14.77,True,Active,zain,Forward,Normal,2: Standing / idle
1787666374.1419258,16106,Person 41,400.8,1497.5,320.0,1536.28,14.55,True,Active,zain,Forward,Normal,2: Standing / idle
1787666374.2302296,16107,Person 41,398.4,1496.2,320.0,1529.45,14.31,True,Active,zain,Forward,Normal,2: Standing / idle
1787666374.319042,16108,Person 41,394.6,1494.2,160.0,1522.64,13.91,True,Active,zain,Forward,Normal,2: Standing / idle
1787666374.4085836,16109,Person 41,389.3,1491.7,80.0,1515.68,13.47,True,Active,zain,Forward,Normal,2: Standing / idle
1787666374.4968555,16110,Person 41,382.6,1488.7,80.0,1510.53,12.97,True,Active,zain,Forward,Normal,1: Walking
1787666374.586238,16111,Person 41,374.5,1485.3,80.0,1504.52,12.48,True,Active,zain,Forward,Normal,1: Walking
1787666374.6756403,16112,Person 41,364.6,1481.7,-160.0,1498.57,11.78,True,Active,zain,Forward,Normal,1: Walking
1787666374.7644668,16113,Person 41,353.2,1477.6,0.0,1488.13,11.16,True,Active,zain,Forward,Normal,1: Walking
1787666374.8534503,16114,Person 41,340.0,1473.4,-80.0,1478.13,10.37,True,Active,zain,Forward,Normal,1: Walking
1787666374.9428608,16115,Person 41,320.3,1467.9,-80.0,1449.31,7.77,True,Active,zain,Forward,Normal,1: Walking
1787666375.031751,16116,Person 41,294.4,1460.7,-160.0,1420.69,5.13,True,Active,zain,Forward,Normal,1: Walking
1787666375.1199317,16117,Person 41,261.9,1452.3,-160.0,1399.0,2.17,True,Active,zain,Forward,Normal,1: Walking
1787666375.2092717,16118,Person 41,215.9,1441.2,-160.0,1370.23,-3.93,True,Active,zain,Forward,Normal,1: Walking
1787666375.298344,16119,Person 41,155.6,1428.6,-160.0,1370.99,-10.51,True,Active,zain,Forward,Normal,1: Walking
1787666375.389094,16120,Person 41,84.0,1413.5,-240.0,1373.74,-15.93,True,Active,zain,Forward,Normal,1: Walking
1787666375.4765728,16121,Person 41,2.6,1396.4,-240.0,1387.06,-20.64,True,Active,zain,Forward,Normal,1: Walking
1787666375.5656958,16122,Person 41,-85.7,1377.1,-390.0,1398.57,-24.37,True,Active,zain,Forward,Normal,1: Walking
1787666375.659872,16123,Person 41,-180.0,1356.1,-390.0,1411.21,-27.65,True,Active,zain,Forward,Normal,1: Walking
1787666375.7452333,16124,Person 41,-279.7,1332.9,-480.0,1423.95,-30.89,True,Active,zain,Forward,Normal,1: Walking
1787666375.8354018,16125,Person 41,-379.5,1308.7,-480.0,1438.35,-33.89,True,Active,zain,Forward,Normal,1: Walking
1787666375.9236832,16126,Person 41,-480.0,1285.4,-560.0,1472.42,-36.61,True,Active,zain,Forward,Normal,1: Walking
1787666376.0113032,16127,Person 41,-580.2,1263.9,-640.0,1516.6,-38.74,True,Active,zain,Forward,Normal,1: Walking
1787666376.1016684,16128,Person 41,-672.8,1244.5,-480.0,1554.45,-41.01,True,Active,zain,Forward,Normal,1: Walking
1787666376.1880026,16129,Person 41,-756.8,1225.7,-480.0,1591.76,-43.22,True,Active,zain,Forward,Normal,1: Walking
1787666376.2776294,16130,Person 41,-835.2,1208.4,-390.0,1632.74,-45.32,True,Active,zain,Forward,Normal,1: Walking
1787666376.366191,16131,Person 41,-907.5,1194.1,-160.0,1674.21,-46.38,True,Active,zain,Forward,Normal,1: Walking
1787666376.4553154,16132,Person 41,-976.7,1182.3,-240.0,1716.59,-47.67,True,Active,zain,Forward,Normal,1: Walking
1787666376.54511,16133,Person 41,-1043.0,1172.4,-80.0,1749.84,-48.87,True,Active,zain,Forward,Normal,1: Walking
1787666376.632973,16134,Person 41,-1108.1,1163.6,-240.0,1787.7,-50.63,True,Active,zain,Forward,Normal,1: Walking
1787666376.721912,16135,Person 41,-1172.7,1156.3,-160.0,1831.21,-52.25,True,Active,zain,Forward,Normal,1: Walking
1787666376.8110428,16136,Person 41,-1234.9,1149.0,-80.0,1865.44,-53.52,True,Active,zain,Forward,Normal,1: Walking
1787666376.8997583,16137,Person 41,-1295.2,1139.4,80.0,1894.8,-54.99,True,Active,zain,Forward,Normal,1: Walking
1787666376.9902043,16138,Person 41,-1351.4,1129.1,240.0,1909.88,-55.93,True,Active,zain,Forward,Normal,1: Walking
1787666377.0801134,16139,Person 41,-1400.7,1119.8,160.0,1909.03,-56.02,True,Active,zain,Forward,Normal,1: Walking
1787666377.167415,16140,Person 41,-1442.7,1110.8,160.0,1902.35,-56.21,True,Active,zain,Forward,Normal,1: Walking
1787666377.2560377,16141,Person 41,-1478.9,1100.5,240.0,1893.19,-56.24,True,Active,zain,Forward,Normal,1: Walking
1787666377.344815,16142,Person 41,-1508.2,1090.0,480.0,1882.67,-56.07,True,Active,zain,Forward,Normal,1: Walking
1787666377.438347,16143,Person 41,-1532.0,1080.1,480.0,1878.25,-55.94,True,Active,zain,Forward,Normal,1: Walking
1787666377.5232882,16144,Person 41,-1548.7,1072.1,480.0,1873.58,-55.77,True,Active,zain,Forward,Normal,1: Walking
1787666377.6118057,16145,Person 41,-1558.2,1065.5,320.0,1869.19,-55.64,True,Active,zain,Forward,Normal,1: Walking
1787666377.703012,16146,Person 41,-1561.8,1059.9,320.0,1862.28,-55.57,True,Active,zain,Forward,Normal,1: Walking
1787666377.7901318,16147,Person 41,-1559.4,1056.4,390.0,1855.12,-55.45,True,Active,zain,Forward,Normal,1: Walking
1787666377.8791888,16148,Person 41,-1552.8,1055.1,390.0,1848.11,-55.11,True,Active,zain,Forward,Normal,1: Walking
1787666377.967942,16149,Person 41,-1544.4,1054.7,320.0,1837.65,-54.66,True,Active,zain,Forward,Normal,1: Walking
1787666378.0566049,16150,Person 41,-1534.5,1055.7,390.0,1826.73,-54.22,True,Active,zain,Forward,Normal,1: Walking
1787666378.1461987,16151,Person 41,-1523.5,1057.8,240.0,1815.11,-53.76,True,Active,zain,Forward,Normal,1: Walking
1787666378.235098,16152,Person 41,-1511.8,1060.6,320.0,1803.4,-53.25,True,Active,zain,Forward,Normal,1: Walking
1787666378.3242314,16153,Person 41,-1498.6,1063.8,320.0,1789.65,-52.72,True,Active,zain,Forward,Normal,1: Walking
1787666378.4129195,16154,Person 41,-1480.3,1067.9,320.0,1750.71,-51.28,True,Active,zain,Forward,Normal,1: Walking
1787666378.5021727,16155,Person 41,-1456.0,1073.4,390.0,1709.42,-49.51,True,Active,zain,Forward,Normal,1: Walking
1787666378.591233,16156,Person 41,-1426.3,1080.6,480.0,1673.54,-47.76,True,Active,zain,Forward,Normal,1: Walking
1787666378.6799762,16157,Person 41,-1391.2,1089.0,480.0,1635.79,-46.02,True,Active,zain,Forward,Normal,1: Walking
1787666378.768788,16158,Person 41,-1346.7,1097.9,560.0,1568.55,-43.06,True,Active,zain,Forward,Normal,1: Walking
1787666378.8578634,16159,Person 41,-1293.6,1105.2,480.0,1492.49,-40.43,True,Active,zain,Forward,Normal,1: Walking
1787666378.9467814,16160,Person 41,-1232.7,1110.1,480.0,1417.68,-38.01,True,Active,zain,Forward,Normal,1: Walking
1787666379.0377035,16161,Person 41,-1163.0,1113.2,320.0,1344.29,-34.79,True,Active,zain,Forward,Normal,1: Walking
1787666379.124913,16162,Person 41,-1084.9,1114.2,320.0,1275.47,-31.37,True,Active,zain,Forward,Normal,1: Walking
1787666379.2141423,16163,Person 41,-998.8,1114.6,160.0,1225.04,-27.36,True,Active,zain,Forward,Normal,1: Walking
1787666379.302451,16164,Person 41,-908.8,1114.0,160.0,1184.52,-23.17,True,Active,zain,Forward,Normal,1: Walking
1787666379.391916,16165,Person 41,-815.5,1113.1,-80.0,1160.56,-18.43,True,Active,zain,Forward,Normal,1: Walking
1787666379.4827657,16166,Person 41,-719.5,1111.3,0.0,1141.62,-14.15,True,Active,zain,Forward,Normal,1: Walking
1787666379.5700188,16167,Person 41,-622.8,1109.1,-80.0,1133.62,-10.68,True,Active,zain,Forward,Normal,1: Walking
1787666379.6586704,16168,Person 41,-529.1,1106.5,-160.0,1127.99,-6.82,True,Active,zain,Forward,Normal,1: Walking
1787666379.7478282,16169,Person 41,-438.3,1105.9,-80.0,1131.59,-3.04,True,Active,zain,Forward,Normal,1: Walking
1787666379.8369875,16170,Person 41,-349.6,1108.2,-80.0,1140.09,0.7,True,Active,zain,Forward,Normal,1: Walking
1787666379.9258,16171,Person 41,-264.0,1113.7,-80.0,1162.41,4.39,True,Active,zain,Forward,Normal,1: Walking
1787666380.0148294,16172,Person 41,-180.8,1123.3,-80.0,1196.85,8.07,True,Active,zain,Forward,Normal,1: Walking
1787666380.1034548,16173,Person 41,-100.8,1134.7,-160.0,1225.14,11.15,True,Active,zain,Forward,Normal,1: Walking
1787666380.1927254,16174,Person 41,-23.9,1145.8,-80.0,1237.66,14.17,True,Active,zain,Forward,Normal,1: Walking
1787666380.2818856,16175,Person 41,48.7,1154.5,-80.0,1241.06,16.81,True,Active,zain,Forward,Normal,1: Walking
1787666380.3709393,16176,Person 41,118.1,1162.9,0.0,1261.23,19.21,True,Active,zain,Forward,Normal,1: Walking
1787666380.4599144,16177,Person 41,184.8,1168.9,-240.0,1259.81,21.27,True,Active,zain,Forward,Normal,1: Walking
1787666380.5488913,16178,Person 41,247.4,1172.2,-240.0,1253.58,23.11,True,Active,zain,Forward,Normal,1: Walking
1787666380.6378076,16179,Person 41,305.3,1173.1,80.0,1251.67,24.5,True,Active,zain,Forward,Normal,1: Walking
1787666380.7279773,16180,Person 41,356.2,1172.3,0.0,1246.98,24.8,True,Active,zain,Forward,Normal,1: Walking
1787666380.8157413,16181,Person 41,400.4,1169.1,-160.0,1245.83,25.23,True,Active,zain,Forward,Normal,1: Walking
1787666380.9047685,16182,Person 41,438.2,1163.0,-160.0,1249.6,25.91,True,Active,zain,Forward,Normal,1: Walking
1787666380.9936576,16183,Person 41,470.8,1155.2,-160.0,1257.12,26.61,True,Active,zain,Forward,Normal,1: Walking
1787666381.0824096,16184,Person 41,498.5,1147.5,-160.0,1263.93,27.32,True,Active,zain,Forward,Normal,1: Walking
1787666381.171387,16185,Person 41,521.9,1141.3,-160.0,1272.61,27.77,True,Active,zain,Forward,Normal,1: Walking
1787666381.2604802,16186,Person 41,540.4,1135.1,-80.0,1278.53,27.99,True,Active,zain,Forward,Normal,1: Walking
1787666381.3504586,16187,Person 41,554.4,1130.5,-80.0,1276.24,27.89,True,Active,zain,Forward,Normal,1: Walking
1787666381.4385283,16188,Person 41,564.9,1128.0,-80.0,1276.24,27.89,True,Active,zain,Forward,Normal,1: Walking
1787666381.5271556,16189,Person 41,573.0,1127.0,0.0,1278.53,27.99,True,Active,zain,Forward,Normal,1: Walking
1787666381.61676,16190,Person 41,580.7,1126.5,-80.0,1276.77,28.03,True,Active,zain,Forward,Normal,1: Walking
1787666381.705299,16191,Person 41,587.7,1126.6,-80.0,1278.12,28.05,True,Active,zain,Forward,Normal,1: Walking
1787666381.7945447,16192,Person 41,593.7,1127.5,-160.0,1284.88,28.14,True,Active,zain,Forward,Normal,1: Walking
1787666381.8836262,16193,Person 41,598.3,1128.8,-80.0,1289.83,28.17,True,Active,zain,Forward,Normal,1: Walking
1787666381.9723103,16194,Person 41,601.8,1130.6,-160.0,1296.19,28.32,True,Active,zain,Forward,Normal,1: Walking
1787666382.0614407,16195,Person 41,604.8,1132.3,0.0,1301.76,28.59,True,Active,zain,Forward,Normal,1: Walking
1787666382.1504843,16196,Person 41,609.2,1133.8,0.0,1312.81,29.38,True,Active,zain,Forward,Normal,1: Walking
1787666382.239556,16197,Person 41,616.6,1136.3,80.0,1334.04,30.2,True,Active,zain,Forward,Normal,1: Walking
1787666382.328452,16198,Person 41,625.9,1139.0,80.0,1345.41,30.85,True,Active,zain,Forward,Normal,1: Walking
1787666382.4180615,16199,Person 41,636.3,1141.7,160.0,1353.5,31.34,True,Active,zain,Forward,Normal,1: Walking
1787666382.5065346,16200,Person 41,647.3,1144.6,240.0,1356.63,31.56,True,Active,zain,Forward,Normal,1: Walking
1787666382.5951135,16201,Person 41,658.2,1147.6,390.0,1358.33,31.51,True,Active,zain,Forward,Normal,1: Walking
1787666382.6840296,16202,Person 41,668.5,1150.1,390.0,1357.81,31.48,True,Active,zain,Forward,Normal,1: Walking
1787666382.773585,16203,Person 41,678.3,1152.3,390.0,1357.62,31.38,True,Active,zain,Forward,Normal,1: Walking
1787666382.862459,16204,Person 41,687.2,1154.1,320.0,1356.06,31.28,True,Active,zain,Forward,Normal,1: Walking
1787666382.951242,16205,Person 41,694.9,1155.5,320.0,1352.28,31.17,True,Active,zain,Forward,Normal,1: Walking
1787666383.0406568,16206,Person 41,700.0,1156.5,240.0,1347.12,31.06,True,Active,zain,Forward,Normal,1: Walking
1787666383.1290946,16207,Person 41,701.7,1156.5,160.0,1342.67,30.82,True,Active,zain,Forward,Normal,1: Walking
1787666383.2183862,16208,Person 41,701.0,1156.1,80.0,1338.39,30.68,True,Active,zain,Forward,Normal,1: Walking
1787666383.3089178,16209,Person 41,698.3,1155.5,80.0,1334.48,30.49,True,Active,zain,Forward,Normal,1: Walking
1787666383.396255,16210,Person 41,694.4,1154.7,-80.0,1329.72,30.31,True,Active,zain,Forward,Normal,1: Walking
1787666383.4853747,16211,Person 41,689.5,1153.6,-80.0,1323.83,29.95,True,Active,zain,Forward,Normal,1: Walking
1787666383.57458,16212,Person 41,683.6,1152.5,-80.0,1318.37,29.54,True,Active,zain,Forward,Normal,1: Walking
1787666383.6630275,16213,Person 41,676.7,1151.4,0.0,1313.37,29.06,True,Active,zain,Forward,Normal,1: Walking
1787666383.7522466,16214,Person 41,668.8,1150.3,80.0,1307.11,28.56,True,Active,zain,Forward,Normal,1: Walking
1787666383.841271,16215,Person 41,659.9,1149.4,80.0,1300.47,28.02,True,Active,zain,Forward,Normal,1: Walking
1787666383.93008,16216,Person 41,650.2,1148.8,160.0,1294.41,27.52,True,Active,zain,Forward,Normal,1: Walking
1787666384.0187774,16217,Person 41,639.6,1148.3,160.0,1287.1,26.88,True,Active,zain,Forward,Normal,1: Walking
1787666384.108091,16218,Person 41,624.5,1147.6,240.0,1261.65,24.94,True,Active,zain,Forward,Normal,1: Walking
1787666384.196988,16219,Person 41,603.7,1146.8,320.0,1234.55,22.33,True,Active,zain,Forward,Normal,1: Walking
1787666384.2862794,16220,Person 41,578.1,1145.7,320.0,1210.37,20.05,True,Active,zain,Forward,Normal,1: Walking
1787666384.375111,16221,Person 41,542.6,1143.8,160.0,1168.77,15.18,True,Active,zain,Forward,Normal,1: Walking
1787666384.4651482,16222,Person 41,498.4,1141.0,80.0,1138.17,10.53,True,Active,zain,Forward,Normal,1: Walking
1787666384.5575671,16223,Person 41,447.3,1136.7,80.0,1112.27,6.56,True,Active,zain,Forward,Normal,1: Walking
1787666384.6418724,16224,Person 41,390.5,1131.0,-80.0,1092.49,2.99,True,Active,zain,Forward,Normal,1: Walking
1787666384.7308407,16225,Person 41,328.2,1124.4,-160.0,1082.07,-0.64,True,Active,zain,Forward,Normal,1: Walking
1787666384.8200426,16226,Person 41,260.9,1116.7,-240.0,1073.62,-4.01,True,Active,zain,Forward,Normal,1: Walking
1787666384.9110172,16227,Person 41,189.3,1107.9,-240.0,1068.44,-7.2,True,Active,zain,Forward,Normal,1: Walking
1787666384.9981232,16228,Person 41,117.1,1098.3,-320.0,1065.08,-10.28,True,Active,zain,Forward,Normal,1: Walking
1787666385.0874045,16229,Person 41,45.5,1088.2,-320.0,1069.9,-13.35,True,Active,zain,Forward,Normal,1: Walking
1787666385.1762164,16230,Person 41,-26.3,1077.6,-240.0,1074.6,-16.38,True,Active,zain,Forward,Normal,1: Walking
1787666385.2649271,16231,Person 41,-91.9,1066.8,-240.0,1078.38,-18.94,True,Active,zain,Forward,Normal,1: Walking
1787666385.3543425,16232,Person 41,-152.3,1056.2,-160.0,1087.65,-21.35,True,Active,zain,Forward,Normal,1: Walking
1787666385.443239,16233,Person 41,-210.2,1046.3,-240.0,1102.88,-24.19,True,Active,zain,Forward,Normal,1: Walking
1787666385.5319316,16234,Person 41,-266.6,1037.0,-80.0,1119.4,-26.93,True,Active,zain,Forward,Normal,1: Walking
1787666385.6208255,16235,Person 41,-322.4,1028.7,-160.0,1150.17,-29.71,True,Active,zain,Forward,Normal,1: Walking
1787666385.7098787,16236,Person 41,-377.9,1020.8,-160.0,1175.14,-32.42,True,Active,zain,Forward,Normal,1: Walking
1787666385.7988992,16237,Person 41,-432.3,1012.6,-160.0,1190.03,-34.73,True,Active,zain,Forward,Normal,1: Walking
1787666385.8884327,16238,Person 41,-483.6,1003.8,-240.0,1189.88,-36.22,True,Active,zain,Forward,Normal,1: Walking
1787666385.9767566,16239,Person 41,-531.0,993.9,-240.0,1186.26,-37.43,True,Active,zain,Forward,Normal,1: Walking
1787666386.0656843,16240,Person 41,-575.1,984.0,-240.0,1192.54,-38.6,True,Active,zain,Forward,Normal,1: Walking
1787666386.1553972,16241,Person 41,-617.2,974.7,-240.0,1205.72,-39.75,True,Active,zain,Forward,Normal,1: Walking
1787666386.2435913,16242,Person 41,-658.2,965.0,-320.0,1220.12,-41.34,True,Active,zain,Forward,Normal,1: Walking
1787666386.3332872,16243,Person 41,-696.9,953.8,-320.0,1226.03,-43.18,True,Active,zain,Forward,Normal,1: Walking
1787666386.4218123,16244,Person 41,-732.5,943.1,-240.0,1240.42,-44.09,True,Active,zain,Forward,Normal,1: Walking
1787666386.512961,16245,Person 41,-763.7,933.6,-240.0,1262.99,-44.29,True,Active,zain,Forward,Normal,1: Walking
1787666386.5994997,16246,Person 41,-789.8,925.8,-240.0,1276.43,-44.27,True,Active,zain,Forward,Normal,1: Walking
1787666386.689427,16247,Person 41,-811.8,920.7,-160.0,1290.63,-44.09,True,Active,zain,Forward,Normal,1: Walking
1787666386.7778077,16248,Person 41,-832.4,919.0,-160.0,1309.78,-43.95,True,Active,zain,Forward,Normal,1: Walking
1787666386.867153,16249,Person 41,-853.1,919.7,-240.0,1327.32,-44.36,True,Active,zain,Forward,Normal,1: Walking
1787666386.9574947,16250,Person 41,-873.5,921.7,-80.0,1343.51,-44.88,True,Active,zain,Forward,Normal,1: Walking
1787666387.0445683,16251,Person 41,-892.7,925.0,-80.0,1359.77,-45.09,True,Active,zain,Forward,Normal,1: Walking
1787666387.1338522,16252,Person 41,-910.0,930.0,-80.0,1375.35,-45.38,True,Active,zain,Forward,Normal,1: Walking
1787666387.2227132,16253,Person 41,-925.1,937.7,-80.0,1386.7,-45.56,True,Active,zain,Forward,Normal,1: Walking
1787666387.311413,16254,Person 41,-938.9,946.4,-80.0,1399.46,-45.67,True,Active,zain,Forward,Normal,1: Walking
1787666387.401662,16255,Person 41,-952.2,954.3,-160.0,1412.98,-45.92,True,Active,zain,Forward,Normal,1: Walking
1787666387.4894173,16256,Person 41,-966.2,961.4,-80.0,1425.9,-46.31,True,Active,zain,Forward,Normal,1: Walking
1787666387.5790296,16257,Person 41,-981.4,966.0,0.0,1431.51,-47.18,True,Active,zain,Forward,Normal,1: Walking
1787666387.6681938,16258,Person 41,-997.1,968.2,80.0,1437.91,-47.85,True,Active,zain,Forward,Normal,1: Walking
1787666387.756286,16259,Person 41,-1012.4,968.6,160.0,1441.1,-48.6,True,Active,zain,Forward,Normal,1: Walking
1787666387.8454866,16260,Person 41,-1026.8,968.0,320.0,1444.78,-49.1,True,Active,zain,Forward,Normal,1: Walking
1787666387.9351163,16261,Person 41,-1039.8,966.0,390.0,1441.61,-49.3,True,Active,zain,Forward,Normal,1: Walking
1787666388.0230954,16262,Person 41,-1051.0,963.0,480.0,1437.49,-49.37,True,Active,zain,Forward,Normal,1: Walking
1787666388.1123402,16263,Person 41,-1061.0,958.9,480.0,1432.83,-49.53,True,Active,zain,Forward,Normal,1: Walking
1787666388.2015135,16264,Person 41,-1069.7,953.5,480.0,1427.42,-49.66,True,Active,zain,Forward,Normal,1: Walking
1787666388.2902255,16265,Person 41,-1076.5,947.3,390.0,1421.66,-49.62,True,Active,zain,Forward,Normal,1: Walking
1787666388.37912,16266,Person 41,-1081.0,940.6,320.0,1414.39,-49.53,True,Active,zain,Forward,Normal,1: Walking
1787666388.4726696,16267,Person 41,-1082.8,935.2,240.0,1408.97,-49.29,True,Active,zain,Forward,Normal,1: Walking
1787666388.557081,16268,Person 41,-1082.0,931.1,160.0,1404.69,-48.87,True,Active,zain,Forward,Normal,1: Walking
1787666388.6464393,16269,Person 41,-1078.8,928.6,160.0,1400.57,-48.5,True,Active,zain,Forward,Normal,1: Walking
1787666388.7353632,16270,Person 41,-1073.6,927.2,80.0,1396.5,-48.13,True,Active,zain,Forward,Normal,1: Walking
1787666388.824414,16271,Person 41,-1067.4,926.6,80.0,1391.16,-47.83,True,Active,zain,Forward,Normal,1: Walking
1787666388.913656,16272,Person 41,-1060.4,926.4,-80.0,1383.76,-47.55,True,Active,zain,Forward,Normal,1: Walking
1787666389.0024116,16273,Person 41,-1052.4,927.0,-160.0,1377.02,-47.18,True,Active,zain,Forward,Normal,1: Walking
1787666389.0911164,16274,Person 41,-1043.3,928.6,-80.0,1370.26,-46.69,True,Active,zain,Forward,Normal,1: Walking
1787666389.180107,16275,Person 41,-1033.5,930.9,-80.0,1364.32,-46.22,True,Active,zain,Forward,Normal,1: Walking
1787666389.2694345,16276,Person 41,-1023.2,934.1,-160.0,1359.86,-45.69,True,Active,zain,Forward,Normal,1: Walking
1787666389.35927,16277,Person 41,-1012.3,937.8,-80.0,1354.11,-45.09,True,Active,zain,Forward,Normal,1: Walking
1787666389.4468768,16278,Person 41,-1000.8,941.5,-80.0,1346.39,-44.46,True,Active,zain,Forward,Normal,1: Walking
1787666389.5364375,16279,Person 41,-985.7,946.1,-160.0,1324.79,-42.68,True,Active,zain,Forward,Normal,1: Walking
1787666389.6260984,16280,Person 41,-967.4,951.8,-240.0,1308.65,-40.91,True,Active,zain,Forward,Normal,1: Walking
1787666389.7142866,16281,Person 41,-945.9,958.7,-320.0,1293.01,-39.13,True,Active,zain,Forward,Normal,1: Walking
1787666389.8033168,16282,Person 41,-921.9,967.3,-320.0,1284.66,-37.44,True,Active,zain,Forward,Normal,1: Walking
1787666389.892365,16283,Person 41,-896.8,977.1,-240.0,1282.67,-36.28,True,Active,zain,Forward,Normal,1: Walking
1787666389.981009,16284,Person 41,-871.1,988.3,-390.0,1286.2,-35.12,True,Active,zain,Forward,Normal,1: Walking
1787666390.0701606,16285,Person 41,-845.3,1000.8,-480.0,1292.78,-34.22,True,Active,zain,Forward,Normal,1: Walking
1787666390.1599138,16286,Person 41,-819.9,1014.7,-480.0,1304.95,-33.43,True,Active,zain,Forward,Normal,1: Walking
1787666390.2475924,16287,Person 41,-795.9,1029.6,-480.0,1318.33,-33.05,True,Active,zain,Forward,Normal,1: Walking
1787666390.3373935,16288,Person 41,-774.5,1045.5,-480.0,1336.35,-33.06,True,Active,zain,Forward,Normal,1: Walking
1787666390.425994,16289,Person 41,-758.7,1061.6,-480.0,1354.93,-33.1,True,Active,zain,Forward,Normal,1: Walking
1787666390.5148857,16290,Person 41,-748.6,1078.0,-560.0,1378.75,-33.25,True,Active,zain,Forward,Normal,1: Walking
1787666390.6045642,16291,Person 41,-744.8,1095.1,-640.0,1408.39,-33.53,True,Active,zain,Forward,Normal,1: Walking
1787666390.6929524,16292,Person 41,-748.5,1113.6,-640.0,1456.42,-34.17,True,Active,zain,Forward,Normal,1: Walking
1787666390.7823365,16293,Person 41,-758.5,1135.0,-880.0,1515.05,-34.54,True,Active,zain,Forward,Normal,1: Walking
1787666390.8712492,16294,Person 41,-774.2,1159.5,-720.0,1576.96,-34.67,True,Active,zain,Forward,Normal,1: Walking
1787666390.9601955,16295,Person 41,-795.2,1186.9,-790.0,1637.56,-34.9,True,Active,zain,Forward,Normal,1: Walking
1787666391.0493605,16296,Person 41,-819.1,1218.1,-560.0,1697.22,-34.36,True,Active,zain,Forward,Normal,1: Walking
1787666391.1385667,16297,Person 41,-843.4,1252.3,-480.0,1737.6,-33.62,True,Active,zain,Forward,Normal,1: Walking
1787666391.2271905,16298,Person 41,-867.5,1290.1,-480.0,1784.63,-32.92,True,Active,zain,Forward,Normal,1: Walking
1787666391.316053,16299,Person 41,-892.3,1330.7,-560.0,1830.53,-32.67,True,Active,zain,Forward,Normal,1: Walking
1787666391.40511,16300,Person 41,-917.9,1374.3,-640.0,1883.9,-32.49,True,Active,zain,Forward,Normal,1: Walking
1787666391.494213,16301,Person 41,-945.9,1420.4,-560.0,1947.46,-32.91,True,Active,zain,Forward,Normal,1: Walking
1787666391.5829537,16302,Person 41,-974.5,1470.3,-640.0,2030.38,-32.94,True,Active,zain,Forward,Normal,1: Walking
1787666391.6730793,16303,Person 41,-1002.0,1523.4,-560.0,2109.69,-32.51,True,Active,zain,Forward,Normal,1: Walking
1787666391.7605896,16304,Person 41,-1027.9,1578.3,-480.0,2178.08,-32.06,True,Active,zain,Forward,Normal,1: Walking
1787666391.8497045,16305,Person 41,-1051.7,1635.3,-480.0,2245.04,-31.56,True,Active,zain,Forward,Normal,1: Walking
1787666391.9404,16306,Person 41,-1072.4,1692.4,-390.0,2290.42,-30.57,True,Active,zain,Forward,Normal,1: Walking
1787666392.0281518,16307,Person 41,-1093.1,1750.2,-320.0,2338.2,-30.0,True,Active,zain,Forward,Normal,1: Walking
1787666392.1172285,16308,Person 41,-1112.2,1810.1,-390.0,2396.94,-28.97,True,Active,zain,Forward,Normal,1: Walking
1787666392.20587,16309,Person 41,-1129.7,1873.5,-560.0,2466.41,-28.13,True,Active,zain,Forward,Normal,1: Walking
1787666392.297527,16310,Person 41,-1142.5,1937.9,-390.0,2507.17,-27.05,True,Active,zain,Forward,Normal,1: Walking
1787666392.3850143,16311,Person 41,-1148.0,2003.4,-390.0,2546.15,-25.92,True,Active,zain,Forward,Normal,1: Walking
1787666392.473529,16312,Person 41,-1143.6,2066.5,-320.0,2564.34,-24.42,True,Active,zain,Forward,Normal,1: Walking
1787666392.5618303,16313,Person 41,-1130.3,2126.1,-320.0,2577.33,-22.85,True,Active,zain,Forward,Normal,1: Walking
1787666392.653169,16314,Person 41,-1109.0,2182.5,-320.0,2587.92,-21.37,True,Active,zain,Forward,Normal,1: Walking
1787666392.7400634,16315,Person 41,-1080.4,2235.3,-320.0,2597.85,-20.01,True,Active,zain,Forward,Normal,1: Walking
1787666392.8283608,16316,Person 41,-1047.9,2284.8,-320.0,2606.09,-18.8,True,Active,zain,Forward,Normal,1: Walking
1787666392.918646,16317,Person 41,-1010.6,2331.2,-320.0,2613.19,-17.73,True,Active,zain,Forward,Normal,1: Walking
1787666393.0068717,16318,Person 41,-969.5,2374.7,-390.0,2640.74,-16.5,True,Active,zain,Forward,Normal,1: Walking
1787666393.0954423,16319,Person 41,-922.5,2414.5,-480.0,2664.69,-15.07,True,Active,zain,Forward,Normal,1: Walking
1787666393.184816,16320,Person 41,-872.0,2452.7,-480.0,2690.99,-13.65,True,Active,zain,Forward,Normal,1: Walking
1787666393.2735274,16321,Person 41,-818.0,2490.1,-320.0,2724.93,-12.14,True,Active,zain,Forward,Normal,1: Walking
1787666393.3626013,16322,Person 41,-763.2,2528.0,-320.0,2761.87,-10.68,True,Active,zain,Forward,Normal,1: Walking
1787666393.4517255,16323,Person 41,-707.8,2565.7,-240.0,2788.07,-9.23,True,Active,zain,Forward,Normal,1: Walking
1787666393.5404654,16324,Person 41,-651.9,2603.2,-240.0,2811.35,-7.85,True,Active,zain,Forward,Normal,1: Walking
1787666393.6295424,16325,Person 41,-594.3,2640.4,-80.0,2830.36,-6.35,True,Active,zain,Forward,Normal,1: Walking
1787666393.7181766,16326,Person 41,-534.7,2677.5,-80.0,2848.47,-4.91,True,Active,zain,Forward,Normal,1: Walking
1787666393.8079553,16327,Person 41,-473.0,2714.5,-80.0,2864.6,-3.58,True,Active,zain,Forward,Normal,1: Walking
1787666393.8964808,16328,Person 41,-410.0,2748.9,-80.0,2878.5,-2.39,True,Active,zain,Forward,Normal,1: Walking
1787666393.989015,16329,Person 41,-347.5,2780.7,-80.0,2891.8,-1.35,True,Active,zain,Forward,Normal,1: Walking
1787666394.0750575,16330,Person 41,-285.9,2808.8,-80.0,2896.06,-0.38,True,Active,zain,Forward,Normal,1: Walking
1787666394.163767,16331,Person 41,-223.9,2832.5,160.0,2901.38,0.93,True,Active,zain,Forward,Normal,1: Walking
1787666394.2530909,16332,Person 41,-163.6,2851.4,-240.0,2904.43,1.8,True,Active,zain,Forward,Normal,1: Walking
1787666394.3413918,16333,Person 41,-104.2,2867.8,240.0,2919.7,2.89,True,Active,zain,Forward,Normal,1: Walking
1787666394.4305046,16334,Person 41,-44.3,2881.4,-160.0,2928.9,4.21,True,Active,zain,Forward,Normal,1: Walking
1787666394.5200808,16335,Person 41,12.6,2892.6,-390.0,2936.18,5.0,True,Active,zain,Forward,Normal,1: Walking
1787666394.6085434,16336,Person 41,65.3,2903.7,-320.0,2962.55,5.48,True,Active,zain,Forward,Normal,1: Walking
1787666394.697932,16337,Person 41,115.7,2915.6,240.0,2995.68,6.23,True,Active,zain,Forward,Normal,1: Walking
1787666394.7867482,16338,Person 41,165.1,2926.5,80.0,3008.34,7.14,True,Active,zain,Forward,Normal,1: Walking
1787666394.8764286,16339,Person 41,214.6,2936.4,320.0,3020.34,8.13,True,Active,zain,Forward,Normal,1: Walking
1787666394.9642923,16340,Person 41,262.4,2946.2,80.0,3028.98,8.72,True,Active,zain,Forward,Normal,1: Walking
1787666395.0536983,16341,Person 41,308.2,2954.6,80.0,3027.42,9.6,True,Active,zain,Forward,Normal,1: Walking
1787666395.142445,16342,Person 41,354.4,2961.6,80.0,3023.99,10.54,True,Active,zain,Forward,Normal,1: Walking
1787666395.2320688,16343,Person 41,396.3,2966.2,80.0,3015.59,10.82,True,Active,zain,Forward,Normal,1: Walking
1787666395.320574,16344,Person 41,432.0,2969.2,80.0,3005.92,10.97,True,Active,zain,Forward,Normal,1: Walking
1787666395.4093523,16345,Person 41,463.6,2971.2,80.0,3000.03,10.99,True,Active,zain,Forward,Normal,1: Walking
1787666395.4992654,16346,Person 41,490.9,2970.6,240.0,2995.06,10.7,True,Active,zain,Forward,Normal,1: Walking
1787666395.5877132,16347,Person 41,513.0,2967.0,240.0,2992.24,10.51,True,Active,zain,Forward,Normal,1: Walking
1787666395.6767836,16348,Person 41,529.0,2962.6,320.0,2989.09,10.29,True,Active,zain,Forward,Normal,1: Walking
1787666395.765311,16349,Person 41,538.6,2957.5,320.0,2985.17,10.09,True,Active,zain,Forward,Normal,1: Walking
1787666395.8545575,16350,Person 41,544.0,2951.6,390.0,2979.5,9.91,True,Active,zain,Forward,Normal,1: Walking
1787666395.9440594,16351,Person 41,543.4,2946.1,320.0,2972.19,9.67,True,Active,zain,Forward,Normal,1: Walking
1787666396.0327723,16352,Person 41,535.6,2941.4,240.0,2964.3,9.22,True,Active,zain,Forward,Normal,1: Walking
1787666396.1211982,16353,Person 41,523.9,2937.1,240.0,2953.33,8.74,True,Active,zain,Forward,Normal,1: Walking
1787666396.210288,16354,Person 41,504.7,2931.7,240.0,2921.82,7.47,True,Active,zain,Forward,Normal,1: Walking
1787666396.2990544,16355,Person 41,478.1,2925.4,160.0,2898.2,6.06,True,Active,zain,Forward,Normal,1: Walking
1787666396.3880322,16356,Person 41,445.4,2917.5,80.0,2873.14,4.57,True,Active,zain,Forward,Normal,1: Walking
1787666396.4774475,16357,Person 41,398.7,2906.1,80.0,2829.1,1.6,True,Active,zain,Forward,Normal,1: Walking
1787666396.5663524,16358,Person 41,339.8,2891.6,80.0,2796.54,-1.13,True,Active,zain,Forward,Normal,1: Walking
1787666396.6554756,16359,Person 41,275.8,2874.5,80.0,2770.47,-2.42,True,Active,zain,Forward,Normal,1: Walking
1787666396.7445314,16360,Person 41,209.6,2856.4,240.0,2758.03,-3.1,True,Active,zain,Forward,Normal,1: Walking
1787666396.833305,16361,Person 41,140.4,2837.6,80.0,2748.78,-4.03,True,Active,zain,Forward,Normal,1: Walking
1787666396.9218607,16362,Person 41,69.6,2817.9,160.0,2738.93,-4.88,True,Active,zain,Forward,Normal,1: Walking
1787666397.0111673,16363,Person 41,-2.6,2797.6,160.0,2729.69,-5.74,True,Active,zain,Forward,Normal,1: Walking
1787666397.0999434,16364,Person 41,-71.5,2778.3,160.0,2721.6,-6.52,True,Active,zain,Forward,Normal,1: Walking
1787666397.1893811,16365,Person 41,-136.2,2759.4,160.0,2714.5,-7.22,True,Active,zain,Forward,Normal,1: Walking
1787666397.278244,16366,Person 41,-197.5,2740.1,640.0,2698.46,-8.18,True,Active,zain,Forward,Normal,1: Walking
1787666397.3673131,16367,Person 41,-248.4,2720.3,720.0,2664.92,-9.29,True,Active,zain,Forward,Normal,1: Walking
1787666397.455932,16368,Person 41,-294.5,2693.8,720.0,2583.06,-11.52,True,Active,zain,Forward,Normal,1: Walking
1787666397.5457103,16369,Person 41,-341.5,2661.1,560.0,2510.59,-13.52,True,Active,zain,Forward,Normal,1: Walking
1787666397.6337922,16370,Person 41,-393.6,2620.4,560.0,2440.76,-15.93,True,Active,zain,Forward,Normal,1: Walking
1787666397.723201,16371,Person 41,-451.2,2572.5,480.0,2390.09,-18.77,True,Active,zain,Forward,Normal,1: Walking
1787666397.811737,16372,Person 41,-512.1,2519.9,390.0,2358.43,-20.92,True,Active,zain,Forward,Normal,1: Walking
1787666397.900769,16373,Person 41,-576.8,2461.2,560.0,2319.28,-23.37,True,Active,zain,Forward,Normal,1: Walking
1787666397.9896677,16374,Person 41,-644.2,2398.4,640.0,2296.97,-25.34,True,Active,zain,Forward,Normal,1: Walking
1787666398.0864868,16375,Person 41,-712.6,2333.2,720.0,2283.92,-26.67,True,Active,zain,Forward,Normal,1: Walking
1787666398.1681962,16376,Person 41,-779.4,2265.2,640.0,2251.84,-27.85,True,Active,zain,Forward,Normal,1: Walking
1787666398.2567024,16377,Person 41,-842.8,2195.5,390.0,2206.49,-28.83,True,Active,zain,Forward,Normal,1: Walking
1787666398.3457546,16378,Person 41,-900.2,2128.8,480.0,2159.3,-30.32,True,Active,zain,Forward,Normal,1: Walking
1787666398.4349046,16379,Person 41,-953.1,2064.6,560.0,2117.04,-31.81,True,Active,zain,Forward,Normal,1: Walking
1787666398.5241442,16380,Person 41,-999.3,2003.3,640.0,2070.79,-33.14,True,Active,zain,Forward,Normal,1: Walking
1787666398.6133432,16381,Person 41,-1035.9,1943.7,640.0,2016.71,-34.25,True,Active,zain,Forward,Normal,1: Walking
1787666398.702284,16382,Person 41,-1065.6,1884.7,640.0,1974.61,-35.23,True,Active,zain,Forward,Normal,1: Walking
1787666398.79113,16383,Person 41,-1086.3,1827.8,720.0,1924.51,-35.85,True,Active,zain,Forward,Normal,1: Walking
1787666398.8800795,16384,Person 41,-1098.4,1770.6,720.0,1865.7,-36.28,True,Active,zain,Forward,Normal,1: Walking
1787666398.968613,16385,Person 41,-1103.9,1711.4,560.0,1807.21,-36.7,True,Active,zain,Forward,Normal,1: Walking
1787666399.0582397,16386,Person 41,-1104.1,1652.3,560.0,1752.4,-36.97,True,Active,zain,Forward,Normal,1: Walking
1787666399.1467938,16387,Person 41,-1101.0,1595.0,560.0,1707.83,-37.22,True,Active,zain,Forward,Normal,1: Walking
1787666399.236157,16388,Person 41,-1092.6,1539.2,560.0,1648.54,-37.61,True,Active,zain,Forward,Normal,1: Walking
1787666399.3247068,16389,Person 41,-1078.6,1484.3,640.0,1585.9,-37.98,True,Active,zain,Forward,Normal,1: Walking
1787666399.415408,16390,Person 41,-1061.7,1430.0,790.0,1531.62,-38.96,True,Active,zain,Forward,Normal,1: Walking
1787666399.5028603,16391,Person 41,-1041.8,1376.2,720.0,1466.54,-39.66,True,Active,zain,Forward,Normal,1: Walking
1787666399.5920098,16392,Person 41,-1018.0,1323.0,720.0,1407.25,-39.81,True,Active,zain,Forward,Normal,1: Walking
1787666399.680796,16393,Person 41,-991.3,1269.9,560.0,1341.06,-39.89,True,Active,zain,Forward,Normal,1: Walking
1787666399.7700253,16394,Person 41,-963.0,1217.8,640.0,1280.75,-39.87,True,Active,zain,Forward,Normal,1: Walking
1787666399.8594935,16395,Person 41,-934.0,1167.0,640.0,1228.65,-40.01,True,Active,zain,Forward,Normal,1: Walking
1787666399.9478798,16396,Person 41,-904.0,1116.8,390.0,1172.57,-40.02,True,Active,zain,Forward,Normal,1: Walking
1787666400.0372148,16397,Person 41,-872.2,1066.1,320.0,1113.03,-39.97,True,Active,zain,Forward,Normal,1: Walking
1787666400.127173,16398,Person 41,-838.4,1018.1,160.0,1062.31,-38.96,True,Active,zain,Forward,Normal,1: Walking
1787666400.215403,16399,Person 41,-802.7,973.7,80.0,1016.27,-37.52,True,Active,zain,Forward,Normal,1: Walking
1787666400.303854,16400,Person 41,-763.7,934.2,80.0,980.79,-35.75,True,Active,zain,Forward,Normal,1: Walking
1787666400.3928664,16401,Person 41,-722.8,900.8,0.0,953.81,-33.54,True,Active,zain,Forward,Normal,1: Walking
1787666400.4822335,16402,Person 41,-680.5,872.4,80.0,929.35,-30.95,True,Active,zain,Forward,Normal,1: Walking
1787666400.570815,16403,Person 41,-636.6,849.9,-80.0,907.56,-27.64,True,Active,zain,Forward,Normal,1: Walking
1787666400.659926,16404,Person 41,-591.1,832.5,-80.0,887.94,-24.34,True,Active,zain,Forward,Normal,1: Walking
1787666400.748953,16405,Person 41,-543.0,821.2,-160.0,883.78,-20.46,True,Active,zain,Forward,Normal,1: Walking
1787666400.837405,16406,Person 41,-491.9,815.3,-240.0,873.48,-16.15,True,Active,zain,Forward,Normal,1: Walking
1787666400.9265573,16407,Person 41,-437.8,814.4,-320.0,861.75,-11.65,True,Active,zain,Forward,Normal,1: Walking
1787666401.015596,16408,Person 41,-381.8,816.5,-320.0,853.86,-7.27,True,Active,zain,Forward,Normal,1: Walking
1787666401.1049798,16409,Person 41,-324.0,820.6,-390.0,847.99,-2.77,True,Active,zain,Forward,Normal,1: Walking
1787666401.1939976,16410,Person 41,-264.6,825.8,-480.0,848.26,1.42,True,Active,zain,Forward,Normal,1: Walking
1787666401.2824054,16411,Person 41,-204.9,831.9,-240.0,858.86,4.68,True,Active,zain,Forward,Normal,1: Walking
1787666401.3722982,16412,Person 41,-144.6,838.9,-480.0,875.96,8.2,True,Active,zain,Forward,Normal,1: Walking
1787666401.4633915,16413,Person 41,-84.8,846.4,-390.0,896.64,11.39,True,Active,zain,Forward,Normal,1: Walking
1787666401.5497,16414,Person 41,-25.7,855.1,-480.0,923.82,14.1,True,Active,zain,Forward,Normal,1: Walking
1787666401.6387343,16415,Person 41,30.6,863.7,-390.0,948.64,15.53,True,Active,zain,Forward,Normal,1: Walking
1787666401.7279973,16416,Person 41,82.5,873.5,-390.0,976.8,16.41,True,Active,zain,Forward,Normal,1: Walking
1787666401.8162568,16417,Person 41,128.8,884.8,-390.0,999.68,16.8,True,Active,zain,Forward,Normal,1: Walking
1787666401.9090383,16418,Person 41,169.6,898.8,-390.0,1031.59,16.91,True,Active,zain,Forward,Normal,1: Walking
1787666401.994856,16419,Person 41,204.4,917.0,-390.0,1073.82,16.61,True,Active,zain,Forward,Normal,1: Walking
1787666402.0837238,16420,Person 41,233.7,940.4,-390.0,1126.64,16.18,True,Active,zain,Forward,Normal,1: Walking
1787666402.1726816,16421,Person 41,259.0,968.3,-390.0,1180.07,15.89,True,Active,zain,Forward,Normal,1: Walking
1787666402.2617123,16422,Person 41,278.9,1000.5,-480.0,1232.35,15.24,True,Active,zain,Forward,Normal,1: Walking
1787666402.350433,16423,Person 41,292.6,1037.0,-560.0,1283.02,14.17,True,Active,zain,Forward,Normal,1: Walking
1787666402.439242,16424,Person 41,300.5,1074.8,-390.0,1309.77,13.42,True,Active,zain,Forward,Normal,1: Walking
1787666402.5281067,16425,Person 41,304.0,1115.2,-720.0,1349.31,12.37,True,Active,zain,Forward,Normal,1: Walking
1787666402.6178055,16426,Person 41,303.7,1159.0,-640.0,1401.84,11.23,True,Active,zain,Forward,Normal,1: Walking
1787666402.7066858,16427,Person 41,301.3,1206.1,-560.0,1452.38,10.51,True,Active,zain,Forward,Normal,1: Walking
1787666402.7956195,16428,Person 41,296.7,1254.6,-480.0,1493.75,9.79,True,Active,zain,Forward,Normal,6: Fall onset
1787666402.8842263,16429,Person 41,289.9,1303.8,-560.0,1539.66,8.93,True,Active,zain,Forward,Normal,6: Fall onset
1787666402.9745128,16430,Person 41,283.2,1352.2,-560.0,1585.36,8.96,True,Active,zain,Forward,Normal,6: Fall onset
1787666403.0623398,16431,Person 41,275.8,1400.3,-640.0,1635.07,8.76,True,Active,zain,Forward,Normal,6: Fall onset
1787666403.1514192,16432,Person 41,266.7,1448.8,-640.0,1690.14,7.92,True,Active,zain,Forward,Normal,6: Fall onset
1787666403.2400844,16433,Person 41,256.5,1497.8,-640.0,1746.91,6.97,True,Active,zain,Forward,Normal,6: Fall onset
1787666403.3291242,16434,Person 41,245.5,1551.3,-1590.0,1819.37,6.12,True,Active,zain,Forward,Normal,6: Fall onset
1787666403.4180098,16435,Person 41,234.1,1608.2,-1590.0,1895.1,5.3,True,Active,zain,Forward,Normal,6: Fall onset
1787666403.5069735,16436,Person 41,224.6,1668.8,2480.0,1988.98,5.13,True,Active,zain,Forward,Normal,6: Fall onset
1787666403.5960772,16437,Person 41,216.8,1733.6,2480.0,2084.41,5.15,True,Active,zain,Forward,Normal,6: Fall onset
1787666403.6856008,16438,Person 41,211.2,1803.0,2480.0,2175.03,5.22,True,Active,zain,Forward,Normal,6: Fall onset
1787666403.7738042,16439,Person 41,208.3,1875.8,2480.0,2258.78,5.33,True,Active,zain,Forward,Normal,6: Fall onset
1787666403.862841,16440,Person 41,205.8,1951.5,2480.0,2333.58,5.46,True,Active,zain,Forward,Normal,6: Fall onset
1787666403.952082,16441,Person 41,204.2,2028.7,2480.0,2399.34,5.57,True,Active,zain,Forward,Normal,6: Fall onset
1787666404.0411472,16442,Person 41,205.2,2105.6,2480.0,2455.06,5.68,True,Active,zain,Forward,Normal,6: Fall onset
1787666404.130393,16443,Person 41,209.2,2181.3,2480.0,2503.71,5.78,True,Active,zain,Forward,Normal,6: Fall onset
1787666404.2189252,16444,Person 41,215.7,2253.6,2480.0,2545.21,5.84,True,Active,zain,Forward,Normal,6: Fall onset
1787666404.308005,16445,Person 41,224.8,2321.5,2480.0,2579.75,5.92,True,Active,zain,Forward,Normal,6: Fall onset
1787666404.3971207,16446,Person 41,233.9,2381.5,2480.0,2594.98,5.95,True,Active,zain,Forward,Normal,6: Fall onset
1787666404.4859483,16447,Person 41,242.3,2433.3,2480.0,2608.12,5.96,True,Active,zain,Forward,Normal,6: Fall onset
1787666404.5751996,16448,Person 41,249.9,2477.3,2480.0,2620.36,6.0,True,Active,zain,Forward,Normal,6: Fall onset
1787666404.6642294,16449,Person 41,256.5,2514.1,2480.0,2631.51,6.02,True,Active,zain,Forward,Normal,6: Fall onset
1787666404.753621,16450,Person 41,262.1,2544.5,2480.0,2641.67,6.04,True,Active,zain,Forward,Normal,6: Fall onset
1787666404.8425858,16451,Person 41,266.8,2569.3,2480.0,2650.83,6.06,True,Active,zain,Forward,Normal,6: Fall onset
1787666404.9310715,16452,Person 41,266.8,2569.3,2480.0,2650.83,6.06,True,Predicted,zain,Forward,Normal,6: Fall onset
1787666405.0201745,16453,Person 41,266.8,2569.3,2480.0,2650.83,6.06,True,Predicted,zain,Forward,Normal,6: Fall onset
1787666405.1089191,16454,Person 41,266.8,2569.3,2480.0,2650.83,6.06,True,Predicted,zain,Forward,Normal,6: Fall onset
1787666405.1977346,16455,Person 41,266.8,2569.3,2480.0,2650.83,6.06,True,Predicted,zain,Forward,Normal,6: Fall onset
1787666405.2867775,16456,Person 41,266.8,2569.3,2480.0,2650.83,6.06,True,Predicted,zain,Forward,Normal,7: Post-fall stillness
1787666405.3767016,16457,Person 41,266.8,2569.3,2480.0,2650.83,6.06,True,Predicted,zain,Forward,Normal,7: Post-fall stillness
1787666405.464775,16458,Person 41,266.8,2569.3,2480.0,2650.83,6.06,True,Predicted,zain,Forward,Normal,7: Post-fall stillness
1787666405.5550272,16459,Person 41,266.8,2569.3,2480.0,2650.83,6.06,True,Predicted,zain,Forward,Normal,7: Post-fall stillness
1787666405.6434894,16460,Person 41,266.8,2569.3,2480.0,2650.83,6.06,True,Predicted,zain,Forward,Normal,7: Post-fall stillness
1787666405.7322314,16461,Person 41,266.8,2569.3,2480.0,2650.83,6.06,True,Predicted,zain,Forward,Normal,7: Post-fall stillness
1787666405.8207138,16462,Person 41,266.8,2569.3,2480.0,2650.83,6.06,True,Predicted,zain,Forward,Normal,7: Post-fall stillness
1787666405.909701,16463,Person 41,266.8,2569.3,2480.0,2650.83,6.06,True,Predicted,zain,Forward,Normal,7: Post-fall stillness
1787666405.9986591,16464,Person 41,266.8,2569.3,2480.0,2650.83,6.06,True,Predicted,zain,Forward,Normal,7: Post-fall stillness
1787666406.0874386,16465,Person 41,266.8,2569.3,2480.0,2650.83,6.06,True,Predicted,zain,Forward,Normal,7: Post-fall stillness
1787666406.1768649,16466,Person 41,266.8,2569.3,2480.0,2650.83,6.06,True,Predicted,zain,Forward,Normal,7: Post-fall stillness
1787666406.2657764,16467,Person 41,266.8,2569.3,2480.0,2650.83,6.06,True,Searching,zain,Forward,Normal,7: Post-fall stillness
1787666406.354843,16468,Person 41,266.8,2569.3,2480.0,2650.83,6.06,True,Searching,zain,Forward,Normal,7: Post-fall stillness
1787666406.443797,16469,Person 41,266.8,2569.3,2480.0,2650.83,6.06,True,Searching,zain,Forward,Normal,7: Post-fall stillness
1787666406.532741,16470,Person 41,266.8,2569.3,2480.0,2650.83,6.06,True,Searching,zain,Forward,Normal,7: Post-fall stillness
1787666406.621792,16471,Person 41,266.8,2569.3,2480.0,2650.83,6.06,True,Searching,zain,Forward,Normal,7: Post-fall stillness
1787666406.7107978,16472,Person 41,266.8,2569.3,2480.0,2650.83,6.06,True,Searching,zain,Forward,Normal,7: Post-fall stillness
1787666406.799547,16473,Person 41,266.8,2569.3,2480.0,2650.83,6.06,True,Searching,zain,Forward,Normal,7: Post-fall stillness
1787666406.8906145,16474,Person 41,266.8,2569.3,2480.0,2650.83,6.06,True,Searching,zain,Forward,Normal,7: Post-fall stillness
1787666406.9772904,16475,Person 41,266.8,2569.3,2480.0,2650.83,6.06,True,Searching,zain,Forward,Normal,7: Post-fall stillness
1787666407.0661943,16476,Person 41,266.8,2569.3,2480.0,2650.83,6.06,True,Searching,zain,Forward,Normal,8: Recovery / standing back up
1787666407.1559386,16477,Person 41,266.8,2569.3,2480.0,2650.83,6.06,True,Searching,zain,Forward,Normal,8: Recovery / standing back up
1787666407.2444828,16478,Person 41,266.8,2569.3,2480.0,2650.83,6.06,True,Searching,zain,Forward,Normal,8: Recovery / standing back up
1787666407.3347802,16479,Person 41,266.8,2569.3,2480.0,2650.83,6.06,True,Searching,zain,Forward,Normal,8: Recovery / standing back up
1787666407.4234583,16480,Person 41,266.8,2569.3,2480.0,2650.83,6.06,True,Searching,zain,Forward,Normal,8: Recovery / standing back up
1787666407.5113113,16481,Person 41,266.8,2569.3,2480.0,2650.83,6.06,True,Searching,zain,Forward,Normal,8: Recovery / standing back up
1787666407.600868,16482,Person 41,266.8,2569.3,2480.0,2650.83,6.06,True,Searching,zain,Forward,Normal,8: Recovery / standing back up
1787666407.6891887,16483,Person 41,266.8,2569.3,2480.0,2650.83,6.06,True,Searching,zain,Forward,Normal,8: Recovery / standing back up
1787666407.778478,16484,Person 41,266.8,2569.3,2480.0,2650.83,6.06,True,Searching,zain,Forward,Normal,8: Recovery / standing back up
1787666407.8671615,16485,Person 41,266.8,2569.3,2480.0,2650.83,6.06,True,Searching,zain,Forward,Normal,8: Recovery / standing back up
1787666407.9564435,16486,Person 41,266.8,2569.3,2480.0,2650.83,6.06,True,Searching,zain,Forward,Normal,8: Recovery / standing back up
1787666408.0456026,16487,Person 41,266.8,2569.3,2480.0,2650.83,6.06,True,Searching,zain,Forward,Normal,8: Recovery / standing back up
1787666408.133788,16488,Person 41,266.8,2569.3,2480.0,2650.83,6.06,True,Searching,zain,Forward,Normal,8: Recovery / standing back up
1787666408.2236452,16489,Person 41,266.8,2569.3,2480.0,2650.83,6.06,True,Searching,zain,Forward,Normal,8: Recovery / standing back up
1787666408.3125412,16490,Person 41,266.8,2569.3,2480.0,2650.83,6.06,True,Searching,zain,Forward,Normal,8: Recovery / standing back up
1787666408.4014354,16491,Person 41,266.8,2569.3,2480.0,2650.83,6.06,True,Searching,zain,Forward,Normal,8: Recovery / standing back up
1787666408.49093,16492,Person 41,266.8,2569.3,2480.0,2650.83,6.06,True,Searching,zain,Forward,Normal,8: Recovery / standing back up
1787666408.5792704,16493,Person 41,266.8,2569.3,2480.0,2650.83,6.06,True,Searching,zain,Forward,Normal,8: Recovery / standing back up
1787666408.6709182,16494,Person 41,266.8,2569.3,2480.0,2650.83,6.06,True,Searching,zain,Forward,Normal,8: Recovery / standing back up
1787666408.7575157,16495,Person 41,266.8,2569.3,2480.0,2650.83,6.06,True,Searching,zain,Forward,Normal,8: Recovery / standing back up
1787666408.846308,16496,Person 41,266.8,2569.3,2480.0,2650.83,6.06,True,Searching,zain,Forward,Normal,8: Recovery / standing back up
1787666408.9383051,16497,Person 41,266.8,2569.3,2480.0,2650.83,6.06,True,Searching,zain,Forward,Normal,8: Recovery / standing back up
1787666409.025211,16498,Person 41,266.8,2569.3,2480.0,2650.83,6.06,True,Searching,zain,Forward,Normal,8: Recovery / standing back up
1787666409.1134484,16499,Person 41,266.8,2569.3,2480.0,2650.83,6.06,True,Searching,zain,Forward,Normal,8: Recovery / standing back up
1787666409.1134484,16499,Person 41,312.0,1673.0,0.0,1701.84,10.56,True,Active,zain,Forward,Normal,8: Recovery / standing back up
1787666409.202876,16500,Person 41,305.0,1671.0,0.0,1695.4,10.12,True,Active,zain,Forward,Normal,8: Recovery / standing back up
1787666409.2917182,16501,Person 41,301.33,1669.67,0.0,1692.73,10.0,True,Active,zain,Forward,Normal,8: Recovery / standing back up
1787666409.3805945,16502,Person 41,300.0,1668.5,-80.0,1691.11,10.08,True,Active,zain,Forward,Normal,8: Recovery / standing back up
1787666409.4693248,16503,Person 41,300.4,1666.4,-240.0,1685.28,10.32,True,Active,zain,Forward,Normal,8: Recovery / standing back up
1787666409.5584476,16504,Person 41,301.33,1663.83,80.0,1679.12,10.5,True,Active,zain,Forward,Normal,8: Recovery / standing back up
1787666409.6476507,16505,Person 41,302.86,1661.29,80.0,1675.31,10.73,True,Active,zain,Forward,Normal,8: Recovery / standing back up
1787666409.737547,16506,Person 41,304.88,1659.0,80.0,1673.68,10.99,True,Active,zain,Forward,Normal,8: Recovery / standing back up
1787666409.8286324,16507,Person 41,306.78,1657.33,80.0,1675.24,11.08,True,Active,zain,Forward,Normal,8: Recovery / standing back up
1787666409.9141283,16508,Person 41,308.6,1655.8,80.0,1673.85,11.2,True,Active,zain,Forward,Normal,8: Recovery / standing back up
1787666410.0043416,16509,Person 41,309.9,1652.3,80.0,1669.93,11.22,True,Active,zain,Forward,Normal,8: Recovery / standing back up
1787666410.0924406,16510,Person 41,312.2,1648.5,80.0,1662.29,11.13,True,Active,zain,Forward,Normal,8: Recovery / standing back up
1787666410.1824567,16511,Person 41,314.3,1644.4,0.0,1656.23,10.96,True,Active,zain,Forward,Normal,8: Recovery / standing back up
1787666410.270677,16512,Person 41,315.9,1640.0,-640.0,1650.75,10.89,True,Active,zain,Forward,Normal,8: Recovery / standing back up
1787666410.359414,16513,Person 41,317.1,1635.8,-80.0,1646.22,11.0,True,Active,zain,Forward,Normal,8: Recovery / standing back up
1787666410.4480634,16514,Person 41,318.2,1631.8,160.0,1641.89,11.13,True,Active,zain,Forward,Normal,8: Recovery / standing back up
1787666410.5374284,16515,Person 41,319.1,1628.0,-80.0,1639.73,11.29,True,Active,zain,Forward,Normal,2: Standing / idle
1787666410.6260004,16516,Person 41,319.8,1623.9,-160.0,1634.83,11.5,True,Active,zain,Forward,Normal,2: Standing / idle
1787666410.7151618,16517,Person 41,320.9,1619.4,-80.0,1633.31,11.76,True,Active,zain,Forward,Normal,2: Standing / idle
1787666410.8043275,16518,Person 41,322.3,1614.7,80.0,1630.63,12.0,True,Active,zain,Forward,Normal,2: Standing / idle
1787666410.8933268,16519,Person 41,324.0,1609.9,0.0,1626.37,12.14,True,Active,zain,Forward,Normal,2: Standing / idle
1787666410.9821522,16520,Person 41,326.4,1605.4,-80.0,1623.09,12.27,True,Active,zain,Forward,Normal,2: Standing / idle
1787666411.073864,16521,Person 41,329.9,1601.0,-80.0,1620.25,12.48,True,Active,zain,Forward,Normal,2: Standing / idle
1787666411.160735,16522,Person 41,333.8,1596.9,0.0,1618.52,12.52,True,Active,zain,Forward,Normal,2: Standing / idle
1787666411.249473,16523,Person 41,337.5,1593.4,-80.0,1619.49,12.52,True,Active,zain,Forward,Normal,2: Standing / idle
1787666411.3381276,16524,Person 41,341.1,1590.5,-80.0,1620.9,12.58,True,Active,zain,Forward,Normal,2: Standing / idle
1787666411.4273949,16525,Person 41,344.8,1587.9,0.0,1622.0,12.75,True,Active,zain,Forward,Normal,2: Standing / idle
1787666411.5160315,16526,Person 41,348.6,1586.0,80.0,1624.31,12.95,True,Active,zain,Forward,Normal,2: Standing / idle
1787666411.6051636,16527,Person 41,352.1,1584.2,80.0,1623.26,13.1,True,Active,zain,Forward,Normal,2: Standing / idle
1787666411.6942885,16528,Person 41,355.3,1582.8,240.0,1623.95,13.21,True,Active,zain,Forward,Normal,2: Standing / idle
1787666411.7832916,16529,Person 41,358.4,1581.8,320.0,1623.43,13.28,True,Active,zain,Forward,Normal,2: Standing / idle
1787666411.8722126,16530,Person 41,361.2,1580.9,390.0,1620.51,13.31,True,Active,zain,Forward,Normal,2: Standing / idle
1787666411.9612353,16531,Person 41,363.3,1580.1,480.0,1617.13,13.26,True,Active,zain,Forward,Normal,2: Standing / idle
1787666412.0501745,16532,Person 41,364.9,1579.1,480.0,1612.32,13.16,True,Active,zain,Forward,Normal,2: Standing / idle
1787666412.138883,16533,Person 41,366.2,1577.2,390.0,1603.85,13.12,True,Active,zain,Forward,Normal,2: Standing / idle
1787666412.2282617,16534,Person 41,366.7,1574.7,320.0,1597.63,12.95,True,Active,zain,Forward,Normal,2: Standing / idle
1787666412.3179424,16535,Person 41,365.7,1571.7,240.0,1590.54,12.64,True,Active,zain,Forward,Normal,2: Standing / idle
1787666412.4058244,16536,Person 41,363.0,1568.0,160.0,1582.3,12.3,True,Active,zain,Forward,Normal,1: Walking
1787666412.4949086,16537,Person 41,358.6,1564.1,80.0,1575.67,11.87,True,Active,zain,Forward,Normal,1: Walking
1787666412.5841072,16538,Person 41,352.2,1559.7,0.0,1567.36,11.3,True,Active,zain,Forward,Normal,1: Walking
1787666412.6732056,16539,Person 41,340.1,1553.7,0.0,1540.75,9.41,True,Active,zain,Forward,Normal,1: Walking
1787666412.7632644,16540,Person 41,322.1,1546.5,-80.0,1517.32,7.31,True,Active,zain,Forward,Normal,1: Walking
1787666412.850888,16541,Person 41,292.7,1536.9,-80.0,1480.0,2.98,True,Active,zain,Forward,Normal,1: Walking
1787666412.9401965,16542,Person 41,252.2,1524.0,-80.0,1441.5,-1.51,True,Active,zain,Forward,Normal,1: Walking
1787666413.03045,16543,Person 41,200.7,1508.9,-80.0,1419.06,-6.11,True,Active,zain,Forward,Normal,1: Walking
1787666413.1176136,16544,Person 41,139.8,1491.1,-80.0,1401.66,-10.32,True,Active,zain,Forward,Normal,1: Walking
1787666413.2065632,16545,Person 41,71.9,1470.4,-160.0,1385.13,-13.83,True,Active,zain,Forward,Normal,1: Walking
1787666413.2961223,16546,Person 41,-1.8,1447.4,-160.0,1375.45,-16.91,True,Active,zain,Forward,Normal,1: Walking
1787666413.384797,16547,Person 41,-81.0,1421.5,-160.0,1365.69,-20.04,True,Active,zain,Forward,Normal,1: Walking
1787666413.4738536,16548,Person 41,-166.1,1393.0,-160.0,1365.08,-23.49,True,Active,zain,Forward,Normal,1: Walking
1787666413.56311,16549,Person 41,-253.2,1364.0,-240.0,1376.98,-26.71,True,Active,zain,Forward,Normal,1: Walking
1787666413.6519015,16550,Person 41,-341.3,1334.4,-390.0,1391.05,-29.64,True,Active,zain,Forward,Normal,1: Walking
1787666413.741071,16551,Person 41,-424.7,1303.3,-390.0,1391.02,-32.97,True,Active,zain,Forward,Normal,1: Walking
1787666413.8297267,16552,Person 41,-504.0,1273.4,-390.0,1412.35,-36.04,True,Active,zain,Forward,Normal,1: Walking
1787666413.9188,16553,Person 41,-578.3,1244.4,-480.0,1433.83,-38.57,True,Active,zain,Forward,Normal,1: Walking
1787666414.007997,16554,Person 41,-648.4,1216.9,-480.0,1457.78,-40.77,True,Active,zain,Forward,Normal,1: Walking
1787666414.096835,16555,Person 41,-716.5,1190.8,-560.0,1482.97,-43.03,True,Active,zain,Forward,Normal,1: Walking
1787666414.1858177,16556,Person 41,-783.9,1166.1,-560.0,1515.33,-45.13,True,Active,zain,Forward,Normal,1: Walking
1787666414.274948,16557,Person 41,-850.7,1143.6,-480.0,1552.37,-47.04,True,Active,zain,Forward,Normal,1: Walking
1787666414.3656695,16558,Person 41,-916.5,1122.5,-390.0,1590.12,-49.11,True,Active,zain,Forward,Normal,1: Walking
1787666414.452731,16559,Person 41,-981.5,1101.9,-390.0,1630.62,-51.1,True,Active,zain,Forward,Normal,1: Walking
1787666414.5417693,16560,Person 41,-1045.5,1081.3,-320.0,1664.21,-52.94,True,Active,zain,Forward,Normal,1: Walking
1787666414.631077,16561,Person 41,-1109.4,1062.3,-390.0,1703.92,-55.01,True,Active,zain,Forward,Normal,1: Walking
1787666414.7197092,16562,Person 41,-1171.9,1044.9,-320.0,1748.42,-56.38,True,Active,zain,Forward,Normal,1: Walking
1787666414.8102484,16563,Person 41,-1233.9,1029.1,-320.0,1794.31,-57.54,True,Active,zain,Forward,Normal,1: Walking
1787666414.8977137,16564,Person 41,-1295.4,1014.8,-320.0,1838.21,-58.48,True,Active,zain,Forward,Normal,1: Walking
1787666414.9864657,16565,Person 41,-1355.7,1002.4,-320.0,1878.78,-59.27,True,Active,zain,Forward,Normal,1: Walking
1787666415.0757146,16566,Person 41,-1414.2,993.3,-80.0,1925.82,-59.48,True,Active,zain,Forward,Normal,1: Walking
1787666415.1647704,16567,Person 41,-1469.0,985.4,80.0,1947.9,-59.83,True,Active,zain,Forward,Normal,1: Walking
1787666415.2533438,16568,Person 41,-1517.4,979.2,160.0,1949.62,-59.86,True,Active,zain,Forward,Normal,1: Walking
1787666415.3425882,16569,Person 41,-1558.3,974.4,80.0,1941.2,-59.82,True,Active,zain,Forward,Normal,1: Walking
1787666415.4316237,16570,Person 41,-1592.7,971.6,80.0,1935.51,-59.75,True,Active,zain,Forward,Normal,1: Walking
1787666415.520445,16571,Person 41,-1620.3,971.5,560.0,1936.02,-59.73,True,Active,zain,Forward,Normal,1: Walking
1787666415.6090505,16572,Person 41,-1641.9,972.2,320.0,1935.51,-59.75,True,Active,zain,Forward,Normal,1: Walking
1787666415.698588,16573,Person 41,-1657.8,973.0,390.0,1934.37,-59.87,True,Active,zain,Forward,Normal,1: Walking
1787666415.787851,16574,Person 41,-1668.3,973.4,240.0,1930.49,-60.01,True,Active,zain,Forward,Normal,1: Walking
1787666415.8769047,16575,Person 41,-1673.7,973.5,320.0,1925.9,-60.07,True,Active,zain,Forward,Normal,1: Walking
1787666415.9656143,16576,Person 41,-1674.4,971.3,320.0,1920.81,-60.15,True,Active,zain,Forward,Normal,1: Walking
1787666416.0549307,16577,Person 41,-1672.3,968.4,480.0,1915.22,-60.26,True,Active,zain,Forward,Normal,1: Walking
1787666416.1435056,16578,Person 41,-1669.8,964.9,480.0,1910.51,-60.39,True,Active,zain,Forward,Normal,1: Walking
1787666416.2324333,16579,Person 41,-1667.8,961.1,480.0,1904.94,-60.5,True,Active,zain,Forward,Normal,1: Walking
1787666416.3214183,16580,Person 41,-1665.6,957.1,480.0,1896.5,-60.46,True,Active,zain,Forward,Normal,1: Walking
1787666416.413583,16581,Person 41,-1662.1,953.0,390.0,1885.2,-60.27,True,Active,zain,Forward,Normal,1: Walking
1787666416.4994757,16582,Person 41,-1656.8,949.4,390.0,1871.6,-59.89,True,Active,zain,Forward,Normal,1: Walking
1787666416.5879445,16583,Person 41,-1649.6,946.5,390.0,1857.57,-59.53,True,Active,zain,Forward,Normal,1: Walking
1787666416.67735,16584,Person 41,-1640.3,944.7,390.0,1841.21,-59.05,True,Active,zain,Forward,Normal,1: Walking
1787666416.7665677,16585,Person 41,-1628.9,944.3,480.0,1825.89,-58.39,True,Active,zain,Forward,Normal,1: Walking
1787666416.855357,16586,Person 41,-1610.8,946.9,640.0,1780.32,-56.52,True,Active,zain,Forward,Normal,1: Walking
1787666416.9441943,16587,Person 41,-1586.6,951.5,480.0,1735.3,-54.97,True,Active,zain,Forward,Normal,1: Walking
1787666417.0335708,16588,Person 41,-1556.2,957.7,560.0,1689.23,-53.45,True,Active,zain,Forward,Normal,1: Walking
1787666417.1222162,16589,Person 41,-1519.6,965.2,390.0,1641.78,-51.9,True,Active,zain,Forward,Normal,1: Walking
1787666417.2112582,16590,Person 41,-1472.9,973.2,390.0,1558.75,-49.37,True,Active,zain,Forward,Normal,1: Walking
1787666417.299818,16591,Person 41,-1416.7,981.5,240.0,1480.52,-46.56,True,Active,zain,Forward,Normal,1: Walking
1787666417.3893642,16592,Person 41,-1351.8,989.8,160.0,1409.04,-43.5,True,Active,zain,Forward,Normal,1: Walking
1787666417.478273,16593,Person 41,-1278.2,998.7,80.0,1345.8,-40.0,True,Active,zain,Forward,Normal,1: Walking
1787666417.567508,16594,Person 41,-1196.7,1007.7,80.0,1288.05,-36.38,True,Active,zain,Forward,Normal,1: Walking
1787666417.6560626,16595,Person 41,-1107.9,1016.2,80.0,1237.2,-32.62,True,Active,zain,Forward,Normal,1: Walking
1787666417.745174,16596,Person 41,-1017.1,1022.6,80.0,1194.59,-28.88,True,Active,zain,Forward,Normal,1: Walking
1787666417.8343308,16597,Person 41,-922.2,1029.4,-160.0,1163.99,-23.92,True,Active,zain,Forward,Normal,1: Walking
1787666417.923331,16598,Person 41,-824.6,1036.6,-80.0,1143.35,-19.47,True,Active,zain,Forward,Normal,1: Walking
1787666418.0125773,16599,Person 41,-724.1,1044.0,0.0,1124.25,-14.79,True,Active,zain,Forward,Normal,1: Walking
1787666418.1008222,16600,Person 41,-625.4,1051.9,0.0,1111.42,-10.16,True,Active,zain,Forward,Normal,1: Walking
1787666418.1904058,16601,Person 41,-530.1,1059.2,-80.0,1097.8,-6.38,True,Active,zain,Forward,Normal,1: Walking
1787666418.2793064,16602,Person 41,-439.3,1066.6,80.0,1097.75,-3.24,True,Active,zain,Forward,Normal,1: Walking
1787666418.368423,16603,Person 41,-352.1,1072.8,80.0,1093.02,0.37,True,Active,zain,Forward,Normal,1: Walking
1787666418.457699,16604,Person 41,-267.7,1077.6,320.0,1087.95,4.22,True,Active,zain,Forward,Normal,1: Walking
1787666418.5466237,16605,Person 41,-186.0,1080.8,320.0,1084.42,7.95,True,Active,zain,Forward,Normal,1: Walking
1787666418.6353457,16606,Person 41,-106.0,1081.9,320.0,1080.27,11.91,True,Active,zain,Forward,Normal,1: Walking
1787666418.725635,16607,Person 41,-30.7,1079.2,320.0,1074.4,15.16,True,Active,zain,Forward,Normal,1: Walking
1787666418.8132732,16608,Person 41,39.7,1073.0,320.0,1066.11,17.64,True,Active,zain,Forward,Normal,1: Walking
1787666418.9024923,16609,Person 41,103.5,1064.0,0.0,1056.98,19.39,True,Active,zain,Forward,Normal,1: Walking
1787666418.9906108,16610,Person 41,159.8,1053.7,240.0,1056.77,20.32,True,Active,zain,Forward,Normal,1: Walking
1787666419.0803509,16611,Person 41,209.7,1041.7,480.0,1041.62,21.22,True,Active,zain,Forward,Normal,1: Walking
1787666419.169025,16612,Person 41,253.9,1028.2,390.0,1033.4,21.57,True,Active,zain,Forward,Normal,1: Walking
1787666419.257854,16613,Person 41,291.1,1014.3,240.0,1026.53,21.67,True,Active,zain,Forward,Normal,1: Walking
1787666419.3478646,16614,Person 41,320.9,999.8,390.0,1013.16,21.91,True,Active,zain,Forward,Normal,1: Walking
1787666419.4359496,16615,Person 41,343.9,984.7,560.0,998.16,22.38,True,Active,zain,Forward,Normal,1: Walking
1787666419.5252388,16616,Person 41,360.2,969.2,640.0,981.12,23.17,True,Active,zain,Forward,Normal,1: Walking
1787666419.6137671,16617,Person 41,370.3,953.6,80.0,960.25,23.44,True,Active,zain,Forward,Normal,1: Walking
1787666419.7029195,16618,Person 41,375.9,938.2,160.0,941.64,23.73,True,Active,zain,Forward,Normal,1: Walking
1787666419.792745,16619,Person 41,377.8,923.3,-160.0,925.2,23.57,True,Active,zain,Forward,Normal,1: Walking
1787666419.881447,16620,Person 41,377.3,907.7,-160.0,910.09,23.44,True,Active,zain,Forward,Normal,1: Walking
1787666419.9701202,16621,Person 41,375.0,892.8,-160.0,894.99,23.3,True,Active,zain,Forward,Normal,1: Walking
1787666420.0593028,16622,Person 41,371.0,878.4,-320.0,884.92,22.59,True,Active,zain,Forward,Normal,1: Walking
1787666420.1478105,16623,Person 41,365.3,864.8,-240.0,879.09,21.49,True,Active,zain,Forward,Normal,1: Walking
1787666420.2370276,16624,Person 41,357.7,853.4,-160.0,879.48,20.08,True,Active,zain,Forward,Normal,1: Walking
1787666420.3255162,16625,Person 41,347.6,844.8,-240.0,882.28,18.43,True,Active,zain,Forward,Normal,1: Walking
1787666420.4152982,16626,Person 41,334.2,839.5,-160.0,885.61,16.53,True,Active,zain,Forward,Normal,1: Walking
1787666420.5049915,16627,Person 41,317.9,837.4,-160.0,887.45,14.29,True,Active,zain,Forward,Normal,1: Walking
1787666420.592679,16628,Person 41,294.2,839.3,-160.0,892.37,9.16,True,Active,zain,Forward,Normal,1: Walking
1787666420.686975,16629,Person 41,263.7,844.2,-160.0,899.35,4.14,True,Active,zain,Forward,Normal,1: Walking
1787666420.7709055,16630,Person 41,225.8,850.9,-320.0,902.16,-1.08,True,Active,zain,Forward,Normal,1: Walking
1787666420.859789,16631,Person 41,180.9,858.3,-390.0,901.02,-6.05,True,Active,zain,Forward,Normal,1: Walking
1787666420.9489672,16632,Person 41,131.5,867.3,-240.0,919.98,-9.64,True,Active,zain,Forward,Normal,1: Walking
1787666421.0378053,16633,Person 41,78.4,877.1,-160.0,939.54,-12.85,True,Active,zain,Forward,Normal,1: Walking
1787666421.1267085,16634,Person 41,23.9,886.7,-80.0,953.48,-14.76,True,Active,zain,Forward,Normal,1: Walking
1787666421.2153409,16635,Person 41,-31.8,895.8,-160.0,968.75,-16.68,True,Active,zain,Forward,Normal,1: Walking
1787666421.3049495,16636,Person 41,-87.6,905.3,-80.0,992.36,-17.96,True,Active,zain,Forward,Normal,1: Walking
1787666421.3937464,16637,Person 41,-143.1,914.5,-240.0,1009.55,-19.44,True,Active,zain,Forward,Normal,1: Walking
1787666421.482927,16638,Person 41,-193.9,922.3,-160.0,1026.47,-20.89,True,Active,zain,Forward,Normal,1: Walking
1787666421.571741,16639,Person 41,-238.6,929.0,-240.0,1036.93,-21.62,True,Active,zain,Forward,Normal,1: Walking
1787666421.660262,16640,Person 41,-275.1,936.0,-160.0,1044.37,-21.46,True,Active,zain,Forward,Normal,1: Walking
1787666421.752571,16641,Person 41,-303.7,944.8,-240.0,1055.19,-21.17,True,Active,zain,Forward,Normal,1: Walking
1787666421.8405807,16642,Person 41,-326.0,953.9,-240.0,1066.83,-20.69,True,Active,zain,Forward,Normal,1: Walking
1787666421.9277568,16643,Person 41,-341.4,963.5,-240.0,1075.13,-19.73,True,Active,zain,Forward,Normal,1: Walking
1787666422.0166228,16644,Person 41,-351.3,973.9,-240.0,1081.5,-18.43,True,Active,zain,Forward,Normal,1: Walking
1787666422.1064785,16645,Person 41,-355.6,985.3,-320.0,1090.32,-17.12,True,Active,zain,Forward,Normal,1: Walking
1787666422.1947958,16646,Person 41,-354.3,997.0,-480.0,1100.71,-15.44,True,Active,zain,Forward,Normal,1: Walking
1787666422.2850575,16647,Person 41,-346.9,1009.6,-320.0,1109.38,-13.66,True,Active,zain,Forward,Normal,1: Walking
1787666422.3727405,16648,Person 41,-333.2,1023.7,-390.0,1123.58,-11.76,True,Active,zain,Forward,Normal,1: Walking
1787666422.4620569,16649,Person 41,-314.7,1039.3,-390.0,1137.19,-9.98,True,Active,zain,Forward,Normal,1: Walking
1787666422.550206,16650,Person 41,-293.5,1056.5,-240.0,1156.56,-8.45,True,Active,zain,Forward,Normal,1: Walking
1787666422.639615,16651,Person 41,-269.6,1075.2,-320.0,1179.58,-6.91,True,Active,zain,Forward,Normal,1: Walking
1787666422.7283947,16652,Person 41,-240.1,1097.9,-480.0,1227.74,-3.83,True,Active,zain,Forward,Normal,1: Walking
1787666422.8173256,16653,Person 41,-207.0,1125.5,-560.0,1288.4,-1.42,True,Active,zain,Forward,Normal,1: Walking
1787666422.9066277,16654,Person 41,-171.2,1158.4,-640.0,1355.09,0.68,True,Active,zain,Forward,Normal,1: Walking
1787666422.9953804,16655,Person 41,-133.8,1194.1,-160.0,1400.0,2.17,True,Active,zain,Forward,Normal,1: Walking
1787666423.084368,16656,Person 41,-94.3,1230.7,-240.0,1430.64,4.09,True,Active,zain,Forward,Normal,1: Walking
1787666423.17395,16657,Person 41,-52.8,1268.1,-320.0,1460.04,6.02,True,Active,zain,Forward,Normal,1: Walking
1787666423.2622037,16658,Person 41,-11.2,1306.7,-480.0,1497.72,7.17,True,Active,zain,Forward,Normal,1: Walking
1787666423.351389,16659,Person 41,30.3,1344.5,-240.0,1513.78,8.28,True,Active,zain,Forward,Normal,1: Walking
1787666423.4408214,16660,Person 41,73.3,1382.3,-720.0,1544.05,9.69,True,Active,zain,Forward,Normal,1: Walking
1787666423.5294628,16661,Person 41,116.5,1422.1,-640.0,1595.58,10.47,True,Active,zain,Forward,Normal,1: Walking
1787666423.6183455,16662,Person 41,155.4,1463.4,-880.0,1666.52,10.62,True,Active,zain,Forward,Normal,1: Walking
1787666423.7076013,16663,Person 41,191.1,1505.7,-1360.0,1741.59,10.76,True,Active,zain,Forward,Normal,6: Fall onset
1787666423.7967784,16664,Person 41,224.9,1549.1,-1680.0,1823.69,11.19,True,Active,zain,Forward,Normal,6: Fall onset
1787666423.888747,16665,Person 41,257.4,1597.0,-1760.0,1915.66,11.38,True,Active,zain,Forward,Normal,6: Fall onset
1787666423.974655,16666,Person 41,286.3,1653.0,-2080.0,2025.1,11.13,True,Active,zain,Forward,Normal,6: Fall onset
1787666424.063402,16667,Person 41,310.5,1718.9,-2390.0,2147.64,10.6,True,Active,zain,Forward,Normal,6: Fall onset
1787666424.1521852,16668,Person 41,331.4,1794.4,-2390.0,2275.72,10.02,True,Active,zain,Forward,Normal,6: Fall onset
1787666424.2412498,16669,Person 41,349.0,1881.2,-2390.0,2398.58,9.45,True,Active,zain,Forward,Normal,6: Fall onset
1787666424.3302913,16670,Person 41,362.1,1977.2,-2390.0,2512.61,8.95,True,Active,zain,Forward,Normal,6: Fall onset
1787666424.4194036,16671,Person 41,371.9,2078.8,-2390.0,2613.96,8.54,True,Active,zain,Forward,Normal,6: Fall onset
1787666424.508086,16672,Person 41,379.6,2182.7,-2390.0,2704.4,8.16,True,Active,zain,Forward,Normal,6: Fall onset
1787666424.5971534,16673,Person 41,385.2,2287.2,-2390.0,2782.21,7.87,True,Active,zain,Forward,Normal,6: Fall onset
1787666424.6863885,16674,Person 41,387.6,2390.7,-2390.0,2849.19,7.62,True,Active,zain,Forward,Normal,6: Fall onset
1787666424.7829227,16675,Person 41,387.3,2491.0,-2390.0,2905.3,7.42,True,Active,zain,Forward,Normal,6: Fall onset
1787666424.8641458,16676,Person 41,385.4,2585.2,-2390.0,2952.53,7.24,True,Active,zain,Forward,Normal,6: Fall onset
1787666424.9530609,16677,Person 41,382.9,2671.1,-2390.0,2992.96,7.1,True,Active,zain,Forward,Normal,6: Fall onset
1787666425.0419955,16678,Person 41,380.1,2747.4,-2390.0,3026.46,6.98,True,Active,zain,Forward,Normal,6: Fall onset
1787666425.1313217,16679,Person 41,377.5,2812.7,-2390.0,3041.35,6.95,True,Active,zain,Forward,Normal,6: Fall onset
1787666425.2199438,16680,Person 41,375.1,2867.7,-2390.0,3054.13,6.9,True,Active,zain,Forward,Normal,6: Fall onset
1787666425.308731,16681,Person 41,372.9,2913.6,-2390.0,3065.92,6.86,True,Active,zain,Forward,Normal,6: Fall onset
1787666425.398256,16682,Person 41,371.1,2951.4,-2390.0,3076.85,6.83,True,Active,zain,Forward,Normal,6: Fall onset
1787666425.4877863,16683,Person 41,371.1,2951.4,-2390.0,3076.85,6.83,True,Predicted,zain,Forward,Normal,6: Fall onset
1787666425.5759923,16684,Person 41,371.1,2951.4,-2390.0,3076.85,6.83,True,Predicted,zain,Forward,Normal,6: Fall onset
1787666425.6648495,16685,Person 41,371.1,2951.4,-2390.0,3076.85,6.83,True,Predicted,zain,Forward,Normal,6: Fall onset
1787666425.754135,16686,Person 41,371.1,2951.4,-2390.0,3076.85,6.83,True,Predicted,zain,Forward,Normal,6: Fall onset
1787666425.8425114,16687,Person 41,371.1,2951.4,-2390.0,3076.85,6.83,True,Predicted,zain,Forward,Normal,6: Fall onset
1787666425.9321773,16688,Person 41,371.1,2951.4,-2390.0,3076.85,6.83,True,Predicted,zain,Forward,Normal,6: Fall onset
1787666426.0211456,16689,Person 41,371.1,2951.4,-2390.0,3076.85,6.83,True,Predicted,zain,Forward,Normal,6: Fall onset
1787666426.1099074,16690,Person 41,371.1,2951.4,-2390.0,3076.85,6.83,True,Predicted,zain,Forward,Normal,6: Fall onset
1787666426.1988175,16691,Person 41,371.1,2951.4,-2390.0,3076.85,6.83,True,Predicted,zain,Forward,Normal,6: Fall onset
1787666426.287405,16692,Person 41,371.1,2951.4,-2390.0,3076.85,6.83,True,Predicted,zain,Forward,Normal,6: Fall onset
1787666426.3770163,16693,Person 41,371.1,2951.4,-2390.0,3076.85,6.83,True,Predicted,zain,Forward,Normal,6: Fall onset
1787666426.4658496,16694,Person 41,371.1,2951.4,-2390.0,3076.85,6.83,True,Predicted,zain,Forward,Normal,6: Fall onset
1787666426.5546222,16695,Person 41,371.1,2951.4,-2390.0,3076.85,6.83,True,Predicted,zain,Forward,Normal,6: Fall onset
1787666426.6438007,16696,Person 41,371.1,2951.4,-2390.0,3076.85,6.83,True,Predicted,zain,Forward,Normal,6: Fall onset
1787666426.732778,16697,Person 41,371.1,2951.4,-2390.0,3076.85,6.83,True,Predicted,zain,Forward,Normal,6: Fall onset
1787666426.821947,16698,Person 41,371.1,2951.4,-2390.0,3076.85,6.83,True,Searching,zain,Forward,Normal,7: Post-fall stillness
1787666426.9104536,16699,Person 41,371.1,2951.4,-2390.0,3076.85,6.83,True,Searching,zain,Forward,Normal,7: Post-fall stillness
1787666427.0005555,16700,Person 41,371.1,2951.4,-2390.0,3076.85,6.83,True,Searching,zain,Forward,Normal,7: Post-fall stillness
1787666427.088953,16701,Person 41,371.1,2951.4,-2390.0,3076.85,6.83,True,Searching,zain,Forward,Normal,7: Post-fall stillness
1787666427.1779077,16702,Person 41,371.1,2951.4,-2390.0,3076.85,6.83,True,Searching,zain,Forward,Normal,7: Post-fall stillness
1787666427.2677443,16703,Person 41,371.1,2951.4,-2390.0,3076.85,6.83,True,Searching,zain,Forward,Normal,7: Post-fall stillness
1787666427.3559551,16704,Person 41,371.1,2951.4,-2390.0,3076.85,6.83,True,Searching,zain,Forward,Normal,7: Post-fall stillness
1787666427.444662,16705,Person 41,371.1,2951.4,-2390.0,3076.85,6.83,True,Searching,zain,Forward,Normal,7: Post-fall stillness
1787666427.5338824,16706,Person 41,371.1,2951.4,-2390.0,3076.85,6.83,True,Searching,zain,Forward,Normal,7: Post-fall stillness
1787666427.6227758,16707,Person 41,371.1,2951.4,-2390.0,3076.85,6.83,True,Searching,zain,Forward,Normal,7: Post-fall stillness
1787666427.7124422,16708,Person 41,371.1,2951.4,-2390.0,3076.85,6.83,True,Searching,zain,Forward,Normal,7: Post-fall stillness
1787666427.8014257,16709,Person 41,371.1,2951.4,-2390.0,3076.85,6.83,True,Searching,zain,Forward,Normal,7: Post-fall stillness
1787666427.8895235,16710,Person 41,371.1,2951.4,-2390.0,3076.85,6.83,True,Searching,zain,Forward,Normal,7: Post-fall stillness
1787666427.9808962,16711,Person 41,371.1,2951.4,-2390.0,3076.85,6.83,True,Searching,zain,Forward,Normal,7: Post-fall stillness
1787666428.0687268,16712,Person 41,371.1,2951.4,-2390.0,3076.85,6.83,True,Searching,zain,Forward,Normal,7: Post-fall stillness
1787666428.1564262,16713,Person 41,371.1,2951.4,-2390.0,3076.85,6.83,True,Searching,zain,Forward,Normal,7: Post-fall stillness
1787666428.2455778,16714,Person 41,371.1,2951.4,-2390.0,3076.85,6.83,True,Searching,zain,Forward,Normal,7: Post-fall stillness
1787666428.334436,16715,Person 41,371.1,2951.4,-2390.0,3076.85,6.83,True,Searching,zain,Forward,Normal,7: Post-fall stillness
1787666428.4242566,16716,Person 41,371.1,2951.4,-2390.0,3076.85,6.83,True,Searching,zain,Forward,Normal,7: Post-fall stillness
1787666428.5125058,16717,Person 41,371.1,2951.4,-2390.0,3076.85,6.83,True,Searching,zain,Forward,Normal,7: Post-fall stillness
1787666428.6017325,16718,Person 41,371.1,2951.4,-2390.0,3076.85,6.83,True,Searching,zain,Forward,Normal,7: Post-fall stillness
1787666428.690627,16719,Person 41,371.1,2951.4,-2390.0,3076.85,6.83,True,Searching,zain,Forward,Normal,7: Post-fall stillness
1787666428.7794547,16720,Person 41,371.1,2951.4,-2390.0,3076.85,6.83,True,Searching,zain,Forward,Normal,7: Post-fall stillness
1787666428.8682456,16721,Person 41,371.1,2951.4,-2390.0,3076.85,6.83,True,Searching,zain,Forward,Normal,7: Post-fall stillness
1787666428.9574358,16722,Person 41,371.1,2951.4,-2390.0,3076.85,6.83,True,Searching,zain,Forward,Normal,8: Recovery / standing back up
1787666429.047311,16723,Person 41,371.1,2951.4,-2390.0,3076.85,6.83,True,Searching,zain,Forward,Normal,8: Recovery / standing back up
1787666429.135414,16724,Person 41,371.1,2951.4,-2390.0,3076.85,6.83,True,Searching,zain,Forward,Normal,8: Recovery / standing back up
1787666429.2246246,16725,Person 41,371.1,2951.4,-2390.0,3076.85,6.83,True,Searching,zain,Forward,Normal,8: Recovery / standing back up
1787666429.315794,16726,Person 41,371.1,2951.4,-2390.0,3076.85,6.83,True,Searching,zain,Forward,Normal,8: Recovery / standing back up
1787666429.4021063,16727,Person 41,371.1,2951.4,-2390.0,3076.85,6.83,True,Searching,zain,Forward,Normal,8: Recovery / standing back up
1787666429.4915042,16728,Person 41,371.1,2951.4,-2390.0,3076.85,6.83,True,Searching,zain,Forward,Normal,8: Recovery / standing back up
1787666429.579996,16729,Person 41,371.1,2951.4,-2390.0,3076.85,6.83,True,Searching,zain,Forward,Normal,8: Recovery / standing back up
1787666429.669586,16730,Person 41,371.1,2951.4,-2390.0,3076.85,6.83,True,Searching,zain,Forward,Normal,8: Recovery / standing back up
1787666429.7583234,16731,Person 41,371.1,2951.4,-2390.0,3076.85,6.83,True,Searching,zain,Forward,Normal,8: Recovery / standing back up
1787666429.8474514,16732,Person 41,371.1,2951.4,-2390.0,3076.85,6.83,True,Searching,zain,Forward,Normal,8: Recovery / standing back up
1787666429.9359343,16733,Person 41,371.1,2951.4,-2390.0,3076.85,6.83,True,Searching,zain,Forward,Normal,8: Recovery / standing back up
1787666430.025385,16734,Person 41,-363.0,5020.0,80.0,5033.11,-4.14,True,Active,zain,Forward,Normal,8: Recovery / standing back up
1787666430.1146858,16735,Person 41,-389.0,5010.0,80.0,5017.19,-4.74,True,Active,zain,Forward,Normal,8: Recovery / standing back up
1787666430.20356,16736,Person 41,-413.33,5000.67,80.0,5003.38,-5.3,True,Active,zain,Forward,Normal,8: Recovery / standing back up
1787666430.2923005,16737,Person 41,-436.25,4992.25,80.0,4992.61,-5.81,True,Active,zain,Forward,Normal,8: Recovery / standing back up
1787666430.3812978,16738,Person 41,-455.4,4986.6,-80.0,4992.43,-6.12,True,Active,zain,Forward,Normal,8: Recovery / standing back up
1787666430.4704034,16739,Person 41,-469.0,4982.83,0.0,4992.96,-6.17,True,Active,zain,Forward,Normal,8: Recovery / standing back up
1787666430.5596669,16740,Person 41,-479.57,4980.29,-320.0,4994.6,-6.24,True,Active,zain,Forward,Normal,8: Recovery / standing back up
1787666430.6482663,16741,Person 41,-488.12,4978.5,-320.0,4996.14,-6.3,True,Active,zain,Forward,Normal,8: Recovery / standing back up
1787666430.7374227,16742,Person 41,-495.33,4977.33,-320.0,4998.68,-6.35,True,Active,zain,Forward,Normal,8: Recovery / standing back up
1787666430.826467,16743,Person 41,-501.6,4976.5,-320.0,5000.23,-6.41,True,Active,zain,Forward,Normal,8: Recovery / standing back up
1787666430.915495,16744,Person 41,-521.5,4971.6,-320.0,5002.67,-6.45,True,Active,zain,Forward,Normal,8: Recovery / standing back up
1787666431.0041263,16745,Person 41,-536.2,4968.7,0.0,5002.67,-6.45,True,Active,zain,Forward,Normal,8: Recovery / standing back up
1787666431.094683,16746,Person 41,-546.1,4967.5,0.0,5001.56,-6.44,True,Active,zain,Forward,Normal,8: Recovery / standing back up
1787666431.182569,16747,Person 41,-551.6,4967.8,0.0,5001.45,-6.43,True,Active,zain,Forward,Normal,8: Recovery / standing back up
1787666431.2710905,16748,Person 41,-554.2,4968.4,0.0,5001.23,-6.41,True,Active,zain,Forward,Normal,8: Recovery / standing back up
1787666431.360308,16749,Person 41,-556.4,4968.3,0.0,4994.38,-6.43,True,Active,zain,Forward,Normal,8: Recovery / standing back up
1787666431.449575,16750,Person 41,-558.2,4967.3,0.0,4986.66,-6.46,True,Active,zain,Forward,Normal,8: Recovery / standing back up
1787666431.5381927,16751,Person 41,-559.6,4965.5,0.0,4979.81,-6.48,True,Active,zain,Forward,Normal,8: Recovery / standing back up
1787666431.6272943,16752,Person 41,-560.7,4962.7,0.0,4972.09,-6.51,True,Active,zain,Forward,Normal,8: Recovery / standing back up
1787666431.716082,16753,Person 41,-561.4,4959.1,0.0,4965.25,-6.53,True,Active,zain,Forward,Normal,8: Recovery / standing back up
1787666431.8054636,16754,Person 41,-561.8,4954.6,0.0,4958.41,-6.55,True,Active,zain,Forward,Normal,8: Recovery / standing back up
1787666431.895315,16755,Person 41,-562.4,4949.4,0.0,4951.69,-6.59,True,Active,zain,Forward,Normal,8: Recovery / standing back up
1787666431.983371,16756,Person 41,-563.2,4943.7,0.0,4945.84,-6.61,True,Active,zain,Forward,Normal,8: Recovery / standing back up
1787666432.0723867,16757,Person 41,-564.2,4937.4,0.0,4939.99,-6.63,True,Active,zain,Forward,Normal,8: Recovery / standing back up
1787666432.1610725,16758,Person 41,-565.5,4930.5,0.0,4934.15,-6.65,True,Active,zain,Forward,Normal,8: Recovery / standing back up
1787666432.2502382,16759,Person 41,-567.3,4923.6,-80.0,4927.9,-6.72,True,Active,zain,Forward,Normal,8: Recovery / standing back up
1787666432.3390844,16760,Person 41,-569.5,4916.8,-80.0,4921.65,-6.8,True,Active,zain,Forward,Normal,8: Recovery / standing back up
1787666432.4283907,16761,Person 41,-572.3,4910.1,-80.0,4916.53,-6.89,True,Active,zain,Forward,Normal,8: Recovery / standing back up
1787666432.5187929,16762,Person 41,-575.5,4903.6,-80.0,4911.3,-6.97,True,Active,zain,Forward,Normal,8: Recovery / standing back up
1787666432.6063612,16763,Person 41,-579.2,4897.2,-80.0,4906.07,-7.05,True,Active,zain,Forward,Normal,8: Recovery / standing back up
1787666432.6958337,16764,Person 41,-583.3,4890.9,-80.0,4900.74,-7.11,True,Active,zain,Forward,Normal,8: Recovery / standing back up
1787666432.7844467,16765,Person 41,-587.8,4884.8,-80.0,4896.52,-7.19,True,Active,zain,Forward,Normal,8: Recovery / standing back up
1787666432.8730175,16766,Person 41,-592.7,4878.7,-80.0,4891.2,-7.26,True,Active,zain,Forward,Normal,8: Recovery / standing back up
