timestamp,sequence_id,target_id,x_mm,y_mm,speed_mms,distance_mm,angle_deg,valid,status,volunteer_id,fall_subtype,pace_variant,action_label
1790441080.9519677,17677,Target 0,-925.0,1608.0,-80.0,1855.07,-29.91,True,Active,zain,Forward,Normal,2: Standing / idle
1790441081.0402749,17678,Target 0,-927.0,1616.0,-80.0,1863.0,-29.84,True,Active,zain,Forward,Normal,2: Standing / idle
1790441081.1823387,17679,Target 0,-926.0,1624.0,0.0,1869.45,-29.69,True,Active,zain,Forward,Normal,2: Standing / idle
1790441081.2182226,17680,Target 0,-926.0,1630.0,0.0,1874.67,-29.6,True,Active,zain,Forward,Normal,2: Standing / idle
1790441081.3229403,17681,Target 0,-925.0,1638.0,80.0,1881.14,-29.45,True,Active,zain,Forward,Normal,2: Standing / idle
1790441081.395937,17682,Target 0,-923.0,1645.0,80.0,1886.25,-29.3,True,Active,zain,Forward,Normal,2: Standing / idle
1790441081.5021126,17683,Target 0,-925.0,1648.0,160.0,1889.85,-29.3,True,Active,zain,Forward,Normal,2: Standing / idle
1790441081.574051,17684,Target 0,-924.0,1653.0,0.0,1893.72,-29.2,True,Active,zain,Forward,Normal,2: Standing / idle
1790441081.6649756,17685,Target 0,-923.0,1655.0,80.0,1894.98,-29.15,True,Active,zain,Forward,Normal,2: Standing / idle
1790441081.8059578,17686,Target 0,-921.0,1656.0,80.0,1894.88,-29.08,True,Active,zain,Forward,Normal,2: Standing / idle
1790441081.8550308,17687,Target 0,-916.0,1656.0,80.0,1892.46,-28.95,True,Active,zain,Forward,Normal,2: Standing / idle
1790441081.932566,17688,Target 0,-913.0,1656.0,160.0,1891.01,-28.87,True,Active,zain,Forward,Normal,2: Standing / idle
1790441082.0230792,17689,Target 0,-912.0,1655.0,-80.0,1889.65,-28.86,True,Active,zain,Forward,Normal,2: Standing / idle
1790441082.1175866,17690,Target 0,-914.0,1651.0,-160.0,1887.11,-28.97,True,Active,zain,Forward,Normal,2: Standing / idle
1790441082.2103357,17691,Target 0,-916.0,1646.0,-240.0,1883.71,-29.1,True,Active,zain,Forward,Normal,2: Standing / idle
1790441082.2851465,17692,Target 0,-918.0,1642.0,-160.0,1881.19,-29.21,True,Active,zain,Forward,Normal,2: Standing / idle
1790441082.3756618,17693,Target 0,-920.0,1638.0,-160.0,1878.68,-29.32,True,Active,zain,Forward,Normal,2: Standing / idle
1790441082.4890876,17694,Target 0,-925.0,1638.0,-640.0,1881.14,-29.45,True,Active,zain,Forward,Normal,2: Standing / idle
1790441082.604085,17695,Target 0,-931.0,1640.0,-160.0,1885.83,-29.58,True,Active,zain,Forward,Normal,2: Standing / idle
1790441082.679136,17696,Target 0,-942.0,1641.0,-80.0,1892.15,-29.86,True,Active,zain,Forward,Normal,2: Standing / idle
1790441082.8123138,17697,Target 0,-952.0,1641.0,160.0,1897.15,-30.12,True,Active,zain,Forward,Normal,2: Standing / idle
1790441082.8335311,17698,Target 0,-954.0,1640.0,-160.0,1897.29,-30.19,True,Active,zain,Forward,Normal,2: Standing / idle
1790441082.9345548,17699,Target 0,-955.0,1643.0,-80.0,1900.39,-30.17,True,Active,zain,Forward,Normal,2: Standing / idle
1790441082.9961777,17700,Target 0,-952.0,1644.0,-80.0,1899.75,-30.07,True,Active,zain,Forward,Normal,2: Standing / idle
1790441083.1019933,17701,Target 0,-948.0,1644.0,0.0,1897.75,-29.97,True,Active,zain,Forward,Normal,2: Standing / idle
1790441083.2236035,17702,Target 0,-944.0,1643.0,-80.0,1894.88,-29.88,True,Active,zain,Forward,Normal,2: Standing / idle
1790441083.2701643,17703,Target 0,-941.0,1641.0,-160.0,1891.66,-29.83,True,Active,zain,Forward,Normal,2: Standing / idle
1790441083.3570764,17704,Target 0,-942.0,1637.0,640.0,1888.69,-29.92,True,Active,zain,Forward,Normal,2: Standing / idle
1790441083.4450636,17705,Target 0,-942.0,1634.0,-80.0,1886.09,-29.96,True,Active,zain,Forward,Normal,2: Standing / idle
1790441083.5301101,17706,Target 0,-939.0,1633.0,80.0,1883.72,-29.9,True,Active,zain,Forward,Normal,2: Standing / idle
1790441083.6236181,17707,Target 0,-936.0,1632.0,240.0,1881.36,-29.84,True,Active,zain,Forward,Normal,2: Standing / idle
1790441083.7092292,17708,Target 0,-930.0,1632.0,240.0,1878.38,-29.68,True,Active,zain,Forward,Normal,2: Standing / idle
1790441083.8053477,17709,Target 0,-927.0,1633.0,390.0,1877.77,-29.58,True,Active,zain,Forward,Normal,2: Standing / idle
1790441083.8936808,17710,Target 0,-925.0,1633.0,390.0,1876.78,-29.53,True,Active,zain,Forward,Normal,2: Standing / idle
1790441083.978227,17711,Target 0,-924.0,1632.0,560.0,1875.42,-29.52,True,Active,zain,Forward,Normal,2: Standing / idle
1790441084.0647957,17712,Target 0,-918.0,1630.0,480.0,1870.73,-29.39,True,Active,zain,Forward,Normal,2: Standing / idle
1790441084.1538239,17713,Target 0,-907.0,1625.0,480.0,1860.99,-29.17,True,Active,zain,Forward,Normal,2: Standing / idle
1790441084.2455473,17714,Target 0,-895.0,1618.0,480.0,1849.04,-28.95,True,Active,zain,Forward,Normal,2: Standing / idle
1790441084.3510253,17715,Target 0,-881.0,1610.0,390.0,1835.28,-28.69,True,Active,zain,Forward,Normal,2: Standing / idle
1790441084.4519405,17716,Target 0,-847.0,1583.0,390.0,1795.35,-28.15,True,Active,zain,Forward,Normal,2: Standing / idle
1790441084.5169525,17717,Target 0,-819.0,1557.0,390.0,1759.26,-27.74,True,Active,zain,Forward,Normal,2: Standing / idle
1790441084.6602223,17718,Target 0,-789.0,1532.0,320.0,1723.24,-27.25,True,Active,zain,Forward,Normal,2: Standing / idle
1790441084.7097838,17719,Target 0,-772.0,1507.0,160.0,1693.23,-27.12,True,Active,zain,Forward,Normal,2: Standing / idle
1790441084.8169775,17720,Target 0,-760.0,1483.0,0.0,1666.4,-27.13,True,Active,zain,Forward,Normal,2: Standing / idle
1790441084.868006,17721,Target 0,-753.0,1459.0,-80.0,1641.86,-27.3,True,Active,zain,Forward,Normal,2: Standing / idle
1790441084.9562454,17722,Target 0,-750.0,1437.0,-160.0,1620.95,-27.56,True,Active,zain,Forward,Normal,2: Standing / idle
1790441085.045869,17723,Target 0,-742.0,1419.0,80.0,1601.29,-27.61,True,Active,zain,Forward,Normal,2: Standing / idle
1790441085.1390793,17724,Target 0,-732.0,1402.0,160.0,1581.59,-27.57,True,Active,zain,Forward,Normal,2: Standing / idle
1790441085.242862,17725,Target 0,-725.0,1384.0,240.0,1562.4,-27.65,True,Active,zain,Forward,Normal,2: Standing / idle
1790441085.310481,17726,Target 0,-720.0,1364.0,320.0,1542.37,-27.83,True,Active,zain,Forward,Normal,1: Walking
1790441085.4298556,17727,Target 0,-729.0,1344.0,-160.0,1528.98,-28.48,True,Active,zain,Forward,Normal,1: Walking
1790441085.4963832,17728,Target 0,-739.0,1331.0,320.0,1522.39,-29.04,True,Active,zain,Forward,Normal,1: Walking
1790441085.5782268,17729,Target 0,-753.0,1316.0,-160.0,1516.2,-29.78,True,Active,zain,Forward,Normal,1: Walking
1790441085.6659992,17730,Target 0,-764.0,1305.0,-160.0,1512.19,-30.35,True,Active,zain,Forward,Normal,1: Walking
1790441085.7551248,17731,Target 0,-773.0,1296.0,-240.0,1509.02,-30.81,True,Active,zain,Forward,Normal,1: Walking
1790441085.8678062,17732,Target 0,-784.0,1288.0,-320.0,1507.85,-31.33,True,Active,zain,Forward,Normal,1: Walking
1790441085.9325984,17733,Target 0,-784.0,1286.0,-240.0,1506.14,-31.37,True,Active,zain,Forward,Normal,1: Walking
1790441086.0262582,17734,Target 0,-783.0,1287.0,-320.0,1506.47,-31.32,True,Active,zain,Forward,Normal,1: Walking
1790441086.1149805,17735,Target 0,-782.0,1289.0,-320.0,1507.66,-31.24,True,Active,zain,Forward,Normal,1: Walking
1790441086.2977188,17736,Target 0,-781.0,1293.0,-480.0,1510.57,-31.13,True,Active,zain,Forward,Normal,1: Walking
1790441086.317718,17737,Target 0,-782.0,1299.0,-560.0,1516.22,-31.05,True,Active,zain,Forward,Normal,1: Walking
1790441086.3807285,17738,Target 0,-784.0,1306.0,-640.0,1523.25,-30.98,True,Active,zain,Forward,Normal,1: Walking
1790441086.467257,17739,Target 0,-789.0,1316.0,-790.0,1534.4,-30.94,True,Active,zain,Forward,Normal,1: Walking
1790441086.5768678,17740,Target 0,-801.0,1350.0,-960.0,1569.75,-30.68,True,Active,zain,Forward,Normal,1: Walking
1790441086.6534169,17741,Target 0,-817.0,1386.0,-880.0,1608.88,-30.52,True,Active,zain,Forward,Normal,1: Walking
1790441086.744949,17742,Target 0,-821.0,1428.0,-790.0,1647.19,-29.9,True,Active,zain,Forward,Normal,1: Walking
1790441086.8914585,17743,Target 0,-835.0,1470.0,-720.0,1690.6,-29.6,True,Active,zain,Forward,Normal,1: Walking
1790441086.953847,17744,Target 0,-880.0,1550.0,-640.0,1782.39,-29.59,True,Active,zain,Forward,Normal,1: Walking
1790441087.0650375,17745,Target 0,-927.0,1622.0,-640.0,1868.21,-29.75,True,Active,zain,Forward,Normal,1: Walking
1790441087.1392343,17746,Target 0,-977.0,1685.0,-720.0,1947.76,-30.11,True,Active,zain,Forward,Normal,1: Walking
1790441087.1845667,17747,Target 0,-1025.0,1747.0,-790.0,2025.5,-30.4,True,Active,zain,Forward,Normal,1: Walking
1790441087.2980456,17748,Target 0,-1074.0,1814.0,-790.0,2108.1,-30.63,True,Active,zain,Forward,Normal,1: Walking
1790441087.3603914,17749,Target 0,-1110.0,1879.0,-640.0,2182.37,-30.57,True,Active,zain,Forward,Normal,1: Walking
1790441087.4738832,17750,Target 0,-1138.0,1942.0,-480.0,2250.87,-30.37,True,Active,zain,Forward,Normal,1: Walking
1790441087.535035,17751,Target 0,-1176.0,1985.0,-240.0,2307.21,-30.64,True,Active,zain,Forward,Normal,1: Walking
1790441087.6543748,17752,Target 0,-1207.0,2031.0,-480.0,2362.59,-30.72,True,Active,zain,Forward,Normal,1: Walking
1790441087.7119195,17753,Target 0,-1234.0,2076.0,-480.0,2415.06,-30.73,True,Active,zain,Forward,Normal,1: Walking
1790441087.82955,17754,Target 0,-1263.0,2126.0,-480.0,2472.86,-30.71,True,Active,zain,Forward,Normal,1: Walking
1790441087.9535828,17755,Target 0,-1298.0,2170.0,-390.0,2528.58,-30.89,True,Active,zain,Forward,Normal,1: Walking
1790441087.9962919,17756,Target 0,-1336.0,2201.0,-320.0,2574.74,-31.26,True,Active,zain,Forward,Normal,1: Walking
1790441088.067968,17757,Target 0,-1386.0,2205.0,-390.0,2604.42,-32.15,True,Active,zain,Forward,Normal,1: Walking
1790441088.1580944,17758,Target 0,-1441.0,2202.0,-320.0,2631.59,-33.2,True,Active,zain,Forward,Normal,1: Walking
1790441088.2549288,17759,Target 0,-1505.0,2191.0,-320.0,2658.1,-34.49,True,Active,zain,Forward,Normal,1: Walking
1790441088.3559356,17760,Target 0,-1552.0,2196.0,-320.0,2689.07,-35.25,True,Active,zain,Forward,Normal,1: Walking
1790441088.4246275,17761,Target 0,-1578.0,2206.0,-320.0,2712.29,-35.58,True,Active,zain,Forward,Normal,1: Walking
1790441088.514514,17762,Target 0,-1615.0,2212.0,-320.0,2738.83,-36.13,True,Active,zain,Forward,Normal,1: Walking
1790441088.602925,17763,Target 0,-1687.0,2213.0,-390.0,2782.69,-37.32,True,Active,zain,Forward,Normal,1: Walking
1790441088.7059288,17764,Target 0,-1750.0,2229.0,-390.0,2833.89,-38.14,True,Active,zain,Forward,Normal,1: Walking
1790441088.786955,17765,Target 0,-1798.0,2265.0,-320.0,2891.89,-38.44,True,Active,zain,Forward,Normal,1: Walking
1790441088.87074,17766,Target 0,-1852.0,2315.0,-160.0,2964.65,-38.66,True,Active,zain,Forward,Normal,1: Walking
1790441088.9658253,17767,Target 0,-1905.0,2338.0,-240.0,3015.84,-39.17,True,Active,zain,Forward,Normal,1: Walking
1790441089.0760808,17768,Target 0,-1947.0,2321.0,-160.0,3029.5,-39.99,True,Active,zain,Forward,Normal,1: Walking
1790441089.1486082,17769,Target 0,-1977.0,2287.0,-80.0,3023.06,-40.84,True,Active,zain,Forward,Normal,1: Walking
1790441089.2478585,17770,Target 0,-2022.0,2245.0,80.0,3021.34,-42.01,True,Active,zain,Forward,Normal,1: Walking
1790441089.314144,17771,Target 0,-2059.0,2204.0,80.0,3016.14,-43.05,True,Active,zain,Forward,Normal,1: Walking
1790441089.4352531,17772,Target 0,-2108.0,2178.0,80.0,3031.06,-44.06,True,Active,zain,Forward,Normal,1: Walking
1790441089.4964452,17773,Target 0,-2139.0,2157.0,0.0,3037.76,-44.76,True,Active,zain,Forward,Normal,1: Walking
1790441089.5909107,17774,Target 0,-2147.0,2148.0,160.0,3037.02,-44.99,True,Active,zain,Forward,Normal,1: Walking
1790441089.7054322,17775,Target 0,-2137.0,2166.0,0.0,3042.75,-44.61,True,Active,zain,Forward,Normal,1: Walking
1790441089.79464,17776,Target 0,-2133.0,2173.0,-160.0,3044.93,-44.47,True,Active,zain,Forward,Normal,1: Walking
1790441089.8878593,17777,Target 0,-2131.0,2177.0,-160.0,3046.39,-44.39,True,Active,zain,Forward,Normal,1: Walking
1790441089.9381917,17778,Target 0,-2135.0,2179.0,-160.0,3050.62,-44.42,True,Active,zain,Forward,Normal,1: Walking
1790441090.0362551,17779,Target 0,-2146.0,2178.0,160.0,3057.61,-44.58,True,Active,zain,Forward,Normal,1: Walking
1790441090.1717222,17780,Target 0,-2182.0,2192.0,-80.0,3092.89,-44.87,True,Active,zain,Forward,Normal,1: Walking
1790441090.2050703,17781,Target 0,-2224.0,2192.0,-240.0,3122.67,-45.42,True,Active,zain,Forward,Normal,1: Walking
1790441090.3567822,17782,Target 0,-2281.0,2161.0,0.0,3142.11,-46.55,True,Active,zain,Forward,Normal,1: Walking
1790441090.3823059,17783,Target 0,-2314.0,2146.0,-80.0,3155.93,-47.16,True,Active,zain,Forward,Normal,1: Walking
1790441090.47626,17784,Target 0,-2331.0,2129.0,480.0,3156.93,-47.59,True,Active,zain,Forward,Normal,1: Walking
1790441090.5635273,17785,Target 0,-2350.0,2113.0,480.0,3160.26,-48.04,True,Active,zain,Forward,Normal,1: Walking
1790441090.6496413,17786,Target 0,-2348.0,2115.0,240.0,3160.12,-47.99,True,Active,zain,Forward,Normal,1: Walking
1790441090.7393565,17787,Target 0,-2338.0,2123.0,240.0,3158.06,-47.76,True,Active,zain,Forward,Normal,1: Walking
1790441090.8302581,17788,Target 0,-2325.0,2133.0,320.0,3155.2,-47.47,True,Active,zain,Forward,Normal,1: Walking
1790441090.9173477,17789,Target 0,-2315.0,2138.0,390.0,3151.23,-47.28,True,Active,zain,Forward,Normal,1: Walking
1790441091.0053728,17790,Target 0,-2305.0,2139.0,390.0,3144.57,-47.14,True,Active,zain,Forward,Normal,1: Walking
1790441091.0953596,17791,Target 0,-2295.0,2142.0,480.0,3139.3,-46.97,True,Active,zain,Forward,Normal,1: Walking
1790441091.1848397,17792,Target 0,-2285.0,2144.0,480.0,3133.36,-46.82,True,Active,zain,Forward,Normal,1: Walking
1790441091.2780526,17793,Target 0,-2270.0,2146.0,640.0,3123.81,-46.61,True,Active,zain,Forward,Normal,1: Walking
1790441091.3702986,17794,Target 0,-2254.0,2143.0,720.0,3110.14,-46.45,True,Active,zain,Forward,Normal,1: Walking
1790441091.450189,17795,Target 0,-2202.0,2133.0,880.0,3065.7,-45.91,True,Active,zain,Forward,Normal,1: Walking
1790441091.568686,17796,Target 0,-2142.0,2129.0,720.0,3020.07,-45.17,True,Active,zain,Forward,Normal,1: Walking
1790441091.6968634,17797,Target 0,-2074.0,2136.0,640.0,2977.24,-44.16,True,Active,zain,Forward,Normal,1: Walking
1790441091.7833798,17798,Target 0,-1950.0,2135.0,560.0,2891.49,-42.41,True,Active,zain,Forward,Normal,1: Walking
1790441091.8340597,17799,Target 0,-1855.0,2113.0,560.0,2811.72,-41.28,True,Active,zain,Forward,Normal,1: Walking
1790441091.9079337,17800,Target 0,-1770.0,2085.0,560.0,2734.98,-40.33,True,Active,zain,Forward,Normal,1: Walking
1790441092.011587,17801,Target 0,-1673.0,2062.0,720.0,2655.33,-39.05,True,Active,zain,Forward,Normal,1: Walking
1790441092.1004395,17802,Target 0,-1576.0,2051.0,790.0,2586.58,-37.54,True,Active,zain,Forward,Normal,1: Walking
1790441092.1986427,17803,Target 0,-1475.0,2042.0,880.0,2519.01,-35.84,True,Active,zain,Forward,Normal,1: Walking
1790441092.2545354,17804,Target 0,-1382.0,2024.0,640.0,2450.82,-34.33,True,Active,zain,Forward,Normal,1: Walking
1790441092.3400855,17805,Target 0,-1291.0,2001.0,640.0,2381.32,-32.83,True,Active,zain,Forward,Normal,1: Walking
1790441092.4289181,17806,Target 0,-1211.0,1976.0,640.0,2317.56,-31.5,True,Active,zain,Forward,Normal,1: Walking
1790441092.5240462,17807,Target 0,-1157.0,1952.0,480.0,2269.13,-30.66,True,Active,zain,Forward,Normal,1: Walking
1790441092.6068273,17808,Target 0,-1095.0,1921.0,720.0,2211.17,-29.68,True,Active,zain,Forward,Normal,1: Walking
1790441092.7302544,17809,Target 0,-1029.0,1886.0,880.0,2148.45,-28.62,True,Active,zain,Forward,Normal,1: Walking
1790441092.7843142,17810,Target 0,-968.0,1852.0,960.0,2089.72,-27.6,True,Active,zain,Forward,Normal,1: Walking
1790441092.877697,17811,Target 0,-895.0,1816.0,720.0,2024.57,-26.24,True,Active,zain,Forward,Normal,1: Walking
1790441092.9706466,17812,Target 0,-820.0,1777.0,560.0,1957.07,-24.77,True,Active,zain,Forward,Normal,1: Walking
1790441093.1592696,17813,Target 0,-759.0,1731.0,720.0,1890.09,-23.68,True,Active,zain,Forward,Normal,1: Walking
1790441093.1782708,17814,Target 0,-708.0,1690.0,560.0,1832.31,-22.73,True,Active,zain,Forward,Normal,1: Walking
1790441093.2330053,17815,Target 0,-649.0,1655.0,480.0,1777.7,-21.41,True,Active,zain,Forward,Normal,1: Walking
1790441093.3189585,17816,Target 0,-595.0,1611.0,640.0,1717.37,-20.27,True,Active,zain,Forward,Normal,1: Walking
1790441093.428259,17817,Target 0,-534.0,1569.0,480.0,1657.38,-18.8,True,Active,zain,Forward,Normal,1: Walking
1790441093.4975975,17818,Target 0,-473.0,1527.0,390.0,1598.58,-17.21,True,Active,zain,Forward,Normal,1: Walking
1790441093.586545,17819,Target 0,-400.0,1490.0,320.0,1542.76,-15.03,True,Active,zain,Forward,Normal,1: Walking
1790441093.7847962,17820,Target 0,-323.0,1458.0,240.0,1493.35,-12.49,True,Active,zain,Forward,Normal,1: Walking
1790441093.8065512,17821,Target 0,-249.0,1432.0,160.0,1453.49,-9.86,True,Active,zain,Forward,Normal,1: Walking
1790441093.923013,17822,Target 0,-183.0,1408.0,390.0,1419.84,-7.41,True,Active,zain,Forward,Normal,1: Walking
1790441094.0273995,17823,Target 0,-115.0,1381.0,390.0,1385.78,-4.76,True,Active,zain,Forward,Normal,1: Walking
1790441094.099334,17824,Target 0,-39.0,1360.0,-80.0,1360.56,-1.64,True,Active,zain,Forward,Normal,1: Walking
1790441094.1402595,17825,Target 0,52.0,1338.0,-480.0,1339.01,2.23,True,Active,zain,Forward,Normal,1: Walking
1790441094.3017085,17826,Target 0,142.0,1321.0,-240.0,1328.61,6.14,True,Active,zain,Forward,Normal,1: Walking
1790441094.3217387,17827,Target 0,234.0,1309.0,-390.0,1329.75,10.14,True,Active,zain,Forward,Normal,1: Walking
1790441094.3972511,17828,Target 0,322.0,1303.0,-480.0,1342.2,13.88,True,Active,zain,Forward,Normal,1: Walking
1790441094.5030098,17829,Target 0,392.0,1301.0,-480.0,1358.77,16.77,True,Active,zain,Forward,Normal,1: Walking
1790441094.6112537,17830,Target 0,455.0,1295.0,-560.0,1372.61,19.36,True,Active,zain,Forward,Normal,1: Walking
1790441094.6549194,17831,Target 0,514.0,1295.0,-720.0,1393.28,21.65,True,Active,zain,Forward,Normal,1: Walking
1790441094.7768617,17832,Target 0,581.0,1291.0,-640.0,1415.71,24.23,True,Active,zain,Forward,Normal,1: Walking
1790441094.8577569,17833,Target 0,653.0,1308.0,-480.0,1461.94,26.53,True,Active,zain,Forward,Normal,1: Walking
1790441094.9210925,17834,Target 0,725.0,1323.0,-640.0,1508.63,28.72,True,Active,zain,Forward,Normal,1: Walking
1790441095.0206554,17835,Target 0,779.0,1355.0,-480.0,1562.97,29.89,True,Active,zain,Forward,Normal,1: Walking
1790441095.1311173,17836,Target 0,823.0,1401.0,-390.0,1624.85,30.43,True,Active,zain,Forward,Normal,1: Walking
1790441095.20545,17837,Target 0,863.0,1442.0,-560.0,1680.52,30.9,True,Active,zain,Forward,Normal,1: Walking
1790441095.276453,17838,Target 0,894.0,1478.0,-390.0,1727.34,31.17,True,Active,zain,Forward,Normal,1: Walking
1790441095.3700771,17839,Target 0,919.0,1535.0,-480.0,1789.07,30.91,True,Active,zain,Forward,Normal,1: Walking
1790441095.4551523,17840,Target 0,949.0,1576.0,-480.0,1839.67,31.05,True,Active,zain,Forward,Normal,1: Walking
1790441095.5554311,17841,Target 0,978.0,1601.0,-320.0,1876.08,31.42,True,Active,zain,Forward,Normal,1: Walking
1790441095.6366034,17842,Target 0,1003.0,1638.0,-160.0,1920.69,31.48,True,Active,zain,Forward,Normal,1: Walking
1790441095.7263665,17843,Target 0,1035.0,1667.0,-160.0,1962.17,31.84,True,Active,zain,Forward,Normal,1: Walking
1790441095.8268533,17844,Target 0,1058.0,1696.0,0.0,1998.94,31.96,True,Active,zain,Forward,Normal,1: Walking
1790441095.9086983,17845,Target 0,1074.0,1698.0,80.0,2009.15,32.31,True,Active,zain,Forward,Normal,1: Walking
1790441095.9981697,17846,Target 0,1081.0,1699.0,160.0,2013.74,32.47,True,Active,zain,Forward,Normal,1: Walking
1790441096.095413,17847,Target 0,1085.0,1691.0,240.0,2009.16,32.69,True,Active,zain,Forward,Normal,1: Walking
1790441096.1716642,17848,Target 0,1086.0,1683.0,240.0,2002.97,32.83,True,Active,zain,Forward,Normal,1: Walking
1790441096.2915974,17849,Target 0,1085.0,1682.0,240.0,2001.59,32.82,True,Active,zain,Forward,Normal,1: Walking
1790441096.4645789,17850,Target 0,1084.0,1681.0,160.0,2000.2,32.82,True,Active,zain,Forward,Normal,1: Walking
1790441096.5140924,17851,Target 0,1082.0,1681.0,160.0,1999.12,32.77,True,Active,zain,Forward,Normal,1: Walking
1790441096.5345933,17852,Target 0,1078.0,1681.0,160.0,1996.96,32.67,True,Active,zain,Forward,Normal,1: Walking
1790441096.6681666,17853,Target 0,1071.0,1680.0,160.0,1992.35,32.52,True,Active,zain,Forward,Normal,1: Walking
1790441096.7630088,17854,Target 0,1065.0,1678.0,240.0,1987.44,32.4,True,Active,zain,Forward,Normal,1: Walking
1790441096.8043327,17855,Target 0,1059.0,1676.0,320.0,1982.54,32.29,True,Active,zain,Forward,Normal,1: Walking
1790441096.9174063,17856,Target 0,1053.0,1673.0,480.0,1976.8,32.19,True,Active,zain,Forward,Normal,1: Walking
1790441096.9961734,17857,Target 0,1044.0,1674.0,240.0,1972.87,31.95,True,Active,zain,Forward,Normal,1: Walking
1790441097.0943215,17858,Target 0,1035.0,1673.0,320.0,1967.27,31.74,True,Active,zain,Forward,Normal,1: Walking
1790441097.2422094,17859,Target 0,1025.0,1672.0,320.0,1961.18,31.51,True,Active,zain,Forward,Normal,1: Walking
1790441097.26121,17860,Target 0,1014.0,1668.0,390.0,1952.03,31.3,True,Active,zain,Forward,Normal,1: Walking
1790441097.3753805,17861,Target 0,1002.0,1664.0,390.0,1942.4,31.05,True,Active,zain,Forward,Normal,1: Walking
1790441097.4208965,17862,Target 0,988.0,1657.0,390.0,1929.19,30.81,True,Active,zain,Forward,Normal,1: Walking
1790441097.5013893,17863,Target 0,973.0,1651.0,390.0,1916.38,30.51,True,Active,zain,Forward,Normal,1: Walking
1790441097.623606,17864,Target 0,957.0,1645.0,480.0,1903.12,30.19,True,Active,zain,Forward,Normal,1: Walking
1790441097.7032382,17865,Target 0,939.0,1638.0,390.0,1888.06,29.82,True,Active,zain,Forward,Normal,1: Walking
1790441097.7706337,17866,Target 0,882.0,1617.0,480.0,1841.9,28.61,True,Active,zain,Forward,Normal,1: Walking
1790441097.8665879,17867,Target 0,824.0,1602.0,240.0,1801.49,27.22,True,Active,zain,Forward,Normal,1: Walking
1790441097.94618,17868,Target 0,768.0,1593.0,80.0,1768.47,25.74,True,Active,zain,Forward,Normal,1: Walking
1790441098.035491,17869,Target 0,712.0,1583.0,-80.0,1735.75,24.22,True,Active,zain,Forward,Normal,1: Walking
1790441098.1333733,17870,Target 0,620.0,1573.0,-80.0,1690.78,21.51,True,Active,zain,Forward,Normal,1: Walking
1790441098.2227886,17871,Target 0,575.0,1568.0,-320.0,1670.1,20.14,True,Active,zain,Forward,Normal,1: Walking
1790441098.3029652,17872,Target 0,489.0,1561.0,-320.0,1635.8,17.39,True,Active,zain,Forward,Normal,1: Walking
1790441098.4004467,17873,Target 0,416.0,1569.0,-320.0,1623.21,14.85,True,Active,zain,Forward,Normal,1: Walking
1790441098.481854,17874,Target 0,349.0,1579.0,-320.0,1617.11,12.46,True,Active,zain,Forward,Normal,1: Walking
1790441098.575018,17875,Target 0,272.0,1587.0,-240.0,1610.14,9.73,True,Active,zain,Forward,Normal,1: Walking
1790441098.6708097,17876,Target 0,212.0,1609.0,-320.0,1622.91,7.51,True,Active,zain,Forward,Normal,1: Walking
1790441098.74917,17877,Target 0,172.0,1635.0,-320.0,1644.02,6.01,True,Active,zain,Forward,Normal,1: Walking
1790441098.945084,17878,Target 0,135.0,1656.0,-390.0,1661.49,4.66,True,Active,zain,Forward,Normal,1: Walking
1790441098.9655883,17879,Target 0,93.0,1673.0,-560.0,1675.58,3.18,True,Active,zain,Forward,Normal,1: Walking
1790441099.0651157,17880,Target 0,70.0,1694.0,-240.0,1695.45,2.37,True,Active,zain,Forward,Normal,1: Walking
1790441099.1478047,17881,Target 0,50.0,1720.0,-240.0,1720.73,1.67,True,Active,zain,Forward,Normal,6: Fall onset
1790441099.2469518,17882,Target 0,43.0,1746.0,-240.0,1746.53,1.41,True,Active,zain,Forward,Normal,6: Fall onset
1790441099.3347685,17883,Target 0,21.0,1783.0,-390.0,1783.12,0.67,True,Active,zain,Forward,Normal,6: Fall onset
1790441099.383561,17884,Target 0,-13.0,1817.0,-390.0,1817.05,-0.41,True,Active,zain,Forward,Normal,6: Fall onset
1790441099.5057054,17885,Target 0,-47.0,1861.0,-560.0,1861.59,-1.45,True,Active,zain,Forward,Normal,6: Fall onset
1790441099.5771964,17886,Target 0,-70.0,1899.0,-480.0,1900.29,-2.11,True,Active,zain,Forward,Normal,6: Fall onset
1790441099.6574335,17887,Target 0,-85.0,1925.0,-560.0,1926.88,-2.53,True,Active,zain,Forward,Normal,6: Fall onset
1790441099.740566,17888,Target 0,-72.0,1951.0,-560.0,1952.33,-2.11,True,Active,zain,Forward,Normal,6: Fall onset
1790441099.8181474,17889,Target 0,-55.0,1992.0,-880.0,1992.76,-1.58,True,Active,zain,Forward,Normal,6: Fall onset
1790441099.9274788,17890,Target 0,-31.0,2036.0,-880.0,2036.24,-0.87,True,Active,zain,Forward,Normal,6: Fall onset
1790441099.9923844,17891,Target 0,-26.0,2089.0,-240.0,2089.16,-0.71,True,Active,zain,Forward,Normal,6: Fall onset
1790441100.0821939,17892,Target 0,-17.0,2142.0,-240.0,2142.07,-0.45,True,Active,zain,Forward,Normal,6: Fall onset
1790441100.1722243,17893,Target 0,-21.0,2182.0,-240.0,2182.1,-0.55,True,Active,zain,Forward,Normal,6: Fall onset
1790441100.3273866,17894,Target 0,-31.0,2214.0,-240.0,2214.22,-0.8,True,Active,zain,Forward,Normal,6: Fall onset
1790441100.351568,17895,Target 0,-38.0,2243.0,-320.0,2243.32,-0.97,True,Active,zain,Forward,Normal,6: Fall onset
1790441100.4509845,17896,Target 0,-49.0,2272.0,-390.0,2272.53,-1.24,True,Active,zain,Forward,Normal,6: Fall onset
1790441100.5267808,17897,Target 0,-53.0,2303.0,-240.0,2303.61,-1.32,True,Active,zain,Forward,Normal,6: Fall onset
1790441100.6384041,17898,Target 0,-58.0,2326.0,-320.0,2326.72,-1.43,True,Active,zain,Forward,Normal,6: Fall onset
1790441100.7070148,17899,Target 0,-69.0,2344.0,-320.0,2345.02,-1.69,True,Active,zain,Forward,Normal,6: Fall onset
1790441100.7980807,17900,Target 0,-85.0,2386.0,-320.0,2387.51,-2.04,True,Active,zain,Forward,Normal,6: Fall onset
1790441100.8856044,17901,Target 0,-105.0,2429.0,-390.0,2431.27,-2.48,True,Active,zain,Forward,Normal,6: Fall onset
1790441101.0168395,17902,Target 0,-137.0,2460.0,-720.0,2463.81,-3.19,True,Active,zain,Forward,Normal,6: Fall onset
1790441101.1082582,17903,Target 0,-170.0,2504.0,-880.0,2509.76,-3.88,True,Active,zain,Forward,Normal,6: Fall onset
1790441101.1594574,17904,Target 0,-187.0,2557.0,-960.0,2563.83,-4.18,True,Active,zain,Forward,Normal,7: Post-fall stillness
1790441101.2645364,17905,Target 0,-173.0,2609.0,-390.0,2614.73,-3.79,True,Active,zain,Forward,Normal,7: Post-fall stillness
1790441101.374777,17906,Target 0,-151.0,2674.0,-80.0,2678.26,-3.23,True,Active,zain,Forward,Normal,7: Post-fall stillness
1790441101.417963,17907,Target 0,-109.0,2716.0,-240.0,2718.19,-2.3,True,Active,zain,Forward,Normal,7: Post-fall stillness
1790441101.5283394,17908,Target 0,-64.0,2790.0,0.0,2790.73,-1.31,True,Active,zain,Forward,Normal,7: Post-fall stillness
1790441101.6307373,17909,Target 0,-89.0,2949.0,0.0,2950.34,-1.73,True,Active,zain,Forward,Normal,7: Post-fall stillness
1790441101.6976733,17910,Target 0,-155.0,3162.0,-160.0,3165.8,-2.81,True,Active,zain,Forward,Normal,7: Post-fall stillness
1790441101.7981796,17911,Target 0,-198.0,3356.0,80.0,3361.84,-3.38,True,Active,zain,Forward,Normal,7: Post-fall stillness
1790441101.9354918,17912,Target 0,-167.0,3538.0,-80.0,3541.94,-2.7,True,Active,zain,Forward,Normal,7: Post-fall stillness
1790441101.9578469,17913,Target 0,-145.0,3694.0,0.0,3696.84,-2.25,True,Active,zain,Forward,Normal,7: Post-fall stillness
1790441102.0512948,17914,Target 0,-184.0,3790.0,0.0,3794.46,-2.78,True,Active,zain,Forward,Normal,7: Post-fall stillness
1790441102.1371644,17915,Target 0,-196.0,3863.0,0.0,3867.97,-2.9,True,Active,zain,Forward,Normal,7: Post-fall stillness
1790441102.2241375,17916,Target 0,-208.0,3920.0,0.0,3925.51,-3.04,True,Active,zain,Forward,Normal,7: Post-fall stillness
1790441102.3150141,17917,Target 0,-223.0,3958.0,80.0,3964.28,-3.22,True,Active,zain,Forward,Normal,7: Post-fall stillness
1790441102.4067228,17918,Target 0,-238.0,3986.0,80.0,3993.1,-3.42,True,Active,zain,Forward,Normal,7: Post-fall stillness
1790441102.4847465,17919,Target 0,-252.0,4006.0,80.0,4013.92,-3.6,True,Active,zain,Forward,Normal,7: Post-fall stillness
1790441102.5756044,17920,Target 0,-264.0,4020.0,80.0,4028.66,-3.76,True,Active,zain,Forward,Normal,7: Post-fall stillness
1790441102.6628683,17921,Target 0,-270.0,4026.0,80.0,4035.04,-3.84,True,Active,zain,Forward,Normal,7: Post-fall stillness
1790441102.7604449,17922,Target 0,-276.0,4031.0,80.0,4040.44,-3.92,True,Active,zain,Forward,Normal,7: Post-fall stillness
1790441102.8434055,17923,Target 0,-281.0,4035.0,80.0,4044.77,-3.98,True,Active,zain,Forward,Normal,7: Post-fall stillness
1790441102.9296525,17924,Target 0,-285.0,4040.0,80.0,4050.04,-4.04,True,Active,zain,Forward,Normal,7: Post-fall stillness
1790441103.0329106,17925,Target 0,-289.0,4043.0,80.0,4053.32,-4.09,True,Active,zain,Forward,Normal,7: Post-fall stillness
1790441103.1137233,17926,Target 0,-293.0,4047.0,80.0,4057.59,-4.14,True,Active,zain,Forward,Normal,7: Post-fall stillness
1790441103.1972294,17927,Target 0,-296.0,4050.0,80.0,4060.8,-4.18,True,Active,zain,Forward,Normal,7: Post-fall stillness
1790441103.287464,17928,Target 0,-297.0,4050.0,80.0,4060.88,-4.19,True,Active,zain,Forward,Normal,7: Post-fall stillness
1790441103.3821824,17929,Target 0,-298.0,4051.0,80.0,4061.95,-4.21,True,Active,zain,Forward,Normal,7: Post-fall stillness
1790441103.533658,17930,Target 0,-299.0,4052.0,80.0,4063.02,-4.22,True,Active,zain,Forward,Normal,7: Post-fall stillness
1790441103.6012175,17931,Target 0,-300.0,4053.0,80.0,4064.09,-4.23,True,Active,zain,Forward,Normal,7: Post-fall stillness
1790441103.6468554,17932,Target 0,-301.0,4054.0,80.0,4065.16,-4.25,True,Active,zain,Forward,Normal,7: Post-fall stillness
1790441103.7393203,17933,Target 0,-301.0,4054.0,0.0,4065.16,-4.25,True,Active,zain,Forward,Normal,7: Post-fall stillness
1790441103.8398747,17934,Target 0,-301.0,4054.0,0.0,4065.16,-4.25,True,Active,zain,Forward,Normal,7: Post-fall stillness
1790441103.9877553,17935,Target 0,-301.0,4054.0,0.0,4065.16,-4.25,True,Active,zain,Forward,Normal,7: Post-fall stillness
1790441104.0115068,17936,Target 0,-301.0,4054.0,0.0,4065.16,-4.25,True,Active,zain,Forward,Normal,7: Post-fall stillness
1790441104.1583738,17937,Target 0,-301.0,4054.0,0.0,4065.16,-4.25,True,Active,zain,Forward,Normal,7: Post-fall stillness
1790441104.1994047,17938,Target 0,-301.0,4054.0,0.0,4065.16,-4.25,True,Active,zain,Forward,Normal,7: Post-fall stillness
1790441104.264864,17939,Target 0,-301.0,4054.0,0.0,4065.16,-4.25,True,Active,zain,Forward,Normal,7: Post-fall stillness
1790441104.3838158,17940,Target 0,-301.0,4054.0,0.0,4065.16,-4.25,True,Active,zain,Forward,Normal,7: Post-fall stillness
1790441104.4423435,17941,Target 0,-301.0,4054.0,0.0,4065.16,-4.25,True,Active,zain,Forward,Normal,7: Post-fall stillness
1790441104.5392952,17942,Target 0,-301.0,4054.0,0.0,4065.16,-4.25,True,Active,zain,Forward,Normal,7: Post-fall stillness
1790441104.6303744,17943,Target 0,-301.0,4054.0,0.0,4065.16,-4.25,True,Active,zain,Forward,Normal,7: Post-fall stillness
1790441104.7115376,17944,Target 0,-301.0,4054.0,0.0,4065.16,-4.25,True,Active,zain,Forward,Normal,7: Post-fall stillness
1790441104.7978723,17945,Target 0,-301.0,4054.0,0.0,4065.16,-4.25,True,Active,zain,Forward,Normal,7: Post-fall stillness
1790441104.8973484,17946,Target 0,-301.0,4054.0,0.0,4065.16,-4.25,True,Active,zain,Forward,Normal,7: Post-fall stillness
1790441104.9858875,17947,Target 0,-301.0,4054.0,0.0,4065.16,-4.25,True,Active,zain,Forward,Normal,7: Post-fall stillness
1790441105.0650716,17948,Target 0,-301.0,4054.0,0.0,4065.16,-4.25,True,Active,zain,Forward,Normal,7: Post-fall stillness
1790441105.157476,17949,Target 0,-301.0,4054.0,0.0,4065.16,-4.25,True,Active,zain,Forward,Normal,7: Post-fall stillness
1790441105.2506142,17950,Target 0,-301.0,4054.0,0.0,4065.16,-4.25,True,Active,zain,Forward,Normal,7: Post-fall stillness
1790441105.338712,17951,Target 0,-301.0,4054.0,0.0,4065.16,-4.25,True,Active,zain,Forward,Normal,7: Post-fall stillness
1790441105.4303453,17952,Target 0,-301.0,4054.0,0.0,4065.16,-4.25,True,Active,zain,Forward,Normal,7: Post-fall stillness
1790441105.5099723,17953,Target 0,-301.0,4054.0,0.0,4065.16,-4.25,True,Active,zain,Forward,Normal,7: Post-fall stillness
1790441105.6043665,17954,Target 0,-301.0,4054.0,0.0,4065.16,-4.25,True,Active,zain,Forward,Normal,7: Post-fall stillness
1790441105.7154424,17955,Target 0,-301.0,4054.0,0.0,4065.16,-4.25,True,Active,zain,Forward,Normal,7: Post-fall stillness
1790441105.7791817,17956,Target 0,-301.0,4054.0,0.0,4065.16,-4.25,True,Active,zain,Forward,Normal,7: Post-fall stillness
1790441105.9573927,17957,Target 0,-301.0,4054.0,0.0,4065.16,-4.25,True,Active,zain,Forward,Normal,7: Post-fall stillness
1790441106.0019507,17958,Target 0,-301.0,4054.0,0.0,4065.16,-4.25,True,Active,zain,Forward,Normal,7: Post-fall stillness
1790441106.0784898,17959,Target 0,-301.0,4054.0,0.0,4065.16,-4.25,True,Active,zain,Forward,Normal,7: Post-fall stillness
1790441106.1883776,17960,Target 0,-301.0,4054.0,0.0,4065.16,-4.25,True,Active,zain,Forward,Normal,7: Post-fall stillness
1790441106.2360778,17961,Target 0,-312.0,4058.0,0.0,4069.98,-4.4,True,Active,zain,Forward,Normal,7: Post-fall stillness
1790441106.3567617,17962,Target 0,-329.0,4063.0,0.0,4076.3,-4.63,True,Active,zain,Forward,Normal,7: Post-fall stillness
1790441106.4847627,17963,Target 0,-346.0,4063.0,80.0,4077.71,-4.87,True,Active,zain,Forward,Normal,7: Post-fall stillness
1790441106.504349,17964,Target 0,-365.0,4060.0,80.0,4076.37,-5.14,True,Active,zain,Forward,Normal,7: Post-fall stillness
1790441106.5957673,17965,Target 0,-376.0,4062.0,0.0,4079.37,-5.29,True,Active,zain,Forward,Normal,7: Post-fall stillness
1790441106.6917026,17966,Target 0,-376.0,4065.0,160.0,4082.35,-5.28,True,Active,zain,Forward,Normal,8: Recovery / standing back up
1790441106.792063,17967,Target 0,-370.0,4061.0,80.0,4077.82,-5.21,True,Active,zain,Forward,Normal,8: Recovery / standing back up
1790441106.8455021,17968,Target 0,-363.0,4064.0,0.0,4080.18,-5.1,True,Active,zain,Forward,Normal,8: Recovery / standing back up
1790441106.9328084,17969,Target 0,-347.0,4059.0,160.0,4073.81,-4.89,True,Active,zain,Forward,Normal,8: Recovery / standing back up
1790441107.0452082,17970,Target 0,-369.0,4045.0,0.0,4061.8,-5.21,True,Active,zain,Forward,Normal,8: Recovery / standing back up
1790441107.1301866,17971,Target 0,-389.0,4019.0,720.0,4037.78,-5.53,True,Active,zain,Forward,Normal,8: Recovery / standing back up
1790441107.2053356,17972,Target 0,-392.0,3985.0,640.0,4004.23,-5.62,True,Active,zain,Forward,Normal,8: Recovery / standing back up
1790441107.2903569,17973,Target 0,-386.0,3867.0,720.0,3886.22,-5.7,True,Active,zain,Forward,Normal,8: Recovery / standing back up
1790441107.3876157,17974,Target 0,-342.0,3632.0,480.0,3648.07,-5.38,True,Active,zain,Forward,Normal,8: Recovery / standing back up
1790441107.4858665,17975,Target 0,-312.0,3425.0,640.0,3439.18,-5.2,True,Active,zain,Forward,Normal,8: Recovery / standing back up
1790441107.5613441,17976,Target 0,-291.0,3255.0,640.0,3267.98,-5.11,True,Active,zain,Forward,Normal,8: Recovery / standing back up
1790441107.6453025,17977,Target 0,-270.0,3102.0,640.0,3113.73,-4.97,True,Active,zain,Forward,Normal,8: Recovery / standing back up
1790441107.7415185,17978,Target 0,-252.0,2982.0,640.0,2992.63,-4.83,True,Active,zain,Forward,Normal,8: Recovery / standing back up
1790441107.8498914,17979,Target 0,-246.0,2879.0,640.0,2889.49,-4.88,True,Active,zain,Forward,Normal,8: Recovery / standing back up
1790441107.916135,17980,Target 0,-223.0,2785.0,480.0,2793.91,-4.58,True,Active,zain,Forward,Normal,8: Recovery / standing back up
1790441108.0380206,17981,Target 0,-204.0,2701.0,390.0,2708.69,-4.32,True,Active,zain,Forward,Normal,8: Recovery / standing back up
1790441108.0910208,17982,Target 0,-183.0,2626.0,390.0,2632.37,-3.99,True,Active,zain,Forward,Normal,8: Recovery / standing back up
1790441108.241789,17983,Target 0,-164.0,2559.0,390.0,2564.25,-3.67,True,Active,zain,Forward,Normal,8: Recovery / standing back up
1790441108.2697148,17984,Target 0,-146.0,2501.0,390.0,2505.26,-3.34,True,Active,zain,Forward,Normal,8: Recovery / standing back up
1790441108.4375927,17985,Target 0,-150.0,2467.0,320.0,2471.56,-3.48,True,Active,zain,Forward,Normal,8: Recovery / standing back up
1790441108.4999492,17986,Target 0,-144.0,2448.0,390.0,2452.23,-3.37,True,Active,zain,Forward,Normal,8: Recovery / standing back up
1790441108.5956144,17987,Target 0,-144.0,2423.0,640.0,2427.28,-3.4,True,Active,zain,Forward,Normal,8: Recovery / standing back up
1790441108.6821234,17988,Target 0,-137.0,2393.0,880.0,2396.92,-3.28,True,Active,zain,Forward,Normal,8: Recovery / standing back up
1790441108.719897,17989,Target 0,-137.0,2346.0,640.0,2350.0,-3.34,True,Active,zain,Forward,Normal,8: Recovery / standing back up
1790441108.8180268,17990,Target 0,-141.0,2304.0,640.0,2308.31,-3.5,True,Active,zain,Forward,Normal,8: Recovery / standing back up
1790441108.9372597,17991,Target 0,-148.0,2284.0,790.0,2288.79,-3.71,True,Active,zain,Forward,Normal,8: Recovery / standing back up
1790441108.9924016,17992,Target 0,-161.0,2264.0,720.0,2269.72,-4.07,True,Active,zain,Forward,Normal,8: Recovery / standing back up
1790441109.1463695,17993,Target 0,-169.0,2246.0,560.0,2252.35,-4.3,True,Active,zain,Forward,Normal,8: Recovery / standing back up
1790441109.1664906,17994,Target 0,-175.0,2217.0,720.0,2223.9,-4.51,True,Active,zain,Forward,Normal,8: Recovery / standing back up
1790441109.263806,17995,Target 0,-166.0,2179.0,160.0,2185.31,-4.36,True,Active,zain,Forward,Normal,8: Recovery / standing back up
1790441109.375058,17996,Target 0,-134.0,2102.0,240.0,2106.27,-3.65,True,Active,zain,Forward,Normal,8: Recovery / standing back up
1790441109.4274478,17997,Target 0,-99.0,2041.0,80.0,2043.4,-2.78,True,Active,zain,Forward,Normal,8: Recovery / standing back up
1790441109.5142164,17998,Target 0,-54.0,2010.0,0.0,2010.73,-1.54,True,Active,zain,Forward,Normal,2: Standing / idle
1790441109.6150064,17999,Target 0,-28.0,1984.0,320.0,1984.2,-0.81,True,Active,zain,Forward,Normal,2: Standing / idle
1790441109.6929765,18000,Target 0,-12.0,1967.0,240.0,1967.04,-0.35,True,Active,zain,Forward,Normal,2: Standing / idle
1790441109.7836099,18001,Target 0,-22.0,1943.0,390.0,1943.12,-0.65,True,Active,zain,Forward,Normal,2: Standing / idle
1790441109.8699229,18002,Target 0,-27.0,1919.0,80.0,1919.19,-0.81,True,Active,zain,Forward,Normal,2: Standing / idle
1790441109.9701395,18003,Target 0,-38.0,1894.0,240.0,1894.38,-1.15,True,Active,zain,Forward,Normal,2: Standing / idle
1790441110.0868425,18004,Target 0,-55.0,1871.0,160.0,1871.81,-1.68,True,Active,zain,Forward,Normal,2: Standing / idle
1790441110.1437316,18005,Target 0,-74.0,1847.0,0.0,1848.48,-2.29,True,Active,zain,Forward,Normal,2: Standing / idle
1790441110.2281597,18006,Target 0,-96.0,1819.0,-480.0,1821.53,-3.02,True,Active,zain,Forward,Normal,2: Standing / idle
1790441110.3671496,18007,Target 0,-128.0,1780.0,-160.0,1784.6,-4.11,True,Active,zain,Forward,Normal,2: Standing / idle
1790441110.5280955,18008,Target 0,-146.0,1751.0,-240.0,1757.08,-4.77,True,Active,zain,Forward,Normal,1: Walking
1790441110.547095,18009,Target 0,-192.0,1706.0,-320.0,1716.77,-6.42,True,Active,zain,Forward,Normal,1: Walking
1790441110.5839388,18010,Target 0,-246.0,1690.0,-480.0,1707.81,-8.28,True,Active,zain,Forward,Normal,1: Walking
1790441110.7502382,18011,Target 0,-300.0,1696.0,-390.0,1722.33,-10.03,True,Active,zain,Forward,Normal,1: Walking
1790441110.7712138,18012,Target 0,-354.0,1721.0,-390.0,1757.03,-11.62,True,Active,zain,Forward,Normal,1: Walking
1790441110.8514457,18013,Target 0,-410.0,1747.0,-480.0,1794.47,-13.21,True,Active,zain,Forward,Normal,1: Walking
1790441110.9549475,18014,Target 0,-470.0,1774.0,-480.0,1835.2,-14.84,True,Active,zain,Forward,Normal,1: Walking
1790441111.0621536,18015,Target 0,-533.0,1805.0,-480.0,1882.05,-16.45,True,Active,zain,Forward,Normal,1: Walking
1790441111.115952,18016,Target 0,-604.0,1816.0,-480.0,1913.81,-18.4,True,Active,zain,Forward,Normal,1: Walking
1790441111.2366562,18017,Target 0,-670.0,1830.0,-480.0,1948.79,-20.11,True,Active,zain,Forward,Normal,1: Walking
1790441111.325726,18018,Target 0,-732.0,1842.0,-560.0,1982.12,-21.67,True,Active,zain,Forward,Normal,1: Walking
1790441111.3969536,18019,Target 0,-796.0,1857.0,-560.0,2020.41,-23.2,True,Active,zain,Forward,Normal,1: Walking
1790441111.4796553,18020,Target 0,-852.0,1875.0,-560.0,2059.5,-24.44,True,Active,zain,Forward,Normal,1: Walking
1790441111.5667884,18021,Target 0,-892.0,1896.0,-480.0,2095.35,-25.2,True,Active,zain,Forward,Normal,1: Walking
1790441111.6524792,18022,Target 0,-935.0,1916.0,-390.0,2131.97,-26.01,True,Active,zain,Forward,Normal,1: Walking
1790441111.7388554,18023,Target 0,-986.0,1943.0,-560.0,2178.86,-26.91,True,Active,zain,Forward,Normal,1: Walking
1790441111.828378,18024,Target 0,-1047.0,1965.0,-560.0,2226.53,-28.05,True,Active,zain,Forward,Normal,1: Walking
1790441111.9221857,18025,Target 0,-1105.0,1994.0,-640.0,2279.71,-28.99,True,Active,zain,Forward,Normal,1: Walking
1790441112.015873,18026,Target 0,-1151.0,2029.0,-880.0,2332.73,-29.57,True,Active,zain,Forward,Normal,1: Walking
1790441112.0988195,18027,Target 0,-1199.0,2058.0,-640.0,2381.8,-30.23,True,Active,zain,Forward,Normal,1: Walking
1790441112.1831727,18028,Target 0,-1251.0,2085.0,-640.0,2431.51,-30.96,True,Active,zain,Forward,Normal,1: Walking
1790441112.2727034,18029,Target 0,-1282.0,2107.0,-720.0,2466.37,-31.32,True,Active,zain,Forward,Normal,1: Walking
1790441112.3638456,18030,Target 0,-1323.0,2133.0,-390.0,2509.98,-31.81,True,Active,zain,Forward,Normal,1: Walking
1790441112.451655,18031,Target 0,-1352.0,2149.0,-560.0,2538.92,-32.18,True,Active,zain,Forward,Normal,1: Walking
1790441112.564895,18032,Target 0,-1363.0,2168.0,-320.0,2560.86,-32.16,True,Active,zain,Forward,Normal,1: Walking
1790441112.6337037,18033,Target 0,-1389.0,2183.0,-390.0,2587.43,-32.47,True,Active,zain,Forward,Normal,1: Walking
1790441112.720711,18034,Target 0,-1429.0,2198.0,-320.0,2621.69,-33.03,True,Active,zain,Forward,Normal,1: Walking
1790441112.8127127,18035,Target 0,-1490.0,2199.0,-240.0,2656.26,-34.12,True,Active,zain,Forward,Normal,1: Walking
1790441112.9341116,18036,Target 0,-1587.0,2171.0,-240.0,2689.2,-36.17,True,Active,zain,Forward,Normal,1: Walking
1790441112.9890552,18037,Target 0,-1687.0,2142.0,-320.0,2726.56,-38.22,True,Active,zain,Forward,Normal,1: Walking
1790441113.1101584,18038,Target 0,-1759.0,2118.0,-320.0,2753.18,-39.71,True,Active,zain,Forward,Normal,1: Walking
1790441113.211654,18039,Target 0,-1827.0,2091.0,-320.0,2776.73,-41.15,True,Active,zain,Forward,Normal,1: Walking
1790441113.265507,18040,Target 0,-1890.0,2080.0,-160.0,2810.43,-42.26,True,Active,zain,Forward,Normal,1: Walking
1790441113.399293,18041,Target 0,-1963.0,2084.0,-320.0,2862.94,-43.29,True,Active,zain,Forward,Normal,1: Walking
1790441113.47343,18042,Target 0,-2010.0,2087.0,-240.0,2897.53,-43.92,True,Active,zain,Forward,Normal,1: Walking
1790441113.5274568,18043,Target 0,-2033.0,2110.0,-720.0,2930.05,-43.94,True,Active,zain,Forward,Normal,1: Walking
1790441113.6266267,18044,Target 0,-2060.0,2132.0,80.0,2964.63,-44.02,True,Active,zain,Forward,Normal,1: Walking
1790441113.719425,18045,Target 0,-2070.0,2166.0,-240.0,2996.07,-43.7,True,Active,zain,Forward,Normal,1: Walking
1790441113.7864134,18046,Target 0,-2058.0,2221.0,-80.0,3027.9,-42.82,True,Active,zain,Forward,Normal,1: Walking
1790441113.9132843,18047,Target 0,-2049.0,2269.0,640.0,3057.25,-42.08,True,Active,zain,Forward,Normal,1: Walking
1790441113.9858334,18048,Target 0,-2035.0,2306.0,240.0,3075.53,-41.43,True,Active,zain,Forward,Normal,1: Walking
1790441114.0572872,18049,Target 0,-2011.0,2318.0,320.0,3068.75,-40.94,True,Active,zain,Forward,Normal,1: Walking
1790441114.1503668,18050,Target 0,-2001.0,2317.0,480.0,3061.45,-40.81,True,Active,zain,Forward,Normal,1: Walking
1790441114.2365196,18051,Target 0,-1996.0,2309.0,320.0,3052.13,-40.84,True,Active,zain,Forward,Normal,1: Walking
1790441114.3368306,18052,Target 0,-1982.0,2308.0,320.0,3042.23,-40.65,True,Active,zain,Forward,Normal,1: Walking
1790441114.4096925,18053,Target 0,-1970.0,2296.0,390.0,3025.31,-40.63,True,Active,zain,Forward,Normal,1: Walking
1790441114.501346,18054,Target 0,-1959.0,2278.0,320.0,3004.49,-40.69,True,Active,zain,Forward,Normal,1: Walking
1790441114.59554,18055,Target 0,-1951.0,2261.0,390.0,2986.39,-40.79,True,Active,zain,Forward,Normal,1: Walking
1790441114.6995974,18056,Target 0,-1934.0,2249.0,480.0,2966.2,-40.69,True,Active,zain,Forward,Normal,1: Walking
1790441114.7643647,18057,Target 0,-1926.0,2231.0,560.0,2947.34,-40.8,True,Active,zain,Forward,Normal,1: Walking
1790441114.8545377,18058,Target 0,-1910.0,2216.0,720.0,2925.54,-40.76,True,Active,zain,Forward,Normal,1: Walking
1790441114.9436975,18059,Target 0,-1882.0,2206.0,720.0,2899.72,-40.47,True,Active,zain,Forward,Normal,1: Walking
1790441115.0471961,18060,Target 0,-1842.0,2196.0,560.0,2866.25,-39.99,True,Active,zain,Forward,Normal,1: Walking
1790441115.244132,18061,Target 0,-1753.0,2195.0,640.0,2809.1,-38.61,True,Active,zain,Forward,Normal,1: Walking
1790441115.2645118,18062,Target 0,-1675.0,2184.0,560.0,2752.36,-37.49,True,Active,zain,Forward,Normal,1: Walking
1790441115.3295658,18063,Target 0,-1610.0,2160.0,640.0,2694.01,-36.7,True,Active,zain,Forward,Normal,1: Walking
1790441115.4039807,18064,Target 0,-1553.0,2133.0,640.0,2638.47,-36.06,True,Active,zain,Forward,Normal,1: Walking
1790441115.5505822,18065,Target 0,-1503.0,2087.0,640.0,2571.88,-35.76,True,Active,zain,Forward,Normal,1: Walking
1790441115.5706804,18066,Target 0,-1450.0,2048.0,790.0,2509.34,-35.3,True,Active,zain,Forward,Normal,1: Walking
1790441115.6857512,18067,Target 0,-1394.0,2014.0,880.0,2449.37,-34.69,True,Active,zain,Forward,Normal,1: Walking
1790441115.7932105,18068,Target 0,-1334.0,1982.0,790.0,2389.12,-33.94,True,Active,zain,Forward,Normal,1: Walking
1790441115.8343298,18069,Target 0,-1279.0,1946.0,640.0,2328.68,-33.31,True,Active,zain,Forward,Normal,1: Walking
1790441115.9425824,18070,Target 0,-1251.0,1923.0,790.0,2294.11,-33.05,True,Active,zain,Forward,Normal,1: Walking
1790441116.0432234,18071,Target 0,-1209.0,1896.0,640.0,2248.67,-32.52,True,Active,zain,Forward,Normal,1: Walking
1790441116.1107566,18072,Target 0,-1172.0,1852.0,720.0,2191.69,-32.33,True,Active,zain,Forward,Normal,1: Walking
1790441116.199176,18073,Target 0,-1124.0,1810.0,640.0,2130.6,-31.84,True,Active,zain,Forward,Normal,1: Walking
1790441116.2907023,18074,Target 0,-1058.0,1780.0,560.0,2070.69,-30.73,True,Active,zain,Forward,Normal,1: Walking
1790441116.36635,18075,Target 0,-1001.0,1742.0,880.0,2009.12,-29.88,True,Active,zain,Forward,Normal,1: Walking
1790441116.4700406,18076,Target 0,-952.0,1691.0,790.0,1940.56,-29.38,True,Active,zain,Forward,Normal,1: Walking
1790441116.613932,18077,Target 0,-903.0,1640.0,640.0,1872.17,-28.84,True,Active,zain,Forward,Normal,1: Walking
1790441116.6378143,18078,Target 0,-856.0,1584.0,480.0,1800.5,-28.39,True,Active,zain,Forward,Normal,1: Walking
1790441116.818115,18079,Target 0,-819.0,1526.0,640.0,1731.89,-28.22,True,Active,zain,Forward,Normal,1: Walking
1790441116.8387933,18080,Target 0,-779.0,1478.0,390.0,1670.73,-27.79,True,Active,zain,Forward,Normal,1: Walking
1790441116.906303,18081,Target 0,-736.0,1435.0,390.0,1612.74,-27.15,True,Active,zain,Forward,Normal,1: Walking
1790441116.9891052,18082,Target 0,-702.0,1397.0,560.0,1563.46,-26.68,True,Active,zain,Forward,Normal,1: Walking
1790441117.0833886,18083,Target 0,-669.0,1348.0,390.0,1504.88,-26.39,True,Active,zain,Forward,Normal,1: Walking
1790441117.1804307,18084,Target 0,-633.0,1296.0,390.0,1442.33,-26.03,True,Active,zain,Forward,Normal,1: Walking
1790441117.260742,18085,Target 0,-600.0,1246.0,240.0,1382.94,-25.71,True,Active,zain,Forward,Normal,1: Walking
1790441117.3457937,18086,Target 0,-551.0,1210.0,240.0,1329.55,-24.48,True,Active,zain,Forward,Normal,1: Walking
1790441117.4754026,18087,Target 0,-497.0,1180.0,390.0,1280.39,-22.84,True,Active,zain,Forward,Normal,1: Walking
1790441117.526724,18088,Target 0,-437.0,1155.0,390.0,1234.91,-20.72,True,Active,zain,Forward,Normal,1: Walking
1790441117.613355,18089,Target 0,-372.0,1128.0,320.0,1187.76,-18.25,True,Active,zain,Forward,Normal,1: Walking
1790441117.7018611,18090,Target 0,-307.0,1107.0,240.0,1148.78,-15.5,True,Active,zain,Forward,Normal,1: Walking
1790441117.799946,18091,Target 0,-240.0,1088.0,320.0,1114.16,-12.44,True,Active,zain,Forward,Normal,1: Walking
1790441117.898152,18092,Target 0,-170.0,1071.0,160.0,1084.41,-9.02,True,Active,zain,Forward,Normal,1: Walking
1790441117.9993205,18093,Target 0,-93.0,1059.0,-80.0,1063.08,-5.02,True,Active,zain,Forward,Normal,1: Walking
1790441118.0886512,18094,Target 0,-15.0,1045.0,-320.0,1045.11,-0.82,True,Active,zain,Forward,Normal,1: Walking
1790441118.1750958,18095,Target 0,64.0,1032.0,-480.0,1033.98,3.55,True,Active,zain,Forward,Normal,1: Walking
1790441118.2428107,18096,Target 0,141.0,1023.0,-560.0,1032.67,7.85,True,Active,zain,Forward,Normal,1: Walking
1790441118.3550856,18097,Target 0,217.0,1028.0,-640.0,1050.65,11.92,True,Active,zain,Forward,Normal,1: Walking
1790441118.4710977,18098,Target 0,299.0,1043.0,-720.0,1085.01,16.0,True,Active,zain,Forward,Normal,1: Walking
1790441118.5016954,18099,Target 0,376.0,1067.0,-640.0,1131.31,19.41,True,Active,zain,Forward,Normal,1: Walking
1790441118.590966,18100,Target 0,445.0,1094.0,-560.0,1181.04,22.13,True,Active,zain,Forward,Normal,1: Walking
1790441118.680774,18101,Target 0,501.0,1119.0,-480.0,1226.04,24.12,True,Active,zain,Forward,Normal,1: Walking
1790441118.7778287,18102,Target 0,553.0,1142.0,-390.0,1268.85,25.84,True,Active,zain,Forward,Normal,1: Walking
1790441118.8630729,18103,Target 0,608.0,1162.0,-390.0,1311.45,27.62,True,Active,zain,Forward,Normal,1: Walking
1790441118.9484634,18104,Target 0,654.0,1178.0,-640.0,1347.37,29.04,True,Active,zain,Forward,Normal,1: Walking
1790441119.0369062,18105,Target 0,695.0,1195.0,-720.0,1382.41,30.18,True,Active,zain,Forward,Normal,1: Walking
1790441119.1392179,18106,Target 0,738.0,1233.0,-480.0,1436.99,30.9,True,Active,zain,Forward,Normal,1: Walking
1790441119.2168732,18107,Target 0,778.0,1278.0,-790.0,1496.18,31.33,True,Active,zain,Forward,Normal,1: Walking
1790441119.304083,18108,Target 0,827.0,1322.0,-480.0,1559.36,32.03,True,Active,zain,Forward,Normal,1: Walking
1790441119.4159322,18109,Target 0,878.0,1372.0,-320.0,1628.89,32.62,True,Active,zain,Forward,Normal,1: Walking
1790441119.4832141,18110,Target 0,926.0,1411.0,-240.0,1687.72,33.28,True,Active,zain,Forward,Normal,1: Walking
1790441119.5872948,18111,Target 0,959.0,1438.0,-240.0,1728.45,33.7,True,Active,zain,Forward,Normal,1: Walking
1790441119.6593974,18112,Target 0,995.0,1461.0,-320.0,1767.64,34.26,True,Active,zain,Forward,Normal,1: Walking
1790441119.770358,18113,Target 0,1033.0,1480.0,-240.0,1804.85,34.91,True,Active,zain,Forward,Normal,1: Walking
1790441119.8477192,18114,Target 0,1053.0,1502.0,-240.0,1834.34,35.03,True,Active,zain,Forward,Normal,1: Walking
1790441120.015193,18115,Target 0,1064.0,1520.0,-320.0,1855.4,34.99,True,Active,zain,Forward,Normal,1: Walking
1790441120.0815892,18116,Target 0,1079.0,1543.0,-160.0,1882.84,34.96,True,Active,zain,Forward,Normal,1: Walking
1790441120.1380763,18117,Target 0,1076.0,1562.0,-240.0,1896.74,34.56,True,Active,zain,Forward,Normal,1: Walking
1790441120.1945255,18118,Target 0,1081.0,1572.0,-160.0,1907.81,34.51,True,Active,zain,Forward,Normal,1: Walking
1790441120.2817237,18119,Target 0,1079.0,1581.0,-80.0,1914.11,34.31,True,Active,zain,Forward,Normal,1: Walking
1790441120.3843827,18120,Target 0,1076.0,1593.0,-160.0,1922.35,34.04,True,Active,zain,Forward,Normal,1: Walking
1790441120.4817388,18121,Target 0,1077.0,1611.0,-160.0,1937.85,33.76,True,Active,zain,Forward,Normal,1: Walking
1790441120.5990863,18122,Target 0,1079.0,1621.0,-160.0,1947.28,33.65,True,Active,zain,Forward,Normal,1: Walking
1790441120.6386583,18123,Target 0,1073.0,1632.0,-160.0,1953.14,33.32,True,Active,zain,Forward,Normal,1: Walking
1790441120.7472901,18124,Target 0,1073.0,1650.0,0.0,1968.2,33.04,True,Active,zain,Forward,Normal,1: Walking
1790441120.8334434,18125,Target 0,1065.0,1665.0,-80.0,1976.47,32.6,True,Active,zain,Forward,Normal,1: Walking
1790441120.909354,18126,Target 0,1057.0,1682.0,160.0,1986.55,32.15,True,Active,zain,Forward,Normal,1: Walking
1790441121.0001004,18127,Target 0,1044.0,1690.0,80.0,1986.46,31.71,True,Active,zain,Forward,Normal,1: Walking
1790441121.0850277,18128,Target 0,1030.0,1698.0,240.0,1985.98,31.24,True,Active,zain,Forward,Normal,1: Walking
1790441121.1872685,18129,Target 0,1003.0,1708.0,390.0,1980.73,30.42,True,Active,zain,Forward,Normal,1: Walking
1790441121.2761033,18130,Target 0,979.0,1719.0,640.0,1978.23,29.66,True,Active,zain,Forward,Normal,1: Walking
1790441121.349976,18131,Target 0,960.0,1729.0,640.0,1977.64,29.04,True,Active,zain,Forward,Normal,1: Walking
1790441121.5492203,18132,Target 0,942.0,1727.0,640.0,1967.2,28.61,True,Active,zain,Forward,Normal,1: Walking
1790441121.568221,18133,Target 0,920.0,1723.0,480.0,1953.24,28.1,True,Active,zain,Forward,Normal,1: Walking
1790441121.61726,18134,Target 0,892.0,1716.0,390.0,1933.99,27.47,True,Active,zain,Forward,Normal,1: Walking
1790441121.705611,18135,Target 0,862.0,1708.0,390.0,1913.19,26.78,True,Active,zain,Forward,Normal,1: Walking
1790441121.7951493,18136,Target 0,829.0,1699.0,240.0,1890.46,26.01,True,Active,zain,Forward,Normal,1: Walking
1790441121.8970466,18137,Target 0,797.0,1691.0,240.0,1869.41,25.24,True,Active,zain,Forward,Normal,1: Walking
1790441121.9891548,18138,Target 0,765.0,1686.0,160.0,1851.44,24.41,True,Active,zain,Forward,Normal,1: Walking
1790441122.0620668,18139,Target 0,727.0,1680.0,240.0,1830.55,23.4,True,Active,zain,Forward,Normal,1: Walking
1790441122.1506815,18140,Target 0,687.0,1682.0,80.0,1816.89,22.22,True,Active,zain,Forward,Normal,1: Walking
1790441122.2979724,18141,Target 0,642.0,1686.0,80.0,1804.1,20.85,True,Active,zain,Forward,Normal,1: Walking
1790441122.3787503,18142,Target 0,550.0,1690.0,80.0,1777.25,18.03,True,Active,zain,Forward,Normal,1: Walking
1790441122.4377851,18143,Target 0,454.0,1672.0,-390.0,1732.54,15.19,True,Active,zain,Forward,Normal,1: Walking
1790441122.5067132,18144,Target 0,376.0,1666.0,80.0,1707.9,12.72,True,Active,zain,Forward,Normal,1: Walking
1790441122.6095753,18145,Target 0,306.0,1661.0,80.0,1688.95,10.44,True,Active,zain,Forward,Normal,1: Walking
1790441122.6921444,18146,Target 0,246.0,1650.0,160.0,1668.24,8.48,True,Active,zain,Forward,Normal,1: Walking
1790441122.7856896,18147,Target 0,179.0,1642.0,80.0,1651.73,6.22,True,Active,zain,Forward,Normal,1: Walking
1790441122.8848302,18148,Target 0,121.0,1618.0,240.0,1622.52,4.28,True,Active,zain,Forward,Normal,1: Walking
1790441122.9667063,18149,Target 0,60.0,1588.0,160.0,1589.13,2.16,True,Active,zain,Forward,Normal,1: Walking
1790441123.0797248,18150,Target 0,-17.0,1568.0,-160.0,1568.09,-0.62,True,Active,zain,Forward,Normal,1: Walking
1790441123.202966,18151,Target 0,-92.0,1578.0,-240.0,1580.68,-3.34,True,Active,zain,Forward,Normal,1: Walking
1790441123.2606463,18152,Target 0,-168.0,1587.0,-240.0,1595.87,-6.04,True,Active,zain,Forward,Normal,1: Walking
1790441123.3138402,18153,Target 0,-235.0,1601.0,-390.0,1618.16,-8.35,True,Active,zain,Forward,Normal,1: Walking
1790441123.397509,18154,Target 0,-301.0,1616.0,-560.0,1643.79,-10.55,True,Active,zain,Forward,Normal,1: Walking
1790441123.4867914,18155,Target 0,-370.0,1628.0,-720.0,1669.52,-12.8,True,Active,zain,Forward,Normal,1: Walking
1790441123.5838976,18156,Target 0,-436.0,1640.0,-720.0,1696.97,-14.89,True,Active,zain,Forward,Normal,1: Walking
1790441123.6724043,18157,Target 0,-503.0,1645.0,-640.0,1720.18,-17.0,True,Active,zain,Forward,Normal,1: Walking
1790441123.7535315,18158,Target 0,-562.0,1672.0,-560.0,1763.92,-18.58,True,Active,zain,Forward,Normal,1: Walking
1790441123.848291,18159,Target 0,-612.0,1699.0,-560.0,1805.86,-19.81,True,Active,zain,Forward,Normal,1: Walking
1790441123.9346778,18160,Target 0,-659.0,1729.0,-480.0,1850.33,-20.86,True,Active,zain,Forward,Normal,1: Walking
1790441124.0923688,18161,Target 0,-697.0,1736.0,-560.0,1870.7,-21.88,True,Active,zain,Forward,Normal,1: Walking
1790441124.1124763,18162,Target 0,-749.0,1755.0,-480.0,1908.15,-23.11,True,Active,zain,Forward,Normal,1: Walking
1790441124.198233,18163,Target 0,-785.0,1799.0,-560.0,1962.81,-23.57,True,Active,zain,Forward,Normal,1: Walking
1790441124.286667,18164,Target 0,-839.0,1830.0,-790.0,2013.16,-24.63,True,Active,zain,Forward,Normal,1: Walking
1790441124.3775568,18165,Target 0,-894.0,1870.0,-640.0,2072.71,-25.55,True,Active,zain,Forward,Normal,1: Walking
1790441124.4641275,18166,Target 0,-940.0,1916.0,-480.0,2134.16,-26.13,True,Active,zain,Forward,Normal,1: Walking
1790441124.6147447,18167,Target 0,-996.0,1948.0,-390.0,2187.86,-27.08,True,Active,zain,Forward,Normal,1: Walking
1790441124.7113423,18168,Target 0,-1053.0,1971.0,-390.0,2234.65,-28.11,True,Active,zain,Forward,Normal,1: Walking
1790441124.807533,18169,Target 0,-1115.0,1989.0,-390.0,2280.21,-29.27,True,Active,zain,Forward,Normal,1: Walking
1790441124.8548942,18170,Target 0,-1165.0,2008.0,-390.0,2321.48,-30.12,True,Active,zain,Forward,Normal,1: Walking
1790441124.97043,18171,Target 0,-1209.0,2026.0,-390.0,2359.31,-30.83,True,Active,zain,Forward,Normal,1: Walking
1790441125.0107822,18172,Target 0,-1258.0,2045.0,-560.0,2400.96,-31.6,True,Active,zain,Forward,Normal,1: Walking
1790441125.093765,18173,Target 0,-1317.0,2048.0,-240.0,2434.91,-32.74,True,Active,zain,Forward,Normal,1: Walking
1790441125.2065203,18174,Target 0,-1368.0,2051.0,-320.0,2465.37,-33.7,True,Active,zain,Forward,Normal,1: Walking
1790441125.3010638,18175,Target 0,-1421.0,2060.0,-320.0,2502.57,-34.6,True,Active,zain,Forward,Normal,1: Walking
1790441125.3831534,18176,Target 0,-1475.0,2055.0,-390.0,2529.56,-35.67,True,Active,zain,Forward,Normal,1: Walking
1790441125.4452782,18177,Target 0,-1518.0,2047.0,-480.0,2548.44,-36.56,True,Active,zain,Forward,Normal,1: Walking
1790441125.5985537,18178,Target 0,-1565.0,2045.0,-320.0,2575.12,-37.43,True,Active,zain,Forward,Normal,1: Walking
1790441125.6794953,18179,Target 0,-1611.0,2043.0,-320.0,2601.76,-38.26,True,Active,zain,Forward,Normal,1: Walking
1790441125.7102618,18180,Target 0,-1652.0,2052.0,-160.0,2634.35,-38.84,True,Active,zain,Forward,Normal,1: Walking
1790441125.7991407,18181,Target 0,-1685.0,2049.0,-160.0,2652.85,-39.43,True,Active,zain,Forward,Normal,1: Walking
1790441125.912208,18182,Target 0,-1722.0,2026.0,-80.0,2658.94,-40.36,True,Active,zain,Forward,Normal,1: Walking
1790441125.9770236,18183,Target 0,-1764.0,2003.0,-160.0,2669.03,-41.37,True,Active,zain,Forward,Normal,1: Walking
1790441126.066607,18184,Target 0,-1812.0,2000.0,-240.0,2698.77,-42.18,True,Active,zain,Forward,Normal,1: Walking
1790441126.155324,18185,Target 0,-1884.0,2000.0,-320.0,2747.63,-43.29,True,Active,zain,Forward,Normal,1: Walking
1790441126.271093,18186,Target 0,-1939.0,2003.0,-240.0,2787.78,-44.07,True,Active,zain,Forward,Normal,1: Walking
1790441126.387571,18187,Target 0,-1971.0,2018.0,-320.0,2820.84,-44.32,True,Active,zain,Forward,Normal,1: Walking
1790441126.4229608,18188,Target 0,-2015.0,2024.0,-390.0,2856.01,-44.87,True,Active,zain,Forward,Normal,1: Walking
1790441126.511652,18189,Target 0,-2036.0,2044.0,-390.0,2885.0,-44.89,True,Active,zain,Forward,Normal,1: Walking
1790441126.6220386,18190,Target 0,-2050.0,2058.0,-320.0,2904.8,-44.89,True,Active,zain,Forward,Normal,1: Walking
1790441126.6930017,18191,Target 0,-2067.0,2070.0,-240.0,2925.3,-44.96,True,Active,zain,Forward,Normal,1: Walking
1790441126.7870698,18192,Target 0,-2066.0,2085.0,-160.0,2935.23,-44.74,True,Active,zain,Forward,Normal,1: Walking
1790441126.86901,18193,Target 0,-2071.0,2095.0,-160.0,2945.86,-44.67,True,Active,zain,Forward,Normal,1: Walking
1790441127.0301783,18194,Target 0,-2081.0,2108.0,-160.0,2962.13,-44.63,True,Active,zain,Forward,Normal,1: Walking
1790441127.107842,18195,Target 0,-2100.0,2118.0,80.0,2982.6,-44.76,True,Active,zain,Forward,Normal,1: Walking
1790441127.1864338,18196,Target 0,-2131.0,2117.0,80.0,3003.81,-45.19,True,Active,zain,Forward,Normal,1: Walking
1790441127.2436545,18197,Target 0,-2204.0,2063.0,0.0,3018.87,-46.89,True,Active,zain,Forward,Normal,1: Walking
1790441127.397919,18198,Target 0,-2307.0,1990.0,80.0,3046.69,-49.22,True,Active,zain,Forward,Normal,1: Walking
1790441127.490159,18199,Target 0,-2399.0,1930.0,80.0,3078.98,-51.18,True,Active,zain,Forward,Normal,1: Walking
1790441127.5107424,18200,Target 0,-2471.0,1872.0,80.0,3100.04,-52.85,True,Active,zain,Forward,Normal,1: Walking
1790441127.6009405,18201,Target 0,-2525.0,1825.0,0.0,3115.49,-54.14,True,Active,zain,Forward,Normal,1: Walking
1790441127.7145488,18202,Target 0,-2549.0,1795.0,80.0,3117.6,-54.85,True,Active,zain,Forward,Normal,1: Walking
1790441127.871231,18203,Target 0,-2564.0,1768.0,80.0,3114.47,-55.41,True,Active,zain,Forward,Normal,1: Walking
1790441127.8927314,18204,Target 0,-2582.0,1732.0,80.0,3109.11,-56.15,True,Active,zain,Forward,Normal,1: Walking
1790441127.934649,18205,Target 0,-2588.0,1710.0,0.0,3101.91,-56.55,True,Active,zain,Forward,Normal,1: Walking
1790441128.0611703,18206,Target 0,-2544.0,1779.0,0.0,3104.32,-55.04,True,Active,zain,Forward,Normal,1: Walking
1790441128.1200106,18207,Target 0,-2533.0,1792.0,0.0,3102.8,-54.72,True,Active,zain,Forward,Normal,1: Walking
1790441128.2019742,18208,Target 0,-2504.0,1828.0,0.0,3100.26,-53.87,True,Active,zain,Forward,Normal,1: Walking
1790441128.3986814,18209,Target 0,-2485.0,1848.0,0.0,3096.83,-53.36,True,Active,zain,Forward,Normal,1: Walking
1790441128.4181876,18210,Target 0,-2469.0,1866.0,0.0,3094.82,-52.92,True,Active,zain,Forward,Normal,1: Walking
1790441128.4679074,18211,Target 0,-2466.0,1878.0,0.0,3099.68,-52.71,True,Active,zain,Forward,Normal,1: Walking
1790441128.5570514,18212,Target 0,-2468.0,1878.0,0.0,3101.28,-52.73,True,Active,zain,Forward,Normal,1: Walking
1790441128.6499825,18213,Target 0,-2474.0,1874.0,0.0,3103.64,-52.86,True,Active,zain,Forward,Normal,1: Walking
1790441128.7606707,18214,Target 0,-2478.0,1867.0,0.0,3102.61,-53.0,True,Active,zain,Forward,Normal,1: Walking
1790441128.825761,18215,Target 0,-2479.0,1863.0,0.0,3101.0,-53.07,True,Active,zain,Forward,Normal,1: Walking
1790441128.9150636,18216,Target 0,-2477.0,1856.0,0.0,3095.2,-53.16,True,Active,zain,Forward,Normal,1: Walking
1790441129.0030887,18217,Target 0,-2473.0,1852.0,0.0,3089.6,-53.17,True,Active,zain,Forward,Normal,1: Walking
1790441129.1105945,18218,Target 0,-2472.0,1858.0,80.0,3092.4,-53.07,True,Active,zain,Forward,Normal,1: Walking
1790441129.184807,18219,Target 0,-2472.0,1868.0,80.0,3098.42,-52.92,True,Active,zain,Forward,Normal,1: Walking
1790441129.312995,18220,Target 0,-2472.0,1872.0,0.0,3100.83,-52.86,True,Active,zain,Forward,Normal,1: Walking
1790441129.3705068,18221,Target 0,-2475.0,1875.0,0.0,3105.04,-52.85,True,Active,zain,Forward,Normal,1: Walking
1790441129.496088,18222,Target 0,-2478.0,1876.0,0.0,3108.03,-52.87,True,Active,zain,Forward,Normal,1: Walking
1790441129.5418391,18223,Target 0,-2477.0,1878.0,0.0,3108.44,-52.83,True,Active,zain,Forward,Normal,1: Walking
1790441129.6577063,18224,Target 0,-2473.0,1878.0,0.0,3105.26,-52.79,True,Active,zain,Forward,Normal,1: Walking
1790441129.764284,18225,Target 0,-2468.0,1878.0,-80.0,3101.28,-52.73,True,Active,zain,Forward,Normal,1: Walking
1790441129.8143642,18226,Target 0,-2464.0,1876.0,160.0,3096.88,-52.72,True,Active,zain,Forward,Normal,1: Walking
1790441129.9591043,18227,Target 0,-2467.0,1872.0,240.0,3096.85,-52.81,True,Active,zain,Forward,Normal,1: Walking
1790441130.0478992,18228,Target 0,-2470.0,1867.0,80.0,3096.22,-52.92,True,Active,zain,Forward,Normal,1: Walking
1790441130.0963326,18229,Target 0,-2470.0,1867.0,80.0,3096.22,-52.92,True,Active,zain,Forward,Normal,1: Walking
1790441130.2013185,18230,Target 0,-2467.0,1872.0,160.0,3096.85,-52.81,True,Active,zain,Forward,Normal,1: Walking
1790441130.2515073,18231,Target 0,-2462.0,1879.0,240.0,3097.11,-52.65,True,Active,zain,Forward,Normal,1: Walking
1790441130.3399003,18232,Target 0,-2456.0,1885.0,390.0,3095.99,-52.49,True,Active,zain,Forward,Normal,1: Walking
1790441130.441608,18233,Target 0,-2447.0,1890.0,240.0,3091.91,-52.32,True,Active,zain,Forward,Normal,1: Walking
1790441130.5433416,18234,Target 0,-2432.0,1898.0,240.0,3084.97,-52.03,True,Active,zain,Forward,Normal,1: Walking
1790441130.6046703,18235,Target 0,-2391.0,1916.0,390.0,3063.97,-51.29,True,Active,zain,Forward,Normal,1: Walking
1790441130.6941068,18236,Target 0,-2346.0,1938.0,390.0,3042.95,-50.44,True,Active,zain,Forward,Normal,1: Walking
1790441130.7827241,18237,Target 0,-2306.0,1954.0,480.0,3022.54,-49.72,True,Active,zain,Forward,Normal,1: Walking
1790441130.9468262,18238,Target 0,-2264.0,1968.0,560.0,2999.79,-49.0,True,Active,zain,Forward,Normal,1: Walking
1790441130.969051,18239,Target 0,-2192.0,1972.0,720.0,2948.5,-48.02,True,Active,zain,Forward,Normal,1: Walking
1790441131.0539088,18240,Target 0,-2113.0,1986.0,720.0,2899.82,-46.77,True,Active,zain,Forward,Normal,1: Walking
1790441131.140294,18241,Target 0,-2040.0,1985.0,640.0,2846.37,-45.78,True,Active,zain,Forward,Normal,1: Walking
1790441131.228295,18242,Target 0,-1969.0,1964.0,560.0,2781.05,-45.07,True,Active,zain,Forward,Normal,1: Walking
1790441131.3178008,18243,Target 0,-1894.0,1947.0,480.0,2716.26,-44.21,True,Active,zain,Forward,Normal,1: Walking
1790441131.4195333,18244,Target 0,-1823.0,1936.0,480.0,2659.22,-43.28,True,Active,zain,Forward,Normal,1: Walking
1790441131.4950957,18245,Target 0,-1745.0,1946.0,560.0,2613.8,-41.88,True,Active,zain,Forward,Normal,1: Walking
1790441131.5846202,18246,Target 0,-1685.0,1945.0,560.0,2573.37,-40.9,True,Active,zain,Forward,Normal,1: Walking
1790441131.7302258,18247,Target 0,-1624.0,1940.0,720.0,2530.02,-39.93,True,Active,zain,Forward,Normal,1: Walking
1790441131.8835194,18248,Target 0,-1564.0,1927.0,790.0,2481.82,-39.06,True,Active,zain,Forward,Normal,1: Walking
1790441131.902975,18249,Target 0,-1512.0,1889.0,880.0,2419.6,-38.67,True,Active,zain,Forward,Normal,1: Walking
1790441131.9394243,18250,Target 0,-1466.0,1843.0,790.0,2354.95,-38.5,True,Active,zain,Forward,Normal,1: Walking
1790441132.0288222,18251,Target 0,-1412.0,1797.0,720.0,2285.38,-38.16,True,Active,zain,Forward,Normal,1: Walking
1790441132.1171668,18252,Target 0,-1354.0,1752.0,720.0,2214.23,-37.7,True,Active,zain,Forward,Normal,1: Walking
1790441132.2251205,18253,Target 0,-1299.0,1710.0,720.0,2147.44,-37.22,True,Active,zain,Forward,Normal,1: Walking
1790441132.3191757,18254,Target 0,-1239.0,1674.0,880.0,2082.64,-36.51,True,Active,zain,Forward,Normal,1: Walking
1790441132.4162042,18255,Target 0,-1188.0,1639.0,960.0,2024.27,-35.94,True,Active,zain,Forward,Normal,1: Walking
1790441132.491011,18256,Target 0,-1141.0,1601.0,880.0,1965.98,-35.48,True,Active,zain,Forward,Normal,1: Walking
1790441132.5810363,18257,Target 0,-1096.0,1557.0,790.0,1904.07,-35.14,True,Active,zain,Forward,Normal,1: Walking
1790441132.7095404,18258,Target 0,-1053.0,1508.0,790.0,1839.26,-34.93,True,Active,zain,Forward,Normal,1: Walking
1790441132.7647164,18259,Target 0,-1023.0,1444.0,960.0,1769.65,-35.32,True,Active,zain,Forward,Normal,1: Walking
1790441132.8292167,18260,Target 0,-989.0,1383.0,880.0,1700.24,-35.57,True,Active,zain,Forward,Normal,1: Walking
1790441132.9183514,18261,Target 0,-954.0,1322.0,880.0,1630.28,-35.82,True,Active,zain,Forward,Normal,1: Walking
1790441133.0155907,18262,Target 0,-909.0,1270.0,720.0,1561.79,-35.59,True,Active,zain,Forward,Normal,1: Walking
1790441133.1195648,18263,Target 0,-849.0,1226.0,640.0,1491.27,-34.7,True,Active,zain,Forward,Normal,1: Walking
1790441133.1846502,18264,Target 0,-776.0,1190.0,640.0,1420.66,-33.11,True,Active,zain,Forward,Normal,1: Walking
1790441133.275057,18265,Target 0,-689.0,1179.0,80.0,1365.56,-30.3,True,Active,zain,Forward,Normal,1: Walking
1790441133.3996968,18266,Target 0,-597.0,1164.0,240.0,1308.17,-27.15,True,Active,zain,Forward,Normal,1: Walking
1790441133.4732172,18267,Target 0,-506.0,1150.0,80.0,1256.4,-23.75,True,Active,zain,Forward,Normal,1: Walking
1790441133.540864,18268,Target 0,-412.0,1137.0,-80.0,1209.34,-19.92,True,Active,zain,Forward,Normal,1: Walking
1790441133.6299412,18269,Target 0,-323.0,1127.0,0.0,1172.37,-15.99,True,Active,zain,Forward,Normal,1: Walking
1790441133.7439244,18270,Target 0,-246.0,1118.0,80.0,1144.74,-12.41,True,Active,zain,Forward,Normal,1: Walking
1790441133.8389301,18271,Target 0,-177.0,1111.0,80.0,1125.01,-9.05,True,Active,zain,Forward,Normal,1: Walking
1790441133.8966746,18272,Target 0,-140.0,1107.0,390.0,1115.82,-7.21,True,Active,zain,Forward,Normal,1: Walking
1790441134.0057127,18273,Target 0,-110.0,1103.0,240.0,1108.47,-5.7,True,Active,zain,Forward,Normal,1: Walking
1790441134.0814128,18274,Target 0,-69.0,1097.0,-80.0,1099.17,-3.6,True,Active,zain,Forward,Normal,1: Walking
1790441134.1833262,18275,Target 0,-29.0,1096.0,-80.0,1096.38,-1.52,True,Active,zain,Forward,Normal,1: Walking
1790441134.257759,18276,Target 0,22.0,1098.0,-320.0,1098.22,1.15,True,Active,zain,Forward,Normal,1: Walking
1790441134.3724022,18277,Target 0,67.0,1103.0,-480.0,1105.03,3.48,True,Active,zain,Forward,Normal,1: Walking
1790441134.5035186,18278,Target 0,109.0,1118.0,-720.0,1123.3,5.57,True,Active,zain,Forward,Normal,1: Walking
1790441134.5580149,18279,Target 0,165.0,1139.0,-640.0,1150.89,8.24,True,Active,zain,Forward,Normal,1: Walking
1790441134.6174755,18280,Target 0,224.0,1163.0,-640.0,1184.38,10.9,True,Active,zain,Forward,Normal,1: Walking
1790441134.7173345,18281,Target 0,296.0,1174.0,-320.0,1210.74,14.15,True,Active,zain,Forward,Normal,1: Walking
1790441134.8269193,18282,Target 0,354.0,1193.0,-640.0,1244.41,16.53,True,Active,zain,Forward,Normal,1: Walking
1790441134.8971696,18283,Target 0,413.0,1208.0,-390.0,1276.65,18.87,True,Active,zain,Forward,Normal,1: Walking
1790441134.9866047,18284,Target 0,475.0,1224.0,-480.0,1312.94,21.21,True,Active,zain,Forward,Normal,1: Walking
1790441135.063741,18285,Target 0,529.0,1241.0,-480.0,1349.04,23.09,True,Active,zain,Forward,Normal,1: Walking
1790441135.151499,18286,Target 0,580.0,1260.0,-560.0,1387.08,24.72,True,Active,zain,Forward,Normal,1: Walking
1790441135.248947,18287,Target 0,629.0,1278.0,-560.0,1424.4,26.21,True,Active,zain,Forward,Normal,1: Walking
1790441135.3211756,18288,Target 0,680.0,1298.0,-640.0,1465.33,27.65,True,Active,zain,Forward,Normal,1: Walking
1790441135.4119198,18289,Target 0,731.0,1323.0,-640.0,1511.52,28.92,True,Active,zain,Forward,Normal,1: Walking
1790441135.499571,18290,Target 0,771.0,1356.0,-320.0,1559.86,29.62,True,Active,zain,Forward,Normal,1: Walking
1790441135.6001728,18291,Target 0,812.0,1394.0,-480.0,1613.25,30.22,True,Active,zain,Forward,Normal,1: Walking
1790441135.6916218,18292,Target 0,854.0,1428.0,-560.0,1663.88,30.88,True,Active,zain,Forward,Normal,1: Walking
1790441135.7685862,18293,Target 0,886.0,1458.0,-240.0,1706.09,31.29,True,Active,zain,Forward,Normal,1: Walking
1790441135.866104,18294,Target 0,893.0,1487.0,-240.0,1734.54,30.99,True,Active,zain,Forward,Normal,1: Walking
1790441135.9526331,18295,Target 0,873.0,1521.0,-160.0,1753.73,29.85,True,Active,zain,Forward,Normal,1: Walking
1790441136.0332503,18296,Target 0,861.0,1558.0,-80.0,1780.08,28.93,True,Active,zain,Forward,Normal,1: Walking
1790441136.1306295,18297,Target 0,863.0,1595.0,-160.0,1813.5,28.42,True,Active,zain,Forward,Normal,1: Walking
1790441136.21162,18298,Target 0,863.0,1618.0,-80.0,1833.76,28.07,True,Active,zain,Forward,Normal,1: Walking
1790441136.3128731,18299,Target 0,856.0,1627.0,-80.0,1838.44,27.75,True,Active,zain,Forward,Normal,1: Walking
1790441136.436136,18300,Target 0,855.0,1635.0,-80.0,1845.06,27.61,True,Active,zain,Forward,Normal,1: Walking
1790441136.5050228,18301,Target 0,853.0,1644.0,-160.0,1852.12,27.42,True,Active,zain,Forward,Normal,1: Walking
1790441136.5763297,18302,Target 0,852.0,1665.0,80.0,1870.33,27.1,True,Active,zain,Forward,Normal,1: Walking
1790441136.6628025,18303,Target 0,850.0,1678.0,0.0,1881.01,26.86,True,Active,zain,Forward,Normal,1: Walking
1790441136.7517116,18304,Target 0,844.0,1682.0,-80.0,1881.88,26.65,True,Active,zain,Forward,Normal,1: Walking
1790441136.856266,18305,Target 0,836.0,1684.0,80.0,1880.09,26.4,True,Active,zain,Forward,Normal,1: Walking
1790441136.9765599,18306,Target 0,824.0,1689.0,240.0,1879.28,26.01,True,Active,zain,Forward,Normal,1: Walking
1790441137.0566957,18307,Target 0,807.0,1695.0,390.0,1877.3,25.46,True,Active,zain,Forward,Normal,1: Walking
1790441137.1025813,18308,Target 0,784.0,1700.0,560.0,1872.07,24.76,True,Active,zain,Forward,Normal,1: Walking
1790441137.1989632,18309,Target 0,756.0,1698.0,560.0,1858.69,24.0,True,Active,zain,Forward,Normal,1: Walking
1790441137.3071795,18310,Target 0,719.0,1691.0,720.0,1837.51,23.03,True,Active,zain,Forward,Normal,1: Walking
1790441137.3785293,18311,Target 0,640.0,1668.0,560.0,1786.57,20.99,True,Active,zain,Forward,Normal,1: Walking
1790441137.4900556,18312,Target 0,545.0,1643.0,240.0,1731.03,18.35,True,Active,zain,Forward,Normal,1: Walking
1790441137.545655,18313,Target 0,465.0,1633.0,0.0,1697.91,15.89,True,Active,zain,Forward,Normal,1: Walking
1790441137.6438508,18314,Target 0,401.0,1630.0,-240.0,1678.6,13.82,True,Active,zain,Forward,Normal,1: Walking
1790441137.7290952,18315,Target 0,346.0,1631.0,-390.0,1667.3,11.98,True,Active,zain,Forward,Normal,1: Walking
1790441137.8158298,18316,Target 0,309.0,1652.0,-240.0,1680.65,10.59,True,Active,zain,Forward,Normal,1: Walking
1790441137.9080412,18317,Target 0,274.0,1678.0,-320.0,1700.22,9.27,True,Active,zain,Forward,Normal,1: Walking
1790441137.9910865,18318,Target 0,237.0,1701.0,-320.0,1717.43,7.93,True,Active,zain,Forward,Normal,1: Walking
1790441138.0792673,18319,Target 0,197.0,1720.0,-240.0,1731.24,6.53,True,Active,zain,Forward,Normal,1: Walking
1790441138.1718225,18320,Target 0,159.0,1731.0,-320.0,1738.29,5.25,True,Active,zain,Forward,Normal,1: Walking
1790441138.331329,18321,Target 0,136.0,1751.0,-160.0,1756.27,4.44,True,Active,zain,Forward,Normal,6: Fall onset
1790441138.3517005,18322,Target 0,107.0,1768.0,-390.0,1771.23,3.46,True,Active,zain,Forward,Normal,6: Fall onset
1790441138.4366853,18323,Target 0,92.0,1803.0,-390.0,1805.35,2.92,True,Active,zain,Forward,Normal,6: Fall onset
1790441138.5287921,18324,Target 0,82.0,1838.0,-720.0,1839.83,2.55,True,Active,zain,Forward,Normal,6: Fall onset
1790441138.6210117,18325,Target 0,69.0,1888.0,-1120.0,1889.26,2.09,True,Active,zain,Forward,Normal,6: Fall onset
1790441138.7026908,18326,Target 0,40.0,1942.0,-1040.0,1942.41,1.18,True,Active,zain,Forward,Normal,6: Fall onset
1790441138.7917194,18327,Target 0,3.0,2005.0,-80.0,2005.0,0.09,True,Active,zain,Forward,Normal,6: Fall onset
1790441138.889803,18328,Target 0,-24.0,2062.0,-240.0,2062.14,-0.67,True,Active,zain,Forward,Normal,6: Fall onset
1790441138.9778445,18329,Target 0,-52.0,2108.0,-240.0,2108.64,-1.41,True,Active,zain,Forward,Normal,6: Fall onset
1790441139.0761886,18330,Target 0,-76.0,2141.0,-320.0,2142.35,-2.03,True,Active,zain,Forward,Normal,6: Fall onset
1790441139.1513875,18331,Target 0,-110.0,2189.0,-240.0,2191.76,-2.88,True,Active,zain,Forward,Normal,6: Fall onset
1790441139.3086412,18332,Target 0,-143.0,2242.0,-240.0,2246.56,-3.65,True,Active,zain,Forward,Normal,6: Fall onset
1790441139.3793705,18333,Target 0,-165.0,2287.0,-240.0,2292.94,-4.13,True,Active,zain,Forward,Normal,6: Fall onset
1790441139.4195857,18334,Target 0,-167.0,2318.0,-640.0,2324.01,-4.12,True,Active,zain,Forward,Normal,6: Fall onset
1790441139.507912,18335,Target 0,-169.0,2366.0,-720.0,2372.03,-4.09,True,Active,zain,Forward,Normal,6: Fall onset
1790441139.6475613,18336,Target 0,-167.0,2412.0,-640.0,2417.77,-3.96,True,Active,zain,Forward,Normal,6: Fall onset
1790441139.7344563,18337,Target 0,-187.0,2453.0,-960.0,2460.12,-4.36,True,Active,zain,Forward,Normal,6: Fall onset
1790441139.7817287,18338,Target 0,-202.0,2507.0,-1280.0,2515.12,-4.61,True,Active,zain,Forward,Normal,6: Fall onset
1790441139.858801,18339,Target 0,-218.0,2582.0,-1440.0,2591.19,-4.83,True,Active,zain,Forward,Normal,6: Fall onset
1790441139.9697425,18340,Target 0,-238.0,2675.0,-80.0,2685.57,-5.08,True,Active,zain,Forward,Normal,6: Fall onset
1790441140.0441315,18341,Target 0,-253.0,2895.0,0.0,2906.03,-4.99,True,Active,zain,Forward,Normal,7: Post-fall stillness
1790441140.1298456,18342,Target 0,-292.0,3116.0,80.0,3129.65,-5.35,True,Active,zain,Forward,Normal,7: Post-fall stillness
1790441140.215117,18343,Target 0,-373.0,3312.0,80.0,3332.94,-6.43,True,Active,zain,Forward,Normal,7: Post-fall stillness
1790441140.3331091,18344,Target 0,-446.0,3474.0,-80.0,3502.51,-7.32,True,Active,zain,Forward,Normal,7: Post-fall stillness
1790441140.397114,18345,Target 0,-454.0,3550.0,-80.0,3578.91,-7.29,True,Active,zain,Forward,Normal,7: Post-fall stillness
1790441140.4913752,18346,Target 0,-474.0,3644.0,80.0,3674.7,-7.41,True,Active,zain,Forward,Normal,7: Post-fall stillness
1790441140.576569,18347,Target 0,-491.0,3692.0,80.0,3724.51,-7.58,True,Active,zain,Forward,Normal,7: Post-fall stillness
1790441140.6803362,18348,Target 0,-507.0,3727.0,80.0,3761.33,-7.75,True,Active,zain,Forward,Normal,7: Post-fall stillness
1790441140.7489748,18349,Target 0,-520.0,3752.0,80.0,3787.86,-7.89,True,Active,zain,Forward,Normal,7: Post-fall stillness
1790441140.839288,18350,Target 0,-532.0,3770.0,80.0,3807.35,-8.03,True,Active,zain,Forward,Normal,7: Post-fall stillness
1790441140.937197,18351,Target 0,-542.0,3783.0,80.0,3821.63,-8.15,True,Active,zain,Forward,Normal,7: Post-fall stillness
1790441141.034115,18352,Target 0,-527.0,3810.0,0.0,3846.27,-7.88,True,Active,zain,Forward,Normal,7: Post-fall stillness
1790441141.213732,18353,Target 0,-516.0,3824.0,0.0,3858.66,-7.68,True,Active,zain,Forward,Normal,7: Post-fall stillness
1790441141.2387092,18354,Target 0,-486.0,3838.0,0.0,3868.65,-7.22,True,Active,zain,Forward,Normal,7: Post-fall stillness
1790441141.3133497,18355,Target 0,-452.0,3851.0,0.0,3877.44,-6.69,True,Active,zain,Forward,Normal,7: Post-fall stillness
1790441141.393383,18356,Target 0,-421.0,3862.0,0.0,3884.88,-6.22,True,Active,zain,Forward,Normal,7: Post-fall stillness
1790441141.5097294,18357,Target 0,-407.0,3878.0,0.0,3899.3,-5.99,True,Active,zain,Forward,Normal,7: Post-fall stillness
1790441141.5729024,18358,Target 0,-379.0,3899.0,0.0,3917.38,-5.55,True,Active,zain,Forward,Normal,7: Post-fall stillness
1790441141.6709058,18359,Target 0,-351.0,3921.0,0.0,3936.68,-5.12,True,Active,zain,Forward,Normal,7: Post-fall stillness
1790441141.767144,18360,Target 0,-308.0,3939.0,0.0,3951.02,-4.47,True,Active,zain,Forward,Normal,7: Post-fall stillness
1790441141.8972325,18361,Target 0,-256.0,3955.0,0.0,3963.28,-3.7,True,Active,zain,Forward,Normal,7: Post-fall stillness
1790441141.9424942,18362,Target 0,-207.0,3968.0,0.0,3973.4,-2.99,True,Active,zain,Forward,Normal,7: Post-fall stillness
1790441142.0587106,18363,Target 0,-158.0,3980.0,0.0,3983.13,-2.27,True,Active,zain,Forward,Normal,7: Post-fall stillness
1790441142.1057117,18364,Target 0,-148.0,3994.0,0.0,3996.74,-2.12,True,Active,zain,Forward,Normal,7: Post-fall stillness
1790441142.1776552,18365,Target 0,-157.0,3998.0,0.0,4001.08,-2.25,True,Active,zain,Forward,Normal,7: Post-fall stillness
1790441142.2615278,18366,Target 0,-171.0,4003.0,0.0,4006.65,-2.45,True,Active,zain,Forward,Normal,7: Post-fall stillness
1790441142.3500245,18367,Target 0,-185.0,4008.0,0.0,4012.27,-2.64,True,Active,zain,Forward,Normal,7: Post-fall stillness
1790441142.4504454,18368,Target 0,-198.0,4012.0,0.0,4016.88,-2.83,True,Active,zain,Forward,Normal,7: Post-fall stillness
1790441142.5301528,18369,Target 0,-211.0,4016.0,0.0,4021.54,-3.01,True,Active,zain,Forward,Normal,7: Post-fall stillness
1790441142.6179783,18370,Target 0,-218.0,4021.0,80.0,4026.91,-3.1,True,Active,zain,Forward,Normal,7: Post-fall stillness
1790441142.70686,18371,Target 0,-223.0,4026.0,80.0,4032.17,-3.17,True,Active,zain,Forward,Normal,7: Post-fall stillness
1790441142.8079221,18372,Target 0,-227.0,4030.0,80.0,4036.39,-3.22,True,Active,zain,Forward,Normal,7: Post-fall stillness
1790441142.8913293,18373,Target 0,-232.0,4035.0,80.0,4041.66,-3.29,True,Active,zain,Forward,Normal,7: Post-fall stillness
1790441142.9810915,18374,Target 0,-237.0,4033.0,80.0,4039.96,-3.36,True,Active,zain,Forward,Normal,8: Recovery / standing back up
1790441143.0714235,18375,Target 0,-247.0,4036.0,0.0,4043.55,-3.5,True,Active,zain,Forward,Normal,8: Recovery / standing back up
1790441143.1642013,18376,Target 0,-257.0,4038.0,0.0,4046.17,-3.64,True,Active,zain,Forward,Normal,8: Recovery / standing back up
1790441143.246269,18377,Target 0,-267.0,4042.0,0.0,4050.81,-3.78,True,Active,zain,Forward,Normal,8: Recovery / standing back up
1790441143.3384132,18378,Target 0,-276.0,4045.0,0.0,4054.41,-3.9,True,Active,zain,Forward,Normal,8: Recovery / standing back up
1790441143.448016,18379,Target 0,-284.0,4045.0,80.0,4054.96,-4.02,True,Active,zain,Forward,Normal,8: Recovery / standing back up
1790441143.5188637,18380,Target 0,-284.0,4043.0,80.0,4052.96,-4.02,True,Active,zain,Forward,Normal,8: Recovery / standing back up
1790441143.6995292,18381,Target 0,-278.0,4043.0,0.0,4052.55,-3.93,True,Active,zain,Forward,Normal,8: Recovery / standing back up
1790441143.7198973,18382,Target 0,-272.0,4043.0,0.0,4052.14,-3.85,True,Active,zain,Forward,Normal,8: Recovery / standing back up
1790441143.805929,18383,Target 0,-278.0,4044.0,0.0,4053.54,-3.93,True,Active,zain,Forward,Normal,8: Recovery / standing back up
1790441143.9134667,18384,Target 0,-287.0,4041.0,160.0,4051.18,-4.06,True,Active,zain,Forward,Normal,8: Recovery / standing back up
1790441143.9594343,18385,Target 0,-297.0,4030.0,80.0,4040.93,-4.21,True,Active,zain,Forward,Normal,8: Recovery / standing back up
1790441144.1287608,18386,Target 0,-305.0,4012.0,240.0,4023.58,-4.35,True,Active,zain,Forward,Normal,8: Recovery / standing back up
1790441144.1482244,18387,Target 0,-311.0,3986.0,640.0,3998.11,-4.46,True,Active,zain,Forward,Normal,8: Recovery / standing back up
1790441144.240273,18388,Target 0,-322.0,3875.0,320.0,3888.36,-4.75,True,Active,zain,Forward,Normal,8: Recovery / standing back up
1790441144.3085666,18389,Target 0,-317.0,3647.0,720.0,3660.75,-4.97,True,Active,zain,Forward,Normal,8: Recovery / standing back up
1790441144.4135346,18390,Target 0,-301.0,3433.0,720.0,3446.17,-5.01,True,Active,zain,Forward,Normal,8: Recovery / standing back up
1790441144.546752,18391,Target 0,-280.0,3240.0,720.0,3252.08,-4.94,True,Active,zain,Forward,Normal,8: Recovery / standing back up
1790441144.5777242,18392,Target 0,-247.0,3095.0,640.0,3104.84,-4.56,True,Active,zain,Forward,Normal,8: Recovery / standing back up
1790441144.6680267,18393,Target 0,-228.0,2976.0,560.0,2984.72,-4.38,True,Active,zain,Forward,Normal,8: Recovery / standing back up
1790441144.7541459,18394,Target 0,-209.0,2877.0,560.0,2884.58,-4.15,True,Active,zain,Forward,Normal,8: Recovery / standing back up
1790441144.8428137,18395,Target 0,-193.0,2795.0,560.0,2801.66,-3.95,True,Active,zain,Forward,Normal,8: Recovery / standing back up
1790441144.930941,18396,Target 0,-178.0,2726.0,560.0,2731.81,-3.74,True,Active,zain,Forward,Normal,8: Recovery / standing back up
1790441145.0226862,18397,Target 0,-162.0,2654.0,320.0,2658.94,-3.49,True,Active,zain,Forward,Normal,8: Recovery / standing back up
1790441145.1091115,18398,Target 0,-147.0,2588.0,320.0,2592.17,-3.25,True,Active,zain,Forward,Normal,8: Recovery / standing back up
1790441145.1994987,18399,Target 0,-140.0,2534.0,160.0,2537.86,-3.16,True,Active,zain,Forward,Normal,8: Recovery / standing back up
1790441145.287433,18400,Target 0,-146.0,2488.0,160.0,2492.28,-3.36,True,Active,zain,Forward,Normal,8: Recovery / standing back up
1790441145.3865428,18401,Target 0,-141.0,2466.0,160.0,2470.03,-3.27,True,Active,zain,Forward,Normal,8: Recovery / standing back up
1790441145.4672952,18402,Target 0,-141.0,2443.0,240.0,2447.07,-3.3,True,Active,zain,Forward,Normal,8: Recovery / standing back up
1790441145.5547287,18403,Target 0,-141.0,2420.0,320.0,2424.1,-3.33,True,Active,zain,Forward,Normal,8: Recovery / standing back up
1790441145.6436257,18404,Target 0,-142.0,2396.0,480.0,2400.2,-3.39,True,Active,zain,Forward,Normal,8: Recovery / standing back up
1790441145.740104,18405,Target 0,-141.0,2371.0,480.0,2375.19,-3.4,True,Active,zain,Forward,Normal,8: Recovery / standing back up
1790441145.8341036,18406,Target 0,-142.0,2346.0,560.0,2350.29,-3.46,True,Active,zain,Forward,Normal,8: Recovery / standing back up
1790441145.9275599,18407,Target 0,-138.0,2319.0,790.0,2323.1,-3.41,True,Active,zain,Forward,Normal,8: Recovery / standing back up
1790441146.006312,18408,Target 0,-124.0,2257.0,790.0,2260.4,-3.14,True,Active,zain,Forward,Normal,8: Recovery / standing back up
1790441146.1847317,18409,Target 0,-106.0,2196.0,790.0,2198.56,-2.76,True,Active,zain,Forward,Normal,8: Recovery / standing back up
1790441146.2052112,18410,Target 0,-86.0,2131.0,560.0,2132.73,-2.31,True,Active,zain,Forward,Normal,8: Recovery / standing back up
1790441146.292002,18411,Target 0,-67.0,2092.0,320.0,2093.07,-1.83,True,Active,zain,Forward,Normal,8: Recovery / standing back up
1790441146.400638,18412,Target 0,-60.0,2036.0,390.0,2036.88,-1.69,True,Active,zain,Forward,Normal,8: Recovery / standing back up
1790441146.4913018,18413,Target 0,-65.0,1978.0,240.0,1979.07,-1.88,True,Active,zain,Forward,Normal,8: Recovery / standing back up
1790441146.53382,18414,Target 0,-60.0,1937.0,320.0,1937.93,-1.77,True,Active,zain,Forward,Normal,8: Recovery / standing back up
1790441146.6339483,18415,Target 0,-62.0,1902.0,-80.0,1903.01,-1.87,True,Active,zain,Forward,Normal,8: Recovery / standing back up
1790441146.744103,18416,Target 0,-52.0,1886.0,240.0,1886.72,-1.58,True,Active,zain,Forward,Normal,8: Recovery / standing back up
1790441146.8524156,18417,Target 0,-43.0,1891.0,80.0,1891.49,-1.3,True,Active,zain,Forward,Normal,8: Recovery / standing back up
1790441146.940442,18418,Target 0,-41.0,1889.0,80.0,1889.44,-1.24,True,Active,zain,Forward,Normal,8: Recovery / standing back up
1790441146.9778187,18419,Target 0,-45.0,1881.0,160.0,1881.54,-1.37,True,Active,zain,Forward,Normal,8: Recovery / standing back up
1790441147.0757728,18420,Target 0,-59.0,1874.0,0.0,1874.93,-1.8,True,Active,zain,Forward,Normal,8: Recovery / standing back up
1790441147.2232583,18421,Target 0,-75.0,1863.0,160.0,1864.51,-2.31,True,Active,zain,Forward,Normal,8: Recovery / standing back up
1790441147.2469049,18422,Target 0,-103.0,1859.0,80.0,1861.85,-3.17,True,Active,zain,Forward,Normal,1: Walking
1790441147.3378487,18423,Target 0,-125.0,1859.0,80.0,1863.2,-3.85,True,Active,zain,Forward,Normal,1: Walking
1790441147.427232,18424,Target 0,-155.0,1850.0,-160.0,1856.48,-4.79,True,Active,zain,Forward,Normal,1: Walking
1790441147.530478,18425,Target 0,-193.0,1838.0,-160.0,1848.11,-5.99,True,Active,zain,Forward,Normal,1: Walking
1790441147.6008668,18426,Target 0,-268.0,1817.0,-240.0,1836.66,-8.39,True,Active,zain,Forward,Normal,1: Walking
1790441147.690478,18427,Target 0,-334.0,1795.0,-390.0,1825.81,-10.54,True,Active,zain,Forward,Normal,1: Walking
1790441147.7787402,18428,Target 0,-399.0,1781.0,-560.0,1825.15,-12.63,True,Active,zain,Forward,Normal,1: Walking
1790441147.9415793,18429,Target 0,-469.0,1785.0,-790.0,1845.59,-14.72,True,Active,zain,Forward,Normal,1: Walking
1790441147.9623585,18430,Target 0,-535.0,1808.0,-790.0,1885.49,-16.48,True,Active,zain,Forward,Normal,1: Walking
1790441148.0478265,18431,Target 0,-596.0,1841.0,-640.0,1935.07,-17.94,True,Active,zain,Forward,Normal,1: Walking
1790441148.1492631,18432,Target 0,-647.0,1873.0,-560.0,1981.6,-19.06,True,Active,zain,Forward,Normal,1: Walking
1790441148.2839627,18433,Target 0,-706.0,1894.0,-480.0,2021.3,-20.44,True,Active,zain,Forward,Normal,1: Walking
1790441148.3689854,18434,Target 0,-768.0,1907.0,-390.0,2055.84,-21.94,True,Active,zain,Forward,Normal,1: Walking
1790441148.4175801,18435,Target 0,-825.0,1936.0,-560.0,2104.45,-23.08,True,Active,zain,Forward,Normal,1: Walking
1790441148.514714,18436,Target 0,-882.0,1958.0,-640.0,2147.48,-24.25,True,Active,zain,Forward,Normal,1: Walking
1790441148.5967867,18437,Target 0,-950.0,1977.0,-720.0,2193.41,-25.67,True,Active,zain,Forward,Normal,1: Walking
1790441148.6753316,18438,Target 0,-1023.0,1991.0,-880.0,2238.44,-27.19,True,Active,zain,Forward,Normal,1: Walking
1790441148.8464272,18439,Target 0,-1078.0,2023.0,-560.0,2292.29,-28.05,True,Active,zain,Forward,Normal,1: Walking
1790441148.8851242,18440,Target 0,-1144.0,2043.0,-560.0,2341.49,-29.25,True,Active,zain,Forward,Normal,1: Walking
1790441148.9512246,18441,Target 0,-1209.0,2063.0,-560.0,2391.16,-30.37,True,Active,zain,Forward,Normal,1: Walking
1790441149.1018279,18442,Target 0,-1268.0,2081.0,-560.0,2436.88,-31.35,True,Active,zain,Forward,Normal,1: Walking
1790441149.124337,18443,Target 0,-1312.0,2111.0,-560.0,2485.49,-31.86,True,Active,zain,Forward,Normal,1: Walking
1790441149.2366836,18444,Target 0,-1367.0,2129.0,-560.0,2530.08,-32.7,True,Active,zain,Forward,Normal,1: Walking
1790441149.3041055,18445,Target 0,-1448.0,2130.0,-480.0,2575.58,-34.21,True,Active,zain,Forward,Normal,1: Walking
1790441149.380925,18446,Target 0,-1534.0,2127.0,-560.0,2622.46,-35.8,True,Active,zain,Forward,Normal,1: Walking
1790441149.485327,18447,Target 0,-1625.0,2121.0,-560.0,2671.94,-37.46,True,Active,zain,Forward,Normal,1: Walking
1790441149.5850258,18448,Target 0,-1693.0,2129.0,-390.0,2720.09,-38.49,True,Active,zain,Forward,Normal,1: Walking
1790441149.6568906,18449,Target 0,-1766.0,2119.0,-320.0,2758.43,-39.81,True,Active,zain,Forward,Normal,1: Walking
1790441149.7420063,18450,Target 0,-1840.0,2116.0,-160.0,2804.11,-41.01,True,Active,zain,Forward,Normal,1: Walking
1790441149.8297615,18451,Target 0,-1887.0,2122.0,-480.0,2839.66,-41.65,True,Active,zain,Forward,Normal,1: Walking
1790441149.9224877,18452,Target 0,-1925.0,2119.0,-320.0,2862.83,-42.25,True,Active,zain,Forward,Normal,1: Walking
1790441150.0096483,18453,Target 0,-1974.0,2105.0,-80.0,2885.78,-43.16,True,Active,zain,Forward,Normal,1: Walking
1790441150.0951524,18454,Target 0,-2042.0,2103.0,-240.0,2931.27,-44.16,True,Active,zain,Forward,Normal,1: Walking
1790441150.1860383,18455,Target 0,-2114.0,2101.0,-240.0,2980.47,-45.18,True,Active,zain,Forward,Normal,1: Walking
1790441150.2718484,18456,Target 0,-2152.0,2110.0,-80.0,3013.84,-45.56,True,Active,zain,Forward,Normal,1: Walking
1790441150.365226,18457,Target 0,-2172.0,2129.0,-160.0,3041.42,-45.57,True,Active,zain,Forward,Normal,1: Walking
1790441150.449045,18458,Target 0,-2202.0,2162.0,-320.0,3085.94,-45.53,True,Active,zain,Forward,Normal,1: Walking
1790441150.5553112,18459,Target 0,-2229.0,2199.0,-320.0,3131.14,-45.39,True,Active,zain,Forward,Normal,1: Walking
1790441150.6829538,18460,Target 0,-2274.0,2207.0,-320.0,3168.9,-45.86,True,Active,zain,Forward,Normal,1: Walking
1790441150.7401855,18461,Target 0,-2344.0,2204.0,240.0,3217.44,-46.76,True,Active,zain,Forward,Normal,1: Walking
1790441150.8381019,18462,Target 0,-2399.0,2207.0,-80.0,3259.76,-47.39,True,Active,zain,Forward,Normal,1: Walking
1790441150.8936622,18463,Target 0,-2425.0,2242.0,160.0,3302.6,-47.25,True,Active,zain,Forward,Normal,1: Walking
1790441150.98299,18464,Target 0,-2441.0,2261.0,80.0,3327.25,-47.19,True,Active,zain,Forward,Normal,1: Walking
1790441151.0847435,18465,Target 0,-2446.0,2237.0,240.0,3314.68,-47.56,True,Active,zain,Forward,Normal,1: Walking
1790441151.2353585,18466,Target 0,-2446.0,2226.0,240.0,3307.26,-47.7,True,Active,zain,Forward,Normal,1: Walking
1790441151.3173816,18467,Target 0,-2436.0,2223.0,240.0,3297.85,-47.62,True,Active,zain,Forward,Normal,1: Walking
1790441151.3598502,18468,Target 0,-2434.0,2222.0,390.0,3295.7,-47.61,True,Active,zain,Forward,Normal,1: Walking
1790441151.4631553,18469,Target 0,-2428.0,2224.0,240.0,3292.62,-47.51,True,Active,zain,Forward,Normal,1: Walking
1790441151.5177026,18470,Target 0,-2423.0,2222.0,240.0,3287.58,-47.48,True,Active,zain,Forward,Normal,1: Walking
1790441151.6058662,18471,Target 0,-2414.0,2223.0,240.0,3281.63,-47.36,True,Active,zain,Forward,Normal,1: Walking
1790441151.694872,18472,Target 0,-2404.0,2222.0,240.0,3273.61,-47.25,True,Active,zain,Forward,Normal,1: Walking
1790441151.785511,18473,Target 0,-2396.0,2220.0,320.0,3266.38,-47.18,True,Active,zain,Forward,Normal,1: Walking
1790441151.872555,18474,Target 0,-2385.0,2221.0,240.0,3259.0,-47.04,True,Active,zain,Forward,Normal,1: Walking
1790441151.9614227,18475,Target 0,-2371.0,2219.0,390.0,3247.4,-46.9,True,Active,zain,Forward,Normal,1: Walking
1790441152.0516393,18476,Target 0,-2358.0,2214.0,390.0,3234.5,-46.8,True,Active,zain,Forward,Normal,1: Walking
1790441152.1438034,18477,Target 0,-2343.0,2212.0,390.0,3222.2,-46.65,True,Active,zain,Forward,Normal,1: Walking
1790441152.2285237,18478,Target 0,-2326.0,2208.0,320.0,3207.11,-46.49,True,Active,zain,Forward,Normal,1: Walking
1790441152.3178318,18479,Target 0,-2277.0,2198.0,240.0,3164.8,-46.01,True,Active,zain,Forward,Normal,1: Walking
1790441152.410842,18480,Target 0,-2234.0,2189.0,240.0,3127.7,-45.58,True,Active,zain,Forward,Normal,1: Walking
1790441152.4962504,18481,Target 0,-2202.0,2175.0,160.0,3095.07,-45.35,True,Active,zain,Forward,Normal,1: Walking
1790441152.6162004,18482,Target 0,-2171.0,2168.0,640.0,3068.14,-45.04,True,Active,zain,Forward,Normal,1: Walking
1790441152.673413,18483,Target 0,-2129.0,2168.0,390.0,3038.56,-44.48,True,Active,zain,Forward,Normal,1: Walking
1790441152.7721643,18484,Target 0,-2073.0,2174.0,560.0,3003.93,-43.64,True,Active,zain,Forward,Normal,1: Walking
1790441152.8588214,18485,Target 0,-2021.0,2173.0,480.0,2967.55,-42.92,True,Active,zain,Forward,Normal,1: Walking
1790441152.965625,18486,Target 0,-1912.0,2179.0,560.0,2898.93,-41.27,True,Active,zain,Forward,Normal,1: Walking
1790441153.0828032,18487,Target 0,-1796.0,2195.0,790.0,2836.13,-39.29,True,Active,zain,Forward,Normal,1: Walking
1790441153.1565027,18488,Target 0,-1700.0,2202.0,480.0,2781.87,-37.67,True,Active,zain,Forward,Normal,1: Walking
1790441153.2185855,18489,Target 0,-1627.0,2186.0,640.0,2725.02,-36.66,True,Active,zain,Forward,Normal,1: Walking
1790441153.3212647,18490,Target 0,-1548.0,2168.0,720.0,2663.93,-35.53,True,Active,zain,Forward,Normal,1: Walking
1790441153.406155,18491,Target 0,-1483.0,2140.0,790.0,2603.63,-34.72,True,Active,zain,Forward,Normal,1: Walking
1790441153.5219,18492,Target 0,-1417.0,2108.0,880.0,2539.99,-33.91,True,Active,zain,Forward,Normal,1: Walking
1790441153.618836,18493,Target 0,-1354.0,2080.0,720.0,2481.88,-33.06,True,Active,zain,Forward,Normal,1: Walking
1790441153.71036,18494,Target 0,-1296.0,2048.0,640.0,2423.62,-32.33,True,Active,zain,Forward,Normal,1: Walking
1790441153.8444085,18495,Target 0,-1251.0,2008.0,640.0,2365.81,-31.92,True,Active,zain,Forward,Normal,1: Walking
1790441153.8626451,18496,Target 0,-1193.0,1979.0,640.0,2310.78,-31.08,True,Active,zain,Forward,Normal,1: Walking
1790441154.0354297,18497,Target 0,-1138.0,1943.0,640.0,2251.73,-30.36,True,Active,zain,Forward,Normal,1: Walking
1790441154.0561078,18498,Target 0,-1096.0,1904.0,640.0,2196.91,-29.93,True,Active,zain,Forward,Normal,1: Walking
1790441154.097999,18499,Target 0,-1036.0,1871.0,880.0,2138.68,-28.97,True,Active,zain,Forward,Normal,1: Walking
1790441154.2127378,18500,Target 0,-974.0,1834.0,790.0,2076.59,-27.97,True,Active,zain,Forward,Normal,1: Walking
1790441154.2785125,18501,Target 0,-934.0,1787.0,560.0,2016.36,-27.59,True,Active,zain,Forward,Normal,1: Walking
1790441154.3923233,18502,Target 0,-916.0,1741.0,560.0,1967.27,-27.75,True,Active,zain,Forward,Normal,1: Walking
1790441154.4548826,18503,Target 0,-885.0,1694.0,640.0,1911.25,-27.58,True,Active,zain,Forward,Normal,1: Walking
1790441154.5565042,18504,Target 0,-840.0,1660.0,560.0,1860.43,-26.84,True,Active,zain,Forward,Normal,1: Walking
1790441154.6996257,18505,Target 0,-789.0,1623.0,390.0,1804.62,-25.93,True,Active,zain,Forward,Normal,1: Walking
1790441154.7358124,18506,Target 0,-727.0,1585.0,480.0,1743.78,-24.64,True,Active,zain,Forward,Normal,1: Walking
1790441154.80879,18507,Target 0,-667.0,1549.0,480.0,1686.5,-23.3,True,Active,zain,Forward,Normal,1: Walking
1790441154.9101741,18508,Target 0,-608.0,1512.0,480.0,1629.66,-21.91,True,Active,zain,Forward,Normal,1: Walking
1790441154.9914682,18509,Target 0,-577.0,1477.0,320.0,1585.7,-21.34,True,Active,zain,Forward,Normal,1: Walking
1790441155.0922444,18510,Target 0,-538.0,1446.0,390.0,1542.84,-20.41,True,Active,zain,Forward,Normal,1: Walking
1790441155.1679814,18511,Target 0,-506.0,1420.0,390.0,1507.46,-19.61,True,Active,zain,Forward,Normal,1: Walking
1790441155.2556095,18512,Target 0,-462.0,1382.0,560.0,1457.18,-18.48,True,Active,zain,Forward,Normal,1: Walking
1790441155.3848157,18513,Target 0,-416.0,1337.0,480.0,1400.22,-17.28,True,Active,zain,Forward,Normal,1: Walking
1790441155.4505184,18514,Target 0,-366.0,1291.0,320.0,1341.88,-15.83,True,Active,zain,Forward,Normal,1: Walking
1790441155.5298874,18515,Target 0,-322.0,1249.0,240.0,1289.84,-14.46,True,Active,zain,Forward,Normal,1: Walking
1790441155.6376863,18516,Target 0,-283.0,1214.0,240.0,1246.55,-13.12,True,Active,zain,Forward,Normal,1: Walking
1790441155.6985862,18517,Target 0,-246.0,1186.0,160.0,1211.24,-11.72,True,Active,zain,Forward,Normal,1: Walking
1790441155.8319454,18518,Target 0,-210.0,1176.0,-80.0,1194.6,-10.12,True,Active,zain,Forward,Normal,1: Walking
1790441155.8832827,18519,Target 0,-169.0,1190.0,-240.0,1201.94,-8.08,True,Active,zain,Forward,Normal,1: Walking
1790441155.9680378,18520,Target 0,-119.0,1215.0,-240.0,1220.81,-5.59,True,Active,zain,Forward,Normal,1: Walking
1790441156.0830028,18521,Target 0,-59.0,1232.0,-160.0,1233.41,-2.74,True,Active,zain,Forward,Normal,1: Walking
1790441156.1887443,18522,Target 0,7.0,1238.0,-80.0,1238.02,0.32,True,Active,zain,Forward,Normal,1: Walking
1790441156.2403927,18523,Target 0,71.0,1243.0,-160.0,1245.03,3.27,True,Active,zain,Forward,Normal,1: Walking
1790441156.325717,18524,Target 0,129.0,1246.0,-160.0,1252.66,5.91,True,Active,zain,Forward,Normal,1: Walking
1790441156.4217627,18525,Target 0,177.0,1248.0,-240.0,1260.49,8.07,True,Active,zain,Forward,Normal,1: Walking
1790441156.5107694,18526,Target 0,220.0,1251.0,-320.0,1270.2,9.97,True,Active,zain,Forward,Normal,1: Walking
1790441156.5906982,18527,Target 0,242.0,1256.0,-480.0,1279.1,10.91,True,Active,zain,Forward,Normal,1: Walking
1790441156.6852453,18528,Target 0,274.0,1266.0,-480.0,1295.31,12.21,True,Active,zain,Forward,Normal,1: Walking
1790441156.7697387,18529,Target 0,327.0,1266.0,-160.0,1307.55,14.48,True,Active,zain,Forward,Normal,1: Walking
1790441157.0554779,18530,Target 0,380.0,1269.0,-160.0,1324.67,16.67,True,Active,zain,Forward,Normal,1: Walking
1790441157.075502,18531,Target 0,441.0,1267.0,-80.0,1341.56,19.19,True,Active,zain,Forward,Normal,1: Walking
1790441157.0947914,18532,Target 0,497.0,1273.0,-160.0,1366.58,21.33,True,Active,zain,Forward,Normal,1: Walking
1790441157.1220844,18533,Target 0,554.0,1263.0,-80.0,1379.16,23.68,True,Active,zain,Forward,Normal,1: Walking
1790441157.2159278,18534,Target 0,589.0,1263.0,-240.0,1393.59,25.0,True,Active,zain,Forward,Normal,1: Walking
1790441157.3021615,18535,Target 0,634.0,1267.0,-240.0,1416.77,26.58,True,Active,zain,Forward,Normal,1: Walking
1790441157.3908603,18536,Target 0,683.0,1251.0,-390.0,1425.3,28.63,True,Active,zain,Forward,Normal,1: Walking
1790441157.4796083,18537,Target 0,734.0,1233.0,-320.0,1434.94,30.77,True,Active,zain,Forward,Normal,1: Walking
1790441157.6612606,18538,Target 0,785.0,1214.0,-390.0,1445.69,32.89,True,Active,zain,Forward,Normal,1: Walking
1790441157.6808646,18539,Target 0,837.0,1207.0,-640.0,1468.82,34.74,True,Active,zain,Forward,Normal,1: Walking
1790441157.7541,18540,Target 0,889.0,1220.0,-560.0,1509.54,36.08,True,Active,zain,Forward,Normal,1: Walking
1790441157.8360548,18541,Target 0,919.0,1252.0,240.0,1553.08,36.28,True,Active,zain,Forward,Normal,1: Walking
1790441157.9509225,18542,Target 0,957.0,1275.0,-560.0,1594.2,36.89,True,Active,zain,Forward,Normal,1: Walking
1790441158.1088262,18543,Target 0,993.0,1298.0,-720.0,1634.27,37.42,True,Active,zain,Forward,Normal,1: Walking
1790441158.1283135,18544,Target 0,1030.0,1321.0,-480.0,1675.09,37.94,True,Active,zain,Forward,Normal,1: Walking
1790441158.2009943,18545,Target 0,1068.0,1339.0,-480.0,1712.76,38.58,True,Active,zain,Forward,Normal,1: Walking
1790441158.3064332,18546,Target 0,1102.0,1361.0,-320.0,1751.21,39.0,True,Active,zain,Forward,Normal,1: Walking
1790441158.4101243,18547,Target 0,1136.0,1397.0,-240.0,1800.58,39.12,True,Active,zain,Forward,Normal,1: Walking
1790441158.4896297,18548,Target 0,1150.0,1439.0,-320.0,1842.07,38.63,True,Active,zain,Forward,Normal,1: Walking
1790441158.5516312,18549,Target 0,1149.0,1471.0,-240.0,1866.56,37.99,True,Active,zain,Forward,Normal,1: Walking
1790441158.7133484,18550,Target 0,1147.0,1492.0,-390.0,1881.93,37.55,True,Active,zain,Forward,Normal,1: Walking
1790441158.802493,18551,Target 0,1154.0,1515.0,-480.0,1904.45,37.3,True,Active,zain,Forward,Normal,1: Walking
1790441158.84085,18552,Target 0,1163.0,1527.0,-320.0,1919.45,37.29,True,Active,zain,Forward,Normal,1: Walking
1790441158.9963036,18553,Target 0,1200.0,1555.0,-320.0,1964.19,37.66,True,Active,zain,Forward,Normal,1: Walking
1790441159.0167127,18554,Target 0,1238.0,1582.0,-160.0,2008.82,38.05,True,Active,zain,Forward,Normal,1: Walking
1790441159.0859234,18555,Target 0,1261.0,1614.0,-80.0,2048.2,38.0,True,Active,zain,Forward,Normal,1: Walking
1790441159.1697555,18556,Target 0,1275.0,1651.0,80.0,2086.01,37.68,True,Active,zain,Forward,Normal,1: Walking
1790441159.2625215,18557,Target 0,1281.0,1673.0,80.0,2107.1,37.44,True,Active,zain,Forward,Normal,1: Walking
1790441159.3487303,18558,Target 0,1288.0,1689.0,390.0,2124.07,37.33,True,Active,zain,Forward,Normal,1: Walking
1790441159.4686458,18559,Target 0,1279.0,1692.0,560.0,2121.02,37.09,True,Active,zain,Forward,Normal,1: Walking
1790441159.525605,18560,Target 0,1272.0,1688.0,480.0,2113.61,37.0,True,Active,zain,Forward,Normal,1: Walking
1790441159.6196923,18561,Target 0,1259.0,1691.0,640.0,2108.21,36.67,True,Active,zain,Forward,Normal,1: Walking
1790441159.7122204,18562,Target 0,1234.0,1702.0,480.0,2102.27,35.94,True,Active,zain,Forward,Normal,1: Walking
1790441159.8327646,18563,Target 0,1202.0,1727.0,480.0,2104.12,34.84,True,Active,zain,Forward,Normal,1: Walking
1790441159.8942714,18564,Target 0,1134.0,1768.0,480.0,2100.42,32.68,True,Active,zain,Forward,Normal,1: Walking
1790441159.9714885,18565,Target 0,1087.0,1740.0,390.0,2051.63,31.99,True,Active,zain,Forward,Normal,1: Walking
1790441160.072402,18566,Target 0,1027.0,1681.0,880.0,1969.9,31.42,True,Active,zain,Forward,Normal,1: Walking
1790441160.2045622,18567,Target 0,974.0,1634.0,240.0,1902.27,30.8,True,Active,zain,Forward,Normal,1: Walking
1790441160.2500165,18568,Target 0,930.0,1611.0,320.0,1860.17,30.0,True,Active,zain,Forward,Normal,1: Walking
1790441160.3586712,18569,Target 0,881.0,1598.0,390.0,1824.76,28.87,True,Active,zain,Forward,Normal,1: Walking
1790441160.4562984,18570,Target 0,838.0,1567.0,240.0,1777.0,28.14,True,Active,zain,Forward,Normal,1: Walking
1790441160.5620677,18571,Target 0,788.0,1554.0,320.0,1742.37,26.89,True,Active,zain,Forward,Normal,1: Walking
1790441160.6653335,18572,Target 0,737.0,1545.0,560.0,1711.78,25.5,True,Active,zain,Forward,Normal,1: Walking
1790441160.7116222,18573,Target 0,683.0,1551.0,320.0,1694.72,23.77,True,Active,zain,Forward,Normal,1: Walking
1790441160.8130083,18574,Target 0,632.0,1540.0,560.0,1664.64,22.31,True,Active,zain,Forward,Normal,1: Walking
1790441160.8799095,18575,Target 0,577.0,1521.0,560.0,1626.77,20.77,True,Active,zain,Forward,Normal,1: Walking
1790441160.9744499,18576,Target 0,523.0,1498.0,480.0,1586.67,19.25,True,Active,zain,Forward,Normal,1: Walking
1790441161.0384376,18577,Target 0,468.0,1473.0,390.0,1545.56,17.63,True,Active,zain,Forward,Normal,1: Walking
1790441161.1274,18578,Target 0,404.0,1427.0,390.0,1483.09,15.81,True,Active,zain,Forward,Normal,1: Walking
1790441161.253023,18579,Target 0,335.0,1384.0,80.0,1423.97,13.61,True,Active,zain,Forward,Normal,1: Walking
1790441161.3052802,18580,Target 0,266.0,1348.0,0.0,1373.99,11.16,True,Active,zain,Forward,Normal,1: Walking
1790441161.3938646,18581,Target 0,199.0,1319.0,-160.0,1333.93,8.58,True,Active,zain,Forward,Normal,1: Walking
1790441161.4839687,18582,Target 0,138.0,1302.0,-160.0,1309.29,6.05,True,Active,zain,Forward,Normal,1: Walking
1790441161.6017241,18583,Target 0,75.0,1282.0,-240.0,1284.19,3.35,True,Active,zain,Forward,Normal,1: Walking
1790441161.6608217,18584,Target 0,5.0,1273.0,-160.0,1273.01,0.23,True,Active,zain,Forward,Normal,1: Walking
1790441161.7505455,18585,Target 0,-75.0,1277.0,-240.0,1279.2,-3.36,True,Active,zain,Forward,Normal,1: Walking
1790441161.8466935,18586,Target 0,-139.0,1279.0,-320.0,1286.53,-6.2,True,Active,zain,Forward,Normal,1: Walking
1790441161.981612,18587,Target 0,-194.0,1279.0,-390.0,1293.63,-8.62,True,Active,zain,Forward,Normal,1: Walking
1790441162.0224726,18588,Target 0,-244.0,1283.0,-480.0,1306.0,-10.77,True,Active,zain,Forward,Normal,1: Walking
1790441162.1340969,18589,Target 0,-293.0,1286.0,-480.0,1318.96,-12.84,True,Active,zain,Forward,Normal,1: Walking
1790441162.2054877,18590,Target 0,-353.0,1278.0,-640.0,1325.86,-15.44,True,Active,zain,Forward,Normal,1: Walking
1790441162.2961402,18591,Target 0,-421.0,1279.0,-790.0,1346.51,-18.22,True,Active,zain,Forward,Normal,1: Walking
1790441162.3756747,18592,Target 0,-498.0,1284.0,-880.0,1377.19,-21.2,True,Active,zain,Forward,Normal,1: Walking
1790441162.4888208,18593,Target 0,-560.0,1311.0,-480.0,1425.59,-23.13,True,Active,zain,Forward,Normal,1: Walking
1790441162.551033,18594,Target 0,-612.0,1350.0,-560.0,1482.24,-24.39,True,Active,zain,Forward,Normal,1: Walking
1790441162.684789,18595,Target 0,-662.0,1383.0,-640.0,1533.28,-25.58,True,Active,zain,Forward,Normal,1: Walking
1790441162.814065,18596,Target 0,-710.0,1419.0,-720.0,1586.71,-26.58,True,Active,zain,Forward,Normal,1: Walking
1790441162.848429,18597,Target 0,-760.0,1452.0,-720.0,1638.87,-27.63,True,Active,zain,Forward,Normal,1: Walking
1790441162.9072647,18598,Target 0,-801.0,1493.0,-790.0,1694.3,-28.21,True,Active,zain,Forward,Normal,1: Walking
1790441163.0105917,18599,Target 0,-839.0,1541.0,-790.0,1754.59,-28.57,True,Active,zain,Forward,Normal,1: Walking
1790441163.0893025,18600,Target 0,-878.0,1589.0,-640.0,1815.44,-28.92,True,Active,zain,Forward,Normal,1: Walking
1790441163.1747093,18601,Target 0,-915.0,1640.0,-640.0,1877.98,-29.16,True,Active,zain,Forward,Normal,1: Walking
1790441163.308536,18602,Target 0,-954.0,1690.0,-640.0,1940.67,-29.44,True,Active,zain,Forward,Normal,1: Walking
1790441163.3682766,18603,Target 0,-984.0,1740.0,-640.0,1998.96,-29.49,True,Active,zain,Forward,Normal,1: Walking
1790441163.4416072,18604,Target 0,-1012.0,1789.0,-720.0,2055.4,-29.5,True,Active,zain,Forward,Normal,1: Walking
1790441163.5304532,18605,Target 0,-1053.0,1837.0,-720.0,2117.4,-29.82,True,Active,zain,Forward,Normal,1: Walking
1790441163.6191795,18606,Target 0,-1097.0,1886.0,-790.0,2181.84,-30.18,True,Active,zain,Forward,Normal,1: Walking
1790441163.8211029,18607,Target 0,-1158.0,1922.0,-560.0,2243.89,-31.07,True,Active,zain,Forward,Normal,1: Walking
1790441163.8441033,18608,Target 0,-1231.0,1930.0,-560.0,2289.16,-32.53,True,Active,zain,Forward,Normal,1: Walking
1790441163.8846085,18609,Target 0,-1299.0,1945.0,-480.0,2338.89,-33.74,True,Active,zain,Forward,Normal,1: Walking
1790441163.9748137,18610,Target 0,-1350.0,1972.0,-480.0,2389.83,-34.39,True,Active,zain,Forward,Normal,1: Walking
1790441164.0854938,18611,Target 0,-1415.0,1999.0,-480.0,2449.13,-35.29,True,Active,zain,Forward,Normal,1: Walking
1790441164.1527953,18612,Target 0,-1490.0,2013.0,-390.0,2504.45,-36.51,True,Active,zain,Forward,Normal,1: Walking
1790441164.2411659,18613,Target 0,-1549.0,2028.0,-390.0,2551.9,-37.37,True,Active,zain,Forward,Normal,1: Walking
1790441164.3358002,18614,Target 0,-1581.0,2054.0,-320.0,2592.0,-37.59,True,Active,zain,Forward,Normal,1: Walking
1790441164.4308755,18615,Target 0,-1576.0,2090.0,-320.0,2617.61,-37.02,True,Active,zain,Forward,Normal,1: Walking
1790441164.5091317,18616,Target 0,-1571.0,2129.0,-390.0,2645.88,-36.42,True,Active,zain,Forward,Normal,1: Walking
1790441164.6056433,18617,Target 0,-1563.0,2177.0,-160.0,2679.98,-35.68,True,Active,zain,Forward,Normal,1: Walking
1790441164.6873255,18618,Target 0,-1565.0,2216.0,-390.0,2712.91,-35.23,True,Active,zain,Forward,Normal,1: Walking
1790441164.8302624,18619,Target 0,-1562.0,2261.0,-80.0,2748.08,-34.64,True,Active,zain,Forward,Normal,1: Walking
1790441164.9073608,18620,Target 0,-1573.0,2290.0,80.0,2778.21,-34.49,True,Active,zain,Forward,Normal,1: Walking
1790441164.9626992,18621,Target 0,-1590.0,2297.0,320.0,2793.62,-34.69,True,Active,zain,Forward,Normal,1: Walking
1790441165.0471425,18622,Target 0,-1603.0,2284.0,560.0,2790.39,-35.06,True,Active,zain,Forward,Normal,1: Walking
1790441165.1963873,18623,Target 0,-1613.0,2270.0,390.0,2784.72,-35.4,True,Active,zain,Forward,Normal,1: Walking
1790441165.2524455,18624,Target 0,-1609.0,2260.0,560.0,2774.25,-35.45,True,Active,zain,Forward,Normal,1: Walking
1790441165.3802998,18625,Target 0,-1605.0,2258.0,480.0,2770.3,-35.41,True,Active,zain,Forward,Normal,1: Walking
1790441165.4390597,18626,Target 0,-1601.0,2253.0,560.0,2763.91,-35.4,True,Active,zain,Forward,Normal,1: Walking
1790441165.4999068,18627,Target 0,-1596.0,2246.0,560.0,2755.31,-35.4,True,Active,zain,Forward,Normal,1: Walking
1790441165.6426961,18628,Target 0,-1590.0,2239.0,790.0,2746.13,-35.38,True,Active,zain,Forward,Normal,1: Walking
1790441165.688723,18629,Target 0,-1582.0,2229.0,880.0,2733.34,-35.36,True,Active,zain,Forward,Normal,1: Walking
1790441165.7726305,18630,Target 0,-1573.0,2214.0,960.0,2715.9,-35.39,True,Active,zain,Forward,Normal,1: Walking
1790441165.8442624,18631,Target 0,-1565.0,2199.0,960.0,2699.04,-35.44,True,Active,zain,Forward,Normal,1: Walking
1790441165.931862,18632,Target 0,-1554.0,2184.0,790.0,2680.44,-35.43,True,Active,zain,Forward,Normal,1: Walking
1790441166.0315855,18633,Target 0,-1515.0,2144.0,640.0,2625.25,-35.25,True,Active,zain,Forward,Normal,1: Walking
1790441166.1104941,18634,Target 0,-1471.0,2111.0,560.0,2572.97,-34.87,True,Active,zain,Forward,Normal,1: Walking
1790441166.1994493,18635,Target 0,-1429.0,2076.0,640.0,2520.28,-34.54,True,Active,zain,Forward,Normal,1: Walking
1790441166.3129332,18636,Target 0,-1389.0,2045.0,640.0,2472.11,-34.19,True,Active,zain,Forward,Normal,1: Walking
1790441166.383338,18637,Target 0,-1345.0,2017.0,480.0,2424.32,-33.7,True,Active,zain,Forward,Normal,1: Walking
1790441166.4760299,18638,Target 0,-1258.0,1950.0,720.0,2320.57,-32.83,True,Active,zain,Forward,Normal,1: Walking
1790441166.7042418,18639,Target 0,-1173.0,1885.0,560.0,2220.17,-31.89,True,Active,zain,Forward,Normal,1: Walking
1790441166.7245686,18640,Target 0,-1083.0,1822.0,480.0,2119.57,-30.73,True,Active,zain,Forward,Normal,1: Walking
1790441166.7483795,18641,Target 0,-1004.0,1769.0,560.0,2034.05,-29.58,True,Active,zain,Forward,Normal,1: Walking
1790441166.825134,18642,Target 0,-937.0,1725.0,560.0,1963.06,-28.51,True,Active,zain,Forward,Normal,1: Walking
1790441166.9873536,18643,Target 0,-862.0,1690.0,480.0,1897.14,-27.02,True,Active,zain,Forward,Normal,1: Walking
1790441167.0335593,18644,Target 0,-783.0,1683.0,240.0,1856.23,-24.95,True,Active,zain,Forward,Normal,1: Walking
1790441167.1404696,18645,Target 0,-708.0,1661.0,720.0,1805.6,-23.09,True,Active,zain,Forward,Normal,1: Walking
1790441167.2121851,18646,Target 0,-627.0,1629.0,320.0,1745.5,-21.05,True,Active,zain,Forward,Normal,1: Walking
1790441167.270386,18647,Target 0,-559.0,1577.0,480.0,1673.14,-19.52,True,Active,zain,Forward,Normal,1: Walking
1790441167.3799517,18648,Target 0,-489.0,1526.0,80.0,1602.43,-17.77,True,Active,zain,Forward,Normal,1: Walking
1790441167.5078394,18649,Target 0,-422.0,1486.0,-240.0,1544.76,-15.85,True,Active,zain,Forward,Normal,1: Walking
1790441167.5662541,18650,Target 0,-350.0,1459.0,-560.0,1500.39,-13.49,True,Active,zain,Forward,Normal,1: Walking
1790441167.6236012,18651,Target 0,-282.0,1447.0,-720.0,1474.22,-11.03,True,Active,zain,Forward,Normal,1: Walking
1790441167.7780318,18652,Target 0,-221.0,1448.0,-640.0,1464.77,-8.68,True,Active,zain,Forward,Normal,1: Walking
1790441167.848927,18653,Target 0,-169.0,1466.0,-720.0,1475.71,-6.58,True,Active,zain,Forward,Normal,1: Walking
1790441167.8953989,18654,Target 0,-133.0,1490.0,-480.0,1495.92,-5.1,True,Active,zain,Forward,Normal,1: Walking
1790441167.989534,18655,Target 0,-110.0,1521.0,-390.0,1524.97,-4.14,True,Active,zain,Forward,Normal,1: Walking
1790441168.0917537,18656,Target 0,-104.0,1558.0,-240.0,1561.47,-3.82,True,Active,zain,Forward,Normal,1: Walking
1790441168.1677547,18657,Target 0,-90.0,1590.0,-390.0,1592.55,-3.24,True,Active,zain,Forward,Normal,1: Walking
1790441168.2611046,18658,Target 0,-83.0,1621.0,-320.0,1623.12,-2.93,True,Active,zain,Forward,Normal,1: Walking
1790441168.3351634,18659,Target 0,-71.0,1656.0,-320.0,1657.52,-2.46,True,Active,zain,Forward,Normal,1: Walking
1790441168.4395885,18660,Target 0,-60.0,1679.0,-320.0,1680.07,-2.05,True,Active,zain,Forward,Normal,1: Walking
1790441168.5198195,18661,Target 0,-48.0,1705.0,-320.0,1705.68,-1.61,True,Active,zain,Forward,Normal,1: Walking
1790441168.6018584,18662,Target 0,-53.0,1726.0,-240.0,1726.81,-1.76,True,Active,zain,Forward,Normal,1: Walking
1790441168.6954978,18663,Target 0,-56.0,1736.0,-320.0,1736.9,-1.85,True,Active,zain,Forward,Normal,1: Walking
1790441168.791879,18664,Target 0,-60.0,1749.0,-240.0,1750.03,-1.96,True,Active,zain,Forward,Normal,1: Walking
1790441168.877845,18665,Target 0,-58.0,1765.0,-390.0,1765.95,-1.88,True,Active,zain,Forward,Normal,6: Fall onset
1790441168.9668949,18666,Target 0,-61.0,1786.0,-560.0,1787.04,-1.96,True,Active,zain,Forward,Normal,6: Fall onset
1790441169.0532713,18667,Target 0,-73.0,1820.0,-720.0,1821.46,-2.3,True,Active,zain,Forward,Normal,6: Fall onset
1790441169.1513371,18668,Target 0,-75.0,1844.0,-880.0,1845.52,-2.33,True,Active,zain,Forward,Normal,6: Fall onset
1790441169.225733,18669,Target 0,-85.0,1907.0,-1190.0,1908.89,-2.55,True,Active,zain,Forward,Normal,6: Fall onset
1790441169.314166,18670,Target 0,-104.0,1970.0,-160.0,1972.74,-3.02,True,Active,zain,Forward,Normal,6: Fall onset
1790441169.4045322,18671,Target 0,-115.0,2026.0,-240.0,2029.26,-3.25,True,Active,zain,Forward,Normal,6: Fall onset
1790441169.6361077,18672,Target 0,-121.0,2068.0,-240.0,2071.54,-3.35,True,Active,zain,Forward,Normal,6: Fall onset
1790441169.6562293,18673,Target 0,-126.0,2107.0,-160.0,2110.76,-3.42,True,Active,zain,Forward,Normal,6: Fall onset
1790441169.7386222,18674,Target 0,-136.0,2143.0,-160.0,2147.31,-3.63,True,Active,zain,Forward,Normal,6: Fall onset
1790441169.9008424,18675,Target 0,-145.0,2176.0,-240.0,2180.83,-3.81,True,Active,zain,Forward,Normal,6: Fall onset
1790441169.920225,18676,Target 0,-148.0,2226.0,-80.0,2230.91,-3.8,True,Active,zain,Forward,Normal,6: Fall onset
1790441170.0042584,18677,Target 0,-153.0,2270.0,-80.0,2275.15,-3.86,True,Active,zain,Forward,Normal,6: Fall onset
1790441170.0526433,18678,Target 0,-153.0,2292.0,-160.0,2297.1,-3.82,True,Active,zain,Forward,Normal,6: Fall onset
1790441170.1192803,18679,Target 0,-129.0,2309.0,240.0,2312.6,-3.2,True,Active,zain,Forward,Normal,6: Fall onset
1790441170.2142892,18680,Target 0,-119.0,2330.0,-80.0,2333.04,-2.92,True,Active,zain,Forward,Normal,6: Fall onset
1790441170.3331654,18681,Target 0,-128.0,2336.0,-80.0,2339.5,-3.14,True,Active,zain,Forward,Normal,6: Fall onset
1790441170.3836446,18682,Target 0,-140.0,2343.0,-80.0,2347.18,-3.42,True,Active,zain,Forward,Normal,6: Fall onset
1790441170.487122,18683,Target 0,-140.0,2346.0,-80.0,2350.17,-3.42,True,Active,zain,Forward,Normal,6: Fall onset
1790441170.564022,18684,Target 0,-137.0,2355.0,-80.0,2358.98,-3.33,True,Active,zain,Forward,Normal,6: Fall onset
1790441170.65764,18685,Target 0,-133.0,2358.0,-80.0,2361.75,-3.23,True,Active,zain,Forward,Normal,6: Fall onset
1790441170.7376604,18686,Target 0,-125.0,2365.0,-160.0,2368.3,-3.03,True,Active,zain,Forward,Normal,6: Fall onset
1790441170.8267045,18687,Target 0,-121.0,2368.0,-240.0,2371.09,-2.93,True,Active,zain,Forward,Normal,6: Fall onset
1790441170.9293253,18688,Target 0,-123.0,2374.0,-320.0,2377.18,-2.97,True,Active,zain,Forward,Normal,6: Fall onset
1790441171.0053008,18689,Target 0,-134.0,2387.0,-240.0,2390.76,-3.21,True,Active,zain,Forward,Normal,6: Fall onset
1790441171.0940003,18690,Target 0,-142.0,2403.0,-560.0,2407.19,-3.38,True,Active,zain,Forward,Normal,6: Fall onset
1790441171.1936443,18691,Target 0,-152.0,2419.0,-640.0,2423.77,-3.6,True,Active,zain,Forward,Normal,6: Fall onset
1790441171.281722,18692,Target 0,-163.0,2440.0,-560.0,2445.44,-3.82,True,Active,zain,Forward,Normal,6: Fall onset
1790441171.364655,18693,Target 0,-174.0,2471.0,-1040.0,2477.12,-4.03,True,Active,zain,Forward,Normal,6: Fall onset
1790441171.4536629,18694,Target 0,-188.0,2542.0,-1190.0,2548.94,-4.23,True,Active,zain,Forward,Normal,6: Fall onset
1790441171.5397112,18695,Target 0,-187.0,2608.0,-960.0,2614.7,-4.1,True,Active,zain,Forward,Normal,6: Fall onset
1790441171.6274097,18696,Target 0,-178.0,2668.0,-1190.0,2673.93,-3.82,True,Active,zain,Forward,Normal,6: Fall onset
1790441171.7251272,18697,Target 0,-164.0,2735.0,0.0,2739.91,-3.43,True,Active,zain,Forward,Normal,6: Fall onset
1790441171.8116288,18698,Target 0,-187.0,2933.0,0.0,2938.96,-3.65,True,Active,zain,Forward,Normal,6: Fall onset
1790441171.938873,18699,Target 0,-199.0,3132.0,0.0,3138.32,-3.64,True,Active,zain,Forward,Normal,7: Post-fall stillness
1790441171.9879134,18700,Target 0,-236.0,3317.0,0.0,3325.38,-4.07,True,Active,zain,Forward,Normal,7: Post-fall stillness
1790441172.074728,18701,Target 0,-263.0,3460.0,80.0,3469.98,-4.35,True,Active,zain,Forward,Normal,7: Post-fall stillness
1790441172.1749465,18702,Target 0,-286.0,3595.0,-80.0,3606.36,-4.55,True,Active,zain,Forward,Normal,7: Post-fall stillness
1790441172.2747962,18703,Target 0,-293.0,3708.0,80.0,3719.56,-4.52,True,Active,zain,Forward,Normal,7: Post-fall stillness
1790441172.3718634,18704,Target 0,-310.0,3794.0,80.0,3806.64,-4.67,True,Active,zain,Forward,Normal,7: Post-fall stillness
1790441172.4465728,18705,Target 0,-303.0,3847.0,0.0,3858.91,-4.5,True,Active,zain,Forward,Normal,7: Post-fall stillness
1790441172.5389335,18706,Target 0,-311.0,3844.0,-80.0,3856.56,-4.63,True,Active,zain,Forward,Normal,7: Post-fall stillness
1790441172.6078978,18707,Target 0,-296.0,3841.0,0.0,3852.39,-4.41,True,Active,zain,Forward,Normal,7: Post-fall stillness
1790441172.6958447,18708,Target 0,-262.0,3831.0,0.0,3839.95,-3.91,True,Active,zain,Forward,Normal,7: Post-fall stillness
1790441172.8114378,18709,Target 0,-222.0,3815.0,0.0,3821.45,-3.33,True,Active,zain,Forward,Normal,7: Post-fall stillness
1790441172.8766363,18710,Target 0,-161.0,3809.0,0.0,3812.4,-2.42,True,Active,zain,Forward,Normal,7: Post-fall stillness
1790441172.9713583,18711,Target 0,-98.0,3806.0,0.0,3807.26,-1.47,True,Active,zain,Forward,Normal,7: Post-fall stillness
1790441173.0554793,18712,Target 0,-41.0,3803.0,0.0,3803.22,-0.62,True,Active,zain,Forward,Normal,7: Post-fall stillness
1790441173.1701057,18713,Target 0,10.0,3801.0,0.0,3801.01,0.15,True,Active,zain,Forward,Normal,7: Post-fall stillness
1790441173.2337263,18714,Target 0,56.0,3798.0,0.0,3798.41,0.84,True,Active,zain,Forward,Normal,7: Post-fall stillness
1790441173.3218608,18715,Target 0,81.0,3801.0,0.0,3801.86,1.22,True,Active,zain,Forward,Normal,7: Post-fall stillness
1790441173.4073405,18716,Target 0,98.0,3806.0,0.0,3807.26,1.47,True,Active,zain,Forward,Normal,7: Post-fall stillness
1790441173.5170653,18717,Target 0,103.0,3807.0,0.0,3808.39,1.55,True,Active,zain,Forward,Normal,7: Post-fall stillness
1790441173.5851624,18718,Target 0,109.0,3809.0,0.0,3810.56,1.64,True,Active,zain,Forward,Normal,7: Post-fall stillness
1790441173.6798906,18719,Target 0,114.0,3810.0,0.0,3811.71,1.71,True,Active,zain,Forward,Normal,7: Post-fall stillness
1790441173.7746274,18720,Target 0,118.0,3811.0,0.0,3812.83,1.77,True,Active,zain,Forward,Normal,7: Post-fall stillness
1790441173.8895698,18721,Target 0,123.0,3812.0,0.0,3813.98,1.85,True,Active,zain,Forward,Normal,7: Post-fall stillness
1790441173.941513,18722,Target 0,122.0,3815.0,0.0,3816.95,1.83,True,Active,zain,Forward,Normal,7: Post-fall stillness
1790441174.0308402,18723,Target 0,118.0,3819.0,0.0,3820.82,1.77,True,Active,zain,Forward,Normal,7: Post-fall stillness
1790441174.1198497,18724,Target 0,111.0,3817.0,0.0,3818.61,1.67,True,Active,zain,Forward,Normal,7: Post-fall stillness
1790441174.2834249,18725,Target 0,100.0,3814.0,80.0,3815.31,1.5,True,Active,zain,Forward,Normal,7: Post-fall stillness
1790441174.30616,18726,Target 0,83.0,3817.0,0.0,3817.9,1.25,True,Active,zain,Forward,Normal,7: Post-fall stillness
1790441174.505761,18727,Target 0,61.0,3812.0,640.0,3812.49,0.92,True,Active,zain,Forward,Normal,7: Post-fall stillness
1790441174.5247607,18728,Target 0,45.0,3807.0,320.0,3807.27,0.68,True,Active,zain,Forward,Normal,7: Post-fall stillness
1790441174.6533434,18729,Target 0,27.0,3815.0,0.0,3815.1,0.41,True,Active,zain,Forward,Normal,7: Post-fall stillness
1790441174.6731653,18730,Target 0,21.0,3815.0,320.0,3815.06,0.32,True,Active,zain,Forward,Normal,7: Post-fall stillness
1790441174.7466972,18731,Target 0,10.0,3816.0,390.0,3816.01,0.15,True,Active,zain,Forward,Normal,7: Post-fall stillness
1790441174.8413956,18732,Target 0,0.0,3809.0,640.0,3809.0,0.0,True,Active,zain,Forward,Normal,7: Post-fall stillness
1790441175.0074883,18733,Target 0,-4.0,3776.0,480.0,3776.0,-0.06,True,Active,zain,Forward,Normal,8: Recovery / standing back up
1790441175.1030035,18734,Target 0,-8.0,3738.0,480.0,3738.01,-0.12,True,Active,zain,Forward,Normal,8: Recovery / standing back up
1790441175.2433598,18735,Target 0,-13.0,3700.0,790.0,3700.02,-0.2,True,Active,zain,Forward,Normal,8: Recovery / standing back up
1790441175.2638261,18736,Target 0,-16.0,3659.0,880.0,3659.03,-0.25,True,Active,zain,Forward,Normal,8: Recovery / standing back up
1790441175.4079828,18737,Target 0,-20.0,3619.0,880.0,3619.06,-0.32,True,Active,zain,Forward,Normal,8: Recovery / standing back up
1790441175.4275231,18738,Target 0,-23.0,3579.0,880.0,3579.07,-0.37,True,Active,zain,Forward,Normal,8: Recovery / standing back up
1790441175.4537308,18739,Target 0,-25.0,3538.0,480.0,3538.09,-0.4,True,Active,zain,Forward,Normal,8: Recovery / standing back up
1790441175.5471857,18740,Target 0,-28.0,3495.0,390.0,3495.11,-0.46,True,Active,zain,Forward,Normal,8: Recovery / standing back up
1790441175.6458955,18741,Target 0,-34.0,3375.0,390.0,3375.17,-0.58,True,Active,zain,Forward,Normal,8: Recovery / standing back up
1790441175.724861,18742,Target 0,-37.0,3336.0,390.0,3336.21,-0.64,True,Active,zain,Forward,Normal,8: Recovery / standing back up
1790441175.8122952,18743,Target 0,-39.0,3299.0,390.0,3299.23,-0.68,True,Active,zain,Forward,Normal,8: Recovery / standing back up
1790441175.900288,18744,Target 0,-41.0,3263.0,390.0,3263.26,-0.72,True,Active,zain,Forward,Normal,8: Recovery / standing back up
1790441176.009457,18745,Target 0,-43.0,3228.0,160.0,3228.29,-0.76,True,Active,zain,Forward,Normal,8: Recovery / standing back up
1790441176.0780442,18746,Target 0,-44.0,3194.0,160.0,3194.3,-0.79,True,Active,zain,Forward,Normal,8: Recovery / standing back up
1790441176.1688805,18747,Target 0,-44.0,3162.0,160.0,3162.31,-0.8,True,Active,zain,Forward,Normal,8: Recovery / standing back up
1790441176.3115473,18748,Target 0,-44.0,3130.0,240.0,3130.31,-0.81,True,Active,zain,Forward,Normal,8: Recovery / standing back up
1790441176.3687298,18749,Target 0,-47.0,3098.0,320.0,3098.36,-0.87,True,Active,zain,Forward,Normal,8: Recovery / standing back up
1790441176.444845,18750,Target 0,-54.0,3067.0,240.0,3067.48,-1.01,True,Active,zain,Forward,Normal,8: Recovery / standing back up
1790441176.6002636,18751,Target 0,-58.0,3034.0,480.0,3034.55,-1.1,True,Active,zain,Forward,Normal,8: Recovery / standing back up
1790441176.6703062,18752,Target 0,-62.0,3002.0,720.0,3002.64,-1.18,True,Active,zain,Forward,Normal,8: Recovery / standing back up
1790441176.7755096,18753,Target 0,-64.0,2907.0,880.0,2907.7,-1.26,True,Active,zain,Forward,Normal,8: Recovery / standing back up
1790441176.8254433,18754,Target 0,-71.0,2812.0,880.0,2812.9,-1.45,True,Active,zain,Forward,Normal,8: Recovery / standing back up
1790441176.878582,18755,Target 0,-78.0,2720.0,880.0,2721.12,-1.64,True,Active,zain,Forward,Normal,8: Recovery / standing back up
1790441176.9706814,18756,Target 0,-74.0,2649.0,480.0,2650.03,-1.6,True,Active,zain,Forward,Normal,8: Recovery / standing back up
1790441177.081234,18757,Target 0,-79.0,2581.0,240.0,2582.21,-1.75,True,Active,zain,Forward,Normal,8: Recovery / standing back up
1790441177.2225823,18758,Target 0,-82.0,2555.0,80.0,2556.32,-1.84,True,Active,zain,Forward,Normal,8: Recovery / standing back up
1790441177.269244,18759,Target 0,-87.0,2528.0,-80.0,2529.5,-1.97,True,Active,zain,Forward,Normal,8: Recovery / standing back up
1790441177.332433,18760,Target 0,-102.0,2449.0,-320.0,2451.12,-2.38,True,Active,zain,Forward,Normal,8: Recovery / standing back up
1790441177.452815,18761,Target 0,-113.0,2382.0,-560.0,2384.68,-2.72,True,Active,zain,Forward,Normal,8: Recovery / standing back up
1790441177.5005646,18762,Target 0,-112.0,2322.0,80.0,2324.7,-2.76,True,Active,zain,Forward,Normal,8: Recovery / standing back up
1790441177.654027,18763,Target 0,-107.0,2283.0,-790.0,2285.51,-2.68,True,Active,zain,Forward,Normal,8: Recovery / standing back up
1790441177.6781702,18764,Target 0,-108.0,2274.0,-790.0,2276.56,-2.72,True,Active,zain,Forward,Normal,8: Recovery / standing back up
1790441177.7692158,18765,Target 0,-109.0,2269.0,-560.0,2271.62,-2.75,True,Active,zain,Forward,Normal,8: Recovery / standing back up
1790441177.8564487,18766,Target 0,-112.0,2266.0,-640.0,2268.77,-2.83,True,Active,zain,Forward,Normal,8: Recovery / standing back up
1790441177.9771836,18767,Target 0,-112.0,2264.0,-480.0,2266.77,-2.83,True,Active,zain,Forward,Normal,8: Recovery / standing back up
1790441178.0447476,18768,Target 0,-114.0,2262.0,-240.0,2264.87,-2.89,True,Active,zain,Forward,Normal,8: Recovery / standing back up
1790441178.1282697,18769,Target 0,-118.0,2262.0,-320.0,2265.08,-2.99,True,Active,zain,Forward,Normal,8: Recovery / standing back up
1790441178.2212722,18770,Target 0,-123.0,2261.0,-320.0,2264.34,-3.11,True,Active,zain,Forward,Normal,8: Recovery / standing back up
1790441178.3055758,18771,Target 0,-130.0,2261.0,-480.0,2264.73,-3.29,True,Active,zain,Forward,Normal,8: Recovery / standing back up
1790441178.3972654,18772,Target 0,-140.0,2263.0,-390.0,2267.33,-3.54,True,Active,zain,Forward,Normal,8: Recovery / standing back up
1790441178.486956,18773,Target 0,-152.0,2266.0,-320.0,2271.09,-3.84,True,Active,zain,Forward,Normal,8: Recovery / standing back up
1790441178.5696046,18774,Target 0,-167.0,2271.0,-240.0,2277.13,-4.21,True,Active,zain,Forward,Normal,8: Recovery / standing back up
1790441178.6586447,18775,Target 0,-212.0,2283.0,-240.0,2292.82,-5.31,True,Active,zain,Forward,Normal,8: Recovery / standing back up
1790441178.7517416,18776,Target 0,-258.0,2296.0,-240.0,2310.45,-6.41,True,Active,zain,Forward,Normal,8: Recovery / standing back up
1790441178.895742,18777,Target 0,-309.0,2307.0,-480.0,2327.6,-7.63,True,Active,zain,Forward,Normal,8: Recovery / standing back up
1790441178.9519649,18778,Target 0,-361.0,2318.0,-390.0,2345.94,-8.85,True,Active,zain,Forward,Normal,8: Recovery / standing back up
1790441179.0264804,18779,Target 0,-413.0,2325.0,-560.0,2361.4,-10.07,True,Active,zain,Forward,Normal,8: Recovery / standing back up
1790441179.136979,18780,Target 0,-466.0,2326.0,-320.0,2372.22,-11.33,True,Active,zain,Forward,Normal,8: Recovery / standing back up
1790441179.1931543,18781,Target 0,-531.0,2330.0,-320.0,2389.74,-12.84,True,Active,zain,Forward,Normal,8: Recovery / standing back up
1790441179.3305337,18782,Target 0,-679.0,2340.0,-240.0,2436.52,-16.18,True,Active,zain,Forward,Normal,8: Recovery / standing back up
1790441179.3774238,18783,Target 0,-814.0,2348.0,-240.0,2485.1,-19.12,True,Active,zain,Forward,Normal,8: Recovery / standing back up
1790441179.5092092,18784,Target 0,-955.0,2342.0,-160.0,2529.23,-22.18,True,Active,zain,Forward,Normal,8: Recovery / standing back up
1790441179.5800722,18785,Target 0,-1082.0,2348.0,80.0,2585.31,-24.74,True,Active,zain,Forward,Normal,8: Recovery / standing back up
1790441179.6695693,18786,Target 0,-1188.0,2334.0,-160.0,2618.95,-26.98,True,Active,zain,Forward,Normal,8: Recovery / standing back up
1790441179.7257378,18787,Target 0,-1286.0,2321.0,-160.0,2653.46,-28.99,True,Active,zain,Forward,Normal,8: Recovery / standing back up
