timestamp,sequence_id,target_id,x_mm,y_mm,speed_mms,distance_mm,angle_deg,valid,status,volunteer_id,fall_subtype,pace_variant,action_label
1787666117.9492874,13227,Person 33,-101.0,856.5,0.0,864.46,-6.44,True,Active,zain,Forward,Normal,2: Standing / idle
1787666118.036236,13228,Person 33,-100.0,857.1,0.0,865.45,-6.44,True,Active,zain,Forward,Normal,2: Standing / idle
1787666118.1267543,13229,Person 33,-99.0,857.8,0.0,866.34,-6.36,True,Active,zain,Forward,Normal,2: Standing / idle
1787666118.2142406,13230,Person 33,-98.0,858.3,0.0,865.23,-6.3,True,Active,zain,Forward,Normal,2: Standing / idle
1787666118.3028302,13231,Person 33,-97.2,858.4,0.0,863.24,-6.32,True,Active,zain,Forward,Normal,2: Standing / idle
1787666118.3919852,13232,Person 33,-96.5,858.5,0.0,863.13,-6.25,True,Active,zain,Forward,Normal,2: Standing / idle
1787666118.4817667,13233,Person 33,-96.0,858.7,0.0,864.13,-6.25,True,Active,zain,Forward,Normal,2: Standing / idle
1787666118.5697577,13234,Person 33,-95.7,859.1,0.0,866.23,-6.3,True,Active,zain,Forward,Normal,2: Standing / idle
1787666118.659473,13235,Person 33,-95.4,859.8,0.0,869.1,-6.21,True,Active,zain,Forward,Normal,2: Standing / idle
1787666118.7483292,13236,Person 33,-95.0,860.5,0.0,869.99,-6.14,True,Active,zain,Forward,Normal,2: Standing / idle
1787666118.8373823,13237,Person 33,-94.4,861.2,0.0,870.77,-6.0,True,Active,zain,Forward,Normal,2: Standing / idle
1787666118.9265895,13238,Person 33,-93.7,862.0,0.0,872.65,-5.92,True,Active,zain,Forward,Normal,2: Standing / idle
1787666119.0152347,13239,Person 33,-93.1,862.8,0.0,873.65,-5.91,True,Active,zain,Forward,Normal,2: Standing / idle
1787666119.1054423,13240,Person 33,-92.7,863.9,0.0,875.74,-5.96,True,Active,zain,Forward,Normal,2: Standing / idle
1787666119.1933897,13241,Person 33,-92.5,865.4,0.0,877.94,-6.08,True,Active,zain,Forward,Normal,2: Standing / idle
1787666119.281382,13242,Person 33,-92.6,867.1,0.0,880.14,-6.2,True,Active,zain,Forward,Normal,2: Standing / idle
1787666119.370774,13243,Person 33,-92.9,868.7,160.0,880.36,-6.33,True,Active,zain,Forward,Normal,2: Standing / idle
1787666119.4603603,13244,Person 33,-93.4,870.1,-80.0,880.7,-6.52,True,Active,zain,Forward,Normal,2: Standing / idle
1787666119.5491643,13245,Person 33,-94.3,871.1,0.0,880.05,-6.72,True,Active,zain,Forward,Normal,2: Standing / idle
1787666119.6379998,13246,Person 33,-95.2,872.0,80.0,879.93,-6.66,True,Active,zain,Forward,Normal,2: Standing / idle
1787666119.727438,13247,Person 33,-96.2,872.8,0.0,879.82,-6.59,True,Active,zain,Forward,Normal,2: Standing / idle
1787666119.8160522,13248,Person 33,-97.3,873.4,-80.0,879.82,-6.59,True,Active,zain,Forward,Normal,2: Standing / idle
1787666119.9051435,13249,Person 33,-98.5,873.8,0.0,878.94,-6.66,True,Active,zain,Forward,Normal,2: Standing / idle
1787666119.9939806,13250,Person 33,-99.9,874.1,-80.0,880.28,-6.85,True,Active,zain,Forward,Normal,2: Standing / idle
1787666120.0831282,13251,Person 33,-101.2,874.1,-80.0,879.41,-6.92,True,Active,zain,Forward,Normal,2: Standing / idle
1787666120.174475,13252,Person 33,-102.7,873.8,0.0,878.91,-7.19,True,Active,zain,Forward,Normal,2: Standing / idle
1787666120.2616646,13253,Person 33,-104.3,873.5,0.0,879.29,-7.38,True,Active,zain,Forward,Normal,2: Standing / idle
1787666120.3501284,13254,Person 33,-105.7,873.3,0.0,880.41,-7.44,True,Active,zain,Forward,Normal,2: Standing / idle
1787666120.4388857,13255,Person 33,-106.6,873.3,0.0,881.15,-7.3,True,Active,zain,Forward,Normal,2: Standing / idle
1787666120.5291624,13256,Person 33,-107.3,873.4,0.0,881.76,-7.1,True,Active,zain,Forward,Normal,2: Standing / idle
1787666120.6172955,13257,Person 33,-107.8,873.5,0.0,881.4,-6.91,True,Active,zain,Forward,Normal,2: Standing / idle
1787666120.7066166,13258,Person 33,-108.1,873.6,0.0,881.16,-6.78,True,Active,zain,Forward,Normal,2: Standing / idle
1787666120.7949717,13259,Person 33,-108.1,873.8,0.0,880.93,-6.65,True,Active,zain,Forward,Normal,2: Standing / idle
1787666120.8837953,13260,Person 33,-107.6,873.9,0.0,880.7,-6.52,True,Active,zain,Forward,Normal,2: Standing / idle
1787666120.9728973,13261,Person 33,-106.8,874.1,0.0,880.47,-6.39,True,Active,zain,Forward,Normal,2: Standing / idle
1787666121.0616722,13262,Person 33,-105.4,874.3,0.0,879.26,-6.27,True,Active,zain,Forward,Normal,2: Standing / idle
1787666121.150864,13263,Person 33,-103.5,874.4,0.0,878.05,-6.15,True,Active,zain,Forward,Normal,2: Standing / idle
1787666121.2397962,13264,Person 33,-101.1,874.2,0.0,875.64,-5.9,True,Active,zain,Forward,Normal,2: Standing / idle
1787666121.328543,13265,Person 33,-98.5,873.7,0.0,873.25,-5.65,True,Active,zain,Forward,Normal,2: Standing / idle
1787666121.4182336,13266,Person 33,-95.9,872.9,0.0,870.96,-5.47,True,Active,zain,Forward,Normal,2: Standing / idle
1787666121.506609,13267,Person 33,-93.3,872.1,0.0,870.68,-5.27,True,Active,zain,Forward,Normal,2: Standing / idle
1787666121.5959191,13268,Person 33,-90.7,871.4,0.0,871.5,-5.13,True,Active,zain,Forward,Normal,2: Standing / idle
1787666121.6846857,13269,Person 33,-88.3,870.9,0.0,873.49,-5.12,True,Active,zain,Forward,Normal,2: Standing / idle
1787666121.7740295,13270,Person 33,-86.1,870.4,0.0,873.49,-5.12,True,Active,zain,Forward,Normal,2: Standing / idle
1787666121.862579,13271,Person 33,-84.1,869.9,0.0,873.49,-5.12,True,Active,zain,Forward,Normal,2: Standing / idle
1787666121.953015,13272,Person 33,-82.1,869.3,0.0,871.32,-5.0,True,Active,zain,Forward,Normal,2: Standing / idle
1787666122.0412395,13273,Person 33,-80.3,868.7,0.0,870.32,-5.01,True,Active,zain,Forward,Normal,2: Standing / idle
1787666122.1296682,13274,Person 33,-79.0,868.4,0.0,871.41,-5.07,True,Active,zain,Forward,Normal,2: Standing / idle
1787666122.2192397,13275,Person 33,-78.3,868.4,-80.0,872.58,-5.19,True,Active,zain,Forward,Normal,2: Standing / idle
1787666122.3070955,13276,Person 33,-77.8,868.6,-80.0,872.49,-5.13,True,Active,zain,Forward,Normal,2: Standing / idle
1787666122.3959856,13277,Person 33,-77.6,869.0,-160.0,874.49,-5.12,True,Active,zain,Forward,Normal,2: Standing / idle
1787666122.485113,13278,Person 33,-78.0,869.3,0.0,874.85,-5.38,True,Active,zain,Forward,Normal,2: Standing / idle
1787666122.5747688,13279,Person 33,-79.1,869.5,-160.0,876.53,-5.83,True,Active,zain,Forward,Normal,2: Standing / idle
1787666122.663216,13280,Person 33,-80.8,869.9,-160.0,879.15,-6.2,True,Active,zain,Forward,Normal,2: Standing / idle
1787666122.752513,13281,Person 33,-83.3,870.5,-160.0,882.03,-6.71,True,Active,zain,Forward,Normal,2: Standing / idle
1787666122.84131,13282,Person 33,-87.2,871.5,-240.0,885.5,-7.46,True,Active,zain,Forward,Normal,2: Standing / idle
1787666122.9302957,13283,Person 33,-92.5,872.8,-240.0,889.4,-8.34,True,Active,zain,Forward,Normal,2: Standing / idle
1787666123.0193927,13284,Person 33,-101.7,874.4,-240.0,900.01,-10.82,True,Active,zain,Forward,Normal,2: Standing / idle
1787666123.1082978,13285,Person 33,-115.0,876.0,-240.0,910.04,-13.47,True,Active,zain,Forward,Normal,2: Standing / idle
1787666123.1973493,13286,Person 33,-132.8,877.7,-240.0,922.24,-16.12,True,Active,zain,Forward,Normal,2: Standing / idle
1787666123.2865076,13287,Person 33,-154.9,879.0,-320.0,933.2,-18.69,True,Active,zain,Forward,Normal,1: Walking
1787666123.3752573,13288,Person 33,-181.3,879.0,-320.0,937.21,-21.67,True,Active,zain,Forward,Normal,1: Walking
1787666123.46462,13289,Person 33,-215.3,877.5,-480.0,958.38,-26.59,True,Active,zain,Forward,Normal,1: Walking
1787666123.5535436,13290,Person 33,-253.9,878.2,-560.0,1003.75,-28.63,True,Active,zain,Forward,Normal,1: Walking
1787666123.642366,13291,Person 33,-294.7,879.3,-560.0,1023.66,-29.95,True,Active,zain,Forward,Normal,1: Walking
1787666123.7315717,13292,Person 33,-337.5,880.7,-640.0,1044.28,-31.33,True,Active,zain,Forward,Normal,1: Walking
1787666123.8205254,13293,Person 33,-383.1,882.3,-640.0,1070.07,-33.14,True,Active,zain,Forward,Normal,1: Walking
1787666123.909256,13294,Person 33,-433.6,883.6,-640.0,1122.0,-36.92,True,Active,zain,Forward,Normal,1: Walking
1787666123.999976,13295,Person 33,-488.1,884.8,-480.0,1173.74,-40.16,True,Active,zain,Forward,Normal,1: Walking
1787666124.0870297,13296,Person 33,-546.2,885.9,-480.0,1226.86,-43.02,True,Active,zain,Forward,Normal,1: Walking
1787666124.1762989,13297,Person 33,-606.8,888.3,-480.0,1281.99,-44.91,True,Active,zain,Forward,Normal,1: Walking
1787666124.2660086,13298,Person 33,-669.1,892.6,-560.0,1332.05,-46.67,True,Active,zain,Forward,Normal,1: Walking
1787666124.3538113,13299,Person 33,-728.3,900.6,-80.0,1385.79,-47.46,True,Active,zain,Forward,Normal,1: Walking
1787666124.44307,13300,Person 33,-785.5,910.2,-320.0,1436.43,-47.14,True,Active,zain,Forward,Normal,1: Walking
1787666124.5324626,13301,Person 33,-844.0,921.8,-560.0,1485.67,-47.54,True,Active,zain,Forward,Normal,1: Walking
1787666124.6211104,13302,Person 33,-901.3,937.4,80.0,1530.93,-46.8,True,Active,zain,Forward,Normal,1: Walking
1787666124.7117767,13303,Person 33,-957.4,956.1,-390.0,1576.77,-46.62,True,Active,zain,Forward,Normal,1: Walking
1787666124.7990694,13304,Person 33,-1006.9,976.4,-80.0,1605.17,-46.74,True,Active,zain,Forward,Normal,1: Walking
1787666124.8880787,13305,Person 33,-1049.8,997.5,-80.0,1623.04,-46.95,True,Active,zain,Forward,Normal,1: Walking
1787666124.9768832,13306,Person 33,-1086.0,1019.1,-80.0,1635.96,-47.13,True,Active,zain,Forward,Normal,1: Walking
1787666125.065812,13307,Person 33,-1116.9,1038.6,160.0,1640.25,-47.74,True,Active,zain,Forward,Normal,1: Walking
1787666125.1551125,13308,Person 33,-1144.3,1056.0,390.0,1651.91,-48.8,True,Active,zain,Forward,Normal,1: Walking
1787666125.2442143,13309,Person 33,-1169.2,1069.8,480.0,1663.89,-49.75,True,Active,zain,Forward,Normal,1: Walking
1787666125.3328931,13310,Person 33,-1193.8,1077.2,390.0,1670.93,-51.02,True,Active,zain,Forward,Normal,1: Walking
1787666125.4229546,13311,Person 33,-1215.3,1080.6,560.0,1671.55,-51.66,True,Active,zain,Forward,Normal,1: Walking
1787666125.510903,13312,Person 33,-1234.9,1078.2,320.0,1664.31,-52.03,True,Active,zain,Forward,Normal,1: Walking
1787666125.601544,13313,Person 33,-1251.2,1070.8,240.0,1652.74,-52.37,True,Active,zain,Forward,Normal,1: Walking
1787666125.6891031,13314,Person 33,-1265.1,1061.3,240.0,1649.51,-52.46,True,Active,zain,Forward,Normal,1: Walking
1787666125.7781918,13315,Person 33,-1277.0,1050.8,320.0,1645.91,-52.45,True,Active,zain,Forward,Normal,1: Walking
1787666125.8681529,13316,Person 33,-1286.9,1039.6,390.0,1639.15,-52.36,True,Active,zain,Forward,Normal,1: Walking
1787666125.956112,13317,Person 33,-1294.7,1029.5,320.0,1635.01,-52.2,True,Active,zain,Forward,Normal,1: Walking
1787666126.044828,13318,Person 33,-1298.6,1021.1,320.0,1628.35,-51.93,True,Active,zain,Forward,Normal,1: Walking
1787666126.1341574,13319,Person 33,-1298.7,1014.1,320.0,1620.33,-51.67,True,Active,zain,Forward,Normal,1: Walking
1787666126.223029,13320,Person 33,-1294.6,1009.8,320.0,1612.03,-51.3,True,Active,zain,Forward,Normal,1: Walking
1787666126.312348,13321,Person 33,-1287.9,1007.3,240.0,1603.65,-50.87,True,Active,zain,Forward,Normal,1: Walking
1787666126.4016323,13322,Person 33,-1279.7,1006.4,240.0,1594.72,-50.47,True,Active,zain,Forward,Normal,1: Walking
1787666126.4904373,13323,Person 33,-1268.9,1007.5,320.0,1575.69,-49.66,True,Active,zain,Forward,Normal,1: Walking
1787666126.5791826,13324,Person 33,-1257.4,1009.2,320.0,1570.9,-49.41,True,Active,zain,Forward,Normal,1: Walking
1787666126.6677969,13325,Person 33,-1244.9,1011.3,320.0,1562.36,-49.05,True,Active,zain,Forward,Normal,1: Walking
1787666126.7572017,13326,Person 33,-1231.3,1013.5,480.0,1548.15,-48.64,True,Active,zain,Forward,Normal,1: Walking
1787666126.845807,13327,Person 33,-1211.9,1016.1,480.0,1504.12,-46.89,True,Active,zain,Forward,Normal,1: Walking
1787666126.9350429,13328,Person 33,-1187.5,1018.5,640.0,1460.9,-45.28,True,Active,zain,Forward,Normal,1: Walking
1787666127.0244758,13329,Person 33,-1152.9,1020.2,640.0,1378.44,-42.15,True,Active,zain,Forward,Normal,1: Walking
1787666127.1131606,13330,Person 33,-1109.1,1020.7,640.0,1303.29,-38.99,True,Active,zain,Forward,Normal,1: Walking
1787666127.201784,13331,Person 33,-1055.4,1019.9,320.0,1227.95,-35.15,True,Active,zain,Forward,Normal,1: Walking
1787666127.2906747,13332,Person 33,-993.3,1017.9,240.0,1166.58,-31.47,True,Active,zain,Forward,Normal,1: Walking
1787666127.3823133,13333,Person 33,-924.8,1013.9,240.0,1107.55,-27.77,True,Active,zain,Forward,Normal,1: Walking
1787666127.4687572,13334,Person 33,-847.8,1009.0,80.0,1060.97,-23.5,True,Active,zain,Forward,Normal,1: Walking
1787666127.5582194,13335,Person 33,-763.9,1003.5,80.0,1027.25,-19.39,True,Active,zain,Forward,Normal,1: Walking
1787666127.650143,13336,Person 33,-673.7,997.7,-160.0,999.41,-15.08,True,Active,zain,Forward,Normal,1: Walking
1787666127.7352705,13337,Person 33,-581.6,991.1,-240.0,978.15,-10.43,True,Active,zain,Forward,Normal,1: Walking
1787666127.8244965,13338,Person 33,-487.6,984.7,-240.0,968.97,-5.8,True,Active,zain,Forward,Normal,1: Walking
1787666127.9138584,13339,Person 33,-397.5,979.1,-240.0,966.3,-1.42,True,Active,zain,Forward,Normal,1: Walking
1787666128.002794,13340,Person 33,-311.5,974.2,-160.0,964.83,2.38,True,Active,zain,Forward,Normal,1: Walking
1787666128.0917313,13341,Person 33,-230.3,970.4,-160.0,971.69,6.2,True,Active,zain,Forward,Normal,1: Walking
1787666128.1805153,13342,Person 33,-153.3,966.6,-80.0,970.45,9.55,True,Active,zain,Forward,Normal,1: Walking
1787666128.2695062,13343,Person 33,-80.9,964.5,-160.0,981.3,12.24,True,Active,zain,Forward,Normal,1: Walking
1787666128.3587322,13344,Person 33,-13.3,962.4,-240.0,985.04,14.88,True,Active,zain,Forward,Normal,1: Walking
1787666128.447573,13345,Person 33,50.0,959.7,0.0,986.22,17.22,True,Active,zain,Forward,Normal,1: Walking
1787666128.537577,13346,Person 33,109.2,956.0,-80.0,985.6,19.69,True,Active,zain,Forward,Normal,1: Walking
1787666128.625466,13347,Person 33,162.8,951.7,160.0,986.63,21.34,True,Active,zain,Forward,Normal,1: Walking
1787666128.7157464,13348,Person 33,210.8,946.5,80.0,988.77,22.73,True,Active,zain,Forward,Normal,1: Walking
1787666128.8044765,13349,Person 33,254.4,940.2,0.0,992.55,24.53,True,Active,zain,Forward,Normal,1: Walking
1787666128.893177,13350,Person 33,295.0,932.6,-80.0,993.71,26.67,True,Active,zain,Forward,Normal,1: Walking
1787666128.98147,13351,Person 33,330.2,923.9,320.0,990.7,27.47,True,Active,zain,Forward,Normal,1: Walking
1787666129.0713875,13352,Person 33,359.7,915.6,320.0,985.81,27.55,True,Active,zain,Forward,Normal,1: Walking
1787666129.1594286,13353,Person 33,384.0,906.5,320.0,978.17,27.46,True,Active,zain,Forward,Normal,1: Walking
1787666129.2481663,13354,Person 33,403.2,897.2,320.0,967.42,27.39,True,Active,zain,Forward,Normal,1: Walking
1787666129.3375938,13355,Person 33,417.8,887.9,320.0,955.32,27.29,True,Active,zain,Forward,Normal,1: Walking
1787666129.4264438,13356,Person 33,428.2,879.4,240.0,949.08,27.35,True,Active,zain,Forward,Normal,1: Walking
1787666129.515236,13357,Person 33,436.0,871.6,320.0,947.76,27.46,True,Active,zain,Forward,Normal,1: Walking
1787666129.6045215,13358,Person 33,441.6,864.3,320.0,946.45,27.57,True,Active,zain,Forward,Normal,1: Walking
1787666129.698245,13359,Person 33,444.1,857.7,320.0,944.21,27.57,True,Active,zain,Forward,Normal,1: Walking
1787666129.7829633,13360,Person 33,443.0,852.2,80.0,939.74,27.57,True,Active,zain,Forward,Normal,1: Walking
1787666129.8739922,13361,Person 33,440.3,847.3,80.0,934.77,27.39,True,Active,zain,Forward,Normal,1: Walking
1787666129.965899,13362,Person 33,437.1,842.6,-80.0,929.36,27.14,True,Active,zain,Forward,Normal,1: Walking
1787666130.0507648,13363,Person 33,433.5,838.1,-160.0,921.71,26.76,True,Active,zain,Forward,Normal,1: Walking
1787666130.13933,13364,Person 33,429.8,834.3,-160.0,916.79,26.43,True,Active,zain,Forward,Normal,1: Walking
1787666130.2286837,13365,Person 33,426.1,831.4,-240.0,912.8,26.06,True,Active,zain,Forward,Normal,1: Walking
1787666130.3162563,13366,Person 33,422.2,829.3,-390.0,912.85,25.78,True,Active,zain,Forward,Normal,1: Walking
1787666130.4062977,13367,Person 33,417.7,827.8,-390.0,914.3,25.39,True,Active,zain,Forward,Normal,1: Walking
1787666130.4961357,13368,Person 33,412.5,826.8,-390.0,914.46,24.97,True,Active,zain,Forward,Normal,1: Walking
1787666130.5863547,13369,Person 33,406.7,826.4,-320.0,915.17,24.46,True,Active,zain,Forward,Normal,1: Walking
1787666130.6741445,13370,Person 33,400.6,826.8,-390.0,916.76,24.08,True,Active,zain,Forward,Normal,1: Walking
1787666130.7619991,13371,Person 33,394.5,828.1,-390.0,920.22,23.64,True,Active,zain,Forward,Normal,1: Walking
1787666130.8505182,13372,Person 33,388.7,830.5,-480.0,926.37,23.27,True,Active,zain,Forward,Normal,1: Walking
1787666130.9391336,13373,Person 33,383.3,834.1,-480.0,931.77,22.79,True,Active,zain,Forward,Normal,1: Walking
1787666131.029733,13374,Person 33,378.0,839.0,-640.0,939.64,22.2,True,Active,zain,Forward,Normal,1: Walking
1787666131.1171925,13375,Person 33,372.6,845.6,-720.0,951.53,21.39,True,Active,zain,Forward,Normal,1: Walking
1787666131.2058678,13376,Person 33,367.0,853.4,-720.0,962.43,20.75,True,Active,zain,Forward,Normal,1: Walking
1787666131.29543,13377,Person 33,361.2,862.3,-880.0,974.05,20.05,True,Active,zain,Forward,Normal,1: Walking
1787666131.3842375,13378,Person 33,354.5,875.5,-880.0,1012.56,18.36,True,Active,zain,Forward,Normal,1: Walking
1787666131.475918,13379,Person 33,346.4,893.7,-1120.0,1057.84,16.36,True,Active,zain,Forward,Normal,1: Walking
1787666131.562022,13380,Person 33,336.6,917.1,-1120.0,1105.99,14.45,True,Active,zain,Forward,Normal,1: Walking
1787666131.6508512,13381,Person 33,327.0,944.4,-880.0,1148.91,13.75,True,Active,zain,Forward,Normal,6: Fall onset
1787666131.7417855,13382,Person 33,316.8,975.8,-1520.0,1194.54,12.77,True,Active,zain,Forward,Normal,6: Fall onset
1787666131.829061,13383,Person 33,308.3,1011.8,-1440.0,1249.85,12.76,True,Active,zain,Forward,Normal,6: Fall onset
1787666131.918085,13384,Person 33,303.3,1052.6,-1680.0,1313.89,13.42,True,Active,zain,Forward,Normal,6: Fall onset
1787666132.0066075,13385,Person 33,306.1,1103.0,-1680.0,1439.7,15.1,True,Active,zain,Forward,Normal,6: Fall onset
1787666132.0961578,13386,Person 33,316.6,1161.9,-1680.0,1554.36,16.67,True,Active,zain,Forward,Normal,6: Fall onset
1787666132.1862867,13387,Person 33,334.6,1227.9,-1680.0,1656.75,18.07,True,Active,zain,Forward,Normal,6: Fall onset
1787666132.2738326,13388,Person 33,360.4,1296.8,-1680.0,1747.98,19.27,True,Active,zain,Forward,Normal,6: Fall onset
1787666132.362691,13389,Person 33,393.9,1366.6,-1680.0,1826.21,20.28,True,Active,zain,Forward,Normal,6: Fall onset
1787666132.451972,13390,Person 33,434.5,1436.1,-1680.0,1893.11,21.12,True,Active,zain,Forward,Normal,6: Fall onset
1787666132.5413277,13391,Person 33,479.7,1505.6,-1680.0,1950.73,21.82,True,Active,zain,Forward,Normal,6: Fall onset
1787666132.6294196,13392,Person 33,529.4,1573.9,-1680.0,1998.56,22.38,True,Active,zain,Forward,Normal,6: Fall onset
1787666132.7187448,13393,Person 33,579.5,1638.5,-1680.0,2020.38,22.62,True,Active,zain,Forward,Normal,6: Fall onset
1787666132.8076708,13394,Person 33,628.2,1698.6,-1680.0,2039.09,22.86,True,Active,zain,Forward,Normal,6: Fall onset
1787666132.8971696,13395,Person 33,671.2,1748.9,-1680.0,2057.05,23.04,True,Active,zain,Forward,Normal,6: Fall onset
1787666132.9857988,13396,Person 33,708.3,1790.5,-1680.0,2072.8,23.21,True,Active,zain,Forward,Normal,6: Fall onset
1787666133.076582,13397,Person 33,739.6,1824.6,-1680.0,2086.86,23.35,True,Active,zain,Forward,Normal,6: Fall onset
1787666133.1637683,13398,Person 33,765.6,1852.1,-1680.0,2099.09,23.5,True,Active,zain,Forward,Normal,6: Fall onset
1787666133.254026,13399,Person 33,786.9,1874.2,-1680.0,2110.94,23.63,True,Active,zain,Forward,Normal,6: Fall onset
1787666133.341405,13400,Person 33,786.9,1874.2,-1680.0,2110.94,23.63,True,Predicted,zain,Forward,Normal,6: Fall onset
1787666133.4305196,13401,Person 33,786.9,1874.2,-1680.0,2110.94,23.63,True,Predicted,zain,Forward,Normal,6: Fall onset
1787666133.5198302,13402,Person 33,786.9,1874.2,-1680.0,2110.94,23.63,True,Predicted,zain,Forward,Normal,6: Fall onset
1787666133.6088448,13403,Person 33,786.9,1874.2,-1680.0,2110.94,23.63,True,Predicted,zain,Forward,Normal,6: Fall onset
1787666133.697834,13404,Person 33,786.9,1874.2,-1680.0,2110.94,23.63,True,Predicted,zain,Forward,Normal,6: Fall onset
1787666133.7865157,13405,Person 33,786.9,1874.2,-1680.0,2110.94,23.63,True,Predicted,zain,Forward,Normal,6: Fall onset
1787666133.8756845,13406,Person 33,786.9,1874.2,-1680.0,2110.94,23.63,True,Predicted,zain,Forward,Normal,6: Fall onset
1787666133.964381,13407,Person 33,786.9,1874.2,-1680.0,2110.94,23.63,True,Predicted,zain,Forward,Normal,6: Fall onset
1787666134.0539658,13408,Person 33,786.9,1874.2,-1680.0,2110.94,23.63,True,Predicted,zain,Forward,Normal,6: Fall onset
1787666134.1421766,13409,Person 33,786.9,1874.2,-1680.0,2110.94,23.63,True,Predicted,zain,Forward,Normal,6: Fall onset
1787666134.2316108,13410,Person 33,786.9,1874.2,-1680.0,2110.94,23.63,True,Predicted,zain,Forward,Normal,7: Post-fall stillness
1787666134.320715,13411,Person 33,786.9,1874.2,-1680.0,2110.94,23.63,True,Predicted,zain,Forward,Normal,7: Post-fall stillness
1787666134.410005,13412,Person 33,786.9,1874.2,-1680.0,2110.94,23.63,True,Predicted,zain,Forward,Normal,7: Post-fall stillness
1787666134.498526,13413,Person 33,786.9,1874.2,-1680.0,2110.94,23.63,True,Predicted,zain,Forward,Normal,7: Post-fall stillness
1787666134.5874152,13414,Person 33,786.9,1874.2,-1680.0,2110.94,23.63,True,Predicted,zain,Forward,Normal,7: Post-fall stillness
1787666134.676671,13415,Person 33,786.9,1874.2,-1680.0,2110.94,23.63,True,Searching,zain,Forward,Normal,7: Post-fall stillness
1787666134.7653291,13416,Person 33,786.9,1874.2,-1680.0,2110.94,23.63,True,Searching,zain,Forward,Normal,7: Post-fall stillness
1787666134.8545732,13417,Person 33,786.9,1874.2,-1680.0,2110.94,23.63,True,Searching,zain,Forward,Normal,7: Post-fall stillness
1787666134.9437404,13418,Person 33,786.9,1874.2,-1680.0,2110.94,23.63,True,Searching,zain,Forward,Normal,7: Post-fall stillness
1787666135.032596,13419,Person 33,786.9,1874.2,-1680.0,2110.94,23.63,True,Searching,zain,Forward,Normal,7: Post-fall stillness
1787666135.1214576,13420,Person 33,786.9,1874.2,-1680.0,2110.94,23.63,True,Searching,zain,Forward,Normal,7: Post-fall stillness
1787666135.2109911,13421,Person 33,786.9,1874.2,-1680.0,2110.94,23.63,True,Searching,zain,Forward,Normal,7: Post-fall stillness
1787666135.2995942,13422,Person 33,786.9,1874.2,-1680.0,2110.94,23.63,True,Searching,zain,Forward,Normal,7: Post-fall stillness
1787666135.3885694,13423,Person 33,786.9,1874.2,-1680.0,2110.94,23.63,True,Searching,zain,Forward,Normal,7: Post-fall stillness
1787666135.47746,13424,Person 33,786.9,1874.2,-1680.0,2110.94,23.63,True,Searching,zain,Forward,Normal,7: Post-fall stillness
1787666135.566532,13425,Person 33,786.9,1874.2,-1680.0,2110.94,23.63,True,Searching,zain,Forward,Normal,7: Post-fall stillness
1787666135.6554987,13426,Person 33,786.9,1874.2,-1680.0,2110.94,23.63,True,Searching,zain,Forward,Normal,7: Post-fall stillness
1787666135.7444706,13427,Person 33,786.9,1874.2,-1680.0,2110.94,23.63,True,Searching,zain,Forward,Normal,7: Post-fall stillness
1787666135.833181,13428,Person 33,786.9,1874.2,-1680.0,2110.94,23.63,True,Searching,zain,Forward,Normal,7: Post-fall stillness
1787666135.922349,13429,Person 33,786.9,1874.2,-1680.0,2110.94,23.63,True,Searching,zain,Forward,Normal,7: Post-fall stillness
1787666136.0119903,13430,Person 33,786.9,1874.2,-1680.0,2110.94,23.63,True,Searching,zain,Forward,Normal,7: Post-fall stillness
1787666136.100336,13431,Person 33,786.9,1874.2,-1680.0,2110.94,23.63,True,Searching,zain,Forward,Normal,7: Post-fall stillness
1787666136.189343,13432,Person 33,786.9,1874.2,-1680.0,2110.94,23.63,True,Searching,zain,Forward,Normal,7: Post-fall stillness
1787666136.2779455,13433,Person 33,786.9,1874.2,-1680.0,2110.94,23.63,True,Searching,zain,Forward,Normal,7: Post-fall stillness
1787666136.366987,13434,Person 33,786.9,1874.2,-1680.0,2110.94,23.63,True,Searching,zain,Forward,Normal,7: Post-fall stillness
1787666136.4560592,13435,Person 33,786.9,1874.2,-1680.0,2110.94,23.63,True,Searching,zain,Forward,Normal,7: Post-fall stillness
1787666136.5452876,13436,Person 33,786.9,1874.2,-1680.0,2110.94,23.63,True,Searching,zain,Forward,Normal,7: Post-fall stillness
1787666136.6341078,13437,Person 33,786.9,1874.2,-1680.0,2110.94,23.63,True,Searching,zain,Forward,Normal,7: Post-fall stillness
1787666136.7235126,13438,Person 33,786.9,1874.2,-1680.0,2110.94,23.63,True,Searching,zain,Forward,Normal,7: Post-fall stillness
1787666136.812284,13439,Person 33,786.9,1874.2,-1680.0,2110.94,23.63,True,Searching,zain,Forward,Normal,7: Post-fall stillness
1787666136.9022,13440,Person 33,786.9,1874.2,-1680.0,2110.94,23.63,True,Searching,zain,Forward,Normal,8: Recovery / standing back up
1787666136.9901693,13441,Person 33,786.9,1874.2,-1680.0,2110.94,23.63,True,Searching,zain,Forward,Normal,8: Recovery / standing back up
1787666137.079364,13442,Person 33,786.9,1874.2,-1680.0,2110.94,23.63,True,Searching,zain,Forward,Normal,8: Recovery / standing back up
1787666137.1687071,13443,Person 33,786.9,1874.2,-1680.0,2110.94,23.63,True,Searching,zain,Forward,Normal,8: Recovery / standing back up
1787666137.2572253,13444,Person 33,786.9,1874.2,-1680.0,2110.94,23.63,True,Searching,zain,Forward,Normal,8: Recovery / standing back up
1787666137.3454702,13445,Person 33,786.9,1874.2,-1680.0,2110.94,23.63,True,Searching,zain,Forward,Normal,8: Recovery / standing back up
1787666137.4353032,13446,Person 33,786.9,1874.2,-1680.0,2110.94,23.63,True,Searching,zain,Forward,Normal,8: Recovery / standing back up
1787666137.5256004,13447,Person 33,786.9,1874.2,-1680.0,2110.94,23.63,True,Searching,zain,Forward,Normal,8: Recovery / standing back up
1787666137.6133227,13448,Person 33,786.9,1874.2,-1680.0,2110.94,23.63,True,Searching,zain,Forward,Normal,8: Recovery / standing back up
1787666137.701885,13449,Person 33,786.9,1874.2,-1680.0,2110.94,23.63,True,Searching,zain,Forward,Normal,8: Recovery / standing back up
1787666137.790925,13450,Person 33,786.9,1874.2,-1680.0,2110.94,23.63,True,Searching,zain,Forward,Normal,8: Recovery / standing back up
1787666137.8798356,13451,Person 33,786.9,1874.2,-1680.0,2110.94,23.63,True,Searching,zain,Forward,Normal,8: Recovery / standing back up
1787666137.9693334,13452,Person 33,786.9,1874.2,-1680.0,2110.94,23.63,True,Searching,zain,Forward,Normal,8: Recovery / standing back up
1787666138.0579762,13453,Person 33,786.9,1874.2,-1680.0,2110.94,23.63,True,Searching,zain,Forward,Normal,8: Recovery / standing back up
1787666138.1471946,13454,Person 33,786.9,1874.2,-1680.0,2110.94,23.63,True,Searching,zain,Forward,Normal,8: Recovery / standing back up
1787666138.2371922,13455,Person 33,786.9,1874.2,-1680.0,2110.94,23.63,True,Searching,zain,Forward,Normal,8: Recovery / standing back up
1787666138.324938,13456,Person 33,786.9,1874.2,-1680.0,2110.94,23.63,True,Searching,zain,Forward,Normal,8: Recovery / standing back up
1787666138.4141867,13457,Person 33,786.9,1874.2,-1680.0,2110.94,23.63,True,Searching,zain,Forward,Normal,8: Recovery / standing back up
1787666138.5039394,13458,Person 33,786.9,1874.2,-1680.0,2110.94,23.63,True,Searching,zain,Forward,Normal,8: Recovery / standing back up
1787666138.5924666,13459,Person 33,786.9,1874.2,-1680.0,2110.94,23.63,True,Searching,zain,Forward,Normal,8: Recovery / standing back up
1787666138.680949,13460,Person 33,786.9,1874.2,-1680.0,2110.94,23.63,True,Searching,zain,Forward,Normal,8: Recovery / standing back up
1787666138.7701712,13461,Person 33,786.9,1874.2,-1680.0,2110.94,23.63,True,Searching,zain,Forward,Normal,8: Recovery / standing back up
1787666138.859199,13462,Person 33,786.9,1874.2,-1680.0,2110.94,23.63,True,Searching,zain,Forward,Normal,8: Recovery / standing back up
1787666138.951773,13463,Person 33,786.9,1874.2,-1680.0,2110.94,23.63,True,Searching,zain,Forward,Normal,8: Recovery / standing back up
1787666139.037459,13464,Person 33,403.0,1659.0,240.0,1707.25,13.65,True,Active,zain,Forward,Normal,8: Recovery / standing back up
1787666139.1260471,13465,Person 33,392.5,1636.5,80.0,1658.59,13.32,True,Active,zain,Forward,Normal,8: Recovery / standing back up
1787666139.2167497,13466,Person 33,382.67,1618.67,80.0,1624.09,12.92,True,Active,zain,Forward,Normal,8: Recovery / standing back up
1787666139.3042006,13467,Person 33,377.5,1604.5,-160.0,1603.4,13.05,True,Active,zain,Forward,Normal,8: Recovery / standing back up
1787666139.3942308,13468,Person 33,373.8,1592.6,-80.0,1586.16,13.08,True,Active,zain,Forward,Normal,8: Recovery / standing back up
1787666139.483388,13469,Person 33,371.83,1580.33,-80.0,1561.54,13.4,True,Active,zain,Forward,Normal,8: Recovery / standing back up
1787666139.5711944,13470,Person 33,371.29,1568.29,-160.0,1540.6,13.82,True,Active,zain,Forward,Normal,8: Recovery / standing back up
1787666139.6602814,13471,Person 33,371.25,1557.12,0.0,1524.82,14.08,True,Active,zain,Forward,Normal,8: Recovery / standing back up
1787666139.7492864,13472,Person 33,371.0,1546.89,80.0,1510.76,14.14,True,Active,zain,Forward,Normal,8: Recovery / standing back up
1787666139.8385427,13473,Person 33,370.7,1537.5,-160.0,1498.88,14.21,True,Active,zain,Forward,Normal,8: Recovery / standing back up
1787666139.927039,13474,Person 33,367.4,1515.5,-80.0,1485.81,14.42,True,Active,zain,Forward,Normal,8: Recovery / standing back up
1787666140.0163884,13475,Person 33,366.4,1497.3,0.0,1479.53,14.56,True,Active,zain,Forward,Normal,8: Recovery / standing back up
1787666140.106153,13476,Person 33,367.7,1482.4,-80.0,1482.47,14.69,True,Active,zain,Forward,Normal,2: Standing / idle
1787666140.1945407,13477,Person 33,369.3,1469.8,-80.0,1484.92,14.75,True,Active,zain,Forward,Normal,2: Standing / idle
1787666140.2830155,13478,Person 33,371.3,1458.8,-80.0,1484.21,14.79,True,Active,zain,Forward,Normal,2: Standing / idle
1787666140.3722358,13479,Person 33,373.1,1450.3,80.0,1483.49,14.84,True,Active,zain,Forward,Normal,2: Standing / idle
1787666140.4615028,13480,Person 33,374.4,1444.1,80.0,1483.75,14.88,True,Active,zain,Forward,Normal,2: Standing / idle
1787666140.5524938,13481,Person 33,375.6,1439.3,-240.0,1481.37,14.98,True,Active,zain,Forward,Normal,2: Standing / idle
1787666140.6387985,13482,Person 33,377.2,1435.7,0.0,1479.95,15.08,True,Active,zain,Forward,Normal,2: Standing / idle
1787666140.7284036,13483,Person 33,379.2,1432.9,0.0,1476.88,15.23,True,Active,zain,Forward,Normal,2: Standing / idle
1787666140.817158,13484,Person 33,381.1,1431.2,0.0,1474.25,15.3,True,Active,zain,Forward,Normal,2: Standing / idle
1787666140.9061146,13485,Person 33,382.9,1429.9,0.0,1471.62,15.37,True,Active,zain,Forward,Normal,2: Standing / idle
1787666140.9955544,13486,Person 33,384.4,1428.2,0.0,1469.96,15.43,True,Active,zain,Forward,Normal,2: Standing / idle
1787666141.0848756,13487,Person 33,385.9,1426.3,-80.0,1470.49,15.5,True,Active,zain,Forward,Normal,2: Standing / idle
1787666141.1726418,13488,Person 33,387.1,1425.0,-80.0,1474.78,15.37,True,Active,zain,Forward,Normal,2: Standing / idle
1787666141.2620451,13489,Person 33,388.1,1424.1,0.0,1477.4,15.31,True,Active,zain,Forward,Normal,2: Standing / idle
1787666141.3513336,13490,Person 33,389.0,1423.4,0.0,1479.33,15.29,True,Active,zain,Forward,Normal,2: Standing / idle
1787666141.440902,13491,Person 33,389.7,1423.1,0.0,1480.3,15.28,True,Active,zain,Forward,Normal,2: Standing / idle
1787666141.5300555,13492,Person 33,390.2,1423.0,0.0,1480.3,15.28,True,Active,zain,Forward,Normal,2: Standing / idle
1787666141.6186678,13493,Person 33,390.5,1423.3,0.0,1480.56,15.31,True,Active,zain,Forward,Normal,2: Standing / idle
1787666141.7070515,13494,Person 33,390.6,1424.0,0.0,1481.26,15.27,True,Active,zain,Forward,Normal,2: Standing / idle
1787666141.7960422,13495,Person 33,390.5,1425.2,0.0,1482.93,15.21,True,Active,zain,Forward,Normal,2: Standing / idle
1787666141.8854296,13496,Person 33,390.2,1427.2,0.0,1488.46,15.11,True,Active,zain,Forward,Normal,2: Standing / idle
1787666141.9744096,13497,Person 33,389.6,1429.7,0.0,1493.03,15.02,True,Active,zain,Forward,Normal,2: Standing / idle
1787666142.06432,13498,Person 33,389.3,1431.9,0.0,1495.22,15.04,True,Active,zain,Forward,Normal,2: Standing / idle
1787666142.152882,13499,Person 33,389.3,1433.8,0.0,1495.74,15.11,True,Active,zain,Forward,Normal,2: Standing / idle
1787666142.241156,13500,Person 33,389.4,1435.3,0.0,1494.07,15.17,True,Active,zain,Forward,Normal,2: Standing / idle
1787666142.330006,13501,Person 33,389.6,1436.6,0.0,1493.37,15.22,True,Active,zain,Forward,Normal,2: Standing / idle
1787666142.4190278,13502,Person 33,390.0,1437.8,0.0,1492.93,15.3,True,Active,zain,Forward,Normal,2: Standing / idle
1787666142.5084414,13503,Person 33,390.4,1438.9,0.0,1492.23,15.35,True,Active,zain,Forward,Normal,2: Standing / idle
1787666142.6007102,13504,Person 33,391.0,1439.9,0.0,1492.49,15.39,True,Active,zain,Forward,Normal,2: Standing / idle
1787666142.6862228,13505,Person 33,391.9,1440.7,0.0,1493.03,15.46,True,Active,zain,Forward,Normal,2: Standing / idle
1787666142.7747478,13506,Person 33,392.9,1441.0,0.0,1493.99,15.45,True,Active,zain,Forward,Normal,2: Standing / idle
1787666142.8637683,13507,Person 33,394.1,1440.8,0.0,1494.26,15.49,True,Active,zain,Forward,Normal,2: Standing / idle
1787666142.952817,13508,Person 33,395.7,1440.7,0.0,1498.49,15.64,True,Active,zain,Forward,Normal,2: Standing / idle
1787666143.0419447,13509,Person 33,397.8,1440.9,0.0,1503.28,15.87,True,Active,zain,Forward,Normal,2: Standing / idle
1787666143.1307445,13510,Person 33,400.5,1441.7,0.0,1509.05,16.08,True,Active,zain,Forward,Normal,2: Standing / idle
1787666143.2195032,13511,Person 33,403.7,1442.9,0.0,1513.6,16.27,True,Active,zain,Forward,Normal,2: Standing / idle
1787666143.3097668,13512,Person 33,407.3,1444.6,0.0,1519.13,16.44,True,Active,zain,Forward,Normal,2: Standing / idle
1787666143.397838,13513,Person 33,411.1,1446.2,0.0,1518.06,16.57,True,Active,zain,Forward,Normal,2: Standing / idle
1787666143.4863834,13514,Person 33,414.7,1447.6,0.0,1515.86,16.56,True,Active,zain,Forward,Normal,2: Standing / idle
1787666143.5760994,13515,Person 33,417.8,1448.8,0.0,1513.09,16.47,True,Active,zain,Forward,Normal,2: Standing / idle
1787666143.66518,13516,Person 33,420.7,1449.8,0.0,1511.57,16.41,True,Active,zain,Forward,Normal,2: Standing / idle
1787666143.753742,13517,Person 33,423.6,1450.7,0.0,1510.89,16.46,True,Active,zain,Forward,Normal,2: Standing / idle
1787666143.84259,13518,Person 33,425.9,1451.2,0.0,1509.65,16.43,True,Active,zain,Forward,Normal,2: Standing / idle
1787666143.9318242,13519,Person 33,427.5,1451.4,0.0,1509.65,16.43,True,Active,zain,Forward,Normal,2: Standing / idle
1787666144.021057,13520,Person 33,428.6,1450.8,0.0,1506.38,16.55,True,Active,zain,Forward,Normal,2: Standing / idle
1787666144.109902,13521,Person 33,429.4,1449.7,0.0,1505.32,16.68,True,Active,zain,Forward,Normal,2: Standing / idle
1787666144.202041,13522,Person 33,429.9,1447.9,80.0,1503.31,16.82,True,Active,zain,Forward,Normal,2: Standing / idle
1787666144.2885108,13523,Person 33,430.2,1446.1,80.0,1501.69,16.88,True,Active,zain,Forward,Normal,2: Standing / idle
1787666144.3776095,13524,Person 33,430.7,1444.6,0.0,1502.93,16.9,True,Active,zain,Forward,Normal,2: Standing / idle
1787666144.4654036,13525,Person 33,431.3,1443.6,80.0,1505.23,16.8,True,Active,zain,Forward,Normal,2: Standing / idle
1787666144.5546308,13526,Person 33,432.0,1442.9,80.0,1506.85,16.74,True,Active,zain,Forward,Normal,1: Walking
1787666144.64437,13527,Person 33,432.4,1442.6,160.0,1509.15,16.63,True,Active,zain,Forward,Normal,1: Walking
1787666144.7320154,13528,Person 33,432.9,1442.3,80.0,1508.19,16.64,True,Active,zain,Forward,Normal,1: Walking
1787666144.8217869,13529,Person 33,433.4,1441.8,240.0,1506.28,16.67,True,Active,zain,Forward,Normal,1: Walking
1787666144.9104252,13530,Person 33,433.5,1441.3,390.0,1501.87,16.64,True,Active,zain,Forward,Normal,1: Walking
1787666144.9994423,13531,Person 33,432.8,1440.7,480.0,1497.57,16.49,True,Active,zain,Forward,Normal,1: Walking
1787666145.0886476,13532,Person 33,431.1,1439.9,480.0,1490.8,16.28,True,Active,zain,Forward,Normal,1: Walking
1787666145.1773684,13533,Person 33,428.3,1438.8,480.0,1483.22,15.97,True,Active,zain,Forward,Normal,1: Walking
1787666145.2665915,13534,Person 33,423.9,1437.3,320.0,1476.27,15.44,True,Active,zain,Forward,Normal,1: Walking
1787666145.3551073,13535,Person 33,415.6,1434.3,240.0,1454.24,14.01,True,Active,zain,Forward,Normal,1: Walking
1787666145.4443128,13536,Person 33,403.3,1430.0,160.0,1434.13,12.52,True,Active,zain,Forward,Normal,1: Walking
1787666145.532719,13537,Person 33,386.9,1424.4,160.0,1415.6,10.91,True,Active,zain,Forward,Normal,1: Walking
1787666145.6219747,13538,Person 33,366.6,1417.0,-80.0,1389.99,9.48,True,Active,zain,Forward,Normal,1: Walking
1787666145.715774,13539,Person 33,341.7,1408.1,-160.0,1366.31,7.7,True,Active,zain,Forward,Normal,1: Walking
1787666145.800055,13540,Person 33,311.9,1397.9,-240.0,1343.5,5.64,True,Active,zain,Forward,Normal,1: Walking
1787666145.8888774,13541,Person 33,271.6,1385.9,-320.0,1316.18,0.96,True,Active,zain,Forward,Normal,1: Walking
1787666145.9787853,13542,Person 33,220.4,1372.6,-320.0,1301.4,-4.14,True,Active,zain,Forward,Normal,1: Walking
1787666146.066742,13543,Person 33,159.3,1356.2,-240.0,1278.22,-9.14,True,Active,zain,Forward,Normal,1: Walking
1787666146.1561034,13544,Person 33,89.6,1338.6,-240.0,1283.52,-13.7,True,Active,zain,Forward,Normal,1: Walking
1787666146.2445664,13545,Person 33,16.1,1324.1,-240.0,1322.67,-16.83,True,Active,zain,Forward,Normal,1: Walking
1787666146.3343723,13546,Person 33,-61.3,1311.3,-320.0,1353.64,-20.0,True,Active,zain,Forward,Normal,1: Walking
1787666146.4253082,13547,Person 33,-142.9,1298.4,-320.0,1374.93,-23.49,True,Active,zain,Forward,Normal,1: Walking
1787666146.5118268,13548,Person 33,-227.7,1284.9,-480.0,1382.34,-26.6,True,Active,zain,Forward,Normal,1: Walking
1787666146.6017346,13549,Person 33,-314.6,1270.1,-480.0,1387.46,-29.63,True,Active,zain,Forward,Normal,1: Walking
1787666146.6915345,13550,Person 33,-402.5,1253.9,-480.0,1392.35,-32.45,True,Active,zain,Forward,Normal,1: Walking
1787666146.7790875,13551,Person 33,-484.5,1239.4,-160.0,1417.06,-34.27,True,Active,zain,Forward,Normal,1: Walking
1787666146.8685064,13552,Person 33,-559.5,1225.7,-240.0,1435.36,-36.02,True,Active,zain,Forward,Normal,1: Walking
1787666146.9569454,13553,Person 33,-627.5,1214.2,160.0,1447.51,-37.59,True,Active,zain,Forward,Normal,1: Walking
1787666147.0457816,13554,Person 33,-690.1,1202.4,160.0,1462.72,-39.48,True,Active,zain,Forward,Normal,1: Walking
1787666147.135478,13555,Person 33,-748.5,1188.2,240.0,1482.72,-40.71,True,Active,zain,Forward,Normal,1: Walking
1787666147.223894,13556,Person 33,-801.3,1172.7,320.0,1493.24,-41.58,True,Active,zain,Forward,Normal,1: Walking
1787666147.3127525,13557,Person 33,-847.3,1156.9,390.0,1494.21,-42.42,True,Active,zain,Forward,Normal,1: Walking
1787666147.4017467,13558,Person 33,-887.0,1142.8,390.0,1493.75,-42.86,True,Active,zain,Forward,Normal,1: Walking
1787666147.491602,13559,Person 33,-920.3,1131.0,390.0,1490.67,-43.12,True,Active,zain,Forward,Normal,1: Walking
1787666147.5817697,13560,Person 33,-947.8,1121.3,390.0,1485.45,-43.47,True,Active,zain,Forward,Normal,1: Walking
1787666147.6688786,13561,Person 33,-969.8,1111.1,320.0,1476.17,-43.6,True,Active,zain,Forward,Normal,1: Walking
1787666147.7602658,13562,Person 33,-986.6,1100.9,240.0,1464.8,-43.7,True,Active,zain,Forward,Normal,1: Walking
1787666147.8467612,13563,Person 33,-998.3,1091.5,240.0,1452.17,-43.52,True,Active,zain,Forward,Normal,1: Walking
1787666147.9358573,13564,Person 33,-1004.7,1083.7,160.0,1446.59,-43.4,True,Active,zain,Forward,Normal,1: Walking
1787666148.0267978,13565,Person 33,-1006.7,1076.4,80.0,1441.79,-43.2,True,Active,zain,Forward,Normal,1: Walking
1787666148.1145947,13566,Person 33,-1005.3,1069.7,160.0,1434.23,-42.94,True,Active,zain,Forward,Normal,1: Walking
1787666148.2027051,13567,Person 33,-1001.3,1064.2,160.0,1426.65,-42.73,True,Active,zain,Forward,Normal,1: Walking
1787666148.2917266,13568,Person 33,-993.8,1058.7,240.0,1402.53,-42.14,True,Active,zain,Forward,Normal,1: Walking
1787666148.380901,13569,Person 33,-983.0,1053.2,160.0,1377.32,-41.41,True,Active,zain,Forward,Normal,1: Walking
1787666148.469862,13570,Person 33,-968.8,1048.5,80.0,1355.49,-40.48,True,Active,zain,Forward,Normal,1: Walking
1787666148.5589654,13571,Person 33,-951.7,1045.6,80.0,1341.27,-39.16,True,Active,zain,Forward,Normal,1: Walking
1787666148.648263,13572,Person 33,-931.7,1045.1,80.0,1330.51,-37.61,True,Active,zain,Forward,Normal,1: Walking
1787666148.7371547,13573,Person 33,-908.8,1047.0,80.0,1320.46,-35.72,True,Active,zain,Forward,Normal,1: Walking
1787666148.8261726,13574,Person 33,-882.3,1050.8,80.0,1310.48,-33.8,True,Active,zain,Forward,Normal,1: Walking
1787666148.9151466,13575,Person 33,-851.9,1056.1,160.0,1298.19,-31.74,True,Active,zain,Forward,Normal,1: Walking
1787666149.0040834,13576,Person 33,-818.0,1062.8,160.0,1286.36,-29.73,True,Active,zain,Forward,Normal,1: Walking
1787666149.0926948,13577,Person 33,-779.5,1070.2,-160.0,1264.43,-27.46,True,Active,zain,Forward,Normal,1: Walking
1787666149.18208,13578,Person 33,-737.1,1078.7,-160.0,1238.11,-24.68,True,Active,zain,Forward,Normal,1: Walking
1787666149.2715018,13579,Person 33,-685.3,1088.6,-240.0,1198.28,-19.15,True,Active,zain,Forward,Normal,1: Walking
1787666149.3596976,13580,Person 33,-625.9,1100.4,-320.0,1184.06,-13.98,True,Active,zain,Forward,Normal,1: Walking
1787666149.4482317,13581,Person 33,-559.9,1112.3,-320.0,1173.99,-9.17,True,Active,zain,Forward,Normal,1: Walking
1787666149.5372634,13582,Person 33,-488.9,1125.4,-320.0,1189.38,-4.92,True,Active,zain,Forward,Normal,1: Walking
1787666149.6263514,13583,Person 33,-413.7,1137.4,-320.0,1192.15,-0.91,True,Active,zain,Forward,Normal,1: Walking
1787666149.715581,13584,Person 33,-334.5,1148.6,-390.0,1202.65,3.0,True,Active,zain,Forward,Normal,1: Walking
1787666149.8047175,13585,Person 33,-253.1,1159.8,-240.0,1223.04,6.15,True,Active,zain,Forward,Normal,1: Walking
1787666149.893396,13586,Person 33,-170.5,1171.9,-240.0,1252.19,8.63,True,Active,zain,Forward,Normal,1: Walking
1787666149.982628,13587,Person 33,-88.1,1185.4,-240.0,1279.89,10.85,True,Active,zain,Forward,Normal,1: Walking
1787666150.0717173,13588,Person 33,-8.1,1200.7,-80.0,1308.96,12.49,True,Active,zain,Forward,Normal,1: Walking
1787666150.160783,13589,Person 33,63.8,1217.4,-160.0,1339.28,14.09,True,Active,zain,Forward,Normal,1: Walking
1787666150.2508264,13590,Person 33,129.2,1233.1,-80.0,1356.86,15.74,True,Active,zain,Forward,Normal,1: Walking
1787666150.3390422,13591,Person 33,188.9,1248.4,-160.0,1374.57,17.35,True,Active,zain,Forward,Normal,1: Walking
1787666150.4280722,13592,Person 33,244.4,1261.6,-240.0,1392.73,18.98,True,Active,zain,Forward,Normal,1: Walking
1787666150.5168989,13593,Person 33,294.6,1274.3,0.0,1404.65,20.11,True,Active,zain,Forward,Normal,1: Walking
1787666150.6062346,13594,Person 33,337.8,1286.2,240.0,1409.76,20.56,True,Active,zain,Forward,Normal,1: Walking
1787666150.6946976,13595,Person 33,374.3,1296.8,80.0,1411.98,20.57,True,Active,zain,Forward,Normal,1: Walking
1787666150.7840948,13596,Person 33,405.5,1305.0,80.0,1411.52,20.75,True,Active,zain,Forward,Normal,1: Walking
1787666150.8728836,13597,Person 33,431.9,1310.9,80.0,1409.57,20.99,True,Active,zain,Forward,Normal,1: Walking
1787666150.9619832,13598,Person 33,454.9,1314.2,160.0,1407.8,21.37,True,Active,zain,Forward,Normal,1: Walking
1787666151.051009,13599,Person 33,474.3,1314.9,240.0,1405.72,21.71,True,Active,zain,Forward,Normal,1: Walking
1787666151.1397626,13600,Person 33,490.2,1314.5,320.0,1404.61,22.04,True,Active,zain,Forward,Normal,1: Walking
1787666151.2286446,13601,Person 33,502.6,1313.6,480.0,1408.18,22.28,True,Active,zain,Forward,Normal,1: Walking
1787666151.3174582,13602,Person 33,511.4,1312.3,560.0,1411.77,22.53,True,Active,zain,Forward,Normal,1: Walking
1787666151.406675,13603,Person 33,517.5,1310.6,640.0,1411.08,22.68,True,Active,zain,Forward,Normal,1: Walking
1787666151.4953418,13604,Person 33,522.4,1308.6,640.0,1409.23,22.71,True,Active,zain,Forward,Normal,1: Walking
1787666151.5848567,13605,Person 33,527.0,1305.8,560.0,1402.93,22.73,True,Active,zain,Forward,Normal,1: Walking
1787666151.6734903,13606,Person 33,531.0,1302.5,480.0,1395.7,22.76,True,Active,zain,Forward,Normal,1: Walking
1787666151.7620964,13607,Person 33,534.2,1298.7,480.0,1386.24,22.79,True,Active,zain,Forward,Normal,1: Walking
1787666151.8523762,13608,Person 33,536.1,1294.6,390.0,1376.93,22.73,True,Active,zain,Forward,Normal,1: Walking
1787666151.9398613,13609,Person 33,536.7,1290.2,320.0,1367.23,22.63,True,Active,zain,Forward,Normal,1: Walking
1787666152.0290558,13610,Person 33,536.0,1285.3,240.0,1356.62,22.54,True,Active,zain,Forward,Normal,1: Walking
1787666152.119086,13611,Person 33,533.8,1279.4,160.0,1345.24,22.37,True,Active,zain,Forward,Normal,1: Walking
1787666152.2077062,13612,Person 33,530.1,1272.2,240.0,1331.1,22.25,True,Active,zain,Forward,Normal,1: Walking
1787666152.296455,13613,Person 33,525.3,1264.3,80.0,1319.75,22.08,True,Active,zain,Forward,Normal,1: Walking
1787666152.3854587,13614,Person 33,519.4,1255.8,0.0,1308.22,21.76,True,Active,zain,Forward,Normal,1: Walking
1787666152.4744377,13615,Person 33,512.5,1247.2,80.0,1297.3,21.38,True,Active,zain,Forward,Normal,1: Walking
1787666152.5634189,13616,Person 33,504.4,1238.6,0.0,1285.72,20.92,True,Active,zain,Forward,Normal,1: Walking
1787666152.652097,13617,Person 33,495.0,1230.2,0.0,1273.53,20.36,True,Active,zain,Forward,Normal,1: Walking
1787666152.741898,13618,Person 33,484.5,1222.0,0.0,1262.41,19.77,True,Active,zain,Forward,Normal,1: Walking
1787666152.8299477,13619,Person 33,472.7,1214.1,0.0,1251.38,19.03,True,Active,zain,Forward,Normal,1: Walking
1787666152.9192412,13620,Person 33,459.4,1206.4,0.0,1238.04,18.22,True,Active,zain,Forward,Normal,1: Walking
1787666153.008221,13621,Person 33,440.2,1197.6,80.0,1199.47,15.47,True,Active,zain,Forward,Normal,1: Walking
1787666153.097638,13622,Person 33,414.4,1187.5,-80.0,1157.44,12.27,True,Active,zain,Forward,Normal,1: Walking
1787666153.1866024,13623,Person 33,374.8,1173.8,-80.0,1090.59,5.26,True,Active,zain,Forward,Normal,1: Walking
1787666153.27492,13624,Person 33,323.7,1156.3,-320.0,1040.32,-1.43,True,Active,zain,Forward,Normal,1: Walking
1787666153.3644795,13625,Person 33,261.9,1136.0,-240.0,1015.41,-8.21,True,Active,zain,Forward,Normal,1: Walking
1787666153.4537573,13626,Person 33,191.6,1113.1,-390.0,1002.16,-14.09,True,Active,zain,Forward,Normal,1: Walking
1787666153.5419312,13627,Person 33,114.0,1088.6,-390.0,1005.73,-19.34,True,Active,zain,Forward,Normal,1: Walking
1787666153.630753,13628,Person 33,29.8,1063.2,-480.0,1022.05,-23.96,True,Active,zain,Forward,Normal,1: Walking
1787666153.7201889,13629,Person 33,-60.5,1036.8,-560.0,1043.83,-28.31,True,Active,zain,Forward,Normal,1: Walking
1787666153.8090577,13630,Person 33,-155.5,1011.5,-640.0,1081.16,-31.38,True,Active,zain,Forward,Normal,1: Walking
1787666153.899791,13631,Person 33,-250.4,989.3,-640.0,1126.05,-33.96,True,Active,zain,Forward,Normal,1: Walking
1787666153.9875157,13632,Person 33,-344.9,970.0,-640.0,1169.81,-36.69,True,Active,zain,Forward,Normal,1: Walking
1787666154.0761747,13633,Person 33,-431.8,955.2,-560.0,1212.93,-39.35,True,Active,zain,Forward,Normal,1: Walking
1787666154.1675358,13634,Person 33,-511.5,946.4,-390.0,1258.42,-40.84,True,Active,zain,Forward,Normal,1: Walking
1787666154.2541845,13635,Person 33,-584.8,942.2,-480.0,1303.17,-42.36,True,Active,zain,Forward,Normal,1: Walking
1787666154.3435988,13636,Person 33,-653.7,942.2,-390.0,1347.32,-43.83,True,Active,zain,Forward,Normal,1: Walking
1787666154.4316204,13637,Person 33,-719.5,945.3,-390.0,1393.73,-45.32,True,Active,zain,Forward,Normal,1: Walking
1787666154.5209904,13638,Person 33,-783.3,949.6,-390.0,1436.43,-47.14,True,Active,zain,Forward,Normal,1: Walking
1787666154.6123369,13639,Person 33,-845.1,954.4,-480.0,1474.4,-49.02,True,Active,zain,Forward,Normal,1: Walking
1787666154.6991365,13640,Person 33,-906.0,957.9,-390.0,1513.72,-50.74,True,Active,zain,Forward,Normal,1: Walking
1787666154.788784,13641,Person 33,-966.4,959.7,-390.0,1557.75,-52.33,True,Active,zain,Forward,Normal,1: Walking
1787666154.8774774,13642,Person 33,-1023.9,960.4,-80.0,1586.22,-53.43,True,Active,zain,Forward,Normal,1: Walking
1787666154.9660876,13643,Person 33,-1076.9,961.9,-160.0,1611.09,-53.73,True,Active,zain,Forward,Normal,1: Walking
1787666155.0547707,13644,Person 33,-1127.5,961.4,-160.0,1631.89,-54.53,True,Active,zain,Forward,Normal,1: Walking
1787666155.1443589,13645,Person 33,-1175.4,959.1,-160.0,1650.77,-55.29,True,Active,zain,Forward,Normal,1: Walking
1787666155.2326944,13646,Person 33,-1220.7,953.7,80.0,1662.44,-56.48,True,Active,zain,Forward,Normal,1: Walking
1787666155.3218086,13647,Person 33,-1261.9,944.6,320.0,1660.94,-57.64,True,Active,zain,Forward,Normal,1: Walking
1787666155.4105682,13648,Person 33,-1297.2,933.2,480.0,1649.73,-58.46,True,Active,zain,Forward,Normal,1: Walking
1787666155.501968,13649,Person 33,-1326.0,921.7,640.0,1639.73,-58.69,True,Active,zain,Forward,Normal,1: Walking
1787666155.588477,13650,Person 33,-1347.9,910.3,720.0,1627.03,-58.75,True,Active,zain,Forward,Normal,1: Walking
1787666155.677456,13651,Person 33,-1362.2,898.9,640.0,1611.09,-58.66,True,Active,zain,Forward,Normal,1: Walking
1787666155.7667904,13652,Person 33,-1370.5,887.8,560.0,1592.8,-58.43,True,Active,zain,Forward,Normal,1: Walking
1787666155.8553913,13653,Person 33,-1373.9,875.5,480.0,1570.28,-58.09,True,Active,zain,Forward,Normal,1: Walking
1787666155.9443054,13654,Person 33,-1372.7,862.6,560.0,1550.36,-58.16,True,Active,zain,Forward,Normal,1: Walking
1787666156.033271,13655,Person 33,-1367.1,849.3,560.0,1530.96,-58.19,True,Active,zain,Forward,Normal,1: Walking
1787666156.1225164,13656,Person 33,-1357.0,837.0,560.0,1511.04,-58.26,True,Active,zain,Forward,Normal,1: Walking
1787666156.2119772,13657,Person 33,-1343.0,826.7,560.0,1487.6,-58.1,True,Active,zain,Forward,Normal,1: Walking
1787666156.3007815,13658,Person 33,-1325.6,818.5,480.0,1458.69,-57.63,True,Active,zain,Forward,Normal,1: Walking
1787666156.3918388,13659,Person 33,-1305.2,811.2,480.0,1428.16,-56.94,True,Active,zain,Forward,Normal,1: Walking
1787666156.4794054,13660,Person 33,-1278.2,804.8,480.0,1365.67,-55.17,True,Active,zain,Forward,Normal,1: Walking
1787666156.5699344,13661,Person 33,-1245.3,799.5,480.0,1308.6,-53.14,True,Active,zain,Forward,Normal,1: Walking
1787666156.6562726,13662,Person 33,-1207.4,794.0,480.0,1250.33,-51.46,True,Active,zain,Forward,Normal,1: Walking
1787666156.7457037,13663,Person 33,-1165.7,788.6,480.0,1200.51,-49.73,True,Active,zain,Forward,Normal,1: Walking
1787666156.8347929,13664,Person 33,-1119.7,784.0,480.0,1153.44,-47.99,True,Active,zain,Forward,Normal,1: Walking
1787666156.9229517,13665,Person 33,-1069.6,780.1,480.0,1108.97,-46.17,True,Active,zain,Forward,Normal,1: Walking
1787666157.012903,13666,Person 33,-1015.5,776.4,480.0,1062.12,-44.47,True,Active,zain,Forward,Normal,1: Walking
1787666157.101174,13667,Person 33,-958.3,772.2,480.0,1015.39,-42.88,True,Active,zain,Forward,Normal,1: Walking
1787666157.1902173,13668,Person 33,-898.8,767.0,390.0,968.1,-41.15,True,Active,zain,Forward,Normal,1: Walking
1787666157.2794578,13669,Person 33,-837.2,760.3,320.0,918.97,-39.21,True,Active,zain,Forward,Normal,1: Walking
1787666157.36842,13670,Person 33,-777.6,752.2,160.0,874.2,-36.91,True,Active,zain,Forward,Normal,1: Walking
1787666157.4573443,13671,Person 33,-720.8,743.5,80.0,846.55,-34.46,True,Active,zain,Forward,Normal,1: Walking
1787666157.552614,13672,Person 33,-664.6,734.9,-80.0,808.27,-30.98,True,Active,zain,Forward,Normal,1: Walking
1787666157.6354594,13673,Person 33,-608.2,726.9,-160.0,779.95,-26.83,True,Active,zain,Forward,Normal,1: Walking
1787666157.7244344,13674,Person 33,-552.1,720.2,-240.0,764.62,-22.78,True,Active,zain,Forward,Normal,1: Walking
1787666157.8129735,13675,Person 33,-497.6,715.8,-320.0,767.59,-19.4,True,Active,zain,Forward,Normal,1: Walking
1787666157.9023528,13676,Person 33,-445.3,714.7,-390.0,779.01,-16.48,True,Active,zain,Forward,Normal,1: Walking
1787666157.9913225,13677,Person 33,-394.9,717.4,-390.0,793.35,-13.63,True,Active,zain,Forward,Normal,1: Walking
1787666158.080196,13678,Person 33,-346.5,724.3,-320.0,812.53,-10.85,True,Active,zain,Forward,Normal,1: Walking
1787666158.1692252,13679,Person 33,-300.5,737.1,-240.0,848.67,-8.2,True,Active,zain,Forward,Normal,1: Walking
1787666158.257708,13680,Person 33,-257.2,754.2,-160.0,874.85,-6.04,True,Active,zain,Forward,Normal,1: Walking
1787666158.346912,13681,Person 33,-215.9,773.4,-160.0,892.44,-4.24,True,Active,zain,Forward,Normal,1: Walking
1787666158.4363065,13682,Person 33,-177.3,792.8,-160.0,887.51,-1.94,True,Active,zain,Forward,Normal,1: Walking
1787666158.5252235,13683,Person 33,-141.2,811.3,-240.0,881.05,0.59,True,Active,zain,Forward,Normal,1: Walking
1787666158.6139326,13684,Person 33,-106.6,828.2,-240.0,875.43,3.27,True,Active,zain,Forward,Normal,1: Walking
1787666158.703367,13685,Person 33,-72.7,844.2,-80.0,887.98,5.43,True,Active,zain,Forward,Normal,1: Walking
1787666158.792664,13686,Person 33,-39.2,859.8,-80.0,910.17,7.2,True,Active,zain,Forward,Normal,1: Walking
1787666158.8813362,13687,Person 33,-6.1,874.8,-160.0,932.19,8.89,True,Active,zain,Forward,Normal,1: Walking
1787666158.9738162,13688,Person 33,26.5,889.0,-160.0,955.79,10.43,True,Active,zain,Forward,Normal,1: Walking
1787666159.0590446,13689,Person 33,59.6,900.1,-240.0,973.91,12.45,True,Active,zain,Forward,Normal,1: Walking
1787666159.1480958,13690,Person 33,92.5,908.7,-160.0,984.94,13.92,True,Active,zain,Forward,Normal,1: Walking
1787666159.2372167,13691,Person 33,125.7,915.9,-160.0,998.1,15.46,True,Active,zain,Forward,Normal,1: Walking
1787666159.3282435,13692,Person 33,158.1,924.0,-160.0,1011.66,16.89,True,Active,zain,Forward,Normal,1: Walking
1787666159.415398,13693,Person 33,187.4,933.2,-80.0,1018.79,17.24,True,Active,zain,Forward,Normal,1: Walking
1787666159.5046818,13694,Person 33,213.0,943.5,-80.0,1023.8,17.39,True,Active,zain,Forward,Normal,1: Walking
1787666159.5943947,13695,Person 33,235.5,953.5,0.0,1031.38,17.43,True,Active,zain,Forward,Normal,1: Walking
1787666159.6824872,13696,Person 33,255.1,962.1,-80.0,1036.45,17.4,True,Active,zain,Forward,Normal,1: Walking
1787666159.77134,13697,Person 33,272.1,969.2,-80.0,1040.51,17.56,True,Active,zain,Forward,Normal,1: Walking
1787666159.8599408,13698,Person 33,287.0,974.9,-80.0,1047.71,17.9,True,Active,zain,Forward,Normal,1: Walking
1787666159.9490411,13699,Person 33,299.2,979.8,-160.0,1053.67,18.37,True,Active,zain,Forward,Normal,1: Walking
1787666160.0384004,13700,Person 33,309.4,984.7,-160.0,1060.63,18.64,True,Active,zain,Forward,Normal,1: Walking
1787666160.1273696,13701,Person 33,317.2,989.9,-160.0,1070.76,18.74,True,Active,zain,Forward,Normal,1: Walking
1787666160.217274,13702,Person 33,322.3,995.3,-160.0,1078.66,18.65,True,Active,zain,Forward,Normal,1: Walking
1787666160.3050594,13703,Person 33,326.3,1001.0,-160.0,1085.29,18.37,True,Active,zain,Forward,Normal,1: Walking
1787666160.394586,13704,Person 33,329.8,1006.8,-240.0,1089.73,18.24,True,Active,zain,Forward,Normal,1: Walking
1787666160.4830391,13705,Person 33,333.1,1012.3,-80.0,1093.84,18.22,True,Active,zain,Forward,Normal,1: Walking
1787666160.572454,13706,Person 33,336.6,1017.7,-240.0,1098.58,18.3,True,Active,zain,Forward,Normal,1: Walking
1787666160.6608367,13707,Person 33,340.8,1024.4,-240.0,1117.24,18.58,True,Active,zain,Forward,Normal,1: Walking
1787666160.749926,13708,Person 33,345.6,1032.4,-240.0,1138.78,18.96,True,Active,zain,Forward,Normal,1: Walking
1787666160.838989,13709,Person 33,350.7,1041.8,-160.0,1159.11,19.29,True,Active,zain,Forward,Normal,1: Walking
1787666160.9293787,13710,Person 33,356.2,1052.1,-160.0,1175.97,19.58,True,Active,zain,Forward,Normal,1: Walking
1787666161.016657,13711,Person 33,361.7,1062.5,-80.0,1187.07,19.64,True,Active,zain,Forward,Normal,1: Walking
1787666161.1057975,13712,Person 33,367.8,1073.5,-160.0,1202.61,19.73,True,Active,zain,Forward,Normal,1: Walking
1787666161.1953387,13713,Person 33,374.4,1084.3,-80.0,1208.93,19.72,True,Active,zain,Forward,Normal,1: Walking
1787666161.2840576,13714,Person 33,381.0,1094.6,-160.0,1208.59,19.68,True,Active,zain,Forward,Normal,1: Walking
1787666161.3776991,13715,Person 33,387.3,1105.0,-80.0,1212.63,19.51,True,Active,zain,Forward,Normal,1: Walking
1787666161.4615774,13716,Person 33,393.0,1115.7,-160.0,1218.24,19.27,True,Active,zain,Forward,Normal,1: Walking
1787666161.5504353,13717,Person 33,397.1,1125.6,-240.0,1224.16,18.92,True,Active,zain,Forward,Normal,1: Walking
1787666161.640998,13718,Person 33,399.1,1134.7,-320.0,1231.39,18.46,True,Active,zain,Forward,Normal,1: Walking
1787666161.7289858,13719,Person 33,397.7,1144.9,-320.0,1251.63,17.15,True,Active,zain,Forward,Normal,1: Walking
1787666161.8182814,13720,Person 33,393.5,1156.5,-320.0,1273.61,16.04,True,Active,zain,Forward,Normal,6: Fall onset
1787666161.9069214,13721,Person 33,386.6,1169.9,-560.0,1294.76,14.77,True,Active,zain,Forward,Normal,6: Fall onset
1787666162.0006657,13722,Person 33,376.5,1184.4,-790.0,1312.92,13.43,True,Active,zain,Forward,Normal,6: Fall onset
1787666162.085749,13723,Person 33,364.9,1200.7,-640.0,1333.37,12.65,True,Active,zain,Forward,Normal,6: Fall onset
1787666162.1744256,13724,Person 33,352.6,1219.8,-1040.0,1359.01,12.06,True,Active,zain,Forward,Normal,6: Fall onset
1787666162.262536,13725,Person 33,340.0,1241.3,-1040.0,1386.36,11.61,True,Active,zain,Forward,Normal,6: Fall onset
1787666162.3515725,13726,Person 33,328.7,1264.8,-720.0,1414.83,11.79,True,Active,zain,Forward,Normal,6: Fall onset
1787666162.4405017,13727,Person 33,320.6,1290.8,-1520.0,1452.78,12.56,True,Active,zain,Forward,Normal,6: Fall onset
1787666162.529544,13728,Person 33,317.1,1319.7,-1590.0,1499.62,13.69,True,Active,zain,Forward,Normal,6: Fall onset
1787666162.6185443,13729,Person 33,324.7,1353.7,-1590.0,1599.16,16.16,True,Active,zain,Forward,Normal,6: Fall onset
1787666162.7087283,13730,Person 33,341.3,1393.9,-2000.0,1706.52,17.67,True,Active,zain,Forward,Normal,6: Fall onset
1787666162.7970753,13731,Person 33,366.9,1440.1,-2000.0,1811.41,18.88,True,Active,zain,Forward,Normal,6: Fall onset
1787666162.8858647,13732,Person 33,401.2,1492.0,-2000.0,1909.32,19.84,True,Active,zain,Forward,Normal,6: Fall onset
1787666162.9769502,13733,Person 33,442.3,1548.9,-2000.0,1997.78,20.6,True,Active,zain,Forward,Normal,6: Fall onset
1787666163.0633314,13734,Person 33,489.0,1609.6,-2000.0,2076.56,21.2,True,Active,zain,Forward,Normal,6: Fall onset
1787666163.1522772,13735,Person 33,540.3,1673.1,-2000.0,2144.6,21.67,True,Active,zain,Forward,Normal,6: Fall onset
1787666163.2410982,13736,Person 33,594.2,1738.8,-2000.0,2203.49,22.07,True,Active,zain,Forward,Normal,6: Fall onset
1787666163.33016,13737,Person 33,648.3,1805.4,-2000.0,2253.33,22.35,True,Active,zain,Forward,Normal,6: Fall onset
1787666163.4194772,13738,Person 33,701.0,1871.6,-2000.0,2295.23,22.6,True,Active,zain,Forward,Normal,6: Fall onset
1787666163.5084682,13739,Person 33,745.8,1931.5,-2000.0,2314.23,22.7,True,Active,zain,Forward,Normal,6: Fall onset
1787666163.5973566,13740,Person 33,784.3,1983.8,-2000.0,2331.01,22.79,True,Active,zain,Forward,Normal,6: Fall onset
1787666163.6862085,13741,Person 33,816.9,2028.6,-2000.0,2346.48,22.87,True,Active,zain,Forward,Normal,6: Fall onset
1787666163.775483,13742,Person 33,844.1,2066.3,-2000.0,2359.73,22.95,True,Active,zain,Forward,Normal,6: Fall onset
1787666163.86449,13743,Person 33,866.6,2097.6,-2000.0,2372.06,23.03,True,Active,zain,Forward,Normal,6: Fall onset
1787666163.9531024,13744,Person 33,884.9,2123.3,-2000.0,2383.61,23.07,True,Active,zain,Forward,Normal,6: Fall onset
1787666164.042683,13745,Person 33,899.7,2144.1,-2000.0,2393.32,23.13,True,Active,zain,Forward,Normal,6: Fall onset
1787666164.131277,13746,Person 33,899.7,2144.1,-2000.0,2393.32,23.13,True,Predicted,zain,Forward,Normal,6: Fall onset
1787666164.2201097,13747,Person 33,899.7,2144.1,-2000.0,2393.32,23.13,True,Predicted,zain,Forward,Normal,6: Fall onset
1787666164.3095942,13748,Person 33,899.7,2144.1,-2000.0,2393.32,23.13,True,Predicted,zain,Forward,Normal,6: Fall onset
1787666164.397874,13749,Person 33,899.7,2144.1,-2000.0,2393.32,23.13,True,Predicted,zain,Forward,Normal,6: Fall onset
1787666164.4871104,13750,Person 33,899.7,2144.1,-2000.0,2393.32,23.13,True,Predicted,zain,Forward,Normal,6: Fall onset
1787666164.5762494,13751,Person 33,899.7,2144.1,-2000.0,2393.32,23.13,True,Predicted,zain,Forward,Normal,6: Fall onset
1787666164.6653416,13752,Person 33,899.7,2144.1,-2000.0,2393.32,23.13,True,Predicted,zain,Forward,Normal,7: Post-fall stillness
1787666164.7542028,13753,Person 33,899.7,2144.1,-2000.0,2393.32,23.13,True,Predicted,zain,Forward,Normal,7: Post-fall stillness
1787666164.8430808,13754,Person 33,899.7,2144.1,-2000.0,2393.32,23.13,True,Predicted,zain,Forward,Normal,7: Post-fall stillness
1787666164.9376354,13755,Person 33,899.7,2144.1,-2000.0,2393.32,23.13,True,Predicted,zain,Forward,Normal,7: Post-fall stillness
1787666165.0223749,13756,Person 33,899.7,2144.1,-2000.0,2393.32,23.13,True,Predicted,zain,Forward,Normal,7: Post-fall stillness
1787666165.110495,13757,Person 33,899.7,2144.1,-2000.0,2393.32,23.13,True,Predicted,zain,Forward,Normal,7: Post-fall stillness
1787666165.199257,13758,Person 33,899.7,2144.1,-2000.0,2393.32,23.13,True,Predicted,zain,Forward,Normal,7: Post-fall stillness
1787666165.2878094,13759,Person 33,899.7,2144.1,-2000.0,2393.32,23.13,True,Predicted,zain,Forward,Normal,7: Post-fall stillness
1787666165.3771172,13760,Person 33,899.7,2144.1,-2000.0,2393.32,23.13,True,Predicted,zain,Forward,Normal,7: Post-fall stillness
1787666165.46577,13761,Person 33,899.7,2144.1,-2000.0,2393.32,23.13,True,Searching,zain,Forward,Normal,7: Post-fall stillness
1787666165.5548124,13762,Person 33,899.7,2144.1,-2000.0,2393.32,23.13,True,Searching,zain,Forward,Normal,7: Post-fall stillness
1787666165.6439433,13763,Person 33,899.7,2144.1,-2000.0,2393.32,23.13,True,Searching,zain,Forward,Normal,7: Post-fall stillness
1787666165.73273,13764,Person 33,899.7,2144.1,-2000.0,2393.32,23.13,True,Searching,zain,Forward,Normal,7: Post-fall stillness
1787666165.8221226,13765,Person 33,899.7,2144.1,-2000.0,2393.32,23.13,True,Searching,zain,Forward,Normal,7: Post-fall stillness
1787666165.9111278,13766,Person 33,899.7,2144.1,-2000.0,2393.32,23.13,True,Searching,zain,Forward,Normal,7: Post-fall stillness
1787666166.0000322,13767,Person 33,899.7,2144.1,-2000.0,2393.32,23.13,True,Searching,zain,Forward,Normal,7: Post-fall stillness
1787666166.0887325,13768,Person 33,899.7,2144.1,-2000.0,2393.32,23.13,True,Searching,zain,Forward,Normal,7: Post-fall stillness
1787666166.179377,13769,Person 33,899.7,2144.1,-2000.0,2393.32,23.13,True,Searching,zain,Forward,Normal,7: Post-fall stillness
1787666166.266762,13770,Person 33,899.7,2144.1,-2000.0,2393.32,23.13,True,Searching,zain,Forward,Normal,8: Recovery / standing back up
1787666166.3559926,13771,Person 33,899.7,2144.1,-2000.0,2393.32,23.13,True,Searching,zain,Forward,Normal,8: Recovery / standing back up
1787666166.4447603,13772,Person 33,899.7,2144.1,-2000.0,2393.32,23.13,True,Searching,zain,Forward,Normal,8: Recovery / standing back up
1787666166.533792,13773,Person 33,899.7,2144.1,-2000.0,2393.32,23.13,True,Searching,zain,Forward,Normal,8: Recovery / standing back up
1787666166.622439,13774,Person 33,899.7,2144.1,-2000.0,2393.32,23.13,True,Searching,zain,Forward,Normal,8: Recovery / standing back up
1787666166.7122216,13775,Person 33,899.7,2144.1,-2000.0,2393.32,23.13,True,Searching,zain,Forward,Normal,8: Recovery / standing back up
1787666166.807536,13776,Person 33,899.7,2144.1,-2000.0,2393.32,23.13,True,Searching,zain,Forward,Normal,8: Recovery / standing back up
1787666166.8900945,13777,Person 33,899.7,2144.1,-2000.0,2393.32,23.13,True,Searching,zain,Forward,Normal,8: Recovery / standing back up
1787666166.9794383,13778,Person 33,899.7,2144.1,-2000.0,2393.32,23.13,True,Searching,zain,Forward,Normal,8: Recovery / standing back up
1787666167.068014,13779,Person 33,899.7,2144.1,-2000.0,2393.32,23.13,True,Searching,zain,Forward,Normal,8: Recovery / standing back up
1787666167.15673,13780,Person 33,899.7,2144.1,-2000.0,2393.32,23.13,True,Searching,zain,Forward,Normal,8: Recovery / standing back up
1787666167.2465427,13781,Person 33,899.7,2144.1,-2000.0,2393.32,23.13,True,Searching,zain,Forward,Normal,8: Recovery / standing back up
1787666167.3343391,13782,Person 33,899.7,2144.1,-2000.0,2393.32,23.13,True,Searching,zain,Forward,Normal,8: Recovery / standing back up
1787666167.4237156,13783,Person 33,899.7,2144.1,-2000.0,2393.32,23.13,True,Searching,zain,Forward,Normal,8: Recovery / standing back up
1787666167.5125902,13784,Person 33,899.7,2144.1,-2000.0,2393.32,23.13,True,Searching,zain,Forward,Normal,8: Recovery / standing back up
1787666167.6019423,13785,Person 33,899.7,2144.1,-2000.0,2393.32,23.13,True,Searching,zain,Forward,Normal,8: Recovery / standing back up
1787666167.6903405,13786,Person 33,899.7,2144.1,-2000.0,2393.32,23.13,True,Searching,zain,Forward,Normal,8: Recovery / standing back up
1787666167.7802634,13787,Person 33,899.7,2144.1,-2000.0,2393.32,23.13,True,Searching,zain,Forward,Normal,8: Recovery / standing back up
1787666167.8683934,13788,Person 33,899.7,2144.1,-2000.0,2393.32,23.13,True,Searching,zain,Forward,Normal,8: Recovery / standing back up
1787666167.9609046,13789,Person 33,899.7,2144.1,-2000.0,2393.32,23.13,True,Searching,zain,Forward,Normal,8: Recovery / standing back up
1787666168.0468917,13790,Person 33,899.7,2144.1,-2000.0,2393.32,23.13,True,Searching,zain,Forward,Normal,8: Recovery / standing back up
1787666168.1359022,13791,Person 33,899.7,2144.1,-2000.0,2393.32,23.13,True,Searching,zain,Forward,Normal,8: Recovery / standing back up
1787666168.2244918,13792,Person 33,899.7,2144.1,-2000.0,2393.32,23.13,True,Searching,zain,Forward,Normal,8: Recovery / standing back up
1787666168.3135543,13793,Person 33,899.7,2144.1,-2000.0,2393.32,23.13,True,Searching,zain,Forward,Normal,8: Recovery / standing back up
1787666168.4042487,13794,Person 33,899.7,2144.1,-2000.0,2393.32,23.13,True,Searching,zain,Forward,Normal,8: Recovery / standing back up
1787666168.4915524,13795,Person 33,899.7,2144.1,-2000.0,2393.32,23.13,True,Searching,zain,Forward,Normal,8: Recovery / standing back up
1787666168.580624,13796,Person 33,899.7,2144.1,-2000.0,2393.32,23.13,True,Searching,zain,Forward,Normal,8: Recovery / standing back up
1787666168.6699786,13797,Person 33,899.7,2144.1,-2000.0,2393.32,23.13,True,Searching,zain,Forward,Normal,8: Recovery / standing back up
1787666168.7586737,13798,Person 33,899.7,2144.1,-2000.0,2393.32,23.13,True,Searching,zain,Forward,Normal,8: Recovery / standing back up
1787666168.8476298,13799,Person 33,899.7,2144.1,-2000.0,2393.32,23.13,True,Searching,zain,Forward,Normal,8: Recovery / standing back up
1787666168.936537,13800,Person 33,899.7,2144.1,-2000.0,2393.32,23.13,True,Searching,zain,Forward,Normal,8: Recovery / standing back up
1787666169.0257902,13801,Person 33,899.7,2144.1,-2000.0,2393.32,23.13,True,Searching,zain,Forward,Normal,8: Recovery / standing back up
1787666169.1154752,13802,Person 33,899.7,2144.1,-2000.0,2393.32,23.13,True,Searching,zain,Forward,Normal,8: Recovery / standing back up
1787666169.2034526,13803,Person 33,899.7,2144.1,-2000.0,2393.32,23.13,True,Searching,zain,Forward,Normal,8: Recovery / standing back up
1787666169.292338,13804,Person 33,899.7,2144.1,-2000.0,2393.32,23.13,True,Searching,zain,Forward,Normal,8: Recovery / standing back up
1787666169.381582,13805,Person 33,899.7,2144.1,-2000.0,2393.32,23.13,True,Searching,zain,Forward,Normal,8: Recovery / standing back up
1787666169.470874,13806,Person 33,899.7,2144.1,-2000.0,2393.32,23.13,True,Searching,zain,Forward,Normal,8: Recovery / standing back up
1787666169.5603943,13807,Person 33,899.7,2144.1,-2000.0,2393.32,23.13,True,Searching,zain,Forward,Normal,8: Recovery / standing back up
1787666169.648978,13808,Person 33,899.7,2144.1,-2000.0,2393.32,23.13,True,Searching,zain,Forward,Normal,8: Recovery / standing back up
1787666169.7375574,13809,Person 33,899.7,2144.1,-2000.0,2393.32,23.13,True,Searching,zain,Forward,Normal,8: Recovery / standing back up
1787666169.826431,13810,Person 33,899.7,2144.1,-2000.0,2393.32,23.13,True,Searching,zain,Forward,Normal,8: Recovery / standing back up
1787666169.915918,13811,Person 33,899.7,2144.1,-2000.0,2393.32,23.13,True,Searching,zain,Forward,Normal,8: Recovery / standing back up
1787666170.0044162,13812,Person 33,899.7,2144.1,-2000.0,2393.32,23.13,True,Searching,zain,Forward,Normal,8: Recovery / standing back up
1787666170.0936034,13813,Person 33,899.7,2144.1,-2000.0,2393.32,23.13,True,Searching,zain,Forward,Normal,8: Recovery / standing back up
1787666170.1826525,13814,Person 33,899.7,2144.1,-2000.0,2393.32,23.13,True,Searching,zain,Forward,Normal,8: Recovery / standing back up
1787666170.2711818,13815,Person 33,899.7,2144.1,-2000.0,2393.32,23.13,True,Searching,zain,Forward,Normal,8: Recovery / standing back up
1787666170.3605845,13816,Person 33,118.0,1519.0,80.0,1523.58,4.44,True,Active,zain,Forward,Normal,8: Recovery / standing back up
1787666170.45259,13817,Person 33,121.0,1518.5,80.0,1523.06,4.67,True,Active,zain,Forward,Normal,8: Recovery / standing back up
1787666170.5389428,13818,Person 33,123.67,1517.33,80.0,1520.48,4.87,True,Active,zain,Forward,Normal,8: Recovery / standing back up
1787666170.6278331,13819,Person 33,126.0,1515.25,-160.0,1514.85,5.04,True,Active,zain,Forward,Normal,8: Recovery / standing back up
1787666170.716174,13820,Person 33,128.6,1512.6,-160.0,1508.42,5.29,True,Active,zain,Forward,Normal,8: Recovery / standing back up
1787666170.8057415,13821,Person 33,131.5,1509.67,0.0,1502.11,5.58,True,Active,zain,Forward,Normal,8: Recovery / standing back up
1787666170.8949814,13822,Person 33,136.0,1504.57,-80.0,1482.99,6.31,True,Active,zain,Forward,Normal,8: Recovery / standing back up
1787666170.9840384,13823,Person 33,140.75,1499.0,0.0,1470.33,6.8,True,Active,zain,Forward,Normal,8: Recovery / standing back up
1787666171.0781212,13824,Person 33,144.67,1493.89,0.0,1463.62,6.91,True,Active,zain,Forward,Normal,8: Recovery / standing back up
1787666171.161465,13825,Person 33,148.1,1489.3,-80.0,1459.02,7.05,True,Active,zain,Forward,Normal,8: Recovery / standing back up
1787666171.2502024,13826,Person 33,154.8,1482.0,-80.0,1457.79,7.29,True,Active,zain,Forward,Normal,2: Standing / idle
1787666171.3389077,13827,Person 33,161.3,1474.6,-80.0,1456.32,7.46,True,Active,zain,Forward,Normal,2: Standing / idle
1787666171.4282377,13828,Person 33,167.7,1467.4,-80.0,1455.85,7.62,True,Active,zain,Forward,Normal,2: Standing / idle
1787666171.517458,13829,Person 33,174.2,1460.6,80.0,1454.54,7.82,True,Active,zain,Forward,Normal,2: Standing / idle
1787666171.6070209,13830,Person 33,180.4,1454.3,0.0,1452.97,7.95,True,Active,zain,Forward,Normal,2: Standing / idle
1787666171.6958036,13831,Person 33,186.3,1448.4,-80.0,1450.56,8.12,True,Active,zain,Forward,Normal,2: Standing / idle
1787666171.784248,13832,Person 33,190.8,1444.3,-80.0,1448.02,8.26,True,Active,zain,Forward,Normal,2: Standing / idle
1787666171.8740337,13833,Person 33,194.5,1441.2,0.0,1444.49,8.4,True,Active,zain,Forward,Normal,2: Standing / idle
1787666171.9630637,13834,Person 33,198.3,1438.7,0.0,1443.95,8.52,True,Active,zain,Forward,Normal,2: Standing / idle
1787666172.0516963,13835,Person 33,202.3,1436.6,0.0,1443.71,8.73,True,Active,zain,Forward,Normal,2: Standing / idle
1787666172.1408951,13836,Person 33,206.3,1434.6,0.0,1443.64,8.97,True,Active,zain,Forward,Normal,2: Standing / idle
1787666172.2300694,13837,Person 33,210.5,1432.7,0.0,1443.6,9.21,True,Active,zain,Forward,Normal,2: Standing / idle
1787666172.318409,13838,Person 33,214.6,1430.5,-80.0,1440.14,9.35,True,Active,zain,Forward,Normal,2: Standing / idle
1787666172.4076877,13839,Person 33,218.4,1428.2,-80.0,1437.5,9.45,True,Active,zain,Forward,Normal,2: Standing / idle
1787666172.4965577,13840,Person 33,222.2,1425.9,0.0,1436.03,9.58,True,Active,zain,Forward,Normal,2: Standing / idle
1787666172.585723,13841,Person 33,225.8,1423.7,0.0,1434.39,9.67,True,Active,zain,Forward,Normal,2: Standing / idle
1787666172.674045,13842,Person 33,229.5,1421.6,-80.0,1433.1,9.84,True,Active,zain,Forward,Normal,2: Standing / idle
1787666172.7631388,13843,Person 33,233.5,1420.2,-80.0,1437.09,10.06,True,Active,zain,Forward,Normal,2: Standing / idle
1787666172.8518205,13844,Person 33,237.7,1419.1,-80.0,1439.94,10.24,True,Active,zain,Forward,Normal,2: Standing / idle
1787666172.9410536,13845,Person 33,241.8,1418.2,-80.0,1441.64,10.39,True,Active,zain,Forward,Normal,2: Standing / idle
1787666173.0303967,13846,Person 33,245.6,1417.5,-80.0,1443.17,10.5,True,Active,zain,Forward,Normal,2: Standing / idle
1787666173.119078,13847,Person 33,249.3,1417.1,-80.0,1446.05,10.68,True,Active,zain,Forward,Normal,2: Standing / idle
1787666173.2084873,13848,Person 33,252.8,1417.4,0.0,1449.18,10.7,True,Active,zain,Forward,Normal,2: Standing / idle
1787666173.2968166,13849,Person 33,256.4,1418.1,0.0,1450.73,10.81,True,Active,zain,Forward,Normal,2: Standing / idle
1787666173.3868897,13850,Person 33,260.3,1418.9,0.0,1450.88,11.05,True,Active,zain,Forward,Normal,2: Standing / idle
1787666173.476354,13851,Person 33,264.5,1419.6,0.0,1448.91,11.26,True,Active,zain,Forward,Normal,2: Standing / idle
1787666173.564916,13852,Person 33,268.5,1420.2,-80.0,1446.36,11.36,True,Active,zain,Forward,Normal,2: Standing / idle
1787666173.653258,13853,Person 33,272.2,1420.2,-80.0,1444.01,11.5,True,Active,zain,Forward,Normal,2: Standing / idle
1787666173.742077,13854,Person 33,275.9,1419.8,0.0,1443.06,11.71,True,Active,zain,Forward,Normal,2: Standing / idle
1787666173.8316112,13855,Person 33,279.9,1419.3,0.0,1444.5,11.99,True,Active,zain,Forward,Normal,2: Standing / idle
1787666173.920245,13856,Person 33,284.2,1418.7,0.0,1445.75,12.22,True,Active,zain,Forward,Normal,2: Standing / idle
1787666174.0099006,13857,Person 33,288.4,1417.8,80.0,1445.63,12.38,True,Active,zain,Forward,Normal,2: Standing / idle
1787666174.098366,13858,Person 33,292.9,1416.3,80.0,1443.56,12.56,True,Active,zain,Forward,Normal,2: Standing / idle
1787666174.1870058,13859,Person 33,297.3,1414.4,80.0,1441.07,12.67,True,Active,zain,Forward,Normal,2: Standing / idle
1787666174.2760303,13860,Person 33,301.4,1412.2,80.0,1437.83,12.82,True,Active,zain,Forward,Normal,2: Standing / idle
1787666174.365624,13861,Person 33,305.3,1410.1,160.0,1436.55,12.95,True,Active,zain,Forward,Normal,2: Standing / idle
1787666174.4536452,13862,Person 33,309.3,1408.1,240.0,1435.28,13.09,True,Active,zain,Forward,Normal,2: Standing / idle
1787666174.5431485,13863,Person 33,313.1,1406.1,240.0,1432.59,13.15,True,Active,zain,Forward,Normal,2: Standing / idle
1787666174.6334405,13864,Person 33,316.2,1404.3,320.0,1432.13,13.08,True,Active,zain,Forward,Normal,2: Standing / idle
1787666174.7205207,13865,Person 33,318.3,1402.7,240.0,1433.41,12.94,True,Active,zain,Forward,Normal,2: Standing / idle
1787666174.8105526,13866,Person 33,319.5,1400.9,80.0,1430.79,12.84,True,Active,zain,Forward,Normal,2: Standing / idle
1787666174.8999145,13867,Person 33,319.9,1398.8,80.0,1426.0,12.72,True,Active,zain,Forward,Normal,2: Standing / idle
1787666174.9887743,13868,Person 33,319.7,1396.5,0.0,1420.68,12.69,True,Active,zain,Forward,Normal,2: Standing / idle
1787666175.0772326,13869,Person 33,319.0,1394.0,-80.0,1415.15,12.61,True,Active,zain,Forward,Normal,2: Standing / idle
1787666175.165377,13870,Person 33,317.3,1391.5,-80.0,1409.73,12.37,True,Active,zain,Forward,Normal,2: Standing / idle
1787666175.254891,13871,Person 33,314.7,1389.0,-80.0,1406.5,12.15,True,Active,zain,Forward,Normal,2: Standing / idle
1787666175.343644,13872,Person 33,311.2,1386.9,-80.0,1407.21,11.89,True,Active,zain,Forward,Normal,2: Standing / idle
1787666175.4324496,13873,Person 33,307.1,1385.2,-80.0,1407.16,11.69,True,Active,zain,Forward,Normal,2: Standing / idle
1787666175.521792,13874,Person 33,302.9,1383.6,-80.0,1407.54,11.56,True,Active,zain,Forward,Normal,2: Standing / idle
1787666175.6105597,13875,Person 33,298.9,1382.0,-80.0,1409.3,11.5,True,Active,zain,Forward,Normal,2: Standing / idle
1787666175.7002716,13876,Person 33,295.3,1380.6,-80.0,1409.5,11.54,True,Active,zain,Forward,Normal,2: Standing / idle
1787666175.78849,13877,Person 33,292.1,1379.6,0.0,1409.5,11.54,True,Active,zain,Forward,Normal,2: Standing / idle
1787666175.880067,13878,Person 33,289.1,1379.0,0.0,1408.52,11.55,True,Active,zain,Forward,Normal,2: Standing / idle
1787666175.9667246,13879,Person 33,286.3,1379.0,80.0,1409.3,11.5,True,Active,zain,Forward,Normal,2: Standing / idle
1787666176.0563722,13880,Person 33,284.0,1379.3,240.0,1407.92,11.43,True,Active,zain,Forward,Normal,2: Standing / idle
1787666176.144957,13881,Person 33,282.2,1379.7,320.0,1406.74,11.4,True,Active,zain,Forward,Normal,2: Standing / idle
1787666176.2332234,13882,Person 33,280.8,1379.7,320.0,1404.39,11.33,True,Active,zain,Forward,Normal,2: Standing / idle
1787666176.3225222,13883,Person 33,279.5,1379.6,320.0,1403.61,11.17,True,Active,zain,Forward,Normal,2: Standing / idle
1787666176.4116266,13884,Person 33,278.0,1379.3,240.0,1401.67,10.98,True,Active,zain,Forward,Normal,2: Standing / idle
1787666176.5007408,13885,Person 33,275.9,1378.6,160.0,1398.38,10.72,True,Active,zain,Forward,Normal,2: Standing / idle
1787666176.589843,13886,Person 33,272.8,1377.6,80.0,1393.79,10.37,True,Active,zain,Forward,Normal,2: Standing / idle
1787666176.6794164,13887,Person 33,268.5,1376.2,80.0,1387.74,9.92,True,Active,zain,Forward,Normal,1: Walking
1787666176.7677886,13888,Person 33,262.6,1374.6,-80.0,1382.11,9.29,True,Active,zain,Forward,Normal,1: Walking
1787666176.8567567,13889,Person 33,251.6,1371.8,-160.0,1363.76,7.2,True,Active,zain,Forward,Normal,1: Walking
1787666176.9459023,13890,Person 33,235.2,1368.2,-240.0,1348.91,4.89,True,Active,zain,Forward,Normal,1: Walking
1787666177.0350697,13891,Person 33,207.6,1361.7,-80.0,1314.0,0.09,True,Active,zain,Forward,Normal,1: Walking
1787666177.1240003,13892,Person 33,170.9,1351.6,-160.0,1279.24,-4.08,True,Active,zain,Forward,Normal,1: Walking
1787666177.2129178,13893,Person 33,124.5,1338.1,-160.0,1256.75,-8.79,True,Active,zain,Forward,Normal,1: Walking
1787666177.3013682,13894,Person 33,68.4,1321.8,-240.0,1248.12,-13.62,True,Active,zain,Forward,Normal,1: Walking
1787666177.3905644,13895,Person 33,1.3,1302.9,-240.0,1254.25,-19.13,True,Active,zain,Forward,Normal,1: Walking
1787666177.4803672,13896,Person 33,-74.8,1283.1,-240.0,1279.07,-23.5,True,Active,zain,Forward,Normal,1: Walking
1787666177.5692546,13897,Person 33,-157.9,1262.5,-320.0,1303.22,-27.02,True,Active,zain,Forward,Normal,1: Walking
1787666177.657392,13898,Person 33,-247.0,1240.9,-320.0,1328.2,-30.19,True,Active,zain,Forward,Normal,1: Walking
1787666177.7469718,13899,Person 33,-338.5,1218.5,-390.0,1352.1,-33.38,True,Active,zain,Forward,Normal,1: Walking
1787666177.835666,13900,Person 33,-431.7,1194.0,-390.0,1369.41,-36.63,True,Active,zain,Forward,Normal,1: Walking
1787666177.9275956,13901,Person 33,-521.7,1168.1,-390.0,1385.43,-40.4,True,Active,zain,Forward,Normal,1: Walking
1787666178.0133302,13902,Person 33,-611.5,1142.1,-390.0,1417.88,-44.23,True,Active,zain,Forward,Normal,1: Walking
1787666178.1029575,13903,Person 33,-700.6,1114.7,-320.0,1452.55,-48.21,True,Active,zain,Forward,Normal,1: Walking
1787666178.191447,13904,Person 33,-787.1,1087.4,-480.0,1492.27,-50.96,True,Active,zain,Forward,Normal,1: Walking
1787666178.2804253,13905,Person 33,-867.3,1062.3,-320.0,1530.92,-52.4,True,Active,zain,Forward,Normal,1: Walking
1787666178.3693235,13906,Person 33,-942.8,1037.1,-160.0,1564.76,-53.94,True,Active,zain,Forward,Normal,1: Walking
1787666178.4581628,13907,Person 33,-1013.8,1013.5,-160.0,1597.13,-54.61,True,Active,zain,Forward,Normal,1: Walking
1787666178.5474231,13908,Person 33,-1078.7,992.8,-160.0,1618.63,-54.45,True,Active,zain,Forward,Normal,1: Walking
1787666178.6366146,13909,Person 33,-1137.5,974.2,320.0,1632.02,-54.7,True,Active,zain,Forward,Normal,1: Walking
1787666178.725512,13910,Person 33,-1190.2,957.0,390.0,1632.69,-55.4,True,Active,zain,Forward,Normal,1: Walking
1787666178.8141837,13911,Person 33,-1235.6,941.9,560.0,1626.38,-56.23,True,Active,zain,Forward,Normal,1: Walking
1787666178.903548,13912,Person 33,-1271.9,928.7,560.0,1615.35,-56.82,True,Active,zain,Forward,Normal,1: Walking
1787666178.9923067,13913,Person 33,-1298.2,918.8,720.0,1602.15,-57.15,True,Active,zain,Forward,Normal,1: Walking
1787666179.0814283,13914,Person 33,-1315.9,910.6,560.0,1587.78,-57.29,True,Active,zain,Forward,Normal,1: Walking
1787666179.1703308,13915,Person 33,-1327.0,902.6,720.0,1575.53,-57.18,True,Active,zain,Forward,Normal,1: Walking
1787666179.2590892,13916,Person 33,-1332.2,896.0,640.0,1570.2,-57.01,True,Active,zain,Forward,Normal,1: Walking
1787666179.3482533,13917,Person 33,-1333.0,889.0,720.0,1564.33,-56.87,True,Active,zain,Forward,Normal,1: Walking
1787666179.4372127,13918,Person 33,-1331.2,880.4,560.0,1555.13,-56.65,True,Active,zain,Forward,Normal,1: Walking
1787666179.5263257,13919,Person 33,-1326.3,871.6,640.0,1541.79,-56.32,True,Active,zain,Forward,Normal,1: Walking
1787666179.6157222,13920,Person 33,-1318.7,864.0,880.0,1527.1,-56.13,True,Active,zain,Forward,Normal,1: Walking
1787666179.7042663,13921,Person 33,-1305.6,856.8,880.0,1477.52,-55.73,True,Active,zain,Forward,Normal,1: Walking
1787666179.7934382,13922,Person 33,-1287.7,849.8,720.0,1427.77,-55.24,True,Active,zain,Forward,Normal,1: Walking
1787666179.8825643,13923,Person 33,-1265.3,842.4,560.0,1375.1,-54.68,True,Active,zain,Forward,Normal,1: Walking
1787666179.971106,13924,Person 33,-1233.3,832.8,390.0,1270.0,-53.13,True,Active,zain,Forward,Normal,1: Walking
1787666180.0605347,13925,Person 33,-1192.9,820.5,390.0,1175.06,-51.53,True,Active,zain,Forward,Normal,1: Walking
1787666180.14942,13926,Person 33,-1144.6,805.8,240.0,1093.99,-49.67,True,Active,zain,Forward,Normal,1: Walking
1787666180.2383027,13927,Person 33,-1088.9,789.9,160.0,1025.39,-47.25,True,Active,zain,Forward,Normal,1: Walking
1787666180.3271656,13928,Person 33,-1026.0,773.9,-80.0,965.36,-43.95,True,Active,zain,Forward,Normal,1: Walking
1787666180.4161816,13929,Person 33,-956.7,758.8,-160.0,918.54,-39.97,True,Active,zain,Forward,Normal,1: Walking
1787666180.5050044,13930,Person 33,-880.4,746.3,-390.0,884.36,-34.82,True,Active,zain,Forward,Normal,1: Walking
1787666180.594952,13931,Person 33,-799.5,738.3,-480.0,857.47,-28.72,True,Active,zain,Forward,Normal,1: Walking
1787666180.683329,13932,Person 33,-713.4,734.8,-560.0,839.16,-21.83,True,Active,zain,Forward,Normal,1: Walking
1787666180.7721293,13933,Person 33,-621.9,735.8,-790.0,831.19,-14.42,True,Active,zain,Forward,Normal,1: Walking
1787666180.8612554,13934,Person 33,-530.4,742.8,-880.0,838.11,-6.92,True,Active,zain,Forward,Normal,1: Walking
1787666180.950219,13935,Person 33,-438.7,755.4,-960.0,857.01,-0.2,True,Active,zain,Forward,Normal,1: Walking
1787666181.0394332,13936,Person 33,-346.3,772.9,-960.0,887.57,5.82,True,Active,zain,Forward,Normal,1: Walking
1787666181.1285834,13937,Person 33,-254.4,795.0,-560.0,931.9,10.26,True,Active,zain,Forward,Normal,1: Walking
1787666181.2170267,13938,Person 33,-165.1,821.0,-390.0,980.69,13.14,True,Active,zain,Forward,Normal,1: Walking
1787666181.306315,13939,Person 33,-79.4,850.4,-390.0,1033.1,14.98,True,Active,zain,Forward,Normal,1: Walking
1787666181.395772,13940,Person 33,0.1,882.3,-320.0,1084.49,15.51,True,Active,zain,Forward,Normal,1: Walking
1787666181.4839349,13941,Person 33,71.7,916.3,-320.0,1133.53,15.56,True,Active,zain,Forward,Normal,1: Walking
1787666181.5732348,13942,Person 33,133.8,952.8,-160.0,1185.0,15.12,True,Active,zain,Forward,Normal,1: Walking
1787666181.6619585,13943,Person 33,184.6,992.2,-160.0,1236.2,14.09,True,Active,zain,Forward,Normal,1: Walking
1787666181.7525406,13944,Person 33,223.1,1034.6,-160.0,1287.71,12.74,True,Active,zain,Forward,Normal,1: Walking
1787666181.8401315,13945,Person 33,247.8,1078.1,-160.0,1314.84,10.69,True,Active,zain,Forward,Normal,1: Walking
1787666181.9289536,13946,Person 33,258.5,1122.1,-160.0,1337.59,8.47,True,Active,zain,Forward,Normal,1: Walking
1787666182.0191083,13947,Person 33,256.7,1165.3,-160.0,1357.09,6.26,True,Active,zain,Forward,Normal,1: Walking
1787666182.106755,13948,Person 33,244.5,1206.9,-160.0,1374.72,4.21,True,Active,zain,Forward,Normal,1: Walking
1787666182.1957145,13949,Person 33,220.6,1244.6,-80.0,1375.29,1.17,True,Active,zain,Forward,Normal,1: Walking
1787666182.2850144,13950,Person 33,183.9,1277.3,-160.0,1374.16,-3.21,True,Active,zain,Forward,Normal,1: Walking
1787666182.3736856,13951,Person 33,133.3,1303.4,-80.0,1368.0,-8.49,True,Active,zain,Forward,Normal,1: Walking
1787666182.4627438,13952,Person 33,69.1,1321.8,-160.0,1369.11,-14.08,True,Active,zain,Forward,Normal,1: Walking
1787666182.5518963,13953,Person 33,-7.0,1332.3,-480.0,1382.76,-19.43,True,Active,zain,Forward,Normal,1: Walking
1787666182.6405578,13954,Person 33,-92.4,1335.0,-560.0,1403.92,-23.95,True,Active,zain,Forward,Normal,1: Walking
1787666182.730051,13955,Person 33,-183.6,1331.9,-720.0,1427.01,-27.91,True,Active,zain,Forward,Normal,1: Walking
1787666182.8188603,13956,Person 33,-281.1,1323.4,-790.0,1462.17,-32.15,True,Active,zain,Forward,Normal,1: Walking
1787666182.9078708,13957,Person 33,-383.6,1311.9,-790.0,1513.9,-35.4,True,Active,zain,Forward,Normal,1: Walking
1787666182.9965742,13958,Person 33,-491.9,1296.2,-790.0,1561.45,-38.97,True,Active,zain,Forward,Normal,1: Walking
1787666183.085457,13959,Person 33,-603.5,1276.8,-790.0,1605.77,-42.65,True,Active,zain,Forward,Normal,1: Walking
1787666183.1746285,13960,Person 33,-714.6,1254.3,-640.0,1651.35,-46.01,True,Active,zain,Forward,Normal,1: Walking
1787666183.2639284,13961,Person 33,-823.1,1230.1,-390.0,1700.2,-49.2,True,Active,zain,Forward,Normal,1: Walking
1787666183.3540134,13962,Person 33,-925.2,1206.2,-80.0,1737.6,-51.19,True,Active,zain,Forward,Normal,1: Walking
1787666183.4418445,13963,Person 33,-1020.1,1184.1,-80.0,1777.12,-52.45,True,Active,zain,Forward,Normal,1: Walking
1787666183.5301666,13964,Person 33,-1108.8,1165.1,-80.0,1821.4,-53.12,True,Active,zain,Forward,Normal,1: Walking
1787666183.6202734,13965,Person 33,-1191.9,1150.0,-80.0,1865.23,-53.48,True,Active,zain,Forward,Normal,1: Walking
1787666183.7091808,13966,Person 33,-1269.9,1139.8,-80.0,1928.18,-53.9,True,Active,zain,Forward,Normal,1: Walking
1787666183.7979908,13967,Person 33,-1343.1,1130.5,-80.0,1972.5,-54.66,True,Active,zain,Forward,Normal,1: Walking
1787666183.887059,13968,Person 33,-1410.7,1123.3,-80.0,2013.24,-55.44,True,Active,zain,Forward,Normal,1: Walking
1787666183.975958,13969,Person 33,-1472.1,1119.4,-80.0,2049.63,-56.14,True,Active,zain,Forward,Normal,1: Walking
1787666184.064877,13970,Person 33,-1524.1,1120.1,80.0,2061.31,-55.96,True,Active,zain,Forward,Normal,1: Walking
1787666184.153919,13971,Person 33,-1565.6,1124.4,320.0,2056.34,-55.86,True,Active,zain,Forward,Normal,1: Walking
1787666184.242941,13972,Person 33,-1598.7,1131.3,790.0,2044.55,-55.5,True,Active,zain,Forward,Normal,1: Walking
1787666184.3314383,13973,Person 33,-1625.4,1138.8,790.0,2037.14,-55.36,True,Active,zain,Forward,Normal,1: Walking
1787666184.4224231,13974,Person 33,-1646.3,1145.3,790.0,2028.92,-55.2,True,Active,zain,Forward,Normal,1: Walking
1787666184.5098429,13975,Person 33,-1661.8,1149.8,640.0,2017.36,-55.07,True,Active,zain,Forward,Normal,1: Walking
1787666184.5998168,13976,Person 33,-1670.2,1151.4,560.0,2005.81,-54.95,True,Active,zain,Forward,Normal,1: Walking
1787666184.68784,13977,Person 33,-1672.2,1152.2,560.0,1993.45,-54.8,True,Active,zain,Forward,Normal,1: Walking
1787666184.776374,13978,Person 33,-1667.7,1152.9,560.0,1980.4,-54.54,True,Active,zain,Forward,Normal,1: Walking
1787666184.8658912,13979,Person 33,-1656.9,1153.7,560.0,1965.54,-54.19,True,Active,zain,Forward,Normal,1: Walking
1787666184.9546816,13980,Person 33,-1642.9,1153.3,560.0,1944.51,-53.74,True,Active,zain,Forward,Normal,1: Walking
1787666185.0437942,13981,Person 33,-1622.7,1152.8,560.0,1889.5,-52.55,True,Active,zain,Forward,Normal,1: Walking
1787666185.132651,13982,Person 33,-1598.1,1151.4,480.0,1838.33,-51.52,True,Active,zain,Forward,Normal,1: Walking
1787666185.22182,13983,Person 33,-1568.8,1149.7,560.0,1792.92,-50.48,True,Active,zain,Forward,Normal,1: Walking
1787666185.3106596,13984,Person 33,-1534.1,1147.5,560.0,1740.76,-49.26,True,Active,zain,Forward,Normal,1: Walking
1787666185.402577,13985,Person 33,-1489.8,1144.3,480.0,1651.56,-47.16,True,Active,zain,Forward,Normal,1: Walking
1787666185.488165,13986,Person 33,-1436.1,1140.0,640.0,1565.54,-44.9,True,Active,zain,Forward,Normal,1: Walking
1787666185.577313,13987,Person 33,-1372.3,1134.6,640.0,1476.86,-42.15,True,Active,zain,Forward,Normal,1: Walking
1787666185.6665337,13988,Person 33,-1299.3,1127.6,640.0,1394.25,-39.3,True,Active,zain,Forward,Normal,1: Walking
1787666185.7556665,13989,Person 33,-1219.0,1118.6,790.0,1322.6,-36.73,True,Active,zain,Forward,Normal,1: Walking
1787666185.84488,13990,Person 33,-1132.1,1107.8,560.0,1254.74,-33.85,True,Active,zain,Forward,Normal,1: Walking
1787666185.9336123,13991,Person 33,-1042.8,1095.5,320.0,1192.11,-30.61,True,Active,zain,Forward,Normal,1: Walking
1787666186.0224233,13992,Person 33,-951.3,1082.6,320.0,1142.28,-27.31,True,Active,zain,Forward,Normal,1: Walking
1787666186.1111126,13993,Person 33,-855.6,1068.9,-80.0,1090.64,-22.99,True,Active,zain,Forward,Normal,1: Walking
1787666186.2001495,13994,Person 33,-755.7,1054.8,-80.0,1045.19,-17.83,True,Active,zain,Forward,Normal,1: Walking
1787666186.2892494,13995,Person 33,-656.6,1041.4,-160.0,1013.17,-12.54,True,Active,zain,Forward,Normal,1: Walking
1787666186.3784995,13996,Person 33,-559.5,1029.4,-240.0,998.04,-7.72,True,Active,zain,Forward,Normal,1: Walking
1787666186.467217,13997,Person 33,-464.9,1018.6,-390.0,988.03,-2.61,True,Active,zain,Forward,Normal,1: Walking
1787666186.556008,13998,Person 33,-373.2,1009.8,-320.0,991.58,1.96,True,Active,zain,Forward,Normal,1: Walking
1787666186.6449995,13999,Person 33,-283.6,1002.7,-240.0,994.56,6.06,True,Active,zain,Forward,Normal,1: Walking
1787666186.7344296,14000,Person 33,-196.5,997.2,-240.0,1001.87,9.89,True,Active,zain,Forward,Normal,1: Walking
1787666186.8236177,14001,Person 33,-113.1,992.6,-240.0,1005.95,13.04,True,Active,zain,Forward,Normal,1: Walking
1787666186.9123354,14002,Person 33,-32.9,988.7,-320.0,1014.82,15.9,True,Active,zain,Forward,Normal,1: Walking
1787666187.0014794,14003,Person 33,42.1,985.7,-390.0,1026.48,18.4,True,Active,zain,Forward,Normal,1: Walking
1787666187.089919,14004,Person 33,111.2,983.3,-320.0,1039.46,20.91,True,Active,zain,Forward,Normal,1: Walking
1787666187.1791637,14005,Person 33,175.0,980.9,-390.0,1051.64,23.42,True,Active,zain,Forward,Normal,1: Walking
1787666187.268102,14006,Person 33,234.4,977.9,-390.0,1063.62,25.63,True,Active,zain,Forward,Normal,1: Walking
1787666187.357254,14007,Person 33,288.3,975.5,-80.0,1082.31,27.16,True,Active,zain,Forward,Normal,1: Walking
1787666187.4466245,14008,Person 33,337.3,973.9,-160.0,1106.89,28.26,True,Active,zain,Forward,Normal,1: Walking
1787666187.5349164,14009,Person 33,381.3,973.8,-80.0,1128.35,28.88,True,Active,zain,Forward,Normal,1: Walking
1787666187.624299,14010,Person 33,419.1,975.9,80.0,1148.29,28.62,True,Active,zain,Forward,Normal,1: Walking
1787666187.7133696,14011,Person 33,450.9,979.7,80.0,1154.71,28.16,True,Active,zain,Forward,Normal,1: Walking
1787666187.8023353,14012,Person 33,476.7,985.2,80.0,1162.01,27.47,True,Active,zain,Forward,Normal,1: Walking
1787666187.891755,14013,Person 33,497.8,992.3,160.0,1173.99,27.11,True,Active,zain,Forward,Normal,1: Walking
1787666187.9795516,14014,Person 33,515.0,1000.8,80.0,1187.43,27.21,True,Active,zain,Forward,Normal,1: Walking
1787666188.0700464,14015,Person 33,527.7,1010.7,80.0,1195.46,27.12,True,Active,zain,Forward,Normal,1: Walking
1787666188.1582327,14016,Person 33,536.2,1021.8,80.0,1200.8,26.99,True,Active,zain,Forward,Normal,1: Walking
1787666188.247392,14017,Person 33,541.0,1033.2,80.0,1205.69,26.71,True,Active,zain,Forward,Normal,1: Walking
1787666188.3377454,14018,Person 33,543.1,1044.6,-80.0,1217.76,26.59,True,Active,zain,Forward,Normal,1: Walking
1787666188.424939,14019,Person 33,543.1,1055.8,-80.0,1227.61,26.36,True,Active,zain,Forward,Normal,1: Walking
1787666188.513855,14020,Person 33,542.5,1066.2,-160.0,1237.93,26.07,True,Active,zain,Forward,Normal,1: Walking
1787666188.6033893,14021,Person 33,542.5,1075.8,-160.0,1240.17,26.07,True,Active,zain,Forward,Normal,1: Walking
1787666188.691666,14022,Person 33,543.1,1084.0,0.0,1237.96,25.96,True,Active,zain,Forward,Normal,1: Walking
1787666188.7815475,14023,Person 33,543.5,1090.6,80.0,1234.84,25.88,True,Active,zain,Forward,Normal,1: Walking
1787666188.8700032,14024,Person 33,542.8,1095.7,160.0,1229.94,25.84,True,Active,zain,Forward,Normal,1: Walking
1787666188.9584916,14025,Person 33,541.6,1100.0,240.0,1228.63,25.71,True,Active,zain,Forward,Normal,1: Walking
1787666189.047758,14026,Person 33,539.8,1103.9,320.0,1227.85,25.42,True,Active,zain,Forward,Normal,1: Walking
1787666189.136877,14027,Person 33,537.7,1107.2,320.0,1226.19,25.14,True,Active,zain,Forward,Normal,1: Walking
1787666189.2275336,14028,Person 33,534.4,1109.5,240.0,1224.21,24.72,True,Active,zain,Forward,Normal,1: Walking
1787666189.3150902,14029,Person 33,530.1,1110.9,80.0,1221.88,24.26,True,Active,zain,Forward,Normal,1: Walking
1787666189.4042182,14030,Person 33,524.6,1111.4,80.0,1219.35,23.64,True,Active,zain,Forward,Normal,1: Walking
1787666189.494239,14031,Person 33,515.9,1112.5,-160.0,1214.66,22.15,True,Active,zain,Forward,Normal,1: Walking
1787666189.581467,14032,Person 33,504.4,1114.6,-320.0,1211.73,20.63,True,Active,zain,Forward,Normal,1: Walking
1787666189.6703408,14033,Person 33,489.8,1119.0,-480.0,1220.03,18.79,True,Active,zain,Forward,Normal,1: Walking
1787666189.759996,14034,Person 33,472.5,1126.3,-640.0,1234.57,17.1,True,Active,zain,Forward,Normal,1: Walking
1787666189.848832,14035,Person 33,452.8,1136.6,-640.0,1255.79,15.52,True,Active,zain,Forward,Normal,1: Walking
1787666189.938029,14036,Person 33,430.5,1149.3,-1040.0,1272.84,13.82,True,Active,zain,Forward,Normal,1: Walking
1787666190.0268407,14037,Person 33,407.0,1164.3,-1120.0,1292.05,12.79,True,Active,zain,Forward,Normal,1: Walking
1787666190.115527,14038,Person 33,383.1,1181.2,-1120.0,1309.77,12.03,True,Active,zain,Forward,Normal,6: Fall onset
1787666190.2046192,14039,Person 33,361.0,1200.2,-1120.0,1333.93,12.16,True,Active,zain,Forward,Normal,6: Fall onset
1787666190.2942505,14040,Person 33,342.6,1222.3,-1520.0,1372.32,12.84,True,Active,zain,Forward,Normal,6: Fall onset
1787666190.3843997,14041,Person 33,329.7,1248.3,-1440.0,1423.54,13.36,True,Active,zain,Forward,Normal,6: Fall onset
1787666190.4718838,14042,Person 33,325.3,1283.4,-1440.0,1533.6,14.46,True,Active,zain,Forward,Normal,6: Fall onset
1787666190.560641,14043,Person 33,329.7,1326.0,-1440.0,1640.28,15.45,True,Active,zain,Forward,Normal,6: Fall onset
1787666190.6501408,14044,Person 33,341.0,1377.2,-2320.0,1757.68,15.71,True,Active,zain,Forward,Normal,6: Fall onset
1787666190.7385554,14045,Person 33,358.5,1436.3,-2320.0,1872.09,15.84,True,Active,zain,Forward,Normal,6: Fall onset
1787666190.829319,14046,Person 33,382.2,1502.9,-2320.0,1977.44,15.88,True,Active,zain,Forward,Normal,6: Fall onset
1787666190.9164891,14047,Person 33,410.3,1576.2,-2320.0,2072.09,15.88,True,Active,zain,Forward,Normal,6: Fall onset
1787666191.0054257,14048,Person 33,442.0,1655.5,-2320.0,2156.29,15.88,True,Active,zain,Forward,Normal,6: Fall onset
1787666191.094725,14049,Person 33,474.7,1739.4,-2320.0,2227.58,15.84,True,Active,zain,Forward,Normal,6: Fall onset
1787666191.1837516,14050,Person 33,506.6,1825.9,-2320.0,2289.67,15.81,True,Active,zain,Forward,Normal,6: Fall onset
1787666191.272416,14051,Person 33,537.4,1912.8,-2320.0,2342.28,15.78,True,Active,zain,Forward,Normal,6: Fall onset
1787666191.3618429,14052,Person 33,563.9,1994.0,-2320.0,2386.65,15.75,True,Active,zain,Forward,Normal,6: Fall onset
1787666191.450402,14053,Person 33,585.5,2067.5,-2320.0,2406.3,15.75,True,Active,zain,Forward,Normal,6: Fall onset
1787666191.5398114,14054,Person 33,603.6,2131.6,-2320.0,2423.74,15.73,True,Active,zain,Forward,Normal,6: Fall onset
1787666191.6284578,14055,Person 33,618.6,2186.4,-2320.0,2440.23,15.72,True,Active,zain,Forward,Normal,6: Fall onset
1787666191.72164,14056,Person 33,631.0,2232.5,-2320.0,2454.79,15.72,True,Active,zain,Forward,Normal,6: Fall onset
1787666191.808158,14057,Person 33,641.1,2270.7,-2320.0,2467.15,15.71,True,Active,zain,Forward,Normal,6: Fall onset
1787666191.8962662,14058,Person 33,649.2,2302.0,-2320.0,2479.52,15.7,True,Active,zain,Forward,Normal,6: Fall onset
1787666191.984512,14059,Person 33,655.7,2327.4,-2320.0,2489.69,15.68,True,Active,zain,Forward,Normal,6: Fall onset
1787666192.075451,14060,Person 33,655.7,2327.4,-2320.0,2489.69,15.68,True,Predicted,zain,Forward,Normal,6: Fall onset
1787666192.1621711,14061,Person 33,655.7,2327.4,-2320.0,2489.69,15.68,True,Predicted,zain,Forward,Normal,6: Fall onset
1787666192.2512927,14062,Person 33,655.7,2327.4,-2320.0,2489.69,15.68,True,Predicted,zain,Forward,Normal,6: Fall onset
1787666192.3424325,14063,Person 33,655.7,2327.4,-2320.0,2489.69,15.68,True,Predicted,zain,Forward,Normal,6: Fall onset
1787666192.4291482,14064,Person 33,655.7,2327.4,-2320.0,2489.69,15.68,True,Predicted,zain,Forward,Normal,7: Post-fall stillness
1787666192.5187888,14065,Person 33,655.7,2327.4,-2320.0,2489.69,15.68,True,Predicted,zain,Forward,Normal,7: Post-fall stillness
1787666192.6177752,14066,Person 33,655.7,2327.4,-2320.0,2489.69,15.68,True,Predicted,zain,Forward,Normal,7: Post-fall stillness
1787666192.6963754,14067,Person 33,655.7,2327.4,-2320.0,2489.69,15.68,True,Predicted,zain,Forward,Normal,7: Post-fall stillness
1787666192.7862926,14068,Person 33,655.7,2327.4,-2320.0,2489.69,15.68,True,Predicted,zain,Forward,Normal,7: Post-fall stillness
1787666192.8775704,14069,Person 33,655.7,2327.4,-2320.0,2489.69,15.68,True,Predicted,zain,Forward,Normal,7: Post-fall stillness
1787666192.9659104,14070,Person 33,655.7,2327.4,-2320.0,2489.69,15.68,True,Predicted,zain,Forward,Normal,7: Post-fall stillness
1787666193.0522504,14071,Person 33,655.7,2327.4,-2320.0,2489.69,15.68,True,Predicted,zain,Forward,Normal,7: Post-fall stillness
1787666193.1408598,14072,Person 33,655.7,2327.4,-2320.0,2489.69,15.68,True,Predicted,zain,Forward,Normal,7: Post-fall stillness
1787666193.2306888,14073,Person 33,655.7,2327.4,-2320.0,2489.69,15.68,True,Predicted,zain,Forward,Normal,7: Post-fall stillness
1787666193.318814,14074,Person 33,655.7,2327.4,-2320.0,2489.69,15.68,True,Predicted,zain,Forward,Normal,7: Post-fall stillness
1787666193.4090528,14075,Person 33,655.7,2327.4,-2320.0,2489.69,15.68,True,Searching,zain,Forward,Normal,7: Post-fall stillness
1787666193.4972465,14076,Person 33,655.7,2327.4,-2320.0,2489.69,15.68,True,Searching,zain,Forward,Normal,7: Post-fall stillness
1787666193.585763,14077,Person 33,655.7,2327.4,-2320.0,2489.69,15.68,True,Searching,zain,Forward,Normal,7: Post-fall stillness
1787666193.6750858,14078,Person 33,655.7,2327.4,-2320.0,2489.69,15.68,True,Searching,zain,Forward,Normal,7: Post-fall stillness
1787666193.764128,14079,Person 33,655.7,2327.4,-2320.0,2489.69,15.68,True,Searching,zain,Forward,Normal,7: Post-fall stillness
1787666193.8530867,14080,Person 33,655.7,2327.4,-2320.0,2489.69,15.68,True,Searching,zain,Forward,Normal,7: Post-fall stillness
1787666193.9423225,14081,Person 33,655.7,2327.4,-2320.0,2489.69,15.68,True,Searching,zain,Forward,Normal,7: Post-fall stillness
1787666194.0310647,14082,Person 33,655.7,2327.4,-2320.0,2489.69,15.68,True,Searching,zain,Forward,Normal,7: Post-fall stillness
1787666194.1207662,14083,Person 33,655.7,2327.4,-2320.0,2489.69,15.68,True,Searching,zain,Forward,Normal,7: Post-fall stillness
1787666194.209156,14084,Person 33,655.7,2327.4,-2320.0,2489.69,15.68,True,Searching,zain,Forward,Normal,7: Post-fall stillness
1787666194.2982328,14085,Person 33,655.7,2327.4,-2320.0,2489.69,15.68,True,Searching,zain,Forward,Normal,7: Post-fall stillness
1787666194.3868654,14086,Person 33,655.7,2327.4,-2320.0,2489.69,15.68,True,Searching,zain,Forward,Normal,7: Post-fall stillness
1787666194.4761682,14087,Person 33,655.7,2327.4,-2320.0,2489.69,15.68,True,Searching,zain,Forward,Normal,7: Post-fall stillness
1787666194.5656755,14088,Person 33,655.7,2327.4,-2320.0,2489.69,15.68,True,Searching,zain,Forward,Normal,7: Post-fall stillness
1787666194.6540532,14089,Person 33,655.7,2327.4,-2320.0,2489.69,15.68,True,Searching,zain,Forward,Normal,7: Post-fall stillness
1787666194.7430377,14090,Person 33,655.7,2327.4,-2320.0,2489.69,15.68,True,Searching,zain,Forward,Normal,7: Post-fall stillness
1787666194.8319097,14091,Person 33,655.7,2327.4,-2320.0,2489.69,15.68,True,Searching,zain,Forward,Normal,7: Post-fall stillness
1787666194.9211414,14092,Person 33,655.7,2327.4,-2320.0,2489.69,15.68,True,Searching,zain,Forward,Normal,7: Post-fall stillness
1787666195.010028,14093,Person 33,655.7,2327.4,-2320.0,2489.69,15.68,True,Searching,zain,Forward,Normal,7: Post-fall stillness
1787666195.0988631,14094,Person 33,655.7,2327.4,-2320.0,2489.69,15.68,True,Searching,zain,Forward,Normal,7: Post-fall stillness
1787666195.1879692,14095,Person 33,655.7,2327.4,-2320.0,2489.69,15.68,True,Searching,zain,Forward,Normal,7: Post-fall stillness
1787666195.2766745,14096,Person 33,655.7,2327.4,-2320.0,2489.69,15.68,True,Searching,zain,Forward,Normal,7: Post-fall stillness
1787666195.3654668,14097,Person 33,655.7,2327.4,-2320.0,2489.69,15.68,True,Searching,zain,Forward,Normal,7: Post-fall stillness
1787666195.4549696,14098,Person 33,655.7,2327.4,-2320.0,2489.69,15.68,True,Searching,zain,Forward,Normal,7: Post-fall stillness
1787666195.5436034,14099,Person 33,655.7,2327.4,-2320.0,2489.69,15.68,True,Searching,zain,Forward,Normal,7: Post-fall stillness
1787666195.6327074,14100,Person 33,655.7,2327.4,-2320.0,2489.69,15.68,True,Searching,zain,Forward,Normal,7: Post-fall stillness
1787666195.7223582,14101,Person 33,655.7,2327.4,-2320.0,2489.69,15.68,True,Searching,zain,Forward,Normal,7: Post-fall stillness
1787666195.810777,14102,Person 33,655.7,2327.4,-2320.0,2489.69,15.68,True,Searching,zain,Forward,Normal,7: Post-fall stillness
